"samples"	"habitat_otu_prop"
1	0.13496583143508
1	0.181765724177726
1	0.137152777777778
1	0.137021716649431
1	0.1437578814628
1	0.132128740824393
1	0.161757105943152
1	0.214519293655984
1	0.151943462897526
1	0.171717171717172
1	0.116267708842208
1	0.203252032520325
1	0.14390243902439
1	0.14390243902439
1	0.159379407616361
1	0.148796498905908
1	0.199513381995134
1	0
1	0.175738171469228
1	0.13015618742491
1	0.139883833494676
1	0.168072680077872
1	0.176824034334764
1	0.10171058714748
1	0.14379622021364
1	0.201732673267327
1	0.13533107781537
1	0.148208469055375
1	0.162404092071611
1	0.10048309178744
1	0.146777281429483
1	0.152866242038217
1	0.14722536806342
1	0.11441647597254
1	0.134513274336283
1	0.134273451870018
1	0.12620320855615
1	0.140877598152425
1	0.151070336391437
1	0.11705069124424
1	0.112560054907344
1	0.171717171717172
1	0.154246100519931
1	0.208071748878924
1	0.126666666666667
1	0.0982857142857143
1	0.186475409836066
1	0.178630136986301
1	0.103181818181818
1	0
1	0.130241736556487
1	0.297029702970297
1	0.148
1	0
1	0.143575418994413
1	0.127823691460055
1	0.176392572944297
1	0.148208469055375
1	0.127823691460055
1	0.168
1	0.139664804469274
1	0.160311603116031
1	0.186102236421725
1	0.104211277658815
1	0.119241192411924
1	0.140971488912355
1	0.112710674157303
1	0.139261063743402
1	0.186475409836066
1	0.166860465116279
1	0.147142048670062
1	0.16258570029383
1	0.162404092071611
1	0.14481546572935
1	0.1437578814628
1	0.168
1	0.167391304347826
1	0.167438271604938
1	0.160311603116031
1	0.136696501220504
1	0.149477510222626
1	0.105835806132542
1	0.168641750227894
1	0.162359178263751
1	0.138697318007663
1	0.112560054907344
1	0.13015618742491
1	0.129709364908504
1	0.178630136986301
1	0.297029702970297
1	0.159022329511165
1	0.148
1	0.120173535791757
1	0.121128699242946
1	0.123533471359558
1	0.123533471359558
1	0
1	0.130053394355454
1	0.129709364908504
1	0.129874315178859
2	0.132330827067669
2	0.157730496453901
2	0.137228862328464
2	0.109826589595376
2	0.169177787343952
2	0.147494484714781
2	0.183841714756801
2	0.157127071823204
2	0.19325328759291
2	0.156953796145809
2	0.141785044224069
2	0.144216133942161
2	0.1239328008813
2	0.132081476766391
2	0.178448005026704
2	0.128539768529919
2	0.15088161209068
2	0.175389408099688
2	0.148927219183845
2	0.14750671842341
2	0.12326252294781
2	0.145316455696203
2	0.169045619927232
2	0.151864406779661
2	0.118504261754193
2	0.139457523029683
2	0.143098710632002
2	0.150087260034904
2	0.143921334922527
2	0.143062544931704
2	0.152624894157494
2	0.146176185866409
2	0.179640718562874
2	0.140278917145201
2	0.126341866226259
2	0.161852361302155
2	0.166407465007776
2	0.126760563380282
2	0.122088127982038
2	0.150162045372704
2	0.12621359223301
2	0.144121813031161
2	0.137393422655298
2	0.141996830427892
2	0.142964071856287
2	0.157129000969932
2	0.119114688128773
2	0.136498516320475
2	0.151772341487768
2	0.118943860548577
2	0.146103896103896
2	0.153076923076923
2	0.143893308376228
2	0.125088339222615
2	0.0976855003403676
2	0.13425789318383
2	0.16726403823178
2	0.143614670790985
2	0.125285388127854
2	0.124530876833845
2	0.145539906103286
2	0.15265760197775
2	0.109467455621302
2	0.170212765957447
2	0.127448486390231
2	0.142227446370849
2	0.148995148995149
2	0.127246057939127
2	0.151614221495709
2	0.146797793235788
2	0.165813060179257
2	0.17573051948052
2	0.133533904188845
2	0.139048991354467
2	0.152452619843924
2	0.140255009107468
2	0.140492828245679
2	0.144629780309194
2	0.146718146718147
2	0.130485893416928
2	0.166617603768031
2	0.176339285714286
2	0.140908021641967
2	0.154941860465116
2	0.13641488162345
2	0.104919815167165
2	0.155967450271248
2	0.152591170825336
2	0.125967628430683
2	0.182974559686888
2	0.145931984502798
2	0.199027310138421
2	0.117253521126761
2	0.133673903788846
2	0.104108047270681
2	0.118848653667595
2	0.148177920685959
2	0.154710458081245
2	0.139300346675071
2	0.168441432720232
3	0.128481012658228
3	0.13332174517643
3	0.149116607773852
3	0.13014690668322
3	0.146734333627538
3	0.135236447520185
3	0.153827341648325
3	0.164428610578241
3	0.151323230038453
3	0.151807980049875
3	0.148090107737512
3	0.132277309195639
3	0.105806703039751
3	0.129196113074205
3	0.131615598885794
3	0.136749449858535
3	0.118874088967077
3	0.156049593843523
3	0.15063233965673
3	0.141141695917236
3	0.129690585911784
3	0.132522508292529
3	0.169797859690844
3	0.131917532165556
3	0.123573615363206
3	0.14496833216045
3	0.138621637541724
3	0.142735588172729
3	0.108185279187817
3	0.110078174519332
3	0.145054475539415
3	0.142315709683532
3	0.166609175577785
3	0.128156960968483
3	0.156420984872868
3	0.13905557004957
3	0.138611562572556
3	0.141720629047179
3	0.135234816818294
3	0.13197172034564
3	0.129007921539042
3	0.145419756039225
3	0.14919113241462
3	0.146461538461538
3	0.127757190753485
3	0.14520202020202
3	0.124815205913411
3	0.139978791092259
3	0.16626213592233
3	0.140493886358187
3	0.140794223826715
3	0.14520202020202
3	0.133480284104825
3	0.124334336652003
3	0.133925521011274
3	0.124812352562728
3	0.125406107862248
3	0.13597298956415
3	0.148947368421053
3	0.144799456152277
3	0.15
3	0.138696939782823
3	0.142203659506762
3	0.147158814958718
3	0.130705856156758
3	0.131592164741336
3	0.146093584586068
3	0.127065893968663
3	0.1203132415757
3	0.175601519628535
3	0.143932038834951
3	0.143787808282922
3	0.140220456293258
3	0.142821031344793
3	0.130924630924631
3	0.140689219095795
3	0.14951871657754
3	0.12258177981006
3	0.153846153846154
3	0.133660933660934
3	0.155066878258898
3	0.166468135795116
3	0.144063819802909
3	0.13990988854636
3	0.122956180510137
3	0.14529582929195
3	0.137742850905916
3	0.148550724637681
3	0.136048210372535
3	0.151486550259556
3	0.138799469797387
3	0.160313315926893
3	0.130471810594447
3	0.149509187012333
3	0.141371626640257
3	0.129981378026071
3	0.154468802698145
3	0.151936444885799
3	0.128612257859638
3	0.144831251660909
4	0.118863049095607
4	0.149680170575693
4	0.126320064987815
4	0.132103442595948
4	0.149080560420315
4	0.145604395604396
4	0.152879901960784
4	0.134975622273544
4	0.157810839532412
4	0.109130913091309
4	0.166729821902236
4	0.131959448230015
4	0.138278931750742
4	0.140918751021743
4	0.124457034938621
4	0.16148445336008
4	0.124944320712695
4	0.127330508474576
4	0.140373265273568
4	0.129656983423601
4	0.116765285996055
4	0.137222527976518
4	0.12865880297073
4	0.128839590443686
4	0.115804461319411
4	0.143807474075523
4	0.138163736458888
4	0.141319240555882
4	0.123580714168175
4	0.126329539093114
4	0.15600624024961
4	0.113309630545679
4	0.142348754448399
4	0.145629307217991
4	0.151832460732984
4	0.118033368832091
4	0.118400252924439
4	0.13722957701001
4	0.160195570894449
4	0.142908632185979
4	0.149650877524061
4	0.127146361406378
4	0.134524292867776
4	0.152040816326531
4	0.156423611111111
4	0.139739314943922
4	0.13118352186392
4	0.140163642831732
4	0.147802286266302
4	0.132329287907589
4	0.13785291042175
4	0.121784232365145
4	0.143413729128015
4	0.135236541598695
4	0.158534526422421
4	0.142656112576957
4	0.133809678467035
4	0.137914347931285
4	0.1414977244518
4	0.138824439288476
4	0.132842836705498
4	0.138525155065472
4	0.143150966680378
4	0.142911010558069
4	0.141142857142857
4	0.139027086788281
4	0.118849618849619
4	0.14460839954597
4	0.156395168782905
4	0.13695038321904
4	0.140247879973907
4	0.13285175879397
4	0.148705096073517
4	0.146145209580838
4	0.11841155234657
4	0.11724748966332
4	0.132244467860906
4	0.131755102040816
4	0.136534378572595
4	0.131265664160401
4	0.111456391133209
4	0.123505395158938
4	0.135724585436193
4	0.120839636913767
4	0.158865799184308
4	0.148563419761738
4	0.129086538461538
4	0.139865370231862
4	0.139127505474145
4	0.160323341192321
4	0.154222451081359
4	0.128776978417266
4	0.132440745431518
4	0.130642591609134
4	0.132280776616172
4	0.118885448916409
4	0.150225534418513
4	0.13159111933395
4	0.138121546961326
4	0.138633144475921
5	0.134744214372716
5	0.119918321886022
5	0.144897959183673
5	0.139646017699115
5	0.131006079623456
5	0.141651031894934
5	0.128513429106808
5	0.12148178807947
5	0.110550954267195
5	0.133477035317526
5	0.139490909090909
5	0.12636815920398
5	0.127943984723106
5	0.129556342428661
5	0.132387706855792
5	0.138325341202508
5	0.13818359375
5	0.123944393919709
5	0.122952204019591
5	0.129879768442927
5	0.135193489453579
5	0.120541401273885
5	0.133163698049194
5	0.148960573476702
5	0.134362307067425
5	0.135906714917571
5	0.130677942981858
5	0.134768451519537
5	0.129401993355482
5	0.121240310077519
5	0.124729031182258
5	0.144490035169988
5	0.12293524338547
5	0.142055419151175
5	0.128919250306534
5	0.123843222645618
5	0.127703540432566
5	0.121743249644718
5	0.132406602953953
5	0.145335129673291
5	0.122421116504854
5	0.144153487166191
5	0.116897248562102
5	0.15394862036156
5	0.132301947185916
5	0.128342245989305
5	0.122214604045252
5	0.124122479462285
5	0.12783595113438
5	0.131489424641325
5	0.142239048134127
5	0.133889496717724
5	0.156875834445928
5	0.134930643127364
5	0.143266475644699
5	0.122087298982606
5	0.143263899295669
5	0.127673259366458
5	0.147625958946714
5	0.121562245728234
5	0.112672098904187
5	0.125536992840095
5	0.130709657025447
5	0.143553629469122
5	0.138309352517986
5	0.132802605391713
5	0.140744518103009
5	0.131333721607455
5	0.132537434237151
5	0.128931364031277
5	0.129506520071593
5	0.130319690490735
5	0.135061017413959
5	0.140113658632177
5	0.129874164983688
5	0.135101597642314
5	0.12652691901674
5	0.128831076265146
5	0.125444110412681
5	0.132865875584322
5	0.135855802174885
5	0.132502055357632
5	0.144021185577511
5	0.124852767962309
5	0.121455499098508
5	0.128586387434555
5	0.135261194029851
5	0.162099494097808
5	0.123398516520566
5	0.146730709637434
5	0.123669380087664
5	0.112963369159903
5	0.127128596594245
5	0.128477415495064
5	0.12931329005808
5	0.140018231540565
5	0.135478946698893
5	0.142914251449131
5	0.12874251497006
5	0.136398823347267
6	0.126745435016112
6	0.127673363577447
6	0.14238592633315
6	0.133932518049212
6	0.13117816091954
6	0.133574490889603
6	0.125410374261326
6	0.124184988627748
6	0.124196330562961
6	0.128582739509105
6	0.125796178343949
6	0.127840444662416
6	0.1201393728223
6	0.131505955294502
6	0.122774869109948
6	0.131799441415082
6	0.147614593077643
6	0.127019416036757
6	0.141610087293889
6	0.124701099952176
6	0.137999693674376
6	0.146921137918617
6	0.123907376169299
6	0.134301014656144
6	0.136744517739347
6	0.131625
6	0.130662260773785
6	0.127813981042654
6	0.14009009009009
6	0.143876535014935
6	0.131738489267573
6	0.153240740740741
6	0.135874360331745
6	0.135531739488871
6	0.1272572159818
6	0.134293161226263
6	0.139516635279347
6	0.12649063032368
6	0.134305682163476
6	0.134140376620201
6	0.143425163305879
6	0.131692766592095
6	0.126312917746556
6	0.141627946997075
6	0.127055090856648
6	0.147698894042098
6	0.121082794781124
6	0.133761519128735
6	0.148506860371267
6	0.130555555555556
6	0.14333722969024
6	0.114342568498393
6	0.141783730806926
6	0.146638054363376
6	0.14016433059449
6	0.127342256214149
6	0.125176169122357
6	0.127605633802817
6	0.132876483369547
6	0.119507908611599
6	0.136914249282754
6	0.13091641490433
6	0.132689374682257
6	0.128283712784588
6	0.12522741055185
6	0.14065180102916
6	0.121003836317136
6	0.114172741875695
6	0.125718981101068
6	0.127240143369176
6	0.126723816623183
6	0.135853066180935
6	0.134901672486675
6	0.148573200992556
6	0.144291451520367
6	0.150379506641366
6	0.131625871291944
6	0.142162425028368
6	0.139112903225806
6	0.134232760970292
6	0.129433320246041
6	0.126470588235294
6	0.117148906139732
6	0.132269449133037
6	0.124308865586273
6	0.126373626373626
6	0.121968616262482
6	0.134975136159129
6	0.133745132268027
6	0.119183799659917
6	0.126036484245439
6	0.129786110377608
6	0.12247454972592
6	0.145648053652136
6	0.123866580310881
6	0.125
6	0.131732840874115
6	0.135727611940299
6	0.127747035573123
6	0.128933645027873
7	0.132188563097359
7	0.131632308212234
7	0.136130885475209
7	0.134916492693111
7	0.112831277879822
7	0.130893379082476
7	0.118503755940518
7	0.1286440224659
7	0.125332214295706
7	0.123387318144386
7	0.128762296285421
7	0.137001246882793
7	0.124167283493708
7	0.133857218966436
7	0.119348054679285
7	0.120502668273369
7	0.142250196695515
7	0.122516556291391
7	0.130701993990713
7	0.118437118437118
7	0.117441860465116
7	0.132910573314352
7	0.132120489114226
7	0.116026490066225
7	0.134998253580161
7	0.143
7	0.119533892995865
7	0.132801925101519
7	0.127184007555486
7	0.15089605734767
7	0.126032723149198
7	0.125226860254083
7	0.133984647592463
7	0.131087719298246
7	0.128257328990228
7	0.121422115094908
7	0.135873956369513
7	0.132845038058308
7	0.129028275095691
7	0.124547227640011
7	0.117674490906265
7	0.130882563295666
7	0.136119402985075
7	0.128425490514026
7	0.147920792079208
7	0.13208423660576
7	0.138675340035482
7	0.124733626935644
7	0.135125448028674
7	0.127619760479042
7	0.142726858185135
7	0.129287959546262
7	0.124
7	0.145344705046198
7	0.132534584980237
7	0.119360079990001
7	0.125567322239032
7	0.124054982817869
7	0.129735208412517
7	0.134870164281929
7	0.127996221513756
7	0.128258845437616
7	0.131744659834547
7	0.13909418230055
7	0.129687288479762
7	0.128899710850708
7	0.133410973084886
7	0.122682245364491
7	0.137547649301144
7	0.131499242806663
7	0.11758865248227
7	0.125669957686883
7	0.132137676381379
7	0.133986928104575
7	0.12673835125448
7	0.136805344670513
7	0.150322841000807
7	0.124655747209741
7	0.1202778983934
7	0.124484384207425
7	0.13306802636488
7	0.135502210991788
7	0.12458671475804
7	0.143031146685227
7	0.141293808006649
7	0.127293874386146
7	0.117927567985565
7	0.120759338640539
7	0.120168657765285
7	0.118671620993962
7	0.125131563559818
7	0.125318542947084
7	0.126686831084225
7	0.13370253164557
7	0.125188764723648
7	0.136536414778775
7	0.123361218629042
7	0.135833224072374
7	0.124924012158055
7	0.123174752708431
8	0.123262279888786
8	0.133067113229422
8	0.136876215165262
8	0.130062680810029
8	0.120310633213859
8	0.136269870161388
8	0.128607656080184
8	0.12495346817223
8	0.144539614561028
8	0.132930885795245
8	0.1286430960344
8	0.129725382052166
8	0.128286758636953
8	0.130075625363583
8	0.118391989397732
8	0.133316782522344
8	0.12249502322495
8	0.12985770656463
8	0.126805213103205
8	0.139388489208633
8	0.145494713586871
8	0.125521953688473
8	0.12594297404424
8	0.129531051964512
8	0.137021276595745
8	0.121331058020478
8	0.123573444594429
8	0.130020656414964
8	0.126110595411749
8	0.134414049307666
8	0.122758820127241
8	0.125033112582781
8	0.133424563804311
8	0.11721138020221
8	0.130308479734403
8	0.123731107602075
8	0.127002126151665
8	0.131713900134953
8	0.131782052758899
8	0.128133379969686
8	0.126782273603083
8	0.124965930771327
8	0.131120527306968
8	0.13421492628059
8	0.130643228126249
8	0.130220820189274
8	0.124856082896252
8	0.132159714249266
8	0.129898218829517
8	0.129013651220919
8	0.128811524609844
8	0.136407649479545
8	0.137281625573039
8	0.132706498452749
8	0.138449612403101
8	0.127129103924957
8	0.129426915647135
8	0.132301287888643
8	0.120729995320543
8	0.144265697976129
8	0.118703393699589
8	0.130502392344498
8	0.127968977217644
8	0.12142296038604
8	0.123448369935889
8	0.128645495787427
8	0.120854412591343
8	0.134384023099134
8	0.12462079844679
8	0.124836772003134
8	0.136629266012155
8	0.114388059701493
8	0.126430205949657
8	0.13018225515722
8	0.136968469771478
8	0.126825417708196
8	0.131787032156036
8	0.140298507462687
8	0.127465682316299
8	0.121590432228284
8	0.130137779321524
8	0.128247162673392
8	0.129069599189698
8	0.135325406758448
8	0.126413522199738
8	0.138248847926267
8	0.122905027932961
8	0.126101774591609
8	0.120521172638436
8	0.138309922972361
8	0.122265913000737
8	0.134271099744246
8	0.136790275426989
8	0.137874383925186
8	0.12832985869817
8	0.127480371163455
8	0.130975284889744
8	0.123408965135584
8	0.122106403140652
8	0.120154555652499
9	0.131221719457014
9	0.124433002329288
9	0.123692307692308
9	0.111262798634812
9	0.130192962542565
9	0.132165206508135
9	0.136023916292975
9	0.122873345935728
9	0.136836489730595
9	0.127049650269465
9	0.129665786149075
9	0.128764884426804
9	0.122232814320517
9	0.127093954843409
9	0.117416829745597
9	0.127082119976704
9	0.134849938330821
9	0.119154676258993
9	0.127219348525094
9	0.129771954138843
9	0.119330453563715
9	0.123085983510012
9	0.12092678798138
9	0.138370266969115
9	0.126792655140062
9	0.128346791330217
9	0.124505692031156
9	0.12996431449292
9	0.13054457619675
9	0.128929068150209
9	0.131544841886988
9	0.135138776610078
9	0.137050227188997
9	0.129958360727592
9	0.12015358681401
9	0.131318394997394
9	0.134040611453342
9	0.129181569535031
9	0.115013692106203
9	0.128218465539662
9	0.123038085830315
9	0.130911033930003
9	0.121489001692047
9	0.130188484910907
9	0.134089228493961
9	0.143619097177052
9	0.126606153483437
9	0.132635467980296
9	0.120405890360104
9	0.123709976184176
9	0.12991873396065
9	0.126644736842105
9	0.115525804361909
9	0.13157567466733
9	0.125638406537283
9	0.124877089478859
9	0.128294111267758
9	0.127913206536298
9	0.135502597005805
9	0.128086253369272
9	0.123261117445838
9	0.121907129137951
9	0.114479991082377
9	0.136197636949517
9	0.132027148162377
9	0.136471604405096
9	0.126678215677783
9	0.129217921227852
9	0.139052189562088
9	0.115111213024536
9	0.139253949289792
9	0.139045146401269
9	0.13211334120425
9	0.117259241817754
9	0.128459375462483
9	0.125924004668655
9	0.13270911360799
9	0.13115261582912
9	0.13506588579795
9	0.133862578702436
9	0.132865379794435
9	0.121063240110859
9	0.127702542171537
9	0.125172817186004
9	0.12893151907205
9	0.125646923519264
9	0.126691866845507
9	0.132527319228086
9	0.125730310820285
9	0.127205199628598
9	0.135545023696682
9	0.125034013605442
9	0.128595988538682
9	0.133112582781457
9	0.121993339089676
9	0.12515923566879
9	0.12924944812362
9	0.117163759144626
9	0.123803278688525
9	0.131002153807171
10	0.132932460002148
10	0.122462787550744
10	0.131369738042487
10	0.118362831858407
10	0.140064667842446
10	0.124660926996108
10	0.123084015212631
10	0.121084337349398
10	0.122701236056678
10	0.123060686015831
10	0.131067961165049
10	0.128441575549993
10	0.121132075471698
10	0.128288330049832
10	0.121289605336298
10	0.12348401323043
10	0.125476460286391
10	0.125859845227859
10	0.133110195674562
10	0.134260462698206
10	0.129716174626696
10	0.121854304635762
10	0.130019120458891
10	0.134960272417707
10	0.124793661274348
10	0.126969416126043
10	0.119857093465483
10	0.127270997812232
10	0.129046967624259
10	0.134622629662188
10	0.122913331808827
10	0.117780294450736
10	0.125786858089453
10	0.125333860916015
10	0.144299489506523
10	0.127241490389778
10	0.126105535128689
10	0.128915405923716
10	0.121138570167696
10	0.132620993086109
10	0.131953263906528
10	0.131764954109083
10	0.135799434681086
10	0.129301355578728
10	0.126441248866433
10	0.130703624733475
10	0.136899626114466
10	0.127799552071669
10	0.12208181623474
10	0.131641285956007
10	0.129868249601853
10	0.131197097944377
10	0.127998181198136
10	0.129841386942088
10	0.125836831952797
10	0.127926421404682
10	0.130789843052188
10	0.12898568162676
10	0.125156838143036
10	0.123398516520566
10	0.12347408445067
10	0.130096679277007
10	0.126426392498023
10	0.128980465614129
10	0.133545834249286
10	0.131640576851966
10	0.123703319502075
10	0.123005015959872
10	0.127769970813966
10	0.119157496154301
10	0.128054298642534
10	0.116489988221437
10	0.120275289490933
10	0.123991814132659
10	0.127262379055208
10	0.128409493446688
10	0.12321134608079
10	0.118816624745478
10	0.132068803016023
10	0.133165456969338
10	0.13332368268674
10	0.129743530230939
10	0.125396304799388
10	0.121895124195032
10	0.12113301135622
10	0.135128832925265
10	0.124918953965853
10	0.126392932436502
10	0.130455185358986
10	0.125485387287962
10	0.121379028967768
10	0.12794027408468
10	0.127339493011135
10	0.121961226792492
10	0.127859527636948
10	0.124945533769063
10	0.130401737242128
10	0.125897760878749
10	0.135047559318491
10	0.128956754346857
11	0.134596505006872
11	0.12176576196008
11	0.130607001391714
11	0.1176
11	0.122375720657022
11	0.125561453654553
11	0.117730496453901
11	0.133518776077886
11	0.122265844083006
11	0.125286041189931
11	0.122846138252585
11	0.132189133894067
11	0.128976143141153
11	0.126565295169946
11	0.126126126126126
11	0.132585484524936
11	0.126391488523298
11	0.121669302834895
11	0.121736459506501
11	0.131920171383471
11	0.127542189528343
11	0.136281696911429
11	0.125305623471883
11	0.125668999588308
11	0.131078441451629
11	0.125493204734765
11	0.121047877145438
11	0.131171702284451
11	0.125344848266763
11	0.124583415016663
11	0.119647771051183
11	0.130619548199508
11	0.130091703988057
11	0.126683999054597
11	0.119605911330049
11	0.119979969954932
11	0.130294212738442
11	0.116987179487179
11	0.136156907333712
11	0.129405711345511
11	0.121973643885994
11	0.123565017741599
11	0.144332699103017
11	0.126256582096697
11	0.121841500765697
11	0.12552481429648
11	0.126904734209608
11	0.122246581062741
11	0.126253621573434
11	0.128594068372198
11	0.128518971848225
11	0.121897407611693
11	0.123340887018453
11	0.127246181491465
11	0.126126126126126
11	0.13060851695399
11	0.128810821724208
11	0.128094385336564
11	0.12058651026393
11	0.122197189142796
11	0.123089805317145
11	0.119445071057974
11	0.133735600658256
11	0.127335984095427
11	0.131101813110181
11	0.120036513007759
11	0.130668385987535
11	0.134840871021776
11	0.122704315886134
11	0.129884938322795
11	0.124912280701754
11	0.134311224489796
11	0.129282604580731
11	0.136026646610078
11	0.12294111314458
11	0.12828729281768
11	0.123876005679129
11	0.117238287379511
11	0.124714176829268
11	0.132954814289094
11	0.126550079491256
11	0.129162857515998
11	0.130679816836914
11	0.12902470436717
11	0.138693467336683
11	0.124304056357232
11	0.132920438303954
11	0.123942470389171
11	0.125111906893465
11	0.123552123552124
11	0.125832796045562
11	0.126137566137566
11	0.126934290199596
11	0.128497032820637
11	0.125185112054497
11	0.119431056776772
11	0.137291897891232
11	0.132115323687823
11	0.13034066309673
11	0.127931072090741
12	0.113950658258657
12	0.126797769298503
12	0.134575835475578
12	0.122738486842105
12	0.127281947261663
12	0.123802766938631
12	0.12061737804878
12	0.131578947368421
12	0.122249151720795
12	0.125411140583554
12	0.13075849232201
12	0.123522340212382
12	0.124743376674162
12	0.126077242259815
12	0.133239667486243
12	0.129218607479477
12	0.123486459007302
12	0.121169001751313
12	0.127283862406859
12	0.126568128182834
12	0.119300164024057
12	0.119679654458742
12	0.12328914753745
12	0.124804818202097
12	0.118155902880173
12	0.126473504461827
12	0.125525410775697
12	0.121710871160499
12	0.130617840007833
12	0.124049920240218
12	0.113912422170052
12	0.122437971952535
12	0.130717147989498
12	0.137854186564788
12	0.125921614280171
12	0.124289044289044
12	0.124050090977202
12	0.129617557583659
12	0.128908742820676
12	0.120897423336926
12	0.128615754178761
12	0.12249465866314
12	0.11439738037393
12	0.121739996018316
12	0.120789316324497
12	0.127909630305796
12	0.128747974068071
12	0.127191011235955
12	0.114990277532261
12	0.1244327176781
12	0.120003871092616
12	0.131730664636136
12	0.124958235883729
12	0.134820867379007
12	0.116225810145425
12	0.122723004694836
12	0.120179372197309
12	0.12229392173189
12	0.121648408972353
12	0.125741877074741
12	0.132884777123633
12	0.133237232289951
12	0.123101203393174
12	0.129728419010669
12	0.124263361105466
12	0.122612049963262
12	0.125542019409457
12	0.116498673740053
12	0.133340327318506
12	0.129565992108947
12	0.140308747855918
12	0.125335913146297
12	0.124928036845135
12	0.136363636363636
12	0.127140842232521
12	0.115505875609057
12	0.124349334875651
12	0.130005737234653
12	0.125706915368588
12	0.125035957426407
12	0.135270432038307
12	0.123489121676068
12	0.124480927088363
12	0.125140463785882
12	0.129404690318701
12	0.125851167315175
12	0.126680896478122
12	0.129767495132287
12	0.132989328016888
12	0.125516192132145
12	0.121768982229402
12	0.122269318552331
12	0.122521456052086
12	0.127589503877616
12	0.11794500723589
12	0.128015709743782
12	0.126742712294043
12	0.122947537044453
12	0.130659519479276
12	0.124168297455969
13	0.119726000198551
13	0.126274679973964
13	0.124452145550912
13	0.12232991436906
13	0.125413865756998
13	0.123179461861269
13	0.131276976523845
13	0.133636363636364
13	0.123413966225468
13	0.125794545827353
13	0.131142628845386
13	0.126683203401843
13	0.133175304385303
13	0.12577065351418
13	0.125430539609644
13	0.128248363419956
13	0.118717139852787
13	0.126831501831502
13	0.11518376194699
13	0.115560752216701
13	0.127688022284123
13	0.120683252877831
13	0.13047341033126
13	0.13159509202454
13	0.129363867684478
13	0.116647555509225
13	0.119454640797063
13	0.123681858802502
13	0.118572084481175
13	0.126996197718631
13	0.12133576720713
13	0.121265550004898
13	0.128907922912206
13	0.128787878787879
13	0.125287701390974
13	0.122075389948007
13	0.127323336625662
13	0.132414235331837
13	0.119000786782061
13	0.128615071283096
13	0.125697318697139
13	0.125178826895565
13	0.12649119484946
13	0.123874101811558
13	0.130321368948247
13	0.12226713209627
13	0.131262420248928
13	0.127495860524009
13	0.134059243648285
13	0.126124197002141
13	0.116264465775545
13	0.123091502579762
13	0.118951204697307
13	0.128000849798173
13	0.121648264984227
13	0.125287217317693
13	0.134645261522527
13	0.129596833003438
13	0.123822213762254
13	0.132131516951757
13	0.125259189443921
13	0.116115475972958
13	0.127852978954649
13	0.127995489145757
13	0.129230769230769
13	0.12571168298793
13	0.122381976678365
13	0.13101223792809
13	0.124931865256732
13	0.124717252724656
13	0.124635348556483
13	0.123778155546111
13	0.12334193072955
13	0.123954136969321
13	0.133273164861613
13	0.129846210516622
13	0.126948548140601
13	0.124167645906776
13	0.128061581525542
13	0.117857142857143
13	0.113532586135326
13	0.133031388245207
13	0.126604012289897
13	0.120921305182342
13	0.124209257957626
13	0.121040506815128
13	0.129427241449099
13	0.125
13	0.127101182084373
13	0.120695036936843
13	0.120766402167602
13	0.127054830841022
13	0.120651653090561
13	0.121313131313131
13	0.121277747698971
13	0.122129902617707
13	0.127968337730871
13	0.120536181799141
13	0.126412429378531
13	0.128498727735369
14	0.127930857436248
14	0.126358557643474
14	0.123313889901568
14	0.126799052650756
14	0.119873171729569
14	0.127256843331392
14	0.124455150263822
14	0.122765706946377
14	0.134091148300179
14	0.129698512137823
14	0.112183125236474
14	0.122416974169742
14	0.1223340411781
14	0.119813918161967
14	0.12876449930829
14	0.125905451772779
14	0.12311901504788
14	0.121058180772549
14	0.123626691338036
14	0.118094272681196
14	0.125427805013412
14	0.124202079153748
14	0.111721971333202
14	0.13031888636588
14	0.130678523100715
14	0.120409906063194
14	0.125236116358141
14	0.119152125040146
14	0.125197430767611
14	0.121685793430946
14	0.119974986599964
14	0.117652644573165
14	0.127412280701754
14	0.126042177538009
14	0.131527042458217
14	0.121837125239209
14	0.127233518176217
14	0.124743995531558
14	0.119919983154348
14	0.120475004788355
14	0.129354226968759
14	0.123162331654159
14	0.123683387214517
14	0.127199051195889
14	0.119964189794091
14	0.131982749974927
14	0.128923530650937
14	0.126660931077335
14	0.125742764040636
14	0.129476825842697
14	0.125345704344723
14	0.125597400114701
14	0.124926960383312
14	0.128437843784378
14	0.124915204961721
14	0.126904075751338
14	0.118304012650721
14	0.122230710466005
14	0.120675712103513
14	0.116625545644335
14	0.123114252558287
14	0.120185981226423
14	0.127241126966703
14	0.114462345447733
14	0.127440904419322
14	0.127078930441974
14	0.123814941221085
14	0.126341326863861
14	0.125870178739417
14	0.128409090909091
14	0.124245312996505
14	0.118837304847987
14	0.12253245598435
14	0.124668919536031
14	0.12749901999216
14	0.133386741438013
14	0.119112940100594
14	0.121081392004602
14	0.117713960762013
14	0.126596980255517
14	0.118910794801521
14	0.119865884325231
14	0.117929614743653
14	0.126952510745361
14	0.12207127387281
14	0.123151787385364
14	0.13218022635063
14	0.124807395993837
14	0.129775502166207
14	0.128220611916264
14	0.121587589402639
14	0.130054107230694
14	0.121705756929638
14	0.123526055534424
14	0.122360632564714
14	0.128172240036647
14	0.12213973355029
14	0.120829493087558
14	0.118734973182911
14	0.125037813854996
15	0.133410337857349
15	0.126892902754972
15	0.132482732156562
15	0.120832642229225
15	0.125615763546798
15	0.117142857142857
15	0.125883227965787
15	0.123004857737682
15	0.120361349747587
15	0.114474929044465
15	0.127469670710572
15	0.121958731136434
15	0.132554257095159
15	0.128777777777778
15	0.122835394862036
15	0.122759522031367
15	0.117861249520889
15	0.121056417634364
15	0.126834944504117
15	0.125671219971738
15	0.123566109881264
15	0.123881560741629
15	0.119263508512213
15	0.129128465701977
15	0.122405223662411
15	0.12884292901062
15	0.116443189837685
15	0.117426725348815
15	0.119083255378859
15	0.127597672485453
15	0.116186333152075
15	0.119554504238123
15	0.121320249776985
15	0.129492553286364
15	0.113514479799785
15	0.12508891372828
15	0.124892989631884
15	0.122076023391813
15	0.122081834156138
15	0.125986984815618
15	0.124430264357338
15	0.128469685902118
15	0.120139346577535
15	0.127794104550717
15	0.126022612372461
15	0.120829166287844
15	0.119490970337794
15	0.120943159404698
15	0.12544731610338
15	0.125632911392405
15	0.124735191932887
15	0.124356985384176
15	0.12259702575263
15	0.123969871510855
15	0.12662925416365
15	0.126622440149986
15	0.122776985259154
15	0.123863955776258
15	0.126051164025848
15	0.117214980343472
15	0.120618643355468
15	0.124379139072848
15	0.12641425389755
15	0.123877149456754
15	0.122894812818785
15	0.122269529803776
15	0.123896325833096
15	0.126525171742028
15	0.122841833697162
15	0.122086338455106
15	0.118460873324687
15	0.126773888363292
15	0.122701122323871
15	0.122368790345215
15	0.118506336461256
15	0.117962214493843
15	0.129178470254958
15	0.128458313926409
15	0.123135340385137
15	0.119467434328895
15	0.121532846715328
15	0.127651858567543
15	0.12157884937628
15	0.122301474084641
15	0.128058143105743
15	0.12531633705127
15	0.124129579170451
15	0.123691722169363
15	0.118501841997544
15	0.12340498415689
15	0.122241713599852
15	0.121629600472348
15	0.117324462824777
15	0.121843034307957
15	0.133133612941881
15	0.127661691542289
15	0.126279527559055
15	0.122416812609457
15	0.118089507333584
15	0.124261811023622
16	0.123105862681576
16	0.122912014292095
16	0.125551987153754
16	0.122834645669291
16	0.122317206256821
16	0.126039783001808
16	0.130461857810067
16	0.118492094099499
16	0.12565987933635
16	0.119495722647456
16	0.124823761631732
16	0.12375194650545
16	0.12247656813266
16	0.115481495834141
16	0.123687281213536
16	0.124668200318528
16	0.131488609175075
16	0.125481356250587
16	0.122479049636246
16	0.123806304402941
16	0.124474885844749
16	0.126346015793252
16	0.123228896427859
16	0.129573303206744
16	0.122635247261865
16	0.123650361468407
16	0.121875852040353
16	0.134494708251381
16	0.123588674656939
16	0.130610371730151
16	0.123521681997372
16	0.121379048342673
16	0.130908698467516
16	0.138438078640671
16	0.120172050561798
16	0.12610115807186
16	0.127698185291308
16	0.119649974007971
16	0.118627370495033
16	0.125259265939219
16	0.125877683932024
16	0.122264150943396
16	0.127657430730479
16	0.124684590620378
16	0.123862774829416
16	0.120644599303136
16	0.126573487281882
16	0.117347371996264
16	0.121895202449813
16	0.127993847506043
16	0.121792678754704
16	0.123645578469067
16	0.125989208633094
16	0.12880773750339
16	0.132380626390553
16	0.11988983561408
16	0.122688091053645
16	0.122540753232153
16	0.117250105440742
16	0.131144298288992
16	0.124066283163046
16	0.11815200617284
16	0.132185557149689
16	0.128470783257356
16	0.119555057020004
16	0.125739927439374
16	0.120241411327762
16	0.125602277704774
16	0.127285638203444
16	0.117593587306834
16	0.121392946205914
16	0.12339514978602
16	0.122533954595023
16	0.126263187118268
16	0.120432185523542
16	0.119863958084383
16	0.13
16	0.122991807639111
16	0.124432980521213
16	0.126201810883973
16	0.121636723115276
16	0.126053714957851
16	0.128916527146616
16	0.116416464891041
16	0.132596171715295
16	0.122558861106041
16	0.131573896353167
16	0.121405446581604
16	0.122623006736591
16	0.127368239751981
16	0.122950085133076
16	0.116569525395504
16	0.124118224841504
16	0.119086965502995
16	0.121370441073043
16	0.128050427735254
16	0.125852848976581
16	0.123046369052759
16	0.12196227783823
16	0.120564020062459
17	0.120566001163016
17	0.127891287586739
17	0.121791965176385
17	0.122862129144852
17	0.12013416894695
17	0.115253577338655
17	0.119467401285583
17	0.124347372084929
17	0.119174801989317
17	0.121110709117221
17	0.115409004438808
17	0.117460596988641
17	0.12018018018018
17	0.113813920454545
17	0.121231617647059
17	0.118484973240016
17	0.119938884644767
17	0.119862727044446
17	0.126143790849673
17	0.11930758988016
17	0.123640131238128
17	0.126770414408113
17	0.121247423604266
17	0.118794785461452
17	0.12553227729518
17	0.121493641201407
17	0.120889748549323
17	0.123035952063915
17	0.121111471160078
17	0.122899865591398
17	0.122426571507
17	0.127619934792734
17	0.121809845142313
17	0.125882555536422
17	0.123044035912783
17	0.123555721207603
17	0.120937885643768
17	0.122419281491587
17	0.125901468416022
17	0.127080692860161
17	0.122478386167147
17	0.121052168558107
17	0.1212963953364
17	0.12544677883358
17	0.12072758037225
17	0.11865098807774
17	0.118846864209427
17	0.117190388170055
17	0.129465186680121
17	0.116221653255304
17	0.12321095208463
17	0.122652036451553
17	0.119502553121397
17	0.119501335707925
17	0.124266710732876
17	0.120620069711979
17	0.117978021978022
17	0.128276481149013
17	0.125033635303615
17	0.118296529968454
17	0.119414418248362
17	0.124001955352778
17	0.124943124943125
17	0.120772058823529
17	0.122820318423048
17	0.120886282176605
17	0.11930622210996
17	0.125093508436539
17	0.124772464007943
17	0.125856535692601
17	0.122523285351397
17	0.113799199776682
17	0.122415575465196
17	0.120099123816267
17	0.125757705113976
17	0.127678483262565
17	0.118313817330211
17	0.118473895582329
17	0.120585993733593
17	0.120997669802365
17	0.120274914089347
17	0.126228831061545
17	0.122994652406417
17	0.123189110354886
17	0.116304055868923
17	0.119375969660403
17	0.12602862254025
17	0.127032832157103
17	0.122257320925467
17	0.113467098922282
17	0.122631868563792
17	0.124771281693822
17	0.123867851289571
17	0.120190641247834
17	0.118518518518519
17	0.122865722865723
17	0.130362579573761
17	0.121934662706831
17	0.127751196172249
17	0.117703441004505
18	0.117622401073105
18	0.128998576174656
18	0.122058203289751
18	0.123271786638123
18	0.120475203316855
18	0.122762890587211
18	0.128871581235283
18	0.120559268378473
18	0.128169014084507
18	0.124041691790852
18	0.121292929292929
18	0.121160985487681
18	0.121923937360179
18	0.122908962845571
18	0.123746599300428
18	0.123735819189165
18	0.118910594147686
18	0.119508368200837
18	0.118147523878321
18	0.119591081343086
18	0.124783932833978
18	0.119486700093482
18	0.121138754383036
18	0.12006550594725
18	0.117401093599228
18	0.113418681839734
18	0.125891616489115
18	0.125114918512328
18	0.113139286301595
18	0.125246315125719
18	0.127236953059121
18	0.118745138708841
18	0.127973316949004
18	0.12324717013009
18	0.12190303728702
18	0.122347353098904
18	0.118974984746797
18	0.121518105849582
18	0.119045458669812
18	0.122291169451074
18	0.121727861771058
18	0.126788094180364
18	0.116899020346647
18	0.126603227141084
18	0.117188781367886
18	0.120964155474517
18	0.126384526367995
18	0.120462181430796
18	0.121116043119848
18	0.126508130792097
18	0.124084177708496
18	0.122612134982748
18	0.130186227804244
18	0.120847548931586
18	0.126357869123142
18	0.121307666777298
18	0.124108165242667
18	0.121022141099913
18	0.122850122850123
18	0.115796355315845
18	0.117907510659233
18	0.125033019283261
18	0.123449239909139
18	0.124440692275222
18	0.125083103808529
18	0.123553790364358
18	0.125415920143332
18	0.119751702732994
18	0.119470630891951
18	0.126195790816327
18	0.125746336167903
18	0.119516016713092
18	0.122943964315584
18	0.122365680966264
18	0.123960939391494
18	0.12867869163718
18	0.118977020014826
18	0.123535236837762
18	0.126138862708137
18	0.119731475186948
18	0.120371907687199
18	0.129878984148628
18	0.121953283683141
18	0.120294744318182
18	0.121293055811383
18	0.127992103314963
18	0.122316200390371
18	0.120992298047645
18	0.128596087456847
18	0.128058862433862
18	0.121755662092908
18	0.123437084330939
18	0.124354210096982
18	0.118295739348371
18	0.124177270732778
18	0.122626582278481
18	0.123098661790375
18	0.117034700315457
18	0.119969434538971
18	0.113632585203658
19	0.124879078357225
19	0.117000426075842
19	0.125566515595841
19	0.124022441346481
19	0.122294372294372
19	0.12240910635406
19	0.120398773006135
19	0.118794188485743
19	0.118553008595989
19	0.119907984280648
19	0.123206614249818
19	0.117912309315936
19	0.118324244784904
19	0.124828178694158
19	0.126694427217152
19	0.117680592882157
19	0.122971065631616
19	0.131232361241769
19	0.124332935085623
19	0.126146978589733
19	0.120278489116517
19	0.115325077399381
19	0.119722121977625
19	0.12532418639672
19	0.124056999161777
19	0.117807559585908
19	0.123959210403218
19	0.126305153250253
19	0.116739070154358
19	0.125625894134478
19	0.121165115477422
19	0.118129754679887
19	0.126425688717319
19	0.127326679255463
19	0.122391476622347
19	0.122216144408846
19	0.124467999678792
19	0.122961334066337
19	0.121431219873934
19	0.125761531766754
19	0.119163697731108
19	0.118777860326894
19	0.128063826287218
19	0.127521198649872
19	0.125178826895565
19	0.116949006793361
19	0.125251340482574
19	0.118302799861735
19	0.129206172150957
19	0.120163252491955
19	0.123606889564336
19	0.119221013010392
19	0.126360090330528
19	0.122622130927927
19	0.123292127521145
19	0.123604395604396
19	0.120641317680042
19	0.121435594886922
19	0.128509218938201
19	0.122955583229556
19	0.114481877694396
19	0.120102611940299
19	0.124417559061555
19	0.11696
19	0.128062157221207
19	0.122871946706144
19	0.122567320676781
19	0.128944008754332
19	0.124668435013263
19	0.117286973555338
19	0.125747449876891
19	0.123531538044461
19	0.118536263010078
19	0.119297968218832
19	0.126862925482981
19	0.128216543495682
19	0.123862446645728
19	0.127161932072766
19	0.123109809199588
19	0.126800108685807
19	0.116884137714196
19	0.123746637319638
19	0.121665420094739
19	0.124580502578374
19	0.121118252923411
19	0.123814941221085
19	0.116759138381201
19	0.122443463375079
19	0.127870944221655
19	0.123338381288911
19	0.119951984909543
19	0.115064656947533
19	0.122830064746176
19	0.117437427482181
19	0.129286456529269
19	0.129914707717911
19	0.125584618049541
19	0.12173759178979
19	0.121849747979838
19	0.117177656446871
20	0.120983935742972
20	0.120603015075377
20	0.124013828561298
20	0.117679733375655
20	0.126747745511707
20	0.119100937214896
20	0.124088828615019
20	0.122033341545537
20	0.12026866851047
20	0.120185505423676
20	0.125519534497091
20	0.12143984369129
20	0.122360302424611
20	0.12616420129921
20	0.126394749179559
20	0.120758008246115
20	0.120031483667847
20	0.123101952277657
20	0.121992572259002
20	0.123640201331385
20	0.12119389519585
20	0.11906976744186
20	0.121139947437582
20	0.119714887412927
20	0.116500097981579
20	0.120589960613425
20	0.118756121449559
20	0.118722186904005
20	0.11709934506431
20	0.122622837965752
20	0.117598751745093
20	0.121034993375419
20	0.121187474583164
20	0.120205799812909
20	0.119652928416486
20	0.121137107721792
20	0.119174757281553
20	0.117920934563616
20	0.11756121290741
20	0.121605766007375
20	0.116309082110018
20	0.117310087173101
20	0.114544397375197
20	0.121214656182031
20	0.121511417180138
20	0.121510394569368
20	0.119431891542931
20	0.119148936170213
20	0.126926890832056
20	0.117720362216499
20	0.121016016825756
20	0.125553051172886
20	0.126880426373249
20	0.123716421588762
20	0.120368803924886
20	0.119208455853135
20	0.116741942892138
20	0.121715299048847
20	0.122181083810165
20	0.117317457538084
20	0.118634354019977
20	0.123382011284434
20	0.12332460940598
20	0.117950754567117
20	0.121779247910864
20	0.11930123561994
20	0.116851168511685
20	0.125462962962963
20	0.118394648829431
20	0.122200895713372
20	0.123873504833688
20	0.123675510723065
20	0.124839784670597
20	0.122761102478122
20	0.116782223707293
20	0.118456116221095
20	0.117925664285141
20	0.122293930234458
20	0.122670101530535
20	0.118238585678372
20	0.121701490052443
20	0.113453430433116
20	0.11911904587693
20	0.118283913710915
20	0.122104566512244
20	0.119232373800584
20	0.119393499182858
20	0.119898998126578
20	0.127659574468085
20	0.125243506493506
20	0.122409638554217
20	0.127236893969255
20	0.121858221150105
20	0.120661026330355
20	0.120016109544905
20	0.11782223579719
20	0.120231607629428
20	0.128599504400581
20	0.12029182219206
20	0.12306258998899
21	0.123029735025986
21	0.117127071823204
21	0.118760330578512
21	0.117592120903379
21	0.12011462230359
21	0.120397382322794
21	0.123804025074233
21	0.119516597347563
21	0.11685202347853
21	0.123501912452189
21	0.122502796867508
21	0.122633075985372
21	0.122097198946612
21	0.121870491385895
21	0.121058708588685
21	0.12223823246878
21	0.119758064516129
21	0.122543255501428
21	0.124880341136542
21	0.111965951874284
21	0.116655169770829
21	0.119729457475896
21	0.122302158273381
21	0.120750887874176
21	0.118605776988866
21	0.122197566761038
21	0.114971466935213
21	0.126407204889032
21	0.122592805047939
21	0.119539872532256
21	0.117146941539388
21	0.121391983088056
21	0.115072554220627
21	0.116140377704717
21	0.122777591412278
21	0.129105139998386
21	0.124353272215667
21	0.118378552971576
21	0.11990231990232
21	0.121326858177628
21	0.12091225357557
21	0.12260896832863
21	0.119146963375058
21	0.121473716664097
21	0.125405675293334
21	0.119881562793385
21	0.118716131721551
21	0.125699332250496
21	0.124423963133641
21	0.12411502491041
21	0.123710423336891
21	0.120939208748794
21	0.118145341061079
21	0.124455013872374
21	0.12334680382072
21	0.121042532779021
21	0.115512893516635
21	0.123295892994941
21	0.12167458927529
21	0.115093039283253
21	0.122002328288708
21	0.115852655813189
21	0.115460217075464
21	0.117943726774022
21	0.119472890370723
21	0.120168886001949
21	0.123304562268804
21	0.12392647885063
21	0.120234355098922
21	0.124396036360658
21	0.123857154020474
21	0.122712502137848
21	0.117977986139421
21	0.121273989383422
21	0.119838193156919
21	0.117633023144834
21	0.119678849209668
21	0.118247694334651
21	0.116940933301534
21	0.120524691358025
21	0.122576229944491
21	0.121416938110749
21	0.112753858651503
21	0.121521416732095
21	0.124469023002324
21	0.122530612244898
21	0.117939117694937
21	0.119754098360656
21	0.122716223633655
21	0.123047033109366
21	0.12332687936695
21	0.122532764882362
21	0.117100226544801
21	0.122911311053985
21	0.121902377972466
21	0.117879348008738
21	0.118032539921663
21	0.114487738829547
21	0.124906007185229
21	0.112414233285464
22	0.121413346450238
22	0.123760144274121
22	0.123003685503685
22	0.117536639953794
22	0.115024382692159
22	0.123747171031361
22	0.119341563786008
22	0.117664738147118
22	0.119103298121119
22	0.119436488892329
22	0.120341302422925
22	0.120318111852232
22	0.117547373286088
22	0.119009029868025
22	0.120861197194585
22	0.119665271966527
22	0.11563505138464
22	0.118312840973862
22	0.119172276240339
22	0.123210800260247
22	0.115581792760603
22	0.121143481996407
22	0.121555367709214
22	0.120982986767486
22	0.11790090159513
22	0.119341563786008
22	0.126000183941874
22	0.118705952279868
22	0.118940032166654
22	0.121152483665276
22	0.121469593265675
22	0.120971508640822
22	0.118336453161878
22	0.118011908699967
22	0.119700748129676
22	0.124475399589249
22	0.119334525382881
22	0.118181141623874
22	0.119256401262715
22	0.116857004986328
22	0.126812197967005
22	0.122734471229984
22	0.118585402558315
22	0.118297685320832
22	0.123496650254258
22	0.11944464849776
22	0.127228874149367
22	0.120194687345323
22	0.118615209988649
22	0.12103190548903
22	0.117899761336516
22	0.122197487676896
22	0.120619727449708
22	0.121266614542611
22	0.119149249337651
22	0.124459883080573
22	0.121499688861232
22	0.122685571309425
22	0.119282723753851
22	0.112514602803738
22	0.122706818968501
22	0.121883202099738
22	0.115460036081261
22	0.122261272713677
22	0.12046204620462
22	0.123767258382643
22	0.126560917988525
22	0.122103456347039
22	0.118173012443186
22	0.124507796503386
22	0.119272018199545
22	0.11769254562326
22	0.121538956857695
22	0.121285791464073
22	0.116336633663366
22	0.119775229004696
22	0.113787761425252
22	0.127676447264076
22	0.119830968910353
22	0.127178284182306
22	0.120253164556962
22	0.11775347422087
22	0.120532413113138
22	0.122150569886023
22	0.120241142951524
22	0.116642228739003
22	0.121664107625941
22	0.122525682786269
22	0.12260444230615
22	0.117761989342806
22	0.121232644768033
22	0.119656219900719
22	0.120717781402936
22	0.121030796234243
22	0.12312850904554
22	0.118654205607477
22	0.122384615384615
22	0.115278976693086
22	0.121521552732091
22	0.120554550934298
23	0.119095711622126
23	0.121896703121258
23	0.121737694086554
23	0.124144064028457
23	0.12377358490566
23	0.127564311299251
23	0.118466120625465
23	0.121442432082794
23	0.118801256993945
23	0.113952613764573
23	0.118095796963251
23	0.117510599152068
23	0.118776832115689
23	0.119286677656227
23	0.123444899269604
23	0.1173106532737
23	0.12186039141114
23	0.122587968217934
23	0.120087336244541
23	0.123546511627907
23	0.117647058823529
23	0.123338315110517
23	0.116073386448359
23	0.119346828203778
23	0.119204789683758
23	0.125717785774443
23	0.122108741363773
23	0.120395911082265
23	0.124466234382413
23	0.11548473613631
23	0.119656115670184
23	0.120557382182558
23	0.123251326579836
23	0.117424242424242
23	0.122739967661326
23	0.117868793040957
23	0.119576224974683
23	0.120530393325387
23	0.11671469740634
23	0.123545061523113
23	0.115994837926061
23	0.120336391437309
23	0.12319873317498
23	0.11891976029263
23	0.119367174027143
23	0.123081867116574
23	0.119610894941634
23	0.11961171437973
23	0.12176538240368
23	0.120712292795011
23	0.124400357752663
23	0.116870415647922
23	0.12023362536504
23	0.119804400977995
23	0.120793722649766
23	0.120166705255846
23	0.117095095410818
23	0.116799167843079
23	0.119407763105242
23	0.119914346895075
23	0.120454157418474
23	0.121410788381743
23	0.118088467614534
23	0.115256928406467
23	0.124316828452565
23	0.12274699599466
23	0.123601053324556
23	0.121933446684479
23	0.122912835601324
23	0.122036595067621
23	0.119761431411531
23	0.125234983439262
23	0.122335289311446
23	0.121479928100659
23	0.117841130192031
23	0.115838074037431
23	0.118332551227906
23	0.114585839146821
23	0.125519189234092
23	0.125654022236756
23	0.119296960820212
23	0.121396516315509
23	0.118831425187525
23	0.123801220575414
23	0.11524953034387
23	0.117397120151074
23	0.121051322444242
23	0.122403274384122
23	0.116299349928651
23	0.122726589508492
23	0.12298841638809
23	0.12297021623827
23	0.125107379929715
23	0.120866325104797
23	0.117998130437909
23	0.116445352400409
23	0.118824404761905
23	0.122435193785358
23	0.121236008198014
23	0.116526432767106
24	0.121369949494949
24	0.11830755502677
24	0.12753646809551
24	0.122828991315965
24	0.123645281227751
24	0.122289479733354
24	0.117871302226288
24	0.116206621748895
24	0.121636593858816
24	0.118233410942957
24	0.114434237698497
24	0.11783189316575
24	0.121943293525063
24	0.119561188940775
24	0.12258354563165
24	0.117821415339014
24	0.117447071549992
24	0.114544795067102
24	0.119177346327987
24	0.120711671064953
24	0.119238260116858
24	0.116011436740529
24	0.1180624098398
24	0.1259482828942
24	0.116260862757379
24	0.119599058394715
24	0.117575757575758
24	0.119369537611115
24	0.117726947819871
24	0.115251745681735
24	0.114792899408284
24	0.122829377090967
24	0.125925925925926
24	0.12459737607039
24	0.116841770136899
24	0.116360454943132
24	0.125793174412622
24	0.117526585269791
24	0.120105693009849
24	0.122850529100529
24	0.1222240365774
24	0.118706475626351
24	0.122332381112418
24	0.121713418045233
24	0.12038240917782
24	0.123147868158452
24	0.121953032104637
24	0.117152858809802
24	0.120229758438902
24	0.119881934458488
24	0.122673368412786
24	0.121011396011396
24	0.118952802359882
24	0.121256902854476
24	0.117870133890566
24	0.119684918935454
24	0.118253849603827
24	0.121453497193142
24	0.116805450416351
24	0.117896930351847
24	0.119195859275373
24	0.119308790383171
24	0.118860434342648
24	0.118580765639589
24	0.118152206100089
24	0.12051511091261
24	0.124820086358548
24	0.120091401489506
24	0.12157356645429
24	0.117001557054942
24	0.122230221582273
24	0.120409577334668
24	0.122169109003997
24	0.117611259033853
24	0.125094711319897
24	0.123056220095694
24	0.112896994049919
24	0.126669702489375
24	0.120017682163118
24	0.117347789824854
24	0.1209796171433
24	0.119438846690436
24	0.116669382434414
24	0.117790350463618
24	0.117774458551158
24	0.123960915852414
24	0.12063143014215
24	0.116995262112181
24	0.116596725088456
24	0.123090388287715
24	0.11381276730556
24	0.120705882352941
24	0.115551826710396
24	0.125927058643627
24	0.121777130371449
24	0.122783407219759
24	0.122116793952017
24	0.124257981710252
24	0.12054586808188
24	0.124129746835443
25	0.11732234489193
25	0.119260400616333
25	0.122842716105208
25	0.117739966975375
25	0.117064220183486
25	0.119724243584833
25	0.116407355021216
25	0.118974807048202
25	0.12059765208111
25	0.11787775640077
25	0.122922068018911
25	0.120822986874778
25	0.117081491819803
25	0.119728513688706
25	0.11667254141699
25	0.123267580846227
25	0.120134478894285
25	0.123316964992872
25	0.121528025705105
25	0.116139508613386
25	0.11863488624052
25	0.116287314755726
25	0.117093403525564
25	0.116504071595582
25	0.116823115283074
25	0.118853046594982
25	0.118524212144504
25	0.11724036481318
25	0.121382700388488
25	0.119291338582677
25	0.117536876609693
25	0.117748982974235
25	0.121378051562856
25	0.122904168589448
25	0.118700372711068
25	0.123587205436951
25	0.114549721325902
25	0.12240319095895
25	0.118950527044703
25	0.120927181281435
25	0.120106613359987
25	0.118484848484848
25	0.125084771305855
25	0.119930518842988
25	0.123372323990289
25	0.119832189168574
25	0.115525016104788
25	0.113713667285096
25	0.117998101179981
25	0.118200918216481
25	0.118400566171267
25	0.11676930364756
25	0.117086453369639
25	0.123477672530447
25	0.122078879469222
25	0.119891226105735
25	0.118462919148242
25	0.119365131309826
25	0.119400691509796
25	0.124651924651925
25	0.117966053947461
25	0.121962332928311
25	0.120634412047421
25	0.118652037617555
25	0.117260570456829
25	0.120115335002656
25	0.110441301491615
25	0.120935447701426
25	0.120983973164368
25	0.120878319229647
25	0.11606164633701
25	0.122835126268406
25	0.119807206793665
25	0.117409210033695
25	0.119515647114326
25	0.121183065348872
25	0.117240878034598
25	0.122278186749322
25	0.119315589353612
25	0.122556104982883
25	0.117491166077739
25	0.114515358904982
25	0.125596796550131
25	0.120202539076833
25	0.123302329409828
25	0.115068493150685
25	0.119678068410463
25	0.117013523362216
25	0.120734088246779
25	0.114018418359889
25	0.116344308282888
25	0.117285777712002
25	0.119434258774227
25	0.120084167755043
25	0.122419218666053
25	0.122131405218485
25	0.119906505648617
25	0.118117432031072
25	0.120283018867925
25	0.118463925523662
26	0.116153303550435
26	0.127444194497318
26	0.118792242139289
26	0.119000512933245
26	0.122109988776655
26	0.121238615664845
26	0.116569066482949
26	0.114049342591225
26	0.116275702287866
26	0.116202826752149
26	0.117496111975117
26	0.113545521835677
26	0.122432271509378
26	0.115561085620966
26	0.123127407618776
26	0.118200466860013
26	0.12255099572684
26	0.119596312778131
26	0.118730205494586
26	0.122083755977395
26	0.117642460720707
26	0.11918906876578
26	0.118602513024824
26	0.120666264697015
26	0.121100485969588
26	0.120131569111161
26	0.123390144212231
26	0.119742813918306
26	0.116933221099888
26	0.117458932984445
26	0.118470771282507
26	0.115504978662873
26	0.117779752546312
26	0.12254203476774
26	0.110637342908438
26	0.115276476101218
26	0.121294748878529
26	0.118872447714309
26	0.116243616129278
26	0.124784918081843
26	0.118501170960187
26	0.118010527118773
26	0.119923137391912
26	0.120551724137931
26	0.120808317469615
26	0.118782648194413
26	0.112710755254446
26	0.119825391051291
26	0.118945022288262
26	0.115147740640786
26	0.118153257751673
26	0.12010545088005
26	0.116022921783136
26	0.122299946191098
26	0.123428571428571
26	0.121716137836916
26	0.117248415069591
26	0.119535221496006
26	0.123594674556213
26	0.11868589496414
26	0.115741078595928
26	0.115065898508405
26	0.122195850241176
26	0.119514047076689
26	0.119003068632587
26	0.118347035915188
26	0.120584749111023
26	0.125183853570845
26	0.116480446927374
26	0.117396969073579
26	0.123301267369064
26	0.118975080071869
26	0.116132894343011
26	0.118618307426598
26	0.118001160429359
26	0.119072708113804
26	0.117692742163231
26	0.125197502069069
26	0.119727002105569
26	0.120835478414356
26	0.122714185666485
26	0.118048852921523
26	0.117799057607539
26	0.113516252805328
26	0.120367580596565
26	0.118703768932723
26	0.118562874251497
26	0.125643827064149
26	0.118263931414574
26	0.11896152733584
26	0.120674486803519
26	0.125094311151351
26	0.112004328669707
26	0.124264933457134
26	0.118880607920503
26	0.119293296711454
26	0.11764286223871
26	0.122153363697454
26	0.11790358388836
26	0.118729552889858
27	0.118974285509634
27	0.114383269312847
27	0.12041276070053
27	0.117854406130268
27	0.119796091758709
27	0.116916553081932
27	0.115648480888598
27	0.118323467374294
27	0.116609576561475
27	0.119409342609683
27	0.121122380987636
27	0.116485013623978
27	0.121228243520559
27	0.120351776192784
27	0.12085445931344
27	0.118268064769242
27	0.124727008007765
27	0.114075436982521
27	0.11752443933295
27	0.120323191148639
27	0.118170084612075
27	0.117840375586854
27	0.116057000146908
27	0.12053862303627
27	0.11346304611218
27	0.121035598705502
27	0.118359164160691
27	0.119712571301578
27	0.111394377168756
27	0.119623368285898
27	0.122804349479127
27	0.119560829902317
27	0.119682444577591
27	0.121202846430484
27	0.121188594014681
27	0.117070535576478
27	0.114803625377644
27	0.117739875272372
27	0.119572380464231
27	0.120348376880443
27	0.12225
27	0.120560058953574
27	0.122937732836615
27	0.122078636238658
27	0.11731804516535
27	0.118054542802975
27	0.120215053763441
27	0.115946326636519
27	0.115358257823803
27	0.118348559871679
27	0.116632302405498
27	0.121426508807392
27	0.120353093153438
27	0.120104438642298
27	0.120604475443185
27	0.119275098574462
27	0.116944381039337
27	0.124115802523153
27	0.118175128771155
27	0.119473189087488
27	0.118570655116405
27	0.115027537372148
27	0.122459349593496
27	0.115243771092123
27	0.119588093806374
27	0.12241290417618
27	0.115606936416185
27	0.122045239653793
27	0.118573733958349
27	0.118563327032136
27	0.123492453238969
27	0.118452584731256
27	0.120118712902218
27	0.121700029010734
27	0.116925771841471
27	0.117883314543405
27	0.118833727344366
27	0.116666666666667
27	0.121158392434988
27	0.116303066037736
27	0.115444967496077
27	0.122918854057297
27	0.118078577978416
27	0.11666072065644
27	0.119168116400443
27	0.118956548347613
27	0.117423642981484
27	0.119521616401723
27	0.119122917984398
27	0.117214433463572
27	0.119291447550512
27	0.124020218299026
27	0.117545050139486
27	0.119464606778984
27	0.119135438182355
27	0.118167258547455
27	0.117221636281452
27	0.1167563688554
27	0.115255250766126
27	0.119156599384708
28	0.112608069164265
28	0.118697866686351
28	0.118750895287208
28	0.117249465480378
28	0.116898307417091
28	0.12101011685358
28	0.121864578802378
28	0.116648029074644
28	0.117526356753697
28	0.12183726279471
28	0.115438006867831
28	0.12160433441192
28	0.121218343600274
28	0.116943265148591
28	0.118706331484549
28	0.119591304944113
28	0.120113047574187
28	0.122543687912407
28	0.118977020014826
28	0.119966570430026
28	0.116559953434226
28	0.118214531812266
28	0.117335193582142
28	0.115563342728727
28	0.116959918230269
28	0.118255053959568
28	0.118106427090532
28	0.119851058878287
28	0.116704470622668
28	0.118202470538123
28	0.122029393370857
28	0.118063754427391
28	0.118806911880691
28	0.114987643552842
28	0.120608322185454
28	0.119826719269745
28	0.118352450469239
28	0.113386613386613
28	0.116627323694305
28	0.121966977745872
28	0.120017145306472
28	0.118822366563118
28	0.120602231063265
28	0.117915165772256
28	0.120772946859903
28	0.118412200044853
28	0.117129173122975
28	0.11646385110952
28	0.116876818622696
28	0.11844768618692
28	0.121439388476239
28	0.118236623963828
28	0.116297411629741
28	0.11988582302569
28	0.122401680307091
28	0.11699940306427
28	0.117954677513074
28	0.121205204291258
28	0.125067219789506
28	0.120552234557358
28	0.115485367861687
28	0.119599248591108
28	0.118509468540012
28	0.121543693627089
28	0.118650191487824
28	0.118143775220445
28	0.119979955616007
28	0.116482734069064
28	0.117830695513286
28	0.123055273238996
28	0.11950765707743
28	0.119239154950756
28	0.117119808783986
28	0.114030630761414
28	0.117351215423303
28	0.118908526214597
28	0.123304754481684
28	0.117028781038375
28	0.116707997520149
28	0.115668883961567
28	0.114972869922276
28	0.120025998411208
28	0.120538284398388
28	0.118319280886349
28	0.123719578641482
28	0.116716333191429
28	0.121320666562841
28	0.124369085173502
28	0.11783286410767
28	0.116850253051503
28	0.123067992163123
28	0.120725500035845
28	0.116329425819458
28	0.119113372093023
28	0.11674568817426
28	0.11684155689514
28	0.126206948985022
28	0.118262030103062
28	0.116618911174785
28	0.117858654253068
29	0.120834261114822
29	0.117925499073884
29	0.116373858046381
29	0.117769671704013
29	0.120293911826452
29	0.119692798145196
29	0.119032513877875
29	0.120817843866171
29	0.116636528028933
29	0.115789473684211
29	0.118842625264644
29	0.119464033850494
29	0.120841959972395
29	0.118539559373701
29	0.118766811504242
29	0.122677364864865
29	0.118170084612075
29	0.120506045319882
29	0.116679286845185
29	0.118896117823693
29	0.119499185064454
29	0.115996528782181
29	0.118460571348746
29	0.123599646226415
29	0.118263694079433
29	0.113558352402746
29	0.116296026248633
29	0.114560559685177
29	0.115059559459639
29	0.122689075630252
29	0.117760884588804
29	0.111277295842058
29	0.118770536692223
29	0.114757661377961
29	0.118720379146919
29	0.117022781944248
29	0.116964543095993
29	0.118675734250056
29	0.112563797804656
29	0.118461210873731
29	0.118177880450476
29	0.118743635936399
29	0.11708837278326
29	0.124274521183981
29	0.120531589794613
29	0.119012029325931
29	0.117713479181369
29	0.116798257555132
29	0.118292063031007
29	0.115451208532447
29	0.116679081736304
29	0.1194391425635
29	0.119477911646586
29	0.124778891509434
29	0.118603984520568
29	0.126367836589122
29	0.122005416290535
29	0.116353316779
29	0.117728330424666
29	0.119501724259272
29	0.116293618796052
29	0.118557443132738
29	0.115502167886843
29	0.121768897582786
29	0.119976271689159
29	0.11513249651325
29	0.122090228661677
29	0.113142224068689
29	0.119457013574661
29	0.119504108404209
29	0.120807763664907
29	0.117298005933899
29	0.111794451277846
29	0.119459158070811
29	0.118511336515513
29	0.120339230881708
29	0.122679146846709
29	0.120008727907484
29	0.114436358235556
29	0.116335009840367
29	0.11544885177453
29	0.119077261076529
29	0.119953627932351
29	0.115041111426141
29	0.12184089603676
29	0.115776933958752
29	0.121583742116328
29	0.117461229178633
29	0.12125371768474
29	0.118268372508182
29	0.119510757441792
29	0.116805983282006
29	0.113258185721954
29	0.116949989419482
29	0.115883190883191
29	0.119850992191418
29	0.120052291379185
29	0.116313418506757
29	0.116928204416053
29	0.120659596106349
30	0.120667522464698
30	0.116381992946546
30	0.114981327204826
30	0.12113754443533
30	0.117240888382688
30	0.111530094271211
30	0.119654196312447
30	0.117009429059321
30	0.117647058823529
30	0.120099705415817
30	0.115637860082305
30	0.12029658374333
30	0.122310701313216
30	0.119477331793243
30	0.122019050267677
30	0.115693012600229
30	0.116956253004601
30	0.119248217757615
30	0.11617458279846
30	0.115556147240897
30	0.117638473327009
30	0.117447769621683
30	0.120870814120493
30	0.113883143743537
30	0.119958481613286
30	0.118800539083558
30	0.114005863539446
30	0.119133075648813
30	0.118199943036172
30	0.116088876022291
30	0.118118948824343
30	0.123910152209251
30	0.119458040717883
30	0.114917127071823
30	0.113944502985599
30	0.122042926523578
30	0.117797783933518
30	0.116303583977512
30	0.125478780450437
30	0.115286577816619
30	0.12121433796635
30	0.117216897408591
30	0.118877693814722
30	0.116184835969765
30	0.117329890643985
30	0.114948805460751
30	0.121405980448534
30	0.113857518289651
30	0.119271318941404
30	0.117675645653985
30	0.117284393146462
30	0.118774437536055
30	0.115331441461107
30	0.116349446523851
30	0.11698403808457
30	0.116404899676862
30	0.119378331706585
30	0.119625678947713
30	0.117724137931034
30	0.120445837687217
30	0.112999860666016
30	0.117619457261281
30	0.116172248803828
30	0.11723460945169
30	0.118145494626619
30	0.113665737024692
30	0.119464753759139
30	0.117542175284597
30	0.116916145909025
30	0.121352604308699
30	0.113730552347306
30	0.118371467025572
30	0.122050622050622
30	0.1151531185925
30	0.123199675434445
30	0.119959128065395
30	0.118260747794427
30	0.119181998094261
30	0.118627812615271
30	0.118854518050671
30	0.115240623510993
30	0.116602156483273
30	0.119037568594344
30	0.120461699895068
30	0.116930219062817
30	0.117668866315711
30	0.11563651248465
30	0.120850216819507
30	0.117658971243418
30	0.119045898084568
30	0.116285776079591
30	0.117327539380771
30	0.115686706305513
30	0.118909991742362
30	0.115902964959569
30	0.116323229481679
30	0.119649149111628
30	0.117744495824419
30	0.118213012177891
30	0.114900072554581
31	0.118278100444141
31	0.113125767535939
31	0.12328190743338
31	0.116522724054934
31	0.118599825982197
31	0.122118685630211
31	0.118344440547176
31	0.118173291970276
31	0.115969325978743
31	0.119645916619075
31	0.115070374184689
31	0.118209189684514
31	0.117271933946432
31	0.119099294628323
31	0.121103873362751
31	0.1141349054017
31	0.113668419028081
31	0.120149996173567
31	0.112666812513673
31	0.117483132883544
31	0.119611761347416
31	0.117659574468085
31	0.116886996788408
31	0.11616691130216
31	0.117281867872326
31	0.113650616681764
31	0.116811594202899
31	0.122961588994513
31	0.116197183098592
31	0.121814355856909
31	0.117889474395352
31	0.120200446942507
31	0.118356084809759
31	0.117138640995011
31	0.119880812140531
31	0.117489798789925
31	0.119898498625502
31	0.119921050840536
31	0.116804225817101
31	0.121354656632173
31	0.120796061299494
31	0.118658703317263
31	0.117514283698949
31	0.115705326993315
31	0.118011989404712
31	0.117046502437097
31	0.123124710858502
31	0.115455728275012
31	0.117120220461591
31	0.118090787716956
31	0.115691935808769
31	0.116798642533937
31	0.117957624175061
31	0.120511049723757
31	0.115348837209302
31	0.115011936525769
31	0.116025079215263
31	0.121033906919335
31	0.117074902378417
31	0.119865023474178
31	0.116046681254559
31	0.114889378957103
31	0.119306473388759
31	0.118742969628796
31	0.115771698750422
31	0.118001781676146
31	0.117147585809887
31	0.115957993684365
31	0.121780881711043
31	0.118101468439001
31	0.1171875
31	0.114265436479773
31	0.115530172710383
31	0.118021445866482
31	0.117194865472478
31	0.120366570920531
31	0.120437708149256
31	0.117044678752939
31	0.120381576137254
31	0.116989768443726
31	0.116982681908413
31	0.121647940074906
31	0.119748520710059
31	0.120770747989683
31	0.111103361696192
31	0.120927014873746
31	0.1196640044065
31	0.113975399110181
31	0.117808407049304
31	0.120777087350904
31	0.117794321101522
31	0.115395540406192
31	0.119634204599741
31	0.118760534163101
31	0.119272679532624
31	0.116569806730639
31	0.117050627672782
31	0.115293800175403
31	0.115445151577363
31	0.118940908777494
32	0.117847411444142
32	0.117115938236064
32	0.116729459977527
32	0.117056619778045
32	0.116926043244732
32	0.116576106132242
32	0.11485668146952
32	0.115549315549316
32	0.117579084212047
32	0.118977653249505
32	0.115590836292737
32	0.11543801193947
32	0.122278639493636
32	0.113810316139767
32	0.120427569931283
32	0.119114330622565
32	0.115427457532721
32	0.11469748289832
32	0.122176667909057
32	0.120874643487709
32	0.114829774956722
32	0.116919110538189
32	0.114038202087623
32	0.119003115264798
32	0.114586216440631
32	0.122992526633805
32	0.118181163075593
32	0.116976145768134
32	0.118873395002071
32	0.118381316690155
32	0.115745708154506
32	0.118286612522924
32	0.112962833833066
32	0.120011402508552
32	0.116092034408001
32	0.116639366639367
32	0.121760318983977
32	0.112953712953713
32	0.113106663010694
32	0.116763005780347
32	0.115817657558698
32	0.116540837336994
32	0.117111847663612
32	0.116637409791301
32	0.117896691200849
32	0.115481800177559
32	0.116911472806669
32	0.119660498121608
32	0.120937477872973
32	0.115291262135922
32	0.118198477586693
32	0.113198358032422
32	0.111899708145397
32	0.117862068965517
32	0.11818691326888
32	0.119975556762629
32	0.117040879000887
32	0.119861531804414
32	0.11790456734277
32	0.117184427841133
32	0.117889147029539
32	0.11581088664422
32	0.121737841043891
32	0.114640427920491
32	0.117200255554767
32	0.11993265993266
32	0.117466579005041
32	0.117451091579246
32	0.118917341504341
32	0.115544926545951
32	0.118432589195387
32	0.116422831238409
32	0.118793254048243
32	0.120793093356746
32	0.116425424795469
32	0.120587207270185
32	0.120819774285121
32	0.11526459066463
32	0.120687102028728
32	0.113916579223505
32	0.116472545757072
32	0.120394143362709
32	0.118998468402477
32	0.115414915966387
32	0.116333309774542
32	0.119336311423101
32	0.11986301369863
32	0.120034982872968
32	0.119917835387449
32	0.117238534002613
32	0.121972894912242
32	0.117963813900057
32	0.118723668761655
32	0.120831091984938
32	0.114359655871861
32	0.118342795350095
32	0.117556504093485
32	0.116165877084821
32	0.115925529065095
32	0.114803431937508
33	0.117914267434421
33	0.115981166043484
33	0.114898902767235
33	0.114962610944161
33	0.115323196556273
33	0.118502388311323
33	0.118685331710286
33	0.117337068908011
33	0.118380672543258
33	0.114350827803472
33	0.118132611637348
33	0.11900759766019
33	0.114196694662693
33	0.116247995724212
33	0.1157002373686
33	0.113930673642904
33	0.118866620594333
33	0.11788115822698
33	0.118122977346278
33	0.111632972568239
33	0.116261004660798
33	0.117697879976075
33	0.118448263566997
33	0.123855388998169
33	0.116997792494481
33	0.114762753250181
33	0.122177674614898
33	0.116676684699125
33	0.114224557306869
33	0.113216266173752
33	0.114014737991266
33	0.115748429489494
33	0.114784868611031
33	0.115333773959022
33	0.11863370908597
33	0.118389539776037
33	0.115228288849749
33	0.115495604321858
33	0.114222453764001
33	0.118517548454688
33	0.116674117121144
33	0.115980979946248
33	0.115597783056215
33	0.113509649749821
33	0.11989574283232
33	0.112223357167177
33	0.117325664989216
33	0.118016
33	0.118237316679531
33	0.11588601375696
33	0.119383916530627
33	0.117936790258585
33	0.119145439605588
33	0.12019524100061
33	0.117435110429038
33	0.117856653419213
33	0.119779035300458
33	0.11850044935165
33	0.116989461691826
33	0.118533666590926
33	0.118555260584044
33	0.115577209365273
33	0.115220578435293
33	0.118047982551799
33	0.117835917753945
33	0.117530017152659
33	0.11730443616661
33	0.118208
33	0.117861406043852
33	0.11676501214856
33	0.118699894350879
33	0.118672934123578
33	0.118168890092774
33	0.115524683032101
33	0.118513467439482
33	0.118052818289318
33	0.117422721798475
33	0.114686356862214
33	0.116569251986603
33	0.117128960168266
33	0.11804347826087
33	0.116766270440665
33	0.117977528089888
33	0.120173778992362
33	0.119808087731323
33	0.117876489707476
33	0.119675594629592
33	0.115582367861795
33	0.118102288021534
33	0.115002072109407
33	0.118849884848908
33	0.117771268987126
33	0.116933527413877
33	0.116321261600726
33	0.11625742716014
33	0.122873611696893
33	0.118726718591263
33	0.116925649780503
33	0.116190607925859
33	0.11766730928119
34	0.11672314911366
34	0.113567773258103
34	0.118798955613577
34	0.114817275747508
34	0.119702136543949
34	0.116345564708285
34	0.120228494623656
34	0.11402157164869
34	0.120363090558216
34	0.117316164012199
34	0.118567139166259
34	0.118887685084868
34	0.116342610242725
34	0.120523602821487
34	0.118421052631579
34	0.113689245087901
34	0.11972345941634
34	0.117327219128726
34	0.119484576337368
34	0.117100614941777
34	0.115073145245559
34	0.118284834918858
34	0.117946628641271
34	0.12250408583813
34	0.119083863825076
34	0.119201164967755
34	0.116031390134529
34	0.117696672289526
34	0.115689271817676
34	0.114790139906729
34	0.115230192719486
34	0.117475916467318
34	0.117664085679137
34	0.119216843234545
34	0.114951662031519
34	0.117574596222283
34	0.114715082279342
34	0.117004370282082
34	0.116300999559942
34	0.119683408536134
34	0.118421950720087
34	0.116875
34	0.119856494362279
34	0.117030451801234
34	0.120505992010652
34	0.118203949147958
34	0.12020942408377
34	0.117913832199546
34	0.116580830713665
34	0.117635519518734
34	0.118789640591966
34	0.114372749930767
34	0.117436743674367
34	0.117847993168232
34	0.115129056989522
34	0.119799666110184
34	0.120646172721696
34	0.116977225672878
34	0.117132255128474
34	0.117012340892938
34	0.120788480357892
34	0.11719968798752
34	0.121309794154274
34	0.118905439989501
34	0.12122747340233
34	0.113225261313138
34	0.121139491885229
34	0.11837559481129
34	0.112943458980044
34	0.116850683491062
34	0.114397247585021
34	0.117224880382775
34	0.119157864274345
34	0.121093202522775
34	0.118846802637632
34	0.114941801619433
34	0.116166312433581
34	0.121434892110816
34	0.118358346966356
34	0.120077710528282
34	0.115659081728827
34	0.117150395778364
34	0.11581646797893
34	0.119100458647729
34	0.118166471886768
34	0.114797518645013
34	0.117076598735067
34	0.119079176839902
34	0.120663757957228
34	0.117681728880157
34	0.117225042301184
34	0.115410140695514
34	0.115780389032729
34	0.116966580976864
34	0.114068965517241
34	0.11587818425589
34	0.119994486180991
34	0.119208814549316
34	0.111647186735526
34	0.117908947292834
35	0.118470651588584
35	0.11768874001546
35	0.116930493127484
35	0.115297863871567
35	0.113308881320409
35	0.117631561614964
35	0.117457978972745
35	0.11798411251465
35	0.113874438822775
35	0.118518003614625
35	0.114951164537941
35	0.122362561144776
35	0.118392494573969
35	0.116209575669035
35	0.116571352573481
35	0.113962912931352
35	0.11900417101147
35	0.118179227810229
35	0.119625661196257
35	0.119273871158005
35	0.113317022020273
35	0.118543439540867
35	0.11315005886019
35	0.114488798629181
35	0.123738264982
35	0.113466011889377
35	0.118250397035468
35	0.114088869224449
35	0.115727998925958
35	0.110062893081761
35	0.117817479478513
35	0.115486997474575
35	0.118016664390111
35	0.122392211404729
35	0.116589408624807
35	0.115392743923917
35	0.112600183944291
35	0.119614018628962
35	0.115735694822888
35	0.118835893290218
35	0.116058096918691
35	0.119945541184479
35	0.114577124312868
35	0.116932422171602
35	0.114808761033017
35	0.119660441426146
35	0.117056856187291
35	0.114635858811515
35	0.117174225591426
35	0.115357166028677
35	0.120640780539258
35	0.112360284985947
35	0.114979597209425
35	0.116552667578659
35	0.115220008024609
35	0.115948095437422
35	0.114920224234584
35	0.119310299266697
35	0.118641967659996
35	0.11447943151444
35	0.115743710355641
35	0.11496300356262
35	0.121122692452593
35	0.118519595724569
35	0.114854202401372
35	0.116557734204793
35	0.11969808296039
35	0.118927866556312
35	0.119976359338061
35	0.121126015991542
35	0.115318059112619
35	0.11305535679438
35	0.114540614432693
35	0.120626086956522
35	0.11668412781561
35	0.121579277209108
35	0.117805383022774
35	0.115489130434783
35	0.116634676903391
35	0.112569507306349
35	0.117972742759796
35	0.112241633070967
35	0.113361737794231
35	0.117360252712539
35	0.113049416439037
35	0.115995541312526
35	0.11850353892821
35	0.118059987236758
35	0.116067903671536
35	0.11821896576018
35	0.116817456093667
35	0.120812740252608
35	0.118826956176354
35	0.115666375428456
35	0.11784736596114
35	0.116347860382568
35	0.118332556436039
35	0.118071476736345
35	0.119124087591241
35	0.122595830531271
36	0.114754098360656
36	0.117052658005398
36	0.120531561461794
36	0.116750313676286
36	0.115568616730454
36	0.113837224640549
36	0.114942528735632
36	0.114688261241688
36	0.113795896328294
36	0.118499466783765
36	0.11555726561498
36	0.116879586844251
36	0.119973100201748
36	0.117438436830835
36	0.114220779220779
36	0.119455542764272
36	0.118074130683989
36	0.114711966401304
36	0.11828605914303
36	0.119170984455959
36	0.117069044055443
36	0.116367200261352
36	0.119604612850082
36	0.114136395896509
36	0.116003386960203
36	0.120758483033932
36	0.115507807286801
36	0.115999197700074
36	0.117429885355269
36	0.114931887316493
36	0.119613526570048
36	0.116547131147541
36	0.117122851686824
36	0.114811229428848
36	0.11441504178273
36	0.115894253765109
36	0.116931216931217
36	0.114030644548563
36	0.114053625676925
36	0.118900434039195
36	0.116582979271276
36	0.116881227725653
36	0.120576407506702
36	0.116744975202297
36	0.116529910005294
36	0.117429269996507
36	0.115026509763352
36	0.118871132267936
36	0.116263232836006
36	0.118358445678033
36	0.115048859934853
36	0.118011220739021
36	0.114563977702313
36	0.11501210653753
36	0.113051470588235
36	0.115180301231173
36	0.115937359025585
36	0.111694152923538
36	0.117122933884298
36	0.115637052574599
36	0.115842938073843
36	0.112546730504362
36	0.117054104093808
36	0.121370994167377
36	0.113125638406537
36	0.119356340182193
36	0.118162211620156
36	0.115508668189759
36	0.114803024273776
36	0.116021352794108
36	0.121102486514932
36	0.116259422926956
36	0.115997207944667
36	0.114996914215182
36	0.121081150819249
36	0.119819988749297
36	0.117832305471723
36	0.122159472905742
36	0.117548559946417
36	0.118990722518977
36	0.116987283990871
36	0.119478483898547
36	0.118272
36	0.115405626877902
36	0.117927337701013
36	0.121613017332862
36	0.120049761559196
36	0.113994439295644
36	0.122981282519089
36	0.115920763022744
36	0.116736536601096
36	0.116819728983367
36	0.115573164998993
36	0.115963253894288
36	0.115382126447939
36	0.118116938388005
36	0.113079286227858
36	0.116259030953801
36	0.119097339171438
36	0.117729600785799
37	0.117876913057636
37	0.115866046267776
37	0.117857142857143
37	0.115966716897071
37	0.117410200690272
37	0.117248255234297
37	0.116488715555271
37	0.115573982897124
37	0.117812336644015
37	0.118613722104994
37	0.116633266533066
37	0.116209734914771
37	0.12142616885301
37	0.115382203549257
37	0.118552217836355
37	0.11841668327024
37	0.113747114644781
37	0.118326025277276
37	0.116705090659854
37	0.112602970746578
37	0.114616125923546
37	0.114381833473507
37	0.113337587747288
37	0.119303839511093
37	0.115117177440124
37	0.116609634114241
37	0.119210278909433
37	0.114366486764328
37	0.117175170962651
37	0.113238052124426
37	0.116009125067096
37	0.115634851432021
37	0.11541746042173
37	0.112498391041318
37	0.121151672318638
37	0.116228767733316
37	0.115021459227468
37	0.113505930366025
37	0.114
37	0.116255829447035
37	0.113549556548197
37	0.118251753012458
37	0.118077835123448
37	0.115778818170315
37	0.114558169103624
37	0.112180828798661
37	0.115387203121846
37	0.116156818037874
37	0.116653875671527
37	0.113450680836931
37	0.113189168127801
37	0.118298034726197
37	0.112205510448556
37	0.117654757230729
37	0.114573614480313
37	0.114397180971558
37	0.114787738873926
37	0.11159122085048
37	0.116682863621639
37	0.11886354851179
37	0.114384980289971
37	0.120383310041925
37	0.117487046632124
37	0.11712210307852
37	0.115336345381526
37	0.114475294723958
37	0.117248705351215
37	0.11782012704781
37	0.11424810793024
37	0.114884801305794
37	0.119159699290382
37	0.118707015130674
37	0.114946271572778
37	0.11677811550152
37	0.116366267596369
37	0.11467222959732
37	0.115391843638414
37	0.11636974789916
37	0.114892227302417
37	0.117407310018407
37	0.116780406913706
37	0.108899980553575
37	0.1184623788065
37	0.112932604735883
37	0.112739138780472
37	0.120802702165706
37	0.112495057334915
37	0.116954835316547
37	0.119306704893465
37	0.114927602103759
37	0.112662463003474
37	0.114976826868135
37	0.116671073506081
37	0.117280342879408
37	0.115203080362688
37	0.116022791309248
37	0.115258718368375
37	0.113681592039801
37	0.118702645221321
37	0.113545424729419
38	0.113505839839969
38	0.114343793672977
38	0.118195856389139
38	0.115795321276464
38	0.115975870791983
38	0.115569719042664
38	0.115600156392545
38	0.117175893030166
38	0.115107462873614
38	0.117180176238985
38	0.11788891884605
38	0.117325969689186
38	0.119364299843121
38	0.113805970149254
38	0.115189230378461
38	0.114092664092664
38	0.115413393191171
38	0.117740441857389
38	0.117879696370479
38	0.117865607584396
38	0.116203467618562
38	0.113335100742312
38	0.117474489795918
38	0.116966996060195
38	0.114815069908396
38	0.116804257351436
38	0.115821792526783
38	0.114359470797031
38	0.114025382362512
38	0.117749347907092
38	0.118390657084189
38	0.116277565802238
38	0.113729842658484
38	0.11397249610794
38	0.114257228315055
38	0.118380062305296
38	0.119560503108284
38	0.114794782055361
38	0.118343565969177
38	0.112501580078372
38	0.117121682396909
38	0.117572129163748
38	0.113121890547264
38	0.113442162989415
38	0.117529215358932
38	0.114266799073155
38	0.113875658059664
38	0.117949683167074
38	0.117797109032638
38	0.116690423739795
38	0.114772514510391
38	0.115938303341902
38	0.114881631010663
38	0.115749656121045
38	0.114944782068875
38	0.114898124493738
38	0.115957101072473
38	0.114218810979576
38	0.117884385046965
38	0.113482770157243
38	0.117915268190742
38	0.119150348489877
38	0.117760361317747
38	0.117935024477081
38	0.115948439277139
38	0.116889312977099
38	0.118297401879491
38	0.116895746887967
38	0.117499839568761
38	0.115727604377787
38	0.118687378118486
38	0.117599839454144
38	0.116711221229706
38	0.113923231277105
38	0.113223353524939
38	0.11573666011255
38	0.115769106739761
38	0.116908591604551
38	0.113174772848744
38	0.115895458440446
38	0.112260359707491
38	0.119236671782211
38	0.116781284144225
38	0.117997772390749
38	0.115930702097173
38	0.118560289612921
38	0.113992331188666
38	0.115252329435307
38	0.116982654296087
38	0.116981132075472
38	0.114976528840589
38	0.117545871559633
38	0.114883046988201
38	0.121745952499822
38	0.114749904055264
38	0.116748323878288
38	0.117953284471539
38	0.116425304878049
38	0.118875884594447
38	0.116792638843247
39	0.119008696789381
39	0.114628957577274
39	0.11537708129285
39	0.115490787699814
39	0.116190357075855
39	0.119964434717188
39	0.115976105744789
39	0.115377169774795
39	0.113040732554468
39	0.118518022243066
39	0.120063504663624
39	0.117180176238985
39	0.115099176899204
39	0.118985825514075
39	0.11632484602197
39	0.116667737995758
39	0.112291350531108
39	0.115293383270911
39	0.115191242919875
39	0.118055087884706
39	0.117257348684634
39	0.11762043323634
39	0.11530094271211
39	0.113436910875642
39	0.113984981708491
39	0.113108285839544
39	0.116059465322529
39	0.115830115830116
39	0.12020942408377
39	0.115962233065078
39	0.11654230428734
39	0.113535983372304
39	0.117764599716385
39	0.117191533298916
39	0.11579862271846
39	0.116654116465863
39	0.118706728507091
39	0.115425632018067
39	0.115887251761691
39	0.117593673019577
39	0.114343029087262
39	0.114554921894371
39	0.117608921161826
39	0.112822866133473
39	0.114952794080122
39	0.121195906628319
39	0.118986529826812
39	0.115412374516108
39	0.115064666950027
39	0.113470038403014
39	0.116938110749186
39	0.115230994541339
39	0.114695110197263
39	0.119160548372425
39	0.116856730895268
39	0.117922043718725
39	0.116860886167621
39	0.116942494687359
39	0.118010444529359
39	0.112399256044637
39	0.118727384447327
39	0.117135681627922
39	0.115030386567258
39	0.115627490650481
39	0.116241208648085
39	0.116919208628333
39	0.112798965740142
39	0.11427701674277
39	0.116716819258595
39	0.117998365499466
39	0.112369732668781
39	0.11718198503459
39	0.116440689514206
39	0.11849071778031
39	0.11592039800995
39	0.117699311570064
39	0.113152139956264
39	0.117385038647976
39	0.112496045555204
39	0.114012862989671
39	0.116219415943173
39	0.114412889474014
39	0.121334889789192
39	0.117150079829697
39	0.119394512771996
39	0.118775406504065
39	0.120350830915326
39	0.11553893233594
39	0.113686943620178
39	0.114638665843113
39	0.114869934967484
39	0.116233602421796
39	0.116411718952554
39	0.117336019136346
39	0.115322628782905
39	0.115442372669253
39	0.114709851551957
39	0.112578616352201
39	0.116996805111821
39	0.113845373247923
40	0.115863840719332
40	0.120631565039308
40	0.113621393755763
40	0.11633208789817
40	0.115761009528715
40	0.116756260652943
40	0.115794474988122
40	0.120237633991993
40	0.114473086163236
40	0.114462003399861
40	0.114616588419405
40	0.115144394286068
40	0.116650049850449
40	0.116533864541833
40	0.113288387625228
40	0.116482307645297
40	0.11587795765878
40	0.118097771023303
40	0.117863105175292
40	0.115916069600819
40	0.116731281802762
40	0.116811418568639
40	0.113711523785296
40	0.113496562537691
40	0.113437727603787
40	0.120402684563758
40	0.114373742454728
40	0.112114606041732
40	0.115569620253165
40	0.114115972523052
40	0.115708101422387
40	0.116676725005029
40	0.115441744400214
40	0.115888345019182
40	0.116137311517485
40	0.11148691767709
40	0.116915422885572
40	0.116231808050347
40	0.114434495459453
40	0.113660787660408
40	0.116455381556053
40	0.119265468040182
40	0.119734070563454
40	0.115819028779274
40	0.119005211425556
40	0.118088599959788
40	0.115091557084921
40	0.118337850045167
40	0.115324740021172
40	0.117704406603406
40	0.115470435105987
40	0.112402121747916
40	0.1158635288258
40	0.119869918699187
40	0.114772933422023
40	0.117116540872457
40	0.113848975848364
40	0.117026748971193
40	0.11770884824518
40	0.117160578911096
40	0.114558621550755
40	0.115104233277913
40	0.11433581232239
40	0.113476953907816
40	0.115713260713587
40	0.116823635659915
40	0.115462969047776
40	0.116730238063922
40	0.117330677290837
40	0.11505253999063
40	0.117005076142132
40	0.114235610947579
40	0.117219028983735
40	0.115736563990205
40	0.115539182853315
40	0.118711473453967
40	0.118447114749769
40	0.11419096483544
40	0.117082777460136
40	0.11411027248305
40	0.118180065548487
40	0.119135378272006
40	0.113496932515337
40	0.114163991108916
40	0.114298492205469
40	0.116759229010127
40	0.112636679920477
40	0.116838054381427
40	0.116258686533525
40	0.114876543209877
40	0.114978168702145
40	0.117149758454106
40	0.117243610482045
40	0.116566340606973
40	0.1175730902232
40	0.117955271565495
40	0.117179487179487
40	0.117947424825065
40	0.116493802175563
40	0.116917567477949
41	0.117621117621118
41	0.115111467918236
41	0.116029510395708
41	0.114088050314465
41	0.114930576793688
41	0.114567062818336
41	0.117433414043584
41	0.117785048459781
41	0.118470906630582
41	0.115328926660371
41	0.117796776088233
41	0.114911652340019
41	0.119207820236131
41	0.11594659276987
41	0.119768740555811
41	0.115185256287195
41	0.115280511811024
41	0.113787897848786
41	0.116164383561644
41	0.116786431022205
41	0.114857244613284
41	0.116622468659595
41	0.116491098379844
41	0.115207667731629
41	0.114757081336811
41	0.118813139335409
41	0.114396635393077
41	0.115444245676804
41	0.1184218476225
41	0.114457086322038
41	0.116750621692278
41	0.118459528401667
41	0.119753243449504
41	0.115147273999618
41	0.114761118247997
41	0.117511216679863
41	0.115768583112822
41	0.11552598225602
41	0.11771554233232
41	0.115038797881513
41	0.116139141335005
41	0.116247865333008
41	0.112786964685929
41	0.117095425167913
41	0.11454753722795
41	0.116723686858523
41	0.113920119262066
41	0.113047717715888
41	0.117280138339921
41	0.114589447596687
41	0.115987268943567
41	0.114493712772998
41	0.113803738906024
41	0.115734309887612
41	0.117658398663411
41	0.119491198766542
41	0.113161969650046
41	0.117118265859101
41	0.113584227168454
41	0.113275211772708
41	0.117350520068917
41	0.112104187946885
41	0.115048146516458
41	0.117287098419174
41	0.112630732099759
41	0.118164676304211
41	0.117755231452124
41	0.113850321706739
41	0.118360164244281
41	0.11369904995403
41	0.115198628879231
41	0.116823314199205
41	0.117548016961836
41	0.116175377755759
41	0.115101289134438
41	0.116597562507853
41	0.1148753894081
41	0.116918582497142
41	0.115088105726872
41	0.116386500705762
41	0.114886523913322
41	0.116768370200864
41	0.115814262423767
41	0.117352577855796
41	0.118273051794975
41	0.113486408023225
41	0.117416200218748
41	0.120547764829811
41	0.116985531097854
41	0.112012195121951
41	0.113914324133957
41	0.115379665379665
41	0.111817109917464
41	0.112741218725269
41	0.117332263027627
41	0.11643046043263
41	0.115831100905728
41	0.114334785008894
41	0.11436478311237
41	0.114431673052363
42	0.118259104174597
42	0.110161028585695
42	0.115550284037705
42	0.114396123412869
42	0.114864864864865
42	0.114582031738098
42	0.11661918328585
42	0.115446351401408
42	0.117540120361083
42	0.115519839276745
42	0.11340206185567
42	0.117404279636802
42	0.112724110248863
42	0.117737757493524
42	0.118674123584777
42	0.116570863464985
42	0.115663705742525
42	0.113590939373751
42	0.11889132020423
42	0.117883072220099
42	0.114907016814212
42	0.117408906882591
42	0.118324334872829
42	0.117394974352315
42	0.11544550693433
42	0.11349375571124
42	0.115406023872843
42	0.120986351948309
42	0.117059504232901
42	0.116260272127172
42	0.116999311768754
42	0.118683487208401
42	0.117206364930964
42	0.115944869031289
42	0.114883662114315
42	0.114251639833035
42	0.111028454528548
42	0.113802707429238
42	0.112615189068955
42	0.11227835802769
42	0.117296832801375
42	0.115352598406469
42	0.114546544945692
42	0.118647318289331
42	0.116504247876062
42	0.112975534776483
42	0.114742193173566
42	0.113877279059907
42	0.11758678109389
42	0.113831694799975
42	0.116330252153682
42	0.112858013406459
42	0.116117531349889
42	0.115915068317403
42	0.117789773761145
42	0.1146917658792
42	0.111728395061728
42	0.117257474454396
42	0.1166840394874
42	0.11770910896004
42	0.115843800522323
42	0.114043355325165
42	0.114825961790107
42	0.117691723614275
42	0.117834981876267
42	0.116817084021863
42	0.11406347230865
42	0.114100858628613
42	0.116150660619207
42	0.115986071541627
42	0.118943316075933
42	0.11605946143536
42	0.11753026324217
42	0.111465781409602
42	0.11827200450292
42	0.117519245095605
42	0.116956044665333
42	0.116557337220603
42	0.113980354605548
42	0.112711535977264
42	0.118327636076781
42	0.114001073793474
42	0.113909524672344
42	0.11648835745752
42	0.120398524940157
42	0.115952510094618
42	0.115711713948724
42	0.113694928037207
42	0.113281493001555
42	0.116769614929689
42	0.115810301119149
42	0.119170984455959
42	0.116574923547401
42	0.114986608229851
42	0.115607665153807
42	0.116398980619925
42	0.114148392910784
42	0.117424242424242
42	0.119295634920635
42	0.116030344484517
43	0.115554724973525
43	0.116891140491783
43	0.117040244523688
43	0.11708119739257
43	0.114244075529084
43	0.115271796792111
43	0.117665735331471
43	0.116999356084997
43	0.115604037364429
43	0.121550205519671
43	0.114941828592313
43	0.114671478347437
43	0.116537966537967
43	0.114304935477952
43	0.114386864432644
43	0.114010007147963
43	0.114871920879661
43	0.111356389502085
43	0.117193624248759
43	0.115975844084546
43	0.115641964398435
43	0.116807900993721
43	0.117858494135452
43	0.116189877397045
43	0.117472406893436
43	0.115779220779221
43	0.113715590816204
43	0.116320369383768
43	0.11480271120794
43	0.115940216371709
43	0.118360777516405
43	0.115220398099705
43	0.114927655569933
43	0.112650564813081
43	0.115876314629385
43	0.116445880452342
43	0.116149192207965
43	0.115881213686249
43	0.115811373092926
43	0.114473765147321
43	0.117308516500337
43	0.11381228834059
43	0.115525749715298
43	0.11644598440787
43	0.116004642765025
43	0.116609922178988
43	0.114411027568922
43	0.113668061366806
43	0.112517931765733
43	0.115429699549633
43	0.115626334736714
43	0.11209657551121
43	0.116413593637021
43	0.113216744866248
43	0.116216733677963
43	0.116440404282041
43	0.115412402167369
43	0.116376350127989
43	0.115116808746014
43	0.114928128708954
43	0.116640746500778
43	0.110782104924364
43	0.116336795349141
43	0.115011343584573
43	0.112553842312254
43	0.11812129725768
43	0.113569228835397
43	0.121728864694694
43	0.118071831253563
43	0.11578555472822
43	0.114388020833333
43	0.114493836384012
43	0.116883116883117
43	0.115334125148465
43	0.115185185185185
43	0.112428990573694
43	0.118000123754718
43	0.112350804359107
43	0.117669032499066
43	0.112945375740965
43	0.116759710179356
43	0.116330275229358
43	0.110586290370195
43	0.113826129666012
43	0.116084788029925
43	0.113922532677779
43	0.112450046111282
43	0.117824216349109
43	0.114625239834128
43	0.11591749733559
43	0.113517099945714
43	0.114569694084038
43	0.116796951980556
43	0.11467861365192
43	0.117672255537878
43	0.113452691781673
43	0.113538748832866
43	0.116680507770791
43	0.11818632309217
43	0.118756181998022
44	0.115807828753533
44	0.114459252270315
44	0.114188674825789
44	0.116096642610606
44	0.11373237148242
44	0.112502235736004
44	0.115673728023855
44	0.114419597840916
44	0.113409817566297
44	0.11422026868074
44	0.118173030449493
44	0.117025292563231
44	0.113735783027122
44	0.112709992637708
44	0.114743630674925
44	0.112718916904732
44	0.112602755928795
44	0.117943231166216
44	0.115555555555556
44	0.111515079270473
44	0.114470976993578
44	0.11516452074392
44	0.116225250707123
44	0.115566744590302
44	0.114094383726072
44	0.116802507836991
44	0.116305443548387
44	0.114044874178753
44	0.113299000302939
44	0.113541211022933
44	0.11812317429406
44	0.116626683890017
44	0.115768701787957
44	0.11566096521905
44	0.113465566095848
44	0.117692160245352
44	0.118243661100804
44	0.111049757653844
44	0.118311062297883
44	0.114114307831248
44	0.115837104072398
44	0.114894932014833
44	0.114397321428571
44	0.116220684587594
44	0.118697614442295
44	0.114596836919886
44	0.112737654133512
44	0.11722968730378
44	0.115781844537054
44	0.112285012285012
44	0.117590143843127
44	0.114407554066403
44	0.118296921549156
44	0.116128638554952
44	0.11653134566751
44	0.111019736842105
44	0.115331862365078
44	0.11612247490789
44	0.112582781456954
44	0.117252318204002
44	0.114397486811689
44	0.112209965766451
44	0.111748381128585
44	0.114814814814815
44	0.115099468676634
44	0.115410980245529
44	0.116166505324298
44	0.115392214977277
44	0.113971035657783
44	0.11702688455456
44	0.117211931681501
44	0.115262824572514
44	0.114656031904287
44	0.117636440219026
44	0.116168771173391
44	0.115133705553923
44	0.1175
44	0.111163698751701
44	0.116436270629073
44	0.112396204033215
44	0.116886316048774
44	0.115812659401808
44	0.115835685167764
44	0.114841098426412
44	0.116650820061802
44	0.117997310967411
44	0.116955859969559
44	0.114882506527415
44	0.114427252155831
44	0.110984199505045
44	0.11156366212148
44	0.118622769540085
44	0.114800333311967
44	0.112861044923578
44	0.115873305368107
44	0.112637702685976
44	0.116888888888889
44	0.114821428571429
44	0.116273500179619
44	0.116244411326379
45	0.118146335419119
45	0.113827730306243
45	0.116903241802517
45	0.116014449127032
45	0.111247894259427
45	0.114368239921337
45	0.11818578281727
45	0.118294712584816
45	0.118146861820888
45	0.113713405238829
45	0.113369184592296
45	0.113217833777562
45	0.113195304665841
45	0.115766790374716
45	0.113040396881644
45	0.117761320869249
45	0.116574793284891
45	0.112531660837052
45	0.11515187470337
45	0.115187562569931
45	0.112987092432862
45	0.116766841973454
45	0.114108011577068
45	0.115175597498977
45	0.114701637698438
45	0.11372169068669
45	0.111935683364255
45	0.11673058485139
45	0.113400868306802
45	0.115287009063444
45	0.117124763334857
45	0.113400797301441
45	0.112992224730374
45	0.116551040634291
45	0.11480122324159
45	0.11280487804878
45	0.112087912087912
45	0.113437404346495
45	0.115406162464986
45	0.111507158557595
45	0.114315201554153
45	0.113429256594724
45	0.116015451839656
45	0.112789902381397
45	0.115144007432642
45	0.11693695890745
45	0.11339323919555
45	0.113536061906777
45	0.111709917403784
45	0.11541601255887
45	0.110731848423489
45	0.114499066583696
45	0.115377411500281
45	0.113459328310561
45	0.114158546854325
45	0.113303474155671
45	0.114947012547949
45	0.113803317535545
45	0.112177777777778
45	0.114867690102144
45	0.116473149492017
45	0.114427266758193
45	0.116947221870649
45	0.115088529638183
45	0.115868864424305
45	0.11070178670105
45	0.112511415525114
45	0.117478882391163
45	0.114047791455467
45	0.115026554201812
45	0.113818067359144
45	0.112662586074981
45	0.111084337349398
45	0.1142635288496
45	0.113048299655002
45	0.114761933209869
45	0.115207937771789
45	0.115690750910101
45	0.116009692098576
45	0.114201870758697
45	0.114557587740979
45	0.113689535251344
45	0.113111641864168
45	0.116028633675692
45	0.111364044809201
45	0.115377256202564
45	0.114312383322962
45	0.118989710009355
45	0.114813692820357
45	0.11348268360087
45	0.115281827016521
45	0.113619942196532
45	0.111175115207373
45	0.116019952063225
45	0.115499521988528
45	0.118231275303644
45	0.117199299220685
45	0.115688696726374
45	0.111828202638643
45	0.11577213104366
46	0.115260663507109
46	0.114920942630399
46	0.117332157702481
46	0.116169352368115
46	0.116438765151968
46	0.115826756975082
46	0.118974100447413
46	0.115823190262652
46	0.11729550256565
46	0.116609748525303
46	0.115186999641534
46	0.115496227510157
46	0.114139282484172
46	0.112911907182585
46	0.112665593661013
46	0.115952824332713
46	0.115991394765149
46	0.117307692307692
46	0.11411823397356
46	0.111111111111111
46	0.115978744438952
46	0.113260170981629
46	0.115170820061208
46	0.112676056338028
46	0.115091371172698
46	0.11561331453442
46	0.112866817155756
46	0.113028365712867
46	0.116174844304755
46	0.115449280777134
46	0.117431962594413
46	0.117438158216997
46	0.11487543627392
46	0.114802553795223
46	0.111454566662778
46	0.114742617018793
46	0.115155649262061
46	0.112349966489977
46	0.115495905928708
46	0.11499879139473
46	0.114887505983724
46	0.115969224995309
46	0.115465763058628
46	0.113434459418626
46	0.117745904098902
46	0.116056817437979
46	0.115795685528818
46	0.119926538108356
46	0.116259426847662
46	0.114165030638348
46	0.116218398658302
46	0.114190753160425
46	0.115017309299272
46	0.117488349276429
46	0.115569437770303
46	0.112767606893673
46	0.115279878971256
46	0.111417730251811
46	0.117425135581231
46	0.112372170006502
46	0.117110587666848
46	0.116909361069837
46	0.110406389476157
46	0.114353816638568
46	0.115961800818554
46	0.114114114114114
46	0.111332824696285
46	0.112709266682386
46	0.114393125671321
46	0.115669551142377
46	0.112554112554113
46	0.11472275334608
46	0.114931427467645
46	0.115327009485771
46	0.113704041324825
46	0.113200893381921
46	0.115586286372803
46	0.119576581285938
46	0.113491424679586
46	0.114415410580225
46	0.116516204455413
46	0.11541102303227
46	0.116360403082395
46	0.118322766932396
46	0.115737039542464
46	0.115234375
46	0.116179053849415
46	0.115133455905662
46	0.11612197632527
46	0.115248757708196
46	0.111942917300269
46	0.11266260890321
46	0.116670705112673
46	0.114655172413793
46	0.1159629119158
46	0.11531443863277
46	0.111732487748631
46	0.113801893663511
46	0.114063899671544
46	0.115808014090709
47	0.112821127013594
47	0.11498786407767
47	0.112200435729847
47	0.114350309376487
47	0.11466547952175
47	0.115493477725818
47	0.117117696213923
47	0.115134051616136
47	0.113391513692447
47	0.114215283483977
47	0.11583586814824
47	0.114890493086994
47	0.114191922152529
47	0.116215059025017
47	0.115097690941385
47	0.114413875598086
47	0.113272041489863
47	0.115762671719564
47	0.112932154122085
47	0.114273602616121
47	0.115300146412884
47	0.116260989175289
47	0.113332941245663
47	0.113560656532009
47	0.11578075056233
47	0.114241559676652
47	0.114770517881341
47	0.114954161209668
47	0.112980343545245
47	0.113575228644868
47	0.115146928994829
47	0.115889081870995
47	0.11842600728003
47	0.11502536900369
47	0.114403859407305
47	0.11434034416826
47	0.115630929791271
47	0.119038884812913
47	0.115098861593769
47	0.114506582920643
47	0.114812189936215
47	0.11211247296323
47	0.113827630689846
47	0.113395934862712
47	0.114422897050571
47	0.113497840108882
47	0.115987857323552
47	0.117146877102832
47	0.110890227992794
47	0.113281022958442
47	0.115734125850146
47	0.112955825674474
47	0.114399613433196
47	0.114843367596672
47	0.116105343124842
47	0.112495770835683
47	0.113928508540236
47	0.115687124543259
47	0.11566937735162
47	0.113601754279101
47	0.113917312355829
47	0.116843330678267
47	0.11218917034627
47	0.113508052534617
47	0.117539081004263
47	0.114398895624512
47	0.113167760074977
47	0.114171585285876
47	0.117328292375551
47	0.112942576614103
47	0.116241944066694
47	0.113836742038026
47	0.113667038319347
47	0.114354395604396
47	0.118361244019139
47	0.116618248651212
47	0.110129245566576
47	0.115206291449029
47	0.114093152003851
47	0.113418432785684
47	0.118317757009346
47	0.112052900510971
47	0.116800200300451
47	0.114965492190338
47	0.113039920509673
47	0.117158508570419
47	0.114362514509133
47	0.114327149676718
47	0.118956615033863
47	0.113663915026266
47	0.113352876932805
47	0.114610190300798
47	0.115549048316252
47	0.114135421126674
47	0.114146402450459
47	0.113261205564142
47	0.116432311584397
47	0.115695067264574
47	0.115208724202627
47	0.111178320832325
48	0.115427961326295
48	0.116133439599226
48	0.115965855200759
48	0.116315525457738
48	0.113878784142056
48	0.1143583227446
48	0.113020610360223
48	0.115112905260502
48	0.112682455841427
48	0.112341489551706
48	0.114393350475393
48	0.113096637667529
48	0.117773917210807
48	0.114254690233456
48	0.115398507103299
48	0.115370683409804
48	0.113040375810192
48	0.112646514497224
48	0.11439636095402
48	0.111908090693575
48	0.115945581566368
48	0.112909921129099
48	0.113317043372022
48	0.116606089495323
48	0.114846436618048
48	0.113872516254481
48	0.114131067396112
48	0.115631821489207
48	0.114151497357604
48	0.11387426635203
48	0.112880330802938
48	0.116158498950747
48	0.115309446254072
48	0.113679819224752
48	0.112029985721085
48	0.115177610333692
48	0.1171875
48	0.113238412602242
48	0.112644198145216
48	0.115480575026732
48	0.114675374567806
48	0.11614899440676
48	0.114745178646998
48	0.117681915145769
48	0.112785551967468
48	0.114102564102564
48	0.114112854917935
48	0.110680296087416
48	0.118760864166874
48	0.114218841427736
48	0.114243672748676
48	0.114029955534753
48	0.114499825723249
48	0.117198548853225
48	0.116624668863475
48	0.115648286140089
48	0.114001207000603
48	0.114331623509054
48	0.114914570479355
48	0.113068181818182
48	0.114843507902076
48	0.113129154795821
48	0.112550218864304
48	0.115830838323353
48	0.113674667286569
48	0.114779484638256
48	0.1129602188533
48	0.114747257987601
48	0.118133935289692
48	0.113903550863724
48	0.115712545676005
48	0.115690750910101
48	0.116810502005591
48	0.114131424064074
48	0.116472950769792
48	0.114223144306132
48	0.11294240111034
48	0.113874503191617
48	0.112972202423378
48	0.115944540727903
48	0.114187456283516
48	0.110206009090372
48	0.11225843668878
48	0.117423771001867
48	0.116084802396589
48	0.113316582914573
48	0.11378358925144
48	0.113878794983003
48	0.114775568520062
48	0.116127867076034
48	0.113529240616817
48	0.115009293680297
48	0.112913096695226
48	0.114056177798628
48	0.116564417177914
48	0.116126258904446
48	0.114616755793226
48	0.112767299203119
48	0.113705524344569
48	0.116623253611177
49	0.114078987036479
49	0.118357194855618
49	0.113495440729483
49	0.112520651404295
49	0.115754481776089
49	0.11335558287956
49	0.112193130794799
49	0.116488326848249
49	0.115830350100115
49	0.11353461141086
49	0.11292241789624
49	0.113183845235852
49	0.115128620255442
49	0.114771709937332
49	0.115511934490969
49	0.115052108005685
49	0.113793913758665
49	0.116832957837142
49	0.113527724665392
49	0.113560804899388
49	0.113781957096679
49	0.115905140302955
49	0.113203106613321
49	0.115727002967359
49	0.113141757845377
49	0.114115898959881
49	0.112521501868438
49	0.116761594792514
49	0.111952761541214
49	0.117217411792425
49	0.114142635123467
49	0.114119922630561
49	0.115670975043183
49	0.113503628104537
49	0.116274797942689
49	0.11283661955447
49	0.113077858880779
49	0.113071139386929
49	0.11188276146195
49	0.115047311331641
49	0.115105008077544
49	0.113454415103358
49	0.113649712204863
49	0.111711397699547
49	0.112860892388451
49	0.113127826707927
49	0.113802919265944
49	0.112290980104968
49	0.116065898674594
49	0.112973456606024
49	0.115049637614958
49	0.113496190591365
49	0.111736810906935
49	0.113230950974601
49	0.116850234206862
49	0.111150379925782
49	0.113664055700609
49	0.115291190236388
49	0.11663807890223
49	0.113527569292595
49	0.113405146618791
49	0.113827630689846
49	0.11531487972924
49	0.115739034279395
49	0.115544421361359
49	0.115173122243036
49	0.111168801199954
49	0.116960183767228
49	0.114002777610048
49	0.113673114930826
49	0.113235644507982
49	0.116650932263394
49	0.115227839630103
49	0.113961136023916
49	0.115747289014616
49	0.113758046080732
49	0.113920927650651
49	0.115834218916047
49	0.115492613844463
49	0.118645066273932
49	0.114778601233107
49	0.113676008838237
49	0.113332143494556
49	0.114019879796579
49	0.112047177759056
49	0.113924050632911
49	0.115276640542754
49	0.113537917149655
49	0.113666386453705
49	0.114657631954351
49	0.114443872296601
49	0.112925482980681
49	0.114864465835942
49	0.113822597045278
49	0.114905022724624
49	0.112424312994877
49	0.110900790557844
49	0.115986517394968
49	0.117265380758568
49	0.115130992692925
50	0.113807982740022
50	0.115812364088226
50	0.115789473684211
50	0.112435824301198
50	0.112367748996717
50	0.115155241315709
50	0.112192227825571
50	0.115207645115621
50	0.112304966565697
50	0.111989840096981
50	0.114931960279515
50	0.115093777910092
50	0.112708854864062
50	0.115036646816308
50	0.113382687927107
50	0.113880631145667
50	0.112627777437718
50	0.113031455236778
50	0.11319189285291
50	0.113881607023106
50	0.11211876155268
50	0.115951701959833
50	0.113106256941873
50	0.115139348134152
50	0.115071101326828
50	0.11195807527394
50	0.112555427321873
50	0.115228363904961
50	0.113444135565151
50	0.113109630241198
50	0.11392629340893
50	0.117276922154971
50	0.111665805933322
50	0.114547339322737
50	0.113107390771744
50	0.11443799029882
50	0.114943865976383
50	0.113239066881451
50	0.114601068514061
50	0.114163903363335
50	0.117017232640649
50	0.11233907471636
50	0.111402515348394
50	0.113599713313026
50	0.115149769585253
50	0.112947976878613
50	0.112714576665697
50	0.117065868263473
50	0.112983210850212
50	0.112396398545108
50	0.112529832935561
50	0.115275114752193
50	0.113899259440602
50	0.112843042850265
50	0.111493381538282
50	0.11753686246072
50	0.114788608853283
50	0.113244994454498
50	0.11423623551893
50	0.113271900430828
50	0.114671260407695
50	0.111871384067646
50	0.113173408042958
50	0.11278328611898
50	0.111409166143485
50	0.114356232003291
50	0.113508951714992
50	0.113039506736698
50	0.117242985213645
50	0.114964234620887
50	0.111867928884784
50	0.114815684432965
50	0.115996876314051
50	0.113546049555867
50	0.112732824427481
50	0.114386725209557
50	0.115046945494452
50	0.112629246676514
50	0.112750202475992
50	0.112867345744058
50	0.114775261119587
50	0.114895209580838
50	0.111193901530349
50	0.114011720831113
50	0.113718518518519
50	0.115915042187955
50	0.116631863407444
50	0.114680524388804
50	0.112150632538982
50	0.113879638439581
50	0.116573775300675
50	0.112046671077164
50	0.11443231310781
50	0.119014468188147
50	0.11635708517115
50	0.11229100768188
50	0.116018266951847
50	0.116890345723298
50	0.116599142040038
50	0.115213053175255
51	0.114815905743741
51	0.116138225863912
51	0.116368992819002
51	0.116819644772917
51	0.113784941388638
51	0.115481021723562
51	0.114595146291676
51	0.113589547407451
51	0.114958121977115
51	0.114287444733814
51	0.112230696431554
51	0.114959961174472
51	0.110842402257154
51	0.112088957602426
51	0.11043537569626
51	0.115601729521979
51	0.113186876549617
51	0.11740866198887
51	0.112050005787707
51	0.113314114255457
51	0.113740959894806
51	0.114120936735407
51	0.114076954805256
51	0.114280794397888
51	0.11240398945317
51	0.113543508750534
51	0.116358412641408
51	0.121596750650505
51	0.115506143943827
51	0.113329767635348
51	0.111942015646572
51	0.112021531100478
51	0.116227939865708
51	0.114015933903806
51	0.113822597045278
51	0.117946516192345
51	0.114570283137058
51	0.114485689288839
51	0.114633162353755
51	0.115600320476136
51	0.114665268309736
51	0.116145122023633
51	0.1111822574073
51	0.113041991909293
51	0.113420565076424
51	0.112966718358583
51	0.116138412329165
51	0.111949323351569
51	0.114411995076648
51	0.113885618687651
51	0.113647170708512
51	0.115673235312062
51	0.114653765446491
51	0.111369964202512
51	0.11503094095194
51	0.117784120696686
51	0.112514282277948
51	0.116338439095551
51	0.117000871839582
51	0.117618140478093
51	0.118302898812752
51	0.112876153938377
51	0.116787494336203
51	0.11399584094776
51	0.115000601467581
51	0.115766790374716
51	0.113899844627704
51	0.116269681065805
51	0.112405910231391
51	0.114169805853376
51	0.11237434179033
51	0.112336403296171
51	0.111390284757119
51	0.114629769003647
51	0.112585812356979
51	0.114657500613798
51	0.116397978825794
51	0.112277019937041
51	0.113564476885645
51	0.114932545886168
51	0.113859910581222
51	0.114987456974506
51	0.112352359341363
51	0.119030169781361
51	0.112037306907607
51	0.115483907980036
51	0.113633770678836
51	0.115031885818403
51	0.115830784325042
51	0.115762821645175
51	0.116770926422401
51	0.114206289453872
51	0.113848668846333
51	0.113352322269372
51	0.111936370547985
51	0.112964185014098
51	0.111856428361283
51	0.114454242135367
51	0.117059286622661
51	0.114856002281152
52	0.114038189533239
52	0.113837965700769
52	0.112971898949759
52	0.112930481906649
52	0.116467048203434
52	0.113403263403263
52	0.112988325101033
52	0.111295017407682
52	0.112421430709368
52	0.114973735465974
52	0.11055980386434
52	0.112218268090154
52	0.114182908545727
52	0.115917657291969
52	0.113692946058091
52	0.114842379137169
52	0.114645347848274
52	0.116856795413747
52	0.112218594260182
52	0.115761896058003
52	0.112206732403944
52	0.114733873810363
52	0.113140659736826
52	0.11526245885546
52	0.114135569201701
52	0.116041373401065
52	0.114662197306825
52	0.115525953146532
52	0.110944181208829
52	0.113063451047947
52	0.115391380826737
52	0.11483529140751
52	0.113421783400185
52	0.11185417529739
52	0.114717499570668
52	0.11441514693925
52	0.115592014685636
52	0.112915518555432
52	0.112462531703943
52	0.115380040442488
52	0.117457027916616
52	0.112767042556809
52	0.114254117920959
52	0.113776955541423
52	0.116362991008045
52	0.114932935916542
52	0.115826289711454
52	0.113053284465746
52	0.114544039279085
52	0.112814766762989
52	0.115002675863709
52	0.111999533092098
52	0.114277355178467
52	0.117574692442882
52	0.113702801461632
52	0.11283425508866
52	0.113268978123037
52	0.112806314797361
52	0.114290639544906
52	0.111537343795408
52	0.114446870451237
52	0.111694595232476
52	0.113800205973223
52	0.113046701260193
52	0.114338833372066
52	0.112461147216728
52	0.114753167073794
52	0.111207494795281
52	0.115748838892575
52	0.113717551798047
52	0.11362982567171
52	0.115909360540989
52	0.11444476999707
52	0.115954610280895
52	0.115142690739662
52	0.113917670120414
52	0.114851021483346
52	0.112463210323749
52	0.113104431507663
52	0.112726835716861
52	0.116570213771111
52	0.115231098513334
52	0.111524595883242
52	0.114740517190366
52	0.116043567853989
52	0.11500999000999
52	0.113341698034295
52	0.114788608853283
52	0.112347765281743
52	0.112802359882006
52	0.113094539048738
52	0.117917126750741
52	0.114698238521513
52	0.112919926369075
52	0.115217914760414
52	0.113332143494556
52	0.111293730922752
52	0.114317425083241
52	0.116911590424271
52	0.110613029050474
53	0.114081478468065
53	0.114902098722007
53	0.11308178287834
53	0.116357700827795
53	0.113546511627907
53	0.113176853358122
53	0.112652053828524
53	0.114907013350434
53	0.114419970631424
53	0.115315423362917
53	0.1127534030496
53	0.112670243499794
53	0.111947645798344
53	0.114373764391208
53	0.113639092328011
53	0.113182897862233
53	0.11496833621186
53	0.116144154702608
53	0.11366830639494
53	0.11551307151906
53	0.113470158056145
53	0.116090099778933
53	0.117364614356044
53	0.113349108328043
53	0.1184421127512
53	0.114509490052595
53	0.11294240111034
53	0.114764782557175
53	0.11404206935759
53	0.115331171838814
53	0.113281475079228
53	0.113308205276892
53	0.114252607184241
53	0.114502459550762
53	0.114968207595807
53	0.113009275566514
53	0.114688630974666
53	0.112382462897927
53	0.115544132250716
53	0.113949483352468
53	0.11093021950261
53	0.112064854554125
53	0.113249901790224
53	0.112215078901227
53	0.113829226897641
53	0.114345234650773
53	0.112833123641771
53	0.113963461199554
53	0.112628591699184
53	0.114486243683324
53	0.115139465528332
53	0.113694788501986
53	0.116166211707613
53	0.113049506094391
53	0.113698318945934
53	0.114805557170261
53	0.11390794423545
53	0.112679315131883
53	0.113334117923973
53	0.114550002908837
53	0.115193755227209
53	0.11292588689849
53	0.113329275715155
53	0.112587495551074
53	0.115854749269572
53	0.11219946571683
53	0.116340815833937
53	0.112407396605028
53	0.112421028880866
53	0.113384484228474
53	0.111883763003166
53	0.113379842323181
53	0.11388546978489
53	0.114615340019711
53	0.115344346207538
53	0.114012184508268
53	0.115810019518543
53	0.115160848733744
53	0.114216924070703
53	0.113312620903922
53	0.110529247910864
53	0.114246148519993
53	0.115209852923592
53	0.11124765917603
53	0.11495724009541
53	0.113624220837044
53	0.11483444463441
53	0.111641394309189
53	0.112507856693903
53	0.113701098645585
53	0.111136823835696
53	0.111853374443302
53	0.111558529945554
53	0.112815269256987
53	0.113912392793415
53	0.1112828438949
53	0.115935085933289
53	0.113116123642439
53	0.113835174953959
53	0.114426093648257
54	0.11589576925309
54	0.115949885555957
54	0.114895121376385
54	0.111782647989155
54	0.112651545913336
54	0.114025883175936
54	0.114178457984407
54	0.114277604314505
54	0.115413730856577
54	0.114885696003723
54	0.113640374095641
54	0.117762032738822
54	0.114078508115575
54	0.11479269553233
54	0.114016418364244
54	0.112080689029918
54	0.113010329562223
54	0.113058972295666
54	0.115886678447244
54	0.113146675884318
54	0.113151966730203
54	0.114143192488263
54	0.113085344185247
54	0.113827564790243
54	0.11262658783586
54	0.113951252615506
54	0.112968031211786
54	0.113246514829901
54	0.115439261188728
54	0.113823032562475
54	0.113227146814404
54	0.111027058481234
54	0.114062236227562
54	0.109959893048128
54	0.115658878775581
54	0.115013733855415
54	0.112952413832787
54	0.112491128459901
54	0.114093959731544
54	0.114759950026771
54	0.114030023094688
54	0.114247475361966
54	0.114165399461925
54	0.116171224732461
54	0.112297561843744
54	0.112783265543289
54	0.114284045783695
54	0.114063293281435
54	0.111411817771764
54	0.112146267613835
54	0.113488055382171
54	0.112864493996569
54	0.112690529200206
54	0.1157185894028
54	0.112607600866663
54	0.113989052536539
54	0.113547287702357
54	0.1166168559474
54	0.110700056915196
54	0.114218173431734
54	0.115125855469203
54	0.114373124669059
54	0.113194603247199
54	0.112411223658167
54	0.11415447431099
54	0.112014177462723
54	0.109974136961655
54	0.114898688915375
54	0.111755158822166
54	0.116005873715125
54	0.115359116022099
54	0.110713067212555
54	0.113776520509194
54	0.113844031952187
54	0.114113606935765
54	0.1119581029968
54	0.115041685965725
54	0.113319522983036
54	0.114733504815457
54	0.11343902302392
54	0.114338725575462
54	0.115892917655032
54	0.113241898288627
54	0.111129905277402
54	0.111732162208407
54	0.113206462369919
54	0.112342223999086
54	0.113199130095355
54	0.114205803519403
54	0.116285747100034
54	0.112968712682111
54	0.111729878656428
54	0.112868358174991
54	0.113715964297819
54	0.112933325793135
54	0.116280444549539
54	0.115219996575929
54	0.114637231229159
54	0.113909207660953
54	0.11611481523336
55	0.116712911033709
55	0.11272106220043
55	0.112871287128713
55	0.110623809798603
55	0.114622091408897
55	0.113589814558539
55	0.11430943814005
55	0.114414161281259
55	0.113348998545373
55	0.113497458159593
55	0.114789513633444
55	0.10963323522753
55	0.114248115803326
55	0.113939805385834
55	0.111724699180376
55	0.111759098300903
55	0.112214045296366
55	0.115404401257502
55	0.112793941809486
55	0.110414853495793
55	0.112863592205269
55	0.11594982078853
55	0.114612029384757
55	0.114635696538973
55	0.115626822157434
55	0.115298799975879
55	0.113517425676428
55	0.114587542573457
55	0.113346140806871
55	0.112693854106835
55	0.113135243485438
55	0.114602240721036
55	0.114784205693297
55	0.114824540463118
55	0.111922002394663
55	0.114793577981651
55	0.114847293619595
55	0.111811378087896
55	0.113374619730552
55	0.110156960873521
55	0.113834301027244
55	0.112923042555568
55	0.112962210483543
55	0.114366620434582
55	0.111637308691886
55	0.11413826212194
55	0.114687086188036
55	0.114639056658039
55	0.114042114900435
55	0.114161505478799
55	0.115386871590309
55	0.112391930835735
55	0.115452099660779
55	0.111485907037905
55	0.112660246942754
55	0.113093573466078
55	0.114207680731286
55	0.112928126250786
55	0.112650568342476
55	0.11439284684165
55	0.115969469262174
55	0.112916974484287
55	0.115556328636864
55	0.110769058546961
55	0.111559698391023
55	0.111560953666217
55	0.115038232795242
55	0.115320205578333
55	0.111364673664993
55	0.115219260533104
55	0.112559309438061
55	0.114474474474474
55	0.113325176251238
55	0.117576484703059
55	0.11559904425987
55	0.114667565139263
55	0.114961340933461
55	0.114857376188532
55	0.113741435971704
55	0.112779775020295
55	0.116817601653194
55	0.110798016230839
55	0.115137947725073
55	0.115610228372914
55	0.112966374942423
55	0.114802919708029
55	0.116184240753503
55	0.113517992424242
55	0.113259052924791
55	0.11280948506335
55	0.116531006617087
55	0.116195098851663
55	0.112045592873347
55	0.114350797266515
55	0.112852664576803
55	0.112221901184629
55	0.11633264224833
55	0.113121656993286
55	0.11550383063337
55	0.114077074128621
56	0.113385018811994
56	0.112875971612031
56	0.114787344999421
56	0.117435659633666
56	0.112812892902046
56	0.113119863984131
56	0.114043853976839
56	0.113350696410373
56	0.113899290225228
56	0.113202231363047
56	0.114535658420717
56	0.114045350715917
56	0.112371973929236
56	0.113393115417992
56	0.113312582305758
56	0.114113267148014
56	0.113723252496434
56	0.112971418907492
56	0.111574674409427
56	0.11271453174179
56	0.111688005192047
56	0.114282316565584
56	0.112556079277642
56	0.11348711904361
56	0.114753157290471
56	0.114560195468681
56	0.116250725478816
56	0.114683274420692
56	0.112571851345968
56	0.113818839760262
56	0.113004585857442
56	0.113165039570215
56	0.115123882656428
56	0.112625862654146
56	0.114266319719425
56	0.112676840815417
56	0.114141179206885
56	0.113716966022194
56	0.113494970637828
56	0.113380526865498
56	0.112023981347841
56	0.113964596796853
56	0.112468580113404
56	0.111865200093611
56	0.115103710195735
56	0.112578065081626
56	0.113430484442694
56	0.111685855720563
56	0.111598746081505
56	0.111341360963316
56	0.11378480577518
56	0.116094053862927
56	0.112438742360002
56	0.114492505841454
56	0.111365796388439
56	0.111699754628597
56	0.111627366709258
56	0.112787478103633
56	0.115421214665547
56	0.114448960358132
56	0.114109953447129
56	0.113099117246282
56	0.114348512173129
56	0.111470939151185
56	0.11347141086918
56	0.110059506942477
56	0.111868094120341
56	0.117181409295352
56	0.114414414414414
56	0.113453121400599
56	0.111488590680029
56	0.111762385165981
56	0.113625812441968
56	0.113079729025534
56	0.111732781290214
56	0.111382900051197
56	0.112214733356982
56	0.112530343312912
56	0.114047619047619
56	0.113282763966558
56	0.113651647612643
56	0.112794052374612
56	0.116358977345524
56	0.114049206714187
56	0.113781207975209
56	0.111391968748205
56	0.113425925925926
56	0.112916971025079
56	0.110246734397678
56	0.117458622530699
56	0.109796631175708
56	0.111374943464496
56	0.111576998475278
56	0.113216007174084
56	0.113825779198539
56	0.114055844770469
56	0.112403754285393
56	0.114304071023889
56	0.110829987349431
56	0.114130116531007
57	0.113530242154414
57	0.111778369497479
57	0.112986270022883
57	0.11192314492839
57	0.112838713311926
57	0.113932103406396
57	0.113072600329227
57	0.113036583984596
57	0.107467714766985
57	0.113030007458833
57	0.1125603309584
57	0.111498257839721
57	0.111825857216702
57	0.113744865104918
57	0.111393637740749
57	0.114109015946159
57	0.112779808131567
57	0.114746750336172
57	0.112080924855491
57	0.114187822961132
57	0.113875878220141
57	0.112958107881966
57	0.114865644101026
57	0.110731680008957
57	0.117326057298772
57	0.113405610049905
57	0.11575987144169
57	0.112351357415302
57	0.111199635784202
57	0.11371656232214
57	0.113368618746799
57	0.115045281916448
57	0.114251425142514
57	0.112594472334087
57	0.11203197554811
57	0.112168782008461
57	0.111372334609076
57	0.116148264806795
57	0.114448647733047
57	0.11484187628981
57	0.113264722698685
57	0.113945090846564
57	0.111498055603924
57	0.112217194570136
57	0.113295053003534
57	0.111427270657865
57	0.111030841900528
57	0.115211013315279
57	0.113330341113106
57	0.115459770114943
57	0.112672863296305
57	0.114885114885115
57	0.11313016234691
57	0.111495246326707
57	0.11445294390357
57	0.111712655722436
57	0.110605724428667
57	0.113014273719563
57	0.11653672548215
57	0.114742778225342
57	0.11463347164592
57	0.112071850942765
57	0.112110378728634
57	0.114592760180995
57	0.114434548815325
57	0.113600651807019
57	0.115397746671219
57	0.113731326197699
57	0.113152587945328
57	0.112719563900666
57	0.114992127820864
57	0.114165023936919
57	0.113105621518204
57	0.116334338047763
57	0.114328221560998
57	0.112178581520203
57	0.113450361760171
57	0.11414045477401
57	0.110243151061723
57	0.111036489814193
57	0.11470189302353
57	0.112544762121298
57	0.110801507949516
57	0.11214426599042
57	0.113149847094801
57	0.113302157868049
57	0.112532256254909
57	0.115478828881372
57	0.114378526243802
57	0.111896958196768
57	0.115026950186578
57	0.113343549577161
57	0.110538373424971
57	0.112254667304931
57	0.111509798509523
57	0.108800090431244
57	0.116053019145803
57	0.113939255276554
57	0.114280588446358
57	0.11496795417163
58	0.112363876361236
58	0.111472697186983
58	0.113339095361567
58	0.11311926068901
58	0.113762880492716
58	0.110681516532979
58	0.111404376993292
58	0.113966858302333
58	0.113913337846987
58	0.111966410076977
58	0.113576947655842
58	0.114057000113546
58	0.112624733714542
58	0.114899842448796
58	0.112953489739519
58	0.111092427554509
58	0.11478160254556
58	0.11389573894592
58	0.113678273131576
58	0.112109172568665
58	0.116543095458758
58	0.11509466536226
58	0.114446849720861
58	0.117075818806924
58	0.115509668587074
58	0.111322443499664
58	0.116870986573263
58	0.113968675952147
58	0.113890606554612
58	0.113162769159528
58	0.111234705228031
58	0.111918274687855
58	0.114056720098644
58	0.112963806055088
58	0.114038559393905
58	0.113543167460933
58	0.112330349408028
58	0.114458874458874
58	0.113553316354778
58	0.113548012764723
58	0.112815382905413
58	0.111499436302142
58	0.113713127673947
58	0.113132461625924
58	0.113298075350308
58	0.112008552084571
58	0.111902561035289
58	0.112139237717559
58	0.112147966025928
58	0.110580971091777
58	0.115079820833812
58	0.110753491579976
58	0.114042501811157
58	0.113813728282541
58	0.111223857038164
58	0.114767838185171
58	0.112095780268795
58	0.111849023188887
58	0.110829389226955
58	0.113388198590716
58	0.111173246840398
58	0.114226733184242
58	0.113814317673378
58	0.113629987093878
58	0.113134311319139
58	0.113758427608273
58	0.113294531204979
58	0.113153594771242
58	0.111627649565554
58	0.11331833397355
58	0.112671864769954
58	0.113271484917505
58	0.112778180601261
58	0.114825825994278
58	0.11155445655839
58	0.116108120622793
58	0.113731393209567
58	0.112064585332806
58	0.11207956196223
58	0.113670928857095
58	0.113084597197393
58	0.112236380835791
58	0.11190557257973
58	0.113509511333865
58	0.112611334883985
58	0.113879414995086
58	0.114860899166569
58	0.111959719393528
58	0.113970176028703
58	0.112912272829257
58	0.111960707707764
58	0.112650503051295
58	0.11237174963357
58	0.111616656107815
58	0.114950432639963
58	0.113107527481725
58	0.114566098020197
58	0.115475983544817
58	0.112379383384326
58	0.112140447189341
59	0.113411443521784
59	0.110511688736309
59	0.113615977994379
59	0.112421470296484
59	0.113587388000454
59	0.111976291475391
59	0.113608130999435
59	0.113934797373783
59	0.113068851355143
59	0.113947383120147
59	0.11458749643163
59	0.110650144658551
59	0.111906203555898
59	0.113160854893138
59	0.112836438923395
59	0.111806448008046
59	0.112388034476931
59	0.11601105427177
59	0.111885361056477
59	0.113937320679762
59	0.113138267355135
59	0.112776831345826
59	0.11203250222618
59	0.115933078823265
59	0.111257478456556
59	0.112647009642718
59	0.112742412621891
59	0.11389337641357
59	0.117371167262707
59	0.113313511727783
59	0.113387106133581
59	0.114345921366384
59	0.115936277566755
59	0.11277690758559
59	0.113417044529706
59	0.113829908027705
59	0.11219512195122
59	0.110165191407792
59	0.112235563178959
59	0.11371551771795
59	0.113472685754435
59	0.112975655873316
59	0.11180931744312
59	0.110204081632653
59	0.113374140079086
59	0.11515046094973
59	0.113046955329601
59	0.11327325999226
59	0.11386811692726
59	0.109808760024676
59	0.112405681313804
59	0.110871488608715
59	0.113564131668558
59	0.114151272220286
59	0.112807936684873
59	0.113995089442301
59	0.110743709017542
59	0.11113613331832
59	0.112270498346448
59	0.114038088721633
59	0.113521048229718
59	0.114907010014306
59	0.111877523553163
59	0.114376489277204
59	0.113971603778797
59	0.113906359189378
59	0.111681496691764
59	0.114484208068188
59	0.115657666722567
59	0.113590040213739
59	0.114369664042577
59	0.112095420068323
59	0.112726459405055
59	0.113500466289978
59	0.113224107665301
59	0.114575779550399
59	0.113419522384689
59	0.113984289891635
59	0.114355231143552
59	0.11624674196351
59	0.11214281766429
59	0.112941176470588
59	0.113919129082426
59	0.109402654867257
59	0.113132557098074
59	0.113224689114758
59	0.114733439263602
59	0.112130535106032
59	0.115182060139306
59	0.112676056338028
59	0.111716771280696
59	0.112542372881356
59	0.111148234770019
59	0.113482501434309
59	0.115418194517199
59	0.115342102354372
59	0.112178937131743
59	0.112316034082107
59	0.112840915643199
59	0.109793959920971
60	0.114022181982798
60	0.113367946596679
60	0.114165588615783
60	0.111808977205046
60	0.113461431972977
60	0.11504227859368
60	0.114729913753972
60	0.112052625710782
60	0.11104200825465
60	0.113437552909306
60	0.113693951746172
60	0.114014801110083
60	0.112705948059201
60	0.111277632071937
60	0.112441973752077
60	0.112398996935079
60	0.114225368192716
60	0.114751276607952
60	0.11252957684477
60	0.111880240868929
60	0.111057042443904
60	0.113184370613009
60	0.1132438706755
60	0.112942477876106
60	0.112047731129235
60	0.11242983159583
60	0.112630422844591
60	0.114279324611428
60	0.11531190926276
60	0.112277777777778
60	0.11136725396564
60	0.113580385132109
60	0.11357552581262
60	0.112848666333943
60	0.110976616231087
60	0.110376257433446
60	0.113146791028203
60	0.110230193012193
60	0.111845076784101
60	0.112035995500562
60	0.111871881165139
60	0.114354533463325
60	0.115409225757664
60	0.111255079804464
60	0.111615720524017
60	0.113103683105386
60	0.112703224028658
60	0.112235460529895
60	0.113865003091103
60	0.113381858902576
60	0.114949439737633
60	0.111318302537153
60	0.111530880420499
60	0.110460443219658
60	0.113147845062739
60	0.114583333333333
60	0.111937399411732
60	0.111738210234981
60	0.113849158481245
60	0.112525343545844
60	0.113097849934182
60	0.1129887342611
60	0.113550166647512
60	0.11513884047868
60	0.113920388798889
60	0.110679283541737
60	0.112174255642483
60	0.112136188907194
60	0.113461223151336
60	0.111552484083365
60	0.114029142663504
60	0.112086922254124
60	0.114724582231475
60	0.115265810437327
60	0.111884156343685
60	0.111872650895423
60	0.11242796564097
60	0.113426992169507
60	0.111678258918555
60	0.113432668608559
60	0.113885778275476
60	0.113308953900709
60	0.113559790113228
60	0.110919756740757
60	0.115049323239275
60	0.113610054572515
60	0.113613388745367
60	0.113097618095619
60	0.113516277484234
60	0.113602218883624
60	0.111853185434694
60	0.114841597796143
60	0.113280803928286
60	0.115313704676239
60	0.113058224985868
60	0.114639858342377
60	0.114626967055361
60	0.116500401330123
60	0.112734864300626
60	0.116405375139978
61	0.112005219660722
61	0.110565914295061
61	0.110985533453888
61	0.109874510249276
61	0.112487825992858
61	0.110588762032684
61	0.111924000873553
61	0.112837649679755
61	0.111659436008677
61	0.112317630025615
61	0.11335681387158
61	0.112266226622662
61	0.111882850031834
61	0.11014609455884
61	0.112587108013937
61	0.111648058656891
61	0.113531021388284
61	0.114115148384134
61	0.114804310833806
61	0.115061590145577
61	0.112813218076376
61	0.110846443607357
61	0.110847859197834
61	0.109511199382103
61	0.112986430413816
61	0.113441686799912
61	0.112225327415201
61	0.114262884538554
61	0.113839785186843
61	0.113353592110544
61	0.115075825156111
61	0.11445713626399
61	0.113565197942295
61	0.112060520300425
61	0.114373681509778
61	0.112783656838889
61	0.110278556311846
61	0.113754349934394
61	0.113656884875847
61	0.112949357859907
61	0.111305822498587
61	0.111616301635708
61	0.111357183418512
61	0.112849288669727
61	0.114150417827298
61	0.113008679968436
61	0.112144508359766
61	0.111203457446809
61	0.113612878664274
61	0.114216894465606
61	0.110660883460792
61	0.112248379392699
61	0.111905834647443
61	0.110879807165553
61	0.110408837262271
61	0.111785812862269
61	0.113952827507815
61	0.115065110013471
61	0.114077258073638
61	0.111273080660836
61	0.113021057155135
61	0.115847177938133
61	0.114137626819585
61	0.10968285152961
61	0.114062759422215
61	0.109625668449198
61	0.1098912926488
61	0.112127756308252
61	0.112630064201904
61	0.113960273818876
61	0.116046511627907
61	0.114929513672649
61	0.111771837653715
61	0.111715872230469
61	0.111417387948619
61	0.113830678960604
61	0.112259483232545
61	0.11499086934868
61	0.110256265203372
61	0.113046448087432
61	0.113983354461776
61	0.113192861511091
61	0.113748818591205
61	0.11400449943757
61	0.112418155587615
61	0.112621799229549
61	0.117258319199953
61	0.113382361456946
61	0.11347557239151
61	0.110786352650216
61	0.114390090758605
61	0.112817162147446
61	0.114846870838881
61	0.112968845789444
61	0.112576391122547
61	0.113383218141315
61	0.11074623485449
61	0.114855649011139
61	0.111227818010946
61	0.110306500505221
62	0.114583333333333
62	0.113955316043561
62	0.114836355342684
62	0.114040500364615
62	0.110785033015407
62	0.109585983707176
62	0.112729438518599
62	0.112828087717305
62	0.111563076255559
62	0.109912266361506
62	0.113612594264325
62	0.110284605433376
62	0.110741049125729
62	0.112795941375423
62	0.113705929032989
62	0.111063000649491
62	0.111762029348197
62	0.113118797682556
62	0.113547891880037
62	0.115051661547054
62	0.111104901358073
62	0.11348001591904
62	0.114805109728136
62	0.114974761637689
62	0.113532947587214
62	0.113148675279177
62	0.112003496694531
62	0.111964631113567
62	0.111701216378277
62	0.11305608206043
62	0.112710514337733
62	0.111596548004315
62	0.111508452535761
62	0.113223755798637
62	0.112843233781862
62	0.11498277517366
62	0.109565410939848
62	0.111993821030564
62	0.111702750146284
62	0.113084699297504
62	0.111476323119777
62	0.110826428259922
62	0.112582038480956
62	0.114660613442587
62	0.114452554744526
62	0.114823951558645
62	0.11095313921747
62	0.109559314489205
62	0.116288516218882
62	0.113749309773606
62	0.112884455527847
62	0.113140935836369
62	0.112042938611204
62	0.115245892253965
62	0.111556795721428
62	0.113978374763126
62	0.112847712012639
62	0.111086932869111
62	0.112912751677852
62	0.113175484309505
62	0.113646482635797
62	0.11191837170789
62	0.113312069833809
62	0.11092577147623
62	0.114589615658753
62	0.111357850836809
62	0.110541219212481
62	0.11170973062122
62	0.113457923255557
62	0.110116959064327
62	0.113194062671798
62	0.112255064762537
62	0.110994475138122
62	0.111721020342267
62	0.112930093629732
62	0.111296327165639
62	0.11296954878862
62	0.114008457118074
62	0.112292688302386
62	0.115806469572964
62	0.112144982418177
62	0.111578121497422
62	0.112632755729458
62	0.11073606271777
62	0.109754797441365
62	0.113607507590395
62	0.114383222326196
62	0.111704685079331
62	0.109990184316719
62	0.112079294194532
62	0.110445924019471
62	0.114468915528297
62	0.111953094750816
62	0.11305282207895
62	0.112804538880854
62	0.109852133023625
62	0.11397384751773
62	0.113628827235548
62	0.111442733038427
62	0.111099195710456
63	0.111990950226244
63	0.11237473257516
63	0.112643424536628
63	0.111504626985034
63	0.113717605004468
63	0.111976630963973
63	0.110040204879661
63	0.113473614630384
63	0.112111562534314
63	0.112552460892789
63	0.111993472939897
63	0.112102321582115
63	0.110428775084987
63	0.112387558252953
63	0.11237473257516
63	0.112227340844758
63	0.111609766522413
63	0.111784808731121
63	0.113555427914991
63	0.110477981854393
63	0.114124356967121
63	0.114714161974881
63	0.112514288824778
63	0.111894766302827
63	0.113716358910489
63	0.114298445942182
63	0.111790970729287
63	0.112045724145368
63	0.110899286453511
63	0.111735227710777
63	0.115723752669916
63	0.111368142762723
63	0.111623831775701
63	0.111720807726076
63	0.115007012622721
63	0.112868723260527
63	0.112668947338904
63	0.111598310250789
63	0.112772655722959
63	0.114310741267929
63	0.112438397257339
63	0.113694357811171
63	0.111514351699109
63	0.1122607059865
63	0.109894804293266
63	0.11092046272209
63	0.113472784525416
63	0.112246006736934
63	0.111920233027112
63	0.112312482309652
63	0.110935023771791
63	0.110312398659604
63	0.111628699653468
63	0.110949245381971
63	0.112998965310679
63	0.112141408287453
63	0.112730272202365
63	0.114276139410188
63	0.111287128712871
63	0.112327058289862
63	0.113979305884889
63	0.112381766686261
63	0.112170007667872
63	0.110949298813376
63	0.115149530670159
63	0.113497775092018
63	0.110335195530726
63	0.114180066110146
63	0.11258926514628
63	0.115914307574598
63	0.110310820544074
63	0.113022792653242
63	0.113936927772126
63	0.11168485493745
63	0.110795928583347
63	0.111816192560175
63	0.113231412230532
63	0.112846651320837
63	0.113112111611361
63	0.114969179437878
63	0.11243851018974
63	0.113471212968139
63	0.113091613617492
63	0.111891279728199
63	0.11418915175356
63	0.11151039965153
63	0.115164809790452
63	0.111748459740812
63	0.110930560069332
63	0.112280504277353
63	0.113679118516528
63	0.111193139871657
63	0.112094715690002
63	0.111793283860979
63	0.113678881919225
63	0.111570469798658
63	0.113024282560706
63	0.113859228590107
63	0.113702146250887
63	0.11165929454463
64	0.110641067360885
64	0.111667308432807
64	0.111875105675478
64	0.110311106334963
64	0.111062953732799
64	0.111907947551512
64	0.113219895287958
64	0.110864984602085
64	0.111373873873874
64	0.114125826691538
64	0.112647462277092
64	0.113087674714104
64	0.11298210514616
64	0.112470829301611
64	0.112184447883866
64	0.113418621995296
64	0.111570931964906
64	0.113424900310146
64	0.111248454882571
64	0.112295973884657
64	0.112048393362562
64	0.112459679623859
64	0.112911224995867
64	0.112675269538015
64	0.112958490142111
64	0.11103734439834
64	0.112103617686467
64	0.111499496415664
64	0.112839231867957
64	0.111425245301846
64	0.113372420791521
64	0.113710165666795
64	0.113189529266375
64	0.10989010989011
64	0.111462747411897
64	0.111728768781991
64	0.112634560906516
64	0.111733012501962
64	0.111359761295823
64	0.110239627846595
64	0.11377345844504
64	0.114264919941776
64	0.112970027247956
64	0.112690745416621
64	0.113133038048989
64	0.110781990521327
64	0.114044943820225
64	0.11255051763273
64	0.113131533101045
64	0.112449359465674
64	0.112046908315565
64	0.112693399004229
64	0.111779879621668
64	0.112307777716094
64	0.112923932812667
64	0.11341942728804
64	0.111937420811987
64	0.11257003791952
64	0.112491567348774
64	0.111990826689964
64	0.111608105195085
64	0.112946279612946
64	0.112930263746089
64	0.113608477412158
64	0.113161341762059
64	0.114222149872484
64	0.113244923788037
64	0.114411559327496
64	0.112234856767986
64	0.110428447150935
64	0.111371821455855
64	0.110726643598616
64	0.113281929387211
64	0.110299329371354
64	0.113025765249945
64	0.11085758806834
64	0.113897364771151
64	0.109344581440623
64	0.112044970801725
64	0.112244355909695
64	0.110445069227097
64	0.112757155635063
64	0.114218476357268
64	0.113753317805103
64	0.113086232980333
64	0.112016957443339
64	0.11244738424534
64	0.113406569382959
64	0.112634671890304
64	0.111527948979045
64	0.114561805284031
64	0.114842662211083
64	0.112407623492804
64	0.110422185897075
64	0.112078588970752
64	0.112438861716318
64	0.116087700889159
64	0.114123376623377
64	0.112329969284774
64	0.113734966225493
65	0.114408808042125
65	0.112635538836026
65	0.108707409410492
65	0.111986339098821
65	0.113999012995558
65	0.109912967321692
65	0.111239860950174
65	0.112248747103519
65	0.114692570923943
65	0.111559068484431
65	0.11076071922545
65	0.1118363794604
65	0.112522783317251
65	0.111657730363164
65	0.114568676263665
65	0.113254794832394
65	0.110495135605196
65	0.1117863514719
65	0.111599780098955
65	0.113146608778525
65	0.112439255990616
65	0.1125185499258
65	0.113500272182907
65	0.111871646040959
65	0.110536346310918
65	0.11333914559721
65	0.113731310466139
65	0.113095896471629
65	0.110255047821467
65	0.110592829636058
65	0.113395810363837
65	0.112346625766871
65	0.112656311332922
65	0.110920862539462
65	0.112276797541461
65	0.113979435572085
65	0.114374034003091
65	0.113035008928088
65	0.113643926788686
65	0.111792478428393
65	0.113809051866535
65	0.113087812550849
65	0.113861944507106
65	0.113676130270362
65	0.112278611276607
65	0.112435654294229
65	0.110399478940512
65	0.108959778085992
65	0.11030238158951
65	0.114415967087341
65	0.113609533981674
65	0.113103448275862
65	0.112532401667982
65	0.109435979684576
65	0.112571202977835
65	0.116180014571541
65	0.112965754899849
65	0.113206497552292
65	0.111324270993203
65	0.110688233428481
65	0.113283371347887
65	0.110960681446381
65	0.113532433805679
65	0.113245869243015
65	0.11282529922038
65	0.113073602907769
65	0.111587040087864
65	0.11263483115616
65	0.112795797909785
65	0.110376991838321
65	0.113120387583798
65	0.112648857418732
65	0.111924800524647
65	0.113860585476306
65	0.110463787982637
65	0.111678507992895
65	0.11270582999555
65	0.112253829321663
65	0.11430427017373
65	0.112035407668106
65	0.115162294353046
65	0.112933685857659
65	0.111408199643494
65	0.110092259225923
65	0.111444945195571
65	0.112392570002772
65	0.11139091298757
65	0.111092769891053
65	0.110538590877041
65	0.112516158039679
65	0.110480349344978
65	0.110703129281526
65	0.113498287860378
65	0.111849994549221
65	0.113735686231122
65	0.112933086485057
65	0.111196025983951
65	0.110699919549477
65	0.113690116055222
65	0.110553324408746
66	0.113662269988601
66	0.114180583073875
66	0.109329758713137
66	0.112442547603414
66	0.114083441418072
66	0.112135922330097
66	0.112742775935576
66	0.110400262467192
66	0.111703308905174
66	0.112507613088976
66	0.113798008534851
66	0.11273816927687
66	0.110931309636739
66	0.110709117221418
66	0.112685230418499
66	0.114315027809277
66	0.114117123135159
66	0.112222098089599
66	0.112283755848112
66	0.112502746649088
66	0.112708061125944
66	0.112716606007931
66	0.111311376918455
66	0.113740458015267
66	0.111693130354122
66	0.110576403157781
66	0.111301843955922
66	0.113423798453803
66	0.11157377749306
66	0.110899390243902
66	0.112762573356003
66	0.110020167710434
66	0.112909441233141
66	0.110499599251937
66	0.111219512195122
66	0.11132989196956
66	0.114393939393939
66	0.114580475223618
66	0.113505345049533
66	0.11602602657335
66	0.112927592532643
66	0.113193240901213
66	0.112515733596016
66	0.109358115409553
66	0.113316745997404
66	0.110851932354344
66	0.113140901815773
66	0.113562796719896
66	0.110419174211105
66	0.109046506689318
66	0.11186895810956
66	0.112308687217073
66	0.110751685947694
66	0.112276546551627
66	0.111740719165387
66	0.111982021486516
66	0.114041766369371
66	0.111612973443622
66	0.115532171434835
66	0.112606825671675
66	0.111386269034196
66	0.111729428926468
66	0.111899837907328
66	0.111682825109679
66	0.110058187863674
66	0.112068965517241
66	0.113461431972977
66	0.112146459109844
66	0.111553356282272
66	0.112941675054299
66	0.109999453283035
66	0.111657303370787
66	0.113554315720381
66	0.111863503065849
66	0.111629673848158
66	0.11470398970399
66	0.111141769218034
66	0.112363813756843
66	0.112833669960151
66	0.113091922005571
66	0.111152102877622
66	0.11195859438845
66	0.114055612994504
66	0.111837289553487
66	0.113609657087918
66	0.112737448205349
66	0.112762520193861
66	0.112630462689066
66	0.113353181166612
66	0.113801971710244
66	0.11344966442953
66	0.10942448400131
66	0.113410330445942
66	0.113174663689342
66	0.113792142658122
66	0.112729205421206
66	0.113402638050525
66	0.11215961175519
66	0.112770927263838
66	0.114532625936662
67	0.110988025531466
67	0.112206623084343
67	0.113263384449825
67	0.111514195583596
67	0.109341518503504
67	0.111992508125379
67	0.110561490291007
67	0.113955138350707
67	0.111698030152966
67	0.112153078924545
67	0.113587936403868
67	0.111075544174136
67	0.113700905535016
67	0.112917398945518
67	0.111128759000424
67	0.111809585213841
67	0.115483223720878
67	0.113847012841988
67	0.110103831760923
67	0.114222629113038
67	0.111008776682197
67	0.113378932968536
67	0.113875393732315
67	0.111607142857143
67	0.112801817509378
67	0.112236239180856
67	0.111928280008589
67	0.112313511241858
67	0.112735542560104
67	0.111714300920752
67	0.111406411021316
67	0.113086066475897
67	0.111444468688632
67	0.111442574046452
67	0.111206618674116
67	0.112463703372794
67	0.110707311781297
67	0.113771151858099
67	0.112319035573973
67	0.112077346872637
67	0.113296882926554
67	0.10982748795524
67	0.112126245847176
67	0.112610191356697
67	0.111951748584731
67	0.112722909963462
67	0.112460663611771
67	0.112332112332112
67	0.110992529348986
67	0.110952824502767
67	0.112655723680693
67	0.112720332322892
67	0.112017723981411
67	0.114519968262364
67	0.113692324162295
67	0.112267250821468
67	0.114571255038374
67	0.111237414745047
67	0.111792478428393
67	0.11179958335559
67	0.112466702184337
67	0.111299219048659
67	0.114533044781089
67	0.112312444836717
67	0.111223029210624
67	0.111276437453502
67	0.111837171933583
67	0.114266110729931
67	0.11325261957761
67	0.111847826086957
67	0.111117001537401
67	0.113495444007117
67	0.111493687489752
67	0.111965765668165
67	0.113886965322538
67	0.11017090686411
67	0.11284339551637
67	0.113914577430908
67	0.11514540258867
67	0.111280820423304
67	0.113007205157376
67	0.111020140822008
67	0.113300492610837
67	0.112876299208358
67	0.111304347826087
67	0.109790696429527
67	0.113040629095675
67	0.112117339852214
67	0.110909865757511
67	0.109819904169191
67	0.112005934089223
67	0.112318253067402
67	0.11413249553112
67	0.112779081827611
67	0.113133591065292
67	0.111904238963321
67	0.114072096128171
67	0.114246119733925
67	0.110031655932758
67	0.112141424000868
68	0.108398116719588
68	0.112694370699464
68	0.110103204780011
68	0.108217716115261
68	0.111890057308184
68	0.110608619844167
68	0.112169312169312
68	0.114583333333333
68	0.111847024890503
68	0.114418023830584
68	0.112203772368209
68	0.110549211528004
68	0.112264900662252
68	0.109954630370963
68	0.112035466039078
68	0.112046908315565
68	0.11266857810343
68	0.112696610994
68	0.111900904196937
68	0.111049200423469
68	0.114266951239534
68	0.111863313990974
68	0.112006578947368
68	0.111731843575419
68	0.111795681937862
68	0.11230651004501
68	0.110578947368421
68	0.110316815597076
68	0.111971830985915
68	0.111958179045959
68	0.112348123962961
68	0.110257374670894
68	0.113494191242181
68	0.110660764759213
68	0.114100835804799
68	0.113016451422753
68	0.113037296292245
68	0.114274908147828
68	0.111213434452871
68	0.11188228761799
68	0.110742670666877
68	0.113689600697282
68	0.112145390070922
68	0.110575158601164
68	0.112783595113438
68	0.109137736760208
68	0.112015736844981
68	0.112741900413133
68	0.114317486794551
68	0.113682961044567
68	0.111744824672581
68	0.111821086261981
68	0.112048707541124
68	0.111963610456513
68	0.112447033898305
68	0.112337899067757
68	0.109834533560552
68	0.111814912233614
68	0.11454575725623
68	0.112386643602244
68	0.113613211087877
68	0.115298118589216
68	0.111663779131504
68	0.11179295624333
68	0.112216063471362
68	0.11248240770813
68	0.114113124656782
68	0.111547731321387
68	0.112235015603142
68	0.111597602293458
68	0.112728062554301
68	0.112025556337647
68	0.114440670537964
68	0.10937840785169
68	0.112191058039433
68	0.112052117263844
68	0.111500820274934
68	0.112033888857923
68	0.111286289007285
68	0.113682199341896
68	0.111577783918209
68	0.110022853411688
68	0.1126487393196
68	0.111717632094971
68	0.114271594091483
68	0.110539282781276
68	0.112262704246206
68	0.112076408374703
68	0.111051530913186
68	0.111189956331878
68	0.110835750065911
68	0.110894839286654
68	0.111601140214059
68	0.11240079900664
68	0.110670263979263
68	0.1102508352336
68	0.112078819879157
68	0.112206297618413
68	0.112471557048434
68	0.110858171422521
69	0.109642050951306
69	0.10980145633611
69	0.112192092734424
69	0.112442891695781
69	0.11220203717316
69	0.113984168865435
69	0.113456037134992
69	0.110424670335375
69	0.1125
69	0.113298127700432
69	0.112646121147715
69	0.113432835820896
69	0.113228941684665
69	0.111881029795853
69	0.110511697468219
69	0.110936928463186
69	0.111111111111111
69	0.112835452966553
69	0.112323032005729
69	0.110151070535811
69	0.112364310299179
69	0.11053803138064
69	0.110212654239958
69	0.111220625616019
69	0.11066186651897
69	0.113263701707098
69	0.113110539845758
69	0.111585235758481
69	0.111117403862491
69	0.113508653630029
69	0.112004345464422
69	0.111007972043246
69	0.111016467915957
69	0.112636471732786
69	0.112076927255935
69	0.113161989590599
69	0.109209410767274
69	0.112557256172495
69	0.111579858294121
69	0.110673880964092
69	0.110851110143666
69	0.11024777222343
69	0.112731114632858
69	0.113792126876239
69	0.112823335167859
69	0.109104712325796
69	0.110695708712614
69	0.109957401490948
69	0.110546516027893
69	0.112646855563234
69	0.110575893812888
69	0.112913798754507
69	0.11466216584091
69	0.111160099200882
69	0.113950313950314
69	0.113102629163742
69	0.112330535829567
69	0.113146611726711
69	0.110642895732037
69	0.11355290975854
69	0.113220930867027
69	0.112665198237885
69	0.111621045730208
69	0.113130223779995
69	0.11073434354138
69	0.112813894714201
69	0.113442330227108
69	0.114180577035891
69	0.112916461513212
69	0.112668254583726
69	0.111749543550639
69	0.112673753066231
69	0.111603284356093
69	0.110430436885378
69	0.11101083032491
69	0.111594963273872
69	0.112071795994309
69	0.107638702760654
69	0.110310598783221
69	0.114296699071786
69	0.110485384821668
69	0.112231828370157
69	0.110539845758355
69	0.11359649122807
69	0.110551663747811
69	0.11340597387109
69	0.11301538630017
69	0.114932376483577
69	0.112165330715961
69	0.111607891354161
69	0.108998393144081
69	0.112953313332281
69	0.111428874059951
69	0.114381234243122
69	0.112526655366614
69	0.111216180719727
69	0.110727378991552
69	0.111941519829797
69	0.113835085777532
69	0.112864684634621
70	0.112224126848082
70	0.112459929581166
70	0.112178460881631
70	0.112209485750342
70	0.110105662422108
70	0.113871524035352
70	0.111775381659016
70	0.111009960372711
70	0.111607831046709
70	0.113283102376311
70	0.112893545042833
70	0.112377062395873
70	0.112027055590784
70	0.113011508951407
70	0.110877646678519
70	0.113790045449507
70	0.11236794365596
70	0.112508697746615
70	0.112395124267849
70	0.111987715768294
70	0.112969825304394
70	0.11237568473116
70	0.11413159581286
70	0.111720750378847
70	0.109989011564021
70	0.111004376134059
70	0.114012230789684
70	0.11181159797843
70	0.111385488362318
70	0.111435548948821
70	0.110833111525153
70	0.110628360397545
70	0.110848041325872
70	0.112364933198488
70	0.11281969985204
70	0.112791260829791
70	0.112801079734219
70	0.111473804472009
70	0.111582520152737
70	0.110755270883373
70	0.112555468546072
70	0.113295053003534
70	0.113062568605928
70	0.114132240558201
70	0.112132543886985
70	0.111034372841736
70	0.111641791044776
70	0.11147939454204
70	0.110899370070404
70	0.110982171115097
70	0.109963180744079
70	0.110815602836879
70	0.112365591397849
70	0.110319516407599
70	0.109842691719467
70	0.111760370604338
70	0.111660551922157
70	0.112591532235864
70	0.110355213959285
70	0.111271676300578
70	0.112265999129299
70	0.111435573864525
70	0.11350197109067
70	0.113249727371865
70	0.111382848636291
70	0.109498537853352
70	0.112091555698166
70	0.114099342351494
70	0.113960881513013
70	0.113035008928088
70	0.111430702034729
70	0.111318739989322
70	0.115165902942638
70	0.114226714487556
70	0.111521378498421
70	0.11422209852491
70	0.113279982697091
70	0.111309620486168
70	0.113100125910111
70	0.111499549764288
70	0.111720135418346
70	0.111951913272152
70	0.112594906036293
70	0.110140323007678
70	0.111446625286585
70	0.113749398363549
70	0.110839711230527
70	0.111862421467362
70	0.111057615150056
70	0.111035279294414
70	0.113507316007862
70	0.11220702089299
70	0.112617421007686
70	0.112441464452959
70	0.113198635528733
70	0.114901852363837
70	0.111707727942725
70	0.114500490249483
70	0.10982348838457
70	0.110406364222748
71	0.112162162162162
71	0.111982264518222
71	0.10957475994513
71	0.112212486308872
71	0.111730645507184
71	0.113630371737411
71	0.112374405076679
71	0.109564099817929
71	0.112485631397449
71	0.111041699203498
71	0.114219114219114
71	0.111181401233592
71	0.110304178507526
71	0.112385797342193
71	0.1121399730821
71	0.11112925170068
71	0.113120530624935
71	0.112456839309429
71	0.110424670335375
71	0.111328538184895
71	0.111537477615759
71	0.112498671484749
71	0.11148684349572
71	0.111552075512174
71	0.112298899237934
71	0.110743977829887
71	0.11190857395241
71	0.11190137505927
71	0.1118567022025
71	0.112236242180045
71	0.114558342420938
71	0.111725663716814
71	0.111912156166815
71	0.112790128825352
71	0.113844108359648
71	0.111787665886027
71	0.112242721552735
71	0.10920568122041
71	0.112449799196787
71	0.111620635747785
71	0.112837285363859
71	0.111828760542329
71	0.109427083333333
71	0.111981417458946
71	0.112775673869459
71	0.113989637305699
71	0.113025277733054
71	0.110964332892999
71	0.111070515162587
71	0.111345535102062
71	0.111584327086882
71	0.112468520602261
71	0.109691606890413
71	0.112009237875289
71	0.112996800954292
71	0.111561975869718
71	0.111238033072237
71	0.114431564394342
71	0.112792444730629
71	0.11258865248227
71	0.112124522119061
71	0.112877498936623
71	0.11051326686712
71	0.110533228263725
71	0.112479827864443
71	0.113454929949775
71	0.112115162341074
71	0.111005139617443
71	0.110879889013393
71	0.110223475355054
71	0.109639248128174
71	0.111697635135135
71	0.11342567927544
71	0.111902393046028
71	0.109442970822281
71	0.111384068576207
71	0.111146924523234
71	0.112010359339592
71	0.112116402116402
71	0.112172589365388
71	0.111331050716884
71	0.111774969597631
71	0.111246469904203
71	0.112903225806452
71	0.113206497552292
71	0.113179128563744
71	0.111469105648807
71	0.112221112221112
71	0.111338797814208
71	0.11105132895728
71	0.113676731793961
71	0.111474200179202
71	0.111475756934152
71	0.10986652708715
71	0.112734420655581
71	0.110036213140197
71	0.111544056525353
71	0.112182714217583
71	0.112460372897749
71	0.112720264317181
72	0.109861089103681
72	0.111660182946062
72	0.111634378679225
72	0.110123009744928
72	0.111603763382719
72	0.111836074413589
72	0.111718306954684
72	0.111240105540897
72	0.111903368275422
72	0.111895970460748
72	0.110691959474025
72	0.112240553485897
72	0.110405166128528
72	0.112396077595395
72	0.107848518111965
72	0.111321384838027
72	0.111690523067099
72	0.111777623051792
72	0.110150743427484
72	0.110429447852761
72	0.112694712302639
72	0.111326589443891
72	0.110874767349109
72	0.112643166907595
72	0.113776885271891
72	0.112621255729666
72	0.113190299510674
72	0.112618580740898
72	0.110313315926893
72	0.108813594021906
72	0.111410508861022
72	0.11081223628692
72	0.111022279074726
72	0.111064122218111
72	0.110904488868227
72	0.11125306078995
72	0.111027877361015
72	0.110651926851948
72	0.113253522618921
72	0.112598510201878
72	0.11056536733201
72	0.113592079625046
72	0.111717652145714
72	0.112256955634332
72	0.113066247708824
72	0.110841466631496
72	0.113070934726986
72	0.11229581385577
72	0.111269238878347
72	0.112563775510204
72	0.112791932059448
72	0.111045513095749
72	0.109983256592717
72	0.113316296014355
72	0.11296776984642
72	0.112157989992548
72	0.113259958071279
72	0.111921120260135
72	0.111431932413646
72	0.112140135478408
72	0.112811217145599
72	0.112148518076213
72	0.111232962556791
72	0.111694510739857
72	0.112634671890304
72	0.11224876753887
72	0.112074007124249
72	0.112156862745098
72	0.111587085988925
72	0.10995085995086
72	0.111531787348162
72	0.113250104909778
72	0.111783493024038
72	0.113463303990927
72	0.111141289586615
72	0.111608809257186
72	0.111189265231036
72	0.112092998790174
72	0.111801569329612
72	0.110382456324432
72	0.111652800593503
72	0.112624217887376
72	0.111289116736089
72	0.111678601516428
72	0.11265457318734
72	0.112173119261129
72	0.111760986405311
72	0.112923060471582
72	0.111808297722724
72	0.111224271012007
72	0.112557548817273
72	0.1103031544449
72	0.115444450405021
72	0.111099432415388
72	0.111128928800513
72	0.111188436830835
72	0.111437257574169
72	0.113380244431512
72	0.111859395532194
72	0.112945732264831
73	0.112774943777083
73	0.112261962561364
73	0.112961776638907
73	0.112742499734973
73	0.110640933016823
73	0.109887771927025
73	0.111093213058419
73	0.112269066792989
73	0.11134498000421
73	0.111146029750681
73	0.112649758829936
73	0.111926511341476
73	0.109422492401216
73	0.113060225912238
73	0.108495447019868
73	0.111536416799575
73	0.111426126029742
73	0.111370327167694
73	0.1111356728378
73	0.110859145492965
73	0.11383644316483
73	0.111552743057371
73	0.111803558112283
73	0.109923664122137
73	0.111314441074976
73	0.111975360200459
73	0.110443475486547
73	0.111901014815217
73	0.111368789940219
73	0.113338431286869
73	0.112599681020734
73	0.112286324786325
73	0.114012564872986
73	0.113635143117985
73	0.111682119205298
73	0.110396457191059
73	0.111087566880331
73	0.111295594873657
73	0.109654848310793
73	0.112707938513371
73	0.11279296875
73	0.110959550915482
73	0.112924734624207
73	0.111644529791433
73	0.113291938539255
73	0.11101994769499
73	0.113941311225046
73	0.113845826008204
73	0.109777104974683
73	0.111040407254216
73	0.111832691249312
73	0.112465162030712
73	0.113196025092988
73	0.11196707471507
73	0.112138848472251
73	0.112110404713909
73	0.111249458640104
73	0.110397134730854
73	0.109555910049915
73	0.113536201469045
73	0.111034152059247
73	0.11194711667652
73	0.11176824927441
73	0.111804767309875
73	0.10935896743533
73	0.110066486598795
73	0.110305958132045
73	0.110866949196882
73	0.111749852253801
73	0.110821866865006
73	0.112633583747752
73	0.111821930844877
73	0.111324683645683
73	0.112557030277893
73	0.113608587066263
73	0.112883771929825
73	0.113081081081081
73	0.111442473708994
73	0.111790079079799
73	0.11083430509912
73	0.109910581222057
73	0.111627906976744
73	0.111908628909729
73	0.111002116784553
73	0.11441759435243
73	0.111769331585845
73	0.112376979032948
73	0.110392657871408
73	0.110817104149026
73	0.112229143374328
73	0.114467942262504
73	0.113045765386639
73	0.111105276975584
73	0.111317747077577
73	0.113077465935617
73	0.111836171680195
73	0.112147551409794
73	0.111490389664951
73	0.113803596127248
73	0.112234893441354
74	0.110178654172888
74	0.112111801242236
74	0.111633676158975
74	0.110479025998192
74	0.110807325251483
74	0.111749680715198
74	0.112603250732747
74	0.111350499211771
74	0.111951348492861
74	0.110507150773128
74	0.112486883525708
74	0.114699570815451
74	0.111630128987738
74	0.111953754773017
74	0.111690363349131
74	0.110465735905361
74	0.113302102625558
74	0.111002217981121
74	0.110101381520198
74	0.113523410933822
74	0.110420551066915
74	0.112511769013495
74	0.111367663641733
74	0.11347592456011
74	0.111909100653875
74	0.110539709468773
74	0.112000810865599
74	0.111705508474576
74	0.110335556589628
74	0.111467771162309
74	0.111508487242447
74	0.110513115268053
74	0.111483830389433
74	0.111111111111111
74	0.109929261114267
74	0.110854260796469
74	0.11122775707312
74	0.11101083032491
74	0.111446253055281
74	0.110286493860846
74	0.112670045345425
74	0.110742741029891
74	0.109791515402966
74	0.111711333717942
74	0.113137129451909
74	0.111994487729899
74	0.112202333808543
74	0.112817824377457
74	0.109973074283301
74	0.110946353863263
74	0.110468816291896
74	0.110278372591006
74	0.111822427454479
74	0.112083077552691
74	0.111571317628786
74	0.11077691680261
74	0.110164174422252
74	0.114106782719457
74	0.112007021008173
74	0.112717992343684
74	0.110348893295461
74	0.11117720218461
74	0.112224977576109
74	0.111480075901328
74	0.111902020307757
74	0.113980734183806
74	0.11070847119374
74	0.109967778817171
74	0.112293020331167
74	0.113261421319797
74	0.113757926661152
74	0.111255254008614
74	0.112472394573562
74	0.11008883248731
74	0.110892116182573
74	0.113536875935058
74	0.112079701120797
74	0.112859884836852
74	0.11055433761353
74	0.111208996217029
74	0.112018546814901
74	0.110773352568396
74	0.11188343116054
74	0.113160054719562
74	0.110678098207327
74	0.111788179465056
74	0.11088688812998
74	0.111204717775906
74	0.112849038938151
74	0.112905848555477
74	0.110755612435344
74	0.111963670529283
74	0.111951339799441
74	0.110367537709794
74	0.111151794120724
74	0.111218985976268
74	0.112078797304303
74	0.110831893618135
74	0.112425102491328
74	0.113557810235255
75	0.111398160586959
75	0.111378719760223
75	0.1090507250283
75	0.110059918006938
75	0.112526427061311
75	0.112357723577236
75	0.111012664825142
75	0.112177082216743
75	0.11200992288195
75	0.11017080344703
75	0.111451448223978
75	0.112077816806269
75	0.110254315187417
75	0.112638650210905
75	0.11002704279124
75	0.11010542555927
75	0.112520413718019
75	0.111734774169858
75	0.112637070158629
75	0.112908358082308
75	0.113621829034321
75	0.109906001446132
75	0.112089077412513
75	0.111905872596278
75	0.113237378693708
75	0.110286713657322
75	0.112615823235923
75	0.111472785485592
75	0.109707035279554
75	0.111938732689887
75	0.110397258807153
75	0.111128658664982
75	0.112131489694756
75	0.109278883432411
75	0.112841670964415
75	0.111588883062402
75	0.113066267315612
75	0.110734934111152
75	0.111834164261349
75	0.114116785265802
75	0.111058125364277
75	0.113337240901583
75	0.112616822429907
75	0.109666596770811
75	0.109870143750334
75	0.110834371108344
75	0.113895461389546
75	0.110438729198185
75	0.111247662302966
75	0.11295132601981
75	0.112562387172136
75	0.112224028527977
75	0.112134604121186
75	0.109245418245111
75	0.109461486731157
75	0.111514633625294
75	0.111347260380488
75	0.109743913340695
75	0.108355767239594
75	0.11239239026464
75	0.111399098024986
75	0.11154911570424
75	0.110390946502058
75	0.111497340285458
75	0.109978768577495
75	0.110288065843621
75	0.112413055109684
75	0.110347341561214
75	0.112815491731941
75	0.112195623137779
75	0.110936353150886
75	0.112388183898481
75	0.108915662650602
75	0.112903225806452
75	0.111770576185724
75	0.111111111111111
75	0.110402949697129
75	0.11392866441031
75	0.112418640978912
75	0.111473804472009
75	0.109407484407484
75	0.110990879579533
75	0.112410411165598
75	0.11209707596087
75	0.110037998733376
75	0.108660259440155
75	0.113500975275449
75	0.10997442455243
75	0.109996882469084
75	0.109810191871261
75	0.112505206164098
75	0.109765445347233
75	0.114598193057537
75	0.112313432835821
75	0.110770005032713
75	0.112045406768972
75	0.111245211733221
75	0.111164710296403
75	0.112810004203447
75	0.114122835323223
76	0.110250013270343
76	0.110990319407776
76	0.113863469022825
76	0.110910031023785
76	0.110201002317185
76	0.111477814448111
76	0.11163489432242
76	0.113310216057615
76	0.111034883107288
76	0.109836150307541
76	0.110511569990661
76	0.109831150386618
76	0.111579910532737
76	0.110107077565944
76	0.111711900887186
76	0.110238613911546
76	0.111914509011643
76	0.112147085013881
76	0.113628002312503
76	0.113900120779289
76	0.11295148536012
76	0.111574611891435
76	0.112360154905336
76	0.110892771788199
76	0.111893463952242
76	0.111093324795902
76	0.110883280757098
76	0.112536966624419
76	0.112852664576803
76	0.11118173632078
76	0.110809541207787
76	0.113676352972541
76	0.109161384945786
76	0.110187766265187
76	0.111523192645215
76	0.110435610065553
76	0.110692732243256
76	0.111232392535995
76	0.112230516260375
76	0.112638411607484
76	0.113115527820022
76	0.11409608091024
76	0.111093585699264
76	0.113789417423838
76	0.111730098401624
76	0.112560488112771
76	0.111979304155008
76	0.111707953063885
76	0.109843377243025
76	0.11173241154941
76	0.11182806889733
76	0.111924576003371
76	0.111513280459892
76	0.11179990297019
76	0.112185275682567
76	0.112161007900918
76	0.111128324296411
76	0.112626368997473
76	0.10999789074035
76	0.110309870930658
76	0.112542589437819
76	0.112735974474874
76	0.110801660113587
76	0.11145800811739
76	0.112287256122873
76	0.112348771518414
76	0.11104768823621
76	0.110818622896666
76	0.111812817061808
76	0.110892487765501
76	0.110614586781419
76	0.110869790050677
76	0.113083190617053
76	0.10999414924738
76	0.111962470680219
76	0.114258635214827
76	0.108615384615385
76	0.111016904244608
76	0.110376699446504
76	0.112384607405871
76	0.112532512341419
76	0.110010537407798
76	0.110823407560849
76	0.110016505054673
76	0.111812584785558
76	0.111700451633232
76	0.111872384937239
76	0.110527121498188
76	0.112146676852559
76	0.109773334031304
76	0.111570247933884
76	0.111264538743428
76	0.110943435499818
76	0.111018145688438
76	0.112461059190031
76	0.109493478920231
76	0.112151023663919
76	0.113578545685817
76	0.109518201832983
76	0.110813929095867
77	0.110555328705594
77	0.111573905347009
77	0.111986283019879
77	0.112039439543332
77	0.111267900073168
77	0.112928593897452
77	0.109546085436694
77	0.11056536733201
77	0.111509110730416
77	0.11047080569751
77	0.112625462229266
77	0.110300914039232
77	0.110306845003934
77	0.11137392019745
77	0.110128491910732
77	0.110676118929214
77	0.110381279827577
77	0.110525238046483
77	0.112833626338501
77	0.113653895602983
77	0.112093628088427
77	0.112284425577076
77	0.110944527736132
77	0.111146062703156
77	0.111012757094507
77	0.111244581396563
77	0.11285234031549
77	0.112704590286293
77	0.110119963088281
77	0.111179361179361
77	0.110504634397528
77	0.111070496083551
77	0.110294873112093
77	0.112765846266395
77	0.111300309597523
77	0.110409441482478
77	0.11103692671152
77	0.109343834705672
77	0.110301059477604
77	0.111257579752175
77	0.110429772162605
77	0.112071209203061
77	0.110198459262283
77	0.110732798048582
77	0.110864401528452
77	0.1129883843717
77	0.110798793887668
77	0.11105366559818
77	0.113455176528011
77	0.110436452332762
77	0.1105355795826
77	0.111645713694449
77	0.111070207730739
77	0.111326996796723
77	0.113620698796458
77	0.113200471445409
77	0.112172851303286
77	0.110166904131895
77	0.11042531120332
77	0.111878309625169
77	0.111334002006018
77	0.110920793107028
77	0.111158184610496
77	0.113838341091832
77	0.109138517936633
77	0.110895248096613
77	0.110344827586207
77	0.110482751529484
77	0.111935518308957
77	0.110579702527987
77	0.111116891224055
77	0.109717201786094
77	0.112361948460759
77	0.112575281824265
77	0.11057521449967
77	0.112209332570358
77	0.112012987012987
77	0.11144578313253
77	0.111669096603488
77	0.110854028484755
77	0.110123687766344
77	0.11208712179586
77	0.111417202326293
77	0.11148121161653
77	0.110226513945246
77	0.109764612008777
77	0.111325981288873
77	0.112795665312077
77	0.109824469478648
77	0.109925788497217
77	0.111280642864409
77	0.111190817790531
77	0.109564596716631
77	0.112120575569793
77	0.111784726653903
77	0.109606738669836
77	0.110449981405727
77	0.111945905334335
77	0.115538943549717
77	0.111689106487148
78	0.109482939083107
78	0.112298920790063
78	0.112021857923497
78	0.110153256704981
78	0.109586945436002
78	0.112463920230911
78	0.108852356998392
78	0.110821181887951
78	0.111518974252921
78	0.11162622984598
78	0.112024882703358
78	0.11111697913916
78	0.110499818342243
78	0.112007168458781
78	0.112461346498128
78	0.112576442435522
78	0.109593926733581
78	0.110163763971926
78	0.113320825515947
78	0.110778906129182
78	0.110329135358239
78	0.112365953478734
78	0.113190041750425
78	0.111411348991894
78	0.111151023759429
78	0.112080290053071
78	0.110862262038074
78	0.11171910624715
78	0.112007915017705
78	0.110658485020368
78	0.112787393438388
78	0.110756890168655
78	0.110255494925799
78	0.112540707917356
78	0.112725219444587
78	0.111972527186638
78	0.110747323563039
78	0.113105243181695
78	0.112198994442974
78	0.112661747406694
78	0.111641667099185
78	0.112436825926119
78	0.111673009749231
78	0.11282956196803
78	0.11266954377312
78	0.111605723370429
78	0.108257460133677
78	0.109506179277259
78	0.110516457051111
78	0.112684824902724
78	0.113166029234558
78	0.111495916468521
78	0.112088833019066
78	0.110968272741297
78	0.111193163835848
78	0.113552558468455
78	0.111151246194334
78	0.111494134595596
78	0.111212907823077
78	0.11219692567746
78	0.112730549077804
78	0.112063623218343
78	0.108505626799267
78	0.112262053256684
78	0.110304270007671
78	0.113278202527695
78	0.109750353273669
78	0.112813223836597
78	0.110649705634987
78	0.110565998760587
78	0.11161613553019
78	0.109586847443151
78	0.110642114704796
78	0.111336137508438
78	0.11160384331116
78	0.110735418427726
78	0.111985192040722
78	0.111018189420866
78	0.11041091609812
78	0.111604862600879
78	0.111640571817563
78	0.111831862999481
78	0.111592409240924
78	0.112767404152937
78	0.112815838776647
78	0.112279959824496
78	0.111076700732941
78	0.11000421674046
78	0.111956579577502
78	0.110098470563587
78	0.112581742087366
78	0.111620469083156
78	0.110729787019279
78	0.113773065552044
78	0.111849332984567
78	0.110945605834917
78	0.112388524766305
78	0.110952305330581
78	0.109178103158002
78	0.110968536672997
79	0.110001035303862
79	0.110019346298748
79	0.111648238621754
79	0.110259554465563
79	0.111244330918
79	0.111450381679389
79	0.109234638878908
79	0.112635301682563
79	0.109312591969729
79	0.110516291758892
79	0.111019989748847
79	0.113171388615528
79	0.111002671049928
79	0.110153846153846
79	0.113175853018373
79	0.110502711722987
79	0.111537870640651
79	0.111968125861981
79	0.109367813154801
79	0.109058249935848
79	0.111654690923916
79	0.112452117332214
79	0.112203821656051
79	0.110609824098951
79	0.11103524344766
79	0.112775740042362
79	0.11080740117746
79	0.111785639522713
79	0.11004011879331
79	0.113353053031904
79	0.111842466129121
79	0.110711642169821
79	0.110890079061464
79	0.112524361472972
79	0.110313994593471
79	0.111326431740527
79	0.110868903984589
79	0.110737074812842
79	0.111613876319759
79	0.111336248267036
79	0.109841107124552
79	0.110510448071525
79	0.11194942903752
79	0.110381146045154
79	0.113092695429304
79	0.112094395280236
79	0.111618968472446
79	0.112320506924217
79	0.112266968791843
79	0.110102503952267
79	0.110320102432778
79	0.109174910862251
79	0.11138027278951
79	0.112670833774764
79	0.113330529857023
79	0.111341352471444
79	0.112484737484737
79	0.108941366434554
79	0.112294238683128
79	0.110576923076923
79	0.112107623318386
79	0.109772151898734
79	0.109951641639094
79	0.110967541864792
79	0.110677489853263
79	0.111603188662533
79	0.109636260739826
79	0.112428454619787
79	0.109956038272563
79	0.110514586709887
79	0.110433921966974
79	0.110647181628392
79	0.110956718645463
79	0.111722931247427
79	0.111330356215599
79	0.110702989490868
79	0.109529604740992
79	0.112845391267665
79	0.112512223995059
79	0.111635300753807
79	0.111809173562162
79	0.111746198217095
79	0.111105201574301
79	0.110226253889563
79	0.113106106715358
79	0.109839207752103
79	0.110317743662978
79	0.108870967741935
79	0.110169491525424
79	0.111310497704122
79	0.110610866673488
79	0.110961249157027
79	0.110994764397906
79	0.110228348942439
79	0.110341889445095
79	0.112108747993579
79	0.110828802276538
79	0.111374163664436
79	0.110102335345054
79	0.111220625616019
80	0.10881810733306
80	0.110734863034469
80	0.110515077339722
80	0.110072471379057
80	0.112028113518982
80	0.109569548203486
80	0.110974169362707
80	0.108577577372412
80	0.112119764293677
80	0.112657252888318
80	0.111819416866966
80	0.109268048963278
80	0.111088556204009
80	0.110275304472418
80	0.109416949495973
80	0.110711867937301
80	0.111071190268439
80	0.111128033302873
80	0.112051948051948
80	0.111082192493884
80	0.108317512442917
80	0.111382536382536
80	0.112413538201595
80	0.108960537531966
80	0.110954543082303
80	0.11219310059049
80	0.112439941508252
80	0.110386052303861
80	0.111122428193115
80	0.110192981538622
80	0.111460297506809
80	0.111663301754931
80	0.110216302720562
80	0.111887026691496
80	0.110738428195469
80	0.108889898530971
80	0.111423778342984
80	0.110447453787138
80	0.112722751761293
80	0.10915474776682
80	0.11017976166431
80	0.11019410056549
80	0.11065741118824
80	0.111257007221857
80	0.11170761924427
80	0.108980722010344
80	0.113295448727794
80	0.112904938927244
80	0.112622669920557
80	0.111918530269689
80	0.110993444276349
80	0.1117488881994
80	0.11206450945932
80	0.109172994048841
80	0.111887018604409
80	0.113194234452172
80	0.109342419773178
80	0.111323089615345
80	0.113319260670339
80	0.111282923560641
80	0.109799351438995
80	0.110436645582534
80	0.1105988369047
80	0.111046817464492
80	0.112766624843162
80	0.113182494157638
80	0.110666871700241
80	0.109433569346106
80	0.110511569990661
80	0.110197538525184
80	0.111674864095263
80	0.112054238735853
80	0.111373660995589
80	0.109130722615471
80	0.1095352277945
80	0.110968996214059
80	0.110446221305133
80	0.11112799473231
80	0.111342934201822
80	0.112552107457156
80	0.11211043714704
80	0.112265344863953
80	0.109184393588063
80	0.111259502773783
80	0.109489409799007
80	0.11223338802297
80	0.111833281749716
80	0.113136785081779
80	0.10945892182216
80	0.109270468302007
80	0.108536212692269
80	0.109936464951568
80	0.111203019180065
80	0.112119565217391
80	0.111535134585051
80	0.109325417135838
80	0.110411225482665
80	0.109270111880661
80	0.109995365363819
80	0.110331303540097
81	0.112711952564236
81	0.110407377381435
81	0.111252481042292
81	0.111860267572733
81	0.111323780456262
81	0.11190488340052
81	0.111412626081614
81	0.112926727726894
81	0.111602908631046
81	0.109891832575639
81	0.10855862895244
81	0.109561650858754
81	0.111641701015382
81	0.109976114245058
81	0.109164906496317
81	0.111487179487179
81	0.109584231907317
81	0.111315983563376
81	0.112212731340248
81	0.11236358046831
81	0.111444100167623
81	0.112130162184569
81	0.108944896206879
81	0.110905254490248
81	0.11284026440431
81	0.111805447065563
81	0.113118658107269
81	0.111094006568144
81	0.111491108071135
81	0.111059931419213
81	0.110872235872236
81	0.111814238326104
81	0.112865888162971
81	0.110544564552315
81	0.111213706781574
81	0.110192697768763
81	0.110797785069729
81	0.109263900966801
81	0.109867436942281
81	0.111167512690355
81	0.111451094284825
81	0.110311274388125
81	0.109198574798013
81	0.112753487889632
81	0.109623733719247
81	0.111538461538462
81	0.108077477848753
81	0.111163447951013
81	0.109699236562996
81	0.111980260394792
81	0.110316596714856
81	0.110399750156152
81	0.110176446450554
81	0.110035346549869
81	0.112483711232734
81	0.109710160092079
81	0.110081351045206
81	0.112140124823837
81	0.11133883281242
81	0.113100504866497
81	0.10829632620105
81	0.109592508225766
81	0.112127905753655
81	0.112258597542084
81	0.110227101062491
81	0.110884032908872
81	0.111364442417794
81	0.111942625506704
81	0.110226922682
81	0.11086637298091
81	0.11042348608838
81	0.109387002611768
81	0.109734875626983
81	0.112379744159002
81	0.111406106402532
81	0.110804574638844
81	0.113222361809045
81	0.11209863858207
81	0.109138221337823
81	0.109196897933691
81	0.109821148415438
81	0.110189636046696
81	0.110798122065728
81	0.111006879299562
81	0.109396914446003
81	0.111382113821138
81	0.110681513558099
81	0.111948500549537
81	0.110788231020705
81	0.112913452393533
81	0.110009201513138
81	0.11222567340496
81	0.11093059856831
81	0.110007025996186
81	0.110737571312143
81	0.110123586642125
81	0.111134138127558
81	0.109891248058001
81	0.111640882576718
81	0.109208676441052
82	0.110020844984493
82	0.110803039638529
82	0.110210531681705
82	0.111331592689295
82	0.110024198115636
82	0.112720639519288
82	0.110163867476645
82	0.110106653123413
82	0.110384635030904
82	0.111204968944099
82	0.111134105960265
82	0.112232353242496
82	0.110180741345859
82	0.111922266207393
82	0.111635627950407
82	0.110011168646563
82	0.111224803028753
82	0.110254036819912
82	0.112055480237772
82	0.109918749041852
82	0.111589081784196
82	0.112965143061883
82	0.111566899625241
82	0.111145147291571
82	0.110581847981971
82	0.111364442417794
82	0.111271155923659
82	0.110264593843303
82	0.11161037082946
82	0.111010512549671
82	0.110516016067566
82	0.112139441616536
82	0.111075338055377
82	0.111388280812503
82	0.109132536250318
82	0.10984658578161
82	0.111043994764925
82	0.109693352541675
82	0.110230955197778
82	0.111375409662755
82	0.110474839102012
82	0.112156702296323
82	0.111161639128897
82	0.10943073908456
82	0.112120098682484
82	0.109350557602059
82	0.114490807684363
82	0.112120564343737
82	0.110066428206438
82	0.109886128364389
82	0.111262557423393
82	0.112353154272111
82	0.11092910161249
82	0.109131288090073
82	0.10956416464891
82	0.110303334168965
82	0.111563433989488
82	0.111353939015506
82	0.11050266053624
82	0.1106768797874
82	0.111236473665316
82	0.110007169927276
82	0.111635138636953
82	0.111145178598804
82	0.109769820971867
82	0.110285773238419
82	0.111576660459342
82	0.110311998758214
82	0.110854266194072
82	0.108450558543649
82	0.111934956023727
82	0.109580747691842
82	0.111764405133187
82	0.110418157652592
82	0.11031175059952
82	0.107740478390309
82	0.109912374005977
82	0.111127910492894
82	0.111894590560502
82	0.112752840474856
82	0.109049207673061
82	0.109578544061303
82	0.11030975976755
82	0.110330288123682
82	0.111260887598507
82	0.112443857331572
82	0.109646186331565
82	0.11095384926452
82	0.111805979255644
82	0.1109691269679
82	0.109902231135623
82	0.11335436382755
82	0.10991752367376
82	0.109993714644877
82	0.110478589420655
82	0.108497993599837
82	0.110890260487499
82	0.111934577050856
82	0.109788907284768
82	0.111013307098845
83	0.109577880747492
83	0.113300492610837
83	0.112919261158495
83	0.110888510467795
83	0.111846122532058
83	0.11279792746114
83	0.11121778676099
83	0.111723214745405
83	0.108653220559532
83	0.109402931712549
83	0.110871508967549
83	0.110137924091412
83	0.109530436575434
83	0.111894805783667
83	0.109610208354102
83	0.111333538651063
83	0.11046357615894
83	0.110235815055092
83	0.111944458521259
83	0.109046479661966
83	0.111494895108447
83	0.111122511799713
83	0.109530874302962
83	0.111894496576211
83	0.112248628884826
83	0.110121622309297
83	0.111088587066694
83	0.110035346549869
83	0.107723270440252
83	0.108657517284078
83	0.11096523474425
83	0.11225937183384
83	0.112461695607763
83	0.111042787599283
83	0.111946241911399
83	0.109189897665978
83	0.109877411575563
83	0.111271750916507
83	0.111389941616306
83	0.111899984565519
83	0.111156331077987
83	0.111048851306607
83	0.111008892977614
83	0.112081661672845
83	0.111690638006427
83	0.111368074827834
83	0.111189981240176
83	0.111065107131767
83	0.110873882820258
83	0.110146828800646
83	0.111947081397697
83	0.112372708757637
83	0.108393166625402
83	0.11099285388475
83	0.110669722434428
83	0.110069780471655
83	0.111785095320624
83	0.111145510835913
83	0.113114923522117
83	0.110993550987505
83	0.111088390164102
83	0.109709131448262
83	0.11029374201788
83	0.110605140659785
83	0.110559071178286
83	0.110789473684211
83	0.108910891089109
83	0.109701000050764
83	0.110569994533618
83	0.109148037498712
83	0.110540637675207
83	0.111094006568144
83	0.110463332310525
83	0.111914460285132
83	0.110064502917989
83	0.10952163546898
83	0.1108546246262
83	0.11053089643168
83	0.112451861360719
83	0.108867735470942
83	0.112293691192349
83	0.110923336918113
83	0.110353315214604
83	0.11089603178646
83	0.109231087653938
83	0.110909274397013
83	0.110230620745708
83	0.111327508158754
83	0.110390946502058
83	0.110763958879258
83	0.109966534197867
83	0.110105890819369
83	0.111162102901433
83	0.110356019880312
83	0.108541718247091
83	0.111689935403209
83	0.110475509474437
83	0.110911793347343
83	0.111236880016464
83	0.110952113251904
84	0.11129355020781
84	0.110264227642276
84	0.110387919812549
84	0.111527022869449
84	0.111565808992787
84	0.10908349474972
84	0.110063849194284
84	0.109847320422174
84	0.1121400223873
84	0.11037899683318
84	0.112575339666973
84	0.110569600974718
84	0.107775173308064
84	0.110397286323688
84	0.110801896516182
84	0.111857282001333
84	0.112374720880719
84	0.110667841044505
84	0.109970446414683
84	0.112610777223184
84	0.109504451191273
84	0.110940616848243
84	0.112402314016036
84	0.112278595016512
84	0.109243278296004
84	0.110677618069815
84	0.110305323453676
84	0.111601416183488
84	0.110557768924303
84	0.111441385064664
84	0.110368221818003
84	0.109932643007942
84	0.112974358974359
84	0.112606905289832
84	0.111424394319131
84	0.111503609276609
84	0.111088770483563
84	0.110378660125709
84	0.110244648318043
84	0.110986088379705
84	0.111222646055009
84	0.109963578306641
84	0.109435675021433
84	0.110275439557703
84	0.111133768352365
84	0.110045685024349
84	0.111059503535119
84	0.110958135740146
84	0.111178676396068
84	0.111696954184797
84	0.109631990131579
84	0.11056373793804
84	0.110985799969242
84	0.111279104928939
84	0.110891089108911
84	0.108660429624209
84	0.112056592167316
84	0.11124725583295
84	0.110809147779715
84	0.111099775556009
84	0.110083906948701
84	0.112066784720465
84	0.112185297079557
84	0.110378660125709
84	0.111387268577225
84	0.109598089527971
84	0.111938016107656
84	0.112037954225536
84	0.109892951336815
84	0.11125593034774
84	0.10984673740325
84	0.108312471261432
84	0.109149689536614
84	0.11039393473695
84	0.112092110698059
84	0.109533262075635
84	0.112920516616468
84	0.109569620253165
84	0.110750648832102
84	0.110977564102564
84	0.113191273465246
84	0.111328527291452
84	0.110528438886648
84	0.110567115463076
84	0.11149984788561
84	0.109583481304855
84	0.113881401617251
84	0.111278273500726
84	0.112828199297085
84	0.111038372444355
84	0.11013916500994
84	0.110477883509359
84	0.108301040179482
84	0.111766213791336
84	0.109360608851617
84	0.110671319202125
84	0.111472998529103
84	0.110387997416663
84	0.109722582317864
84	0.108803410330128
85	0.110240963855422
85	0.109809138822085
85	0.110932225396001
85	0.110494398190975
85	0.110967292278588
85	0.110048580925594
85	0.110533895689744
85	0.111213754169874
85	0.110618808184398
85	0.10901227817269
85	0.110112359550562
85	0.110485398185986
85	0.111060236060236
85	0.109867350461068
85	0.114435886761032
85	0.110629620188631
85	0.11116222017786
85	0.112798043611168
85	0.109457441513191
85	0.111905237904838
85	0.110335693545922
85	0.109601269589367
85	0.110785372627681
85	0.11143210895584
85	0.111621966794381
85	0.109429331151565
85	0.109749924066012
85	0.108522071008889
85	0.112157963315626
85	0.112946382628383
85	0.109731386709617
85	0.109401882400567
85	0.11016732333828
85	0.109754212397588
85	0.111937690348994
85	0.11078935543462
85	0.109333063250114
85	0.112226277372263
85	0.109917561828629
85	0.110261249627496
85	0.111318847902981
85	0.111032781106803
85	0.110726467443873
85	0.110956216439488
85	0.111766162992321
85	0.11121658755933
85	0.110408163265306
85	0.110535405872193
85	0.110393541876892
85	0.11066367621572
85	0.108539629706678
85	0.112347916127362
85	0.108468940500781
85	0.11125694093892
85	0.11061073723625
85	0.111674354944999
85	0.109306930693069
85	0.111228974086983
85	0.111595466434176
85	0.108440913604767
85	0.110481586402266
85	0.110599078341014
85	0.110172127747822
85	0.111229729042753
85	0.111570686180931
85	0.110702270815812
85	0.110361958836054
85	0.108909885197602
85	0.110687405920723
85	0.110248210750723
85	0.112171587393151
85	0.111179677054407
85	0.109095541401274
85	0.110424788618298
85	0.111355426417465
85	0.109627932460029
85	0.110993015487398
85	0.110466004583652
85	0.111350243402511
85	0.112180311840683
85	0.111988259703456
85	0.108950219241682
85	0.108855515277059
85	0.10910618944038
85	0.10985692361008
85	0.112031905526493
85	0.109672238116749
85	0.109977324263039
85	0.111122639551774
85	0.10880483804838
85	0.109633524045152
85	0.109950924088963
85	0.110150743427484
85	0.110400330169212
85	0.10996425154826
85	0.11210373168615
85	0.110519446619682
85	0.112654400082005
85	0.111444863048569
85	0.11048632218845
86	0.110703333165753
86	0.109302444251671
86	0.10921935352714
86	0.110973084886128
86	0.110254315187417
86	0.10969672380566
86	0.107308641975309
86	0.111043412033511
86	0.11217409587889
86	0.110721900700579
86	0.110524217659956
86	0.11047953699876
86	0.111552364950868
86	0.110064654075243
86	0.111341247789846
86	0.109713237915754
86	0.10930785176197
86	0.110435047155461
86	0.109569620253165
86	0.111420330921419
86	0.109772218832622
86	0.109554009819967
86	0.111394380853278
86	0.10997506234414
86	0.111363636363636
86	0.11232222568255
86	0.111262764129006
86	0.110120103380125
86	0.110566584987748
86	0.110617009449694
86	0.110584752035529
86	0.110474258179051
86	0.109347092677118
86	0.110486037200345
86	0.110603337612323
86	0.111196162482139
86	0.110892422437458
86	0.109806835066865
86	0.110646427096241
86	0.111658709379332
86	0.112582117245875
86	0.108732394366197
86	0.110207360546267
86	0.112006003001501
86	0.110110625160792
86	0.111337475807273
86	0.111246385633846
86	0.10961674587926
86	0.108943089430894
86	0.109854761672678
86	0.110991984479502
86	0.110163504238999
86	0.110327558894169
86	0.110517293536352
86	0.110065898687057
86	0.110819769455301
86	0.110391891213809
86	0.111020324788071
86	0.109054019781892
86	0.111187371310913
86	0.111065886542864
86	0.108924979147245
86	0.112240322821701
86	0.111943722281694
86	0.11037382230777
86	0.110632256756072
86	0.110674759014638
86	0.112461848843826
86	0.110238255206987
86	0.110942709912095
86	0.111509700889248
86	0.11374922408442
86	0.112509554140127
86	0.109744990892532
86	0.110184778899127
86	0.107692307692308
86	0.110837567440155
86	0.110979747095713
86	0.111177406523469
86	0.111376454448453
86	0.111504056584148
86	0.112527183533101
86	0.111122490782466
86	0.108935128518972
86	0.109055157809822
86	0.110564607029409
86	0.110781353937471
86	0.109447180059902
86	0.109952128999748
86	0.111539648256711
86	0.111160914388167
86	0.108507439473275
86	0.109844965031545
86	0.110490196078431
86	0.114264882037394
86	0.111161296798153
86	0.111597374179431
86	0.108676822744179
86	0.110291826773289
86	0.11056170886076
87	0.1105022371927
87	0.110731757032205
87	0.111423513485369
87	0.110416984102799
87	0.108927851672713
87	0.108503251674735
87	0.109233674585031
87	0.112076239638656
87	0.109610761597872
87	0.110262337923409
87	0.110544304443197
87	0.11126053897481
87	0.112077197567472
87	0.11028392462905
87	0.110788921107889
87	0.109267705879405
87	0.10974809430057
87	0.113520667888414
87	0.110099049325569
87	0.110426119550207
87	0.110616721854305
87	0.108948635634029
87	0.110479085960869
87	0.110849539406346
87	0.113487008391467
87	0.11192127269019
87	0.111099696954132
87	0.111563433989488
87	0.110884734885142
87	0.109518577706752
87	0.110251945923802
87	0.109588353413655
87	0.110876770111479
87	0.112481278082876
87	0.111376575843839
87	0.111212167146683
87	0.110703924263246
87	0.108970529669454
87	0.108684507331078
87	0.110902534209356
87	0.110597204574333
87	0.112110373019928
87	0.109026783888775
87	0.11178336179556
87	0.111449761251651
87	0.109961587708067
87	0.110748354843646
87	0.110728449175537
87	0.112202947959491
87	0.111624089463425
87	0.111502820306205
87	0.111116738414789
87	0.110139086843269
87	0.108650165858637
87	0.109094515521174
87	0.110145668285203
87	0.109447754468533
87	0.110180607405913
87	0.111943299487283
87	0.1090567379489
87	0.109668037308194
87	0.11038000510074
87	0.110264227642276
87	0.109803535378404
87	0.109297799071717
87	0.110344127499746
87	0.110937255515569
87	0.111526091918249
87	0.110121742630043
87	0.107918294673327
87	0.11001066585403
87	0.111512234255917
87	0.111144976125165
87	0.1113162359046
87	0.110105273864619
87	0.110697393579551
87	0.111111111111111
87	0.111330926356397
87	0.109911915593844
87	0.109645590012082
87	0.109265302086423
87	0.110686447070656
87	0.111122289853614
87	0.111500350315284
87	0.110131939258153
87	0.109744465083589
87	0.110078592259404
87	0.108375378405651
87	0.110795747755186
87	0.110333879049462
87	0.111061859732072
87	0.109241994325091
87	0.1102871173022
87	0.110653886686405
87	0.111425825704314
87	0.110338222692676
87	0.110831740923263
87	0.110001520758351
87	0.111920663833232
87	0.109741431148527
88	0.109616342800199
88	0.110614070760472
88	0.109985671228816
88	0.111626052723377
88	0.10933860022283
88	0.110715360690278
88	0.109778134725429
88	0.1104036099273
88	0.108955738269903
88	0.111150858544563
88	0.110163111668758
88	0.110270379338176
88	0.111728143468514
88	0.110836444354757
88	0.110830853049488
88	0.111026808295397
88	0.110562829783076
88	0.110392563027333
88	0.111684796230387
88	0.112564128357308
88	0.110821581851625
88	0.111515635130417
88	0.108749183376049
88	0.109591100420926
88	0.109839234839235
88	0.110206731249376
88	0.110336703641897
88	0.108716499268157
88	0.109647385103011
88	0.110840438489647
88	0.108950933099449
88	0.110967292278588
88	0.11131592421915
88	0.108855907214468
88	0.111852669610598
88	0.11003861003861
88	0.110237418831169
88	0.111222144498851
88	0.110199872317438
88	0.109381903873533
88	0.1090973702914
88	0.109327726783242
88	0.111222294491419
88	0.110503611556982
88	0.110306039724362
88	0.111766548339946
88	0.109357103729894
88	0.110287729340216
88	0.111460831334932
88	0.1087527794623
88	0.110066371681416
88	0.10971615720524
88	0.111213754169874
88	0.110728026782591
88	0.111341772151899
88	0.110239368347409
88	0.110518292682927
88	0.109989609618525
88	0.11088253445793
88	0.110380745310209
88	0.110070837667806
88	0.110768756740102
88	0.10921032533985
88	0.110104669887279
88	0.110587639311044
88	0.110764587525151
88	0.109188811886125
88	0.108801526334287
88	0.111066072152412
88	0.109964783492882
88	0.110353748942733
88	0.109883517472379
88	0.110109303379842
88	0.110018068660911
88	0.108333747453163
88	0.109774961329275
88	0.110336586337383
88	0.110506232510812
88	0.109592445328032
88	0.11125183646588
88	0.111448527178864
88	0.110909279634627
88	0.110108673364773
88	0.109690948125218
88	0.110053599158443
88	0.107964425895563
88	0.110766809305986
88	0.110598153352067
88	0.107282575985555
88	0.110555838857726
88	0.109664014594841
88	0.111311703718987
88	0.110714644687908
88	0.111500320686763
88	0.10929901262465
88	0.109821609568214
88	0.10871104815864
88	0.109676446945338
88	0.110939369764659
88	0.111920663833232
89	0.10978205778003
89	0.110085368274767
89	0.108229988726043
89	0.1105361718904
89	0.11013898610139
89	0.110968007830612
89	0.111173383604219
89	0.109562447110359
89	0.109173951478244
89	0.110409472126295
89	0.110014455909476
89	0.111808155418395
89	0.110029602127339
89	0.110147133434805
89	0.110937971247612
89	0.109554455445545
89	0.109051145683185
89	0.109381359381359
89	0.111060142711519
89	0.110267284742085
89	0.110962765168373
89	0.1103775943986
89	0.109712777834162
89	0.111239221977141
89	0.111067465383482
89	0.109813438495374
89	0.111321430398527
89	0.111444427778611
89	0.108430568695469
89	0.110043224002034
89	0.110264572352972
89	0.111358349347628
89	0.109144690664795
89	0.109145277846997
89	0.109699236562996
89	0.111618442602611
89	0.10824951742355
89	0.108950198502437
89	0.107855046057293
89	0.109578736208626
89	0.110736089740408
89	0.110209501327825
89	0.109330772341286
89	0.111035620693002
89	0.110605838345313
89	0.110520775900957
89	0.111728680973702
89	0.110097173580624
89	0.110400487284909
89	0.108570004982561
89	0.109231001661882
89	0.109903321144117
89	0.110275689223058
89	0.110173798150219
89	0.111323892556569
89	0.110338618516481
89	0.109300283009661
89	0.109932785660941
89	0.109711417816813
89	0.110761740541637
89	0.110277607675036
89	0.110304341109223
89	0.110721267104406
89	0.110169916294923
89	0.109944012287569
89	0.109958815064755
89	0.108622291778745
89	0.109631670237731
89	0.10966796875
89	0.109403658355227
89	0.108953667378458
89	0.108962310812148
89	0.11101181610565
89	0.109702510227789
89	0.112401915825945
89	0.111694152923538
89	0.108045861913583
89	0.110106779240129
89	0.10936314431686
89	0.110759977572761
89	0.110099544795158
89	0.111800605159239
89	0.10893377549995
89	0.112286829669201
89	0.110750507099391
89	0.109817305761895
89	0.108963695077796
89	0.111609121804659
89	0.110423372121812
89	0.110102503952267
89	0.110249224301872
89	0.111834625322997
89	0.110990152902172
89	0.110951934001877
89	0.111965206837261
89	0.111608920748706
89	0.109482500747831
89	0.110952988517028
89	0.10959040959041
89	0.111030126336249
90	0.111518193224592
90	0.110358370152185
90	0.108442574838583
90	0.112111457599839
90	0.110377358490566
90	0.108569716340392
90	0.11078145428945
90	0.110814419225634
90	0.11097857959346
90	0.109441214151966
90	0.109826295145433
90	0.111027719403583
90	0.109127382146439
90	0.11137115237853
90	0.108846918489066
90	0.108780415576724
90	0.109467748318164
90	0.112647724415388
90	0.109540636042403
90	0.110086846829363
90	0.111359252867729
90	0.111822858872188
90	0.10865840137083
90	0.109434152743425
90	0.110422907041681
90	0.109248379254457
90	0.11074297188755
90	0.111133904302785
90	0.113011418915459
90	0.109988168014198
90	0.108263412153572
90	0.110286971200573
90	0.110816357175034
90	0.112082183379331
90	0.111545988258317
90	0.110309278350515
90	0.11109427864465
90	0.111667425276893
90	0.111194104172891
90	0.108965032860081
90	0.111476251604621
90	0.108798114689709
90	0.109919302290612
90	0.111170889171476
90	0.110184219673271
90	0.110334346504559
90	0.110118001506402
90	0.108875620892078
90	0.111172538573654
90	0.110016502475371
90	0.108465476959785
90	0.109688195991091
90	0.110034431874078
90	0.109493830269454
90	0.111167409809485
90	0.109365497668761
90	0.110533292546141
90	0.110575489513965
90	0.111719495654795
90	0.112013231093069
90	0.110411787665886
90	0.10953961610622
90	0.110605370960401
90	0.110088009360533
90	0.111466240511386
90	0.111133420339323
90	0.111319226485775
90	0.110001475869533
90	0.109573537733423
90	0.110413498798254
90	0.108694572719599
90	0.109562240156517
90	0.11012008570432
90	0.112488178786521
90	0.109389106229311
90	0.110112137529022
90	0.109735849056604
90	0.111791417929486
90	0.110318138412826
90	0.110171158764509
90	0.109618035046269
90	0.110037210650945
90	0.110667542574157
90	0.110448063113179
90	0.11006006006006
90	0.110558455628878
90	0.109451506009199
90	0.108409068211325
90	0.109439601494396
90	0.10927680798005
90	0.110637242747334
90	0.111655290991507
90	0.109612058314801
90	0.110999041807454
90	0.111199089424457
90	0.111962662736428
90	0.111223971559167
90	0.109147455200671
90	0.109679665738162
90	0.109891201748721
91	0.109640070475711
91	0.110773219003938
91	0.109806629834254
91	0.108748658929094
91	0.110643503792513
91	0.109368062749741
91	0.110126268878435
91	0.109198467730204
91	0.110772611496779
91	0.109607714444388
91	0.109217234829551
91	0.109368836291913
91	0.108982035928144
91	0.111391129032258
91	0.111138973870304
91	0.108519165553386
91	0.110095389507154
91	0.110813226094727
91	0.110290882424835
91	0.109766936598854
91	0.110288601010354
91	0.110454725972994
91	0.108607683469051
91	0.108635373341256
91	0.110190763052209
91	0.110991434579679
91	0.109951680888249
91	0.111138798903563
91	0.110230727064334
91	0.108923753372639
91	0.111357229158276
91	0.109613303158516
91	0.111464315012305
91	0.110418521816563
91	0.109404990403071
91	0.109755490264429
91	0.109230994294631
91	0.109415994558352
91	0.110169491525424
91	0.109065293431792
91	0.11085175068289
91	0.111383950496022
91	0.110274074441195
91	0.110803871222595
91	0.112869853093317
91	0.108849906376269
91	0.110530766552256
91	0.109224276527331
91	0.109587013371491
91	0.111055999206389
91	0.110493705743509
91	0.111373218229271
91	0.111072475286871
91	0.109279065161418
91	0.108186984793405
91	0.110424901185771
91	0.11035175879397
91	0.109818360333824
91	0.110895696006204
91	0.109923664122137
91	0.10843134335765
91	0.111760915894335
91	0.110203296967367
91	0.109654058814895
91	0.10901425416583
91	0.108806762335365
91	0.109662151956095
91	0.110277569392348
91	0.110105957616953
91	0.10991917707568
91	0.10930568708568
91	0.11043797795213
91	0.109704641350211
91	0.111667894866126
91	0.107681654053519
91	0.110250961343858
91	0.109756097560976
91	0.109611122305057
91	0.110983696465075
91	0.111402756044622
91	0.109679012345679
91	0.108949803492364
91	0.109916367980884
91	0.11195065535852
91	0.109677735812037
91	0.108795392424834
91	0.109951253139002
91	0.11087556694932
91	0.113096457096048
91	0.111225037839949
91	0.109731777844252
91	0.11159748427673
91	0.110981663458616
91	0.110903457433728
91	0.10990680713128
91	0.110432168728133
91	0.110204487785462
91	0.111012213815952
91	0.111044567550032
91	0.108960750431992
92	0.11142871470839
92	0.108913784705309
92	0.109558715009593
92	0.110287211429136
92	0.110851096301572
92	0.109437035528861
92	0.110013337943981
92	0.110223255363456
92	0.110426748790145
92	0.11096163428002
92	0.110357739209634
92	0.110066568423192
92	0.109461137323069
92	0.109598781107161
92	0.110491787106003
92	0.112307303512762
92	0.110582699239087
92	0.107951660404184
92	0.111071896742967
92	0.110517885744794
92	0.110302023262633
92	0.110085536171652
92	0.110932798395186
92	0.109946618345658
92	0.110342798293365
92	0.10952380952381
92	0.109220419469727
92	0.108693502126397
92	0.110674492638281
92	0.110098107224259
92	0.110336645410055
92	0.109612225596097
92	0.11011427425822
92	0.110245153652641
92	0.110502004974367
92	0.111402756044622
92	0.110181029700973
92	0.110691885535084
92	0.110457131646066
92	0.109850746268657
92	0.111089108910891
92	0.109848295198518
92	0.110268814522966
92	0.110109018830525
92	0.109191979352789
92	0.11041928194828
92	0.111824153612936
92	0.109638015790258
92	0.110642471799902
92	0.109902912621359
92	0.111331711917407
92	0.110795310358829
92	0.10926001635323
92	0.111182297570351
92	0.112179005856735
92	0.10991143397353
92	0.1122682774422
92	0.109944079747143
92	0.11080156402737
92	0.110127337843215
92	0.10883757186008
92	0.111289352316022
92	0.109464082098062
92	0.109665888894405
92	0.111424826056267
92	0.110079376965703
92	0.110154058177881
92	0.110290838824754
92	0.108815014475392
92	0.109929430474108
92	0.110342475763628
92	0.110135914539345
92	0.109973018886779
92	0.108664597803064
92	0.110094451003542
92	0.110118604535755
92	0.110385697067095
92	0.110531909509591
92	0.111560145686773
92	0.110130585594777
92	0.110223963041077
92	0.109608367793724
92	0.10894444717324
92	0.111767676767677
92	0.109967877936157
92	0.110381272224417
92	0.111613876319759
92	0.11031958048877
92	0.112513887486113
92	0.109438989490304
92	0.110293371231347
92	0.109002885226661
92	0.10980372769071
92	0.111020157576998
92	0.109567430025445
92	0.110288230584468
92	0.109140385830215
92	0.110485117415366
92	0.109660574412533
92	0.111796913887506
93	0.110116828237634
93	0.109672238116749
93	0.109535452322738
93	0.108747164103857
93	0.109506263817244
93	0.110196454724509
93	0.11007699054673
93	0.110843131343584
93	0.110619469026549
93	0.110527106172098
93	0.110242574007766
93	0.110537138271729
93	0.109120274567203
93	0.111232713162869
93	0.110450547830787
93	0.110078058966837
93	0.10832422767458
93	0.110840319750439
93	0.10970983792305
93	0.111043658622957
93	0.109309339002324
93	0.111464345104177
93	0.110976260983543
93	0.110224438902743
93	0.109249427694706
93	0.109020310633214
93	0.110690299449578
93	0.110688155032628
93	0.110432469707418
93	0.110786142907569
93	0.109676137492549
93	0.109199921368193
93	0.110068175081514
93	0.11158861885003
93	0.108703096717382
93	0.108963359240941
93	0.109337035751475
93	0.110351071320793
93	0.110831867303343
93	0.109982157018239
93	0.110972381760975
93	0.1099934944703
93	0.109439124487004
93	0.110608695652174
93	0.109726904098881
93	0.110168229864523
93	0.108909915237532
93	0.109538074990336
93	0.109835984829828
93	0.110404339250493
93	0.109969167523124
93	0.110581931835095
93	0.111077948564891
93	0.110160104722586
93	0.110406839622642
93	0.109239606659527
93	0.10953130554004
93	0.108575313198019
93	0.109749898332656
93	0.108299694791769
93	0.107964515500097
93	0.111138298913575
93	0.108910399602879
93	0.108669715649234
93	0.10941071251118
93	0.110419137999209
93	0.110550715777676
93	0.110497237569061
93	0.111889146407614
93	0.111229081348905
93	0.111286866006735
93	0.109202949792908
93	0.110108213234927
93	0.110394802598701
93	0.108769138993836
93	0.11158241429213
93	0.110541227041813
93	0.109607783520827
93	0.111508113741254
93	0.111540941328175
93	0.107607950651131
93	0.108983727954789
93	0.110159901599016
93	0.110094541018603
93	0.108571704677232
93	0.110260108419953
93	0.11167886798015
93	0.110050423459147
93	0.110882216614307
93	0.110956383349082
93	0.110688882393062
93	0.109673596365612
93	0.11023166023166
93	0.11041975308642
93	0.110236220472441
93	0.110936579619085
93	0.108679724515215
93	0.108826178324827
93	0.108888225340898
93	0.10943117458754
94	0.111193844626458
94	0.109511343804538
94	0.106989943244051
94	0.111245709670907
94	0.108042125418861
94	0.109411996842936
94	0.110571142284569
94	0.109718021270368
94	0.109397258928133
94	0.109194256082968
94	0.111417051824171
94	0.11083072574947
94	0.108819310481278
94	0.109294192976407
94	0.110551025450951
94	0.109307992202729
94	0.109144400501592
94	0.111012695600827
94	0.108334969566071
94	0.108430218417084
94	0.109781529294935
94	0.109316154608523
94	0.110667945675771
94	0.110059532895741
94	0.111017952258828
94	0.107511923688394
94	0.109983746244397
94	0.108432554265275
94	0.109391074315387
94	0.108960428564209
94	0.109964937242746
94	0.110245098039216
94	0.110946380034594
94	0.110285315243416
94	0.111513870009566
94	0.109685633140731
94	0.109854285008644
94	0.113009866748042
94	0.109116090418954
94	0.110541764091339
94	0.108571979558384
94	0.110255410411386
94	0.109712049764222
94	0.108727810650888
94	0.110801971982233
94	0.109769429536871
94	0.112083625087526
94	0.110566205974142
94	0.110666799960012
94	0.111296660117878
94	0.109705911873934
94	0.109172457982158
94	0.11122125297383
94	0.109689124252231
94	0.109410402295957
94	0.110287943892922
94	0.110200454231263
94	0.110067181896247
94	0.10980372769071
94	0.109886255449216
94	0.111804653949865
94	0.108342624460711
94	0.109822882233953
94	0.10964446467405
94	0.112491199839083
94	0.111736810906935
94	0.109145427286357
94	0.110482545208394
94	0.108493793373082
94	0.110644188460968
94	0.109657504042334
94	0.10947440540276
94	0.109685695958948
94	0.109629052672573
94	0.109946578478759
94	0.111007462686567
94	0.110528680545155
94	0.109771044761485
94	0.109507217521155
94	0.109471703718374
94	0.110733126263373
94	0.109756097560976
94	0.110794056872971
94	0.110527369158411
94	0.109861325115562
94	0.111454324488556
94	0.109510086455331
94	0.110136690999951
94	0.109438989490304
94	0.107905824039653
94	0.109071327165027
94	0.109641846394067
94	0.108900215643991
94	0.110126645642489
94	0.110412264753575
94	0.109107698289269
94	0.109806023978945
94	0.109341092917735
94	0.110394647532241
94	0.108961897356143
95	0.109871974394879
95	0.109922321559431
95	0.109160228754891
95	0.109894921190893
95	0.110994972873426
95	0.110315186246418
95	0.110144784305974
95	0.110732372419166
95	0.10920161052735
95	0.111985192040722
95	0.109782501722271
95	0.110432147047321
95	0.108308318001356
95	0.109577561985508
95	0.110262766484879
95	0.109759686120647
95	0.110160481952109
95	0.109855466097585
95	0.109102614896989
95	0.109681222063952
95	0.11199157430162
95	0.10984886397758
95	0.110008796794057
95	0.11100225335554
95	0.109572725919309
95	0.110211337151886
95	0.109208337410706
95	0.110783971256051
95	0.109308709757924
95	0.109339294585196
95	0.11026297646016
95	0.10979092299847
95	0.108995019044829
95	0.110123286998379
95	0.10810945026568
95	0.110074436626899
95	0.11191570115861
95	0.11172366687808
95	0.11179590805759
95	0.110338069573738
95	0.109584318360914
95	0.109760439448655
95	0.109353641866823
95	0.110531752668602
95	0.109826589595376
95	0.109298134528274
95	0.109127274501195
95	0.110256782242855
95	0.109144988909054
95	0.109522655682094
95	0.108654453569172
95	0.108655705996132
95	0.110667121485308
95	0.112507450824558
95	0.11068663406683
95	0.110944961651633
95	0.111116735850967
95	0.1108328742425
95	0.111631220107866
95	0.109584935817392
95	0.110100360903743
95	0.110925607660201
95	0.10982914375491
95	0.110917595541401
95	0.109876723675876
95	0.10919881305638
95	0.109900404299379
95	0.109573355901827
95	0.10943545986705
95	0.109856364536899
95	0.11039288960711
95	0.108755028057804
95	0.109859293515694
95	0.110823988298391
95	0.110343112879165
95	0.110957824201813
95	0.109861378323714
95	0.110872389327471
95	0.110720562390158
95	0.109383351960737
95	0.109279486922537
95	0.109286714637562
95	0.109584196433082
95	0.110735790865032
95	0.110115678070391
95	0.109248296104671
95	0.108982504154042
95	0.108135692068429
95	0.110068175081514
95	0.10943790070076
95	0.109801213436591
95	0.110780406598396
95	0.110442651014918
95	0.110163643533123
95	0.112783886548145
95	0.112001224614757
95	0.109981241978478
95	0.111201463712137
95	0.110317618857371
95	0.11041117296611
96	0.108576378862258
96	0.108722208648913
96	0.109313917122752
96	0.110171975767051
96	0.110209270486994
96	0.111325039494471
96	0.110320636332197
96	0.110387384298937
96	0.10939270058612
96	0.109425516040786
96	0.111028794389292
96	0.110534975320337
96	0.110285604013894
96	0.111876162235513
96	0.109922519370157
96	0.109982914327557
96	0.109413504189256
96	0.106929539163794
96	0.108642096964919
96	0.109152306699111
96	0.109774436090226
96	0.111200807265389
96	0.108985765124555
96	0.11024655935418
96	0.110536007564824
96	0.111714584682844
96	0.109853395831256
96	0.110935415328359
96	0.110698220222961
96	0.111439696387205
96	0.109863749760123
96	0.109361157594251
96	0.110584985695965
96	0.110441471899652
96	0.110773006134969
96	0.111451135241856
96	0.10988568263081
96	0.107709806636665
96	0.109740639625585
96	0.110109465550547
96	0.110447023956532
96	0.111062633313942
96	0.110075914423741
96	0.109647196603718
96	0.109801610685523
96	0.111100244498778
96	0.110218195986752
96	0.110351896139392
96	0.110975965748759
96	0.10937885440821
96	0.11166130230255
96	0.109190887666929
96	0.110894941634241
96	0.109753092504066
96	0.110437545832315
96	0.10965088282504
96	0.110186384929732
96	0.111259721603012
96	0.111189551711966
96	0.109446774515678
96	0.110527098725641
96	0.110087631945828
96	0.109905683428627
96	0.110429144186507
96	0.112194880427786
96	0.108828969142412
96	0.110249061079265
96	0.110701469793049
96	0.109751263502131
96	0.109959126707208
96	0.109699029604453
96	0.109839484021143
96	0.109790661826861
96	0.109961513470285
96	0.110870550324757
96	0.109017822549399
96	0.107979856672477
96	0.109975038402458
96	0.110423724652624
96	0.1100092814225
96	0.111127699810889
96	0.108587923983642
96	0.10933666843042
96	0.108959905891579
96	0.109160268009977
96	0.10975
96	0.109965122072745
96	0.11127067445776
96	0.109245754001273
96	0.109893905748828
96	0.109094515521174
96	0.109382667582687
96	0.110439113640984
96	0.110059112313395
96	0.108964759908156
96	0.110614090533379
96	0.110799093506749
96	0.107710960232784
96	0.11076404382964
96	0.108679760222233
97	0.109890648752023
97	0.109188602977423
97	0.110698973939014
97	0.108643050716221
97	0.109952841896252
97	0.110887195871221
97	0.109697622076524
97	0.110679224597598
97	0.11033477430381
97	0.111122299984895
97	0.111581200937914
97	0.110334918747523
97	0.110514346542798
97	0.109360741559003
97	0.110358902882174
97	0.108974042027194
97	0.109684662696476
97	0.109258166076348
97	0.110177268994832
97	0.110279269073536
97	0.110719969137291
97	0.111278561011181
97	0.110335127794752
97	0.110085054678007
97	0.109587689879661
97	0.109459189782479
97	0.10833982852689
97	0.108600721473324
97	0.109868813357185
97	0.108539543910723
97	0.110195314451271
97	0.110028199673477
97	0.110484889709455
97	0.110578111863904
97	0.10860168050901
97	0.109074829263499
97	0.109926011338522
97	0.108261417628236
97	0.111160670036674
97	0.11143506621862
97	0.10907080709513
97	0.111161916374536
97	0.112266112266112
97	0.110278476116805
97	0.111143723706095
97	0.111045189360229
97	0.108613681994026
97	0.110152259088429
97	0.109753152021641
97	0.108734662204763
97	0.109494829548266
97	0.109087319216151
97	0.110417904535552
97	0.109691370159229
97	0.109861805933924
97	0.10938210478452
97	0.110245266996353
97	0.110715873721654
97	0.109108669108669
97	0.108990753492032
97	0.108395169503856
97	0.111122003823342
97	0.110551042380346
97	0.109157509157509
97	0.110367729647898
97	0.110314207650273
97	0.11030356966281
97	0.110075628202
97	0.109437151949085
97	0.108020037935898
97	0.110103436442963
97	0.1106759998042
97	0.110070714459888
97	0.110979110979111
97	0.109384280340527
97	0.109578124221746
97	0.110422648733061
97	0.110244932857215
97	0.109168443496802
97	0.112095434640358
97	0.110693525756665
97	0.110620800320931
97	0.11050382589685
97	0.110821643286573
97	0.109724465325699
97	0.108051376880404
97	0.109577603143418
97	0.108478863647419
97	0.109140450829824
97	0.109621568142468
97	0.111482720178372
97	0.109913265056108
97	0.110119483052914
97	0.108897475786621
97	0.108973395460694
97	0.109499459140525
97	0.110220342317529
97	0.109011699055265
97	0.109964481136604
97	0.110330181523993
98	0.110303798702882
98	0.109547639102215
98	0.110212971926428
98	0.108833855204479
98	0.110417383609459
98	0.110046901999506
98	0.109060319659558
98	0.110034870205347
98	0.111116630240413
98	0.109069868363952
98	0.108696708959214
98	0.111646102919049
98	0.11027027027027
98	0.109033809313509
98	0.108504996940649
98	0.111094696410105
98	0.111062249584677
98	0.109386584943898
98	0.109617931237432
98	0.109097936899067
98	0.109162175404214
98	0.110496696843651
98	0.110978698048562
98	0.109152343176142
98	0.110456189013819
98	0.109380324198024
98	0.107749570528727
98	0.109603906673901
98	0.110589845086253
98	0.111319914939914
98	0.109557334362041
98	0.109313319362542
98	0.109435049961568
98	0.10971214378394
98	0.108113354037267
98	0.110435464888191
98	0.110547370475168
98	0.109509519358489
98	0.1107677450507
98	0.109927171416003
98	0.108553284381822
98	0.108286610282239
98	0.109253287025552
98	0.109351173200846
98	0.109009360374415
98	0.109043704024232
98	0.109454707542965
98	0.108445532435741
98	0.108610425439233
98	0.108750432333613
98	0.11096082556858
98	0.111061552185549
98	0.108873687253107
98	0.112006366258828
98	0.110035384312955
98	0.111657648794884
98	0.109413647606576
98	0.109854050347732
98	0.109612310151879
98	0.109916015912774
98	0.108816909678051
98	0.110786450079239
98	0.110606211924498
98	0.110019361084221
98	0.108724116192231
98	0.108253053927898
98	0.109895959351561
98	0.110155410028345
98	0.108730741012472
98	0.108943562866987
98	0.111218428550732
98	0.109601095033242
98	0.109924561575389
98	0.110213221692143
98	0.110766198571077
98	0.108310221870048
98	0.110717100078802
98	0.109045788526106
98	0.10973717389196
98	0.110751104565538
98	0.110019646365422
98	0.109359080102858
98	0.109925671234262
98	0.108166259168704
98	0.110105052526263
98	0.111298315163528
98	0.110643980611336
98	0.108445437326988
98	0.110821256038647
98	0.109796219003192
98	0.110824365778838
98	0.108417311718027
98	0.109102583098731
98	0.111365965545849
98	0.110346846187619
98	0.108901332303534
98	0.110802637449804
98	0.110995284189625
98	0.107125307125307
98	0.110727667126799
99	0.109542547958682
99	0.108743142871013
99	0.108289732635722
99	0.108244478293983
99	0.109158860360142
99	0.109910086965067
99	0.111094790442617
99	0.109910257647399
99	0.109471153846154
99	0.108844881228703
99	0.109959112149533
99	0.109568352333626
99	0.109495705580346
99	0.110934393638171
99	0.109663949095248
99	0.108500244259893
99	0.110387703152536
99	0.10943525162298
99	0.110014173305313
99	0.109381734591255
99	0.10943824661862
99	0.109546012269939
99	0.111653597672239
99	0.108757870635375
99	0.110127256012
99	0.108980242500362
99	0.109394102401095
99	0.109310761789601
99	0.109351900424436
99	0.108411945842905
99	0.108800393313668
99	0.108569460842188
99	0.109950200175764
99	0.109088232407498
99	0.108638177185983
99	0.109871286644154
99	0.109335700547418
99	0.109865361077111
99	0.110981308411215
99	0.109111306214028
99	0.109411649726349
99	0.109920361812998
99	0.109987479533853
99	0.109421758857033
99	0.110266891079586
99	0.109742010011552
99	0.111684355345912
99	0.108621960206338
99	0.10890407591327
99	0.109981425359273
99	0.108150014536292
99	0.108859265089281
99	0.110762245193701
99	0.10879321398629
99	0.110251736538746
99	0.110467662659983
99	0.109250630945447
99	0.110884894229814
99	0.111328615168398
99	0.110955733436204
99	0.110436893203884
99	0.109250243427459
99	0.108167127675062
99	0.10899445382204
99	0.110627049782172
99	0.109902969428056
99	0.109054697367143
99	0.10925118858954
99	0.109703185090228
99	0.109031534824779
99	0.110117878192534
99	0.109355714638361
99	0.10889696969697
99	0.109811503141614
99	0.108956556238841
99	0.110380297710301
99	0.109719561907568
99	0.110370554588411
99	0.109248269040554
99	0.10987207337678
99	0.109081165351262
99	0.109540985226543
99	0.110998786898504
99	0.109818995718178
99	0.10909268961465
99	0.109245778239984
99	0.110060440631702
99	0.108715574205373
99	0.1102114260009
99	0.110362669009616
99	0.109300476947536
99	0.109627374932495
99	0.109031972889347
99	0.109420150260066
99	0.109604745053083
99	0.107969151670951
99	0.108896521697064
99	0.109283079070695
99	0.109549727857496
99	0.110745020899926
100	0.110659439927733
100	0.109177672804396
100	0.109636038186158
100	0.11013431013431
100	0.110942249240122
100	0.108612786489747
100	0.109345794392523
100	0.110083620265617
100	0.109780439121756
100	0.110427939006394
100	0.109852719583921
100	0.110236975918641
100	0.109090909090909
100	0.110667652131067
100	0.108140713217198
100	0.110181997048697
100	0.110630134290914
100	0.109772291349039
100	0.109139916687087
100	0.10924772400575
100	0.109218629715166
100	0.109453700116234
100	0.110084567629662
100	0.109137055837563
100	0.109790107148099
100	0.110230441802437
100	0.110114795289944
100	0.110540592908351
100	0.11009439414371
100	0.107490729295426
100	0.110109814349732
100	0.109505334626576
100	0.109775947912677
100	0.109944832299956
100	0.10939804901261
100	0.108990208683612
100	0.108336983501241
100	0.108391608391608
100	0.110225955967555
100	0.10950541326847
100	0.108622783580277
100	0.110152843658665
100	0.109125624204445
100	0.108578052550232
100	0.111007094994088
100	0.109191264698824
100	0.111626770884221
100	0.108851096724321
100	0.107940446650124
100	0.108611668052227
100	0.109472872699239
100	0.10872232857213
100	0.10964846671653
100	0.109243697478992
100	0.109350237717908
100	0.111271955221
100	0.109654058814895
100	0.109178135297538
100	0.108438428202756
100	0.109289883268482
100	0.111208576998051
100	0.108428446005268
100	0.109453709590649
100	0.108254526445849
100	0.109760878087025
100	0.109051996692446
100	0.110931293217596
100	0.110444874274662
100	0.109691417550627
100	0.109747817652764
100	0.110908916770424
100	0.109780727062897
100	0.109882583170254
100	0.110761485210824
100	0.111204426440075
100	0.109502579772579
100	0.109622111642115
100	0.110623222394092
100	0.109881039087157
100	0.109698244241209
100	0.109979633401222
100	0.108535868286946
100	0.110231688012664
100	0.110909714397688
100	0.110401239049417
100	0.109159712788667
100	0.109469442578912
100	0.109542848884821
100	0.110141819776792
100	0.108773630634998
100	0.110155670867309
100	0.10976029925678
100	0.110368217054264
100	0.110391493475109
100	0.110721930336641
100	0.110260489162855
100	0.109702420820974
100	0.110268180719981
100	0.107667839413948
100	0.109896602658789
101	0.110395943046616
101	0.1107054110249
101	0.10956990800944
101	0.109430131954179
101	0.109852168838747
101	0.107950436333832
101	0.109051724137931
101	0.110770448026901
101	0.110177628420547
101	0.110766961651917
101	0.109685510322207
101	0.109403210852486
101	0.109891710775506
101	0.109675200235861
101	0.108835576360445
101	0.10889086244326
101	0.108941164866598
101	0.110155985898488
101	0.111913534758045
101	0.110370041005879
101	0.109777842031709
101	0.107883420926899
101	0.108647978642258
101	0.110430328849744
101	0.109393635799819
101	0.109252109252109
101	0.109217809867629
101	0.108423242537133
101	0.108168089931008
101	0.111845702639559
101	0.108374384236453
101	0.109200096084554
101	0.10981525946979
101	0.111415703935774
101	0.110172355525515
101	0.108824655436447
101	0.109278954044297
101	0.109024952203539
101	0.108535813409943
101	0.10925144326396
101	0.109517161700284
101	0.109997590941942
101	0.110878048780488
101	0.109286134536184
101	0.108924772771224
101	0.109201363164913
101	0.110084074929938
101	0.109480921944606
101	0.108469039727146
101	0.109084702784415
101	0.111329371900015
101	0.11199690776441
101	0.109719095624939
101	0.109118951224214
101	0.107474399464064
101	0.109171783590388
101	0.109223655390606
101	0.108724640441947
101	0.109740388426476
101	0.109545193961399
101	0.110423166926677
101	0.10949475225775
101	0.109838143525741
101	0.110079319017218
101	0.109250591130628
101	0.109104769164801
101	0.1092351603696
101	0.110368053885013
101	0.108863429365802
101	0.109405842874062
101	0.110061979469301
101	0.110829144502464
101	0.107908063887807
101	0.11015606242497
101	0.10915959377913
101	0.10983309676472
101	0.110400472301486
101	0.110797703879652
101	0.107813564269729
101	0.108848788960726
101	0.109005199980561
101	0.109022192072875
101	0.10930198238969
101	0.110595329249617
101	0.109564222370554
101	0.109817295980512
101	0.108454641858672
101	0.108713335566295
101	0.11147718332022
101	0.109140450829824
101	0.108456690605306
101	0.108537648996996
101	0.109862732646182
101	0.107896351536319
101	0.109381818181818
101	0.110042993092121
101	0.108991037872217
101	0.110402990080981
101	0.109598366235534
101	0.107489158505092
102	0.109012623544378
102	0.10958904109589
102	0.108740034999028
102	0.109341928035405
102	0.109888015248987
102	0.110135596527168
102	0.111403252507547
102	0.110052200565107
102	0.1096011816839
102	0.108501391669515
102	0.110545279846265
102	0.109679648551261
102	0.108706108706109
102	0.109005195304984
102	0.108949416342412
102	0.110016814797021
102	0.109316411883473
102	0.110044349139822
102	0.11025491906562
102	0.108874832279088
102	0.108836574547936
102	0.109528006267137
102	0.108637142158062
102	0.108862117738867
102	0.109675183204595
102	0.10796494269479
102	0.111621474786388
102	0.109582404805736
102	0.109843290891283
102	0.109606798214029
102	0.109874691567081
102	0.110315463518483
102	0.108933974899549
102	0.109974673680109
102	0.109157473866757
102	0.109632446134347
102	0.109851033157136
102	0.110203684798989
102	0.109284890426759
102	0.10847230850098
102	0.109433594701213
102	0.109583792327219
102	0.11045
102	0.110043105583907
102	0.109356838434715
102	0.110128966816403
102	0.109636161038709
102	0.109387562071412
102	0.109987908101572
102	0.109928223902885
102	0.110739575137687
102	0.108907931446792
102	0.110291262135922
102	0.109091792604111
102	0.110413059609201
102	0.110292692382245
102	0.110122469382654
102	0.10968058968059
102	0.111084031975044
102	0.109463918511788
102	0.10871245049744
102	0.109759615384615
102	0.111611734169156
102	0.108054438901535
102	0.109769589686854
102	0.108982504154042
102	0.108606859898627
102	0.109746626541113
102	0.110383309073265
102	0.110023854729565
102	0.109856962148487
102	0.109350998463902
102	0.108037943085372
102	0.11032236106384
102	0.109050772626932
102	0.108749138864285
102	0.108662541646835
102	0.109062170706006
102	0.111013473930873
102	0.108649990452549
102	0.108717898737878
102	0.111925708699902
102	0.108860516463473
102	0.109684608303861
102	0.110480887792848
102	0.111898291925466
102	0.110132575757576
102	0.10927734375
102	0.109223300970874
102	0.109478536444829
102	0.108680310515173
102	0.1102167794183
102	0.110998209706295
102	0.109124892169079
102	0.10930323463305
102	0.108545698409657
102	0.109931802900778
102	0.110715169512497
102	0.109503324208056
102	0.10968885387948
103	0.108821420033469
103	0.109806596190383
103	0.110000480561296
103	0.110049246672193
103	0.108904579778366
103	0.107744270205066
103	0.110041738276455
103	0.108113270617449
103	0.109395357814988
103	0.109439456442611
103	0.108797883805232
103	0.108420056764428
103	0.110388033606916
103	0.109088268048225
103	0.108724116192231
103	0.108792270531401
103	0.108948469660844
103	0.10877988847935
103	0.109844610063812
103	0.109120601771663
103	0.108381640216668
103	0.108390918065153
103	0.11013536461113
103	0.109667056074766
103	0.108662249111687
103	0.109407932554129
103	0.109202277838924
103	0.109275545405957
103	0.109335495873682
103	0.110205476109132
103	0.108940719144801
103	0.108489004492788
103	0.109761996904025
103	0.109733656174334
103	0.108757062146893
103	0.109502044743806
103	0.11012424771889
103	0.109920730242613
103	0.109222352481438
103	0.110718665685553
103	0.107558276430421
103	0.109397730578993
103	0.108422810785016
103	0.11059251252825
103	0.109407731860598
103	0.109268150734759
103	0.110102432156901
103	0.10928079753145
103	0.110228401191658
103	0.109777928298418
103	0.110447906051342
103	0.109839597797462
103	0.109038322487346
103	0.109787830264211
103	0.110010680648607
103	0.110323243190376
103	0.110529693439305
103	0.111208236208236
103	0.109503229252659
103	0.110815388337769
103	0.109793566970715
103	0.108880571623001
103	0.111235572006039
103	0.10976779888697
103	0.110312333025696
103	0.10872338337749
103	0.110491071428571
103	0.109838500982412
103	0.109449585971749
103	0.110592441773849
103	0.109427609427609
103	0.110873670609283
103	0.109482589022231
103	0.109353074950404
103	0.110058378792229
103	0.108853762606672
103	0.109135470229228
103	0.109408033826638
103	0.10724953771751
103	0.109046384327283
103	0.108113252438734
103	0.109616485403549
103	0.110579531442663
103	0.110299769408148
103	0.109268991877688
103	0.107311890273351
103	0.110664471135219
103	0.108940055967401
103	0.10904883575182
103	0.109586421228783
103	0.107978025183529
103	0.109675846941262
103	0.109041389037498
103	0.110592581789898
103	0.109725927722532
103	0.110532407407407
103	0.109356894553882
103	0.107972193462506
103	0.108715574205373
103	0.109992291385623
104	0.1096060881635
104	0.109658678286129
104	0.109545647959907
104	0.10753046458492
104	0.10963153875525
104	0.110214659429857
104	0.10927597464951
104	0.108928658033852
104	0.1089099389335
104	0.109333462226304
104	0.10819004310549
104	0.10861241700189
104	0.108541443980177
104	0.109223648422961
104	0.108348739904641
104	0.111009174311927
104	0.110420812503034
104	0.109283483014447
104	0.110059002664636
104	0.110646668305877
104	0.108393285371703
104	0.11037527593819
104	0.108770210681039
104	0.108385734171747
104	0.10993687834736
104	0.11014899380805
104	0.10974314407107
104	0.110318435226306
104	0.109134045077106
104	0.109683072878633
104	0.110277642474428
104	0.109670212249259
104	0.109420186791827
104	0.109399300155521
104	0.109385648914419
104	0.109814220406575
104	0.108712229530073
104	0.108912300683371
104	0.109922785477915
104	0.109958912150264
104	0.109068746952706
104	0.109151047409041
104	0.110722331400086
104	0.109724735689113
104	0.108592921207445
104	0.108231420507996
104	0.111062906724512
104	0.108801666587756
104	0.107988022795325
104	0.10884289300431
104	0.109990393852065
104	0.109407396692222
104	0.110282940224587
104	0.109772489669936
104	0.107762338284619
104	0.110872066843448
104	0.107895113913168
104	0.1086756219388
104	0.109289876356057
104	0.109667903701589
104	0.11045518856418
104	0.110430030886196
104	0.107784145176695
104	0.108224898038454
104	0.108100247224781
104	0.10874613003096
104	0.10875522861676
104	0.109853752097818
104	0.109410901979956
104	0.109458023379384
104	0.109519958133118
104	0.107961961588663
104	0.107253962767271
104	0.108703113508213
104	0.11048145149769
104	0.111711539381187
104	0.109186675524343
104	0.109472049689441
104	0.110083118939244
104	0.109551523450873
104	0.109072810011377
104	0.107746377160464
104	0.108843212237094
104	0.109161041465767
104	0.109159896872112
104	0.109308407593956
104	0.109194854692711
104	0.110952287066246
104	0.109476499808942
104	0.108219704244287
104	0.109957002753756
104	0.110245479935323
104	0.109183573458787
104	0.109965798973969
104	0.107705611068409
104	0.108526372496205
104	0.110133640996058
104	0.107630140242453
104	0.109145398298531
104	0.107465411222137
105	0.107541899441341
105	0.109952380952381
105	0.10962826361254
105	0.109330638564073
105	0.109834958015636
105	0.108834397044004
105	0.109545715928695
105	0.108548363846043
105	0.109099733074496
105	0.109731446722495
105	0.110773602469257
105	0.110627302741758
105	0.108618987163211
105	0.108548766157462
105	0.10879000333858
105	0.109026128266033
105	0.109059051948667
105	0.108180971521004
105	0.110489098408957
105	0.109784967449201
105	0.108794725104237
105	0.10855713409166
105	0.109430180395151
105	0.108935244312
105	0.109708273553324
105	0.10890607519821
105	0.108766545175523
105	0.108787413660783
105	0.10898019849451
105	0.108586098697347
105	0.108939224911481
105	0.108636688079943
105	0.10908828898069
105	0.108916614480466
105	0.109607179638076
105	0.109342330355446
105	0.108073834014372
105	0.10928079753145
105	0.109257552979972
105	0.107898963352314
105	0.110967356687898
105	0.10948558400228
105	0.109348116994838
105	0.109235591994213
105	0.10980577925154
105	0.108351177730193
105	0.108097541904902
105	0.10929814604616
105	0.109797539845881
105	0.109229715180581
105	0.109269461077844
105	0.10931326434619
105	0.108884688090737
105	0.109507358856656
105	0.108910411622276
105	0.109159166385907
105	0.110635843706445
105	0.110435464888191
105	0.110309428114861
105	0.108903641511276
105	0.110688140556369
105	0.10994411254577
105	0.110372470427217
105	0.109066704702135
105	0.109387794422234
105	0.109711962718755
105	0.109143686502177
105	0.109208744437996
105	0.109145384505636
105	0.107349298100743
105	0.109211775878443
105	0.110249042145594
105	0.110494880546075
105	0.109145960494064
105	0.109658144774219
105	0.10985068838472
105	0.109252854503245
105	0.109020396437805
105	0.10992628992629
105	0.109295101553166
105	0.1101176013218
105	0.10905880106911
105	0.107594636850334
105	0.108413165133264
105	0.109787523703019
105	0.11048862473815
105	0.108695652173913
105	0.108803743784732
105	0.108640679421728
105	0.107629753647453
105	0.110704527712724
105	0.108427470813442
105	0.110520979189803
105	0.109254130455544
105	0.108657031737648
105	0.109962774294671
105	0.109802028005794
105	0.109252958934304
105	0.110735500072439
105	0.108900778210117
106	0.108001871782873
106	0.109643201542912
106	0.109248855105991
106	0.110637686710073
106	0.108285201184294
106	0.108875177978168
106	0.109754324756505
106	0.109682335571748
106	0.10808239379668
106	0.109379509379509
106	0.108073166060142
106	0.107766348966689
106	0.110395713882884
106	0.110300512126776
106	0.10911497730711
106	0.108544700549716
106	0.110072289156627
106	0.108812517999424
106	0.107088989441931
106	0.10916319394549
106	0.110365764089507
106	0.109617624223602
106	0.108966435295236
106	0.107884014024448
106	0.108171354888008
106	0.108861615771164
106	0.10936579619085
106	0.109457467547905
106	0.110114503816794
106	0.108212003267503
106	0.110028929604629
106	0.108718740948151
106	0.109641556450067
106	0.109329867128827
106	0.109471566138073
106	0.109485921196817
106	0.108758007457692
106	0.108397091669439
106	0.109535960684245
106	0.108918854979891
106	0.109323998296987
106	0.108772446276126
106	0.111659835053583
106	0.109192921881744
106	0.109437180216032
106	0.110215966998301
106	0.108656774131181
106	0.107685710201553
106	0.10830065984508
106	0.108903849800872
106	0.108490339901242
106	0.108968313843833
106	0.109573690621194
106	0.11014506911542
106	0.108607823565759
106	0.10956184714279
106	0.110075999019367
106	0.108948856827877
106	0.108532261876625
106	0.10933820348921
106	0.11022434181712
106	0.107636914913777
106	0.108230992781476
106	0.107880791482328
106	0.109062681932855
106	0.109095238095238
106	0.108027224018922
106	0.108912335294404
106	0.109166707062873
106	0.108224693251534
106	0.110052405907575
106	0.10866660303522
106	0.10926320777067
106	0.109214196402809
106	0.108594462306253
106	0.109086595492289
106	0.109594327335874
106	0.109067456525893
106	0.109254802019916
106	0.109407197968084
106	0.109507883420927
106	0.109535379580503
106	0.11020009760859
106	0.107967694705521
106	0.109738970410189
106	0.109548167092924
106	0.108474738759467
106	0.108347205707491
106	0.108419399362239
106	0.109026002219113
106	0.10979329041003
106	0.110954851850056
106	0.109660574412533
106	0.109858753031816
106	0.109944933402363
106	0.109199556647872
106	0.108932150014314
106	0.109751397186356
106	0.109361456226524
106	0.109272631629286
107	0.108556893986658
107	0.110225117907327
107	0.10996497625102
107	0.110482797947158
107	0.110289587184227
107	0.108219643637423
107	0.109266482732376
107	0.110405727923628
107	0.108922810227765
107	0.10987207337678
107	0.108904398332475
107	0.109324758842444
107	0.107849730976172
107	0.110092605650355
107	0.109527237820974
107	0.109207708779443
107	0.107360811191437
107	0.109544730362574
107	0.110471862309031
107	0.109934969383396
107	0.108272969881815
107	0.108616944243302
107	0.110106980606712
107	0.110826089021899
107	0.109314107560405
107	0.109029687944608
107	0.108207881867868
107	0.110275326679203
107	0.109321550741163
107	0.108743355927244
107	0.108583444848021
107	0.109774723176785
107	0.108716475095785
107	0.109533757477922
107	0.109896377982698
107	0.110639110304997
107	0.109259437133801
107	0.109349786426198
107	0.108972204886947
107	0.10880015697047
107	0.110400538539212
107	0.108768931301334
107	0.108776978417266
107	0.108179669030733
107	0.109090909090909
107	0.109272964736613
107	0.10902291686643
107	0.109229588410247
107	0.108406238113351
107	0.109158320493066
107	0.109656457546944
107	0.109597552815218
107	0.109999051323404
107	0.108232502965599
107	0.108825354398358
107	0.110156400849585
107	0.109820788530466
107	0.109309977741217
107	0.109147065811357
107	0.108499709245978
107	0.109118378088601
107	0.109825484102319
107	0.11010319174466
107	0.108993647609495
107	0.108652205703144
107	0.108760457736321
107	0.109682335571748
107	0.110174009984974
107	0.110049712447607
107	0.109643135725429
107	0.109290953545232
107	0.106922126081582
107	0.108803675229702
107	0.109175207418253
107	0.109157509157509
107	0.109815354713314
107	0.108771095792726
107	0.109354098987197
107	0.108897935446351
107	0.110339171129445
107	0.108867301526535
107	0.108322452729823
107	0.108856620828926
107	0.108200781026764
107	0.107853503796982
107	0.109146400542583
107	0.110149526419539
107	0.107839388145315
107	0.109168241965974
107	0.109041148509147
107	0.108344421212697
107	0.108854316719485
107	0.109424806127789
107	0.108306344065536
107	0.110031423737007
107	0.109060482907005
107	0.108419948507676
107	0.10736124725762
107	0.10902090745163
107	0.1080239633945
108	0.109256230154912
108	0.109259619121648
108	0.109660697455231
108	0.109883275928052
108	0.108564650059312
108	0.108654453569172
108	0.10966463846045
108	0.108358078177481
108	0.110244135950215
108	0.109157439528584
108	0.108708133971292
108	0.110834132310642
108	0.109119100688051
108	0.109109917787388
108	0.110118625643934
108	0.109063126730971
108	0.108745210263375
108	0.108047725436136
108	0.111663005062566
108	0.111116542823621
108	0.109259171821144
108	0.109492548756529
108	0.108256706796853
108	0.109640030154542
108	0.109353276763028
108	0.109002690238278
108	0.109688778909299
108	0.10937426653523
108	0.108946989685776
108	0.109760783936978
108	0.109765978742672
108	0.108259785111282
108	0.108334530135478
108	0.10884451467701
108	0.109396514885333
108	0.109426532119124
108	0.10785187966396
108	0.109826589595376
108	0.110187895382872
108	0.109159166385907
108	0.108661566969164
108	0.107484973703982
108	0.109063053573993
108	0.10842095109482
108	0.110116166505324
108	0.109022556390977
108	0.108943705316983
108	0.109669138619509
108	0.109230842774511
108	0.109301103520757
108	0.108681022880215
108	0.108414779499404
108	0.10881730543146
108	0.108898859599925
108	0.109045906692196
108	0.108118581670219
108	0.10750573582432
108	0.109644959179799
108	0.108835798255593
108	0.110541509058332
108	0.108608205953339
108	0.109430862885303
108	0.108836985311823
108	0.1079331336361
108	0.109329867128827
108	0.10932089265102
108	0.108272564833148
108	0.109329376286439
108	0.110393366756653
108	0.108762196288502
108	0.109727136141133
108	0.109874222929015
108	0.107590727721832
108	0.110710900473934
108	0.109616971697655
108	0.108963933798909
108	0.108878196056232
108	0.109928400954654
108	0.10833761022722
108	0.109141037220136
108	0.109019116868108
108	0.109489051094891
108	0.10880195599022
108	0.108730916030534
108	0.109310576277687
108	0.109385682195527
108	0.109231352478438
108	0.108644640510606
108	0.109039848932358
108	0.109184018551621
108	0.108981354082649
108	0.11018711018711
108	0.109492210040392
108	0.109533857663533
108	0.10911836888805
108	0.109187941727968
108	0.10976885760487
108	0.107853099143562
108	0.108175858079445
108	0.107982542587639
109	0.108429155183883
109	0.108538556622611
109	0.10902005512784
109	0.108939472812456
109	0.108224904880455
109	0.109393063583815
109	0.108822000661532
109	0.109877543241054
109	0.108855291576674
109	0.108092785940379
109	0.108189510924129
109	0.109531486638331
109	0.108856517894541
109	0.108242256478786
109	0.108951849535812
109	0.108284222126395
109	0.109406081273089
109	0.108679028866374
109	0.108987701040681
109	0.108903467666354
109	0.109408461428639
109	0.108274231678487
109	0.110047846889952
109	0.108714974037517
109	0.108603467772333
109	0.109422200911053
109	0.10966463846045
109	0.108619515517074
109	0.10844284768838
109	0.108282692951816
109	0.109817863056394
109	0.109947136136573
109	0.109177289618515
109	0.109315003555345
109	0.110151802656546
109	0.108838323353293
109	0.109041279570922
109	0.108621987951807
109	0.109338970023059
109	0.109948894301953
109	0.110491882723528
109	0.109427850030966
109	0.109724388975559
109	0.10888156323157
109	0.108355769684946
109	0.107815442561205
109	0.110324083058413
109	0.109324305261673
109	0.110054670786784
109	0.108861708608651
109	0.109703027114916
109	0.110224628389609
109	0.108048405685747
109	0.108781869688385
109	0.110145619479589
109	0.108230688436933
109	0.10842216460194
109	0.108815560286433
109	0.109988562714449
109	0.109235773890906
109	0.10879053832074
109	0.108454312553373
109	0.109389156454151
109	0.109389849838434
109	0.10972042391982
109	0.108505639097744
109	0.105739608512252
109	0.108346593374801
109	0.109380210566433
109	0.110040738078121
109	0.109083906994657
109	0.108896660757917
109	0.109439256858097
109	0.109023975835379
109	0.108215297450425
109	0.108323338930199
109	0.108609908609909
109	0.109933197792623
109	0.108321821559567
109	0.109357762962252
109	0.108524129919164
109	0.109422205438066
109	0.110073477127281
109	0.110649400850406
109	0.109715322888804
109	0.107954000958313
109	0.108147010843489
109	0.109683030537302
109	0.109060322037972
109	0.108705994291151
109	0.108807562710595
109	0.108883997564745
109	0.108847717175536
109	0.109882842025699
109	0.110296218687494
109	0.108132303053147
109	0.110312663589207
109	0.108548556180311
109	0.109924623115578
109	0.109742010011552
110	0.108315463426257
110	0.10917948228102
110	0.108765925080814
110	0.109103740296401
110	0.108250576551984
110	0.108662224500256
110	0.109363260706236
110	0.108670741023682
110	0.108908045977011
110	0.108186010760953
110	0.108359718349794
110	0.109214040442579
110	0.110688676067183
110	0.109088336556148
110	0.108715663000824
110	0.10927883486023
110	0.10846394984326
110	0.110302857414539
110	0.109520846297449
110	0.108672735984667
110	0.108791208791209
110	0.108653753493303
110	0.110626049412329
110	0.109306742640076
110	0.108387590961318
110	0.111002683581361
110	0.10847230850098
110	0.109390875223765
110	0.109898525751484
110	0.109392212270703
110	0.10946240637148
110	0.109650805832694
110	0.109120212362533
110	0.108733894356487
110	0.107625927182819
110	0.108760612816013
110	0.108952380952381
110	0.110094771087746
110	0.106903485254692
110	0.107933837959069
110	0.1078125
110	0.108918478781492
110	0.108280553600751
110	0.107859929584166
110	0.108803827751196
110	0.109346067634733
110	0.109659824888761
110	0.109508723816729
110	0.110148693518118
110	0.106820049301561
110	0.108294606393466
110	0.108334922754148
110	0.109646609360076
110	0.107627447179686
110	0.110775137988961
110	0.108571961570749
110	0.10982382229031
110	0.108312104915558
110	0.109850290836273
110	0.108817017999807
110	0.108515906012052
110	0.109503342884432
110	0.109111736909933
110	0.109810292923018
110	0.109066468897747
110	0.108044126698546
110	0.11031757367995
110	0.109058885133527
110	0.109263318402745
110	0.109351644245142
110	0.108513791290215
110	0.110564873722768
110	0.109046136690982
110	0.108313762329732
110	0.108894980621987
110	0.109245718683856
110	0.109389199789544
110	0.107913327959793
110	0.10949874330156
110	0.109348633142086
110	0.108532550445035
110	0.108049075192862
110	0.109656931145648
110	0.108317859353426
110	0.109178651631707
110	0.10924729138947
110	0.107897611245667
110	0.109993804508412
110	0.108068620982185
110	0.108680310515173
110	0.109421024675262
110	0.108065816302338
110	0.108100571641028
110	0.108115845221623
110	0.109010925263463
110	0.108610846812559
110	0.107750917129151
110	0.108093100735736
110	0.108724141158851
110	0.110059002664636
111	0.107874352516276
111	0.108772094331661
111	0.107845920878289
111	0.110141920882644
111	0.107979225684608
111	0.109635794099771
111	0.109074504962249
111	0.108993225881803
111	0.109449646474298
111	0.109094373779239
111	0.109870995796492
111	0.109161327340537
111	0.108797178802897
111	0.110177628420547
111	0.108061667700826
111	0.108242583552385
111	0.109444844989185
111	0.109491493022367
111	0.109433782561074
111	0.110068792995622
111	0.109620434471234
111	0.108459345862119
111	0.108869450714823
111	0.109475577432791
111	0.108361454818148
111	0.108356333872656
111	0.109062470376339
111	0.109123604012871
111	0.109135269553793
111	0.108204289698952
111	0.109982353221729
111	0.11048608106159
111	0.107613679786015
111	0.108911828771664
111	0.108978948875841
111	0.108631440761405
111	0.10889963036679
111	0.108564593301435
111	0.108532293351089
111	0.109132572683439
111	0.111083840565482
111	0.109154266340177
111	0.109417213431108
111	0.110341202332027
111	0.108363772595298
111	0.110321633271754
111	0.10844845409266
111	0.10933131131226
111	0.108047297620757
111	0.108612099644128
111	0.108454431496355
111	0.108070175438596
111	0.109584498033828
111	0.108840957572885
111	0.108156529938708
111	0.108999151023488
111	0.107546550349421
111	0.107054807509956
111	0.10799022192398
111	0.108376282452676
111	0.109106447630804
111	0.108249346771183
111	0.108086278981376
111	0.108721398455635
111	0.108665814756969
111	0.106245513280689
111	0.109724047306176
111	0.109740882917466
111	0.110095632920337
111	0.10707665985457
111	0.109685605526575
111	0.108491919288515
111	0.109387677182265
111	0.110104299400632
111	0.109169260234618
111	0.109411044677746
111	0.109128510965756
111	0.109345140992776
111	0.109774219836058
111	0.109326891194164
111	0.108362336562882
111	0.108129774592097
111	0.10808239379668
111	0.109452022014836
111	0.107994323557237
111	0.108501909746782
111	0.109131188595646
111	0.109225200547838
111	0.10968110968111
111	0.109391076606491
111	0.10987215226377
111	0.107821517383756
111	0.108244693651634
111	0.109920974959535
111	0.110073571024335
111	0.107933361649913
111	0.108760471390033
111	0.111207897793264
111	0.107741605907212
111	0.108820323238068
112	0.109885366204614
112	0.10971214378394
112	0.109931985914814
112	0.108445475638051
112	0.10856821272804
112	0.108962758357939
112	0.107742361373067
112	0.109530985119608
112	0.109314420803783
112	0.109162790697674
112	0.108164922841718
112	0.109083271097834
112	0.108397883997733
112	0.108007536504946
112	0.109276619560655
112	0.108058185176634
112	0.108559599460813
112	0.110529072812991
112	0.109120982986767
112	0.108721855262524
112	0.108137296332817
112	0.108334129790691
112	0.10910466105701
112	0.108262910798122
112	0.109113512479679
112	0.109867073228834
112	0.108304934410158
112	0.110011834319527
112	0.10898400752587
112	0.108429208734445
112	0.110462310587781
112	0.108806370960274
112	0.108457249070632
112	0.108723555978132
112	0.107147852846552
112	0.109212587213442
112	0.108911352308194
112	0.109735777195906
112	0.107620383356709
112	0.108118343195266
112	0.109192411411269
112	0.107639888664939
112	0.109519276534983
112	0.109295587327222
112	0.108973751539846
112	0.10828355049626
112	0.108582853334603
112	0.107986009909647
112	0.107680687343625
112	0.10958452924293
112	0.109073724007561
112	0.109386828160484
112	0.108821026756169
112	0.108529704613342
112	0.108159746493313
112	0.109159229685298
112	0.110152621101526
112	0.107843137254902
112	0.10834154813876
112	0.108347883535463
112	0.110746634026928
112	0.108832349811357
112	0.108568951399258
112	0.109478219243657
112	0.109141247328541
112	0.108794112096622
112	0.108365740301622
112	0.10800718472301
112	0.109299688120215
112	0.107295120795831
112	0.108346293416278
112	0.108088133401081
112	0.109014377601211
112	0.108464483198639
112	0.10903866986953
112	0.109993356742906
112	0.110687396108341
112	0.10915778913677
112	0.109752112413053
112	0.110439300897496
112	0.109716676174178
112	0.109438931477214
112	0.109662540593966
112	0.108677377171679
112	0.107929104477612
112	0.109370576578277
112	0.107845008589425
112	0.107211470877653
112	0.108971280376525
112	0.108441158348737
112	0.108589043015273
112	0.108507484099278
112	0.109932635803354
112	0.108882245153824
112	0.108555613876032
112	0.109552565260805
112	0.108479863868406
112	0.108017604286261
112	0.107864222928745
112	0.109156279961649
113	0.108983730252299
113	0.107753328926244
113	0.110627926980789
113	0.109599925219667
113	0.109477830619205
113	0.109395781873456
113	0.109132247063282
113	0.108452802085273
113	0.107332425196111
113	0.107404432263857
113	0.107669756005296
113	0.108565270358917
113	0.108608395901214
113	0.108506903259477
113	0.108409893992933
113	0.10834054002114
113	0.108661935423227
113	0.109654407866198
113	0.10964128807995
113	0.107573069380895
113	0.108792081057104
113	0.107534988926064
113	0.109864090543164
113	0.108627542670096
113	0.108390777275969
113	0.110245146662888
113	0.108787395667261
113	0.108718288527073
113	0.109317963496638
113	0.108414012440952
113	0.109326255994785
113	0.107394531617025
113	0.108149204086481
113	0.110324175301835
113	0.109436069235064
113	0.108652198743575
113	0.109686949063706
113	0.108092918696141
113	0.10793268116278
113	0.108615471912238
113	0.108322324966975
113	0.108257140164012
113	0.109034414575585
113	0.108933085324558
113	0.109832988400635
113	0.108582422223265
113	0.108514347641709
113	0.109396449704142
113	0.108733907566917
113	0.110088681224373
113	0.10824355971897
113	0.108691571240849
113	0.109567755909219
113	0.108714204437701
113	0.109452736318408
113	0.107610569977164
113	0.109612060687536
113	0.10920509936258
113	0.109295149937325
113	0.108151130670912
113	0.110026072529035
113	0.109393522689554
113	0.108900127617337
113	0.109033673566727
113	0.107901363614767
113	0.109821043036031
113	0.109438861374237
113	0.109724015879849
113	0.110148276526093
113	0.10983799013853
113	0.108441015152924
113	0.11003437082299
113	0.109219109746738
113	0.108877877089798
113	0.108849683770032
113	0.107889065867141
113	0.108957815212801
113	0.10938841713577
113	0.109549109031924
113	0.107345161743364
113	0.108166122258516
113	0.109052433576299
113	0.110249120609069
113	0.108255929086708
113	0.109138630398473
113	0.108316850334369
113	0.108200293713582
113	0.10731071711108
113	0.108311870756263
113	0.108227343126672
113	0.108517437821314
113	0.109279638617906
113	0.109417759743324
113	0.107781627493211
113	0.10939268200679
113	0.107956685499058
113	0.108885344342278
113	0.108724388631857
113	0.109613827912957
113	0.109325981557182
114	0.109078972050272
114	0.108785239299429
114	0.109539320614239
114	0.109483861794398
114	0.10954415954416
114	0.109033972290757
114	0.110223869955796
114	0.1093683159846
114	0.109372784421232
114	0.108483746093932
114	0.108945550877525
114	0.109853686254084
114	0.109725567993954
114	0.10845439390331
114	0.107019403604185
114	0.109171944639925
114	0.107991052305935
114	0.108656912399175
114	0.107882032407629
114	0.108592835401545
114	0.107643642887494
114	0.108327088797302
114	0.109810937575552
114	0.108990292172771
114	0.109451768254123
114	0.109023428438877
114	0.108671996972134
114	0.10901299679789
114	0.108416411042945
114	0.108172293364377
114	0.107602668922094
114	0.108212966858318
114	0.108780627323863
114	0.108762597984323
114	0.107938134724681
114	0.108105574047161
114	0.109228584950308
114	0.107287831586897
114	0.109483861794398
114	0.108802545314308
114	0.109706822025935
114	0.109206379524401
114	0.109711384788944
114	0.108386372145264
114	0.108425317870616
114	0.108638249717088
114	0.109857565928642
114	0.108382726502964
114	0.10938014778557
114	0.109100285995593
114	0.109587104072398
114	0.107644086826347
114	0.108554515944243
114	0.108920232086419
114	0.107910596497888
114	0.110292005744375
114	0.107289455060156
114	0.10906949352179
114	0.1078399097023
114	0.108240322963667
114	0.107589892644508
114	0.109342819696686
114	0.108333724147634
114	0.109963345551483
114	0.108358110340271
114	0.109285748005476
114	0.106867032660277
114	0.108980070339977
114	0.108203948629481
114	0.1092495799888
114	0.108273894436519
114	0.108771251931994
114	0.109688169483456
114	0.108411909517395
114	0.107943447121198
114	0.10950442901604
114	0.108637072755637
114	0.108755194559879
114	0.108442741671728
114	0.108902496467263
114	0.109195946585851
114	0.108616361138743
114	0.107919475833254
114	0.108852241493697
114	0.107997234385803
114	0.108766310235998
114	0.108869450714823
114	0.108687476494923
114	0.109554140127389
114	0.109206706003559
114	0.109017302038652
114	0.109732044066003
114	0.108344923504868
114	0.108099173553719
114	0.109136574732253
114	0.107334021973894
114	0.107900168887221
114	0.107685142058687
114	0.107661233500869
114	0.109704838408369
115	0.108559891064469
115	0.108476003367948
115	0.109704641350211
115	0.109353604986071
115	0.107913330193123
115	0.107775285189251
115	0.108198734296779
115	0.106824784493023
115	0.107961201443231
115	0.107868730188327
115	0.108252495430901
115	0.107925407925408
115	0.108806560816288
115	0.108174298784714
115	0.108256364574054
115	0.107956667911842
115	0.110007567158532
115	0.109490084985836
115	0.108241603161163
115	0.108042318135006
115	0.110046706700982
115	0.10847490254584
115	0.108076672559784
115	0.108403089303057
115	0.108811188811189
115	0.109213079070648
115	0.109195942137892
115	0.109618510373841
115	0.107862856073717
115	0.109497365798092
115	0.109575564508573
115	0.109029440766305
115	0.108671996972134
115	0.108436583751064
115	0.108132218987698
115	0.107750108376282
115	0.10921891351917
115	0.107685142058687
115	0.107653490328007
115	0.109554322876817
115	0.107713884992987
115	0.109877014014682
115	0.108683314415437
115	0.107642981753029
115	0.107965920201127
115	0.109088369494366
115	0.109227782775437
115	0.10947643734529
115	0.107432884303048
115	0.108617046254989
115	0.107378803386992
115	0.107960842260805
115	0.108855209226956
115	0.108812188469858
115	0.108647978642258
115	0.110293063058756
115	0.109334465355408
115	0.109003635007922
115	0.108510638297872
115	0.110824258355238
115	0.109302104160716
115	0.108573870110141
115	0.108307489897566
115	0.107228858775202
115	0.108513412816692
115	0.109180078087801
115	0.108643485625559
115	0.10809433350322
115	0.108241936230274
115	0.108944846377901
115	0.110702498821311
115	0.110061699098244
115	0.108608539450048
115	0.109375739504946
115	0.108564988730278
115	0.10871099816462
115	0.108576514122441
115	0.10875468164794
115	0.108764421287681
115	0.108623354723875
115	0.108459666853827
115	0.106471614028289
115	0.108188096021046
115	0.108228980322004
115	0.109888546359972
115	0.109368254425097
115	0.107979468035464
115	0.108624125307011
115	0.107907973174367
115	0.110290966236487
115	0.108770931170248
115	0.110092176790357
115	0.108134780769773
115	0.108051145145426
115	0.108282639213851
115	0.10749354005168
115	0.109276579499905
115	0.108937636812445
115	0.108667287977633
115	0.109074632491519
116	0.10837087977235
116	0.10855713409166
116	0.108214369295577
116	0.109325667970407
116	0.10997539276926
116	0.10834539765563
116	0.108806592068917
116	0.107908628018872
116	0.10739336492891
116	0.108777194298575
116	0.108225715889949
116	0.10716123298564
116	0.107940214852872
116	0.109217083507988
116	0.108743979251575
116	0.108340698702144
116	0.10853324671709
116	0.108730158730159
116	0.107404506289453
116	0.107394200994651
116	0.108467200592565
116	0.10935807469505
116	0.10772078014521
116	0.107879303821415
116	0.109256734521179
116	0.108455193100862
116	0.109777256740914
116	0.107965181579933
116	0.108095394891575
116	0.10945529290853
116	0.108362056754332
116	0.109388943685125
116	0.108721286731758
116	0.108823250970368
116	0.109059860617529
116	0.106698587053467
116	0.108297439295688
116	0.10829764202005
116	0.108018955584464
116	0.109070464767616
116	0.109640831758034
116	0.108153387937453
116	0.108005377091735
116	0.109499976612564
116	0.109469821705791
116	0.109229903386174
116	0.107385992725916
116	0.109667903701589
116	0.110169491525424
116	0.10952129447352
116	0.10834145662164
116	0.109127541936088
116	0.107326178254783
116	0.10943680542475
116	0.108495202433887
116	0.106719367588933
116	0.108645573785906
116	0.107343009053025
116	0.108957470831765
116	0.108474417295878
116	0.108773416172456
116	0.107925956700365
116	0.109047276217903
116	0.107543298821509
116	0.108376671619614
116	0.109839497557572
116	0.108033504664002
116	0.108942036360272
116	0.10840874811463
116	0.109269203829092
116	0.108484261947555
116	0.108581931287997
116	0.109434665176493
116	0.107979022288818
116	0.108812907462127
116	0.108190138214419
116	0.109856893213054
116	0.10828729281768
116	0.108293940696175
116	0.109783977977885
116	0.1084464482709
116	0.109549361318201
116	0.108182696288119
116	0.10803426719148
116	0.108441619145555
116	0.108129186163868
116	0.108056915827405
116	0.107321826280624
116	0.10841067840398
116	0.109090054521527
116	0.108494171603287
116	0.109427609427609
116	0.108718288527073
116	0.107611062213369
116	0.109362331282492
116	0.108857654938213
116	0.109630613115842
116	0.109454359069941
116	0.108611945905334
116	0.109172343006438
117	0.10834365177636
117	0.108526404652472
117	0.108895561602702
117	0.108232207281076
117	0.108919745822546
117	0.107736074148848
117	0.108935414524722
117	0.108882788143874
117	0.109340269567274
117	0.108609459076749
117	0.108755585131667
117	0.108383317059562
117	0.108302745899735
117	0.108123275499228
117	0.109072903895124
117	0.10803284878233
117	0.108192531591651
117	0.110625704622322
117	0.106767741346242
117	0.107876315423485
117	0.107727570399476
117	0.110519621237104
117	0.107388475836431
117	0.108998079535341
117	0.108938810038537
117	0.109372062417748
117	0.106818181818182
117	0.107273147079196
117	0.108306845675791
117	0.108298774965442
117	0.109540471191976
117	0.108911824308403
117	0.108796404662703
117	0.109264432029795
117	0.107927143325373
117	0.108594520934167
117	0.106964252639378
117	0.10973695476383
117	0.108972297514586
117	0.109162524617837
117	0.108556048729814
117	0.10972509885144
117	0.108818011257036
117	0.108678098133283
117	0.109157123005415
117	0.108045444006492
117	0.109297374024131
117	0.109096795079314
117	0.109794369759708
117	0.108165724348874
117	0.108440575321726
117	0.109385296055728
117	0.108389118359208
117	0.107642322361916
117	0.10829158668477
117	0.110272118535404
117	0.109332571101901
117	0.108001687526368
117	0.108594739063159
117	0.109023439334868
117	0.107675706108661
117	0.108723017390088
117	0.109507402923922
117	0.1080239633945
117	0.108931947069943
117	0.110023989839597
117	0.108701800697652
117	0.108271656658753
117	0.109702236785867
117	0.108130723815722
117	0.108148494046229
117	0.10802198309703
117	0.107808298117557
117	0.108236832274935
117	0.108451508518131
117	0.108724388631857
117	0.10917050905873
117	0.108037989344452
117	0.109273088193591
117	0.108100358422939
117	0.108775741545437
117	0.109213753528622
117	0.108575924468922
117	0.108309904595105
117	0.108922472278108
117	0.10911550662437
117	0.109195671522931
117	0.107788336128191
117	0.109132548139839
117	0.108549381263822
117	0.10869869729654
117	0.108647967517618
117	0.108393604872478
117	0.109841001034905
117	0.108314944363585
117	0.109246883738566
117	0.108447593632097
117	0.108649339582446
117	0.107597000326052
117	0.108210858176086
118	0.108956260124971
118	0.107974038015763
118	0.10882966396292
118	0.109620936947006
118	0.107364395317383
118	0.10852283231651
118	0.107855126999059
118	0.108837778091341
118	0.109217587797759
118	0.107958575684494
118	0.108622884352459
118	0.106790697674419
118	0.107973111754271
118	0.108101731703864
118	0.107858243451464
118	0.108807562710595
118	0.108241196692372
118	0.108855393311352
118	0.108898482105556
118	0.11088882537868
118	0.109026416503314
118	0.108517260894171
118	0.107937685459941
118	0.108469677900527
118	0.109005611259314
118	0.109932904799887
118	0.108868330062611
118	0.10846884105649
118	0.107884588579659
118	0.10825534292499
118	0.108091674462114
118	0.107756041426928
118	0.108883478925008
118	0.109362484097441
118	0.10875356358368
118	0.107322885161763
118	0.108209665144597
118	0.109531184006758
118	0.107833543035556
118	0.109533373814751
118	0.108362173791039
118	0.109430646131076
118	0.109743637376927
118	0.107351280120482
118	0.110881476497164
118	0.10842803030303
118	0.108013120899719
118	0.110209090480011
118	0.110218405134599
118	0.108553713185213
118	0.107849067138138
118	0.108714123867069
118	0.107554945054945
118	0.108110642287857
118	0.108180764774044
118	0.107987131067282
118	0.108058270330076
118	0.108496303920651
118	0.108196410814906
118	0.11024362712821
118	0.109473587251877
118	0.10841735052755
118	0.107664150080073
118	0.10796665122742
118	0.109305349182764
118	0.109108025417745
118	0.108463776146281
118	0.108751339015416
118	0.109569781610273
118	0.108784449974177
118	0.10972254604803
118	0.108356247378478
118	0.108208092485549
118	0.110371391887394
118	0.108204463376239
118	0.106996851651708
118	0.108122362869198
118	0.109263325080581
118	0.108031700421745
118	0.108969572521934
118	0.110068341515064
118	0.107446808510638
118	0.108937890827025
118	0.107338804220399
118	0.10830241187384
118	0.108314087759815
118	0.109054174693417
118	0.10899221147038
118	0.108446638107655
118	0.107884597312283
118	0.10833993753205
118	0.108768247304647
118	0.108142255498362
118	0.108868094808341
118	0.109154437456324
118	0.108417888012026
118	0.108423647611517
118	0.108009994814012
118	0.108622147083686
118	0.110175538746967
119	0.109157713594717
119	0.110219594594595
119	0.109254259379946
119	0.109067559510159
119	0.107691591395847
119	0.107945888545178
119	0.107561235356763
119	0.107910995494031
119	0.109030069247572
119	0.108390799278012
119	0.10880829015544
119	0.11008468052348
119	0.10782584478277
119	0.107847310912445
119	0.109172946320588
119	0.106814254355238
119	0.107378496422266
119	0.108055824236562
119	0.108477412158394
119	0.107695148409731
119	0.10711606975436
119	0.108751339015416
119	0.108124532535527
119	0.108712661665209
119	0.10910972111179
119	0.109904063205418
119	0.109843881462092
119	0.107453474235481
119	0.107475136349054
119	0.108720165382447
119	0.108633665217595
119	0.107464487976975
119	0.108634575763252
119	0.108310690527499
119	0.109277968301047
119	0.10794517967315
119	0.108161258603736
119	0.107719428465392
119	0.108455361360416
119	0.109209110892849
119	0.108328670024249
119	0.109142318567389
119	0.108471706100945
119	0.109989248819707
119	0.109021328230737
119	0.109190300425174
119	0.108423489393868
119	0.108983937243183
119	0.109117046930069
119	0.10917340138948
119	0.108087715161519
119	0.108261051069159
119	0.107856377776743
119	0.109903727004099
119	0.108340657815608
119	0.108644419306184
119	0.108577532159941
119	0.10813338945793
119	0.107312572087659
119	0.107873090481786
119	0.107645115620576
119	0.109383051482644
119	0.108123145400593
119	0.109514925373134
119	0.108399703648824
119	0.10817795827949
119	0.10811821922933
119	0.109315722916959
119	0.10849582172702
119	0.107921293949588
119	0.10892955674085
119	0.108351399754925
119	0.108183908045977
119	0.109110466747732
119	0.109611821162161
119	0.110146273508242
119	0.109440267335004
119	0.108792846497765
119	0.107850398074431
119	0.108721735117674
119	0.108986527154035
119	0.108859104282445
119	0.108268721853382
119	0.108744290109071
119	0.10894468602422
119	0.1080495783993
119	0.107923112986404
119	0.109178472904101
119	0.107326242435357
119	0.109091765149018
119	0.109137782870238
119	0.108239400084894
119	0.109032953639901
119	0.107991161848647
119	0.108036165037404
119	0.108803675229702
119	0.108771929824561
119	0.107867667500695
119	0.10921711209746
119	0.109975876259401
120	0.108189435674274
120	0.107092597804672
120	0.108379888268156
120	0.109087468659823
120	0.108332560081655
120	0.108067258643491
120	0.107723011231783
120	0.108766908268316
120	0.108382121947737
120	0.107915335093326
120	0.10933897906375
120	0.108699745786649
120	0.109033976725709
120	0.108916900093371
120	0.108224316165035
120	0.107751000279148
120	0.108388399412628
120	0.108726084927671
120	0.108864696734059
120	0.108299643281807
120	0.108713847298428
120	0.108274933865503
120	0.108774710928758
120	0.107420980302336
120	0.10968226404468
120	0.10828677839851
120	0.108702745536755
120	0.107654070971602
120	0.107611062213369
120	0.108383317059562
120	0.108073714474242
120	0.108641173194728
120	0.108303249097473
120	0.109089221056541
120	0.108570895348295
120	0.107651245551601
120	0.107902593767494
120	0.109991961034662
120	0.107329842931937
120	0.109044441289223
120	0.108412432533036
120	0.108174185810499
120	0.108288155839383
120	0.109149957639085
120	0.108220263906374
120	0.107440273037543
120	0.108206212093365
120	0.107228250873644
120	0.10828739605718
120	0.108035965158752
120	0.108384554028058
120	0.109601237055433
120	0.108353819750452
120	0.108817834033911
120	0.108659217877095
120	0.109263657957245
120	0.109163271107742
120	0.107907281054304
120	0.108694646244968
120	0.107784981836575
120	0.108496856544104
120	0.107499180289475
120	0.106056403143782
120	0.109771986970684
120	0.109170912459472
120	0.107884588579659
120	0.10767297938672
120	0.109081468894553
120	0.109160340893215
120	0.10923781057351
120	0.107627235529401
120	0.107843589861964
120	0.107543611504008
120	0.108726282171708
120	0.108782527881041
120	0.10881140899199
120	0.108324787918337
120	0.10729495809864
120	0.107933748169839
120	0.109573566789043
120	0.107343049327354
120	0.107435732055653
120	0.107454636866402
120	0.109754943703283
120	0.108702670294701
120	0.109820436875231
120	0.109196207556863
120	0.108254335260116
120	0.108965453366676
120	0.110006185468906
120	0.108589127218935
120	0.109218060640195
120	0.107784709935748
120	0.10835065180427
120	0.107751081653319
120	0.107831269205699
120	0.108498274922825
120	0.107596092394778
120	0.108826009556826
120	0.107593136790217
121	0.106996264354563
121	0.109250851305335
121	0.108787962706545
121	0.109659838376245
121	0.107888631090487
121	0.109792852700569
121	0.108675108675109
121	0.108268531725947
121	0.108003902076462
121	0.108227702235538
121	0.107892107892108
121	0.108454592242549
121	0.109156412295887
121	0.108116823290953
121	0.108354970326409
121	0.108464243845252
121	0.108534322820037
121	0.1087437742114
121	0.10834879406308
121	0.107724523033969
121	0.108711770157553
121	0.108358850143961
121	0.109334445680386
121	0.109153296856162
121	0.107621033124855
121	0.108517704289256
121	0.108705602343464
121	0.108820687433856
121	0.108656300765839
121	0.108402971216342
121	0.108180024774051
121	0.109831135785334
121	0.108188355369984
121	0.108177330725529
121	0.10903499370952
121	0.10821070390852
121	0.10838648712497
121	0.108392906879584
121	0.107886290692343
121	0.107544289745132
121	0.107543252595156
121	0.109557217859964
121	0.109418539847669
121	0.108219627701974
121	0.109359559550139
121	0.108437705998682
121	0.110342894515556
121	0.108847058823529
121	0.10916179337232
121	0.108128124421403
121	0.107555596482343
121	0.108679456137083
121	0.109549109031924
121	0.10807896094153
121	0.108765784864965
121	0.10880201295373
121	0.108480150340615
121	0.108781922592091
121	0.107662373760771
121	0.109253590769955
121	0.107758421514717
121	0.108350228676505
121	0.107771734120033
121	0.10769520935496
121	0.108934169278997
121	0.109508226943817
121	0.108777921358686
121	0.10762459179327
121	0.10927903241047
121	0.108216246394343
121	0.108642090093441
121	0.10807545767122
121	0.108050944871029
121	0.107978599674343
121	0.108233856565467
121	0.107003616891352
121	0.108517117283381
121	0.107030331530684
121	0.10968548797999
121	0.10799035965888
121	0.108374154420341
121	0.109496794428301
121	0.107025119561685
121	0.109539488939387
121	0.109998602896661
121	0.107943067033976
121	0.109157406104937
121	0.107873613882058
121	0.108590936725436
121	0.109370616291032
121	0.108389665709788
121	0.108269833107382
121	0.108326371484266
121	0.108186450979475
121	0.107962529274005
121	0.109028073663779
121	0.109912995186968
121	0.107928294215487
121	0.109344123459114
121	0.107508928157321
122	0.109449875407322
122	0.108537088857287
122	0.108672048340651
122	0.108510738286574
122	0.10743877317464
122	0.107886140923938
122	0.108455625436758
122	0.10769372864136
122	0.109612612193647
122	0.107091640838229
122	0.108126817112003
122	0.107482101913808
122	0.108442164179104
122	0.107946096654275
122	0.108826690341573
122	0.108232772678563
122	0.10703771849126
122	0.107735185269795
122	0.110148400774265
122	0.107295733571664
122	0.108071391764651
122	0.108972570897257
122	0.107427728341556
122	0.108922037714607
122	0.108149524030648
122	0.106172378373331
122	0.109002320185615
122	0.107316188143512
122	0.108869853550705
122	0.108363872524006
122	0.107821620359561
122	0.109215814562109
122	0.10744342622031
122	0.108559016544967
122	0.108912254924469
122	0.108005377091735
122	0.109239744072262
122	0.109061109810349
122	0.108309024183683
122	0.108113163432312
122	0.10803743462703
122	0.10838389409818
122	0.107983811626196
122	0.106901029589092
122	0.10743725957135
122	0.10764833341017
122	0.1087319243604
122	0.107705015832224
122	0.108825420148774
122	0.107814000274336
122	0.108232478947126
122	0.108255776265222
122	0.108299735854303
122	0.107912332838039
122	0.109720795592492
122	0.107766544117647
122	0.109045155878652
122	0.107165795027067
122	0.110045431600202
122	0.107850838685828
122	0.108548230843751
122	0.108037748128864
122	0.108360143609829
122	0.108404723315582
122	0.108582089552239
122	0.109393633611595
122	0.108670784717456
122	0.107449126222593
122	0.108782389360238
122	0.108527852692272
122	0.107774749387906
122	0.107750823322046
122	0.108489035189392
122	0.107951627212028
122	0.108250976786946
122	0.108204074004859
122	0.108714850104578
122	0.108569051580699
122	0.108614761433753
122	0.107817211783809
122	0.108989026383376
122	0.108450046685341
122	0.10807213987426
122	0.107358375824484
122	0.108436507571225
122	0.107777828823448
122	0.107470870459219
122	0.107383466860889
122	0.107829572021566
122	0.108375764936703
122	0.108114338404795
122	0.107558676769544
122	0.10851271560742
122	0.108002008490437
122	0.109043663867106
122	0.108001317089233
122	0.108633665217595
122	0.109446681022376
122	0.108095697295312
122	0.108125488034541
123	0.108174073221276
123	0.107223320612442
123	0.108988659602157
123	0.107842685232145
123	0.107913332397398
123	0.108178934301871
123	0.10893906020558
123	0.108325624421832
123	0.108174073221276
123	0.109428544966194
123	0.108590710971552
123	0.108080900521644
123	0.109076470313449
123	0.10825534292499
123	0.109261088377781
123	0.108741209891492
123	0.107826655459045
123	0.10796159323747
123	0.106881809405599
123	0.110047846889952
123	0.109029355841024
123	0.107998697129031
123	0.109321756990151
123	0.108512051622699
123	0.107306985294118
123	0.108457431862883
123	0.108218025430067
123	0.108866442199776
123	0.108374384236453
123	0.107689418833912
123	0.107773605896259
123	0.109021166466402
123	0.109642773756713
123	0.108415290406383
123	0.108068689720066
123	0.10870583825321
123	0.108939592294745
123	0.10891180261462
123	0.108720636234083
123	0.108931957999907
123	0.108290082760555
123	0.107942786184059
123	0.108414542728636
123	0.108274606804499
123	0.108553247239379
123	0.108663594470046
123	0.10785408524102
123	0.108625751432965
123	0.1079073629821
123	0.107948243992606
123	0.108115658611538
123	0.108106837204928
123	0.107805148076391
123	0.109396719488463
123	0.109128186011835
123	0.108260153677278
123	0.108260411417052
123	0.107924703695096
123	0.108555062823356
123	0.107711651299246
123	0.108848864526233
123	0.109191398448748
123	0.107856746252082
123	0.107982302516361
123	0.107549693308122
123	0.107455621301775
123	0.10806697108067
123	0.109178164367127
123	0.109152322783639
123	0.107861314545286
123	0.109502008782584
123	0.108023144562395
123	0.108351098340903
123	0.109317448046928
123	0.108282307444409
123	0.108165429480382
123	0.108349207824188
123	0.109082440614811
123	0.108736496007515
123	0.107464906572464
123	0.108063480414641
123	0.109294199860238
123	0.107474729160056
123	0.107796046554591
123	0.108238180617156
123	0.107537875267218
123	0.107967961479698
123	0.107921824695053
123	0.10847441946526
123	0.107621478712736
123	0.10757639179573
123	0.107942405945193
123	0.108721011618683
123	0.108101808689167
123	0.108379120879121
123	0.108603865640833
123	0.108788142183997
123	0.107582540570789
123	0.108114381208801
123	0.108101851851852
124	0.108021687751981
124	0.108510736125799
124	0.107539718982459
124	0.109198048061873
124	0.106428504977207
124	0.107789938379472
124	0.107650044233366
124	0.108474576271186
124	0.108188080817421
124	0.108383616748949
124	0.109078816095777
124	0.108706685738015
124	0.108368066688041
124	0.108098320583043
124	0.107388710417623
124	0.107709230910258
124	0.109139557808759
124	0.109267521844209
124	0.10832335880674
124	0.108225902647153
124	0.107496203580139
124	0.107209973873585
124	0.108130454754249
124	0.108121642538469
124	0.108814982240878
124	0.109129115106234
124	0.107857175851079
124	0.109015855145886
124	0.107781649245064
124	0.109001666975366
124	0.107926107926108
124	0.108073335477646
124	0.107244049867775
124	0.108999674766529
124	0.108907185628743
124	0.10768520655435
124	0.108641860030814
124	0.107913669064748
124	0.107400722021661
124	0.108411127269316
124	0.107596697894444
124	0.109133162909598
124	0.108323726077934
124	0.10830626450116
124	0.107596970392472
124	0.108777124878545
124	0.108000183595722
124	0.106988221053122
124	0.108220699870394
124	0.108390298717108
124	0.107509157509158
124	0.108170737359225
124	0.108953412379796
124	0.107394200994651
124	0.108218478815722
124	0.107746283814976
124	0.108333724147634
124	0.108701683003514
124	0.107559076880556
124	0.108449217495066
124	0.107712888642864
124	0.109007378532647
124	0.109149872596711
124	0.107664654099645
124	0.107938134724681
124	0.108727153741878
124	0.108017149970034
124	0.107679426950091
124	0.107941834451902
124	0.108005552984729
124	0.106699284907791
124	0.107119741100324
124	0.108651722355374
124	0.108956729006234
124	0.10665451230629
124	0.109348415873454
124	0.107952185350995
124	0.108420573509331
124	0.10843206859988
124	0.107994842037395
124	0.10714450228016
124	0.107810164424514
124	0.108463547633231
124	0.108120671222052
124	0.10931136182763
124	0.107445674836677
124	0.108312935417059
124	0.108676679987139
124	0.108887876025524
124	0.109060480684301
124	0.107897511115185
124	0.108992335015891
124	0.108669559597452
124	0.108641404805915
124	0.108590844391386
124	0.107960244369472
124	0.10792509223369
124	0.108432036097011
124	0.107744727875495
124	0.108852005532503
125	0.109516337456157
125	0.107947750896882
125	0.107249300747398
125	0.108418071226262
125	0.10709706959707
125	0.107765962344059
125	0.108356676003735
125	0.108962352500468
125	0.108033495905034
125	0.107974108249552
125	0.109026205111614
125	0.107291185971389
125	0.109657436087097
125	0.10849765258216
125	0.10793430488087
125	0.109779882975759
125	0.109020116807268
125	0.108081701018936
125	0.109642338161534
125	0.107830141244229
125	0.107547083352426
125	0.108250763959626
125	0.108512287420781
125	0.108056474535203
125	0.108426526761471
125	0.107966408388623
125	0.10853324671709
125	0.110048072391366
125	0.107579237482774
125	0.108193711269222
125	0.109452736318408
125	0.108212246413816
125	0.107656044603599
125	0.108146979678946
125	0.109200743494424
125	0.107724693391909
125	0.107658259947439
125	0.108384174523942
125	0.107737824305872
125	0.108741209891492
125	0.107604615598499
125	0.108350174536101
125	0.107823267126064
125	0.109002566923359
125	0.108166122258516
125	0.108645506551024
125	0.108357106112332
125	0.107164002368265
125	0.107821049243643
125	0.107211670795486
125	0.108328000731328
125	0.108078502966682
125	0.108075680664513
125	0.107482488286867
125	0.108080715009675
125	0.108313163284305
125	0.109397771613934
125	0.107389980625519
125	0.108221476510067
125	0.108556125040403
125	0.107146137595297
125	0.108150041069636
125	0.106963258279346
125	0.107609247381293
125	0.108040895274938
125	0.108352041050076
125	0.107694435480153
125	0.108334103298531
125	0.107250825542998
125	0.108545988617588
125	0.108494261879523
125	0.109150996090114
125	0.107437255353442
125	0.107636967349198
125	0.108758330576169
125	0.107206588881263
125	0.107328411266065
125	0.107818853110249
125	0.107188821474536
125	0.109485650391353
125	0.107983786491779
125	0.108072611285708
125	0.108419139915203
125	0.107389026743865
125	0.106907742234585
125	0.10786014241373
125	0.107414404866135
125	0.107566256236554
125	0.108774011041657
125	0.108599576466255
125	0.109326570865032
125	0.109116085852758
125	0.106617647058824
125	0.107827064499508
125	0.108501118568233
125	0.108738307095597
125	0.107706422018349
125	0.108126658735243
125	0.107312134738392
125	0.107835495850718
126	0.108131888487543
126	0.108233856565467
126	0.108048103607771
126	0.107758423627303
126	0.108871912640015
126	0.108692644685266
126	0.108080715009675
126	0.107761180393769
126	0.108889092743785
126	0.10810312226168
126	0.107131551575996
126	0.109778211745013
126	0.107380410022779
126	0.108802980903586
126	0.10845848358972
126	0.107086041543566
126	0.108232741082327
126	0.108053568152633
126	0.108719955282281
126	0.107608794817991
126	0.108286122242181
126	0.10912533481112
126	0.108140444526253
126	0.108060801473975
126	0.108451998162609
126	0.107972118358491
126	0.107829732932276
126	0.10787734116783
126	0.107942696527337
126	0.108089389601995
126	0.107752653437933
126	0.107501583567098
126	0.107993041567478
126	0.108543546308231
126	0.107841776544067
126	0.108110586401357
126	0.10756826094924
126	0.107929617143121
126	0.108083225925244
126	0.108239169220916
126	0.107228519023656
126	0.109266055045872
126	0.108512412004446
126	0.108051243688049
126	0.106676544124456
126	0.108700648067289
126	0.109884573103701
126	0.1088021238614
126	0.107894980981538
126	0.107018508337915
126	0.108147316205719
126	0.107327427094869
126	0.10718201754386
126	0.107702289368802
126	0.108570374809829
126	0.107748128415928
126	0.109029977505394
126	0.109455928862813
126	0.106656339696569
126	0.109177723704146
126	0.10802483329501
126	0.10845161888858
126	0.108375751966682
126	0.108499767765908
126	0.108163550748287
126	0.107795039520305
126	0.107053753685643
126	0.107711306256861
126	0.107695139911635
126	0.108398974171094
126	0.107216589438914
126	0.107334691609557
126	0.108912280701754
126	0.108440959409594
126	0.107395875637381
126	0.108152224605914
126	0.10891268832819
126	0.107493941749348
126	0.108911350148368
126	0.107601542999773
126	0.107935471838866
126	0.107985522517982
126	0.108985641500695
126	0.107099990767242
126	0.108219304733728
126	0.108199610425749
126	0.10746336996337
126	0.108225303762591
126	0.10848171373644
126	0.108681431641903
126	0.107030716723549
126	0.107136262924668
126	0.10743687623603
126	0.107077458340963
126	0.107927499084584
126	0.108199141789323
126	0.107904125880523
126	0.107363507390966
126	0.109001696702894
126	0.108562197092084
127	0.109438810627266
127	0.107044198895028
127	0.107175925925926
127	0.107653490328007
127	0.107616730177678
127	0.108532518065592
127	0.107864242202171
127	0.10772995936461
127	0.108626051957556
127	0.109344671411406
127	0.108461257309942
127	0.10770879940343
127	0.10847954555866
127	0.108709919369961
127	0.107190260423818
127	0.107482561826252
127	0.108170952890294
127	0.107049851190476
127	0.107786065126433
127	0.106997577585813
127	0.107693720161586
127	0.108057435522224
127	0.108527839948842
127	0.107501021010119
127	0.106904129658456
127	0.10839273396183
127	0.108651726671565
127	0.107745504840941
127	0.108400218898212
127	0.108959510794033
127	0.108692651051493
127	0.108189715241325
127	0.106991811392063
127	0.107618959451953
127	0.107790967389821
127	0.107793220494473
127	0.106932321893707
127	0.107892335766423
127	0.107702054484569
127	0.107911363428257
127	0.108527835800563
127	0.107533302710152
127	0.108710965015262
127	0.107765524184323
127	0.108906322104292
127	0.108277364312942
127	0.107475781392798
127	0.109470752089136
127	0.108421052631579
127	0.107657038055938
127	0.108372349215092
127	0.108114285714286
127	0.108383703225211
127	0.109387301440282
127	0.108177249885793
127	0.110265798107556
127	0.107731481481481
127	0.108270130341977
127	0.108484848484848
127	0.107680379458178
127	0.106483607310129
127	0.109251832388328
127	0.108619416758952
127	0.110007392348919
127	0.107157482822951
127	0.108176785552228
127	0.108065561626076
127	0.10794955887108
127	0.107229080307931
127	0.107804475421864
127	0.109041070433005
127	0.107277752187932
127	0.10919034156741
127	0.10732044198895
127	0.10826698759489
127	0.10751704259505
127	0.107716232904908
127	0.109030224364917
127	0.108118081180812
127	0.108415955729767
127	0.108306947289998
127	0.108449276697687
127	0.108911345888838
127	0.108325666973321
127	0.106870920957215
127	0.10968548797999
127	0.109058430874818
127	0.108599954617654
127	0.107549361207898
127	0.107399124033175
127	0.10757979946647
127	0.108188770751725
127	0.107190321250172
127	0.107238979118329
127	0.107747351038943
127	0.10817058213039
127	0.107652692446693
127	0.108732473887268
127	0.107630634410106
127	0.108346559611614
128	0.108336410635155
128	0.108009764635438
128	0.106823291882715
128	0.108084276963059
128	0.106325521786891
128	0.107884007512941
128	0.107492452657579
128	0.109254558042926
128	0.107956633590592
128	0.108243891299383
128	0.10858667157246
128	0.107207697893972
128	0.107799852832965
128	0.107780582969933
128	0.107719346931224
128	0.106789897510981
128	0.107545174490781
128	0.10825495388549
128	0.107707780927128
128	0.109179190751445
128	0.10810687371546
128	0.108851345147369
128	0.107653107653108
128	0.108435405592789
128	0.107817082111437
128	0.107928505957837
128	0.108695652173913
128	0.10913799482057
128	0.1070092404778
128	0.108589127218935
128	0.106201938390135
128	0.107361823879377
128	0.107959278111985
128	0.108450379921713
128	0.107781939242613
128	0.106815823898236
128	0.109029117295857
128	0.107298871496178
128	0.108445385890588
128	0.108199925539836
128	0.107541706879912
128	0.107859454461396
128	0.108544187752109
128	0.1087437742114
128	0.107522952541908
128	0.107785253329672
128	0.107884386719107
128	0.108310626702997
128	0.107949867349739
128	0.107777321094214
128	0.108727879180951
128	0.107959743824337
128	0.108478513356562
128	0.107054963084495
128	0.107861392433807
128	0.109108644154396
128	0.108398482146939
128	0.107918263090677
128	0.107677516824612
128	0.108684634876757
128	0.108019564414913
128	0.108260411417052
128	0.107745504840941
128	0.108370124254699
128	0.107782767720728
128	0.107929615054055
128	0.108785046728972
128	0.108164111065064
128	0.108229266730708
128	0.108271439774877
128	0.108287598579532
128	0.10792732531863
128	0.109079914410643
128	0.108502772643253
128	0.109114607578438
128	0.108428140236824
128	0.108673124577608
128	0.108414018819037
128	0.108560077608907
128	0.107390884422573
128	0.107281772953415
128	0.108947103735199
128	0.108726490642017
128	0.108939956882712
128	0.108523889198736
128	0.107539157039134
128	0.107461476074615
128	0.109521163286098
128	0.108397503075591
128	0.108455292012662
128	0.10677589558456
128	0.10861011986458
128	0.107381939068264
128	0.107877571500251
128	0.10807498524806
128	0.108043548164822
128	0.108625461254613
128	0.108688637935008
128	0.108269833107382
128	0.107388355260163
129	0.107631210794711
129	0.107049488602486
129	0.108797667319696
129	0.107042636009776
129	0.107660644866225
129	0.107433111131404
129	0.107986348122867
129	0.107482185273159
129	0.108911348008676
129	0.107505438723713
129	0.108832300986465
129	0.108459270180612
129	0.108377750444171
129	0.10816175791709
129	0.107958221647102
129	0.107937803164241
129	0.107032936744912
129	0.107589163550123
129	0.109085849450397
129	0.108585975468642
129	0.107800499676136
129	0.108954463334414
129	0.108417724419191
129	0.109123766275891
129	0.107539718982459
129	0.108321344038613
129	0.107405057554609
129	0.108052400146574
129	0.107179973792418
129	0.109345579793341
129	0.108259787282191
129	0.106902510003638
129	0.106825876109434
129	0.107170463329241
129	0.108335595981537
129	0.108362672031457
129	0.108390809847897
129	0.108275328692962
129	0.107684529828109
129	0.107876867360797
129	0.108958170714909
129	0.107639200215189
129	0.109070776045031
129	0.108108108108108
129	0.107591754650578
129	0.109065420560748
129	0.108011841983532
129	0.10881878885563
129	0.108399366085578
129	0.108181860228482
129	0.108643897079022
129	0.107147782119053
129	0.108085694540428
129	0.108847896736394
129	0.108169474592434
129	0.108685724723719
129	0.108073714474242
129	0.108477500794624
129	0.107855107855108
129	0.107658663264841
129	0.107728230015566
129	0.108431499860866
129	0.108557954597993
129	0.107503574228658
129	0.108556715251276
129	0.108194330507702
129	0.10759037230686
129	0.109346309217775
129	0.107426692244451
129	0.108119007079487
129	0.107859302006046
129	0.108272618279074
129	0.10960877241892
129	0.107496012759171
129	0.107870920559466
129	0.107717265353418
129	0.10882966396292
129	0.108826247689464
129	0.108191298754996
129	0.107563716086599
129	0.109314928898976
129	0.107856070600009
129	0.10825730994152
129	0.107390884422573
129	0.108780465415156
129	0.108208435803443
129	0.108344395111457
129	0.108224513172967
129	0.108473040326235
129	0.108180864169366
129	0.108682509417291
129	0.107506186417377
129	0.10738255033557
129	0.10680412371134
129	0.108608133170489
129	0.108523908523909
129	0.108848758465011
129	0.108139213700396
129	0.107830261310629
129	0.108406168489452
130	0.107893061744112
130	0.108478122441554
130	0.10853808633815
130	0.108279677156071
130	0.107728764126868
130	0.108316858994989
130	0.108662367187862
130	0.107999630928216
130	0.108045336306206
130	0.107643312101911
130	0.108227295695714
130	0.10747621205256
130	0.107545376363554
130	0.107649373227194
130	0.108434838355161
130	0.10818459853015
130	0.108525356177562
130	0.10760045924225
130	0.107899281883465
130	0.108634079488351
130	0.108299547975209
130	0.108253779746951
130	0.107862577818769
130	0.108130530973451
130	0.107121675258908
130	0.109139512374983
130	0.10835742806003
130	0.107557873547443
130	0.109046589707032
130	0.107144489646661
130	0.10735031788867
130	0.10809088011656
130	0.107467136468356
130	0.108303417408737
130	0.108296303083055
130	0.107919610902083
130	0.107151069211313
130	0.109025468130667
130	0.108398747674577
130	0.108118064189345
130	0.108916348936561
130	0.10794250437667
130	0.108047348137273
130	0.10829746313765
130	0.108605423353625
130	0.108201717927404
130	0.108250011413962
130	0.108120458803638
130	0.10860683956851
130	0.107856916171737
130	0.108319679592208
130	0.107137970353478
130	0.107348537203409
130	0.108013152560695
130	0.108375739238069
130	0.107197966778615
130	0.109150110896135
130	0.108303575464449
130	0.108393219089737
130	0.107510501777224
130	0.108717665469944
130	0.108727606798346
130	0.106697501473722
130	0.107026481252008
130	0.107971700238836
130	0.108356417359187
130	0.107081796094664
130	0.10828025477707
130	0.108390167986451
130	0.107773118923651
130	0.10699268738574
130	0.10772716972581
130	0.107581227436823
130	0.108702685215141
130	0.109315806289653
130	0.107924250781394
130	0.108265213442325
130	0.106588884366662
130	0.107929015567558
130	0.107515610045121
130	0.10834967394774
130	0.108850174216028
130	0.107969622106323
130	0.108717665469944
130	0.108155215117879
130	0.107775768535262
130	0.107269626146683
130	0.109640743674572
130	0.107335417516198
130	0.107498034136639
130	0.107038584197997
130	0.108674928503337
130	0.107685984381422
130	0.108303911229309
130	0.108520424427342
130	0.107888736890105
130	0.108270676691729
130	0.108028335301063
130	0.106876478078952
130	0.108331420702318
131	0.107911079110791
131	0.107113617756754
131	0.107795870099154
131	0.107729402665939
131	0.107219704253079
131	0.107776014509182
131	0.10854206807964
131	0.106809508483149
131	0.108141057479568
131	0.107670276559563
131	0.107377312583207
131	0.107102491071025
131	0.10734154126767
131	0.108184166820447
131	0.107347980672805
131	0.107246114925913
131	0.108791007950288
131	0.108691623424759
131	0.108106871625949
131	0.108940611434377
131	0.108538216707413
131	0.108408997581786
131	0.107222908375646
131	0.107968217934166
131	0.107263240522695
131	0.108309561056409
131	0.107609742672354
131	0.108974064723434
131	0.108665686454696
131	0.108866748555571
131	0.107914646853622
131	0.108887746037683
131	0.108078652195631
131	0.107699254910815
131	0.109648315227398
131	0.107357494081224
131	0.108476424093759
131	0.108403438185808
131	0.108839753395448
131	0.10676671337522
131	0.107675567846942
131	0.108575601296153
131	0.108214666728512
131	0.106820872415991
131	0.107040197107268
131	0.107735185269795
131	0.107243351184533
131	0.108436497019716
131	0.106982347217718
131	0.107004591698929
131	0.107257106297413
131	0.107648078853701
131	0.106901402059985
131	0.108165527433955
131	0.107626773009471
131	0.107060770433024
131	0.106246614912439
131	0.107667584940312
131	0.107351065767899
131	0.109428610640926
131	0.10819073693817
131	0.107816102346187
131	0.108154662073342
131	0.107467873965336
131	0.108252698176405
131	0.10769372864136
131	0.108720478735553
131	0.107146091839507
131	0.108430456668632
131	0.10787211787712
131	0.108063855914859
131	0.10855940344938
131	0.108721461187215
131	0.107617563479696
131	0.107482993197279
131	0.107969034608379
131	0.107443277406448
131	0.107498665717844
131	0.10853491556367
131	0.108025535795714
131	0.107277628032345
131	0.107604545245434
131	0.107982926164744
131	0.107090171491794
131	0.108933770855479
131	0.108903639276722
131	0.108310160915348
131	0.107165706973768
131	0.107432711265991
131	0.108591285263591
131	0.108654599051172
131	0.106692966333438
131	0.107658663264841
131	0.108627667402502
131	0.10861816852495
131	0.108990944372574
131	0.107568085397564
131	0.107386491981026
131	0.106785469499657
131	0.107518115942029
132	0.108725634424421
132	0.107634941567005
132	0.107664150080073
132	0.108529263485953
132	0.10773142052935
132	0.106718287406058
132	0.107642040297695
132	0.109479366822216
132	0.108167572179067
132	0.107937392596721
132	0.107965407373691
132	0.107863224513955
132	0.107563405797101
132	0.108121665374618
132	0.107012071070121
132	0.108199725148878
132	0.108368371083684
132	0.107818181818182
132	0.10710673899053
132	0.107883251500273
132	0.108933954508084
132	0.106859920777818
132	0.107797423941646
132	0.107253050886484
132	0.108424408014572
132	0.107608597895494
132	0.10846830171217
132	0.108529250956807
132	0.107678244972578
132	0.108581436077058
132	0.107028537937875
132	0.107705580529446
132	0.108132666969559
132	0.109013707481423
132	0.107837837837838
132	0.108835710998619
132	0.107682619647355
132	0.110086616373289
132	0.108056440600819
132	0.107243479051168
132	0.108160768498799
132	0.107816711590297
132	0.107448494453249
132	0.108616449585572
132	0.107418045866958
132	0.107951674399375
132	0.106621824296687
132	0.107702229592777
132	0.106514761065148
132	0.107871050698016
132	0.107644731456637
132	0.107168652943301
132	0.107991953182151
132	0.107427234693419
132	0.106776180698152
132	0.108656961620956
132	0.107345917671139
132	0.108873940287505
132	0.107853782120883
132	0.107852973367384
132	0.106727066817667
132	0.106724107301475
132	0.107456736432001
132	0.107991558858611
132	0.107986604890133
132	0.10876146581718
132	0.107588594333607
132	0.108339402767662
132	0.107238729982412
132	0.108909082606512
132	0.108541830458308
132	0.10828663842194
132	0.108564645726808
132	0.107025547445255
132	0.108242258652095
132	0.107319060335853
132	0.107775070118166
132	0.107506824385805
132	0.107980358863751
132	0.107760371992235
132	0.107854791514265
132	0.108535348880081
132	0.107759815242494
132	0.108678938085116
132	0.107294375256603
132	0.106871247498332
132	0.108823663669147
132	0.107843137254902
132	0.108388440981973
132	0.107026481252008
132	0.108165002015497
132	0.108553980768354
132	0.107827913774205
132	0.108089516646794
132	0.107147738144048
132	0.107296522050914
132	0.109326830166107
132	0.107582895452075
132	0.10700353805679
132	0.107374577355387
133	0.107819796721912
133	0.107496084135153
133	0.108041237113402
133	0.106982237768591
133	0.107626188734455
133	0.10808236574746
133	0.107929913294798
133	0.107572443958447
133	0.108178694158076
133	0.107413494019903
133	0.106779049851258
133	0.107471342485615
133	0.107861144274038
133	0.108305556823889
133	0.10786122485713
133	0.107910067358456
133	0.107532701849346
133	0.108007279344859
133	0.107861477391979
133	0.107405703771849
133	0.107151058650622
133	0.107303674351585
133	0.107379805507589
133	0.108569070652423
133	0.107397793640493
133	0.107834143656545
133	0.107957379279075
133	0.109065871012164
133	0.107496846278609
133	0.106820347597223
133	0.108089548138992
133	0.108279965481219
133	0.107518078864784
133	0.107796917497733
133	0.107498069848767
133	0.108315989503212
133	0.10809322811525
133	0.108170362675579
133	0.106967795134912
133	0.107160560587626
133	0.10721911771387
133	0.107974402033314
133	0.107846244397157
133	0.107904125880523
133	0.107852973367384
133	0.108161213672089
133	0.108094565663007
133	0.107742599973132
133	0.107409770324462
133	0.109224201930215
133	0.108027795556368
133	0.106415989778224
133	0.107816711590297
133	0.108875577301203
133	0.10868778280543
133	0.106995884773663
133	0.107701346831782
133	0.107937229929497
133	0.10797656602073
133	0.108555323211201
133	0.107358916478555
133	0.107402829281692
133	0.108600781889263
133	0.107463639265034
133	0.109148089908427
133	0.108262760357061
133	0.107420980302336
133	0.108106875797921
133	0.10651181707262
133	0.106825469537334
133	0.108553980768354
133	0.106434532890604
133	0.108437042459736
133	0.107871984065909
133	0.107150923792745
133	0.108995343261561
133	0.107597480905802
133	0.107909061799552
133	0.10709724502828
133	0.108553980768354
133	0.108279668813247
133	0.108596873864049
133	0.107895693258223
133	0.108225703031968
133	0.108326560101147
133	0.1068726498437
133	0.10884509624198
133	0.107989899900803
133	0.108292050557896
133	0.107121756124165
133	0.108283752860412
133	0.108089610804398
133	0.106771766391974
133	0.107864242202171
133	0.107261401354977
133	0.107404725264778
133	0.107622308316065
133	0.108281421766215
133	0.10801978849907
133	0.107245080500894
134	0.107232704402516
134	0.1081340149717
134	0.107743954997051
134	0.108319247110421
134	0.107120210163964
134	0.106690284779943
134	0.106887501131324
134	0.107959994519797
134	0.107188179840464
134	0.107776629677883
134	0.107752537897756
134	0.10743166930201
134	0.107425031423954
134	0.108981104451663
134	0.107139579700835
134	0.107972436453247
134	0.107436894960644
134	0.10872140709013
134	0.109084242368686
134	0.108672696386759
134	0.108178824378581
134	0.107842252504287
134	0.108141002524342
134	0.10848305662952
134	0.107776014509182
134	0.107917942157445
134	0.107831022014738
134	0.108095843165729
134	0.1076101226855
134	0.106535564476117
134	0.107049027029434
134	0.107701346831782
134	0.107649488238463
134	0.107647166697231
134	0.107632718159034
134	0.107642528368956
134	0.107417582417582
134	0.108120213194787
134	0.108441941782844
134	0.107296916859647
134	0.107549308546815
134	0.107869620025212
134	0.108764328910551
134	0.108862144420131
134	0.10908263145914
134	0.108108108108108
134	0.108440850445212
134	0.108136700243779
134	0.108040770101925
134	0.107236544549977
134	0.108310626702997
134	0.107245320825174
134	0.108181448147981
134	0.107076728537235
134	0.107729927998913
134	0.107838265190874
134	0.107968342476841
134	0.10722515927884
134	0.108238585092944
134	0.107686778381778
134	0.10802163136548
134	0.107638094366391
134	0.106582369294234
134	0.108345401882694
134	0.107494081223821
134	0.107761327949753
134	0.10747621205256
134	0.108009872111286
134	0.108821902654867
134	0.10681267390719
134	0.107584014532243
134	0.108029934346449
134	0.107542026351658
134	0.107378605660548
134	0.107659612949901
134	0.107727912147752
134	0.10699719024744
134	0.108027659477034
134	0.107344888446395
134	0.107136322049405
134	0.107495380177581
134	0.106880878448315
134	0.10796785304248
134	0.107593786901626
134	0.107910732105597
134	0.106762359024651
134	0.107031536486982
134	0.10881561545127
134	0.108431008734217
134	0.106730207256215
134	0.107520029133285
134	0.108082451857879
134	0.107562491493898
134	0.106923671409738
134	0.107615742854534
134	0.107517360301999
134	0.107709080997592
134	0.107493634048745
134	0.107456634377112
134	0.107038189278146
135	0.108047451106124
135	0.107047601826319
135	0.10816317290714
135	0.107234432234432
135	0.10770411849711
135	0.108962135657859
135	0.10760977369038
135	0.107308089655482
135	0.107814045499505
135	0.106930243126562
135	0.10809830416251
135	0.108803570615294
135	0.108088600171426
135	0.107538098693759
135	0.106824525074277
135	0.107475380483438
135	0.107168784029038
135	0.106952355121598
135	0.108362833892695
135	0.107334607334607
135	0.108290955321467
135	0.107270506266118
135	0.107642335107823
135	0.108042679099794
135	0.108452440750719
135	0.107950204485192
135	0.107418612001626
135	0.108196870866214
135	0.108220981433565
135	0.107307882104885
135	0.107864554888039
135	0.108231221245388
135	0.1072919442224
135	0.107859645929095
135	0.108675057517932
135	0.107072072072072
135	0.106951141843326
135	0.106784714066311
135	0.106457480673033
135	0.107081331036359
135	0.107890499194847
135	0.108147740812025
135	0.107415263799251
135	0.108145231445447
135	0.107779361967564
135	0.106624692033945
135	0.108834412580944
135	0.107664481121411
135	0.108168963343241
135	0.107613569455138
135	0.108769698896408
135	0.107668544430311
135	0.107126727486225
135	0.107057063862575
135	0.107716606498195
135	0.10640706361784
135	0.108733266551316
135	0.109193570420291
135	0.107554185181826
135	0.108724141158851
135	0.108146003889819
135	0.108282587793599
135	0.107690906607167
135	0.106383930568604
135	0.108067525139919
135	0.107255664911879
135	0.106782041408055
135	0.106754605412781
135	0.106704524638212
135	0.107676432320876
135	0.108594790757499
135	0.107233965014577
135	0.107482807305187
135	0.108043162858179
135	0.108195673998357
135	0.108075151296179
135	0.107703574861537
135	0.107762930642669
135	0.108129008779511
135	0.108422071636012
135	0.108718086777045
135	0.10789461668417
135	0.109117405956827
135	0.10848171373644
135	0.107020238525479
135	0.107893191162518
135	0.106744604316547
135	0.10755201173128
135	0.107676339184981
135	0.107312397297791
135	0.107290671760586
135	0.10681725404817
135	0.108163265306122
135	0.107371209353307
135	0.107501476668636
135	0.108375069560378
135	0.107478526779692
135	0.106393629124005
135	0.108064441674745
135	0.107397924807977
136	0.108612527312454
136	0.108441469118254
136	0.107575757575758
136	0.107436151971844
136	0.106940318660545
136	0.108182640144665
136	0.108688769279479
136	0.109013536149215
136	0.106629661130758
136	0.106984183401457
136	0.107815977110677
136	0.108474268048736
136	0.10805464832789
136	0.108296589579771
136	0.106633380884451
136	0.107792560412707
136	0.107711689012868
136	0.107019820142276
136	0.108142150247413
136	0.107916951859457
136	0.107531266992931
136	0.107476216119189
136	0.108600009262261
136	0.108176555716353
136	0.107534123563218
136	0.107469857673828
136	0.106921651069217
136	0.107208279904744
136	0.1082137016173
136	0.107202680067002
136	0.107485084071596
136	0.108213171812141
136	0.107456634377112
136	0.10736505032022
136	0.107063365886895
136	0.107064265505007
136	0.107350751319886
136	0.107534123563218
136	0.106700197592959
136	0.107521611264593
136	0.107396330848547
136	0.107047962170682
136	0.107986703800198
136	0.107742138647712
136	0.107095656929317
136	0.108598113725849
136	0.107784973506635
136	0.107282125691485
136	0.107122099521617
136	0.107014550026944
136	0.106675567423231
136	0.107128327984451
136	0.107537552438089
136	0.107563252604519
136	0.108411974533797
136	0.108274167121791
136	0.107887374785669
136	0.107445506865455
136	0.107306870367844
136	0.108097129445748
136	0.107197618832867
136	0.107216127018107
136	0.106953314743186
136	0.107986191024166
136	0.106713267668286
136	0.107154112826978
136	0.107860894765441
136	0.107797957892835
136	0.108293166358845
136	0.10807162782327
136	0.107299039718678
136	0.107930210540553
136	0.107460643394935
136	0.107455838495068
136	0.108148824469299
136	0.107655610063459
136	0.107296333546676
136	0.106933019976498
136	0.108717253839205
136	0.107506075060751
136	0.107551385165326
136	0.107343364024253
136	0.107219802887921
136	0.105910996888949
136	0.109199389482448
136	0.107405237301122
136	0.108690708990859
136	0.108166969147005
136	0.107128141738772
136	0.107008592910849
136	0.108393350545817
136	0.108478122441554
136	0.106700085037819
136	0.107723114731716
136	0.108232532948186
136	0.108119172162838
136	0.107920479646576
136	0.108335225982285
136	0.108028602461984
136	0.107413761964963
137	0.107561480119513
137	0.107693699398435
137	0.106897621051699
137	0.108219612821327
137	0.106379139222232
137	0.107569174479762
137	0.106840478430319
137	0.106750463444409
137	0.107844020172911
137	0.106921878477632
137	0.108514492753623
137	0.108120479721688
137	0.108532361804525
137	0.107878732867387
137	0.106415501506092
137	0.107638731852924
137	0.10716536141867
137	0.107605177993528
137	0.107603033902952
137	0.107395153357775
137	0.108245550308754
137	0.107050555429608
137	0.107162210982659
137	0.107831134086065
137	0.107953004970628
137	0.106555530524893
137	0.107146055341632
137	0.107352073021207
137	0.10787014042534
137	0.107027752909579
137	0.107112214946941
137	0.107491710726768
137	0.108228857989514
137	0.107372010589133
137	0.108015815959741
137	0.106156450463293
137	0.107076307776212
137	0.107979086155945
137	0.107371286005897
137	0.10669240091566
137	0.106798304931927
137	0.107836448810661
137	0.107538852028321
137	0.108123983372492
137	0.108481798812276
137	0.107801354806873
137	0.108523965141612
137	0.107300785127696
137	0.107177033492823
137	0.106972301814709
137	0.108122941822173
137	0.108121529502054
137	0.107252345001144
137	0.106853653019679
137	0.10782751240836
137	0.108340110237643
137	0.107446615997105
137	0.108325020404462
137	0.107157317018309
137	0.107787402995849
137	0.106680269694819
137	0.107999819925269
137	0.108181694423016
137	0.107171890524795
137	0.106767188840233
137	0.107798787659459
137	0.108323521420161
137	0.108166551644813
137	0.107722287682407
137	0.107026544724515
137	0.107197003478106
137	0.107884195193008
137	0.108317913074875
137	0.108217696882321
137	0.107830610568586
137	0.109015639374425
137	0.107363075807037
137	0.106080679793504
137	0.107777125039541
137	0.108399236433052
137	0.107993430057487
137	0.108228048725264
137	0.108018114011721
137	0.107420366247103
137	0.107627471865882
137	0.107613840003676
137	0.106538945853571
137	0.107204349796103
137	0.109001471129092
137	0.107082025997311
137	0.10781328121449
137	0.106798315141084
137	0.108626632801161
137	0.107539398280802
137	0.106497622820919
137	0.107660832007274
137	0.107674994373171
137	0.107497293395886
137	0.107101332617834
137	0.107284529390552
138	0.107804323094425
138	0.107814533865972
138	0.106572250497898
138	0.106734548052876
138	0.10740825165261
138	0.109367088607595
138	0.10824230387289
138	0.107251976994968
138	0.108064225148836
138	0.107267676315082
138	0.108223743469645
138	0.107351277991405
138	0.107482631974866
138	0.107346663671085
138	0.107822504813505
138	0.108062760747325
138	0.107721382289417
138	0.107351807338201
138	0.107451868629672
138	0.107977836839497
138	0.107765947928782
138	0.106513888269651
138	0.108067729083665
138	0.107887538675396
138	0.107300785127696
138	0.106938227394808
138	0.106886200309288
138	0.107326449421126
138	0.106952595936795
138	0.108229020742013
138	0.107650148435716
138	0.109594078977612
138	0.107115668801218
138	0.107387387387387
138	0.108805713769099
138	0.107528338526848
138	0.108281405219904
138	0.107909090909091
138	0.107065217391304
138	0.106137184115523
138	0.107599463567278
138	0.108539468897781
138	0.107623116707893
138	0.107335417516198
138	0.107905032900587
138	0.10816509645581
138	0.109060326408147
138	0.107383454594449
138	0.107271256516268
138	0.107283194736361
138	0.106849683757233
138	0.107290969899666
138	0.107552624446653
138	0.107233474293345
138	0.109165024189213
138	0.107428825622776
138	0.106609712230216
138	0.107037924332143
138	0.106998501294337
138	0.107987364620939
138	0.107311006484854
138	0.107255236896521
138	0.107733429982331
138	0.107091172214182
138	0.107577345423065
138	0.107521544917204
138	0.108453023511115
138	0.107892061731818
138	0.108462346440152
138	0.107088380439659
138	0.107391910739191
138	0.108396328293737
138	0.106597393290635
138	0.10769645504785
138	0.107799304520616
138	0.106685696445297
138	0.107769085513893
138	0.107662243228504
138	0.107375905674812
138	0.108092036045927
138	0.107552213111041
138	0.106902544449891
138	0.106271462136273
138	0.107877254033534
138	0.10727969348659
138	0.107890138447063
138	0.108569370018463
138	0.106801298874605
138	0.1073759936054
138	0.10679786945924
138	0.106500134300295
138	0.107016364043936
138	0.10766365329578
138	0.108767632784506
138	0.10746804216192
138	0.108075151296179
138	0.106851513395444
138	0.108420573509331
138	0.107279177331717
138	0.107714038365152
139	0.10764692534604
139	0.107352133308918
139	0.106882479710211
139	0.107825930426173
139	0.107252252252252
139	0.107191193720112
139	0.108499342015701
139	0.108211157006037
139	0.107080005414918
139	0.108260577568838
139	0.106964839013876
139	0.10651416316683
139	0.107428725604821
139	0.107396742553766
139	0.108188184593284
139	0.107330430488845
139	0.107345651194232
139	0.106770833333333
139	0.107018888337916
139	0.107946094559877
139	0.107261765499865
139	0.107386159913948
139	0.108323934130386
139	0.107043517272319
139	0.108751176233365
139	0.107754325572969
139	0.107451331394048
139	0.106703331379885
139	0.107507534523863
139	0.106992532247115
139	0.107924051774681
139	0.106565176022835
139	0.108456867297732
139	0.108257551524014
139	0.107250145720307
139	0.108375714478599
139	0.107059978579079
139	0.107955563519083
139	0.107131720789345
139	0.10770468358956
139	0.107556436714279
139	0.107989702362134
139	0.107697900572571
139	0.106910274963821
139	0.106938483547926
139	0.107081949555695
139	0.108302108256964
139	0.107625548072142
139	0.107915614857555
139	0.107479174212242
139	0.106831790963527
139	0.107444777747478
139	0.108175875347005
139	0.106707317073171
139	0.107332767326511
139	0.10785998552822
139	0.108561301463237
139	0.107974244675582
139	0.108004854150748
139	0.106587845402839
139	0.108264049793285
139	0.107950134709347
139	0.108605718961677
139	0.108365625712332
139	0.10809594527699
139	0.1092425547346
139	0.107825540698196
139	0.108104445247561
139	0.107809731497887
139	0.108143948054323
139	0.107191132738578
139	0.107797130222904
139	0.107603759161833
139	0.107390143458388
139	0.10780784784251
139	0.106510475332282
139	0.107609185051778
139	0.107925501177935
139	0.107222969941678
139	0.107446522867627
139	0.10731137374736
139	0.107731704029831
139	0.107614625129615
139	0.107017783235548
139	0.107071893063584
139	0.108259931691533
139	0.108071197705649
139	0.107731191045719
139	0.107974467319968
139	0.106715228773048
139	0.107164083573355
139	0.107142857142857
139	0.107118766020596
139	0.107958698830409
139	0.107912382655342
139	0.106780187131391
139	0.107659898704675
139	0.106952111664647
139	0.108491841701974
139	0.107207615593835
140	0.10759723736823
140	0.107545454545455
140	0.108420201294033
140	0.107820119198122
140	0.10770411849711
140	0.10764451647758
140	0.107062426808396
140	0.107139629462268
140	0.108194795807734
140	0.10752981881089
140	0.106908927770301
140	0.107371939651278
140	0.106525652565257
140	0.107323628219485
140	0.107879500633255
140	0.107719928186715
140	0.10716516462925
140	0.106540131608398
140	0.107833348461469
140	0.108023984986497
140	0.108374826178621
140	0.107689545270907
140	0.107182764939883
140	0.1075307103436
140	0.106476350902079
140	0.107180115208418
140	0.107128419350492
140	0.107340280924332
140	0.107985846732656
140	0.107283113173866
140	0.107022358180755
140	0.106795677533119
140	0.107615367128893
140	0.107622298065984
140	0.106954305479701
140	0.108427796944308
140	0.106945325958836
140	0.107403404485274
140	0.107070158773239
140	0.106237118021328
140	0.107586145091186
140	0.107392786649919
140	0.107751659788265
140	0.107930420490344
140	0.107491415145491
140	0.107612973266386
140	0.107648595389762
140	0.108444604835799
140	0.107344123348812
140	0.106588277533435
140	0.107479996403848
140	0.107536139937463
140	0.106678500110939
140	0.107976346318783
140	0.106332406493856
140	0.107825378136038
140	0.107155555555556
140	0.107935639728338
140	0.106893151667264
140	0.10770411849711
140	0.107360715738105
140	0.108093597601897
140	0.107317073170732
140	0.107716535433071
140	0.108247422680412
140	0.107241645127647
140	0.10790183264019
140	0.106795683581557
140	0.107312947879112
140	0.107537463654663
140	0.106239913932222
140	0.108292023433979
140	0.106815915888698
140	0.108080032518856
140	0.107938218390805
140	0.108565193671577
140	0.107648725212465
140	0.107770997846375
140	0.10668768295429
140	0.107476844601548
140	0.107236189961251
140	0.107950204485192
140	0.108896188633398
140	0.107217336113882
140	0.10736401300842
140	0.107443248620783
140	0.108119116582187
140	0.10664844369985
140	0.10642390623602
140	0.10834348630477
140	0.108602342841813
140	0.107603121516165
140	0.106204931897089
140	0.106937970598781
140	0.106767455383101
140	0.106453048509123
140	0.107028969234224
140	0.108082451857879
140	0.107366736317966
140	0.107641704965306
141	0.107683933593396
141	0.107586082404441
141	0.106117689271618
141	0.107775456444727
141	0.106769300430156
141	0.106849803781663
141	0.107333877255009
141	0.107807361355138
141	0.107494935854153
141	0.107007233273056
141	0.108161881076193
141	0.107817811012916
141	0.107405724670604
141	0.107754189944134
141	0.107323688969259
141	0.107245337159254
141	0.108182268004138
141	0.106654796349878
141	0.107895210658985
141	0.10725257112328
141	0.107697124200546
141	0.10813738321975
141	0.106419973250111
141	0.108216791028104
141	0.106886240906859
141	0.106448723690103
141	0.107787425558031
141	0.106997722502568
141	0.10677319774832
141	0.108280828082808
141	0.107513881425757
141	0.107965559212009
141	0.107395786642761
141	0.106456074599563
141	0.107133182844244
141	0.107773612177605
141	0.107315112540193
141	0.107288888888889
141	0.106797414753733
141	0.107855777352954
141	0.107515797965312
141	0.108618601103683
141	0.107690239311643
141	0.106885275276621
141	0.108132300944367
141	0.107959413754228
141	0.107528326391688
141	0.106591303573813
141	0.106709636990287
141	0.108234869667178
141	0.106823065902579
141	0.106779890690636
141	0.107105983750056
141	0.109578404056091
141	0.108200712321356
141	0.106819607491711
141	0.106757776101522
141	0.106850436681223
141	0.107758812781318
141	0.107757831104598
141	0.107813824802535
141	0.107128419350492
141	0.107482747733526
141	0.107882147807037
141	0.107012893660991
141	0.107152496626181
141	0.108962221621134
141	0.107485176764299
141	0.108234658502544
141	0.108025109515422
141	0.107030618658526
141	0.107704049564515
141	0.108189635766062
141	0.108
141	0.108329950841113
141	0.107847533632287
141	0.107742431784244
141	0.106957101578128
141	0.107627118644068
141	0.107685352622061
141	0.107327971403038
141	0.107528826588288
141	0.107963178121369
141	0.10766603756628
141	0.107315978456014
141	0.106975697569757
141	0.107682731637916
141	0.10692550308738
141	0.106346560965722
141	0.1063108292597
141	0.106908860873887
141	0.107033774511974
141	0.107604273771738
141	0.106544561090016
141	0.107885320893156
141	0.10772823207149
141	0.108097111080971
141	0.106375405970548
141	0.107656571071205
141	0.107411006094868
142	0.106104129263914
142	0.106950682616623
142	0.108054656598346
142	0.107289868543354
142	0.107163399849564
142	0.108223743469645
142	0.10748396932873
142	0.107250487502216
142	0.107120824887635
142	0.106726057906459
142	0.106742326080157
142	0.107141252078558
142	0.107924358397118
142	0.107077798018394
142	0.107964205816555
142	0.107154056354433
142	0.106860632183908
142	0.106928116306201
142	0.10727969348659
142	0.107149232416994
142	0.108097037003323
142	0.107155830003632
142	0.107930005788325
142	0.106492104197598
142	0.107567567567568
142	0.10795145806919
142	0.109080188679245
142	0.107362102678368
142	0.107259034802371
142	0.108161258603736
142	0.107045768528009
142	0.108022598870056
142	0.106203298403856
142	0.108011284761094
142	0.108238661776545
142	0.10809481216458
142	0.107888839085612
142	0.107405237301122
142	0.107692307692308
142	0.107166778298727
142	0.107468286582098
142	0.107319463625429
142	0.107052167327483
142	0.106968051971167
142	0.107929121174154
142	0.107154127034215
142	0.107027123007946
142	0.107903139968068
142	0.107765237020316
142	0.107280379690159
142	0.108415841584158
142	0.107059352517986
142	0.107399313143928
142	0.107455942159964
142	0.1077862865743
142	0.106987287758912
142	0.106658336308461
142	0.10844937984149
142	0.107971607971608
142	0.107698515894723
142	0.107381955220572
142	0.107596927085673
142	0.106929190106259
142	0.107721681985702
142	0.107703377254126
142	0.106202628156254
142	0.106746067016265
142	0.105503969856009
142	0.107136437174187
142	0.107730560578662
142	0.10750134432694
142	0.107490272373541
142	0.106882192271526
142	0.106702533064335
142	0.106633269222168
142	0.108000358358717
142	0.106890577102492
142	0.107344888446395
142	0.108184892897407
142	0.107726329091073
142	0.105951368053379
142	0.107170323456232
142	0.107581098567668
142	0.108161434977578
142	0.106969494544645
142	0.107249343598416
142	0.108159221902017
142	0.107165389815232
142	0.108224525508144
142	0.107864567069635
142	0.107654855288071
142	0.106837225886967
142	0.107039580697632
142	0.107808360648377
142	0.107388812369485
142	0.106588277533435
142	0.107500786481506
142	0.107477876106195
142	0.107375127195505
142	0.107115838191447
143	0.10701762173199
143	0.107270294380018
143	0.107492730932677
143	0.107416535962357
143	0.108093151948351
143	0.107882326521446
143	0.107954545454545
143	0.107227567688521
143	0.108305350346989
143	0.106396311713889
143	0.106292632244658
143	0.107172958346272
143	0.107822314609788
143	0.108004630041848
143	0.10781985211741
143	0.107154014370509
143	0.107618492444285
143	0.107599223371111
143	0.107517562266217
143	0.106673226585562
143	0.107845792704948
143	0.107956079560796
143	0.107625525821176
143	0.107131857978794
143	0.108557915402463
143	0.107293064876958
143	0.10721050081487
143	0.10786536836957
143	0.106746332545592
143	0.107845768473788
143	0.107293064876958
143	0.107641891584361
143	0.10677829512894
143	0.107762885670595
143	0.106493621938753
143	0.1083605165557
143	0.10718761188686
143	0.10705596107056
143	0.107467958878674
143	0.108270130341977
143	0.108136034862303
143	0.106821221578243
143	0.107804502423337
143	0.10783089546914
143	0.106507815649214
143	0.107397705717641
143	0.108273977511983
143	0.108742101195618
143	0.108142150247413
143	0.107645695954375
143	0.10714917713679
143	0.106951154052603
143	0.106618787959392
143	0.107639976726492
143	0.106963961168492
143	0.107544213118424
143	0.106748135501842
143	0.10819073693817
143	0.108462131169832
143	0.108493546348948
143	0.107512550535341
143	0.108517038566875
143	0.107144454883013
143	0.10635055797069
143	0.108049246633184
143	0.107293442181753
143	0.108143469433792
143	0.108012994044396
143	0.106989823245849
143	0.106996625421822
143	0.107880263276531
143	0.108171877126911
143	0.106645301998487
143	0.107010737165028
143	0.107179147338193
143	0.106856554256796
143	0.107459876266475
143	0.107697851448133
143	0.107529781973477
143	0.107585655245967
143	0.107315761161915
143	0.107651644117911
143	0.107709750566893
143	0.107223128112467
143	0.107441675151622
143	0.107030900134348
143	0.107242524916944
143	0.106455617628802
143	0.107391403229475
143	0.106847830993545
143	0.108459282652831
143	0.107812359852902
143	0.107409226921531
143	0.106884138482734
143	0.108109325048404
143	0.108177549393107
143	0.106971793507185
143	0.10754861017558
143	0.106979226902718
143	0.106923518755799
144	0.107042000986149
144	0.10727436012573
144	0.107658407159239
144	0.10642758374593
144	0.106286767933971
144	0.106826518743849
144	0.106788676523621
144	0.107084166111481
144	0.107909830598906
144	0.107447137244515
144	0.106856276747504
144	0.106676830635398
144	0.106588540501856
144	0.106599212034384
144	0.107474549026612
144	0.106798715203426
144	0.107596067917784
144	0.107119095143047
144	0.107391537225495
144	0.106054575206758
144	0.10692218142742
144	0.107195962690939
144	0.108672184238935
144	0.107751067175916
144	0.106793502647402
144	0.107299755935212
144	0.106222361191763
144	0.107603953343424
144	0.108296671554904
144	0.107325307627382
144	0.107342111135907
144	0.10654354967593
144	0.107924291914627
144	0.106790040677663
144	0.107782554182339
144	0.106986899563319
144	0.107873278973399
144	0.106902544449891
144	0.107839200464016
144	0.106903737861925
144	0.106948532691107
144	0.108676995347577
144	0.106489333214318
144	0.107459595732229
144	0.107172958346272
144	0.107779650492327
144	0.106976123782846
144	0.108504660393346
144	0.107824684054853
144	0.106860392784146
144	0.108494570802985
144	0.107940335834227
144	0.10687225840755
144	0.108122817361332
144	0.10694326463093
144	0.106621075536214
144	0.107081949555695
144	0.107107423108145
144	0.108261980544224
144	0.106949040370615
144	0.10641431951078
144	0.106998444790047
144	0.107253702225769
144	0.107212123945695
144	0.107999639249639
144	0.107394523236107
144	0.105414255595927
144	0.107875549114623
144	0.107199716964444
144	0.107427175683011
144	0.106749280814339
144	0.107368233934761
144	0.107288446893339
144	0.107506533297288
144	0.107221498224958
144	0.107329960148659
144	0.107695033890046
144	0.107179147338193
144	0.107154056354433
144	0.106886335069133
144	0.107937784928935
144	0.10709534368071
144	0.107421785795844
144	0.107448052532158
144	0.107643821022727
144	0.107363611932276
144	0.106570906008833
144	0.10749753959023
144	0.106109324758842
144	0.10788677229838
144	0.106710573157707
144	0.106387744131876
144	0.107991360691145
144	0.107591234306799
144	0.107785768526377
144	0.105765829501238
144	0.107035424056032
144	0.106856554256796
144	0.107028969234224
144	0.106185658501952
145	0.108392551947468
145	0.107091690544413
145	0.107541899441341
145	0.107765168438924
145	0.10787884171256
145	0.106562444797739
145	0.107015510786236
145	0.106753039311385
145	0.107920395351943
145	0.107535948872714
145	0.107980803412727
145	0.107466318208444
145	0.107741848919898
145	0.10714605133709
145	0.107034312645906
145	0.107356486028033
145	0.106105882877659
145	0.107292910530273
145	0.108183079056865
145	0.106002325789427
145	0.106865458441211
145	0.107068744756943
145	0.108497723823976
145	0.106805125939019
145	0.107069073924369
145	0.107474765440882
145	0.10788289291921
145	0.107350442636144
145	0.106490962514469
145	0.106956172094893
145	0.107018172052636
145	0.106932708047604
145	0.106709493219129
145	0.108126259234385
145	0.107071425396684
145	0.106268254324871
145	0.107383152417691
145	0.107673267326733
145	0.108042421564295
145	0.107322501669263
145	0.106449453247043
145	0.107104413347686
145	0.108402302986686
145	0.106706087891412
145	0.10801657680139
145	0.107609185051778
145	0.108115419296664
145	0.107558652319633
145	0.106676117485492
145	0.106331132869611
145	0.107292502451636
145	0.107093801231778
145	0.106375421772332
145	0.107210668079657
145	0.107533168428154
145	0.107699194270367
145	0.108263129593117
145	0.107005285317567
145	0.107308999821077
145	0.107064166554252
145	0.10771863460326
145	0.107142857142857
145	0.106962936308024
145	0.1073423604594
145	0.107203427653307
145	0.107155699388709
145	0.107929811964278
145	0.107608501518128
145	0.107802920029994
145	0.107624527962597
145	0.106974868969225
145	0.106892523364486
145	0.106650048962877
145	0.107315957933242
145	0.106568956383542
145	0.10835927279289
145	0.107902324743197
145	0.10825862537354
145	0.107760172848398
145	0.107511045655376
145	0.106784871029536
145	0.108549817657917
145	0.108538676775882
145	0.107799819657349
145	0.106857700496806
145	0.107597204802007
145	0.108097238359103
145	0.1071875
145	0.107023411371237
145	0.10756776098041
145	0.108167870036101
145	0.107545649838883
145	0.107346140163643
145	0.10669733699018
145	0.106472002136562
145	0.107360462530576
145	0.10707585097829
145	0.108637978326364
145	0.1091827074787
145	0.106745077073866
146	0.10744286875621
146	0.108422858174596
146	0.106483110485574
146	0.107807525001121
146	0.107161874334398
146	0.106826633610767
146	0.108096085409253
146	0.106963738848697
146	0.108388814913449
146	0.107282069454288
146	0.107444632215601
146	0.107519788918206
146	0.108003038562938
146	0.106770136473107
146	0.106789628441593
146	0.107996077732216
146	0.10845082912122
146	0.10678313575185
146	0.106924142863529
146	0.107745623115352
146	0.106588371368833
146	0.106934076805468
146	0.107432769488912
146	0.107962633451957
146	0.106981483122176
146	0.107308791994282
146	0.107114021709877
146	0.107193987115247
146	0.107187277896233
146	0.10755407052874
146	0.108541166885439
146	0.106193110833482
146	0.107608406491088
146	0.106978613207126
146	0.107415263799251
146	0.107185496351979
146	0.106339377199626
146	0.108404710920771
146	0.107497863536185
146	0.106460016779264
146	0.107182615665494
146	0.107376283846872
146	0.108191862031797
146	0.108066161145847
146	0.107098436389481
146	0.107312270652466
146	0.107387594500199
146	0.107057819309044
146	0.10650099844686
146	0.10772989782319
146	0.108043110358956
146	0.107068927548998
146	0.10750089509488
146	0.107232254603969
146	0.10740839086564
146	0.107782540040605
146	0.107389733755519
146	0.107381658769871
146	0.107202079505221
146	0.107615077764331
146	0.107103487808104
146	0.106899300327695
146	0.106785761898414
146	0.106196267094303
146	0.106798274865502
146	0.106241699867198
146	0.107982687073312
146	0.107534033967452
146	0.107725017717931
146	0.107924358397118
146	0.108499503744474
146	0.107962633451957
146	0.106450177935943
146	0.107361551870558
146	0.108220041415324
146	0.107100039962701
146	0.107576711958967
146	0.107708174521322
146	0.10782531589448
146	0.107533660557482
146	0.107699870402646
146	0.10719680142159
146	0.107798573975045
146	0.108197749988795
146	0.107177669472751
146	0.107085916740478
146	0.107634265423879
146	0.107734928103426
146	0.106393341007704
146	0.10735065511881
146	0.107429134387175
146	0.107407907165025
146	0.107755356586039
146	0.108038298819862
146	0.108009544820134
146	0.107188903214333
146	0.106671975931334
146	0.107127144742631
146	0.106109466802138
146	0.107804025281277
147	0.107354712100263
147	0.107653678877281
147	0.10717464838882
147	0.108116535994298
147	0.10749790129457
147	0.107090136434802
147	0.107948752050361
147	0.107189944625121
147	0.106994795801358
147	0.107079880091695
147	0.107230803671368
147	0.106989509096543
147	0.107300539624493
147	0.106630944407234
147	0.106094605511175
147	0.107136501156789
147	0.107514347202296
147	0.10727935685103
147	0.106980069711324
147	0.107098656294201
147	0.106576668590968
147	0.10734136689048
147	0.10737421244121
147	0.106186885390484
147	0.106844444444444
147	0.106223698781838
147	0.107276451727823
147	0.106597407210087
147	0.107160274883618
147	0.107295750529494
147	0.107507695052862
147	0.108668453976765
147	0.107053866714991
147	0.10804546467573
147	0.107131789809199
147	0.108978660582472
147	0.10745643356955
147	0.107021466905188
147	0.107144446917427
147	0.1070846726256
147	0.107619132290185
147	0.107615159314813
147	0.10665362035225
147	0.107168016907362
147	0.107334843840242
147	0.106600337567736
147	0.106949498535546
147	0.107637497216656
147	0.106833020302299
147	0.106986117330945
147	0.108199946347134
147	0.106631063640409
147	0.106982332784478
147	0.10699533045977
147	0.107515330558167
147	0.106598533659187
147	0.107810487988988
147	0.107777069483654
147	0.107586082404441
147	0.106487854700475
147	0.107216587379948
147	0.106846380433812
147	0.107686842222124
147	0.107190830124474
147	0.105985648705264
147	0.107469102632993
147	0.106908701663619
147	0.107929121174154
147	0.106974886857751
147	0.107676047033954
147	0.10764961281948
147	0.107732212333974
147	0.105738836204978
147	0.10726411722659
147	0.107333333333333
147	0.107299173261417
147	0.106856276747504
147	0.107109468904421
147	0.106706777561494
147	0.107664804469274
147	0.106149211412369
147	0.107709950599859
147	0.107722112092269
147	0.107368886921885
147	0.106998624240004
147	0.10717464838882
147	0.106956405336665
147	0.107079802259887
147	0.107319223985891
147	0.106468104023116
147	0.108238016823179
147	0.107896619567162
147	0.10752688172043
147	0.107292724943681
147	0.107834468122734
147	0.107432522270975
147	0.107519263129926
147	0.108533441866775
147	0.107239678236523
147	0.106951633053721
148	0.106709067620688
148	0.107562652472832
148	0.106290194696503
148	0.10708047830176
148	0.106165600568586
148	0.106162402669633
148	0.107644719399028
148	0.107720489679206
148	0.105844414012457
148	0.108059914407989
148	0.106025595449698
148	0.108006950942387
148	0.106421451883214
148	0.106505981233602
148	0.108639443651926
148	0.107600569597722
148	0.107240529029366
148	0.107405113686632
148	0.106880547920515
148	0.107442046008599
148	0.107405263392261
148	0.106740834829837
148	0.106431718061674
148	0.107474964234621
148	0.106521643401295
148	0.107363588204132
148	0.107631567140742
148	0.106903737861925
148	0.107449856733524
148	0.106512288173188
148	0.106889094840902
148	0.106693819727289
148	0.106501245108502
148	0.107812776499735
148	0.106824925816024
148	0.108097274184928
148	0.107007449038762
148	0.108614398860906
148	0.107884003406391
148	0.107574878364505
148	0.107069018607311
148	0.107157244527998
148	0.10853860995199
148	0.107646851296525
148	0.10694101024373
148	0.106972639011474
148	0.10649947015189
148	0.107475603832737
148	0.106792670482275
148	0.107225075261201
148	0.106437844566957
148	0.10665841912252
148	0.107474980072624
148	0.107916537456253
148	0.107840934621433
148	0.107155555555556
148	0.106624017059843
148	0.106146488353556
148	0.107327872481736
148	0.107840501792115
148	0.106730085348506
148	0.107347413638804
148	0.107284473156605
148	0.106515405667873
148	0.107082779991147
148	0.107490422299529
148	0.107983117816092
148	0.107806029300441
148	0.107510913100221
148	0.106778457989531
148	0.107577174929841
148	0.106954945395057
148	0.107049492666933
148	0.107308584686775
148	0.10730351944959
148	0.107702523240372
148	0.107227958697379
148	0.107122202944971
148	0.106601924447612
148	0.107444223547603
148	0.106796975191262
148	0.106028274206455
148	0.107062607393048
148	0.108039075103065
148	0.106230031948882
148	0.108097309775371
148	0.108143176733781
148	0.107103633088784
148	0.107305325127107
148	0.107569721115538
148	0.107371865740945
148	0.107174529975169
148	0.106774179256568
148	0.107530213820886
148	0.107503991484832
148	0.107728852329213
148	0.10765934654526
148	0.107407734416387
148	0.10646621829531
148	0.106797385620915
149	0.106268945218117
149	0.106688460858809
149	0.108694671299012
149	0.106432594156987
149	0.106551188096824
149	0.107239318131503
149	0.10750299853405
149	0.106830432093311
149	0.107877705869226
149	0.106628113879004
149	0.106904528872675
149	0.107216949900684
149	0.106993131745607
149	0.106612924657838
149	0.106980440637556
149	0.107179647959869
149	0.107122228639979
149	0.107329727828343
149	0.106618946624249
149	0.107810189541605
149	0.107437651732509
149	0.106670184232511
149	0.107720408072348
149	0.107237657051849
149	0.106323620582765
149	0.10775651556187
149	0.107558268099598
149	0.106434875160761
149	0.106866494707818
149	0.107474765440882
149	0.107272888731019
149	0.106766065044904
149	0.106926311130781
149	0.106587679836087
149	0.10699478400428
149	0.106973445050317
149	0.107906893304032
149	0.106783975704524
149	0.107271194711858
149	0.106554099089091
149	0.107629668967959
149	0.107100617635464
149	0.107767546371767
149	0.106828487596692
149	0.107366180318418
149	0.107050539263749
149	0.107196534347096
149	0.107317502973699
149	0.106795253544287
149	0.107689584992479
149	0.106670184232511
149	0.106466563672478
149	0.106640814348037
149	0.107011885300225
149	0.107019562715765
149	0.106983190271817
149	0.107119095143047
149	0.107940171319515
149	0.106948968512486
149	0.107344131351231
149	0.10722641592725
149	0.106224687444973
149	0.10787572574569
149	0.106736888303709
149	0.106732638275314
149	0.106787969791989
149	0.106896551724138
149	0.107401249269761
149	0.107227853680035
149	0.107095284610603
149	0.106753327694431
149	0.106413929909632
149	0.106942496493689
149	0.107266125778834
149	0.106995884773663
149	0.107126948775056
149	0.106239607946093
149	0.107930005788325
149	0.107707334398863
149	0.107052280311457
149	0.107266898209992
149	0.10719964664311
149	0.107095753099446
149	0.107405288863466
149	0.107321789575459
149	0.10607551896922
149	0.106997702774342
149	0.106205303602363
149	0.105528973950027
149	0.107152282924254
149	0.108676247433723
149	0.107290172166428
149	0.107897859622907
149	0.106219458018658
149	0.106957562857523
149	0.108011159824631
149	0.107677103454472
149	0.107808676307008
149	0.107233136724467
149	0.106831044618962
150	0.105724939679754
150	0.108135804669399
150	0.107268438153737
150	0.108043810036808
150	0.107508457449145
150	0.106861791493501
150	0.106644754375056
150	0.106520966595593
150	0.106694930224342
150	0.107544846992613
150	0.106970568709892
150	0.106570371675181
150	0.107174569348251
150	0.106583072100313
150	0.107579030906926
150	0.106608315098468
150	0.10739483790301
150	0.107341147439852
150	0.106650662398862
150	0.105874045633082
150	0.107633928571429
150	0.107122228639979
150	0.108085106382979
150	0.107052841034711
150	0.106455921638468
150	0.1077114649115
150	0.107111071555714
150	0.10679869153921
150	0.106951635028099
150	0.107073557946728
150	0.106045284677951
150	0.106776362349611
150	0.106875605246941
150	0.10606801511447
150	0.107608647597153
150	0.106874638937031
150	0.10708668297798
150	0.107136501156789
150	0.106901576367731
150	0.10653528346074
150	0.10758462825197
150	0.107766084987345
150	0.107569192678398
150	0.106269079325753
150	0.106250825954804
150	0.107648599458428
150	0.106485328202213
150	0.107756493652147
150	0.106656647807638
150	0.10684675046804
150	0.10841013311963
150	0.107406419489642
150	0.107535425771421
150	0.107001321003963
150	0.107715342610534
150	0.106797414753733
150	0.107323120517135
150	0.107172772560949
150	0.106734378449989
150	0.107851480270524
150	0.105897771952818
150	0.107633217076509
150	0.106983524007244
150	0.10770464774297
150	0.106583488186886
150	0.106317681616906
150	0.106797408820658
150	0.107046490025213
150	0.107169878499266
150	0.106953774969969
150	0.107841820054637
150	0.107370659107016
150	0.107968923418424
150	0.106831203173204
150	0.107684755444484
150	0.107169711176965
150	0.107528314457029
150	0.106972639011474
150	0.107088448785733
150	0.107158561252309
150	0.107826475849732
150	0.106754966887417
150	0.106759680339088
150	0.106603270529684
150	0.106743311961088
150	0.10707626742431
150	0.107446142844373
150	0.107283770004877
150	0.108514265207249
150	0.107760371992235
150	0.106432227910082
150	0.107092072520441
150	0.10732949804576
150	0.107374553157686
150	0.106810801192224
150	0.107152364894844
150	0.107747265014512
150	0.107450242065627
150	0.106599656130142
150	0.106518564411205
151	0.106865486175831
151	0.107131911912788
151	0.106844374065277
151	0.106633601983881
151	0.107483296213808
151	0.10675764913053
151	0.107963348236023
151	0.106507059545734
151	0.106108048511577
151	0.108056065559088
151	0.107072648639203
151	0.107775590551181
151	0.106234237423123
151	0.106590360368416
151	0.106134457471567
151	0.107225902689422
151	0.107552816115057
151	0.106491228070175
151	0.106123701398326
151	0.106821163095759
151	0.106503132445072
151	0.106296101159115
151	0.106858825080188
151	0.10673909203321
151	0.107390807628087
151	0.106343612334802
151	0.106669601584856
151	0.107321205635812
151	0.107373292395319
151	0.106942496493689
151	0.106682140784716
151	0.107114624505929
151	0.106573661207011
151	0.10678594806895
151	0.106488229318493
151	0.106481277775333
151	0.106992454816634
151	0.106673673147662
151	0.106271006545197
151	0.106530270294105
151	0.106278713629403
151	0.106653145804859
151	0.107575690802521
151	0.106745803251096
151	0.106609056038094
151	0.107208710158925
151	0.107499109369434
151	0.107090981117127
151	0.10610734114744
151	0.106809019625216
151	0.107286465467721
151	0.107916850950907
151	0.107448970575241
151	0.106805629787992
151	0.107314492306336
151	0.106706777561494
151	0.107840525661517
151	0.10698143841327
151	0.107038383122064
151	0.107378418784628
151	0.106412370215231
151	0.106777465040432
151	0.107008289374529
151	0.107166600186145
151	0.106574575974821
151	0.10663066572238
151	0.106867878041269
151	0.106945975744212
151	0.106304079110012
151	0.107459917848152
151	0.106906800337133
151	0.107438744932135
151	0.10604593857256
151	0.106612867070164
151	0.108002689979825
151	0.107171385461969
151	0.106496692513252
151	0.107313617850186
151	0.108017915166418
151	0.106986222478182
151	0.10792745421327
151	0.10785919858313
151	0.106646328176073
151	0.106724054635689
151	0.107344632768362
151	0.107256637168142
151	0.107009939139192
151	0.107055636961059
151	0.106200177147919
151	0.106706644913797
151	0.106961774172215
151	0.106443071491615
151	0.106736888303709
151	0.106374571955396
151	0.106179898834396
151	0.106535401925021
151	0.107087725488466
151	0.106738354413644
151	0.107346140163643
151	0.106713013252227
152	0.106745510293473
152	0.10706591039001
152	0.107190119100132
152	0.106744790519406
152	0.106419213973799
152	0.10766785856178
152	0.107406431207169
152	0.107326136966909
152	0.107208294230683
152	0.106808902936916
152	0.106459540108829
152	0.106923518755799
152	0.106142051462813
152	0.106708927628104
152	0.10605258514205
152	0.107472079418543
152	0.106251911398488
152	0.106592484655804
152	0.10701466743475
152	0.107642578816861
152	0.106092203931313
152	0.106985746964631
152	0.106438954784625
152	0.106755740388444
152	0.107534063585359
152	0.107027837825914
152	0.106905505919634
152	0.106596978215039
152	0.107307439104674
152	0.107061102306744
152	0.107153809085732
152	0.106926042451367
152	0.106043178198549
152	0.105974457662701
152	0.10729594570459
152	0.106264276928484
152	0.106130200512322
152	0.107588562420633
152	0.106902763741816
152	0.106429959371136
152	0.1073094189949
152	0.107523066004258
152	0.106801275239107
152	0.107332155477032
152	0.10631126092163
152	0.106996429043777
152	0.105989158697281
152	0.107450426180276
152	0.107258457854831
152	0.107076923076923
152	0.108117752007136
152	0.107217041587484
152	0.107572884047104
152	0.107249692064051
152	0.107152484499955
152	0.106632898126719
152	0.106942839363499
152	0.10637455457305
152	0.107557881664153
152	0.107212046495245
152	0.108152197874873
152	0.107900061581772
152	0.10666725460799
152	0.106388618891932
152	0.107332484970819
152	0.106401805070123
152	0.106916866681213
152	0.107037412417926
152	0.106520787746171
152	0.106938060844824
152	0.106580044774154
152	0.106476786737798
152	0.107104890148831
152	0.106834355279058
152	0.108112937812723
152	0.106208289427468
152	0.107013194013991
152	0.106594279661017
152	0.106912442396313
152	0.106796116504854
152	0.106595632264882
152	0.106039139289826
152	0.106531986531987
152	0.107405590975969
152	0.107036059806508
152	0.106744062389224
152	0.106776090581936
152	0.106625847364968
152	0.106656150037246
152	0.106757994851883
152	0.107360462530576
152	0.107476009819237
152	0.107792668855951
152	0.10663181677225
152	0.10683685186821
152	0.106412966878083
152	0.107757092198582
152	0.10729426161444
152	0.106614235850307
152	0.107465714159721
153	0.106974098704935
153	0.106360609777466
153	0.106674847701275
153	0.107103193994047
153	0.106989318796259
153	0.106276371308017
153	0.106942742076694
153	0.107588728375245
153	0.106314489813917
153	0.107103536354428
153	0.107299526232672
153	0.107598323374654
153	0.107011875654907
153	0.107119154019734
153	0.107405438922845
153	0.10700074336438
153	0.106967918450201
153	0.106820933674156
153	0.106658527013474
153	0.107025029692517
153	0.10671532197054
153	0.10748449955713
153	0.107543640897756
153	0.107983082209886
153	0.107298979997351
153	0.106315371375612
153	0.107914946508634
153	0.106753054746271
153	0.107269503546099
153	0.107940058152539
153	0.107284768211921
153	0.107294601726374
153	0.106783754116356
153	0.108059094125973
153	0.107748291470667
153	0.107047200878156
153	0.107496902106568
153	0.106795265234546
153	0.107420400550646
153	0.106639572381499
153	0.107856132909155
153	0.107643680719405
153	0.106643892611571
153	0.106660167501219
153	0.10663559210237
153	0.106387674921644
153	0.106216931216931
153	0.106779957953749
153	0.107133502139178
153	0.106958250497018
153	0.106897607488081
153	0.107499672789145
153	0.106450177935943
153	0.107453333921716
153	0.106499539816803
153	0.107541651896491
153	0.106868216372984
153	0.107141297226469
153	0.10633865248227
153	0.107426353854295
153	0.107180570221753
153	0.10631611561103
153	0.10717441244036
153	0.106953279227901
153	0.106526334331513
153	0.106973234497758
153	0.106952572277055
153	0.106127106741573
153	0.107483899622474
153	0.106394339874516
153	0.107416651809592
153	0.106315650683426
153	0.107272566214899
153	0.107083872695621
153	0.107896931653571
153	0.106192751018977
153	0.106495940037477
153	0.106846200926816
153	0.107077246085207
153	0.106397958285664
153	0.106833067799611
153	0.10787610619469
153	0.106633412094163
153	0.106638229805385
153	0.106308772239636
153	0.107443479793751
153	0.106684256816183
153	0.108024281093535
153	0.106069275119933
153	0.106514814329973
153	0.106619593998235
153	0.106308617943727
153	0.107156961692044
153	0.106982930614055
153	0.107082705433915
153	0.106851983002833
153	0.107279183311141
153	0.107298211696472
153	0.106381107348608
153	0.106722469264975
154	0.106498823939368
154	0.106493853554249
154	0.107444527112784
154	0.10734911607812
154	0.106469122619683
154	0.106798668302085
154	0.106691644157881
154	0.107615967391786
154	0.106723538982455
154	0.106808548216178
154	0.106879553287092
154	0.107522162731502
154	0.107297273449219
154	0.107066193542734
154	0.106843422150037
154	0.106898227937602
154	0.107153809085732
154	0.106383912890762
154	0.107364255880413
154	0.107166600186145
154	0.106909409958324
154	0.107265825019864
154	0.107189944625121
154	0.106567479531649
154	0.107013327507101
154	0.107883633133467
154	0.10660687327946
154	0.106632675486792
154	0.106100562587904
154	0.106865170524828
154	0.10676935194504
154	0.107155384075763
154	0.106624299395384
154	0.106877652050919
154	0.106756219345146
154	0.106392352085995
154	0.106439992971358
154	0.106944566845862
154	0.106779218518841
154	0.106930865921788
154	0.10739060832444
154	0.10648596321394
154	0.107334843840242
154	0.106666077269914
154	0.105743258203073
154	0.10788144895719
154	0.10589572134085
154	0.106074541234179
154	0.107541651896491
154	0.106770947756931
154	0.10850675103605
154	0.107726892052717
154	0.106961025280899
154	0.107192737430168
154	0.105959105039625
154	0.106401611349505
154	0.106972849083216
154	0.106997683465186
154	0.106585019524317
154	0.106834215167548
154	0.107202167642689
154	0.107908580522523
154	0.108163999280705
154	0.107103584781174
154	0.107345128858059
154	0.107043742566407
154	0.107018395165204
154	0.106881340979268
154	0.107288526334456
154	0.10708026638626
154	0.106397127277564
154	0.106988058381247
154	0.10632878035926
154	0.10656567880576
154	0.107331688403243
154	0.105789126128109
154	0.106665486412322
154	0.107924898541676
154	0.106876626527282
154	0.105450393078308
154	0.106924019607843
154	0.106850155585747
154	0.106507573089116
154	0.106443071491615
154	0.107501424876145
154	0.106253312135665
154	0.106723538982455
154	0.106154247910864
154	0.107697693755197
154	0.106800387085423
154	0.106509914020004
154	0.106298698472119
154	0.106461887516907
154	0.10684811237928
154	0.107351841260064
154	0.106483095155106
154	0.106614235850307
154	0.107473120658378
154	0.10728441821545
154	0.106679608223771
155	0.106795687522093
155	0.107235085569221
155	0.10731942074638
155	0.106503174950734
155	0.107483296213808
155	0.106658473423166
155	0.10632576592462
155	0.107061303354997
155	0.106719713198968
155	0.106378321586482
155	0.106828729281768
155	0.106981040777724
155	0.107369167368281
155	0.107319006517527
155	0.107259471306526
155	0.107478906215488
155	0.106775281390969
155	0.106574575974821
155	0.107621736062103
155	0.106946171611299
155	0.107031626968461
155	0.10681252223408
155	0.107025926909123
155	0.10746561011441
155	0.107212217514124
155	0.107061403508772
155	0.107106975931507
155	0.106354193942568
155	0.107082928552504
155	0.106671329894203
155	0.105729967069155
155	0.106955609926599
155	0.106451187914453
155	0.106899601946042
155	0.1063990073562
155	0.106047288388855
155	0.106601873741354
155	0.107230499561788
155	0.107856954109046
155	0.107274969173859
155	0.107320728106131
155	0.106865855808214
155	0.107302401698439
155	0.107226209872738
155	0.106905594405594
155	0.107565167699679
155	0.107702582368655
155	0.10727935685103
155	0.105964663685073
155	0.107386112339673
155	0.106170240757795
155	0.106486557607123
155	0.106495568196851
155	0.10699516058073
155	0.106934001670844
155	0.107092696629213
155	0.107713173207333
155	0.106460016779264
155	0.107127279071796
155	0.106542550844841
155	0.107052280311457
155	0.107172698887374
155	0.107642435276877
155	0.106765002853505
155	0.10728628800918
155	0.106833114323259
155	0.107057574953569
155	0.107470803245074
155	0.107177075167668
155	0.106614104248795
155	0.106878633080853
155	0.106679035250464
155	0.107508073196986
155	0.107342169515173
155	0.106451895298958
155	0.107046070460705
155	0.10721016874863
155	0.106459903297469
155	0.106215132496513
155	0.106907461112576
155	0.107130343377715
155	0.107142857142857
155	0.106391338513926
155	0.107371225577265
155	0.10773347370268
155	0.107046965095295
155	0.106927710843373
155	0.106178790534619
155	0.107004234297812
155	0.106748735985931
155	0.107638271385381
155	0.106157299414638
155	0.106844741235392
155	0.107098601522393
155	0.107609935925568
155	0.107375704084801
155	0.10739783627524
155	0.106686375097818
155	0.105877722382577
155	0.10623849995619
156	0.105858796900844
156	0.106412843231862
156	0.106822065460281
156	0.106641095401632
156	0.107709251101322
156	0.106313874935042
156	0.107448536189264
156	0.106707317073171
156	0.106902577544779
156	0.107332484970819
156	0.106890459363958
156	0.106131041136742
156	0.10680078722939
156	0.10632844263744
156	0.107317073170732
156	0.106054610209735
156	0.106815203145478
156	0.107633887652219
156	0.106026440288279
156	0.10655273139469
156	0.107229542302358
156	0.106399754697972
156	0.105914355914356
156	0.10693910043784
156	0.106180246151132
156	0.10674504950495
156	0.106718504280972
156	0.107005422424348
156	0.106681222707424
156	0.106903058761575
156	0.10704029240275
156	0.106724435209337
156	0.106727934801457
156	0.10656915240956
156	0.105623536687724
156	0.106384848618008
156	0.106854130052724
156	0.105753664406038
156	0.107254697286013
156	0.106737854652959
156	0.106545232700017
156	0.107252882668779
156	0.106713625357693
156	0.106589656077711
156	0.106971886151971
156	0.106688875252038
156	0.107948276622975
156	0.10703255978117
156	0.106866558853097
156	0.107141258115066
156	0.106339109453828
156	0.106267029972752
156	0.106757822771496
156	0.106748680364699
156	0.106670172670699
156	0.106765929494197
156	0.105791034362463
156	0.10716337443104
156	0.10686786441278
156	0.106925401901091
156	0.107114519968262
156	0.107082300769532
156	0.10736128833546
156	0.10664844369985
156	0.107460074381973
156	0.106769570011025
156	0.106993345965716
156	0.106610370761314
156	0.106946218561424
156	0.106129917657823
156	0.106633928179945
156	0.107341147439852
156	0.106026539699334
156	0.107080343077192
156	0.107389075481704
156	0.106835002176752
156	0.107135045277571
156	0.106959159449598
156	0.107272488739231
156	0.106364390861835
156	0.106702654071075
156	0.106630030136501
156	0.106258205689278
156	0.108175098481831
156	0.107621329074616
156	0.106594991477645
156	0.10692267042452
156	0.106689910655916
156	0.106702969013354
156	0.107862105355729
156	0.106952804675914
156	0.107895788025387
156	0.107445640237206
156	0.10697205037076
156	0.105954503936323
156	0.106978980028842
156	0.106973300230846
156	0.107447735191638
156	0.106668994413408
156	0.107627911119027
157	0.107105030891439
157	0.107274222164525
157	0.107216949900684
157	0.106732203984903
157	0.106580488439682
157	0.106879929886065
157	0.107405140758874
157	0.106750186166718
157	0.106467531333246
157	0.106835731835732
157	0.106938703719989
157	0.106712489668073
157	0.107191554871344
157	0.106409076970255
157	0.106473370707779
157	0.107404142794182
157	0.106378311984559
157	0.106730980048235
157	0.107428825622776
157	0.107440920671176
157	0.106627739770796
157	0.105928470754052
157	0.107283550730981
157	0.107496463932108
157	0.107089519458842
157	0.10638762670395
157	0.10603452081402
157	0.106896551724138
157	0.106281683932114
157	0.106923177594556
157	0.106409184885409
157	0.107619795758052
157	0.10625789313243
157	0.107262813522356
157	0.106359649122807
157	0.106998595012294
157	0.106980206691189
157	0.106839105655414
157	0.106972217306671
157	0.107381087326154
157	0.106839849558296
157	0.106102084069233
157	0.106473744392647
157	0.106553781365152
157	0.106371751462117
157	0.106222144542515
157	0.107109593294008
157	0.106646261477919
157	0.106279131123032
157	0.107122406730388
157	0.10739313244569
157	0.106606342791883
157	0.106879874515272
157	0.107706592386258
157	0.105939987752603
157	0.105853979390485
157	0.106620769815369
157	0.106333450456781
157	0.105998606999826
157	0.106968428397
157	0.107191735464218
157	0.1070109078114
157	0.107671305266866
157	0.105636544534325
157	0.106423063441991
157	0.107692307692308
157	0.106804629954402
157	0.107003635407998
157	0.10739909326995
157	0.107127144742631
157	0.106685507374371
157	0.106617165319939
157	0.106230624808977
157	0.107216494845361
157	0.107167924197228
157	0.106317546788507
157	0.106685322023523
157	0.107278665056145
157	0.107142857142857
157	0.107095926412615
157	0.107257180442885
157	0.107111692844677
157	0.106160520607375
157	0.106191205425509
157	0.10663066572238
157	0.106819869806457
157	0.106113134682056
157	0.107304544663068
157	0.106755445806509
157	0.106807152537927
157	0.106664917344529
157	0.105983728457703
157	0.107071147970319
157	0.106688105688584
157	0.106768226332971
157	0.107414324805629
157	0.107130297168982
157	0.107133502139178
157	0.107601877440014
157	0.107888579879045
158	0.107713232713233
158	0.106286114515847
158	0.107912723449001
158	0.106243154435926
158	0.106730644533783
158	0.106095494634401
158	0.105323260716795
158	0.106833872236302
158	0.106751298326601
158	0.107663912814203
158	0.106751424813678
158	0.106788442961272
158	0.107285232400228
158	0.107520334043756
158	0.105944412429629
158	0.106970415240102
158	0.106803314435238
158	0.106706252183025
158	0.106638603876173
158	0.106915477497256
158	0.107009612430321
158	0.106815691431076
158	0.106038742402379
158	0.107256355932203
158	0.106703205881074
158	0.106780102439448
158	0.107537732537733
158	0.106735159817352
158	0.107455465141852
158	0.106589656077711
158	0.106301106301106
158	0.106770264961369
158	0.106726810896032
158	0.10625789313243
158	0.106210425882557
158	0.106941508104299
158	0.106408916753744
158	0.106237389244671
158	0.106581703910615
158	0.106874944841585
158	0.106563841906932
158	0.106661465782516
158	0.106887532693984
158	0.106653234637116
158	0.107914930936198
158	0.106454868576945
158	0.106449345400228
158	0.106558826129232
158	0.106641598530891
158	0.10741946840345
158	0.107078359688147
158	0.107600752636415
158	0.1067906083617
158	0.106123869171886
158	0.107064405588261
158	0.106020827863831
158	0.107305735835818
158	0.106598317560463
158	0.106132177681473
158	0.106709208543827
158	0.107100565764659
158	0.107127164074172
158	0.106406270525901
158	0.105957391417538
158	0.107543790678373
158	0.107351327627825
158	0.107078200203117
158	0.106476831025899
158	0.107031763417306
158	0.10661065664382
158	0.106849195241428
158	0.107473120658378
158	0.106963014412224
158	0.107585719959402
158	0.106843209229156
158	0.107220424626568
158	0.106164083705455
158	0.10736934178876
158	0.106769690051804
158	0.107752551918339
158	0.106430348801676
158	0.106676055098358
158	0.106657934948701
158	0.107507852939875
158	0.106732925810282
158	0.106272612353428
158	0.10705499912142
158	0.107021812809594
158	0.105909071057344
158	0.106862231534835
158	0.10659810741909
158	0.107069018607311
158	0.106020712655784
158	0.105910683012259
158	0.106004740584672
158	0.106512503832173
158	0.106541238241085
158	0.106412478336222
158	0.107147569826259
158	0.106683579739305
159	0.106514858449094
159	0.106501171773284
159	0.107122482116997
159	0.107265682817465
159	0.106691562812106
159	0.106500931179349
159	0.107183430918465
159	0.106504990369462
159	0.106945975744212
159	0.10660673765055
159	0.106052631578947
159	0.106966154385043
159	0.106202023726448
159	0.106525743355846
159	0.10639703938673
159	0.106409755674174
159	0.106526959179219
159	0.106591500433651
159	0.106210149358023
159	0.107108507475737
159	0.10688057352684
159	0.106508875739645
159	0.106628746444979
159	0.106262520686351
159	0.106973506764693
159	0.106939802959941
159	0.106520307354555
159	0.106032746694685
159	0.107477246004442
159	0.106123701398326
159	0.105838303800775
159	0.106767118402282
159	0.106617807442307
159	0.10648932933455
159	0.105403514907756
159	0.107188337065824
159	0.106959324100688
159	0.107426067907996
159	0.106807919416464
159	0.106564925667675
159	0.107313887679582
159	0.106636739723616
159	0.105815020315435
159	0.107400130975769
159	0.107128910487265
159	0.106215817345256
159	0.106762028608583
159	0.107058720879504
159	0.106461376496907
159	0.106221349050426
159	0.106171548117155
159	0.106496692513252
159	0.107564592026991
159	0.10668768887137
159	0.10621312044429
159	0.106302998513856
159	0.106550218340611
159	0.106905103772353
159	0.106430348801676
159	0.106067907995619
159	0.106663743971942
159	0.106512477175898
159	0.106948614193099
159	0.10638762670395
159	0.107688256977356
159	0.106660315260696
159	0.10699570439204
159	0.106779661016949
159	0.106385785909051
159	0.106424653956647
159	0.106652725133969
159	0.106776270006959
159	0.107128651610907
159	0.10574601641719
159	0.107227540177395
159	0.107253863327934
159	0.106455563331001
159	0.10630472854641
159	0.107208629308077
159	0.106705056057235
159	0.106713842659328
159	0.106140350877193
159	0.106999476348403
159	0.106810876552862
159	0.107211538461538
159	0.106220347917765
159	0.107536398636987
159	0.10784053743481
159	0.106297668337328
159	0.106517445687953
159	0.106555944055944
159	0.106508102456874
159	0.105963999132509
159	0.106205405405405
159	0.106066519231603
159	0.106481481481481
159	0.106710526315789
159	0.107237557052815
159	0.106437805730259
159	0.106508096721815
160	0.106536261625115
160	0.1067795870258
160	0.107265220065009
160	0.106778330280031
160	0.106229822877585
160	0.106617326948193
160	0.106688658361908
160	0.106662604987162
160	0.107207645679395
160	0.105915738921633
160	0.106549107338685
160	0.107128790862544
160	0.106603690297519
160	0.106928366263382
160	0.107216314384491
160	0.106841530054645
160	0.106523353869009
160	0.107295381499582
160	0.10592816962354
160	0.106574575974821
160	0.106499300209937
160	0.107234570087665
160	0.107209676717574
160	0.107044260397186
160	0.106231428072015
160	0.106733712286839
160	0.106790992258973
160	0.106292369198679
160	0.10668796684081
160	0.106258461807224
160	0.106259794532474
160	0.106656746465928
160	0.107009448472863
160	0.106671889280585
160	0.106046107003045
160	0.107011554621849
160	0.106429381488267
160	0.106976744186047
160	0.10670356703567
160	0.107429630283244
160	0.106364119836908
160	0.106634035486409
160	0.107164916615195
160	0.107160103604197
160	0.106564806422375
160	0.10756054084605
160	0.106892446090753
160	0.106342311033884
160	0.106431317721077
160	0.106685818751632
160	0.105777622621749
160	0.106242628107116
160	0.106291145311069
160	0.106576655052265
160	0.106274509803922
160	0.107182077750933
160	0.107003214875315
160	0.106084516920919
160	0.10582171012735
160	0.106956598603377
160	0.107271449899008
160	0.107097839787891
160	0.106444163653
160	0.106911874697523
160	0.107013485794091
160	0.10642097926468
160	0.106437359209842
160	0.106531610199092
160	0.106380219590214
160	0.107376365790513
160	0.106360655737705
160	0.106914380860573
160	0.106360563627584
160	0.106925934017916
160	0.106537318650586
160	0.107182369341063
160	0.106180388731164
160	0.106412598973288
160	0.106957243306983
160	0.107507481077275
160	0.106723727168446
160	0.107025926909123
160	0.106453152801285
160	0.106439641999563
160	0.106581703910615
160	0.106852294974984
160	0.107048132527501
160	0.106131870046163
160	0.106648622691754
160	0.106271929824561
160	0.106325471903745
160	0.106486721811058
160	0.107007659124923
160	0.107553798858147
160	0.106612393365955
160	0.106607071735186
160	0.106899860432659
160	0.106459382526823
160	0.107197482847529
160	0.106943961016359
161	0.106807614703044
161	0.10696877881702
161	0.106356914730717
161	0.107759188512712
161	0.106413802186224
161	0.106954457534728
161	0.106967141099982
161	0.106257070751023
161	0.106753429475906
161	0.10621277335768
161	0.105678028498419
161	0.106235867107323
161	0.106157667668976
161	0.106823241803815
161	0.107153755612712
161	0.106998214519009
161	0.106636935991605
161	0.10578772512677
161	0.106522882693319
161	0.105865459925159
161	0.106844305120167
161	0.106470356940015
161	0.107327096266503
161	0.107646229739253
161	0.106774123284687
161	0.106497015120485
161	0.106283335501496
161	0.106985746964631
161	0.105895622749555
161	0.106629237745627
161	0.106455563331001
161	0.106268449383574
161	0.106610456777783
161	0.106162002433513
161	0.107422815852857
161	0.106593886462882
161	0.106633520868769
161	0.106652126499455
161	0.106589907976798
161	0.106542882404951
161	0.106199695453557
161	0.106632386264598
161	0.106675392670157
161	0.106628367497933
161	0.106693463823838
161	0.106995884773663
161	0.105795089789191
161	0.106836676965925
161	0.106903839380063
161	0.106259288399336
161	0.10684116076509
161	0.105549984740812
161	0.106939059981705
161	0.106706654496458
161	0.105685763888889
161	0.106823364322049
161	0.10653477480632
161	0.106971206843335
161	0.106673076082681
161	0.106996957844415
161	0.1068401937046
161	0.107916831509077
161	0.107220625381064
161	0.10621312044429
161	0.107574625225304
161	0.106707450294953
161	0.106765419265419
161	0.10646735814521
161	0.106660880885225
161	0.105793230284188
161	0.106190061028771
161	0.106816002789157
161	0.106579520697168
161	0.106784788245462
161	0.106253821294436
161	0.106107773929057
161	0.10695326777478
161	0.106773823191734
161	0.106425441450822
161	0.106480878586622
161	0.106152095913188
161	0.107142857142857
161	0.106321713712316
161	0.10673148513117
161	0.106808788340222
161	0.106056689928491
161	0.107515566079102
161	0.106166615966277
161	0.10566021280307
161	0.106284818941504
161	0.10715389028642
161	0.107103777301177
161	0.1066254839692
161	0.105192615331402
161	0.106371866295265
161	0.106288403712904
161	0.105892174524364
161	0.10725907927279
161	0.106337318792975
161	0.106358785970436
162	0.106870229007634
162	0.106946310178966
162	0.106677168110615
162	0.106401384083045
162	0.106694652149198
162	0.106034105815479
162	0.106477257917373
162	0.106674874681207
162	0.106379265206388
162	0.107049380561857
162	0.106246453358942
162	0.106795695191807
162	0.106389470013947
162	0.106529810002184
162	0.107540064804274
162	0.106608884073673
162	0.106684584706086
162	0.106286258550524
162	0.106961471103328
162	0.107156961692044
162	0.106249181186951
162	0.107147552478198
162	0.106748302941568
162	0.107045474536019
162	0.106979778212655
162	0.106339557099436
162	0.106406080347448
162	0.106894119721414
162	0.106077107384012
162	0.10667713376074
162	0.106387579466332
162	0.106824146981627
162	0.106233576013441
162	0.106354311543811
162	0.106671299513551
162	0.106509385224729
162	0.10660542432196
162	0.10664435735987
162	0.106537741190818
162	0.107016702280755
162	0.107036025490961
162	0.106187000347584
162	0.106700829461067
162	0.106206180212932
162	0.107230285014863
162	0.107183831965405
162	0.106469002695418
162	0.10702806011641
162	0.106879129420909
162	0.105917237169145
162	0.106009365244537
162	0.105668421281594
162	0.107159956474429
162	0.106503174950734
162	0.106423777564717
162	0.106858674969728
162	0.106447556692538
162	0.107231040564374
162	0.106474820143885
162	0.106088240402988
162	0.107257040248763
162	0.106561998525394
162	0.106360792492179
162	0.107028262493956
162	0.107083002557996
162	0.10681828159986
162	0.107035928143713
162	0.106580891941233
162	0.106751348529668
162	0.106994612735141
162	0.106514275781148
162	0.106680003479168
162	0.106867554309741
162	0.1071835304424
162	0.106553819444444
162	0.106267148643352
162	0.106900328587076
162	0.107479710462821
162	0.106092572658773
162	0.106356061597522
162	0.106943475226797
162	0.106627367691041
162	0.10719131614654
162	0.106784195062053
162	0.106164980816184
162	0.10642666783171
162	0.107621736062103
162	0.106218516588501
162	0.107021369385085
162	0.106785652698741
162	0.106285019328498
162	0.106919065772753
162	0.10718492343934
162	0.106518351800554
162	0.106043428970088
162	0.106955352106565
162	0.106421779340888
162	0.106895500283138
162	0.106362565958746
162	0.106839653445949
163	0.106334056399132
163	0.106458913649025
163	0.106026736795968
163	0.106332970620239
163	0.106662604987162
163	0.107336956521739
163	0.106835376989303
163	0.10649497542089
163	0.106854130052724
163	0.106755520710832
163	0.106139438085328
163	0.106973712796003
163	0.106760795183854
163	0.106798634222241
163	0.106397684565208
163	0.106004122626201
163	0.105984327802828
163	0.106586092135225
163	0.106934655877491
163	0.107328584538741
163	0.106916876137644
163	0.106548472602442
163	0.106511708888309
163	0.106233877901978
163	0.106061923812837
163	0.106366426070796
163	0.106748949579832
163	0.106046312178388
163	0.106977348520941
163	0.106893106893107
163	0.106261859582543
163	0.106779734348635
163	0.107279860505667
163	0.10656267505494
163	0.107059231636458
163	0.106123508043591
163	0.106640625
163	0.106184766669542
163	0.106358934237406
163	0.106685881479541
163	0.106537110137509
163	0.106704397039617
163	0.105660866185932
163	0.106975939068721
163	0.106397896581946
163	0.106209500922628
163	0.106773324058777
163	0.105806007993468
163	0.10633769167282
163	0.106578210485504
163	0.10663227386001
163	0.106631483323961
163	0.107261883880021
163	0.107045951859956
163	0.106213030525452
163	0.106361699352089
163	0.106483300589391
163	0.106228373702422
163	0.106283740012956
163	0.106407817364234
163	0.107107063488605
163	0.106988330929592
163	0.105667085808438
163	0.106588132635253
163	0.106953958206885
163	0.107133524954272
163	0.106083567871834
163	0.106611749403859
163	0.106489547038328
163	0.106174994545058
163	0.105792141402764
163	0.106387588836887
163	0.106578032672923
163	0.106214591532241
163	0.106393129770992
163	0.106227742551898
163	0.106480878586622
163	0.106881918011988
163	0.107473559485672
163	0.106512213111198
163	0.106333174389874
163	0.106756463176189
163	0.106277271352659
163	0.107273519163763
163	0.105492020698352
163	0.107107063488605
163	0.106351550960118
163	0.106492718446602
163	0.105717883037381
163	0.107012829403606
163	0.105830602035536
163	0.107021812809594
163	0.106571097471995
163	0.10707540954807
163	0.106174994545058
163	0.10708938793483
163	0.106349689252032
163	0.106128808864266
163	0.106572708686763
163	0.106458699472759
164	0.107019913721731
164	0.10623735525806
164	0.106429963195497
164	0.106200498840415
164	0.105909838193303
164	0.106568452251231
164	0.106944203024509
164	0.106824409551564
164	0.107867740941311
164	0.107218545910644
164	0.106699751861042
164	0.10585299654161
164	0.106237267565342
164	0.106396726254577
164	0.106768925847731
164	0.105957964217474
164	0.105926914302931
164	0.105995948101211
164	0.107243195785777
164	0.106878169288779
164	0.106018558667939
164	0.106345067362017
164	0.106244012888618
164	0.106085597708134
164	0.106365449657445
164	0.106195075263204
164	0.106355213362913
164	0.106555598941386
164	0.106506567254757
164	0.106232541899441
164	0.106269046582499
164	0.105971514438782
164	0.107286212914485
164	0.106134118870213
164	0.106427634455619
164	0.106596578913353
164	0.106921778277997
164	0.107396500952711
164	0.106027753686036
164	0.106784686491672
164	0.106217391304348
164	0.106415456408914
164	0.106871224303533
164	0.105818497611811
164	0.106517168885774
164	0.105606427090532
164	0.106084379358438
164	0.106634761801175
164	0.106465684792467
164	0.106685261047677
164	0.106841693471268
164	0.106799913100152
164	0.10727438152593
164	0.106768804639488
164	0.106898641045616
164	0.107244192232665
164	0.10627684032447
164	0.106780845858092
164	0.106102963313406
164	0.10808787918813
164	0.106067824505176
164	0.105916568997699
164	0.105819877385373
164	0.106926930385213
164	0.106811416564525
164	0.105925447101918
164	0.106781857451404
164	0.106025668914509
164	0.106079646401179
164	0.106426311912294
164	0.106410031567871
164	0.106760944524464
164	0.105780471963628
164	0.106400485016456
164	0.106947662979319
164	0.106436831769583
164	0.1067295515088
164	0.106129718927842
164	0.106724324324324
164	0.106395877538648
164	0.106637837837838
164	0.106421700320652
164	0.10655808341951
164	0.10644073733526
164	0.106345961463181
164	0.106419721106938
164	0.106572708686763
164	0.105931654210049
164	0.106560222145089
164	0.106512714063311
164	0.106717132167406
164	0.105542043085476
164	0.106344488952061
164	0.106711817313537
164	0.106880514625983
164	0.10655273139469
164	0.107697693755197
164	0.105938448201127
164	0.106847286348985
164	0.106918790856842
165	0.10665451230629
165	0.105621658906708
165	0.106415257910707
165	0.106911400113088
165	0.106833872236302
165	0.105786266799188
165	0.10665267943002
165	0.106007525626054
165	0.106082220204902
165	0.105983574501369
165	0.106546021300545
165	0.106575865359591
165	0.106126345019091
165	0.106637837837838
165	0.106351615001084
165	0.106221547799697
165	0.106569406077348
165	0.106019417475728
165	0.106433054393305
165	0.106480086114101
165	0.105928716816076
165	0.106370009143554
165	0.106197378699766
165	0.105950779113677
165	0.105727253079749
165	0.106417369271766
165	0.106475314742405
165	0.105951915134125
165	0.10666782201811
165	0.106404111067928
165	0.106291419227128
165	0.106873210101536
165	0.10597647881782
165	0.105938242280285
165	0.10667939759559
165	0.106418556789435
165	0.106216157678146
165	0.106186599329531
165	0.10616873166674
165	0.106290392072383
165	0.106028384184714
165	0.106756463176189
165	0.106082220204902
165	0.10624891361029
165	0.10647271475297
165	0.106652221018418
165	0.106020545273287
165	0.107244848644611
165	0.106185522510467
165	0.106761410697938
165	0.106294793195752
165	0.106712340646952
165	0.106684526638724
165	0.10656233788691
165	0.106846337752662
165	0.10596460563688
165	0.107411105804715
165	0.10592008321054
165	0.106596767147226
165	0.106526796295483
165	0.106363675638312
165	0.106851478199842
165	0.106876193783643
165	0.106208155812538
165	0.106475824751265
165	0.106907248023068
165	0.106759400130406
165	0.1068255687974
165	0.10631874056502
165	0.105986984815618
165	0.107548401131173
165	0.107199228340933
165	0.106325301204819
165	0.105891446238406
165	0.106628492104807
165	0.106640539952101
165	0.106274780210309
165	0.10642249384529
165	0.105614278287992
165	0.106028198524597
165	0.106405137996876
165	0.106809943034697
165	0.107228443205089
165	0.106959324100688
165	0.105547862212221
165	0.106504990369462
165	0.107006092254134
165	0.106182038729801
165	0.106454824884194
165	0.106439917127072
165	0.107196008053926
165	0.106881985391182
165	0.106682909850331
165	0.106115889149509
165	0.106814718049205
165	0.106740099659061
165	0.10732538330494
165	0.107033905691624
165	0.106073085092548
165	0.106003385857534
166	0.106141868512111
166	0.10591186264758
166	0.106108217468038
166	0.106443558631565
166	0.10682505399568
166	0.107099671791328
166	0.106252999956364
166	0.10625539257981
166	0.106515801794772
166	0.106262104583602
166	0.10636446687258
166	0.106753812636166
166	0.106334841628959
166	0.106746704945844
166	0.106224569301359
166	0.10658076790038
166	0.107029241295158
166	0.106358983256702
166	0.106086806155974
166	0.106729644234519
166	0.106475824751265
166	0.106818771065595
166	0.106042243767313
166	0.105903755360159
166	0.106215817345256
166	0.106451332812364
166	0.107172193160693
166	0.106880514625983
166	0.106378359602275
166	0.105959688302642
166	0.106128421415046
166	0.106097667511138
166	0.105351893480892
166	0.106686864315083
166	0.106332703213611
166	0.106785172339042
166	0.106257531416767
166	0.106880514625983
166	0.106194690265487
166	0.106883506544332
166	0.106194303686878
166	0.106142826134144
166	0.106382063089039
166	0.106520504869634
166	0.106779218518841
166	0.106571627260083
166	0.106867569568436
166	0.106975736568458
166	0.106679274477779
166	0.106043624450384
166	0.107164515290652
166	0.106204993316373
166	0.106542461005199
166	0.10657547292325
166	0.106551009839461
166	0.107226410189758
166	0.106160520607375
166	0.106050776350504
166	0.106889081455806
166	0.106480283027008
166	0.106626113404302
166	0.105904282989423
166	0.106725401256106
166	0.106078253742289
166	0.106290015573629
166	0.106754943961227
166	0.106713903050203
166	0.106131770586461
166	0.106845837345706
166	0.106392199349946
166	0.106354134779376
166	0.106618438616888
166	0.106090885394039
166	0.106727430555556
166	0.106258596973865
166	0.107130419641302
166	0.105993172881649
166	0.105585772252439
166	0.107263586720985
166	0.106775823027347
166	0.106364504645307
166	0.106072418572419
166	0.105467068445975
166	0.10626798012379
166	0.106945165196333
166	0.106631989596879
166	0.106157389301699
166	0.106346187100121
166	0.107032709265453
166	0.10582511732036
166	0.106436177091865
166	0.106572931941689
166	0.106421309998713
166	0.106399583766909
166	0.107096325892469
166	0.106470818304289
166	0.106328230624973
166	0.10594706977953
166	0.106601614783472
166	0.105902177670239
167	0.107167801641348
167	0.106717999740451
167	0.106120349734271
167	0.106835376989303
167	0.106283708586594
167	0.106905969566914
167	0.106355213362913
167	0.105944925795659
167	0.106578778410307
167	0.106276439609773
167	0.106333476949591
167	0.105864962392939
167	0.1060494840019
167	0.106203582350371
167	0.106180597400362
167	0.106808326105811
167	0.10676802142271
167	0.106255430060817
167	0.106090034097285
167	0.106412538531672
167	0.106284377842263
167	0.106599426136858
167	0.106633442172195
167	0.106351931330472
167	0.106125264020001
167	0.106306695464363
167	0.105785052394561
167	0.106812154936313
167	0.10622363777223
167	0.106701366297983
167	0.106219848380427
167	0.106203495414432
167	0.105780046724929
167	0.10686061658706
167	0.106649395509499
167	0.10656946975614
167	0.106427955133736
167	0.106042884990253
167	0.106532924034762
167	0.106233653007847
167	0.106569719915674
167	0.106582936336076
167	0.106682804530129
167	0.105940594059406
167	0.106777686699167
167	0.106580891941233
167	0.106166753156893
167	0.105631067961165
167	0.107335069444444
167	0.106480878586622
167	0.106514503090823
167	0.106606021225904
167	0.106715931319278
167	0.106839826839827
167	0.107020212997175
167	0.106843152521844
167	0.107596858865894
167	0.106147417395425
167	0.10678391959799
167	0.107252652089197
167	0.106082704186685
167	0.106033775320693
167	0.106122979590068
167	0.106476066709985
167	0.106386694023661
167	0.105476498490729
167	0.106591500433651
167	0.105906843611762
167	0.106113537117904
167	0.106455805892548
167	0.106406781119573
167	0.106538992408558
167	0.106155832974602
167	0.10636446687258
167	0.106604017587723
167	0.106240777710268
167	0.106440856440856
167	0.105989189189189
167	0.106660294564887
167	0.106828289875294
167	0.106563773519466
167	0.106410701876303
167	0.106171344548718
167	0.105493268689667
167	0.106124581029905
167	0.106130549204021
167	0.105906575730279
167	0.106781599085232
167	0.106359225385375
167	0.106510677162615
167	0.106018678657904
167	0.10651142733937
167	0.106013343731046
167	0.105512285382331
167	0.10649227315894
167	0.106707053223713
167	0.105912285997671
167	0.107153795668344
167	0.107136685674788
167	0.10626079447323
168	0.106161260909209
168	0.1070406659152
168	0.106668986818637
168	0.106190476190476
168	0.1071521909574
168	0.10640500323485
168	0.106815344211478
168	0.105695957291084
168	0.105943040443886
168	0.106431786703601
168	0.106172732021591
168	0.10649920426685
168	0.106705590170363
168	0.106460418562329
168	0.106052145526395
168	0.106472267889591
168	0.106272077194796
168	0.106144531753188
168	0.10602263890089
168	0.106811279826464
168	0.106263164682113
168	0.106446195581966
168	0.105775832475112
168	0.106205458021902
168	0.106421543241844
168	0.106713013252227
168	0.106514197610176
168	0.105902702702703
168	0.106218170924808
168	0.107172264355363
168	0.105702963473467
168	0.106629858085666
168	0.106288903198111
168	0.106445864302169
168	0.106469645101183
168	0.106067763129643
168	0.10665117879883
168	0.106420518116878
168	0.106425012884384
168	0.105764649833254
168	0.106208024797658
168	0.106747143780987
168	0.107229019472687
168	0.106801160223386
168	0.106659774274145
168	0.10653784498072
168	0.105737704918033
168	0.106211821388626
168	0.106572931941689
168	0.106195071514734
168	0.106486088875427
168	0.106777075615603
168	0.105831903945111
168	0.10644438700784
168	0.106516020526974
168	0.106128614587829
168	0.106891032573431
168	0.106573317775185
168	0.106838899209401
168	0.106292921003758
168	0.106312292358804
168	0.106378397002455
168	0.105959979299638
168	0.106784027479605
168	0.105929294662777
168	0.106099166301009
168	0.106124898204106
168	0.106404240528328
168	0.105794424638117
168	0.106153447829464
168	0.105535437144335
168	0.106568652738372
168	0.106032432432432
168	0.106413240237911
168	0.106278528981139
168	0.106718513717866
168	0.106610359389813
168	0.106567319355398
168	0.10718651763884
168	0.105575888051668
168	0.106023992405282
168	0.106682196626548
168	0.106517530651753
168	0.10580589254766
168	0.105564401600895
168	0.106291233668233
168	0.106171229900043
168	0.106001727115717
168	0.106649282920469
168	0.106236262552256
168	0.106048195887399
168	0.10612138123474
168	0.10606582801999
168	0.106521645301912
168	0.106286009115143
168	0.106920145504937
168	0.106097037355088
168	0.106625392321252
168	0.10566642136704
168	0.106899987005674
169	0.106196608993539
169	0.106422654928661
169	0.106739872897843
169	0.106335135135135
169	0.106120689655172
169	0.106518010291595
169	0.106511950121233
169	0.106643658326143
169	0.106043035691277
169	0.106349206349206
169	0.106891337221862
169	0.106827519888102
169	0.106553819444444
169	0.106371095931606
169	0.106261694443236
169	0.106448442374258
169	0.10667939759559
169	0.105761777624666
169	0.106449673651666
169	0.106413363337372
169	0.106938421509107
169	0.106799050291388
169	0.105461554936817
169	0.106239027105725
169	0.106181755652996
169	0.105622247171604
169	0.106412478336222
169	0.105951915134125
169	0.106990881458967
169	0.106279986291981
169	0.106750527721535
169	0.106591744110655
169	0.107008354616683
169	0.106527279796104
169	0.106618282357007
169	0.106316879530549
169	0.105982686208965
169	0.106371071889798
169	0.105880331600876
169	0.106381115052774
169	0.106238951407752
169	0.105629539951574
169	0.1069001118472
169	0.106166889013212
169	0.106551724137931
169	0.107056590752243
169	0.106245420456015
169	0.105726682991794
169	0.106595257634
169	0.10688650106582
169	0.106290672451193
169	0.105379036435849
169	0.106378387709304
169	0.106307309966578
169	0.106741818499585
169	0.106659774274145
169	0.105755550765251
169	0.106154247910864
169	0.106872540115047
169	0.106169235392607
169	0.106769825918762
169	0.106364617044229
169	0.106444262929367
169	0.106212337971995
169	0.106125970664366
169	0.106311721769
169	0.106653959452435
169	0.106330215357842
169	0.107081248921856
169	0.106621918161869
169	0.106406781119573
169	0.105595433710975
169	0.106607512060648
169	0.106178608515057
169	0.10651321177637
169	0.106885473647651
169	0.106599202435573
169	0.106228833540532
169	0.106353350739774
169	0.105735382501932
169	0.105858568479009
169	0.106315428179166
169	0.106097245012523
169	0.106283307546845
169	0.105939143177312
169	0.106309383072814
169	0.106698999696878
169	0.105788251483616
169	0.105997150382108
169	0.106609716110104
169	0.106543515025368
169	0.10644123783032
169	0.106495176848875
169	0.106062573023497
169	0.105906313645621
169	0.106449808528032
169	0.106416005519145
169	0.106194309328053
169	0.106127008679213
169	0.10595340811044
170	0.106700498881817
170	0.105445969125214
170	0.106816915891855
170	0.107321490169024
170	0.105605303943516
170	0.105955409892622
170	0.10644076564925
170	0.106261533839749
170	0.10563046568733
170	0.106375591337182
170	0.105791406850602
170	0.106060606060606
170	0.105622678563805
170	0.106282699874605
170	0.107030067056024
170	0.106446452505513
170	0.106892548480028
170	0.106145251396648
170	0.105859626529298
170	0.106371047750507
170	0.106014358797988
170	0.106385717964123
170	0.106918238993711
170	0.105997931747673
170	0.106565874730022
170	0.105722141077412
170	0.105491391524623
170	0.106236763625362
170	0.106057339943953
170	0.105940594059406
170	0.10599276734975
170	0.106487253342505
170	0.105981203170341
170	0.105760110373372
170	0.105208826186073
170	0.105472293007386
170	0.106153447829464
170	0.106219517458673
170	0.106994639460488
170	0.106786859668891
170	0.106190150478796
170	0.106144531753188
170	0.107203704512691
170	0.106498897392658
170	0.107190498730582
170	0.105955708449796
170	0.106069078239924
170	0.106056027970821
170	0.10782768584187
170	0.106471994535519
170	0.106507601533227
170	0.106580488439682
170	0.106326698755475
170	0.106261041927005
170	0.105926696126852
170	0.10612401776563
170	0.10632134209616
170	0.106472086697466
170	0.10649896978022
170	0.105811190321884
170	0.10643330179754
170	0.10635065329687
170	0.106526959179219
170	0.106337086406971
170	0.106887434441507
170	0.106853703944235
170	0.10604893908282
170	0.106738428417653
170	0.106367332814257
170	0.105905613341356
170	0.105794424638117
170	0.10676802142271
170	0.106345298259254
170	0.105816038944402
170	0.106377485153628
170	0.106124898204106
170	0.105903228598632
170	0.106158937551038
170	0.106261859582543
170	0.105861919235779
170	0.106186279592189
170	0.106173691703697
170	0.105878278936889
170	0.1060671071827
170	0.106216496628048
170	0.106724324324324
170	0.105762624527654
170	0.106724830475532
170	0.106054100472306
170	0.106055393084466
170	0.105607557635639
170	0.10621337469838
170	0.106279778512255
170	0.106524749048114
170	0.106229790903212
170	0.106378378378378
170	0.106372907612204
170	0.106396698478205
170	0.106215032311229
170	0.10598546387345
171	0.105906664370587
171	0.106767567567568
171	0.105883364871839
171	0.106031964255027
171	0.106267379679144
171	0.106284340659341
171	0.105755084379057
171	0.105858304701431
171	0.106117889671765
171	0.107064160725859
171	0.106032432432432
171	0.106217727136944
171	0.105912176677838
171	0.107256068435451
171	0.106060606060606
171	0.106198116048002
171	0.105989392436721
171	0.106319862424764
171	0.106403134823236
171	0.105778775193129
171	0.106957199792064
171	0.105849225649558
171	0.106492599222809
171	0.10658939686628
171	0.106699646040343
171	0.106626741309725
171	0.106927579278414
171	0.10686759956943
171	0.106721240844464
171	0.107058720879504
171	0.106208024797658
171	0.106324315009478
171	0.106371071889798
171	0.106533785815542
171	0.106513442819776
171	0.105671101924816
171	0.106217838765009
171	0.105513102793248
171	0.106512213111198
171	0.10608020698577
171	0.106511927788524
171	0.106047441133026
171	0.106287683031869
171	0.105933839618999
171	0.106027314635302
171	0.105506370114446
171	0.106099656357388
171	0.105540106951872
171	0.105919807262089
171	0.106682700566913
171	0.105838316912619
171	0.106269146136256
171	0.106524633821571
171	0.105864171031167
171	0.106701030927835
171	0.106611180230812
171	0.10702875399361
171	0.106319128869073
171	0.106240777710268
171	0.106883116883117
171	0.105716995774769
171	0.106326813224857
171	0.106137996710242
171	0.106827101393022
171	0.106056689928491
171	0.105975100159393
171	0.106277271352659
171	0.105849941887994
171	0.106648970330094
171	0.106229929351317
171	0.106808326105811
171	0.106178272499784
171	0.105864531486691
171	0.106812411240694
171	0.106058013177034
171	0.106370140505129
171	0.106410201731565
171	0.106495953410697
171	0.106039175346106
171	0.106262922122674
171	0.105652787881381
171	0.106275433711716
171	0.106529802467006
171	0.106301581843191
171	0.105846127528546
171	0.10620581985342
171	0.105914718019257
171	0.106056027970821
171	0.10644510283825
171	0.105996495277172
171	0.106124397760319
171	0.105872728838371
171	0.106386656295912
171	0.106034482758621
171	0.106033299004463
171	0.10597136838485
171	0.105822828230855
171	0.105584454666609
171	0.106861011686576
171	0.106801525736082
172	0.106682752380542
172	0.105815347721823
172	0.106625524985
172	0.106565547128927
172	0.10614404023761
172	0.106992490993533
172	0.10613684255795
172	0.106332601489517
172	0.106706395474371
172	0.106987370145265
172	0.106230236731903
172	0.106148867313916
172	0.10682518332104
172	0.107101330692046
172	0.105730462383117
172	0.106223779248302
172	0.106890227927692
172	0.105945807114421
172	0.106108082585741
172	0.107248135945899
172	0.106657963446475
172	0.106502290141689
172	0.105648894222527
172	0.106750119528839
172	0.105916727538349
172	0.106137059559236
172	0.10650406504065
172	0.105936230882226
172	0.106849077842237
172	0.105779902672245
172	0.10673940122847
172	0.107022253008919
172	0.105886916048957
172	0.105635008992036
172	0.106414868105516
172	0.106631822465941
172	0.10679820782354
172	0.105826243877288
172	0.106378415476344
172	0.106017191977077
172	0.105951462138753
172	0.105832729751608
172	0.106288981288981
172	0.106530682207748
172	0.106181348266207
172	0.105568944740919
172	0.106075049831008
172	0.1068151176445
172	0.105968226706741
172	0.106465830801489
172	0.105737458696305
172	0.106361999485553
172	0.106509385224729
172	0.105936033748009
172	0.106656906648295
172	0.106591320852385
172	0.106370218052521
172	0.10625
172	0.106006006006006
172	0.10530407740152
172	0.105947323704333
172	0.106141637194859
172	0.106482675608288
172	0.105913655480216
172	0.106359225385375
172	0.106674125392659
172	0.105965665236051
172	0.106542539436255
172	0.106231990021935
172	0.107228027576638
172	0.10624973005658
172	0.106004928450997
172	0.105965092842746
172	0.106089867387666
172	0.10646436860655
172	0.106226164459871
172	0.107065640404739
172	0.107169157461555
172	0.105799542255042
172	0.106483080110497
172	0.105936386659227
172	0.105931294763477
172	0.106857566895107
172	0.105829137151148
172	0.106340168671604
172	0.106200812937819
172	0.105858969927411
172	0.105967388030805
172	0.105993364643026
172	0.106643583639905
172	0.10600661199605
172	0.106258036862409
172	0.10580850423492
172	0.10562800571899
172	0.106017683921367
172	0.106694469785829
172	0.106656320055182
172	0.106148391560014
172	0.105946038838288
172	0.106359080698116
173	0.106714628297362
173	0.106142125425042
173	0.106365591397849
173	0.106119652263286
173	0.106723448186863
173	0.105765510125113
173	0.106102843418965
173	0.105727440939799
173	0.105708336948035
173	0.106374840628984
173	0.106027502891659
173	0.106237148732008
173	0.106108082585741
173	0.105946130533146
173	0.106098293164079
173	0.105941824101444
173	0.105811709200086
173	0.106339995701698
173	0.105754745405243
173	0.106551351351351
173	0.106461591338718
173	0.106120157215048
173	0.106409485350975
173	0.106496639669137
173	0.106553125270165
173	0.106291419227128
173	0.105378657487091
173	0.106500513874615
173	0.106602033374802
173	0.106205353300628
173	0.106431490643149
173	0.106082518077414
173	0.106622402345434
173	0.106176445322567
173	0.106415126921084
173	0.106402972961428
173	0.106356495986952
173	0.106176445322567
173	0.1060963576301
173	0.106918238993711
173	0.105928752089853
173	0.106236356632282
173	0.106677594685532
173	0.105847167439643
173	0.106093159161224
173	0.106793211064084
173	0.106652815651647
173	0.106030540936934
173	0.106809021524741
173	0.106590479463825
173	0.10657889075341
173	0.106202723146747
173	0.105620279093586
173	0.10614762816422
173	0.106206896551724
173	0.106100682593857
173	0.106219396959024
173	0.106588730820475
173	0.105930927702034
173	0.106114177302518
173	0.106574897400821
173	0.10721408133183
173	0.106780173717644
173	0.106042399794009
173	0.105737599863289
173	0.106635682933127
173	0.10699357952342
173	0.106663234221479
173	0.10595630050883
173	0.106536904659375
173	0.106011163589523
173	0.106107948465522
173	0.105948669769825
173	0.106322458302806
173	0.105671207059025
173	0.106081370449679
173	0.105804963478707
173	0.106101024008261
173	0.106705087953206
173	0.106210698595917
173	0.106950952155784
173	0.105978727054383
173	0.106735258516341
173	0.106006606397775
173	0.106459123835805
173	0.10630139320864
173	0.106399416283961
173	0.106031337196823
173	0.106168803234965
173	0.106282271944923
173	0.105898008241758
173	0.106028125535929
173	0.105910064239829
173	0.106386641418489
173	0.105546534484232
173	0.106040498309003
173	0.106537737463632
173	0.106551724137931
173	0.106043815531498
173	0.105911754567391
174	0.106209220930735
174	0.10632715385608
174	0.106392180607214
174	0.106697618433497
174	0.106159217275117
174	0.106826584128622
174	0.106111111111111
174	0.106697618433497
174	0.105731561914495
174	0.10612663419636
174	0.106340254635564
174	0.106113480677265
174	0.105815797368534
174	0.106351108448173
174	0.1060625618519
174	0.106395799259706
174	0.106544310887079
174	0.106237060041408
174	0.10595630050883
174	0.105944798301486
174	0.105981067125645
174	0.105581335944485
174	0.106499742754245
174	0.106310160427807
174	0.106550634281508
174	0.106230236731903
174	0.106371047750507
174	0.106356442456563
174	0.105700055340343
174	0.106135417113907
174	0.106346483704974
174	0.105923523386821
174	0.105972696245734
174	0.106324551617609
174	0.106138767087955
174	0.106674101398301
174	0.106110154905336
174	0.10547528191056
174	0.106401198886748
174	0.106595289079229
174	0.106586723029806
174	0.106049609358323
174	0.105653223026543
174	0.106373852620743
174	0.106741331035968
174	0.106342088404869
174	0.106134413932836
174	0.106400378771575
174	0.106378415476344
174	0.106465997770346
174	0.106680431883684
174	0.106167889438662
174	0.106267965163671
174	0.105814898806213
174	0.10567296996663
174	0.106066435808644
174	0.105861244019139
174	0.106428910668797
174	0.105985251243354
174	0.106172839506173
174	0.106489827453
174	0.107053005985946
174	0.106600731025586
174	0.106452164983741
174	0.1065390886467
174	0.106498194945848
174	0.105481404690942
174	0.105983490868654
174	0.106459483754976
174	0.106057349211126
174	0.106512686214743
174	0.106113330755682
174	0.107008517445631
174	0.10607696626787
174	0.106243856575067
174	0.106311865278313
174	0.105613092954865
174	0.106693572624619
174	0.105766766339171
174	0.106418485237484
174	0.106443056387439
174	0.105349509952075
174	0.10607678182517
174	0.106200386183222
174	0.106578101564174
174	0.10620767007463
174	0.10648128342246
174	0.106608424876741
174	0.106018299755144
174	0.106576642023845
174	0.10612733569932
174	0.10577660390219
174	0.106154109882575
174	0.106419352081374
174	0.105150214592275
174	0.106088442640461
174	0.106403134823236
174	0.105448911078592
174	0.106192043075082
174	0.106548566023133
175	0.106357284568274
175	0.105658296572786
175	0.106795280337611
175	0.105711594451105
175	0.106052745352356
175	0.106084576901698
175	0.106830577439183
175	0.106056053907893
175	0.107022979602375
175	0.105760556724945
175	0.106131673204844
175	0.105640761266486
175	0.106249733736634
175	0.106169786381273
175	0.106242679276387
175	0.106259659969088
175	0.106326399313747
175	0.1061572033717
175	0.106214834858051
175	0.106049609358323
175	0.105310569663693
175	0.106027070741466
175	0.105604188122211
175	0.105730634554616
175	0.106196198755646
175	0.106732135934875
175	0.106073567151411
175	0.106200331477625
175	0.105613945142271
175	0.106892246760515
175	0.106091718001369
175	0.106202645434699
175	0.105846947549441
175	0.105752419939448
175	0.10598546387345
175	0.106398459233897
175	0.106097140888736
175	0.105899565385774
175	0.106061258777409
175	0.106235073353804
175	0.106144049565442
175	0.105144833549503
175	0.105843628435857
175	0.106645528942971
175	0.106087179706549
175	0.106206837386866
175	0.106316688006829
175	0.105594855305466
175	0.106076122205154
175	0.10628102002396
175	0.105851610692255
175	0.105766777239092
175	0.106598984771574
175	0.106459483754976
175	0.106891337221862
175	0.106367490258211
175	0.106153184165232
175	0.105671311091227
175	0.105815797368534
175	0.106268196609008
175	0.106030086144088
175	0.10607422627456
175	0.105881347969077
175	0.105967914438503
175	0.106456339970692
175	0.106523999306879
175	0.105979895179998
175	0.106418556789435
175	0.106817008090893
175	0.106508622534126
175	0.10524960295317
175	0.10618587939916
175	0.106364579730197
175	0.10618632045054
175	0.105642820556599
175	0.105874345995151
175	0.106062545330432
175	0.106160120197467
175	0.106213284164487
175	0.106206837386866
175	0.106478897428191
175	0.10627147766323
175	0.105868863597758
175	0.106404025633306
175	0.106910039113429
175	0.107118175535591
175	0.107084374730673
175	0.106505838573078
175	0.105704697986577
175	0.105874785591767
175	0.106551753708944
175	0.106573151434803
175	0.105775414826566
175	0.105891994478951
175	0.106699646040343
175	0.106026065637232
175	0.106459330143541
175	0.105515793082758
175	0.105806728090851
175	0.105911960416311
176	0.106357439876538
176	0.105819426615319
176	0.10568547521991
176	0.106243295430165
176	0.106561611986567
176	0.105831164953291
176	0.106208311954849
176	0.105935483870968
176	0.105115805548486
176	0.105787314070781
176	0.106668949576235
176	0.105770872460304
176	0.106051553431205
176	0.106463714371955
176	0.105788680869378
176	0.10585653427428
176	0.106518010291595
176	0.106789858186506
176	0.106299043780284
176	0.106071029323244
176	0.106112490368975
176	0.105914718019257
176	0.106215273291123
176	0.105907534246575
176	0.105793021073287
176	0.106723124783961
176	0.105793450881612
176	0.105869162102721
176	0.105944370633866
176	0.10553840877915
176	0.10652566417333
176	0.10615747693628
176	0.106361016730463
176	0.106268784886217
176	0.106496272630458
176	0.106104404012923
176	0.105465086537642
176	0.106929330293776
176	0.105891446238406
176	0.106032125768968
176	0.106238233784015
176	0.105817174515235
176	0.105992557423329
176	0.10668728256668
176	0.106077490142294
176	0.106417616313941
176	0.105673637298594
176	0.105871810190322
176	0.105771686388014
176	0.105673396371071
176	0.106924993556147
176	0.106474574826307
176	0.106524749048114
176	0.106337271750806
176	0.106024921851582
176	0.10668199821132
176	0.106740846163799
176	0.106112886048988
176	0.106474141994087
176	0.106382978723404
176	0.106305922454197
176	0.105468248190811
176	0.10572952512044
176	0.105906051774387
176	0.105667463298054
176	0.105924443119383
176	0.105911647276006
176	0.105802633271862
176	0.106493395093498
176	0.105998709954848
176	0.10554988083078
176	0.106374758531874
176	0.106808218000516
176	0.106465018636734
176	0.105578960806843
176	0.106748571674041
176	0.105692445659137
176	0.106347510151742
176	0.105803210286541
176	0.106428725005375
176	0.106070999828503
176	0.105849105078359
176	0.10627417275462
176	0.105312646920545
176	0.105865766651002
176	0.105916727538349
176	0.105810816597439
176	0.106130970133356
176	0.106138816603387
176	0.105956325941032
176	0.106653451693528
176	0.105749795725283
176	0.105763059940958
176	0.106144058750694
176	0.10642919200695
176	0.105886866447845
176	0.106383890317052
176	0.106394825887694
176	0.10651218881902
176	0.106681034482759
177	0.106120539322019
177	0.105836143961064
177	0.105904565739787
177	0.105556501021103
177	0.106091304910118
177	0.105806728090851
177	0.106199646719228
177	0.106579287746831
177	0.106384799726121
177	0.106474574826307
177	0.10671581022586
177	0.106708496282608
177	0.106349341992822
177	0.106054118855968
177	0.106034630550317
177	0.10520482544013
177	0.105680317040951
177	0.106247597898962
177	0.106094420600858
177	0.106164091180739
177	0.105853157624508
177	0.106298029450908
177	0.105669325285622
177	0.106201484261708
177	0.105655846661807
177	0.105692097627581
177	0.10537579181647
177	0.105934743512889
177	0.105707617228941
177	0.106202281890709
177	0.105981067125645
177	0.10647271475297
177	0.106139526940483
177	0.105765118467197
177	0.106074806168527
177	0.105893382196276
177	0.106128550074738
177	0.106548566023133
177	0.105855368503051
177	0.106419352081374
177	0.105483073249765
177	0.106034776679168
177	0.106654162581525
177	0.105784911166423
177	0.106206481561076
177	0.105577859400359
177	0.106148839599212
177	0.106041131105398
177	0.106106968926432
177	0.105830056419901
177	0.10634464415941
177	0.106046950774645
177	0.105982542048116
177	0.106510894128683
177	0.106281833616299
177	0.106815344211478
177	0.105782732649674
177	0.10600025697032
177	0.105899440386176
177	0.105918464398426
177	0.105821903265531
177	0.106189008731382
177	0.106339381003202
177	0.106310721348121
177	0.106074886470739
177	0.106565094581871
177	0.106356442456563
177	0.10633193385314
177	0.106061253257016
177	0.106416408340057
177	0.106259410625941
177	0.105699393317953
177	0.10606705241661
177	0.106041131105398
177	0.105596440184837
177	0.106274392074452
177	0.106141209516108
177	0.105914600197011
177	0.105996854944962
177	0.105781950074675
177	0.106090542049652
177	0.106249186868468
177	0.106287425149701
177	0.105958571306794
177	0.106201952146497
177	0.106141920095408
177	0.106165695076805
177	0.106504585199403
177	0.106374807987711
177	0.105882853013687
177	0.106156842818428
177	0.106252958643543
177	0.105883353894585
177	0.106388437526725
177	0.105628076182324
177	0.106004510830248
177	0.105631084616374
177	0.105573098916105
177	0.105772123608544
177	0.106282655792022
178	0.106385712450212
178	0.105940170940171
178	0.106292154016904
178	0.105860837019394
178	0.10609045742676
178	0.105609152224025
178	0.106227575602255
178	0.105713191815204
178	0.106027258105477
178	0.105798705722071
178	0.105815385922433
178	0.106528914991212
178	0.10642986777288
178	0.105733622781254
178	0.105604091199659
178	0.105664070811524
178	0.106596373923107
178	0.106005110732538
178	0.105958848440775
178	0.105554845035597
178	0.106184165817193
178	0.105182407091715
178	0.106182221842712
178	0.105544165385273
178	0.106599202435573
178	0.105931116998547
178	0.10669815371404
178	0.105507517996337
178	0.106198099477784
178	0.106179847761579
178	0.105902925872217
178	0.105985090521832
178	0.106455314266287
178	0.106311865278313
178	0.105462435122947
178	0.105636494924181
178	0.106136344048953
178	0.106233016304348
178	0.1057962379777
178	0.105631384668212
178	0.106322944722329
178	0.105751153648949
178	0.106382978723404
178	0.107041648776299
178	0.105204778156997
178	0.106392051511663
178	0.106007067137809
178	0.106355660175476
178	0.106219277623424
178	0.105211448099103
178	0.107040075598127
178	0.106217616580311
178	0.106109461179465
178	0.106300055676903
178	0.105942158998676
178	0.105364806866953
178	0.106398428156501
178	0.106275475543478
178	0.1062521499828
178	0.105656531340241
178	0.105972776847439
178	0.10588035350102
178	0.105974761782127
178	0.106548945654037
178	0.106093159161224
178	0.106587808668624
178	0.106432798331134
178	0.10629085660922
178	0.106294004693834
178	0.106113723813596
178	0.10638935250567
178	0.105886347239316
178	0.106350224502886
178	0.105829596412556
178	0.10663021189337
178	0.105748697360554
178	0.105874785591767
178	0.105825284030467
178	0.105843907821585
178	0.105844238884863
178	0.106382066778106
178	0.1059580086027
178	0.105859709153122
178	0.106131060018944
178	0.106203859603678
178	0.106363016035483
178	0.105744461617723
178	0.106687216371265
178	0.105721178700672
178	0.106024921851582
178	0.106019034553717
178	0.106382068611515
178	0.106011580381471
178	0.106292808219178
178	0.106238602145977
178	0.106343842238097
178	0.105317060681062
178	0.105905880350608
178	0.106226479644201
178	0.1062789500772
179	0.106109736325625
179	0.105710139979515
179	0.105761876434095
179	0.10591834133492
179	0.106320977073066
179	0.106431198152741
179	0.106117247238743
179	0.106031665181035
179	0.106020267949158
179	0.106291419227128
179	0.104848665446341
179	0.106547185182009
179	0.105897327110734
179	0.106209011157482
179	0.106098544327972
179	0.106245727956254
179	0.105823020850992
179	0.105238500851789
179	0.10550576184379
179	0.105929665440233
179	0.105968747331569
179	0.105963950849852
179	0.106808565200667
179	0.105887353878852
179	0.105712828360112
179	0.106168319782044
179	0.106359368331199
179	0.10622381807301
179	0.10631498210329
179	0.106489827453
179	0.105905965751377
179	0.105151037450471
179	0.105685874553799
179	0.105931481165843
179	0.106070342286767
179	0.106012457099275
179	0.106491611962071
179	0.106128550074738
179	0.105913541711207
179	0.106455459035939
179	0.106326739427012
179	0.105445921910731
179	0.105927129661307
179	0.10608643764385
179	0.106201881950385
179	0.105722186768773
179	0.10520482544013
179	0.106416475193601
179	0.10567296996663
179	0.106113723813596
179	0.105852199914566
179	0.105582887700535
179	0.106028928617144
179	0.105951824631463
179	0.106531848628354
179	0.105990387916238
179	0.105695905934478
179	0.105921278789962
179	0.106071029323244
179	0.105966465231083
179	0.106252135292108
179	0.106857093693539
179	0.106476305151802
179	0.105458264093059
179	0.106644024623222
179	0.105819654657855
179	0.106708613213162
179	0.105619324995717
179	0.106162345941351
179	0.105749574105622
179	0.106069660235616
179	0.105695627729966
179	0.1064438936843
179	0.105848153214774
179	0.1065187596368
179	0.106447351600119
179	0.106024302584289
179	0.106523605150215
179	0.105975723622782
179	0.10593220338983
179	0.106131368096319
179	0.106066419405721
179	0.106172733883732
179	0.10567472865567
179	0.105882352941176
179	0.105925672204145
179	0.106184115061244
179	0.105639802351338
179	0.105801034687473
179	0.106735306735307
179	0.106059963529961
179	0.105943042291951
179	0.105683798835183
179	0.106187929717341
179	0.106279986291981
179	0.106097975846232
179	0.106651818220756
179	0.105872267466781
179	0.106361192883655
179	0.106007520082037
180	0.10559666581611
180	0.105890810673658
180	0.106313142077667
180	0.105103695485192
180	0.106184513161257
180	0.105957446808511
180	0.105754010695187
180	0.105838170023899
180	0.106481481481481
180	0.106251333475571
180	0.105689333559437
180	0.105733622781254
180	0.106018656557482
180	0.105981739056233
180	0.105990391564984
180	0.105865339628259
180	0.106023891510437
180	0.105666156202144
180	0.105470237339764
180	0.105487389229721
180	0.106473776298383
180	0.105885387558574
180	0.105839570383526
180	0.105441744072613
180	0.106105638586957
180	0.105833829407263
180	0.106029017572225
180	0.105579216354344
180	0.106088873812754
180	0.104788252819749
180	0.1060108357152
180	0.105703194983577
180	0.106007514670494
180	0.10615548455804
180	0.106509635974304
180	0.106098758055567
180	0.106096629022671
180	0.105969576888662
180	0.106193553910029
180	0.105623848888508
180	0.105364229932147
180	0.106152863529913
180	0.105939961677667
180	0.105677897516718
180	0.105936540429887
180	0.106057358425858
180	0.105933479626522
180	0.105876805692486
180	0.106109461179465
180	0.105879837502673
180	0.105923374580091
180	0.106058681569923
180	0.106079272696376
180	0.105811333588403
180	0.106670660219931
180	0.105393200988328
180	0.105781057810578
180	0.10541238204054
180	0.106772057252724
180	0.106101247498616
180	0.105798705722071
180	0.106005556742894
180	0.105963361244528
180	0.106368448010927
180	0.105706625813864
180	0.106498503634032
180	0.106043862631758
180	0.105976874681177
180	0.106184513161257
180	0.105781584582441
180	0.105773731013062
180	0.10575698395177
180	0.106083844580777
180	0.106195067838553
180	0.105952683795472
180	0.106156748413651
180	0.105755791791961
180	0.106004510830248
180	0.105917538987396
180	0.105501672949049
180	0.106199208611667
180	0.106335994564294
180	0.105795807288345
180	0.106213965406791
180	0.10564523016483
180	0.10631045208573
180	0.106194311172036
180	0.106125386276087
180	0.105854423672051
180	0.105913013757156
180	0.106262833675565
180	0.106249466404849
180	0.105977108944468
180	0.105126236779256
180	0.105932383584946
180	0.105971797485559
180	0.106113425729105
180	0.105804368148211
180	0.105887335874629
180	0.105627816033325
181	0.105953754754883
181	0.10614548849843
181	0.105868814729574
181	0.106255612092188
181	0.10583458003847
181	0.105963633281058
181	0.105725936623906
181	0.105596935518195
181	0.105663746917255
181	0.105472721111488
181	0.105623909063817
181	0.105713308244954
181	0.106699012597889
181	0.105440580328568
181	0.105695880657739
181	0.10639656126314
181	0.105990783410138
181	0.106021331746909
181	0.106172839506173
181	0.105902925872217
181	0.105805243445693
181	0.106589644843817
181	0.105781005869685
181	0.105060016117403
181	0.106060606060606
181	0.105879369373177
181	0.105995489553636
181	0.106119847003825
181	0.105550847457627
181	0.105714892712981
181	0.105927342256214
181	0.10557346454021
181	0.105749486652977
181	0.1059580086027
181	0.10560703762224
181	0.10523401899408
181	0.106164383561644
181	0.105416025969588
181	0.105897894826558
181	0.106174313491387
181	0.105748396142244
181	0.105861320393309
181	0.106508624352111
181	0.106164677599382
181	0.106270739385689
181	0.106202607139814
181	0.10586740097437
181	0.106283479295978
181	0.1051781311113
181	0.10642107955999
181	0.105238540692236
181	0.105834464043419
181	0.106138597013656
181	0.105735682069611
181	0.106220707285897
181	0.105621877910422
181	0.106161461000171
181	0.105785194329743
181	0.106460301851298
181	0.105618837130228
181	0.105955766863353
181	0.106297872340426
181	0.105491391524623
181	0.10580710745902
181	0.105644920424969
181	0.106187505341424
181	0.106382070437567
181	0.105988431439265
181	0.105536257987049
181	0.105704198392105
181	0.10551140951005
181	0.105926430517711
181	0.105516917694244
181	0.106161904356343
181	0.105957446808511
181	0.105807984387595
181	0.106245727956254
181	0.105820557714481
181	0.105913841447872
181	0.105818754522624
181	0.105863749038379
181	0.105960264900662
181	0.105864853378666
181	0.105547125273984
181	0.106284737067123
181	0.10615548455804
181	0.105634401291748
181	0.105931665184809
181	0.106266218573191
181	0.105804805443334
181	0.105821010342764
181	0.106158833063209
181	0.106090959464643
181	0.106671225266037
181	0.106240904032189
181	0.105818754522624
181	0.10558583106267
181	0.106119485843618
181	0.106159728122345
181	0.105465450244974
182	0.105970655584768
182	0.106199965934253
182	0.105512744516894
182	0.106053455746707
182	0.105961112058673
182	0.105693467762433
182	0.105969517358171
182	0.1053884072752
182	0.106056092267098
182	0.105764750730654
182	0.105788423153693
182	0.106024708072432
182	0.106352056082756
182	0.106027258105477
182	0.106307222787386
182	0.105685193042003
182	0.105412984364378
182	0.106313142077667
182	0.106122275926397
182	0.105658444994453
182	0.105489544738299
182	0.105729122329105
182	0.105847204438754
182	0.105140877793267
182	0.105994713055342
182	0.105561189993239
182	0.105503423788993
182	0.105592175207314
182	0.105816071504215
182	0.106130464480874
182	0.105691750159881
182	0.105588484335309
182	0.106335034013605
182	0.10601097545412
182	0.106196581196581
182	0.10584934534943
182	0.105528276329157
182	0.105765964673913
182	0.106238024270811
182	0.105873883030534
182	0.105903292791457
182	0.105758983758899
182	0.105967865340474
182	0.105961945031712
182	0.105399659863946
182	0.105711849957374
182	0.105869399508766
182	0.106061890631624
182	0.105809746754629
182	0.106063843425495
182	0.106042451215337
182	0.105543029735823
182	0.106125567771788
182	0.106271998642975
182	0.105837865397689
182	0.105491145368837
182	0.105085758170492
182	0.105330654469286
182	0.106079931972789
182	0.106337818907331
182	0.106017070903406
182	0.105643994211288
182	0.106265642896534
182	0.105449786820887
182	0.106018774157924
182	0.106739167665696
182	0.105372690592482
182	0.105911225828291
182	0.105725936623906
182	0.106097199271217
182	0.105927180355631
182	0.106336860895066
182	0.106050887320932
182	0.105564024390244
182	0.106108082585741
182	0.105766370628479
182	0.106204085099155
182	0.105278728709691
182	0.105945899965975
182	0.106493285738569
182	0.105350388848753
182	0.105624493625005
182	0.1060129273686
182	0.105897381307217
182	0.105030026832489
182	0.106040778420364
182	0.106279367791542
182	0.10607468739439
182	0.105880852149509
182	0.105836476921121
182	0.1061572033717
182	0.10581586605373
182	0.105834464043419
182	0.1057346912902
182	0.105908820782749
182	0.105714892712981
182	0.105811148262581
182	0.106238524275161
182	0.105835215890201
182	0.106295017687423
183	0.105557912600764
183	0.105717321997875
183	0.105582421311614
183	0.106050305914344
183	0.10573812361655
183	0.106317934782609
183	0.106446967129787
183	0.105569374762848
183	0.105567115376449
183	0.105714892712981
183	0.105670862627879
183	0.10589589461568
183	0.105580054274084
183	0.105729674710548
183	0.106064483111566
183	0.105928416393582
183	0.105532310553231
183	0.105766777239092
183	0.105860914523033
183	0.105655897566353
183	0.1057492691607
183	0.106020831569142
183	0.105955766863353
183	0.105970403129784
183	0.105765575501584
183	0.10551996266282
183	0.106347722637661
183	0.105472048640432
183	0.106190537138956
183	0.105999232507568
183	0.105408388520971
183	0.105627779678413
183	0.105972616675851
183	0.105923908417738
183	0.106260647359455
183	0.106027070741466
183	0.105635893303931
183	0.106309897379357
183	0.106001791579576
183	0.105789272193628
183	0.105798836811495
183	0.106027258105477
183	0.105831991184199
183	0.106279168434451
183	0.106250532958131
183	0.106017925736236
183	0.105781421688784
183	0.106123662306778
183	0.106397536777284
183	0.105590324763194
183	0.106325764043025
183	0.1058868339752
183	0.106179655977915
183	0.105961106638987
183	0.105415408176288
183	0.105972045743329
183	0.105996262952268
183	0.105468088708312
183	0.106118791602663
183	0.105853472721886
183	0.105547290116897
183	0.105984931854736
183	0.106072186836518
183	0.106082518077414
183	0.105693828844187
183	0.10623241538068
183	0.106184165817193
183	0.106518215169354
183	0.105859224753195
183	0.10548594649509
183	0.10617662072486
183	0.106016094009452
183	0.10583458003847
183	0.10590924483576
183	0.106151426263657
183	0.105408740797481
183	0.105794631444397
183	0.106584940194952
183	0.105676893005864
183	0.105626057529611
183	0.106268072801497
183	0.106238024270811
183	0.106047065832589
183	0.105572219171138
183	0.106316102450835
183	0.105959142154785
183	0.10556450928832
183	0.10541346973572
183	0.106913938979574
183	0.106297036438624
183	0.10573812361655
183	0.106155752061173
183	0.105647248504391
183	0.106117776741425
183	0.106126961180322
183	0.105957464800643
183	0.105826598400542
183	0.10576517261754
183	0.10558637923002
183	0.105842362438921
184	0.105790363482671
184	0.10576311437174
184	0.106126263913672
184	0.105924824803568
184	0.106192447410661
184	0.10577939373441
184	0.105760671442499
184	0.105439295094468
184	0.105358420676011
184	0.106011252591057
184	0.105953796500764
184	0.105566870332654
184	0.106062539885131
184	0.106084509444421
184	0.106072840083294
184	0.106294712779918
184	0.105893382196276
184	0.105857865001487
184	0.106090874314617
184	0.105556027525274
184	0.10582145281738
184	0.105556023944018
184	0.106027873088491
184	0.106118791602663
184	0.105803495672832
184	0.106511390683441
184	0.106588154975252
184	0.106214977075904
184	0.105557423911216
184	0.105755334523506
184	0.105912269548633
184	0.105724447455331
184	0.106218715534063
184	0.105838488263706
184	0.105891855126679
184	0.105603448275862
184	0.106378461015798
184	0.105597205656841
184	0.105337018924091
184	0.105869932432432
184	0.10608371462464
184	0.105892327257312
184	0.105385821433112
184	0.105200895686341
184	0.105858911310836
184	0.105638890069264
184	0.105703842230534
184	0.105769638390775
184	0.105984138428262
184	0.106110005504509
184	0.105540001696785
184	0.106083779420512
184	0.105605095541401
184	0.105499103407053
184	0.105795690275602
184	0.105149028445087
184	0.10553965745526
184	0.105663889006387
184	0.105066462819043
184	0.105728745800196
184	0.106029810298103
184	0.10582145281738
184	0.106016094009452
184	0.106278333761013
184	0.105457634317265
184	0.10577451104634
184	0.105085318465957
184	0.106077301237498
184	0.105548266960091
184	0.105745565645421
184	0.106236249788458
184	0.105966728908505
184	0.10557047265908
184	0.105879358615424
184	0.105697311621148
184	0.105529346763568
184	0.106029981472124
184	0.10585336844788
184	0.105829520420268
184	0.10534969014797
184	0.105545692788909
184	0.105894317555829
184	0.106090959464643
184	0.105705477427256
184	0.10567415015066
184	0.105891820915752
184	0.105939547664342
184	0.10568590150074
184	0.10556986613741
184	0.105646630236794
184	0.105961955827908
184	0.106089539571398
184	0.105798144932447
184	0.105697595665425
184	0.105727430042629
184	0.106317084553052
184	0.105449637253248
184	0.105668033306564
184	0.10591558797487
184	0.105837704149077
185	0.106241473396999
185	0.106049004594181
185	0.106014749136792
185	0.105020122855327
185	0.105341435431097
185	0.106033604887984
185	0.10630055342699
185	0.10582078121011
185	0.105644787319253
185	0.105500106179656
185	0.106034152365541
185	0.105790787191743
185	0.105973188528763
185	0.105936692232722
185	0.105819432064179
185	0.106306767302034
185	0.106065107593056
185	0.105843439911797
185	0.106211494640898
185	0.105683836589698
185	0.106377551020408
185	0.10604777231916
185	0.105548726209148
185	0.105549235242068
185	0.105673488411508
185	0.105908300462315
185	0.10575005304477
185	0.105736735383576
185	0.105728369879313
185	0.106303712797934
185	0.105263157894737
185	0.105775360163189
185	0.10557929021615
185	0.105643932983584
185	0.105678300326534
185	0.106071504125238
185	0.105714406385944
185	0.105748788162259
185	0.105399329855368
185	0.106025419076975
185	0.105708603106089
185	0.106110143942932
185	0.106024607551973
185	0.105499153976311
185	0.105374613527593
185	0.105707175095963
185	0.105918608578183
185	0.106391137622497
185	0.105004657464646
185	0.106103725098755
185	0.105879358615424
185	0.105652673216792
185	0.106070314836174
185	0.105198387438999
185	0.105778648383937
185	0.106833204566916
185	0.106075421963352
185	0.10600601873437
185	0.106155939120823
185	0.105856906569405
185	0.106092794017675
185	0.10562693465632
185	0.10578918392411
185	0.105122777307367
185	0.106059322033898
185	0.105666610198204
185	0.105391846886725
185	0.105629936225029
185	0.105997210599721
185	0.105716955487598
185	0.105325644504749
185	0.105545692788909
185	0.105909764880322
185	0.106574423836
185	0.105724818848256
185	0.105479510107217
185	0.105572219171138
185	0.105844513098311
185	0.105867939673018
185	0.10600363344459
185	0.106049069373942
185	0.105681770106189
185	0.106304079110012
185	0.105540001696785
185	0.105701365115591
185	0.105594822447415
185	0.10585099631933
185	0.106083054650129
185	0.105997033269761
185	0.105733023059023
185	0.106244413229473
185	0.105826145780484
185	0.105486125820801
185	0.105615312949945
185	0.105834464043419
185	0.105240966395413
185	0.105865400915409
185	0.105551776908689
185	0.105385624233194
185	0.105314377591605
186	0.106016949152542
186	0.10548344818839
186	0.105392781316348
186	0.105551113168638
186	0.105792386666103
186	0.106242548117867
186	0.10563320265894
186	0.105878338025766
186	0.106209358663777
186	0.105535305586166
186	0.105757330032862
186	0.105669776670748
186	0.105028833107191
186	0.105710659898477
186	0.105992730961035
186	0.105531878982236
186	0.105421939160312
186	0.105469739174475
186	0.106376651514508
186	0.105952128786274
186	0.105247678668963
186	0.10554190322854
186	0.105890841184959
186	0.105850524179912
186	0.106022450808827
186	0.105902192242833
186	0.10550052687039
186	0.105676966648349
186	0.105836641608244
186	0.10625159696789
186	0.10599780052449
186	0.105738396624473
186	0.105952984948419
186	0.105984931854736
186	0.105457164647064
186	0.105893302872615
186	0.105504004067624
186	0.106029106029106
186	0.105701118033626
186	0.105817875210793
186	0.10588783858251
186	0.10636859231712
186	0.105448080260763
186	0.105083171493709
186	0.105601081355073
186	0.10626540848423
186	0.105559078418939
186	0.105967865340474
186	0.106299548205609
186	0.105776157986185
186	0.105652673216792
186	0.106057376699774
186	0.105867887730009
186	0.105817643325576
186	0.106165833827391
186	0.10585157996878
186	0.105915707515234
186	0.105345512983168
186	0.105701717282802
186	0.105283050562741
186	0.105629642133693
186	0.105798575788403
186	0.106067682900938
186	0.105954687105197
186	0.105265387385098
186	0.106344874637558
186	0.105543574781175
186	0.105868863597758
186	0.105857953102514
186	0.10635593220339
186	0.106132972653113
186	0.106056104910241
186	0.106106190940294
186	0.105514472850201
186	0.105662925141362
186	0.105916758497923
186	0.105941181456056
186	0.10565751810069
186	0.105785892396771
186	0.105072004729929
186	0.105497016630697
186	0.105683161628103
186	0.105489864864865
186	0.105895242509797
186	0.105441170253245
186	0.106679747483365
186	0.106183768140614
186	0.105973432608512
186	0.105942934323822
186	0.105789607527337
186	0.10625872794211
186	0.105579799178071
186	0.105762683009874
186	0.106116402116402
186	0.105545466064113
186	0.10575783234547
186	0.105791962174941
186	0.105480033984707
186	0.106003039513678
186	0.106010051949149
187	0.106027164685908
187	0.105916354981299
187	0.105858517643086
187	0.105764770379117
187	0.105633506088569
187	0.105374703289251
187	0.105796001012402
187	0.105751391465677
187	0.106578385305425
187	0.105743243243243
187	0.105683498837946
187	0.105695880657739
187	0.105944798301486
187	0.105640636206387
187	0.105358420676011
187	0.105482009504413
187	0.105912902813844
187	0.105298712265147
187	0.106010051949149
187	0.105897219882056
187	0.105554616165032
187	0.105983194696618
187	0.106155858402599
187	0.105746932580006
187	0.105648093345734
187	0.10594315245478
187	0.105723877108741
187	0.105859556004886
187	0.105647868768858
187	0.10567936736161
187	0.105597694817577
187	0.105719237435009
187	0.10584418320482
187	0.105616165046483
187	0.105711380391492
187	0.105925050641458
187	0.1059767687434
187	0.106202927985106
187	0.105731350870505
187	0.105661647177589
187	0.105445335584635
187	0.105652559928973
187	0.105711275026344
187	0.106038851351351
187	0.106366755623332
187	0.10553101997897
187	0.105972616675851
187	0.105877360492255
187	0.105878381229692
187	0.105484699246538
187	0.105619785711261
187	0.105562391276677
187	0.106173777271385
187	0.105585083944993
187	0.105426747311828
187	0.105610281993827
187	0.105621515809183
187	0.10600976852835
187	0.10556450928832
187	0.10543400362548
187	0.105332204824376
187	0.105972538118103
187	0.105769230769231
187	0.105843299144572
187	0.105160662122687
187	0.105758278844126
187	0.106096428269864
187	0.105661494228574
187	0.105530187721969
187	0.106354997454607
187	0.105505556259771
187	0.106093855503038
187	0.106198083067093
187	0.105544026089535
187	0.105630545393381
187	0.106101247498616
187	0.105967251856853
187	0.105597643097643
187	0.105976534372485
187	0.105744014888757
187	0.105845918886815
187	0.105769230769231
187	0.105698607007176
187	0.105769230769231
187	0.105816309302718
187	0.105648093345734
187	0.105579615691881
187	0.105996799460962
187	0.105563782525915
187	0.105899830220713
187	0.105163249810175
187	0.105459004609074
187	0.105678033975467
187	0.105412502117567
187	0.105795690275602
187	0.105917159763314
187	0.105738015936591
187	0.105678970394597
187	0.105917285259809
187	0.105823683543234
188	0.105632315037816
188	0.105615987857324
188	0.105759472259811
188	0.105746545331985
188	0.105955240864838
188	0.105868960283329
188	0.105739291424724
188	0.1057712664606
188	0.105391846886725
188	0.106215976705912
188	0.105991752924346
188	0.105358956992889
188	0.105609170213663
188	0.105430497265675
188	0.10637304820095
188	0.105911641841428
188	0.105604719764012
188	0.105910085873043
188	0.105788761002031
188	0.105813608841089
188	0.105545013704406
188	0.105966991112992
188	0.106167288768239
188	0.105754144934911
188	0.105944350758853
188	0.105334462320068
188	0.105945991632506
188	0.105517909002904
188	0.105865945397684
188	0.106066370746142
188	0.105618641563595
188	0.105754211170684
188	0.105494319861481
188	0.106033680291106
188	0.105776157986185
188	0.105163009006723
188	0.10585099631933
188	0.106054209237524
188	0.10549839770619
188	0.105948191800568
188	0.105349620893008
188	0.10570066247521
188	0.105858517643086
188	0.105443471640655
188	0.105767613922986
188	0.105621949166807
188	0.105682824958866
188	0.105563782525915
188	0.105980446099801
188	0.10575131289175
188	0.105541679014436
188	0.106036922816949
188	0.106013796605866
188	0.10604777231916
188	0.105933807140754
188	0.106085106382979
188	0.105603629337142
188	0.10561265490843
188	0.105808251606358
188	0.105471047987226
188	0.106097199271217
188	0.105666736886455
188	0.106394684497863
188	0.106272812155165
188	0.105978146226216
188	0.105650582929112
188	0.105383057711779
188	0.105414187449888
188	0.105456541937664
188	0.105942389608199
188	0.105731892621982
188	0.105870419677951
188	0.105955240864838
188	0.105795690275602
188	0.105624894585934
188	0.105750137310406
188	0.10576517261754
188	0.105565408326999
188	0.10564362714014
188	0.105751000631978
188	0.105750137310406
188	0.105684581202314
188	0.105451785638993
188	0.105827250094941
188	0.10556766728157
188	0.105518521643743
188	0.105953539542166
188	0.105822784810127
188	0.106032521695172
188	0.10593220338983
188	0.105704840213614
188	0.105777777777778
188	0.105758676011146
188	0.105743628756181
188	0.105706901665043
188	0.105904761904762
188	0.105624027257813
188	0.105598985844074
188	0.105577942735949
188	0.10550827723443
189	0.105920580664219
189	0.105431578947368
189	0.105649241146712
189	0.105816309302718
189	0.105708868759216
189	0.105692776180003
189	0.10550827723443
189	0.10564893213699
189	0.105442893882541
189	0.105363095489261
189	0.105871923677656
189	0.105573080967403
189	0.105460837272113
189	0.106079272696376
189	0.106051022559561
189	0.105531878982236
189	0.105969771172845
189	0.105560950893046
189	0.105948817403769
189	0.10550052687039
189	0.105568249132606
189	0.105960545254424
189	0.105835264377502
189	0.105606368563686
189	0.105769636601528
189	0.105471214096472
189	0.105869445968184
189	0.105589276681841
189	0.105843907821585
189	0.105579544492422
189	0.105792285365751
189	0.105418138987044
189	0.10575466935891
189	0.105800464037123
189	0.105827051748962
189	0.105738396624473
189	0.105669450771956
189	0.105750920401168
189	0.105476160364234
189	0.105749746707194
189	0.105990783410138
189	0.105791962174941
189	0.105525094896668
189	0.105796978441691
189	0.105713322659476
189	0.105950161044245
189	0.10570412999323
189	0.106005574795169
189	0.10532759202972
189	0.105694837864119
189	0.105256512773031
189	0.105625814041427
189	0.105706464518846
189	0.10556986613741
189	0.106085630796595
189	0.105878874904975
189	0.105154725866128
189	0.10538967611336
189	0.105345314939037
189	0.105440458143844
189	0.105762711864407
189	0.10537744284072
189	0.105516600489989
189	0.105557894736842
189	0.105360990241223
189	0.106038911816727
189	0.105719237435009
189	0.105400733589106
189	0.105310034778183
189	0.105762740465744
189	0.105798446995273
189	0.105945991632506
189	0.105919661733615
189	0.105721131615453
189	0.105862985944029
189	0.105794408311513
189	0.105874921036008
189	0.105731681713206
189	0.105564266644065
189	0.105696202531646
189	0.105691401449337
189	0.105831991184199
189	0.105387603445364
189	0.105788761002031
189	0.10567663456665
189	0.105456697239951
189	0.105746932580006
189	0.1057672113244
189	0.105736355578068
189	0.106019007391763
189	0.106096528365792
189	0.105559524309787
189	0.105209828590729
189	0.106090123665933
189	0.105729100796762
189	0.106036302237231
189	0.106050995813776
189	0.105456386884416
189	0.105294266655408
189	0.105830620269756
190	0.106070854823708
190	0.105637059144983
190	0.105464480874317
190	0.105585600811222
190	0.105673908458131
190	0.105727802652699
190	0.106132475012705
190	0.105665770006725
190	0.10535413153457
190	0.10556986613741
190	0.105973188528763
190	0.105234345390997
190	0.105613340632501
190	0.105483802667796
190	0.105641850425361
190	0.105572339711313
190	0.105475819689381
190	0.105950469106584
190	0.1056127811646
190	0.105545992694907
190	0.105562818944794
190	0.1051746605574
190	0.105410721011006
190	0.105676049838486
190	0.105128205128205
190	0.105755850727388
190	0.106143128562381
190	0.105763567522087
190	0.105649860653661
190	0.105801186319465
190	0.1059356094259
190	0.105506127245258
190	0.105439892545332
190	0.105121407229727
190	0.105467104708955
190	0.105309585818701
190	0.105796118972968
190	0.105420419156637
190	0.105557659135849
190	0.105896206577509
190	0.105627559420779
190	0.105331873315364
190	0.105705122795173
190	0.105817875210793
190	0.105134371176644
190	0.105885333108165
190	0.105786656551608
190	0.105490046912641
190	0.105665961945032
190	0.105930227629181
190	0.105245446514954
190	0.105700311999325
190	0.105705402907319
190	0.105665638599011
190	0.105154898833012
190	0.105428895326867
190	0.105801759133965
190	0.105515385908862
190	0.10558221773175
190	0.10572018716014
190	0.105713683322791
190	0.105422319291024
190	0.10566101125483
190	0.105792708596447
190	0.105462662679527
190	0.105645093241077
190	0.10576190879093
190	0.105009103611805
190	0.106345974378553
190	0.105532094594595
190	0.105367457941561
190	0.105522973714189
190	0.105486651250788
190	0.105165193113076
190	0.105879873551106
190	0.105901750232519
190	0.105528906841707
190	0.105618926911703
190	0.106108511445555
190	0.10584711441107
190	0.105566784571332
190	0.105431848852901
190	0.105776097458517
190	0.105341246290801
190	0.105493949487709
190	0.105404950328338
190	0.105653888096636
190	0.105637932478847
190	0.105463303333756
190	0.105391538396837
190	0.105520026926961
190	0.105604173678896
190	0.105763167850687
190	0.105878381229692
190	0.105827898169577
190	0.105566541843733
190	0.105993904503894
190	0.105712715125375
190	0.105331654072208
190	0.105697214508121
191	0.105480085797199
191	0.105459420957808
191	0.105723706459249
191	0.105067724376556
191	0.105596576606813
191	0.105507099818818
191	0.105723336853221
191	0.105901170132166
191	0.10564356851704
191	0.105812095214063
191	0.105931488356396
191	0.10565751810069
191	0.105216659655027
191	0.105587975985558
191	0.105725384225638
191	0.105507491031863
191	0.105099685204617
191	0.105398025624869
191	0.105719821413529
191	0.10571500715428
191	0.105424855856235
191	0.105606258148631
191	0.105986677415249
191	0.10575381759892
191	0.105527003117365
191	0.105364869974373
191	0.105608065532451
191	0.105603629337142
191	0.10582654688943
191	0.105929154852089
191	0.105420923752428
191	0.105528694555392
191	0.105391743892165
191	0.105694473628914
191	0.105752249600538
191	0.105532700864747
191	0.105598657999581
191	0.105347435843412
191	0.105528906841707
191	0.105343060768355
191	0.105374255920969
191	0.10569414545608
191	0.105668800539084
191	0.10590966652596
191	0.105097015867671
191	0.105517096706524
191	0.105511346890657
191	0.105283082358879
191	0.105720920413764
191	0.105710200992347
191	0.105400075525532
191	0.105776097458517
191	0.105303126186559
191	0.105897219882056
191	0.105394541992807
191	0.105632618747373
191	0.105907084296826
191	0.105585083944993
191	0.10509754562618
191	0.105406196429318
191	0.105302966635852
191	0.105937381484135
191	0.105902704527235
191	0.105576769753682
191	0.105833719998313
191	0.105949608299809
191	0.106017676660887
191	0.105540341268169
191	0.105641499915924
191	0.105453323250147
191	0.105795574288725
191	0.10598089145166
191	0.105473347906507
191	0.105616270728723
191	0.105366876310273
191	0.105406766854168
191	0.105529545742123
191	0.105648008068583
191	0.10589078038092
191	0.105333893322134
191	0.105593198939439
191	0.105427402690507
191	0.105538008001685
191	0.105776127589553
191	0.105549464451379
191	0.105791538364196
191	0.105586921715682
191	0.104985881063767
191	0.105650382577987
191	0.105481345002303
191	0.10603313799064
191	0.105449338836014
191	0.105891753227638
191	0.106135357368754
191	0.106103365485868
191	0.105307604610902
191	0.105484168976232
191	0.106020942408377
191	0.105688660575182
191	0.105528482607965
192	0.105767613922986
192	0.10513900589722
192	0.105733713901948
192	0.105345117845118
192	0.105798144932447
192	0.105670103092784
192	0.105575926160071
192	0.105776917574789
192	0.105922023182297
192	0.105424597672171
192	0.105506127245258
192	0.105735219807984
192	0.105318610923803
192	0.105806343346199
192	0.105672499788655
192	0.10539985756776
192	0.105320623189014
192	0.105267579601781
192	0.105743356878574
192	0.105655634687893
192	0.105602358887953
192	0.105128097261369
192	0.105371640095907
192	0.105269819838825
192	0.105398241258888
192	0.10581698796195
192	0.105907172995781
192	0.105676966648349
192	0.105756696522434
192	0.105318433876659
192	0.105391538396837
192	0.105593198939439
192	0.105318478032373
192	0.105889301383733
192	0.105629055363613
192	0.105504009404257
192	0.105396717983421
192	0.105724274461901
192	0.105979173664763
192	0.105616656871799
192	0.105717050187203
192	0.105095140084849
192	0.10599486034461
192	0.105458797978532
192	0.10571536874026
192	0.105502080618721
192	0.105648623621517
192	0.105356240525518
192	0.105684210526316
192	0.105046083919027
192	0.105921356330522
192	0.10553101997897
192	0.105539236256819
192	0.105491817108149
192	0.105205800989186
192	0.105757486417049
192	0.105070942825959
192	0.105750137310406
192	0.105579868708972
192	0.105978146226216
192	0.10570877693017
192	0.105278741223247
192	0.105923080170558
192	0.105369043128379
192	0.105686266256997
192	0.105868475375995
192	0.105618926911703
192	0.105466941627036
192	0.105508830950378
192	0.10546218487395
192	0.105605710686542
192	0.105530166450044
192	0.105499768917272
192	0.105482742635594
192	0.105728727885425
192	0.105450584440069
192	0.105347301106483
192	0.105602087629951
192	0.105300619661698
192	0.105705756212421
192	0.1058734560121
192	0.105139204306502
192	0.105523426368284
192	0.105309474919331
192	0.105602630580498
192	0.10564362714014
192	0.105870462393666
192	0.105570492354226
192	0.105785819482432
192	0.105513668337475
192	0.10536704182765
192	0.105672595769732
192	0.105497646267653
192	0.105477188969373
192	0.105168143079055
192	0.105670862627879
192	0.105794298208729
192	0.105395442359249
192	0.105503817434349
192	0.105360755225893
193	0.10567366964398
193	0.105607790463398
193	0.105544113320163
193	0.105936842105263
193	0.105225513295187
193	0.105642659512032
193	0.105214698250607
193	0.105130679196208
193	0.105607515832739
193	0.10503494148354
193	0.105630839154953
193	0.105532486053437
193	0.105329788580833
193	0.105386711381262
193	0.105623164078892
193	0.105563241520983
193	0.105521523873458
193	0.105443742416001
193	0.105525533073604
193	0.10569071646916
193	0.105680816223706
193	0.105220985155196
193	0.105669125395153
193	0.105577019989921
193	0.10514859773964
193	0.105696897979883
193	0.105942389608199
193	0.105119597146454
193	0.105731308215155
193	0.105278580099627
193	0.105912985049555
193	0.105662604882574
193	0.105354058721934
193	0.105820105820106
193	0.105527427925855
193	0.105585888282234
193	0.105896712824614
193	0.105798319327731
193	0.105721705621178
193	0.105807210689974
193	0.105683202419456
193	0.10540665240552
193	0.105519004316306
193	0.105485939399019
193	0.105667384057054
193	0.10588433653684
193	0.105506321139065
193	0.105792285365751
193	0.105605437610137
193	0.105781782962058
193	0.105436434239406
193	0.10580965192534
193	0.105742090407381
193	0.105680816223706
193	0.105411428331161
193	0.1056148608893
193	0.10534255185418
193	0.105444030007125
193	0.105711885762285
193	0.106165971256375
193	0.105373547548135
193	0.105633209834961
193	0.105494966442953
193	0.105722231586044
193	0.105516692497801
193	0.105661965901915
193	0.105595781191144
193	0.105871960965761
193	0.105247678668963
193	0.105548094678529
193	0.10541334452371
193	0.105547867656309
193	0.105624947606673
193	0.105347032920948
193	0.105534591194969
193	0.105309585818701
193	0.105474972750901
193	0.105327181208054
193	0.105300649486696
193	0.105245502956099
193	0.105488778683702
193	0.105440458143844
193	0.105542995897178
193	0.105586404172977
193	0.105744125326371
193	0.105554623258936
193	0.105421812853255
193	0.105984931854736
193	0.105581708137189
193	0.105438168195976
193	0.105232265638102
193	0.105515887928515
193	0.105577019989921
193	0.105904167895824
193	0.105439611097142
193	0.10525873655914
193	0.105621090634314
193	0.105077188407016
193	0.105920444033303
193	0.105621090634314
194	0.105550424049039
194	0.105602545850431
194	0.105612374270983
194	0.105567182921725
194	0.105474972750901
194	0.105077039656479
194	0.10551478297337
194	0.105829898208127
194	0.105428499623021
194	0.106058681569923
194	0.105616939041297
194	0.10562759662596
194	0.105452868938346
194	0.105673251063471
194	0.105157232704403
194	0.105516289573836
194	0.105838957119504
194	0.10551207466622
194	0.105621949166807
194	0.105769230769231
194	0.105493028725013
194	0.105698568009071
194	0.105410838428679
194	0.105808780324016
194	0.10559188464118
194	0.105400294179449
194	0.105457443684718
194	0.105695142378559
194	0.105501699609719
194	0.105508672236122
194	0.105691739422431
194	0.105254336713316
194	0.105528694555392
194	0.105749055812002
194	0.105388870264834
194	0.105450584440069
194	0.105320531633894
194	0.105773282764433
194	0.105539016310956
194	0.105443886097152
194	0.105574430602743
194	0.105700962063605
194	0.105177248566526
194	0.10544431851572
194	0.105359903078915
194	0.105536912751678
194	0.105910085873043
194	0.105451333389417
194	0.10547514159849
194	0.105587975985558
194	0.10571224412593
194	0.105565093589046
194	0.105787835450492
194	0.106019841937111
194	0.105225692990537
194	0.105212476449655
194	0.105331654072208
194	0.105393079787457
194	0.105461709351553
194	0.105800327607207
194	0.105606258148631
194	0.105715964411617
194	0.105382293762575
194	0.105441465556903
194	0.105542229516475
194	0.105013236962642
194	0.105305162347209
194	0.105431175704625
194	0.105440174892794
194	0.105377876514231
194	0.105254336713316
194	0.105983623766534
194	0.10571152797012
194	0.105580946790222
194	0.105712603062426
194	0.105621090634314
194	0.105322858463219
194	0.105575176589304
194	0.105608065532451
194	0.105435329642677
194	0.105516289573836
194	0.105777293308737
194	0.105318345776361
194	0.105542900531511
194	0.10548806032677
194	0.105492662473795
194	0.105415738834503
194	0.105580946790222
194	0.105583543240974
194	0.105630856760375
194	0.105574927530143
194	0.105351170568562
194	0.105598925543524
194	0.105483116014711
194	0.105707091900965
194	0.105346832901012
194	0.105636760752688
194	0.10534293292914
194	0.105510161324115
194	0.105669886602268
195	0.105632029545073
195	0.105407226480249
195	0.105681532926115
195	0.10525873655914
195	0.10531821415122
195	0.105382483835754
195	0.105397382833731
195	0.10526757255494
195	0.105280790652875
195	0.105723537575171
195	0.105437610136779
195	0.105589541607307
195	0.105492479785496
195	0.105484168976232
195	0.105300500834725
195	0.105683202419456
195	0.105629959276208
195	0.105653266331658
195	0.105452868938346
195	0.105740561877966
195	0.10562759662596
195	0.105754341912534
195	0.105526371086363
195	0.10574625927323
195	0.105408457773874
195	0.105412867062662
195	0.105396183495514
195	0.105451033092558
195	0.105427139909899
195	0.105263157894737
195	0.105426097142618
195	0.105379945572535
195	0.105695830886671
195	0.105545992694907
195	0.105587200536103
195	0.105563002680965
195	0.105406766854168
195	0.105701311806256
195	0.105470056875209
195	0.105443455737979
195	0.105648535564854
195	0.10541322487316
195	0.105375623245485
195	0.105451033092558
195	0.105653888096636
195	0.105133350054343
195	0.105778113714622
195	0.105353696400101
195	0.1055609101957
195	0.105529529864481
195	0.105562818944794
195	0.105353624282061
195	0.105384744623656
195	0.105214736754067
195	0.105415253172509
195	0.105714883818296
195	0.105386416861827
195	0.10549478184333
195	0.105022447866404
195	0.105412748171369
195	0.105587200536103
195	0.105616093880972
195	0.105353480390105
195	0.105560673310443
195	0.105353913445767
195	0.105298485547678
195	0.105302839909525
195	0.10564472195449
195	0.105548094678529
195	0.105318257956449
195	0.105382293762575
195	0.105571847507331
195	0.105575426046707
195	0.105864560578054
195	0.105542551412807
195	0.105607515832739
195	0.105564613905264
195	0.105375355291757
195	0.105397489539749
195	0.105598124188754
195	0.105637059144983
195	0.106016588775209
195	0.10552280613738
195	0.105318257956449
195	0.105370950888192
195	0.105742973574759
195	0.105448892996681
195	0.105525951411908
195	0.105570002516567
195	0.105391129370336
195	0.105615532680559
195	0.105448007693273
195	0.105660377358491
195	0.105609316744167
195	0.105506127245258
195	0.10579989927816
195	0.105458953352282
195	0.105521112600536
195	0.105676049838486
195	0.105661647177589
196	0.104913234371733
196	0.105401569544164
196	0.105296237325065
196	0.10539318315049
196	0.105216696792635
196	0.105329206057057
196	0.10541298614309
196	0.10545698024774
196	0.105771248688353
196	0.10536870691456
196	0.105414890950113
196	0.105509768648287
196	0.105627016382453
196	0.105531630221182
196	0.105618731903823
196	0.105329206057057
196	0.105530166450044
196	0.105478536829798
196	0.105399423727398
196	0.10534223706177
196	0.105450286526959
196	0.105245600867317
196	0.105351521511018
196	0.105263157894737
196	0.105571847507331
196	0.105388371801828
196	0.105855096882898
196	0.105485585170928
196	0.105216881594373
196	0.105276371396293
196	0.105543441798054
196	0.105386711381262
196	0.105446021181297
196	0.105014032589117
196	0.105499015789253
196	0.105810526315789
196	0.105232216343327
196	0.105179549349944
196	0.105660377358491
196	0.105684917138662
196	0.105267562026693
196	0.105355501712758
196	0.105175152579216
196	0.105379945572535
196	0.105258757628961
196	0.105362379555928
196	0.105364385165364
196	0.105423955804805
196	0.105382483835754
196	0.105377785223656
196	0.105606694560669
196	0.105603629337142
196	0.10541477059241
196	0.1056613289623
196	0.105366629020789
196	0.105533944033128
196	0.105503243356351
196	0.105441749403041
196	0.105605437610137
196	0.105554623258936
196	0.105382009785472
196	0.105594493641667
196	0.105435055690478
196	0.105181844753434
196	0.105681149676443
196	0.105584605731019
196	0.105443598963124
196	0.105278604670664
196	0.105353696400101
196	0.105302934878448
196	0.105214659685864
196	0.105542773478352
196	0.105287433435364
196	0.105005030181087
196	0.105461236096011
196	0.105503434411124
196	0.105871960965761
196	0.105489639037433
196	0.105362300640462
196	0.105473180157097
196	0.105034286670012
196	0.105779349244433
196	0.10567777079405
196	0.105747416183514
196	0.105594229640191
196	0.105728727885425
196	0.105582524271845
196	0.105847707193942
196	0.105594493641667
196	0.105570867785851
196	0.105406196429318
196	0.105342615113646
196	0.105714285714286
196	0.105260960334029
196	0.105347032920948
196	0.105830536912752
196	0.105161722808782
196	0.105364465645661
196	0.105683202419456
196	0.105342488695361
197	0.105536259781563
197	0.105357739886326
197	0.105480998369497
197	0.105452868938346
197	0.105586942875078
197	0.105542995897178
197	0.105663850079478
197	0.105560436801807
197	0.105378059532306
197	0.10526757255494
197	0.10523671982921
197	0.105615252749091
197	0.105536912751678
197	0.105260962076015
197	0.105298345311717
197	0.105421184320267
197	0.105304862790892
197	0.105395127251452
197	0.105463202739955
197	0.105682867455721
197	0.105029895053727
197	0.105179681956676
197	0.105534159410583
197	0.105560200668896
197	0.105216991771438
197	0.105368874754153
197	0.10538219895288
197	0.104847141482999
197	0.105247666302245
197	0.105252171008684
197	0.105417032117947
197	0.105476758294632
197	0.105726872246696
197	0.105395232120452
197	0.105059998321725
197	0.105349002551127
197	0.105386026346507
197	0.105485939399019
197	0.10547201336675
197	0.105232339286461
197	0.105540455780891
197	0.105579685933846
197	0.105320304017372
197	0.10571249215317
197	0.105448301855187
197	0.105465807315644
197	0.105419419586853
197	0.105686965274283
197	0.105335613866756
197	0.105532271584241
197	0.105309474919331
197	0.10547217925672
197	0.105606149218815
197	0.105289525320419
197	0.105467607869345
197	0.105424083769634
197	0.105313687022582
197	0.105538577468916
197	0.105445730764408
197	0.105357890330682
197	0.105496528068267
197	0.10529173453619
197	0.105529318343294
197	0.105450286526959
197	0.105326977755478
197	0.105044833654571
197	0.105625235957884
197	0.105463044113351
197	0.105357739886326
197	0.105153174238308
197	0.105075503355705
197	0.105725575920632
197	0.105688334519275
197	0.105403602401601
197	0.105907084296826
197	0.105529741722132
197	0.105763990777615
197	0.1055609101957
197	0.105285199765474
197	0.105541783958657
197	0.1053377224051
197	0.105434374609
197	0.105278543389293
197	0.105313847828818
197	0.105362064645452
197	0.105322668453453
197	0.105446166736489
197	0.105423828043324
197	0.105353480390105
197	0.105423445974134
197	0.105371036559859
197	0.105454697565465
197	0.105671291444859
197	0.105455002513826
197	0.10535811689674
197	0.105419543837623
197	0.105702306079665
197	0.105362143185523
197	0.105269772117962
197	0.105564135743207
198	0.10541262946876
198	0.105527217994816
198	0.105598124188754
198	0.105291779962351
198	0.105320304017372
198	0.105263157894737
198	0.105227910091666
198	0.105267555035716
198	0.105194968027751
198	0.105137943987646
198	0.10549864102028
198	0.105532057456342
198	0.105258757628961
198	0.105364465645661
198	0.105256555011918
198	0.105507658826484
198	0.10524341447149
198	0.105384165203578
198	0.105463202739955
198	0.105591101074729
198	0.105671291444859
198	0.105624659714369
198	0.105488598664595
198	0.105135395304064
198	0.105395127251452
198	0.1052785678434
198	0.105937185085657
198	0.105658319701355
198	0.105421939160312
198	0.10543747117763
198	0.105550918196995
198	0.105179681956676
198	0.105467770253323
198	0.105318039624609
198	0.105425838519694
198	0.105197192513369
198	0.105377603077695
198	0.105148870422182
198	0.105267555035716
198	0.105430242272348
198	0.105574430602743
198	0.105589022757697
198	0.105693100414729
198	0.105606694560669
198	0.105421184320267
198	0.105439050881444
198	0.105366546852796
198	0.10536870691456
198	0.105578859060403
198	0.105362064645452
198	0.10551859754822
198	0.105569027510661
198	0.105456672516086
198	0.105598124188754
198	0.10536013400335
198	0.105527217994816
198	0.1053377224051
198	0.105492479785496
198	0.105536259781563
198	0.105091547529471
198	0.105236782761213
198	0.10541715432202
198	0.105379575142941
198	0.105344532196732
198	0.10511837279093
198	0.105357515113613
198	0.10554718875502
198	0.105591101074729
198	0.10549864102028
198	0.105346700083542
198	0.105289504421825
198	0.10518846266227
198	0.105428105804187
198	0.105379667529864
198	0.10524995820097
198	0.105607790463398
198	0.1052874527906
198	0.105436779689327
198	0.105269766857813
198	0.105592915918299
198	0.105223568742165
198	0.105302745393005
198	0.105395127251452
198	0.105388371801828
198	0.105206028472425
198	0.105296132319773
198	0.105619385836641
198	0.105350961337949
198	0.105236740839886
198	0.105483116014711
198	0.105285147273867
198	0.105626437983685
198	0.105271973535447
198	0.10515111036901
198	0.105430374984323
198	0.105452416792106
198	0.105390722941914
198	0.1055118768819
198	0.1052389513735
198	0.105509377218997
199	0.105313646980314
199	0.105203855944581
199	0.105408112168252
199	0.105190686806309
199	0.105368623194456
199	0.10521917178555
199	0.10538631900046
199	0.105646477753129
199	0.105368623194456
199	0.105230256303397
199	0.105525533073604
199	0.105392565427571
199	0.105652646542353
199	0.105234528641366
199	0.105458642851181
199	0.105368790767687
199	0.105438772105439
199	0.105304829770388
199	0.10539062173786
199	0.104964302116822
199	0.10541262946876
199	0.105440900562852
199	0.105130995228928
199	0.105335671342685
199	0.105315947843531
199	0.105485232067511
199	0.105135800408861
199	0.105528896307115
199	0.105339947475926
199	0.105553696888592
199	0.10536870691456
199	0.105353408615642
199	0.105265353805073
199	0.105432511491851
199	0.105203902927195
199	0.105546963173515
199	0.105533514303612
199	0.10540404885394
199	0.105372935090939
199	0.105401569544164
199	0.105361986229919
199	0.105263157894737
199	0.105300560153833
199	0.105342299820392
199	0.105230072919286
199	0.105579685933846
199	0.10527631907977
199	0.105223568742165
199	0.105353122654882
199	0.105120393940659
199	0.105329101236218
199	0.10548999916311
199	0.10542570951586
199	0.105386123743168
199	0.105474300041789
199	0.105381915427043
199	0.105302651325663
199	0.105230177959729
199	0.105597857919839
199	0.105291689253993
199	0.105278519012675
199	0.105043420173681
199	0.105260958589278
199	0.105432109059074
199	0.105491933461506
199	0.105324751316559
199	0.10514447970603
199	0.105269740682065
199	0.105418924551897
199	0.105469564854604
199	0.105298289528577
199	0.105601006922593
199	0.105478366086703
199	0.105252197092757
199	0.105265352065702
199	0.105386514878835
199	0.105417032117947
199	0.105208333333333
199	0.105390419810731
199	0.105302651325663
199	0.105485762144054
199	0.105366301129967
199	0.105441182611601
199	0.105386026346507
199	0.105232388190588
199	0.105379667529864
199	0.105086874607494
199	0.105208289896168
199	0.105291689253993
199	0.105467770253323
199	0.105478707844039
199	0.1054307743882
199	0.105462885738115
199	0.105379852744311
199	0.105247752456617
199	0.105344467640919
199	0.105405856344373
199	0.105401899661074
199	0.105115890582585
199	0.105228049695656
200	0.105459108973018
200	0.105131414267835
200	0.10541678829073
200	0.105531204341474
200	0.105410136712237
200	0.105304962167133
200	0.105350961337949
200	0.105219311034282
200	0.105298317398021
200	0.105476081244526
200	0.105394918012267
200	0.105175361774886
200	0.105239028049848
200	0.105309254702423
200	0.105437193922398
200	0.105348730562388
200	0.105302588862066
200	0.1055576433254
200	0.105274120979837
200	0.105282955780323
200	0.105269751127443
200	0.105247801258805
200	0.105331273744416
200	0.105379667529864
200	0.105313607001459
200	0.105008347245409
200	0.105392770682027
200	0.105175361774886
200	0.105372761349438
200	0.105463044113351
200	0.105184197366228
200	0.105326927094213
200	0.105300500834725
200	0.105309181761399
200	0.105280706872838
200	0.105353051447615
200	0.105302713987474
200	0.105217064931815
200	0.10524995820097
200	0.105010438413361
200	0.10541262946876
200	0.105151199165798
200	0.105269735471777
200	0.105184134795846
200	0.10521271719655
200	0.105427844298886
200	0.105353051447615
200	0.105131100238364
200	0.105403491230263
200	0.105382104293965
200	0.105403602401601
200	0.105197349226858
200	0.105414530448918
200	0.105306971904266
200	0.105265352065702
200	0.105274120979837
200	0.105445296864576
200	0.105197349226858
200	0.105353193975049
200	0.105350961337949
200	0.105412392627804
200	0.10521477519639
200	0.10542570951586
200	0.10552260005013
200	0.105399315697238
200	0.10534223706177
200	0.105239047143095
200	0.105190801533078
200	0.105210546045233
200	0.105252171008684
200	0.105375088611818
200	0.10529610617253
200	0.10537517736416
200	0.105219311034282
200	0.105573195187166
200	0.105267551548543
200	0.10539062173786
200	0.105302651325663
200	0.10534223706177
200	0.105173204385343
200	0.105482941495803
200	0.105469564854604
200	0.105304829770388
200	0.105432242990654
200	0.105322432635355
200	0.105298261703281
200	0.10503236583838
200	0.105342299820392
200	0.10559084071536
200	0.105350822402665
200	0.105192909280501
200	0.10529610617253
200	0.10531795277558
200	0.105388371801828
200	0.105361986229919
200	0.105383877559531
200	0.105443312740023
200	0.105324653647137
200	0.105571112132737
200	0.105155670403868
201	0.10527849471318
201	0.105311469937831
201	0.105437055625261
201	0.10530711094409
201	0.105260967285441
201	0.105291644115076
201	0.105359749739312
201	0.105230256303397
201	0.10527631907977
201	0.105298233922026
201	0.105564374634472
201	0.105392565427571
201	0.105120507046952
201	0.105300471245673
201	0.105390319086895
201	0.105289462723865
201	0.105203949835424
201	0.105465325038621
201	0.105452116556734
201	0.105328944627307
201	0.105293848140281
201	0.105403491230263
201	0.105339886704432
201	0.105208202815019
201	0.105263157894737
201	0.1052806791228
201	0.105307006581688
201	0.105138142267783
201	0.105236866205978
201	0.105377330941554
201	0.105302588862066
201	0.10517745302714
201	0.1053377224051
201	0.1053377224051
201	0.10542545212101
201	0.105388272583201
201	0.105496342737722
201	0.105368539607058
201	0.105232461256457
201	0.105298206184709
201	0.105555555555556
201	0.105203996669442
201	0.105379575142941
201	0.105467283873389
201	0.105419048016353
201	0.105337663419102
201	0.105291666666667
201	0.105173204385343
201	0.10525658113962
201	0.105403602401601
201	0.105403602401601
201	0.105247813411079
201	0.10527191777972
201	0.105210587647744
201	0.105228105228105
201	0.105344274586579
201	0.105348798397864
201	0.105206118961277
201	0.105107235249937
201	0.105278519012675
201	0.105230282335304
201	0.105335499187805
201	0.105509572778196
201	0.105324604928491
201	0.105241195126022
201	0.105210504376824
201	0.105353193975049
201	0.105306971904266
201	0.105256575930635
201	0.105263157894737
201	0.105250010408427
201	0.105315780703216
201	0.105495788508048
201	0.10527849471318
201	0.105342111842654
201	0.105282893092242
201	0.10536621948171
201	0.105186175769986
201	0.105346567687046
201	0.105228077483858
201	0.105362064645452
201	0.105267541120133
201	0.105304796802132
201	0.105052359297426
201	0.105160134938153
201	0.105131518612697
201	0.105320123220381
201	0.105250020800399
201	0.105390520694259
201	0.105289441924341
201	0.105291644115076
201	0.105320123220381
201	0.105285077672733
201	0.105265348595213
201	0.105500187648555
201	0.1052806791228
201	0.105331112036651
201	0.105619385836641
201	0.105401459854015
201	0.10550707694877
202	0.105245642497608
202	0.105250020800399
202	0.105333277821724
202	0.105285077672733
202	0.105184259837602
202	0.105234687083888
202	0.105344338836085
202	0.105175292153589
202	0.105245642497608
202	0.105267537654989
202	0.105250020800399
202	0.105342049381688
202	0.105293848140281
202	0.105320123220381
202	0.10524341447149
202	0.10542545212101
202	0.105265350329084
202	0.105193075898802
202	0.105274112309037
202	0.105274112309037
202	0.105258778498918
202	0.10526973026973
202	0.105322432635355
202	0.105276298268975
202	0.105333277821724
202	0.105274112309037
202	0.105247825544134
202	0.105309181761399
202	0.105245642497608
202	0.105203996669442
202	0.105271924710585
202	0.105377150235328
202	0.105127243950185
202	0.104956025176108
202	0.105228077483858
202	0.105381727158949
202	0.10528506034124
202	0.105302620069146
202	0.105335499187805
202	0.105256586340367
202	0.105221551903474
202	0.105217064931815
202	0.105276298268975
202	0.10522372528616
202	0.105245642497608
202	0.105333277821724
202	0.105300441703475
202	0.10531795277558
202	0.105250020800399
202	0.105177656516849
202	0.105247825544134
202	0.105302588862066
202	0.105311431668473
202	0.105291689253993
202	0.105309181761399
202	0.105181973569017
202	0.105302588862066
202	0.10542545212101
202	0.105120619974168
202	0.105317996165708
202	0.105291689253993
202	0.105254392538929
202	0.105293823872149
202	0.105320123220381
202	0.105293823872149
202	0.105344338836085
202	0.105203996669442
202	0.105203996669442
202	0.10528506034124
202	0.105326725250927
202	0.105528896307115
202	0.105245628642798
202	0.105173346651684
202	0.105276298268975
202	0.105274129664374
202	0.105245642497608
202	0.105302588862066
202	0.105250010408427
202	0.105403491230263
202	0.105307041314045
202	0.10528506034124
202	0.105357440426596
202	0.105258778498918
202	0.105403491230263
202	0.105232436939754
202	0.10518648018648
202	0.105381633248572
202	0.105247825544134
202	0.105127243950185
202	0.105217174238642
202	0.105252205759947
202	0.105289441924341
202	0.10527849471318
202	0.105258778498918
202	0.105289441924341
202	0.105111861017373
202	0.105232436939754
202	0.105335499187805
202	0.105120619974168
202	0.105271924710585
203	0.105245642497608
203	0.105245642497608
203	0.105245642497608
203	0.105245642497608
203	0.105245642497608
203	0.105245642497608
203	0.105245642497608
203	0.105245642497608
203	0.105245642497608
203	0.105245642497608
203	0.105245642497608
203	0.105245642497608
203	0.105245642497608
203	0.105245642497608
203	0.105245642497608
203	0.105245642497608
203	0.105245642497608
203	0.105245642497608
203	0.105245642497608
203	0.105245642497608
203	0.105245642497608
203	0.105245642497608
203	0.105245642497608
203	0.105245642497608
203	0.105245642497608
203	0.105245642497608
203	0.105245642497608
203	0.105245642497608
203	0.105245642497608
203	0.105245642497608
203	0.105245642497608
203	0.105245642497608
203	0.105245642497608
203	0.105245642497608
203	0.105245642497608
203	0.105245642497608
203	0.105245642497608
203	0.105245642497608
203	0.105245642497608
203	0.105245642497608
203	0.105245642497608
203	0.105245642497608
203	0.105245642497608
203	0.105245642497608
203	0.105245642497608
203	0.105245642497608
203	0.105245642497608
203	0.105245642497608
203	0.105245642497608
203	0.105245642497608
203	0.105245642497608
203	0.105245642497608
203	0.105245642497608
203	0.105245642497608
203	0.105245642497608
203	0.105245642497608
203	0.105245642497608
203	0.105245642497608
203	0.105245642497608
203	0.105245642497608
203	0.105245642497608
203	0.105245642497608
203	0.105245642497608
203	0.105245642497608
203	0.105245642497608
203	0.105245642497608
203	0.105245642497608
203	0.105245642497608
203	0.105245642497608
203	0.105245642497608
203	0.105245642497608
203	0.105245642497608
203	0.105245642497608
203	0.105245642497608
203	0.105245642497608
203	0.105245642497608
203	0.105245642497608
203	0.105245642497608
203	0.105245642497608
203	0.105245642497608
203	0.105245642497608
203	0.105245642497608
203	0.105245642497608
203	0.105245642497608
203	0.105245642497608
203	0.105245642497608
203	0.105245642497608
203	0.105245642497608
203	0.105245642497608
203	0.105245642497608
203	0.105245642497608
203	0.105245642497608
203	0.105245642497608
203	0.105245642497608
203	0.105245642497608
203	0.105245642497608
203	0.105245642497608
203	0.105245642497608
203	0.105245642497608
203	0.105245642497608
