"samples"	"taxon_otu_prop"
1	0.0427918570835064
1	0.060244470314319
1	0.0328227571115974
1	0.0758426966292135
1	0.0654248069059518
1	0.0591434398368457
1	0.0459363957597173
1	0.0417276720351391
1	0.0392156862745098
1	0.0593220338983051
1	0.0556478405315615
1	0.0578829549088583
1	0.0598779557589626
1	0.0337443218689163
1	0.060244470314319
1	0.060244470314319
1	0.055591054313099
1	0.10230352303523
1	0.0560213414634146
1	0.0546637744034707
1	0.0715048025613661
1	0.0622144112478032
1	0.0371681415929204
1	0.0285714285714286
1	0.0509240246406571
1	0.0444957152274225
1	0.04
1	0.0522778192681105
1	0.0635930047694754
1	0.0454545454545455
1	0.0459363957597173
1	0.0743145743145743
1	0.0465437788018433
1	0.0328227571115974
1	0.02
1	0.0560043080236941
1	0.0715048025613661
1	0.0711708756969498
1	0.0546160243970058
1	0.045920459204592
1	0.0395480225988701
1	0.0309405940594059
1	0.0652269722344645
1	0.0589812332439678
1	0.0795191863153028
1	0.0591434398368457
1	0.0150753768844221
1	0.0427918570835064
1	0.046417445482866
1	0.0586061246040127
1	0.0449315068493151
1	0.040650406504065
1	0.0458015267175573
1	0.0373505976095618
1	0.0585296216987866
1	0.066793893129771
1	0.066793893129771
1	0.0570032573289902
1	0.0528885272579333
1	0.0605865291653239
1	0.0421648835745752
1	0.0853406744666208
1	0.0560213414634146
1	0.0469769464984776
1	0.0531542056074766
1	0.036046511627907
1	0.0572226099092812
1	0
1	0.0367327211213146
1	0.0578811369509044
1	0.0481194690265487
1	0.0530932594644506
1	0.0396700706991359
1	0.0328227571115974
1	0.037077033837293
1	0.0636630754162586
1	0.0515781370284834
1	0.0580808080808081
1	0.0515781370284834
1	0.0406687754179846
1	0.0574056454170631
1	0.0572226099092812
1	0.066793893129771
1	0.0511049723756906
1	0.0418797953964194
1	0.0956521739130435
1	0.0484304932735426
1	0.0663072776280323
1	0.0392156862745098
1	0.0427918570835064
1	0.0426579163248564
1	0.112128146453089
1	0.0585296216987866
1	0.0195121951219512
1	0.0500705218617771
1	0.0869565217391304
1	0.066363044892648
1	0.0484304932735426
1	0.0663072776280323
1	0.0663072776280323
2	0.0518394648829431
2	0.0770862800565771
2	0.0533504054630815
2	0.0643212508884151
2	0.0622201272684421
2	0.037593984962406
2	0.0653039554021768
2	0.0743121625096426
2	0.0544893762851268
2	0.019485580670304
2	0.0592579250720461
2	0.047682119205298
2	0.07518573551263
2	0.0517464424320828
2	0.0558690744920993
2	0.0529504150774063
2	0.0637055837563452
2	0.0546683046683047
2	0.0451860602480803
2	0.0517336268574573
2	0.047844998022934
2	0.0552238805970149
2	0.0508841573439192
2	0.0496072757337743
2	0.0413839891451832
2	0.0385190725504862
2	0.0394160583941606
2	0.0502220703792279
2	0.0618879749314532
2	0.062142273098937
2	0.064394888499123
2	0.0458536585365854
2	0.0754599314000624
2	0.0662847790507365
2	0.0622763063707946
2	0.0635103926096998
2	0.0509026339153596
2	0.0519074421513446
2	0.0489713774597496
2	0.0571285392132298
2	0.0517299294591871
2	0.055421686746988
2	0.0519532823197745
2	0.0792124542124542
2	0.0445205479452055
2	0.0653789004457652
2	0.0454943132108486
2	0.065843621399177
2	0.037394451145959
2	0.0432551319648094
2	0.0682688217779668
2	0.0579494799405646
2	0.0448028673835125
2	0.0543840177580466
2	0.0345177664974619
2	0.0636387641932928
2	0.0862630208333333
2	0.0543605788032851
2	0.0540875309661437
2	0.0560480411781527
2	0.0431111111111111
2	0.0586483390607102
2	0.0563095581865435
2	0.0484224364592463
2	0.057772816075914
2	0.0709197894084856
2	0.0551401869158879
2	0.0495238095238095
2	0.0572537603105289
2	0.0551822439421706
2	0.0510237244068898
2	0.056823073611709
2	0.0705097665555026
2	0.0590858416945373
2	0.0637674628210906
2	0.054921152800435
2	0.0573994533385396
2	0.054699779943414
2	0.035538005923001
2	0.0557197129590545
2	0.0526628979470396
2	0.065052950075643
2	0.0654401490451793
2	0.0412528647822765
2	0.0597415264569617
2	0.0625686059275521
2	0.0668693009118541
2	0.0533088235294118
2	0.0728169422686394
2	0.0655035200489746
2	0.0587808417997097
2	0.0633958103638368
2	0.0539033457249071
2	0.0709592641261498
2	0.0562810945273632
2	0.0593884255749305
2	0.0575589459084605
2	0.0395170142700329
2	0.054144385026738
2	0.0490013315579228
3	0.0669906282540784
3	0.0688479890933879
3	0.0520691223283311
3	0.0517323208353109
3	0.0478556966685073
3	0.0546632854325162
3	0.0528198074277854
3	0.0609080841638981
3	0.0497008743672342
3	0.070980070980071
3	0.0428900402993667
3	0.0511082138200782
3	0.0634873323397914
3	0.0532940546331012
3	0.0573294629898403
3	0.0577474101829403
3	0.0594627844986672
3	0.0491861288039632
3	0.0641250878425861
3	0.0583941605839416
3	0.0514120202751629
3	0.0590111642743222
3	0.0577495534828339
3	0.0729483282674772
3	0.0492664372396305
3	0.04699210046587
3	0.0552280484021098
3	0.0482932996207332
3	0.0559570514144126
3	0.0579937304075235
3	0.0603345280764636
3	0.0533540533540534
3	0.0538709677419355
3	0.0542244640605296
3	0.0511259890444309
3	0.0686953901777644
3	0.0655872667398463
3	0.0485180673974827
3	0.0421224109844077
3	0.0646305418719212
3	0.0384763370527126
3	0.0670582476749878
3	0.0716994139951741
3	0.0508885298869144
3	0.05675430643699
3	0.0421962379257753
3	0.0594118823764753
3	0.0576179427687548
3	0.051452486459872
3	0.0515177426250534
3	0.0553935860058309
3	0.0527599878011589
3	0.0668721109399076
3	0.0590976882923192
3	0.0394467213114754
3	0.0537941787941788
3	0.0808843354003775
3	0.0607566970450152
3	0.0579807477053951
3	0.0482142857142857
3	0.058744635193133
3	0.060004181476061
3	0.06664917344529
3	0.060108059432688
3	0.074129727022289
3	0.0597014925373134
3	0.0518300828212664
3	0.0548546352166758
3	0.0536098610839366
3	0.0627386797599564
3	0.0589080459770115
3	0.0605022831050228
3	0.0520984081041968
3	0.0694417428515853
3	0.0679716067971607
3	0.073759617935792
3	0.0498887829679059
3	0.0618556701030928
3	0.0499763145428707
3	0.0464071856287425
3	0.0701602425292334
3	0.0749038243946594
3	0.052703627652293
3	0.0722817133443163
3	0.06039273805113
3	0.0619779485466088
3	0.0572472594397077
3	0.0643835616438356
3	0.0618214048304897
3	0.0560659599528857
3	0.0669509594882729
3	0.0674234606123151
3	0.0598022666988184
3	0.0629231381919554
3	0.0582745276576372
3	0.0756376429199648
3	0.0538388625592417
3	0.0620248099239696
3	0.0627737226277372
3	0.0490956072351421
4	0.0680552191813999
4	0.0602121108450222
4	0.0542264752791069
4	0.0631936985320444
4	0.0585294730264528
4	0.0535019455252918
4	0.0591152549097401
4	0.05858310626703
4	0.0557239449755188
4	0.0679831660731628
4	0.0573051109963862
4	0.0593047034764826
4	0.0683217859892225
4	0.0717547292889759
4	0.0485837922895358
4	0.062575794324521
4	0.0630676949443016
4	0.0687976291278578
4	0.0573237508555784
4	0.0616074393889073
4	0.0615547489413188
4	0.0572167912593445
4	0.0620720123702231
4	0.0695492180312788
4	0.0650546021840874
4	0.0586578293289147
4	0.0658663205710577
4	0.071459319845028
4	0.061262959472196
4	0.0672798948751643
4	0.0481330221703617
4	0.0591039084842707
4	0.0611416288512061
4	0.0554235946159937
4	0.0528431935669156
4	0.0691532258064516
4	0.0664750957854406
4	0.0639863130881095
4	0.0578847714362997
4	0.0677685950413223
4	0.0708831341301461
4	0.0527561717957389
4	0.0482242990654206
4	0.0561212944105001
4	0.0558361774744027
4	0.0508749774490348
4	0.0618341824918944
4	0.0859349855165755
4	0.0651549025870329
4	0.0591794290035924
4	0.0611814345991561
4	0.053456040728412
4	0.0674157303370786
4	0.0690789473684211
4	0.0517061540753986
4	0.0502702702702703
4	0.0495726495726496
4	0.0646628757108042
4	0.0795297372060857
4	0.0680907877169559
4	0.0543863304855178
4	0.0650009759906305
4	0.055700325732899
4	0.0780723905723906
4	0.0660810541026153
4	0.0620862816708514
4	0.0633673736580257
4	0.0672409002500695
4	0.0544764456351864
4	0.0615327929255711
4	0.0566648677819752
4	0.0718509227736965
4	0.0555897435897436
4	0.0540822718730424
4	0.0585402000741015
4	0.049625468164794
4	0.0687397708674304
4	0.0584192439862543
4	0.0597684515195369
4	0.0716939078751857
4	0.0602368866328257
4	0.0757832345469941
4	0.0526418786692759
4	0.0698464025869038
4	0.0714670497396301
4	0.0524390243902439
4	0.0595396614038425
4	0.0659525309808864
4	0.0526007326007326
4	0.0583891068543734
4	0.0611798980335033
4	0.0537986186841149
4	0.0636200716845878
4	0.0561232510611539
4	0.0480427046263345
4	0.0603917301414581
4	0.0642244738893219
4	0.0601472995090016
4	0.055103550295858
4	0.065230166503428
5	0.0555998405739338
5	0.0641196505256923
5	0.0626600391625245
5	0.0646031746031746
5	0.0537001897533207
5	0.061895294897283
5	0.054440858706328
5	0.0556814961745537
5	0.0540112596762843
5	0.0592521308770965
5	0.0660311958405546
5	0.0538578423096404
5	0.0672085026570803
5	0.0603101665709362
5	0.0644496762801648
5	0.0623048730826659
5	0.0626795066734246
5	0.0549856380796061
5	0.0629533324209662
5	0.0633521782507483
5	0.0677828348504551
5	0.050251256281407
5	0.0575526828404463
5	0.0690131124913734
5	0.0578749058025622
5	0.0626669040413032
5	0.0613844144536352
5	0.0564668769716088
5	0.074417723915925
5	0.0596038524441214
5	0.0608353510895884
5	0.0678244222617257
5	0.0491573033707865
5	0.0574374079528719
5	0.07010115266996
5	0.0587979724837075
5	0.0643754361479414
5	0.0715331520602384
5	0.0655497722836695
5	0.0536534446764092
5	0.0446428571428571
5	0.0474060822898032
5	0.0597599804065638
5	0.0632662327834115
5	0.0542801210179747
5	0.0585424133811231
5	0.0663005897905227
5	0.0636188785323273
5	0.0658338960162053
5	0.0573913043478261
5	0.0637644760708804
5	0.0582798459563543
5	0.0572040883613584
5	0.0674651303820497
5	0.0667500390808191
5	0.0573796620975454
5	0.058060330846578
5	0.0519649236765184
5	0.0583290444330074
5	0.0623988491278547
5	0.0652095375722543
5	0.0648464163822526
5	0.0613645538958417
5	0.062415196743555
5	0.0548780487804878
5	0.0550607287449393
5	0.0476703060126096
5	0.0574037834311807
5	0.0589379207180254
5	0.0679985337243402
5	0.0422784362285512
5	0.0580880938642047
5	0.0695938529088913
5	0.0623084780388151
5	0.0472375229510933
5	0.064275733581742
5	0.0572352465642684
5	0.0609913099452848
5	0.0619233776387803
5	0.0603532875368008
5	0.0594091725150971
5	0.0610049767217852
5	0.05782700765597
5	0.0503915560095335
5	0.0628919548468016
5	0.0543496271748136
5	0.0669481302774427
5	0.0531491943921322
5	0.0604136134180101
5	0.0572234201360093
5	0.0636005800704371
5	0.0679558011049724
5	0.068752209261223
5	0.0554539914686167
5	0.0607201309328969
5	0.0536552649228706
5	0.074505424377792
5	0.0596205962059621
5	0.066098807495741
5	0.0626314208471012
6	0.0719667845609719
6	0.0660956277166965
6	0.0807267278516576
6	0.0641078552758289
6	0.0543834121498727
6	0.058786741713571
6	0.054806828391734
6	0.0473191214470284
6	0.052191798431675
6	0.0595097653689868
6	0.056989247311828
6	0.0650312091740456
6	0.0690115761353517
6	0.0622253471611883
6	0.067805953693495
6	0.0568953804347826
6	0.0563299599007065
6	0.0762425188654697
6	0.0521996060407091
6	0.0620607148197996
6	0.0535900104058273
6	0.0538095968112832
6	0.0665352390340069
6	0.0549861721164796
6	0.0594501223549734
6	0.0603891336270191
6	0.0627457990704326
6	0.060303568986736
6	0.0619142289122408
6	0.0630213160333642
6	0.0543270543270543
6	0.0520583053019382
6	0.0476093591047813
6	0.0731505717040915
6	0.0615361354702147
6	0.0585483870967742
6	0.0665630299604296
6	0.0476599398883641
6	0.069423929098966
6	0.0635505042420362
6	0.065136476426799
6	0.0639254738194668
6	0.0634124087591241
6	0.0730672324625381
6	0.0638032436285867
6	0.0618642654660664
6	0.0604550739079887
6	0.0604144713733755
6	0.0585686329326251
6	0.0591985428051002
6	0.0576047024246877
6	0.0668432851029142
6	0.0560715514275886
6	0.0690958572724524
6	0.0581360503446209
6	0.0591597157862218
6	0.0629566298771957
6	0.0576153640970926
6	0.056
6	0.064694159129235
6	0.0544610365165014
6	0.0620873718218851
6	0.0586261980830671
6	0.0662726132903457
6	0.0522151898734177
6	0.0662056601357408
6	0.0616355983162959
6	0.0516
6	0.0593561368209256
6	0.0597957538296157
6	0.0659912762065569
6	0.0653521126760563
6	0.0519651806911105
6	0.0646510131875201
6	0.071501186038631
6	0.0641476274165202
6	0.0714617888699426
6	0.0648773894574242
6	0.0634774609015639
6	0.0617246596066566
6	0.0725056143727943
6	0.0622359898620107
6	0.0518906983163124
6	0.0546798716696889
6	0.0491742438300241
6	0.0709371655710136
6	0.0564761582685154
6	0.0595419847328244
6	0.0578034682080925
6	0.0542635658914729
6	0.066372939169983
6	0.0694284064665127
6	0.0660006550933508
6	0.0545641729581332
6	0.0610852197070573
6	0.0805278294704788
6	0.0556657007777947
6	0.0602409638554217
6	0.0529600570613409
6	0.0630276564774381
7	0.0620283018867925
7	0.060291734197731
7	0.0580704160951075
7	0.0558930741190765
7	0.0597915523861766
7	0.0538116591928251
7	0.0599594868332208
7	0.0661784287616511
7	0.0624558927311221
7	0.0582051282051282
7	0.0646915700586804
7	0.0653439153439153
7	0.0647108130762783
7	0.0563380281690141
7	0.04957312035252
7	0.0564491184658212
7	0.0541909732883021
7	0.0529719741299661
7	0.0574339288350805
7	0.0578485537861553
7	0.0567033629920072
7	0.061260992696378
7	0.0647539884703043
7	0.0671772778043721
7	0.0570507429212223
7	0.0521792510742787
7	0.0498352010547133
7	0.0522048364153627
7	0.0536776439866531
7	0.0615107450778536
7	0.0631549136222033
7	0.068486646884273
7	0.0686300289245333
7	0.0528389339513326
7	0.0577219086711134
7	0.0627569197040285
7	0.0556805399325084
7	0.0690848886213125
7	0.0659025787965616
7	0.0555336228451112
7	0.0631309326502938
7	0.0646452208711713
7	0.0641608150901831
7	0.0635402906208719
7	0.0530130183867937
7	0.0657134164891999
7	0.0671575472895772
7	0.0667308309271736
7	0.0712410292315771
7	0.0697616989751821
7	0.0596366508688784
7	0.0607963655799038
7	0.0635266753888647
7	0.0688914351188771
7	0.0649439743882918
7	0.0660419455600178
7	0.0641711229946524
7	0.0568994370911304
7	0.0629390681003584
7	0.0646246246246246
7	0.058169375534645
7	0.0581241743725231
7	0.0648878867593636
7	0.0655531043176804
7	0.0564334085778781
7	0.0626151012891344
7	0.0574156588160407
7	0.0626801152737752
7	0.0801701570680628
7	0.0627707915037514
7	0.0700797872340426
7	0.0657179818887452
7	0.0648795648795649
7	0.0526093684062456
7	0.0650069156293223
7	0.0613107822410148
7	0.0607614408409178
7	0.0550534100246508
7	0.0732556379597397
7	0.0617795622328714
7	0.0608923884514436
7	0.0645751266178953
7	0.061428261341437
7	0.0556368960468521
7	0.0559689420899385
7	0.0530488683869108
7	0.0718361375274323
7	0.0536387358654683
7	0.0585164835164835
7	0.0562930599899177
7	0.0637945318972659
7	0.0600600600600601
7	0.0560606060606061
7	0.0541619867714963
7	0.0504475183075671
7	0.0689545598983159
7	0.0578175895765472
7	0.0694552026852569
7	0.069276393831554
7	0.066006600660066
8	0.0548936170212766
8	0.059752944556162
8	0.0583501006036217
8	0.0720998737550849
8	0.0658315224338489
8	0.0543460732139977
8	0.0574390585598207
8	0.051778093883357
8	0.0523690773067332
8	0.0647264823088999
8	0.0616272824919441
8	0.0641099688113665
8	0.0641494643323752
8	0.0607760635811127
8	0.0669404517453799
8	0.0718446601941748
8	0.0632141267250334
8	0.0652934841141626
8	0.0570414501204208
8	0.0672720755167881
8	0.0650858940237116
8	0.0754896142433234
8	0.0651162790697674
8	0.0529585798816568
8	0.0552777046591208
8	0.0604276790004805
8	0.0582364830722587
8	0.0599657338663621
8	0.0539879608728367
8	0.0643231114435303
8	0.0589913133670427
8	0.0573913043478261
8	0.0650438424290014
8	0.05326695706285
8	0.0670264129508662
8	0.074676572306904
8	0.0552868906025356
8	0.0581970330924306
8	0.0600055050922103
8	0.0603709062212285
8	0.0624383831744989
8	0.0625995344848708
8	0.0648656254397073
8	0.0673162090345438
8	0.054688618468146
8	0.0566369288997026
8	0.0666288308740068
8	0.0491850989522701
8	0.0662687480869299
8	0.0546212447894207
8	0.0720980533525595
8	0.0607016160819866
8	0.0610285006195787
8	0.0653804930332262
8	0.0615246866206191
8	0.0609042553191489
8	0.0606648871633099
8	0.0606425702811245
8	0.0732899022801303
8	0.0589591567852437
8	0.065084893339138
8	0.0570530098831986
8	0.0603007945516459
8	0.0629082990563755
8	0.0557422969187675
8	0.0623751387347392
8	0.0666005384724387
8	0.0556556195965418
8	0.0687796111746447
8	0.057776560788609
8	0.0538106495553304
8	0.053490369279843
8	0.0603514132925898
8	0.0579411427917096
8	0.0552370297860439
8	0.0627306273062731
8	0.0525943396226415
8	0.0577343448630577
8	0.0563491023456952
8	0.0697149643705463
8	0.0637885863993621
8	0.0533106479512264
8	0.0533498759305211
8	0.0625701109310732
8	0.0601790887542797
8	0.0606140120703227
8	0.0597032640949555
8	0.0744360902255639
8	0.0716757291151755
8	0.0545107658762606
8	0.0615007735946364
8	0.0580849437711541
8	0.0621611853993495
8	0.0664675130694548
8	0.0570017953321364
8	0.0566801619433198
8	0.0674463937621832
8	0.0618347693867207
8	0.0603768747596462
8	0.0619519416922902
9	0.0688561721404304
9	0.0543347982421095
9	0.0654873477038426
9	0.0624598242982644
9	0.0623568337999491
9	0.0628031991608758
9	0.0636211699164345
9	0.0573606097071801
9	0.0702610392778727
9	0.0576352592174036
9	0.0455431508063087
9	0.0561370123691722
9	0.0588365650969529
9	0.0668597634564325
9	0.0610202931228861
9	0.0574426093279319
9	0.0589094449853944
9	0.0664597602739726
9	0.0594091201027617
9	0.0606027870800475
9	0.0554872047244094
9	0.0598066298342541
9	0.0644834998103427
9	0.061279296875
9	0.0640240738819135
9	0.0586804821315289
9	0.0644216691068814
9	0.0634415186772811
9	0.070459233525133
9	0.0550257731958763
9	0.063813025210084
9	0.0610333692142088
9	0.066030534351145
9	0.0707498715973292
9	0.0631489978266119
9	0.0667161646160373
9	0.0619904630056914
9	0.0576772314928883
9	0.0633916554508748
9	0.0670175889074336
9	0.066613375965894
9	0.0602675974403723
9	0.0619356882623159
9	0.0577716643741403
9	0.0613441587731168
9	0.0636164573009105
9	0.0692539769610532
9	0.0705135879324793
9	0.0577626127223982
9	0.0714743179198156
9	0.0553235908141962
9	0.0536743009695096
9	0.052746746516181
9	0.0541089345437172
9	0.061712846347607
9	0.07064410804393
9	0.0636109558412521
9	0.0663236774410021
9	0.0654418958582455
9	0.0640286848508132
9	0.0603388257136227
9	0.0603020382300137
9	0.0714666098626052
9	0.054389423634466
9	0.0605190766654706
9	0.0648769574944072
9	0.0683277118920683
9	0.0629488330341113
9	0.0611865784279577
9	0.0658084696823869
9	0.0592885375494071
9	0.0654809108417356
9	0.0686910377358491
9	0.053959439884114
9	0.0589598053978918
9	0.0641730839750642
9	0.0661128418137764
9	0.0626744481096169
9	0.0557998483699773
9	0.0568015327397723
9	0.0574728260869565
9	0.0584758285834917
9	0.0600274725274725
9	0.0624786616592694
9	0.0566100198631649
9	0.062207838906868
9	0.0594566888774987
9	0.0537620578778135
9	0.0527979395926013
9	0.064787603526583
9	0.0520138374104275
9	0.0545519372474447
9	0.0686458333333333
9	0.0532076107088735
9	0.0627374096311726
9	0.0658576814326107
9	0.0646364201367309
9	0.0667001003009027
9	0.070045045045045
9	0.0569559668155712
10	0.0602313974591652
10	0.0660268270120259
10	0.0692913385826772
10	0.0527244650341937
10	0.0571327182398864
10	0.0781855482106223
10	0.063231850117096
10	0.0640457932822119
10	0.0566169617893756
10	0.0673921725239617
10	0.0650583997380199
10	0.0644332774986041
10	0.0554440541896638
10	0.058706363350456
10	0.0650908244061481
10	0.0620245757753072
10	0.0696735106024907
10	0.063736797377686
10	0.0682672486964957
10	0.0608028963901608
10	0.0615916955017301
10	0.0678061396604071
10	0.0527497194163861
10	0.0622302975244152
10	0.0641858633589289
10	0.0636717368234878
10	0.0644420131291028
10	0.061150234741784
10	0.064549713690786
10	0.0617785107192693
10	0.0639859416994005
10	0.0622355822756624
10	0.0608191973520894
10	0.0652295320004468
10	0.0720678832965245
10	0.0645053102291783
10	0.0570275044158466
10	0.0634815306348153
10	0.061867266591676
10	0.0582679453647196
10	0.0615563298490128
10	0.0576319095477387
10	0.0645416227608008
10	0.0589122240172321
10	0.0547601105249937
10	0.0635141861622698
10	0.0611491256652547
10	0.0631464344039194
10	0.0666666666666667
10	0.0690434345970374
10	0.0622346584330374
10	0.0713079620729965
10	0.0665183537263626
10	0.0645242279688677
10	0.0603487838458008
10	0.0573604060913706
10	0.0681585823014881
10	0.0631337912986588
10	0.0672604014355975
10	0.06843884808208
10	0.064504590437582
10	0.0619708372530574
10	0.0630639663124123
10	0.0633291037028492
10	0.0661878453038674
10	0.0589551512793073
10	0.0667752442996743
10	0.0662336155898388
10	0.056989247311828
10	0.0538948772085787
10	0.0583792855430352
10	0.0649143767423337
10	0.0566443865412938
10	0.0603707811757249
10	0.0533968413136124
10	0.0661625708884688
10	0.0629563009205375
10	0.0623944001930968
10	0.0648870636550308
10	0.0597788527988943
10	0.0609505763461235
10	0.0612462654716176
10	0.0583605082649275
10	0.0606060606060606
10	0.0575345976422348
10	0.0640014840923848
10	0.0669751896130608
10	0.0614389652384802
10	0.0628651806968189
10	0.0695640473627556
10	0.0642404597023722
10	0.0686080947680158
10	0.0606060606060606
10	0.065049398415338
10	0.0592947050868615
10	0.0681650311279941
10	0.0731957587504275
10	0.0658983050847458
10	0.0627293960627294
10	0.060654779304297
11	0.0560922063666301
11	0.0631604226705091
11	0.0641412448318248
11	0.0694276906580887
11	0.0634937688010314
11	0.0609998673915926
11	0.0579957356076759
11	0.0605908360128617
11	0.0592935726693688
11	0.0576302923124935
11	0.0577395577395577
11	0.0664009231091996
11	0.0659103800340329
11	0.0644059813964441
11	0.0622801572522243
11	0.0620075368276807
11	0.0661423291954894
11	0.0654580849251734
11	0.0662225705329154
11	0.0657151068109972
11	0.0610197538525184
11	0.0694832402234637
11	0.0688780487804878
11	0.0641011898381391
11	0.0633963832882977
11	0.066513040745784
11	0.0675819623624098
11	0.0636038186157518
11	0.0617612293144208
11	0.0604947607216161
11	0.0612943727884945
11	0.0648066783831283
11	0.0711588153448619
11	0.053870761356366
11	0.0621613006056742
11	0.0691606050109687
11	0.0658789831722163
11	0.0618800721370604
11	0.0645320806032884
11	0.0581919690788061
11	0.0590602284527518
11	0.0560595487322633
11	0.0584655769001313
11	0.0539671985815603
11	0.0662126371547484
11	0.0650943396226415
11	0.0651044427950376
11	0.0674157303370786
11	0.0550619721399583
11	0.0611736810906935
11	0.0648148148148148
11	0.0665373202465191
11	0.0619263635404579
11	0.0602706027060271
11	0.0559130241846017
11	0.0661610161747236
11	0.060990099009901
11	0.0562987088519251
11	0.0652047124693806
11	0.0686298976790616
11	0.0644586521329001
11	0.067106051527861
11	0.0660499353426838
11	0.0668297564772601
11	0.0602841112570133
11	0.0602239245727755
11	0.0601979742173112
11	0.0578221013397804
11	0.052570432762126
11	0.0626971231960241
11	0.05955441302485
11	0.0637932774805693
11	0.0642405803884858
11	0.0695950328977852
11	0.0694580078125
11	0.0606671143944482
11	0.0580013976240391
11	0.0644982443171318
11	0.0653074941189649
11	0.0660856134157105
11	0.064651051625239
11	0.0652151898734177
11	0.0614629586351951
11	0.0598844161020327
11	0.0651386031932609
11	0.0545938748335553
11	0.0627782216641936
11	0.068239035378296
11	0.062905111040272
11	0.0604368329610325
11	0.0591327201051248
11	0.0624695922934709
11	0.0673682038584546
11	0.0582138122212848
11	0.0606633081444165
11	0.0659230480010026
11	0.0615352740080804
11	0.0678324793940744
11	0.0672986891385768
11	0.0598471487360376
12	0.0668845315904139
12	0.0637311703360371
12	0.0514024175566248
12	0.0629837769059485
12	0.0654072941690325
12	0.0667320902845927
12	0.0632545146163823
12	0.0655958449552756
12	0.0529994175888177
12	0.0640364188163885
12	0.0705765407554672
12	0.0628307623015426
12	0.0646560030834458
12	0.0570790816326531
12	0.0641836040066129
12	0.0671108995716326
12	0.0723055934515689
12	0.0594807405831028
12	0.0646582641664105
12	0.0624798365415636
12	0.0651864814612272
12	0.0614879136352969
12	0.0629758538177072
12	0.0561392665842604
12	0.0601326289760593
12	0.0611479028697572
12	0.0641838351822504
12	0.0599212108646071
12	0.0630754577203937
12	0.0583735909822866
12	0.0671615821830414
12	0.0643406490339524
12	0.0626272912423625
12	0.0644401627060587
12	0.0605247101891397
12	0.0635848388239462
12	0.0646342670493913
12	0.0714970697922216
12	0.0660833953834698
12	0.0635188866799205
12	0.0683496858119281
12	0.0598457695231889
12	0.071188717259906
12	0.0705786280914606
12	0.050730124391563
12	0.063836511113452
12	0.0638341755182015
12	0.06813385589388
12	0.0574546952224053
12	0.0654205607476635
12	0.062512789032126
12	0.0682443588332416
12	0.0600667408231368
12	0.0633925461511668
12	0.0654893303899926
12	0.0679257095158598
12	0.0620548110587951
12	0.0657519209659715
12	0.0666807566310895
12	0.063351282863478
12	0.0573240785064624
12	0.0712620712620713
12	0.0651987110633727
12	0.0619084411821518
12	0.0616014272221639
12	0.0583290088220031
12	0.0623719786972552
12	0.0623668999087314
12	0.0619344223763074
12	0.0593782383419689
12	0.0587401777663275
12	0.058444875855727
12	0.0609508329947176
12	0.056540764624597
12	0.0584823586273562
12	0.0617708239124536
12	0.0617823947512302
12	0.0633269366730633
12	0.0631209818819404
12	0.0697533360291144
12	0.0591600869664721
12	0.0668454319095959
12	0.0626612209802236
12	0.068354951616224
12	0.0626300663957982
12	0.0563699201525444
12	0.0692121594614495
12	0.0678439588945425
12	0.0550046125461255
12	0.0655701993246923
12	0.063006177076184
12	0.0599289454001496
12	0.0661324786324786
12	0.0662004662004662
12	0.0665624083667286
12	0.0652553470100393
12	0.066771715580067
12	0.0761497863784871
12	0.0623041474654378
12	0.0548559231590181
13	0.0659403669724771
13	0.0605228359271692
13	0.0583296114336758
13	0.0559585492227979
13	0.0654171260565968
13	0.0637264240807773
13	0.0697923774247003
13	0.063351282863478
13	0.0635205454871703
13	0.062156862745098
13	0.0636744231330932
13	0.0669377541445105
13	0.0647829823807477
13	0.0588474025974026
13	0.0630760023937762
13	0.070822358794264
13	0.065112540192926
13	0.073924278170992
13	0.0604593560009007
13	0.059375
13	0.0753057717578085
13	0.0630013905230506
13	0.0619583256500092
13	0.0650217413287491
13	0.0574537540805223
13	0.0643973414765583
13	0.0651096282173499
13	0.0647249190938511
13	0.0622058992310341
13	0.0616166839021027
13	0.0653935724266418
13	0.0698477157360406
13	0.0640898579451602
13	0.0630098452883263
13	0.0679241688101362
13	0.0624381555511577
13	0.0628266988339365
13	0.0644244868035191
13	0.0595976073953235
13	0.0631201764057332
13	0.0606273173664696
13	0.0617469879518072
13	0.0642051057302509
13	0.0578354821136735
13	0.0650491528968835
13	0.0627285513361463
13	0.0615236464797774
13	0.0682263116679718
13	0.0597251062988233
13	0.0699630003363606
13	0.0652498135719612
13	0.0663275686673449
13	0.0598228995057661
13	0.0569803316621674
13	0.0702692195548644
13	0.063722524702561
13	0.0628112613070434
13	0.065121644295302
13	0.0661749428630792
13	0.0678313488190513
13	0.0636935991605456
13	0.0676236044657097
13	0.0634272199526983
13	0.0628904271484045
13	0.0613302315744951
13	0.0710654737698251
13	0.070543835881556
13	0.067561761546724
13	0.0626066017858934
13	0.0649914982051766
13	0.0629321575308147
13	0.0644804345639272
13	0.0669356507345334
13	0.0626807104502272
13	0.0644453312051077
13	0.0641753949937866
13	0.0597844204911657
13	0.064819600951101
13	0.0644003378378378
13	0.0622804963708733
13	0.0610133333333333
13	0.0671970051474029
13	0.0611583184257603
13	0.067779632721202
13	0.0609607951408062
13	0.0651649235720032
13	0.0672640080767289
13	0.0626853865928416
13	0.0670417252695734
13	0.0705363703159442
13	0.0622230428360414
13	0.0597609561752988
13	0.0626764539808018
13	0.0663764961915125
13	0.0650226472068445
13	0.0596245501410369
13	0.0652924351513956
13	0.0565577766942955
13	0.0621817469643557
13	0.0612160627645298
14	0.060790273556231
14	0.0577631709989045
14	0.0703373015873016
14	0.066190334424928
14	0.0665905631659056
14	0.0666357738646895
14	0.0673799628614378
14	0.0633253301320528
14	0.0636042402826855
14	0.062792619113192
14	0.0641992458821195
14	0.0681099722195613
14	0.0695933456561922
14	0.0616020671834625
14	0.0676473434626923
14	0.0697456993268512
14	0.06074537806906
14	0.0614990997820525
14	0.0645870825834833
14	0.0624127617148554
14	0.0640988230716856
14	0.0599716497655654
14	0.0691416224710273
14	0.068324142443219
14	0.0668076855279394
14	0.0633505846271804
14	0.0683383852300909
14	0.0627052219044593
14	0.0623308851952068
14	0.0649781659388646
14	0.060151702240254
14	0.0680308741698079
14	0.0634985244733896
14	0.0603619823746802
14	0.0596868884540117
14	0.0650571323258386
14	0.0633630398589756
14	0.0633235004916421
14	0.0712826996012837
14	0.0623874087418223
14	0.0701277521065507
14	0.0647945917836713
14	0.0634646628757108
14	0.0627569197040285
14	0.0676048022042905
14	0.0706012134583563
14	0.0599306587419515
14	0.0697630151327686
14	0.0669994240737186
14	0.062789598108747
14	0.063338002801681
14	0.0624884792626728
14	0.0606250784486005
14	0.0584318139185894
14	0.0621357398007144
14	0.0583605082649275
14	0.0580192165558019
14	0.0670731707317073
14	0.0719646799116998
14	0.0659311326630483
14	0.0603544776119403
14	0.0704054871898326
14	0.0611167512690355
14	0.0619647839892235
14	0.0589699406471377
14	0.0658751838621559
14	0.0682377049180328
14	0.0640620511347314
14	0.05669045059134
14	0.0663619918118633
14	0.0622243528283797
14	0.0624866252942435
14	0.064851235501765
14	0.0609173435260392
14	0.0657881500855045
14	0.0595152140278494
14	0.059424859080921
14	0.0624707752735434
14	0.0677506775067751
14	0.0602443346078523
14	0.0612979630506869
14	0.0630486078338839
14	0.0648927504751561
14	0.0604799690342559
14	0.0604214886100621
14	0.0557929998844865
14	0.0632979198285867
14	0.0640828463037014
14	0.0592406221408966
14	0.0646795827123696
14	0.0617935192162773
14	0.0635696821515892
14	0.0675074857091008
14	0.0623298601332958
14	0.0642509135200974
14	0.0701194492568615
14	0.0678663731214703
14	0.0664987875396381
14	0.0617649965411602
14	0.0697093956141915
15	0.0646113479829452
15	0.0728966285309304
15	0.0593019005847953
15	0.06075781914391
15	0.0641848523748395
15	0.0655632674853177
15	0.0653074227460975
15	0.0629048086359176
15	0.0677425782028293
15	0.0660485347985348
15	0.0641859575282189
15	0.0704716461736098
15	0.062603975133526
15	0.0617419060647515
15	0.072708605562815
15	0.0680259146341463
15	0.065906090891948
15	0.0675295441755768
15	0.0634592680047226
15	0.0609336609336609
15	0.06463089238067
15	0.0558783141438682
15	0.0661511227056741
15	0.0634962111314345
15	0.0625504077426293
15	0.0627426936439812
15	0.0642479953060825
15	0.0680140597539543
15	0.0572095193653756
15	0.0643460874307007
15	0.0673914996855063
15	0.059243915069912
15	0.0639864578925095
15	0.060129273686001
15	0.0577401692384271
15	0.0618789521228546
15	0.066944847605225
15	0.0643851006827413
15	0.0633905736207526
15	0.0621696676520649
15	0.0611798980335033
15	0.0625266752027315
15	0.0624667258207631
15	0.0610487616099071
15	0.063527720370204
15	0.0622321428571429
15	0.0628353816859962
15	0.0627978693580039
15	0.0726286686516376
15	0.0645287829753849
15	0.06356059845366
15	0.0652382196672764
15	0.067311411992263
15	0.0653506929861403
15	0.0657448706512043
15	0.0689831898318983
15	0.0673781902552204
15	0.0677613801704427
15	0.0671943869749033
15	0.0645653833569637
15	0.0629841386942088
15	0.0688515560451666
15	0.0615796519410977
15	0.0638185654008439
15	0.0622963767400533
15	0.0659283613081848
15	0.0565643121969769
15	0.0645567169957414
15	0.0584164644558282
15	0.0632562277580071
15	0.0651405338518649
15	0.0631629701060752
15	0.0625771196897585
15	0.0611166772930139
15	0.068426724137931
15	0.0538909696213067
15	0.0647428782833888
15	0.0653436592449177
15	0.0673045469414459
15	0.0653859407305307
15	0.0584972791963164
15	0.0624876604146101
15	0.0663648409893993
15	0.0611673902556681
15	0.0604315231303712
15	0.0723932016536518
15	0.060212298682284
15	0.0577474537723722
15	0.0623630387143901
15	0.0605435156518748
15	0.0647877337587521
15	0.0678961467133732
15	0.0610927152317881
15	0.0647519133201479
15	0.0655017664470543
15	0.0644220351695975
15	0.0639137857447717
15	0.0632178541413764
15	0.0685208353382735
15	0.0700020379050336
16	0.058659217877095
16	0.0617577197149644
16	0.0630711342053395
16	0.068509396095603
16	0.0622779128483262
16	0.0650438169425511
16	0.0649477228424597
16	0.0649425841937663
16	0.05870719267201
16	0.0604290278411684
16	0.064968152866242
16	0.0633712308452793
16	0.0602893890675241
16	0.0583667548425634
16	0.0618586640851888
16	0.0688255536927557
16	0.0660155228045696
16	0.0609908781971025
16	0.0638204993888598
16	0.0719092096012855
16	0.0658067912608581
16	0.0651995998908793
16	0.06292343387471
16	0.071187278569663
16	0.0654170216794471
16	0.0688121613972669
16	0.063978353844811
16	0.0625801282051282
16	0.0601249788887012
16	0.0623137108792846
16	0.059127386772438
16	0.0663029406325134
16	0.0663602413099684
16	0.0649413122955551
16	0.0612204333134566
16	0.0637068965517241
16	0.0645048509745652
16	0.0624214899990337
16	0.0663270032422418
16	0.0581145950362578
16	0.063891577928364
16	0.0653736833305467
16	0.0598597878842351
16	0.0618638118638119
16	0.0642528843448082
16	0.0596676737160121
16	0.0665115878349272
16	0.063686850591186
16	0.0681046351537403
16	0.0663960568280661
16	0.064657438233748
16	0.0674879971011867
16	0.0643382352941176
16	0.0660642741454266
16	0.0673265477635634
16	0.066425011327594
16	0.0694994598487576
16	0.0617283950617284
16	0.064404432132964
16	0.0619660125809783
16	0.0612976235382874
16	0.0677027509824937
16	0.0572027553159629
16	0.0653783290068263
16	0.0681098744000817
16	0.0645030425963489
16	0.060564286370738
16	0.0686248091260217
16	0.0647075994940158
16	0.0608867164051111
16	0.0603788476716654
16	0.0704087966657799
16	0.0615478366849482
16	0.0638379204892966
16	0.0649880911874787
16	0.0624291568576162
16	0.0636593129184502
16	0.0650695060632949
16	0.0568690668099588
16	0.0624826693779462
16	0.0611999630211704
16	0.0709286445885968
16	0.06265552790615
16	0.0612991765782251
16	0.0627181077937185
16	0.0750681061446877
16	0.0623851525174568
16	0.064327485380117
16	0.064304932735426
16	0.0659228170744191
16	0.0598985659321441
16	0.0653605954316024
16	0.0678846498298406
16	0.0597885526795479
16	0.061905556482563
16	0.0632900580799453
16	0.0647307451471509
16	0.0643426985778703
16	0.0671182266009852
16	0.0613615455381785
17	0.0583729273732183
17	0.0624384126130968
17	0.0636424061149884
17	0.0628745275191297
17	0.060176170607325
17	0.0636246786632391
17	0.0614786767636509
17	0.0668082326037243
17	0.0652262535670607
17	0.0614166300043995
17	0.0644752408315025
17	0.061188486536676
17	0.062702610476028
17	0.0615252947888931
17	0.0708180708180708
17	0.0693682534064767
17	0.0666666666666667
17	0.0685259727812919
17	0.0630826319123903
17	0.0638760532753466
17	0.0618529795563288
17	0.0641468290023623
17	0.057148141298317
17	0.0612604671661525
17	0.0634670862837661
17	0.0635597234062707
17	0.0653757491931766
17	0.0619873228933632
17	0.0649995643460835
17	0.0645802285146547
17	0.0636093418259023
17	0.062582671957672
17	0.0635176239040973
17	0.0586984262016163
17	0.0642389525368249
17	0.0721844618428977
17	0.0621859296482412
17	0.0646477468492157
17	0.0593641564287724
17	0.0634473994735409
17	0.0673184357541899
17	0.0676791646891315
17	0.0625488663017983
17	0.060916044604184
17	0.0618242579123255
17	0.0598423664493529
17	0.0673277661795407
17	0.0637571157495256
17	0.0684580934101088
17	0.0659647968415858
17	0.0598393921077627
17	0.0594456289978678
17	0.0650679456434852
17	0.0590137429264349
17	0.0661046657207245
17	0.0573934280639432
17	0.0538133585978209
17	0.0578411759589458
17	0.0690180157320477
17	0.0667679581328606
17	0.0654578422484134
17	0.0672239637756879
17	0.0669860344267619
17	0.0612582781456954
17	0.0648452360366592
17	0.0689776836905707
17	0.0624488124488125
17	0.0671165092217724
17	0.065651760228354
17	0.0600919348098621
17	0.0612423447069116
17	0.0630591124364147
17	0.0633613308325858
17	0.0690665933864615
17	0.0636639237765266
17	0.0647243693196297
17	0.0664781975499015
17	0.0608365019011407
17	0.0571480904844766
17	0.0652457590256633
17	0.0608205030123362
17	0.0664389941012108
17	0.0663120242135192
17	0.0668276972624799
17	0.0649186256781193
17	0.0672984957829754
17	0.0668446966535926
17	0.062029330162505
17	0.0596430522673466
17	0.0617583369423993
17	0.0660540370719447
17	0.0694400338731873
17	0.0633464005702067
17	0.0573989321128909
17	0.0606877950101146
17	0.0597181304243968
17	0.0652845169827967
17	0.0597552195824334
17	0.063855761104329
17	0.0637773722627737
18	0.060840513451732
18	0.0623425692695214
18	0.0643870181849822
18	0.063195228115428
18	0.066771957532684
18	0.0652746095806282
18	0.0652798328836278
18	0.063717148799395
18	0.0633357945688736
18	0.0687630610010946
18	0.0616294217857501
18	0.0655780879641823
18	0.0634493366660258
18	0.0588338602037232
18	0.0614625392552714
18	0.0694444444444444
18	0.0603402911769865
18	0.0604922820191907
18	0.0633617859487853
18	0.0628957365977206
18	0.063278659137761
18	0.0642717688402968
18	0.0627540915250704
18	0.0606159538578735
18	0.0556218057921635
18	0.0544847328244275
18	0.0656406768131962
18	0.0681026290782388
18	0.0644885391720835
18	0.0665024630541872
18	0.0608407972242395
18	0.0629219101591799
18	0.0588584513612077
18	0.059890015466575
18	0.0647506925207756
18	0.0610565684899486
18	0.06172224987556
18	0.0660258031874526
18	0.0650148662041625
18	0.0645770717045942
18	0.0602895363752978
18	0.0695916594265856
18	0.0658721737001061
18	0.0648567119155355
18	0.0649576903932305
18	0.0655419132585461
18	0.0576820839978735
18	0.0628935707066781
18	0.0690543460196111
18	0.0666027024866075
18	0.065437484566631
18	0.0619603453789575
18	0.0662027123483226
18	0.0694219110238238
18	0.0662819315963677
18	0.068273444347064
18	0.0617191870221891
18	0.0698201982860023
18	0.0611664295874822
18	0.0638246628131021
18	0.063474025974026
18	0.0608470335954253
18	0.0664312695023813
18	0.0679258990192517
18	0.0699947634840286
18	0.073055631182503
18	0.0628145219266715
18	0.0592860008022463
18	0.0622240476434952
18	0.0671850079744817
18	0.0651784953565647
18	0.066363044892648
18	0.0646333894848834
18	0.0661745085831184
18	0.0661114887831407
18	0.0679551122194514
18	0.0610401744004983
18	0.0661083392729865
18	0.0632717363535723
18	0.06310051736881
18	0.0643177225199895
18	0.0594789166952348
18	0.0565787143616079
18	0.0644928697324147
18	0.0676622418879056
18	0.0605205116894574
18	0.0613658858462554
18	0.0625654699552424
18	0.0614242597275471
18	0.0617822487314164
18	0.0654767409599556
18	0.0624485690774435
18	0.0639766176828773
18	0.065071368597817
18	0.0658056580565806
18	0.0683537698930342
18	0.0670467951238694
18	0.0677160190195114
18	0.0711393337014541
18	0.0603605750138988
19	0.0651295459947706
19	0.0628215542919036
19	0.0630884364689788
19	0.0669363153303196
19	0.0604869713797522
19	0.0677513774104683
19	0.0621501963077437
19	0.063355727527851
19	0.0623391715779862
19	0.0616888735075273
19	0.0638126009693053
19	0.0641025641025641
19	0.0681191870478815
19	0.0599366384108228
19	0.0650383939309834
19	0.0630580357142857
19	0.0632545063667934
19	0.0624889984157719
19	0.0585681106735333
19	0.060475161987041
19	0.0624158060170633
19	0.0639352387245994
19	0.0657596371882086
19	0.064110305958132
19	0.0633069955675467
19	0.0588190066123328
19	0.0582118734447209
19	0.0660410764872521
19	0.0649340001639747
19	0.0687686196623635
19	0.06313376245481
19	0.0667369834116406
19	0.0603357391939015
19	0.0644274045674279
19	0.0654587441158185
19	0.065546218487395
19	0.0680255199270859
19	0.0672747050456029
19	0.0689798635380263
19	0.0633499170812604
19	0.0616775651893114
19	0.0697494437457676
19	0.0654365436543654
19	0.0662351853408422
19	0.0656352914145669
19	0.0630105961336245
19	0.0658687646468028
19	0.0627216887273986
19	0.0614156835530881
19	0.0572761644276406
19	0.0660394427356613
19	0.0671731307477009
19	0.0567820558106676
19	0.0616562397102404
19	0.0638242894056848
19	0.0659986178299931
19	0.0641320064642341
19	0.0689370825430857
19	0.0702254470069966
19	0.0625167455568456
19	0.0634934574514798
19	0.0670261941448382
19	0.0641660015961692
19	0.0657562361856647
19	0.0670275844289765
19	0.0660611065235343
19	0.0672043010752688
19	0.0636931914174692
19	0.0681003584229391
19	0.0567678145243778
19	0.0622280600935884
19	0.0656110434429557
19	0.0611163347294641
19	0.0642677969033821
19	0.0607801877630301
19	0.0629441624365482
19	0.0655138821237214
19	0.064693070904251
19	0.0650968415976854
19	0.0627923713566031
19	0.0627522029152598
19	0.0686169775659463
19	0.0688058998901616
19	0.0675140462374505
19	0.0642072902942468
19	0.0711409395973154
19	0.0609235835641045
19	0.0652420409943306
19	0.0608958639856139
19	0.06940091340557
19	0.0657687598390764
19	0.0624131944444444
19	0.061262959472196
19	0.0661163915290979
19	0.0715075248703342
19	0.0631020768890853
19	0.0639121015165583
19	0.0717350821795806
19	0.0633859536082474
19	0.0647102464759707
20	0.0635451505016722
20	0.0689453939141309
20	0.0625395820139329
20	0.0605881857251201
20	0.0681194377443234
20	0.0655553636206599
20	0.0623065645870663
20	0.0623470851261284
20	0.0659163987138264
20	0.0616025593333829
20	0.060638110347259
20	0.0675997617629541
20	0.0588449626525779
20	0.0609560745299722
20	0.065978198508319
20	0.0650872607705927
20	0.0661066778664427
20	0.0652671454502407
20	0.0669077757685353
20	0.0630827383452331
20	0.0686744994208175
20	0.0628097761066484
20	0.0652915509718366
20	0.0630205646052922
20	0.0650887573964497
20	0.0614082969432314
20	0.0609876543209877
20	0.0640087475817983
20	0.0620994283734627
20	0.0632930862108744
20	0.0665952235150031
20	0.0621497707590423
20	0.0668815471394037
20	0.0615463302361265
20	0.0617233817916024
20	0.0607180570221753
20	0.0652209359204305
20	0.0665881429132313
20	0.0646943503831759
20	0.0650293733681462
20	0.0652769190000883
20	0.0660159260210634
20	0.0643112346169115
20	0.0631026170798898
20	0.0650939274792486
20	0.0650785854616896
20	0.0612299465240642
20	0.0639530073632829
20	0.0662571662571663
20	0.0608849856443168
20	0.0674717773693883
20	0.0635473701675792
20	0.0632183908045977
20	0.0649401455285189
20	0.0594320288865034
20	0.0637879502910178
20	0.0653881700554529
20	0.0622001654259719
20	0.0622976098689283
20	0.060586104708594
20	0.0670736737892913
20	0.064851307774991
20	0.0598319048015312
20	0.0649052693901717
20	0.0644232499550117
20	0.0662514156285391
20	0.0676231227451967
20	0.0610009129388331
20	0.067773543821448
20	0.0690057569628131
20	0.0682032387970183
20	0.0606413541424024
20	0.0656192969927795
20	0.0584133234883912
20	0.0611585944919278
20	0.068161507839792
20	0.0657820667470848
20	0.0591907697170855
20	0.0641453141453141
20	0.0665149215983814
20	0.0554198601869789
20	0.0603455268067159
20	0.0617953717046707
20	0.0667341601282376
20	0.0698212220937472
20	0.0631646793425717
20	0.0628386575010109
20	0.0673894392013104
20	0.0629210042865891
20	0.0651408450704225
20	0.0630108991825613
20	0.0675957606609363
20	0.0623319481789294
20	0.065248680633296
20	0.0650799553737449
20	0.0674310455420141
20	0.0639135468930915
20	0.0668056713928274
20	0.0651148638369086
20	0.0583884167453573
21	0.0606825834098561
21	0.058646898751994
21	0.0605334611084491
21	0.0638333613304216
21	0.0649042535163532
21	0.0584639228517307
21	0.064414022315423
21	0.0650859325270528
21	0.0702902197617849
21	0.071328900927522
21	0.0652755484216158
21	0.0660385224714417
21	0.0643465795970375
21	0.0671110089634567
21	0.0627679643285886
21	0.065551996249707
21	0.0662605357589919
21	0.065622729840988
21	0.060775899816096
21	0.061492343838613
21	0.065166356350684
21	0.0634945643611155
21	0.062804590473196
21	0.0640447561790247
21	0.0623764928258441
21	0.0656534485418917
21	0.063972538617569
21	0.0631882093850584
21	0.0629632937393945
21	0.064741641337386
21	0.064587593728698
21	0.0634072959759308
21	0.061833855799373
21	0.0645295241259032
21	0.0686174790704953
21	0.0667526142386478
21	0.0629364745477493
21	0.0639771448359449
21	0.0688173722855804
21	0.0624643235749817
21	0.0621215891183545
21	0.0625599232981783
21	0.064524270211155
21	0.061931340316538
21	0.0656982745907683
21	0.0656396517079705
21	0.0690184049079755
21	0.0677059097254537
21	0.0624331660771572
21	0.061575940860215
21	0.0604276686001212
21	0.0622518946228798
21	0.0649148586740427
21	0.058008909548712
21	0.0619998383315819
21	0.0616823977479715
21	0.0652993515306892
21	0.0707957062531948
21	0.0625101214574899
21	0.0645964666511012
21	0.0638720901333775
21	0.0664470975710169
21	0.0701062459755312
21	0.0623505023122309
21	0.0650837559551252
21	0.0623820147588811
21	0.065196471531676
21	0.0665881429132313
21	0.0641936549900859
21	0.0605687932359723
21	0.0651250589900897
21	0.0667740022032031
21	0.0620391151009939
21	0.0607234141429789
21	0.061592048254184
21	0.0627062706270627
21	0.0615252651278852
21	0.0693551047336302
21	0.0579842389050187
21	0.0610984725381865
21	0.064737965378231
21	0.0618540557469464
21	0.0672057365168968
21	0.0624689312344656
21	0.0600984439504605
21	0.0600284257169133
21	0.063121387283237
21	0.0635647701703632
21	0.0665026719823564
21	0.0637459434399629
21	0.0627514078841512
21	0.0628566633098355
21	0.0597727075561725
21	0.0691794633162711
21	0.0671343441200875
21	0.070570444425775
21	0.0670746836489951
21	0.0676971858898137
21	0.0595895136253881
21	0.061880088823094
22	0.067494012627912
22	0.062803065853277
22	0.0608875921375921
22	0.0683533447684391
22	0.0646995543261103
22	0.0644083598787973
22	0.0595095180929515
22	0.0672833580591675
22	0.0671462829736211
22	0.0646139119336311
22	0.0647134578235673
22	0.0664970035300878
22	0.0621301775147929
22	0.0637532133676093
22	0.0618731677210307
22	0.066763759006592
22	0.0654384287824802
22	0.0625919267854225
22	0.0648672830301223
22	0.0656402553511078
22	0.0595063065851582
22	0.0656385923289838
22	0.0679723502304147
22	0.061428149024246
22	0.0615473823724321
22	0.0617891177374731
22	0.0639565578097896
22	0.0625148750495835
22	0.0626351621946336
22	0.0625809585492228
22	0.0650444548432382
22	0.0648066135222911
22	0.0661967266245341
22	0.0652619496597524
22	0.0630559916274202
22	0.0622392791590189
22	0.0642744151194738
22	0.0658785161027313
22	0.0628786638283936
22	0.0605429585068641
22	0.0635538261997406
22	0.0664830841856806
22	0.0697864135271433
22	0.0647238769924328
22	0.0662605294825511
22	0.064012627148369
22	0.0651212319790302
22	0.0661656351311524
22	0.0610945767195767
22	0.0642194744976816
22	0.0653326492218232
22	0.0656437836127808
22	0.0622842678530337
22	0.064796986186689
22	0.0640821525234835
22	0.0597429387496033
22	0.0667345899133979
22	0.0628239845261122
22	0.0557263262270699
22	0.0646115243301371
22	0.0616792678074015
22	0.0630814427941896
22	0.0602657386902879
22	0.065646801714718
22	0.0618944671310753
22	0.0649339865482023
22	0.0603802672147996
22	0.0639902491048983
22	0.0660681943460115
22	0.066982464888224
22	0.066336224700537
22	0.0657745123764541
22	0.0630047234496419
22	0.0660679923027582
22	0.0695057921493458
22	0.0649270913277053
22	0.0603353838375327
22	0.0634538895569327
22	0.0617016335062321
22	0.0679057044009977
22	0.0669294640610585
22	0.0667144335642067
22	0.0653819683413627
22	0.0633257403189066
22	0.0663362561951963
22	0.0655977932936816
22	0.0596891534391534
22	0.06223966677347
22	0.0655109330081017
22	0.0643184047074207
22	0.0653375905303325
22	0.0651380514122501
22	0.065639596820454
22	0.0629481407370352
22	0.0610369206598586
22	0.0644428783963668
22	0.0656170014736679
22	0.0682121807465619
22	0.0670647680293983
22	0.0603608706206004
23	0.0656804733727811
23	0.0621035550966219
23	0.0604709379644841
23	0.067328834634923
23	0.0628588472149728
23	0.0626044139628946
23	0.0631766276138217
23	0.0645990922844176
23	0.063464151546639
23	0.0636014098045498
23	0.0673532777505313
23	0.0612212276214834
23	0.0623131754426305
23	0.0674016733130034
23	0.0650906477118441
23	0.0668622743842802
23	0.0648594838808485
23	0.06832030969962
23	0.0683560943547798
23	0.0647291941875826
23	0.0643097366910016
23	0.0682612841703751
23	0.0615863886891924
23	0.0651104626927887
23	0.0665860479177689
23	0.0642166042446941
23	0.0652597149754692
23	0.0623594533817679
23	0.0651289009497965
23	0.0659751353825032
23	0.064706762417714
23	0.0666767577385908
23	0.0652840139690685
23	0.0638998211091234
23	0.0590072320841552
23	0.0620612635609445
23	0.0599937343358396
23	0.0629541803717586
23	0.0622539728823444
23	0.0625240922056896
23	0.0597960190820859
23	0.0675221509318668
23	0.062518474726574
23	0.0649446494464945
23	0.0617242252807566
23	0.0617073170731707
23	0.0662777129521587
23	0.0616011306010475
23	0.0613763174209547
23	0.0639530509367241
23	0.0631746997111145
23	0.064284587474365
23	0.0631768953068592
23	0.0643382352941176
23	0.0713699005202154
23	0.0666909090909091
23	0.067295188556567
23	0.065404201145767
23	0.0714844973379267
23	0.0665972944849116
23	0.0602223845467089
23	0.0620503597122302
23	0.064659977703456
23	0.0650615140765341
23	0.0654106206791765
23	0.0656167979002625
23	0.0682210060724192
23	0.0659772023854458
23	0.0645913698753028
23	0.0672939405344373
23	0.0664352217137447
23	0.0656983744732089
23	0.0637385747795842
23	0.0627695969061431
23	0.062992125984252
23	0.0634023854362837
23	0.0608695652173913
23	0.0624329896907216
23	0.0678621116092132
23	0.0629955003214056
23	0.0560913705583756
23	0.0682188212308694
23	0.0662322665786869
23	0.0598207798498426
23	0.066367303447751
23	0.0632552045421459
23	0.0669667979741137
23	0.0653693407466243
23	0.0684254542689881
23	0.0654599360224702
23	0.0637976594941487
23	0.0638824214202561
23	0.0610205586043083
23	0.0674085341445841
23	0.0656607527773172
23	0.0675903526134448
23	0.0611502062606164
23	0.0674126387232872
23	0.0691411935953421
23	0.0654034737804371
24	0.0628809505439395
24	0.063545924269299
24	0.0642096391081143
24	0.0661391918881549
24	0.0597323135755258
24	0.0632832637098925
24	0.0667524529515844
24	0.065180655025348
24	0.064432399419803
24	0.0628790786948177
24	0.061576354679803
24	0.0601158860453887
24	0.0672950629683999
24	0.0673119550761046
24	0.0670712968653964
24	0.0636311814165598
24	0.0586660366958028
24	0.064005402566219
24	0.0686358336572095
24	0.0629950403434747
24	0.0639241934270888
24	0.0603668064807961
24	0.0632378374313858
24	0.0610379550735864
24	0.0655175043856304
24	0.0668501769563508
24	0.0603177535562535
24	0.0662970482586288
24	0.0674282323269787
24	0.0601444100610966
24	0.0635102165294297
24	0.0642603639658688
24	0.0643820577164366
24	0.0658426040379069
24	0.068681526256139
24	0.0661663348139072
24	0.0663989674458626
24	0.0632563256325633
24	0.0647835431378569
24	0.0652423051735429
24	0.0617745269518206
24	0.0649036586317185
24	0.0657101427154087
24	0.0635121081562918
24	0.0664469248632856
24	0.0678873457987431
24	0.0631781454405541
24	0.0594372431236168
24	0.0664968873797397
24	0.0591812518540492
24	0.0653840372764167
24	0.0698951572641038
24	0.0649163300634737
24	0.0628649427466444
24	0.0626891827306038
24	0.0668688027534213
24	0.0629769459394329
24	0.0630664091516862
24	0.0628293150247485
24	0.058528951486698
24	0.0679611650485437
24	0.0636725884110908
24	0.0619242224838955
24	0.0635535307517084
24	0.0639266159425443
24	0.0627775686864885
24	0.0669973349126444
24	0.0647457038708558
24	0.0615485888258043
24	0.0642998027613412
24	0.0688522141736988
24	0.0654869933454326
24	0.0614881693648817
24	0.0630889864038558
24	0.0627264331888897
24	0.0665220535068691
24	0.0655567117585848
24	0.0630842841369157
24	0.0660085901589933
24	0.0636006403725804
24	0.0658261011953496
24	0.0669314139157773
24	0.0650931492614859
24	0.0633934585734601
24	0.0620029455081001
24	0.0679824561403509
24	0.0628209637706648
24	0.0641401792991035
24	0.0624264763547957
24	0.0637229941078053
24	0.0623944681193214
24	0.0669446003367273
24	0.0652715495764823
24	0.0651860166773573
24	0.0633431085043988
24	0.0666386201093816
24	0.0693945920076573
24	0.0641157403747332
24	0.0645460380857285
24	0.0642264719994516
25	0.0631647967361212
25	0.0590466275005577
25	0.0629077353215284
25	0.0692313506159776
25	0.0660262275083867
25	0.0647122191443521
25	0.0615681730397837
25	0.0644118914261094
25	0.0604234048809174
25	0.0685990338164251
25	0.059643870154428
25	0.0682630178639301
25	0.0630999435347261
25	0.0585981838819523
25	0.0614413550655161
25	0.0625906419357301
25	0.0616521871665905
25	0.0620997162545602
25	0.062929061784897
25	0.0668367346938775
25	0.0595363114952743
25	0.0626451912652935
25	0.0663818098580803
25	0.0692459881292592
25	0.0627364915998184
25	0.0616279069767442
25	0.0617610454262601
25	0.0627758332065135
25	0.0680387037321456
25	0.0615361581075011
25	0.0614697273147435
25	0.0629548505617184
25	0.0627294493216281
25	0.0642028985507246
25	0.0589733693554612
25	0.06794682422452
25	0.067877003598299
25	0.0591045696231795
25	0.0633526736710052
25	0.0654950949255417
25	0.0663211709503467
25	0.0643629217163446
25	0.060806843915122
25	0.0608888548917616
25	0.0699788417835593
25	0.0562393023066265
25	0.0648511423955689
25	0.0663311298076923
25	0.0643306241374022
25	0.0642790228435541
25	0.0664751106624214
25	0.0657522624434389
25	0.0668101901686401
25	0.0645455182563599
25	0.0676119402985075
25	0.0649841317817742
25	0.0677340810152734
25	0.0639402791301525
25	0.0626540971718637
25	0.0667539267015707
25	0.0674010607915137
25	0.0688411243048249
25	0.0664681801265352
25	0.0639994304833772
25	0.067494124559342
25	0.0678450931494792
25	0.0662669864108713
25	0.06894915790306
25	0.0644616683293684
25	0.0668441289559302
25	0.0660099230603293
25	0.0606155532931318
25	0.0620358910891089
25	0.0623397435897436
25	0.0649142857142857
25	0.0599147458162299
25	0.0635315396789509
25	0.064479293544458
25	0.0623889875666075
25	0.0631984294774992
25	0.063919532770928
25	0.0622561768530559
25	0.0588280235312094
25	0.0632694405485429
25	0.0648676699532953
25	0.0625313492726969
25	0.0645564042303173
25	0.0630130907477258
25	0.0633866586175672
25	0.0682693063084296
25	0.0606990494723449
25	0.0668425681618294
25	0.0607463324312776
25	0.0609505763461235
25	0.0641522431757513
25	0.0605480259281084
25	0.0617225259488155
25	0.0649965630489575
25	0.0681216457960644
25	0.0684627340685367
26	0.0623992631821322
26	0.0597973994557
26	0.0647591507495624
26	0.0613514898601655
26	0.0657894736842105
26	0.0654892746153263
26	0.0646146228750619
26	0.0629886737303617
26	0.0619859428742336
26	0.061426116838488
26	0.0623784834737524
26	0.067545932759015
26	0.0635774274348018
26	0.0651648664013644
26	0.0639826906730546
26	0.0656543745480839
26	0.066765031353744
26	0.0648286670941084
26	0.0645136367148265
26	0.0584221748400853
26	0.0657353511835468
26	0.05644237378752
26	0.068401075438874
26	0.0670676691729323
26	0.063598503564622
26	0.0690447139883729
26	0.06200840015273
26	0.0642894133313605
26	0.0697901782356923
26	0.0648603116664327
26	0.0654241744644652
26	0.0653296415475567
26	0.066601149077714
26	0.0625682633796224
26	0.068172934094285
26	0.0594274580335731
26	0.0638719512195122
26	0.0652859800986975
26	0.0612375761462007
26	0.0643130200134922
26	0.0571514513460671
26	0.0664901441600471
26	0.0673681333697732
26	0.067709419534237
26	0.0630819366852886
26	0.0657828735220351
26	0.0646010378280815
26	0.0627630787733013
26	0.0659415945876509
26	0.0598756375323133
26	0.0601412407927709
26	0.0674225245653817
26	0.0700230591852421
26	0.0660200250312891
26	0.065424641583582
26	0.0637493639601657
26	0.065288035450517
26	0.067080650107329
26	0.0644471376630783
26	0.0653908622272438
26	0.061766709560215
26	0.0621292775665399
26	0.0583468395461912
26	0.0643476863753213
26	0.0621450851795569
26	0.0624481484274832
26	0.0698033479603445
26	0.0608398282169556
26	0.0651426968655774
26	0.0663897280966767
26	0.0672128770301624
26	0.065739479532583
26	0.0638980134522134
26	0.0663441603317208
26	0.0633414257338336
26	0.064774000747105
26	0.061622731941116
26	0.0663269129880836
26	0.0651662253604001
26	0.0662222547798696
26	0.0676920612032364
26	0.0653330157974121
26	0.0660405485986881
26	0.0627229488703924
26	0.0653356233004151
26	0.0626857018624538
26	0.0635156192030867
26	0.0675070240716835
26	0.0660868325372496
26	0.0667706476530006
26	0.0635609347644059
26	0.059583632447954
26	0.0636168691922802
26	0.0683993463543693
26	0.0654029151876746
26	0.0575178102737158
26	0.0678006517764883
26	0.0628559071577885
26	0.0640728847733552
26	0.0629764666887637
27	0.0653076632691582
27	0.0600353148911124
27	0.0658900618856935
27	0.0637951764622675
27	0.0659652523015159
27	0.0676629875916912
27	0.0616189811584089
27	0.0635342789598109
27	0.0638084202394747
27	0.0670762197299807
27	0.0656282122242429
27	0.0645042659605766
27	0.0604163633716698
27	0.0640390333155447
27	0.0676012918379331
27	0.0662750414219009
27	0.068291595452181
27	0.0669625774852682
27	0.061287644350517
27	0.0637132556849695
27	0.0662704979690086
27	0.0635824050735832
27	0.0648446658851114
27	0.0622358256813876
27	0.0631357163615228
27	0.0594549958711808
27	0.0676949443016281
27	0.0650682458294215
27	0.0615837993048209
27	0.0659766230108435
27	0.0650181198038798
27	0.0659584588552402
27	0.0631305851830499
27	0.0633812847172767
27	0.0647638365691104
27	0.0635333018422296
27	0.063160882833014
27	0.0638537271448664
27	0.0670348636520539
27	0.0647050421368376
27	0.0627478978264319
27	0.0655283129013427
27	0.0642500542652485
27	0.0649045521292217
27	0.0643033800494641
27	0.0627412449996491
27	0.0653638364570133
27	0.0620668172260727
27	0.0630819198845182
27	0.0651735410725464
27	0.0613492467797104
27	0.0615491009681881
27	0.0655042049224597
27	0.0638373751783167
27	0.062927191679049
27	0.0692974720752498
27	0.0613200535156831
27	0.0682274764333179
27	0.0609381158849034
27	0.0651249909948851
27	0.0627500196093811
27	0.066058734831622
27	0.0676153785674974
27	0.066614587032171
27	0.0657384700577486
27	0.0649857954545455
27	0.0622744375335944
27	0.0629915005163238
27	0.0649254235000337
27	0.0633038896637223
27	0.0683568211535668
27	0.0682096873083998
27	0.0656870589946898
27	0.0654829653236209
27	0.0641517327940869
27	0.068733153638814
27	0.0640918421652855
27	0.0676092729491136
27	0.0635674296648005
27	0.0653379184504176
27	0.0598406374501992
27	0.064595732326898
27	0.0585926348843848
27	0.0628146541708621
27	0.0633487654320988
27	0.0622940278112692
27	0.0691103474608629
27	0.0592295702516143
27	0.0606721034870641
27	0.0657046791818437
27	0.0639776521087416
27	0.0652634766807995
27	0.060998886591379
27	0.0660398991057097
27	0.063899546564353
27	0.0648203148203148
27	0.0624780624780625
27	0.0642146059730983
27	0.0650660827402831
27	0.06897794435635
28	0.0586602655464706
28	0.0642330642330642
28	0.0627815120227288
28	0.0628302994715208
28	0.0678632351850478
28	0.0664814171587357
28	0.0600458584121525
28	0.0634218289085546
28	0.0612280396590711
28	0.0641973501207818
28	0.0688244834637896
28	0.0678736459359139
28	0.0590578697232318
28	0.0657424297701569
28	0.0668901303538175
28	0.0650933812612331
28	0.06315552891819
28	0.0622492836676218
28	0.0644041918245541
28	0.0634486727573556
28	0.0650672482733551
28	0.06378861183476
28	0.0717686093479515
28	0.0704424223407593
28	0.0638585026282142
28	0.062612321184674
28	0.0632348723831374
28	0.0687022900763359
28	0.0636636636636637
28	0.0647529549959621
28	0.0622127717950477
28	0.0651007179201227
28	0.0648010688836105
28	0.0668207920053695
28	0.063687648456057
28	0.061512501917472
28	0.065775874796988
28	0.0612995504699632
28	0.0612523337641821
28	0.0616915422885572
28	0.0615395662789028
28	0.0673118279569892
28	0.0643704944294764
28	0.0651848348703397
28	0.06133047564092
28	0.0666405944466171
28	0.0662591343451377
28	0.0651037988984607
28	0.0628245816503174
28	0.062375286379425
28	0.0655850091407678
28	0.0657437132156233
28	0.0624113475177305
28	0.0628695711275743
28	0.062133072407045
28	0.0627948931446017
28	0.0636328871892925
28	0.0638312780269058
28	0.0653369509422894
28	0.0636744723908644
28	0.0663900414937759
28	0.0690280295635197
28	0.0667490729295426
28	0.0633292633292633
28	0.0639604553624925
28	0.06555140723722
28	0.0595442820292347
28	0.0664781789183703
28	0.0643710367202478
28	0.0637209632734247
28	0.0660396929672913
28	0.064660978895375
28	0.0670652643711281
28	0.067050885577734
28	0.06438396254024
28	0.0639276179175319
28	0.0640430944186742
28	0.0655821792335312
28	0.0644646924829157
28	0.0666666666666667
28	0.0632636830308727
28	0.0642799619298631
28	0.0653784888150149
28	0.0643123743898938
28	0.0624692572552877
28	0.068872490676823
28	0.0667059777401047
28	0.0639061927445951
28	0.0645315161839864
28	0.0655310762300274
28	0.0683243562310927
28	0.0643557007125891
28	0.0656714325763947
28	0.0663983903420523
28	0.0631741140215717
28	0.0601878201479795
28	0.0648615881996363
28	0.0605054696341003
28	0.064001110648341
28	0.0693097345132743
29	0.0616645105648987
29	0.0671834625322997
29	0.0647506226021404
29	0.0670591833613702
29	0.0665501572876617
29	0.0621356121715518
29	0.0610783801924081
29	0.0684951491720767
29	0.0672910662824208
29	0.0690605830863602
29	0.0628396265849241
29	0.0613340675982653
29	0.0651983663943991
29	0.0680111265646732
29	0.0643232730677807
29	0.0599044468945241
29	0.06695860997316
29	0.0632522239665097
29	0.0658489790324791
29	0.0658178388574508
29	0.0651658767772512
29	0.0670291151012233
29	0.0634758728913299
29	0.058396239851873
29	0.0639490088954262
29	0.0649276601810277
29	0.0623995323688441
29	0.0637169542504353
29	0.0623822634400811
29	0.0666522709278054
29	0.063871962410983
29	0.0654837033187319
29	0.0619548045882272
29	0.0616696965459376
29	0.0688649774383894
29	0.0668920236624846
29	0.0627501526355064
29	0.0663477098431014
29	0.0686603191632024
29	0.0672825250192456
29	0.0672716796312302
29	0.0636906854130053
29	0.0616825003442104
29	0.063171494628043
29	0.0645716745587602
29	0.0616743151161174
29	0.0635842567825755
29	0.0626949933145149
29	0.0638498284330216
29	0.068149915777653
29	0.0629571203212391
29	0.0679941002949852
29	0.0640345982142857
29	0.0588822355289421
29	0.064373897707231
29	0.0588112617309698
29	0.0609295978164887
29	0.0652018322359004
29	0.0661967514557156
29	0.0637082601054482
29	0.0633535660091047
29	0.062909918350957
29	0.0642680582257621
29	0.0649044752682544
29	0.0659388018962793
29	0.0650228673692583
29	0.065627788837784
29	0.0632443228049412
29	0.064233995268478
29	0.0596511798329181
29	0.0634590176574909
29	0.0646823565605291
29	0.0654605028848209
29	0.0641336951864019
29	0.0639808853786421
29	0.0654752490906215
29	0.0648644977246485
29	0.0631961633663366
29	0.0663572764424742
29	0.0673098330241187
29	0.0679521844314786
29	0.0663668574543472
29	0.0641262619081473
29	0.0652487382840663
29	0.0662353023029291
29	0.0656448598130841
29	0.0623857236890222
29	0.0660941573378316
29	0.0650602409638554
29	0.0672214182344428
29	0.0675400291120815
29	0.0649106302916275
29	0.0644861815325287
29	0.0657095921719877
29	0.0692254012561061
29	0.0656318661847048
29	0.0663668785858273
29	0.0643007202881152
29	0.0662308129619102
29	0.063665239607789
30	0.0679068360556564
30	0.0620782726045884
30	0.0638728122167213
30	0.0644704931285368
30	0.064846170473377
30	0.0689049516989799
30	0.0665042810746974
30	0.071039067752297
30	0.0654944116181391
30	0.0655306178996952
30	0.0668051228798892
30	0.0657732804594558
30	0.065199043466029
30	0.0695671058346605
30	0.0660275355006127
30	0.0638131187237376
30	0.0593854128100703
30	0.0682330441909706
30	0.0663339571636515
30	0.0654233719356294
30	0.0641172429585528
30	0.0639021074099252
30	0.0636337251487447
30	0.068482207697894
30	0.0638456330399458
30	0.0629008897165322
30	0.0664467483506126
30	0.0623823795915522
30	0.0650820599886814
30	0.0650221209277383
30	0.0626040878122634
30	0.0676249144421629
30	0.0640243902439024
30	0.0622734058434634
30	0.0658752487476841
30	0.0668268508785103
30	0.0623190503763752
30	0.0639246778989098
30	0.062578925213975
30	0.0639725931622736
30	0.0655620625624911
30	0.0667400881057269
30	0.0633348687240903
30	0.0659855853334266
30	0.0682719743893103
30	0.0640586797066015
30	0.0670611439842209
30	0.0641968520173208
30	0.0642695356738392
30	0.0649553716854518
30	0.0654266015512784
30	0.0652606163897174
30	0.0655434423521639
30	0.0657381615598886
30	0.0644100014622021
30	0.0658307210031348
30	0.0644340254521098
30	0.0655704697986577
30	0.0626557493770025
30	0.0642884640061594
30	0.0642573083094956
30	0.0599565315146519
30	0.0705278592375367
30	0.060798992513818
30	0.0650115559531798
30	0.0618399009396169
30	0.0610969025291276
30	0.0638701517706577
30	0.0626873997629175
30	0.0629933211900425
30	0.0637786626390224
30	0.0641061066592982
30	0.065935850588713
30	0.0645411582140086
30	0.0676492819349962
30	0.0663364204178333
30	0.065223749634396
30	0.0603861228044709
30	0.0658039850011029
30	0.0652293704366993
30	0.0681169272603671
30	0.0669271025281934
30	0.0631340828077872
30	0.0619813839382351
30	0.0657199942914229
30	0.0611461053925334
30	0.0662210152496344
30	0.0662314701482388
30	0.064572680788897
30	0.0657239737392685
30	0.0685772773797339
30	0.0663719968631924
30	0.0654862076534719
30	0.0675093363975869
30	0.0676205409643277
30	0.0647112611662095
30	0.0640678449258837
30	0.0679988702160712
30	0.0657459781091604
30	0.0648754002505917
31	0.0671310017783047
31	0.0616638795986622
31	0.065357719203873
31	0.0662237462494642
31	0.0657755145342669
31	0.0668732782369146
31	0.0615655233069481
31	0.0627612286870563
31	0.0632798573975045
31	0.0669661086157615
31	0.066409064116838
31	0.0676740702142904
31	0.0640832534574832
31	0.0626479940464109
31	0.0679055963821368
31	0.062708719851577
31	0.0657245401525348
31	0.061764490899788
31	0.0658682634730539
31	0.0667010613207547
31	0.0691832926654227
31	0.0639766799631789
31	0.066396163777204
31	0.0648301886792453
31	0.06267335886937
31	0.0624476110645432
31	0.0664652567975831
31	0.0655184292111609
31	0.0642980338047603
31	0.065561416729465
31	0.0696859226023556
31	0.0685145700071073
31	0.0659421748172
31	0.063560561732007
31	0.0631136044880785
31	0.0645350113411868
31	0.0670146726862303
31	0.0651413189771198
31	0.0690160451315115
31	0.0658427876823339
31	0.0637914297600888
31	0.0631074701471813
31	0.0669517666853617
31	0.0657931034482759
31	0.0642399777282851
31	0.0678874497543546
31	0.0643727695104707
31	0.0654766055365735
31	0.0672807663964628
31	0.0643351800554017
31	0.0659912962830848
31	0.0651068867070538
31	0.0635102274352739
31	0.0675114396339317
31	0.0637650389242746
31	0.0662302656911821
31	0.0653809628168602
31	0.0624909695130761
31	0.068032901157117
31	0.0655908020501454
31	0.0634340533838021
31	0.064687921607612
31	0.0683987274655355
31	0.0647910185310429
31	0.0654555351432265
31	0.0623976829114721
31	0.0688089176357256
31	0.0639237884854342
31	0.0640881650989752
31	0.068005858966311
31	0.0643278916290379
31	0.0658670730899211
31	0.0605257652883341
31	0.064023758546861
31	0.0654026416702173
31	0.0692616705914947
31	0.0611952517396643
31	0.0627562721523386
31	0.0652065349218806
31	0.0647712551987455
31	0.0668109668109668
31	0.0641853126792886
31	0.0662483487450462
31	0.0656092285508291
31	0.0617973746213396
31	0.064092195713708
31	0.0673694498743368
31	0.0668048359240069
31	0.0685669155657668
31	0.0629466739967015
31	0.0678925035360679
31	0.0643065499867409
31	0.0626035339591386
31	0.0669118129883774
31	0.066091581268647
31	0.06826801517067
31	0.0637392746412863
31	0.0625
31	0.0657122121791911
31	0.0617734522844012
32	0.0596865106941549
32	0.0644946808510638
32	0.068591784144308
32	0.0655816179990426
32	0.0650664550684388
32	0.0613652868554829
32	0.0623899725371453
32	0.0663177516489819
32	0.0671727784179489
32	0.0608391608391608
32	0.0605442176870748
32	0.0698204234789601
32	0.064673204855634
32	0.0664893617021277
32	0.0659297534174897
32	0.0636910368813854
32	0.0638297872340425
32	0.0613559322033898
32	0.0656381894920681
32	0.0673773404400711
32	0.062463768115942
32	0.0652394137907746
32	0.0650246972054943
32	0.0719439728353141
32	0.0611098458969103
32	0.0613619541080681
32	0.0656698322893514
32	0.0684940824377636
32	0.0639763101714758
32	0.0650491528968835
32	0.0623296514129967
32	0.0671150343281491
32	0.0643437077131259
32	0.0630191528797968
32	0.0654090629485339
32	0.0665560716655607
32	0.0629056760116006
32	0.0654550331969687
32	0.06524342985979
32	0.0653702937525859
32	0.0630479887557727
32	0.0652372583479789
32	0.0617719496771617
32	0.0656393987461289
32	0.0619640387275242
32	0.0661989441511531
32	0.0617328260713517
32	0.0685548977395048
32	0.0620866225730745
32	0.0613550450712416
32	0.0662775616083009
32	0.0662129976182375
32	0.0678442392613408
32	0.0646846974083751
32	0.0665989159891599
32	0.0666760543547138
32	0.0661605961417926
32	0.0657818439533535
32	0.062526920315865
32	0.063496583143508
32	0.0671757989174761
32	0.0640151781322465
32	0.0655338115467651
32	0.0613207547169811
32	0.0670137058513442
32	0.06843624586355
32	0.0607810781078108
32	0.063700006931448
32	0.0643399493805781
32	0.0634193062871998
32	0.063938444777339
32	0.0629514280034458
32	0.0677097951164749
32	0.0650123737542639
32	0.0678798782175477
32	0.0651140356921381
32	0.0602887064817436
32	0.0661381039506675
32	0.0663523301899686
32	0.0680642907058001
32	0.0600472813238771
32	0.066746715637802
32	0.0644948755490483
32	0.0662836624775583
32	0.0654017236586044
32	0.0690672153635117
32	0.0639069954976144
32	0.0653950953678474
32	0.0644686684946165
32	0.0677478420088935
32	0.0638760139049826
32	0.0676081320780461
32	0.0633846153846154
32	0.0626529613313754
32	0.0673285063820258
32	0.0656258830178016
32	0.0647958486958897
32	0.0622165053144675
32	0.0634798968712982
32	0.0609362909466082
33	0.066348310541929
33	0.0619475044199646
33	0.0662964718629376
33	0.0651234137498257
33	0.0640937284631289
33	0.0647813219335745
33	0.0675384200593152
33	0.0637612107623318
33	0.0638268730310916
33	0.0669720767888307
33	0.0642341842397336
33	0.0633778454300145
33	0.0643607705779334
33	0.0596581078275313
33	0.065354170895068
33	0.0667385735472563
33	0.0647406891750783
33	0.0646283535157557
33	0.062870159453303
33	0.0659945612522385
33	0.063862614878916
33	0.0637530650512044
33	0.0641274776525457
33	0.0662357566468981
33	0.0664821860947769
33	0.0674955595026643
33	0.0663364955357143
33	0.0631145170618855
33	0.0652815013404826
33	0.0642182581322141
33	0.0632537849627919
33	0.066834890540817
33	0.0625689084895259
33	0.0678817056396149
33	0.0616047939199065
33	0.0663874345549738
33	0.0618563640035
33	0.0635986851507789
33	0.0657506702412869
33	0.0645183790193206
33	0.064921681780709
33	0.0634789208583454
33	0.0627768014059754
33	0.0674996303415644
33	0.062934655374234
33	0.0655794109551335
33	0.0644148754691232
33	0.0661982005647862
33	0.0671462829736211
33	0.0654346029599579
33	0.0671483212919677
33	0.0677023268434977
33	0.0644829007004532
33	0.0654075546719682
33	0.0628265326367304
33	0.0656378198866966
33	0.0654121863799283
33	0.0656555163099938
33	0.065078554093754
33	0.0644818893458936
33	0.0637490151135306
33	0.0661629713317328
33	0.0651353900040415
33	0.0657353040426537
33	0.0635506625354341
33	0.0605974798244372
33	0.0642277540915968
33	0.0626045080596616
33	0.0648041842071693
33	0.0659402858355738
33	0.0674671669793621
33	0.0664834445753174
33	0.066533409480297
33	0.064527027027027
33	0.0674212254593726
33	0.0659877800407332
33	0.0644058335077803
33	0.0642939150401837
33	0.06529284164859
33	0.0647207256359544
33	0.0629726482436921
33	0.0618374558303887
33	0.0656743160361105
33	0.063013698630137
33	0.0642644628099173
33	0.0664412860493998
33	0.0653014941302028
33	0.0666899685424677
33	0.0657686212361331
33	0.0643634642688121
33	0.062943143812709
33	0.0669866444073456
33	0.0644572391518045
33	0.0673644282101714
33	0.0641573994867408
33	0.0649653563833436
33	0.0684068406840684
33	0.0626416649495158
33	0.0653599235077175
33	0.0667771883289125
34	0.0654701203344891
34	0.0657792802310022
34	0.0634429969824097
34	0.0641899160869253
34	0.0641956169403143
34	0.0656728444802579
34	0.066207734359182
34	0.0685780441296649
34	0.0653245686113394
34	0.0689538959288218
34	0.0640639329228351
34	0.0603649635036496
34	0.0649949169772958
34	0.0660539919586445
34	0.0660563751317176
34	0.0616082144285905
34	0.0649110807113543
34	0.06521882632517
34	0.0631393298059965
34	0.0632025307935653
34	0.0653148492999517
34	0.0652480365174196
34	0.0652711830401926
34	0.063445945945946
34	0.0651992555990503
34	0.0644721464744838
34	0.0679135896197115
34	0.0615811373092926
34	0.0688405797101449
34	0.0609905020352782
34	0.0680054769511639
34	0.065921251200439
34	0.0618747929778072
34	0.0612018831348657
34	0.0663917246974512
34	0.0632609846479619
34	0.0612679808204582
34	0.0647108366086468
34	0.0655599507165553
34	0.0644359336155345
34	0.0653992904478211
34	0.0606019977207213
34	0.0665249297030382
34	0.0631828978622328
34	0.0634653187306936
34	0.0638966947678309
34	0.0639323690641305
34	0.064136213742513
34	0.0652560806802452
34	0.0630684858212948
34	0.0657826313052522
34	0.0663716814159292
34	0.0614570614570615
34	0.0659464010102427
34	0.0664987748434522
34	0.0613986402109061
34	0.0665335994677312
34	0.0647790055248619
34	0.0674899293402892
34	0.0626946782424283
34	0.0675397194708502
34	0.0631114130434783
34	0.0647591356637811
34	0.0623003194888179
34	0.0672988465076782
34	0.0653890275997031
34	0.0669932477161393
34	0.0652508876532458
34	0.0658212560386473
34	0.0648903262092238
34	0.0639471533642059
34	0.0647100652918741
34	0.0658004446914953
34	0.0592752063150341
34	0.0647241165530068
34	0.0657877214009855
34	0.0629254063064315
34	0.0652280529671408
34	0.0655434705338736
34	0.0657919053779338
34	0.0665962689193946
34	0.0651075015164791
34	0.066609168712267
34	0.0621472509353795
34	0.0632296376273703
34	0.064756446991404
34	0.0635625563805426
34	0.0632548618219038
34	0.0630495535409993
34	0.0664131468151569
34	0.0635887360838245
34	0.0682892906815021
34	0.062816413535838
34	0.0635644361003084
34	0.0649642492339122
34	0.0627264940370297
34	0.0640275611024441
34	0.0692864529472596
34	0.0655490933971947
34	0.0682586930050061
35	0.0642195978295563
35	0.0679714548152335
35	0.0634975711311589
35	0.0641306512646883
35	0.0639363380668176
35	0.0659033244421313
35	0.0657944874888861
35	0.0643805019051373
35	0.0646586891487626
35	0.063557601191282
35	0.0667401738228045
35	0.0615240265397762
35	0.06485199047295
35	0.0648337849448153
35	0.0627754007280158
35	0.0629972188086152
35	0.0636434410276372
35	0.0664211769610227
35	0.0633480981508824
35	0.0631055744306027
35	0.066778410995642
35	0.0644875119421318
35	0.0656986774008051
35	0.0658831908831909
35	0.0613525917926566
35	0.0655510034025415
35	0.0654238234883396
35	0.0636862963220469
35	0.0640628377891475
35	0.063345791983503
35	0.0651840490797546
35	0.0627090849458839
35	0.0642507345739471
35	0.0641659796647431
35	0.0653273017562533
35	0.0628211276289649
35	0.063613068545804
35	0.0660996039218233
35	0.0633342413511305
35	0.0638932994601461
35	0.0640830800405268
35	0.0643421306106723
35	0.0638566213076668
35	0.0643887830111625
35	0.0641539695268645
35	0.0650278597181252
35	0.0654886355972213
35	0.0633077478186709
35	0.0686856690419636
35	0.062920903208768
35	0.0664556962025316
35	0.0652961672473868
35	0.064405487804878
35	0.0644121323771301
35	0.059599945570826
35	0.0643321929294962
35	0.0637645216029239
35	0.0651847811264148
35	0.0652188219809148
35	0.0609513714058566
35	0.0656743700221961
35	0.0619457313037723
35	0.0635971022568961
35	0.0632972157454396
35	0.0675040300913487
35	0.0698473807232229
35	0.0639102564102564
35	0.0614139158350199
35	0.0624832753545625
35	0.0660711649195334
35	0.0677493884207665
35	0.0642066420664207
35	0.0659261679189807
35	0.0651587466279311
35	0.0606914564574885
35	0.0614153101035921
35	0.0694050991501416
35	0.0659154164686715
35	0.0687070580886946
35	0.0646792653713069
35	0.0651111968119295
35	0.0637701928087546
35	0.0675140521205927
35	0.0681224931559177
35	0.0633725792961462
35	0.0632149705746214
35	0.0642746515229737
35	0.0635876397803216
35	0.064934219096001
35	0.0658572245883923
35	0.069281603069708
35	0.0652279172719098
35	0.0645423728813559
35	0.0666298037047277
35	0.0680964414998975
35	0.0664293390650188
35	0.0645139498750253
35	0.06428110896196
35	0.0605421301623833
35	0.067815344603381
36	0.0615047385726259
36	0.0655737704918033
36	0.0629059829059829
36	0.063000393752461
36	0.0654382874949194
36	0.0658982711099975
36	0.0676818950930626
36	0.0664893617021277
36	0.0631939684715559
36	0.0650579922676976
36	0.0655015918173813
36	0.0656813361611877
36	0.0644277338771349
36	0.066424322538004
36	0.0631686541737649
36	0.0619493204016119
36	0.0640785781103835
36	0.0621336459554514
36	0.0666533758639022
36	0.0678281686394467
36	0.0653436592449177
36	0.0705836474717275
36	0.0646659040441424
36	0.0672428468539252
36	0.0654199251955117
36	0.0623371417117659
36	0.0650992117423213
36	0.0634749139037072
36	0.0662889518413598
36	0.070544037846111
36	0.0605351860769072
36	0.0665126155383462
36	0.067167051578137
36	0.0664279193876834
36	0.0670599403308923
36	0.0676246830092984
36	0.0614550981299148
36	0.0623855610776877
36	0.065529902296347
36	0.0635674249917573
36	0.0647575658965181
36	0.0652918559944076
36	0.0665186932094056
36	0.0666922929079377
36	0.0645271191060234
36	0.0630402979119564
36	0.065405621420008
36	0.0634479956663055
36	0.0643184267241379
36	0.0673089111420966
36	0.064764068974736
36	0.0636539358794908
36	0.0616206869449029
36	0.064187866927593
36	0.0657434882954171
36	0.0643407652078172
36	0.0639747321483867
36	0.0648396138274681
36	0.0649043203787729
36	0.065786512639712
36	0.0673644148430067
36	0.0639139898423587
36	0.0671429516438447
36	0.062939902544667
36	0.0658145227087299
36	0.061387670879546
36	0.0670153011814836
36	0.0651483050847458
36	0.0648141948443254
36	0.0663282571912013
36	0.0637567128762333
36	0.066507547413237
36	0.0646706586826347
36	0.0669768034667346
36	0.063423399440969
36	0.0665330159127929
36	0.065463620656556
36	0.0648786717752235
36	0.0663932825619996
36	0.0652908067542214
36	0.0660599711928768
36	0.0668777461876454
36	0.0660680782632002
36	0.0627104944092685
36	0.0650033266799734
36	0.0626995448678758
36	0.064667725708234
36	0.0647866369108
36	0.063826786092108
36	0.0618948167837479
36	0.0649181183532329
36	0.0657156066310019
36	0.0654101308202616
36	0.0639419060471692
36	0.065182295170187
36	0.0645570465318112
36	0.0667405150927721
36	0.0658176774681629
36	0.0656676327136495
36	0.0640279394644936
37	0.0641397495056032
37	0.0643658552588413
37	0.0631875
37	0.0677966101694915
37	0.0634994053125413
37	0.0647588424437299
37	0.0671261199172984
37	0.0649209687266807
37	0.0674530965677355
37	0.0621351666882864
37	0.061351333288779
37	0.0653861598179628
37	0.0686500319897633
37	0.0656222084793513
37	0.0616544389849902
37	0.0652201417004049
37	0.061723700887199
37	0.0629303749043611
37	0.0622153806683343
37	0.0648580441640379
37	0.063725797355724
37	0.0659561632817213
37	0.0666362093721446
37	0.0632911392405063
37	0.0675606965806534
37	0.0652392314454351
37	0.065283787223212
37	0.0626730600391707
37	0.0688712407238641
37	0.0619674142750017
37	0.0710821671054455
37	0.069254852849092
37	0.0649367499189102
37	0.0612387403114308
37	0.0647181628392484
37	0.0612358379092236
37	0.0684682161859423
37	0.0660828025477707
37	0.0654289372599232
37	0.0670433404533866
37	0.0624017810371922
37	0.0630063608972213
37	0.0670470756062767
37	0.0641237522311099
37	0.0634441087613293
37	0.0644954069506006
37	0.0661296609068468
37	0.0641290080630039
37	0.0645390070921986
37	0.064939240018003
37	0.068041237113402
37	0.0630344827586207
37	0.0654495122594253
37	0.0607662730019225
37	0.0656781009355311
37	0.064931735145183
37	0.0655318059644183
37	0.0643485971245804
37	0.0631811105345096
37	0.0601848728155995
37	0.069669054930058
37	0.0646894904458599
37	0.0702152489626556
37	0.0652529615812553
37	0.0661354581673307
37	0.0673979203652042
37	0.0659815005138746
37	0.064680369602112
37	0.0669434353918007
37	0.0665809768637532
37	0.0628205940092458
37	0.0647231514986004
37	0.0663889262195941
37	0.0620109546165884
37	0.0646946439159365
37	0.066812142994673
37	0.0660647294461754
37	0.0624699663623258
37	0.0649750852347233
37	0.0628359100258775
37	0.061103328663865
37	0.0653331681942036
37	0.0623406254194068
37	0.0655276124656044
37	0.0691928609483218
37	0.0632721092881888
37	0.0643809262058541
37	0.0667210218779725
37	0.0665684624017957
37	0.0669450606811954
37	0.0630630630630631
37	0.0651769087523277
37	0.0620831195484864
37	0.0667712453962624
37	0.0659762928227172
37	0.0666707707461216
37	0.06243272335845
37	0.0705665105849766
37	0.067930068063526
37	0.0628520225294419
38	0.0619566011543801
38	0.0623137540560228
38	0.0666878172588832
38	0.0653883652908677
38	0.0636689216076403
38	0.0642120965554651
38	0.0651436616113138
38	0.0647134797090612
38	0.0642443729903537
38	0.0682323856613103
38	0.0677246603970742
38	0.0625555696684872
38	0.0632088696317064
38	0.0645830631565296
38	0.0680806493846557
38	0.0659180307067631
38	0.0660483603842332
38	0.064445038065981
38	0.0634197848610836
38	0.0638536714210248
38	0.064086827314426
38	0.0643613707165109
38	0.0664252797893351
38	0.0663278271918678
38	0.0615552226610377
38	0.0655381372678172
38	0.0688558634564216
38	0.0625598467922119
38	0.062607091076842
38	0.0636740510428812
38	0.0637657910567475
38	0.066844398205345
38	0.0636162954043749
38	0.065076999503229
38	0.062115862429711
38	0.0633101634416682
38	0.0653998828658814
38	0.0663582125897967
38	0.0630882553539763
38	0.0656762099088185
38	0.0638284492516665
38	0.0692380056444026
38	0.0675039246467818
38	0.0620063964493179
38	0.0662796007567356
38	0.0628205128205128
38	0.067530959752322
38	0.0670550243778889
38	0.0660681994316714
38	0.0653530779586342
38	0.0618164843958389
38	0.0680941358024691
38	0.0634152553164396
38	0.067947971267715
38	0.066393232504486
38	0.062937538231496
38	0.0615557497814958
38	0.0647626205687085
38	0.0640556095373346
38	0.0628128963353581
38	0.0655499868108678
38	0.0642420341165111
38	0.0642207709053656
38	0.0631904260915308
38	0.0674128226693407
38	0.0670492298399275
38	0.0651274522888029
38	0.0647660168899613
38	0.0642781175219357
38	0.0651373734718023
38	0.0624644369981665
38	0.0646301439030548
38	0.0675981873111783
38	0.0692463031724318
38	0.0643708777270421
38	0.0632650431645407
38	0.0658153241650295
38	0.0632835820895522
38	0.0628873496172074
38	0.0651404151404151
38	0.0615908180968904
38	0.0631977415629411
38	0.064030131826742
38	0.0633848551759969
38	0.0659792468837695
38	0.0678974775140326
38	0.0649414404937233
38	0.0655118520448033
38	0.0658034528552457
38	0.0620058804312316
38	0.0657957406273389
38	0.065671093702185
38	0.0641239276677159
38	0.066679440505844
38	0.0667136180293233
38	0.064637377534044
38	0.0646554588344741
38	0.0667956068246184
38	0.0641429397776207
38	0.0644477285870333
39	0.0652004554443579
39	0.0681674465663336
39	0.069052102950408
39	0.0594952770336952
39	0.0643390032826022
39	0.064507855081757
39	0.06170692431562
39	0.0613556055252168
39	0.0678924156779924
39	0.0654783780472865
39	0.064042123308639
39	0.0633900441083806
39	0.066340160284951
39	0.0631876768311852
39	0.0629689174705252
39	0.0657139211432946
39	0.0687967018809585
39	0.0625799932637252
39	0.0641370869033048
39	0.0650569248092081
39	0.0663090262616181
39	0.0637124381894256
39	0.0658955717118308
39	0.0669489282879069
39	0.0643248175182482
39	0.0659921089474354
39	0.0620735785953177
39	0.0657104947242055
39	0.0604772353263851
39	0.0651048088779285
39	0.0661501399830718
39	0.0669130262636927
39	0.0659951801272941
39	0.0648757905718198
39	0.0654717910815472
39	0.0659250879839115
39	0.0633926334252067
39	0.0656502800248911
39	0.0646352104168065
39	0.0638437336130047
39	0.0653282345442957
39	0.0648621041879469
39	0.0651328986960883
39	0.0646671061305208
39	0.0625711035267349
39	0.0657696177062374
39	0.0622248122248122
39	0.0617827595409661
39	0.0615267755412078
39	0.064696892511462
39	0.0643315745979277
39	0.0665778073975342
39	0.0645386028247514
39	0.0677440206851972
39	0.0659369298931457
39	0.065929949428732
39	0.0624026904153952
39	0.0650544744631274
39	0.0644498651945051
39	0.0659101109187664
39	0.0679500981571781
39	0.0669970516278778
39	0.06559830392218
39	0.0661011624253849
39	0.0639834191348532
39	0.062190386932655
39	0.0686868686868687
39	0.0634920634920635
39	0.064121945074326
39	0.0666578494908081
39	0.0640984756680911
39	0.0615151897138535
39	0.0631059081763307
39	0.0614323038788772
39	0.0636632686616245
39	0.0630636604774536
39	0.0593529554852834
39	0.0644748078565329
39	0.0630630630630631
39	0.0659590133758743
39	0.0640184872899881
39	0.0634171907756813
39	0.064898493778651
39	0.0662230262307792
39	0.0627005677610467
39	0.0637188646456845
39	0.0686825612198746
39	0.0626129615285309
39	0.0634155621789587
39	0.0634522661523626
39	0.0642195540308748
39	0.0646351049035613
39	0.0660521296884933
39	0.0639165911151405
39	0.0654029625910118
39	0.0648177395918883
39	0.0651539708265802
39	0.0679854929113089
39	0.0686921180624958
39	0.064098413726125
40	0.0651061173533084
40	0.0675778766687858
40	0.066884067616132
40	0.0655277919428863
40	0.0663001086887028
40	0.0605373907413402
40	0.0640959170447181
40	0.0652600256982485
40	0.0669424595712674
40	0.065670178877726
40	0.0633381602971731
40	0.0678791156784531
40	0.0639118457300275
40	0.0663350948088281
40	0.0659726916317426
40	0.0657489471368408
40	0.0634549816896073
40	0.0648899188876014
40	0.0668662039100809
40	0.0638581776591689
40	0.0647036759189797
40	0.0649393243686455
40	0.0624305298258614
40	0.0685358255451713
40	0.0687759667625439
40	0.0686209193870753
40	0.0618474429739975
40	0.067049561177078
40	0.0666666666666667
40	0.0686621946589039
40	0.0652920962199313
40	0.064116482534006
40	0.0640345708112355
40	0.0661669682088395
40	0.0619050702583695
40	0.0640526214956255
40	0.0611869247857823
40	0.0664
40	0.064003029729218
40	0.0625551215824619
40	0.0657335666083479
40	0.0661764705882353
40	0.0626780626780627
40	0.0670106336122821
40	0.0658671113391483
40	0.0617688927399889
40	0.0640474605000303
40	0.0650251749969299
40	0.0648956356736243
40	0.0639254313479209
40	0.06470971950424
40	0.0640805146824639
40	0.0665429808286951
40	0.0669245647969052
40	0.0632510660292027
40	0.0643518230946021
40	0.0606732776617954
40	0.0673979280926264
40	0.0659326508273775
40	0.0625780664501624
40	0.0648124683223518
40	0.0663009299524988
40	0.0635944117832986
40	0.0660608404227894
40	0.0652783839391483
40	0.0653574716170604
40	0.0673498324310389
40	0.0655727358788261
40	0.0621656881930855
40	0.0643429901707191
40	0.0652944468627573
40	0.0661475819701407
40	0.0612081610881451
40	0.0674861861302539
40	0.0628041263868163
40	0.0631029470067398
40	0.0674842727330495
40	0.0633197364292438
40	0.0651910442048861
40	0.0645203852751023
40	0.0617182564750474
40	0.0668414154652687
40	0.0655483870967742
40	0.0685192000981475
40	0.0638406212208007
40	0.0668762327416174
40	0.0646304529931052
40	0.0638895828128903
40	0.0650653129449638
40	0.0645321419707123
40	0.0688840653728294
40	0.0644392944508819
40	0.0638392291111956
40	0.0636913961875322
40	0.0646956952003959
40	0.0630175083749447
40	0.0647945296421696
40	0.0648377337733773
40	0.0665257316509216
40	0.0674541311907903
41	0.065164198325821
41	0.0609633085361241
41	0.064357952804168
41	0.06645751968756
41	0.0633550696841836
41	0.0653031049778216
41	0.0643509094490774
41	0.0683145192681977
41	0.0651247717589775
41	0.0659247610983428
41	0.0644883391791274
41	0.0628440982946153
41	0.0651603053435115
41	0.0668928434259378
41	0.0619781631342325
41	0.0642024558997694
41	0.0663513087354147
41	0.0662848317137525
41	0.0660919540229885
41	0.0660910418386134
41	0.0644776119402985
41	0.0627497502497503
41	0.0640677323561003
41	0.0645140076285677
41	0.0679941097381394
41	0.0644117273765706
41	0.0620017131185346
41	0.0687870756026758
41	0.0650354969574037
41	0.0654158534281937
41	0.0652090770015298
41	0.0646062067652472
41	0.0647773279352227
41	0.065143224975861
41	0.0689568072745643
41	0.0653079252902574
41	0.06516194848253
41	0.0607610067069527
41	0.0667607906413877
41	0.065472660419879
41	0.0657693289104363
41	0.0670646513400229
41	0.0660959951085295
41	0.0667866786678668
41	0.0627877237851662
41	0.0658941434387723
41	0.0652431052729876
41	0.0617096261488494
41	0.0639990357960709
41	0.0643499844865033
41	0.0637997885089884
41	0.0641536788691555
41	0.0629855537720706
41	0.062286953827084
41	0.0672358591248666
41	0.066156202143951
41	0.0672426746806912
41	0.0655676048392152
41	0.0647893003562067
41	0.0659771296415264
41	0.0648794915360896
41	0.0652019844082211
41	0.065698705735497
41	0.0646976090014065
41	0.0634242733299337
41	0.0653198218550313
41	0.0660125968992248
41	0.064896939412867
41	0.0642533936651584
41	0.0658399386346203
41	0.0649761259517357
41	0.0634852743492607
41	0.0650531438084262
41	0.0658748701973001
41	0.0670735428745804
41	0.0627696155048453
41	0.0645930090442435
41	0.0617910841466631
41	0.0619332551970884
41	0.0646086600191231
41	0.0683582654800227
41	0.0663399693721286
41	0.0642208010770784
41	0.0654416702277028
41	0.0658482142857143
41	0.0679710243043802
41	0.0670103092783505
41	0.0680595521080946
41	0.0616302186878728
41	0.0623488993510625
41	0.0649090909090909
41	0.0658031088082902
41	0.0636450079239303
41	0.0635493179433368
41	0.0645709965982109
41	0.0645222687476209
41	0.064586225629263
41	0.0636863908984109
41	0.0655149339984184
41	0.0658763216917655
42	0.0607943625880846
42	0.0652936021034181
42	0.0674061950657695
42	0.0645376318022058
42	0.0639135959339263
42	0.0647239626433385
42	0.0653669001198814
42	0.0668858968790718
42	0.0638089406001225
42	0.0688749626977022
42	0.0666831316374413
42	0.0645801053610164
42	0.0645987139795189
42	0.0658338538413492
42	0.0679214909293542
42	0.0634503472874038
42	0.0629862450986494
42	0.0681962628702174
42	0.0686871275709618
42	0.066974020310261
42	0.0644825115612584
42	0.0654586494451063
42	0.0632919293427377
42	0.0645283018867925
42	0.063193687046898
42	0.066735112936345
42	0.0641181475629026
42	0.064108790675085
42	0.0664408185840708
42	0.0642196018765056
42	0.064576
42	0.0666841690732476
42	0.066884071871603
42	0.064939260790902
42	0.063909024406464
42	0.0660641547861507
42	0.0650903119868637
42	0.0618578318305724
42	0.0668536394469084
42	0.0673336938885884
42	0.0617819760020424
42	0.0628701322007537
42	0.0654564382848591
42	0.0631599155308121
42	0.0642508193680044
42	0.0665818759936407
42	0.0657032755298651
42	0.0631857970657132
42	0.0643650892745661
42	0.0666125101543461
42	0.0635884722652618
42	0.0649278919914084
42	0.065858734239197
42	0.0644224830142063
42	0.064122533748702
42	0.0625521803352386
42	0.0642009312086038
42	0.0613031508106455
42	0.0646138925930416
42	0.0643216704990367
42	0.0619128680411071
42	0.062829194883371
42	0.0646871686108165
42	0.061954342624329
42	0.0636352403311504
42	0.0634262003556609
42	0.0667100553205337
42	0.0652455178362393
42	0.0656565656565657
42	0.0651062037427041
42	0.0670318043194125
42	0.0689200764314423
42	0.0638911030719235
42	0.0643302928468555
42	0.0664888668361967
42	0.0644917582417582
42	0.0630788161388511
42	0.0661483558501147
42	0.0667913938260056
42	0.062993136185772
42	0.0652788640876
42	0.0655994978028876
42	0.065084616363405
42	0.0658313315587872
42	0.0643389085581736
42	0.060725700319609
42	0.0652120009918175
42	0.0668205564329972
42	0.0648560496769742
42	0.0646665072914176
42	0.0639979602243753
42	0.0643526241498781
42	0.0664019978228853
42	0.0646169228846394
42	0.0644570707070707
42	0.0669103525184313
42	0.0648472709063595
42	0.0630955622107269
42	0.0672305764411028
42	0.0633755013884603
43	0.065367046258766
43	0.0651361452215697
43	0.0665681423889996
43	0.0646447559207347
43	0.0664408055712404
43	0.0651618651618652
43	0.0651681373718102
43	0.0645274416973523
43	0.0686481416344237
43	0.0664114074465276
43	0.0656797465899541
43	0.0684742647058824
43	0.0634218289085546
43	0.0655697445972495
43	0.0687295627952041
43	0.0651100408461867
43	0.0629001180931071
43	0.065102445472571
43	0.0636569927146781
43	0.0631625722084682
43	0.0661018005108716
43	0.0651283959806476
43	0.0641087322588405
43	0.0640282329216032
43	0.0641694811175929
43	0.0652923115483426
43	0.0637558448123341
43	0.0665764213635245
43	0.064629388816645
43	0.0634260462698206
43	0.0630209270252444
43	0.0621748974970932
43	0.0651287357721103
43	0.0623332062523828
43	0.0644807332343639
43	0.0640073081607795
43	0.062900165994783
43	0.0660593593887746
43	0.0635681402535158
43	0.0635686370297997
43	0.0630967483474661
43	0.0651786263297055
43	0.0649895178197065
43	0.0638743455497382
43	0.0631945292465503
43	0.0657412415119284
43	0.0634607804493496
43	0.0650139749665816
43	0.0659539884971243
43	0.0644563689791747
43	0.0654695099139544
43	0.0636479359883615
43	0.0636753546684263
43	0.0642857142857143
43	0.065919664504292
43	0.0648383812674981
43	0.0617100371747212
43	0.0619624706802189
43	0.0618319661943823
43	0.0653974010275008
43	0.0622710622710623
43	0.065808872805254
43	0.066110815445568
43	0.0659232333189576
43	0.0632703368940016
43	0.0633729795669411
43	0.0688299531981279
43	0.064949876943394
43	0.0639243676433759
43	0.0644903970055838
43	0.0648815020006156
43	0.061626746506986
43	0.068935427574171
43	0.0656424581005587
43	0.0633000175346309
43	0.064783759929391
43	0.0644553589450313
43	0.0634930151687751
43	0.0628361858190709
43	0.0642643423962534
43	0.0635038759689922
43	0.0651057586502017
43	0.0673953819287239
43	0.0655379232787705
43	0.0674827369742624
43	0.0649518874907476
43	0.0661635220125786
43	0.0668627450980392
43	0.066376217324449
43	0.064430018807256
43	0.0653565768621236
43	0.0640210346092699
43	0.0674643132144761
43	0.0654620672872179
43	0.0624656530500092
43	0.0653701684236035
43	0.0655387355298308
43	0.0626008004300818
43	0.0631028688779638
43	0.0623381316629525
44	0.0676384484020493
44	0.0635520858746036
44	0.0646931223682532
44	0.0681383733119566
44	0.0647237827715356
44	0.0604887490926688
44	0.0676644447239341
44	0.065697778307225
44	0.0646348823174412
44	0.0659170939642923
44	0.0661299244053838
44	0.0652763546501115
44	0.0671309366961541
44	0.0662523226757224
44	0.0639709275496078
44	0.0654505034654113
44	0.0638619473485326
44	0.0645677694770544
44	0.063557523197283
44	0.0647855949508075
44	0.0646865537014368
44	0.0631785560939704
44	0.05928927680798
44	0.0660388895683013
44	0.0645523785741041
44	0.0668642341174292
44	0.0660779155705875
44	0.0624196805581054
44	0.0642834344079157
44	0.0669814837827762
44	0.06614763214892
44	0.0638981915606162
44	0.0653957528957529
44	0.0637462421007424
44	0.0642196250304358
44	0.0630043451272502
44	0.065207015869228
44	0.0654211447138215
44	0.064320987654321
44	0.0641236235322747
44	0.0642719771697996
44	0.0646168628392986
44	0.0640754397630418
44	0.0656046814044213
44	0.0665071167653357
44	0.0646220606344925
44	0.0643065736933071
44	0.065389294403893
44	0.0652387986213688
44	0.0674371426815024
44	0.0644950714798616
44	0.0623904661759551
44	0.0655191909039513
44	0.0655841684637828
44	0.0654433867735471
44	0.0644313774552734
44	0.065234833055607
44	0.0649885029650248
44	0.0638365580448065
44	0.0660980810234542
44	0.0634497790155597
44	0.0629069910308392
44	0.0646812470916705
44	0.063200557279463
44	0.0596359070935342
44	0.0634871668311945
44	0.0655250853026665
44	0.0650965202723808
44	0.0658876034999119
44	0.0631711560381547
44	0.0638552697932426
44	0.0657338308457711
44	0.0667001632960683
44	0.0644377299001576
44	0.0630522595304216
44	0.0654838709677419
44	0.0666157177429627
44	0.0662836669137633
44	0.0653022670025189
44	0.0653398652786283
44	0.0642948212008985
44	0.0631080555195226
44	0.0677790001222345
44	0.0667245442143123
44	0.0634041063929071
44	0.0646189140963548
44	0.0666339126696555
44	0.0678830802472841
44	0.0652147239263804
44	0.0624523990860625
44	0.0637559371574717
44	0.0624610785901108
44	0.065384848668648
44	0.0671558263897525
44	0.0650924537731134
44	0.0669841662543295
44	0.0633090864258414
44	0.0644575844505591
44	0.0632766928734466
44	0.064601226993865
45	0.0632707442523393
45	0.0657768733540819
45	0.064891846921797
45	0.0633470288833017
45	0.0657417822772153
45	0.0657664717583941
45	0.0657477433520371
45	0.0649035545311173
45	0.0650535019455253
45	0.0634017207147584
45	0.0614602867340149
45	0.0635422478457628
45	0.0657636675655798
45	0.0671317544825898
45	0.0639742890061245
45	0.0638560157790927
45	0.0651224836284259
45	0.0630436123619764
45	0.0636978936049086
45	0.0665179109878181
45	0.0662552979306906
45	0.0645834541132819
45	0.0624074987666502
45	0.0660539215686275
45	0.0647595095881798
45	0.0675591917689352
45	0.0659606094388703
45	0.0637626262626263
45	0.0647592206837397
45	0.0670543115180007
45	0.0641017607619525
45	0.0633658595349958
45	0.0665788152610442
45	0.0630964339527876
45	0.0651493773388136
45	0.0629899972965666
45	0.062948305713579
45	0.064009510699537
45	0.061709059015161
45	0.0674268715914725
45	0.0658273831892772
45	0.0634815572537457
45	0.0645015203467685
45	0.0673530141404118
45	0.0675573481220066
45	0.0647807984325251
45	0.0644912030432715
45	0.0609756097560976
45	0.0644059218018474
45	0.064008001000125
45	0.0650421399780139
45	0.0657328239645867
45	0.0635572444226526
45	0.0667942354840639
45	0.0657457483547273
45	0.0640236686390533
45	0.0643697378634979
45	0.0602845731402896
45	0.0623915774361428
45	0.0625254464026057
45	0.0651530704667592
45	0.0637009432863631
45	0.0617004345963151
45	0.0607713283989092
45	0.0658226292176265
45	0.0653883377691749
45	0.0666184797012408
45	0.0634768740031898
45	0.063985493167541
45	0.0654422253922967
45	0.0672067759160376
45	0.0631565462464771
45	0.0664712851530835
45	0.0656158576631441
45	0.0627046395255452
45	0.0676339946698253
45	0.0645729558984328
45	0.0661665231828803
45	0.0634787806335923
45	0.0654765470556521
45	0.068353000251067
45	0.0649374653440946
45	0.0634871090579936
45	0.0655029801727284
45	0.0689145793192036
45	0.0604793938998106
45	0.0637137781045151
45	0.0635355823101681
45	0.0621175597997404
45	0.0648661830153021
45	0.0662881052002391
45	0.0670794633642931
45	0.064639267082326
45	0.0653108871958712
45	0.0636358147678561
45	0.0652757823724155
45	0.0642333938521255
45	0.0630152385710717
45	0.0637334781821474
45	0.0650687080378992
46	0.0668578051607393
46	0.0687625250501002
46	0.064542919855253
46	0.0651802076970067
46	0.0620661009909215
46	0.0649199040145275
46	0.0642406475049391
46	0.0640317676987032
46	0.0647815223353038
46	0.0587570621468927
46	0.0657506177303682
46	0.0666382667964946
46	0.0684456144549479
46	0.060646813960935
46	0.0659491928419472
46	0.0660013895029369
46	0.064484126984127
46	0.0650963848362337
46	0.0636729222520107
46	0.0642704267908851
46	0.0631056346452925
46	0.0642229265084016
46	0.0632284558246271
46	0.0660195345472085
46	0.064008064008064
46	0.0665110851808635
46	0.0649374206421186
46	0.0618034447821682
46	0.063498815093881
46	0.0623381316629525
46	0.065210834288472
46	0.0649958525891693
46	0.0625706747078779
46	0.0658752614097675
46	0.0677406030565882
46	0.0651892019332783
46	0.0681010408733181
46	0.0678127984718243
46	0.0646103071845646
46	0.0628585086042065
46	0.0651275820170109
46	0.0669073255741582
46	0.0679261175621202
46	0.0626808694045933
46	0.0671934410646388
46	0.0618332919871
46	0.0628480509148767
46	0.0655727815648187
46	0.065076822684938
46	0.0642605633802817
46	0.0629068564823265
46	0.0647917408330367
46	0.065120212637429
46	0.0645614463718544
46	0.0639698402250015
46	0.0677473241353709
46	0.0641875
46	0.0671873136997735
46	0.064863240156297
46	0.0660921284214359
46	0.0651023837679716
46	0.0666196686640818
46	0.06508804615662
46	0.06561487188895
46	0.0643033292231813
46	0.0630992329817833
46	0.0645284459717449
46	0.0641595578517361
46	0.0644411836634874
46	0.0626699775334043
46	0.0647939185176387
46	0.0643407340280924
46	0.0644292780664955
46	0.0660353693716293
46	0.0651252648635174
46	0.0649485798237023
46	0.0643681012030262
46	0.064484126984127
46	0.0641656043222242
46	0.067183156898693
46	0.0662579580287668
46	0.0642004185645697
46	0.0647688535374678
46	0.0637506640694174
46	0.0617730833135533
46	0.0650950035186488
46	0.06378896882494
46	0.0659088006131051
46	0.0663513008838541
46	0.0653868194842407
46	0.0655312628911545
46	0.0648131099245075
46	0.0654769082358616
46	0.0644615105520953
46	0.0656115456915893
46	0.0659367396593674
46	0.0651544686632406
46	0.0629462160875773
46	0.0654490106544901
46	0.0629470672389127
47	0.065454117370063
47	0.0643267776096823
47	0.066583214115403
47	0.0632903912067131
47	0.0683256266731565
47	0.0645934447839895
47	0.0679544015199493
47	0.0661172161172161
47	0.0654823889739663
47	0.0694744878483268
47	0.0663791037622813
47	0.0664988333538008
47	0.0700379576343823
47	0.0648338632254847
47	0.0652801508277853
47	0.0651046433583501
47	0.0636313431919985
47	0.0634582132564842
47	0.0644315757391039
47	0.0657065185956388
47	0.0663811563169165
47	0.0672465913998396
47	0.0633632178337776
47	0.0625600961538462
47	0.0632963906833403
47	0.0663027477919529
47	0.0658560671522034
47	0.0684989944542629
47	0.0635490148382389
47	0.065426631237083
47	0.0648642308369011
47	0.0639545766518999
47	0.0634687646782527
47	0.064033512866547
47	0.065764705882353
47	0.065959464264549
47	0.0679296180491693
47	0.065932758107706
47	0.0627786695202426
47	0.064138283959743
47	0.0665871121718377
47	0.0674882629107981
47	0.0646898674242424
47	0.0655656584400322
47	0.0636668826197067
47	0.0652908067542214
47	0.0670187579675833
47	0.0664311363373103
47	0.0643881056746831
47	0.0657154697768042
47	0.0644620177330458
47	0.0635178174388558
47	0.0665039658328249
47	0.0682573599240266
47	0.0621616798524775
47	0.0659432387312187
47	0.0647048071650521
47	0.0655369290573372
47	0.0618090452261307
47	0.0657941701368233
47	0.0671637267381948
47	0.0648293505436363
47	0.0627381999413662
47	0.0616944062069829
47	0.0650382046808255
47	0.0652797266792752
47	0.0667645331767469
47	0.0625743069895501
47	0.0626835184475935
47	0.0628938439166263
47	0.0673434456707785
47	0.0661495775003153
47	0.0657588454376164
47	0.0657304352893188
47	0.0634385715974932
47	0.0637419659178018
47	0.0650876653337435
47	0.0651410582394963
47	0.0624725309223331
47	0.0648310995208927
47	0.0635989280345121
47	0.0632777647335055
47	0.0654087292018326
47	0.0623471882640587
47	0.0642497115443007
47	0.0658746621409265
47	0.0640831872317272
47	0.0671842340997313
47	0.0679634403562222
47	0.0626906741640246
47	0.0682446007031642
47	0.0661755826590991
47	0.067517112632234
47	0.0635996195910604
47	0.0646943051234842
47	0.063653461854943
47	0.0652778599751435
47	0.0652523687503724
47	0.0660669264267706
47	0.0638424821002387
48	0.0659393939393939
48	0.0653016719166465
48	0.0631559336769546
48	0.0665185807768506
48	0.0637219406227371
48	0.0650306026365348
48	0.0665003191551094
48	0.0650770885622087
48	0.0630598351845217
48	0.0643143733773897
48	0.0627670268911787
48	0.0668982980978741
48	0.0657848324514991
48	0.0639152666179693
48	0.0664217401446233
48	0.0648939908633009
48	0.0637829475813649
48	0.0654709051086249
48	0.0609631800229329
48	0.064062955406587
48	0.0645819578656743
48	0.0642223536369012
48	0.0641885977709051
48	0.0666625132390505
48	0.0657621247113164
48	0.064463802943827
48	0.0664684898929845
48	0.0664914886324689
48	0.0622565761879082
48	0.0664009111617312
48	0.0655019212295869
48	0.063162884398886
48	0.0665051483949122
48	0.0640344664778092
48	0.0626572568272476
48	0.0638549934841843
48	0.0636859582542695
48	0.0638102243471865
48	0.0659532255155414
48	0.0670506214004244
48	0.0653380273285996
48	0.0653325485579753
48	0.0662223823246878
48	0.0651983918895298
48	0.0649715749359655
48	0.0640112961110784
48	0.0660210227943782
48	0.0643809523809524
48	0.0626904658249891
48	0.0658912368308873
48	0.0682049326214086
48	0.0658640226628895
48	0.0650911863015305
48	0.0657545805207329
48	0.062574456078751
48	0.0659084106554924
48	0.0669650745037988
48	0.0647921760391198
48	0.0651623024013515
48	0.0654623605947955
48	0.0668354125233532
48	0.0669690820102662
48	0.0655994978028876
48	0.0635593220338983
48	0.0669005102040816
48	0.0655600591906324
48	0.0661728994657601
48	0.0636040235525025
48	0.0645623247210454
48	0.0668979187314172
48	0.0620108003155148
48	0.0660916190698217
48	0.0648836651475174
48	0.0649698593436035
48	0.0644983798985144
48	0.0660275614140204
48	0.0650724726316433
48	0.0638246189348394
48	0.0644561698045329
48	0.0659869400847749
48	0.0626624143633357
48	0.0637846439464262
48	0.0649297182850085
48	0.0632866513029605
48	0.0658329826249023
48	0.0644134215037962
48	0.0658721688604293
48	0.0645100738330622
48	0.0633031889576392
48	0.0667005463092364
48	0.0656659290712278
48	0.0673082670811166
48	0.0637972203514357
48	0.0635355892648775
48	0.065263277996463
48	0.0632436934792956
48	0.0643035268970431
48	0.067198452985255
48	0.0631732943210533
48	0.0680568147476579
49	0.0650177102719577
49	0.0631203300992528
49	0.0662303823547234
49	0.06438372229389
49	0.0666074074074074
49	0.0683636363636364
49	0.0652666746211669
49	0.06528644356211
49	0.0627526700054305
49	0.0644412709746519
49	0.063649477100613
49	0.0651365862292761
49	0.0648711089494163
49	0.0666176830761695
49	0.0661712247324614
49	0.0651770240158455
49	0.064545344765125
49	0.0651831190880427
49	0.0613242120693868
49	0.0643320518981259
49	0.0660116491145496
49	0.064065833587321
49	0.06772351797862
49	0.0660588235294118
49	0.0627627810614832
49	0.0655928359597604
49	0.0669661327501625
49	0.0661957388629372
49	0.0635084313963363
49	0.065737394596455
49	0.064747770929328
49	0.0633536585365854
49	0.0657794453889899
49	0.0651033817589969
49	0.0657677994021109
49	0.0623672409723861
49	0.0665220535068691
49	0.0634125481092309
49	0.0661421194984018
49	0.0647562776957164
49	0.0650274212017116
49	0.0671650789822742
49	0.0644369079639808
49	0.0644080190116385
49	0.0666816597323738
49	0.0644267822736031
49	0.0685806374597111
49	0.0636474908200734
49	0.0631597781356235
49	0.0639541613612687
49	0.0658665275120311
49	0.0656745194914744
49	0.0648739691021025
49	0.0654607054268256
49	0.064350897851045
49	0.0659810973072579
49	0.0633912522468544
49	0.064468211527035
49	0.0651477394090424
49	0.0666357899612111
49	0.0635417898096702
49	0.0662921348314607
49	0.0642998263784949
49	0.0624316109422492
49	0.063884258156704
49	0.0629467373760664
49	0.0642616237051313
49	0.063943058850761
49	0.0663561612328216
49	0.0654878433849068
49	0.0653761446621073
49	0.0640815370196813
49	0.0622328388232336
49	0.0641609943770346
49	0.0622658888547743
49	0.0622275306061511
49	0.0689117555347677
49	0.0645308924485126
49	0.0648153654040554
49	0.0657492354740061
49	0.0651778128413642
49	0.0645180543121456
49	0.0660097352487237
49	0.0614783653846154
49	0.0660974261318263
49	0.0639661355752837
49	0.0666915052160954
49	0.0666373571159402
49	0.065824629584649
49	0.0668737438333638
49	0.0647482014388489
49	0.0684133058581101
49	0.0646294344924482
49	0.0645456765999023
49	0.0649398934192589
49	0.0657751871535516
49	0.0632217090069284
49	0.0666898833362354
49	0.0664379851958837
49	0.0650912106135987
50	0.0618282816085014
50	0.0651940938318647
50	0.0666115018618122
50	0.0647709320695103
50	0.064441819255759
50	0.0667641325536062
50	0.0625368731563422
50	0.0633598841419261
50	0.0659327217125382
50	0.0666344469280493
50	0.0622394953249972
50	0.0662308303293212
50	0.0656994091148423
50	0.0633315902620417
50	0.0643364025570348
50	0.0641931684334511
50	0.0650075872534143
50	0.0658244288328709
50	0.0645435484784949
50	0.0632609360660752
50	0.0629450814725407
50	0.0636751864363567
50	0.0632255023274998
50	0.0661044934544168
50	0.0671249252839211
50	0.0629441624365482
50	0.0656633942742931
50	0.0657043603258265
50	0.0653579542144813
50	0.0660332257678977
50	0.0635929047678953
50	0.0676824946846208
50	0.0662408759124088
50	0.0651293052079609
50	0.0662500758357095
50	0.0657217240381834
50	0.0640863745422402
50	0.06156191369606
50	0.0661576124970856
50	0.0635494545900233
50	0.0654658385093168
50	0.0665456402110399
50	0.0668482444194446
50	0.063674744086519
50	0.062496383311151
50	0.0645945785633786
50	0.0650497512437811
50	0.0649622312608948
50	0.0620256314545228
50	0.0627096310493531
50	0.0631152287203243
50	0.0656754858346991
50	0.0628670507299066
50	0.0665992745436166
50	0.0659732367206217
50	0.0658809664113141
50	0.0659210604177762
50	0.0665584415584416
50	0.0628541988665636
50	0.0633243733199975
50	0.0663299055866258
50	0.0635834854014599
50	0.0649461630490514
50	0.0648273319405186
50	0.0653606965174129
50	0.0625792811839323
50	0.0649245999769771
50	0.0654741026540395
50	0.0644931831653823
50	0.0630613888372669
50	0.06475453105754
50	0.0634745171049569
50	0.0670786584268315
50	0.0650778556995127
50	0.0677756149354097
50	0.063796804197472
50	0.0650492887078685
50	0.0620482665686635
50	0.0653862113936807
50	0.0670099932560849
50	0.0658711504851443
50	0.0627015200368494
50	0.0621344156619315
50	0.0658220211161388
50	0.0661760376803062
50	0.0666307148421116
50	0.0650364203954214
50	0.0657188366468055
50	0.062964946735702
50	0.0642373277271665
50	0.0680802906665078
50	0.0685844588668655
50	0.0650479081116467
50	0.0649434006301785
50	0.0645582204548279
50	0.0669696244917484
50	0.0645821157218001
50	0.0617668182906392
50	0.0658696951583981
50	0.0639531444122345
51	0.064982568440304
51	0.0660313556716877
51	0.0656000951587962
51	0.0641395979484761
51	0.06480865727586
51	0.0648899188876014
51	0.0643684820393974
51	0.0650220264317181
51	0.0631369333489516
51	0.0659020783605985
51	0.0676930449889175
51	0.0629822357796519
51	0.0652442977544646
51	0.0653080401714923
51	0.0629670393326768
51	0.0658252764430035
51	0.0664606774325191
51	0.0660261148066026
51	0.0616634799235182
51	0.0656638013371538
51	0.0645329019585187
51	0.0634704748951604
51	0.0637282601871037
51	0.064908969128661
51	0.063112929426629
51	0.0641098700706633
51	0.0677887940973023
51	0.0666905273204486
51	0.0653139983627646
51	0.062540988493412
51	0.0655009064857594
51	0.0634182736455464
51	0.0659142212189616
51	0.0669629971713906
51	0.0644931409228577
51	0.0628123650274573
51	0.0654513888888889
51	0.0649427323178652
51	0.0639430553894006
51	0.065314401622718
51	0.0627545459760225
51	0.063831049415673
51	0.0649772943880697
51	0.062206020696143
51	0.0634378861884305
51	0.0630926113662115
51	0.0641943433869264
51	0.0646841009025688
51	0.0652418447694038
51	0.0662104362703165
51	0.0636320587190719
51	0.0643393303943763
51	0.0655658961272891
51	0.065046028333609
51	0.0630185456320156
51	0.067225854200074
51	0.0659118479579458
51	0.0657654574492357
51	0.0674717158098364
51	0.0617225726581383
51	0.0620526471458148
51	0.0647889037595815
51	0.0642035130224107
51	0.0612880886426593
51	0.0644890116488531
51	0.063010568409026
51	0.063401624439326
51	0.0632071559741721
51	0.0653028662601858
51	0.0632526598854203
51	0.0637587754632294
51	0.0644395764877693
51	0.0658165364047717
51	0.0646746040920125
51	0.062934671075134
51	0.0621121718377088
51	0.0655939831083164
51	0.0668525329220548
51	0.0662315108689143
51	0.0631536137578434
51	0.0662469513924338
51	0.0656841128002785
51	0.0667808219178082
51	0.0638400096090325
51	0.0636592078497068
51	0.0645519985954234
51	0.0664358236985739
51	0.0650129795211999
51	0.0626075603821732
51	0.063345707100946
51	0.0629560495503139
51	0.0641553855208946
51	0.0660109165340005
51	0.065497557817925
51	0.0663338946355545
51	0.0624263839811543
51	0.0667566932832316
51	0.0663467306538692
51	0.0636017151024297
51	0.0658003057744325
52	0.0639497703621882
52	0.0643581878244455
52	0.0656971770744226
52	0.0624698213423467
52	0.0649394727910397
52	0.0676347609899424
52	0.0646644375447815
52	0.0654904306220096
52	0.062113579116098
52	0.0652918931694635
52	0.0649393973090181
52	0.0646436460876642
52	0.0651488616462347
52	0.0659549228944247
52	0.064944559522359
52	0.0654971435166484
52	0.0644812680115274
52	0.064898855075043
52	0.0642567889471177
52	0.0660853878532772
52	0.0646536412078153
52	0.064929178470255
52	0.0645849380814126
52	0.0670449282075035
52	0.0641480591799967
52	0.0661671469740634
52	0.0639465791409654
52	0.065957819711398
52	0.0640037374445223
52	0.0645544084490329
52	0.0664760126065134
52	0.0637792939780481
52	0.0665035840254864
52	0.0642927223408553
52	0.0630198157968183
52	0.0657139577594123
52	0.0642125821151684
52	0.065233977619532
52	0.0653459491425192
52	0.0643125111653665
52	0.0647033923928161
52	0.0661655915251228
52	0.0638507445390811
52	0.0654382957884427
52	0.0643955130868301
52	0.0641197497765862
52	0.0647593829150357
52	0.063265658250417
52	0.0657441501365958
52	0.0649834437086093
52	0.0662955465587045
52	0.0647762913652948
52	0.0652359468357517
52	0.0665160791773168
52	0.0629314312011045
52	0.0631987223362993
52	0.0646806072758522
52	0.0644143090951602
52	0.0641154551369255
52	0.0651165521695731
52	0.0652369796359704
52	0.0646741247843268
52	0.0662491381291657
52	0.065158858373721
52	0.0654179635393508
52	0.0632792834982146
52	0.0668627811484954
52	0.0667059169855755
52	0.063483547925608
52	0.0677457694266795
52	0.0662069771518728
52	0.065803168729039
52	0.0647276874821785
52	0.064237037037037
52	0.0643400499390279
52	0.0664839747408555
52	0.0641622928584066
52	0.0653789841198333
52	0.0667582253537947
52	0.0647720877884074
52	0.0662306287195805
52	0.0658269961977186
52	0.0649696268440845
52	0.0646906345091852
52	0.0672494572048909
52	0.0664482382019888
52	0.0648935528617092
52	0.0646576945582212
52	0.0643455010462683
52	0.0657806566897476
52	0.0630130514380204
52	0.0643715156043451
52	0.0641117908120427
52	0.0638014527845036
52	0.065383281304197
52	0.0676405021705972
52	0.0661485319516408
52	0.0667060561299852
52	0.0644506323239355
52	0.0655172413793104
53	0.0634480316354837
53	0.0645834541132819
53	0.0643261211873797
53	0.067491432886101
53	0.0657572577824414
53	0.0603492996714508
53	0.0655951604293933
53	0.0628016409266409
53	0.0633854490037817
53	0.0664156715100888
53	0.0663658243080626
53	0.0650173299868531
53	0.0654472027556717
53	0.0669689570980119
53	0.0635767735947561
53	0.063659262651706
53	0.0671010516689529
53	0.0644441966774445
53	0.0639282958390218
53	0.0648320108053351
53	0.0645104793041042
53	0.0648629061480855
53	0.0626591649392952
53	0.0644666155026861
53	0.0629411084114312
53	0.0669175585087616
53	0.0644938385350685
53	0.0637373794348243
53	0.066173399367504
53	0.0658693014387242
53	0.0658721305700699
53	0.064473150669061
53	0.06627061944861
53	0.0672195800951166
53	0.0657917658672551
53	0.0655275572431251
53	0.063770426464727
53	0.0645699172033119
53	0.0629961442503969
53	0.0635287485907554
53	0.0652701710801197
53	0.0667877686951256
53	0.0658047913730776
53	0.0663875950710453
53	0.0655581947743468
53	0.0606983697185085
53	0.0632027458870872
53	0.0665104014063873
53	0.066323512010413
53	0.0638272977242146
53	0.0655286652815992
53	0.0633651896901245
53	0.0640677778393045
53	0.065531914893617
53	0.06590514586483
53	0.0648100395392814
53	0.0630737844270656
53	0.0648219016779511
53	0.0644717150553726
53	0.0664879669016957
53	0.0647289586305278
53	0.067495359694021
53	0.0657735940139995
53	0.0653357531760436
53	0.0647719379485992
53	0.0647727272727273
53	0.0667260843731432
53	0.0657871278302728
53	0.0656896551724138
53	0.0644296068024882
53	0.0637475481712242
53	0.0680911156136796
53	0.064030567938401
53	0.0645745675549322
53	0.0656551252067766
53	0.0661405700011355
53	0.0656357582256335
53	0.063246536072623
53	0.0642075720258892
53	0.0652173913043478
53	0.0670667754340986
53	0.0656467315716273
53	0.0650052963148799
53	0.0649911866719736
53	0.0631305851830499
53	0.0637505016338933
53	0.0661333026361229
53	0.0622989178122258
53	0.0655595917661304
53	0.0664604936025711
53	0.0655815050719509
53	0.0661732213875387
53	0.0656866176642165
53	0.063364193819887
53	0.0665841730010017
53	0.0662119920431941
53	0.0669077757685353
53	0.065331990759936
53	0.0638856313173619
53	0.0642723191453089
54	0.0652481433455146
54	0.0637821268568734
54	0.0650249193784814
54	0.0636080430472954
54	0.0643455762416334
54	0.0654357708064426
54	0.0671431041438534
54	0.0664898320070734
54	0.061744290192566
54	0.0663430420711974
54	0.0658179197693971
54	0.063208290406642
54	0.0630080020162561
54	0.0629688565583087
54	0.0614452872346681
54	0.0635365307037203
54	0.0651396715748652
54	0.0648137402808402
54	0.0633249985462581
54	0.0631480288208072
54	0.064828395423878
54	0.064794183182831
54	0.0630791161796151
54	0.0615347635358452
54	0.0620190651200184
54	0.0654340187777202
54	0.0642752131725963
54	0.065342544617156
54	0.0635831645284718
54	0.0664352999504214
54	0.0639272019687518
54	0.0670896025151583
54	0.0646865061335756
54	0.0627648155471442
54	0.0631323590320099
54	0.0657887170050032
54	0.0649670581495274
54	0.0660747823117637
54	0.0648730350665054
54	0.0652718168812589
54	0.0677775275838775
54	0.0635199456029012
54	0.063036434945717
54	0.0648469902477301
54	0.0638425178005146
54	0.0646047708138447
54	0.0687942018820504
54	0.0647511364960951
54	0.0646740382400369
54	0.0662625292599484
54	0.0671114599686028
54	0.0643553265374706
54	0.0631697687535251
54	0.0653605809829421
54	0.0643941631712648
54	0.0655267450362788
54	0.0658823529411765
54	0.0652417783550806
54	0.0651750398488695
54	0.0629046629046629
54	0.0667094665577215
54	0.0652336341169033
54	0.0657777777777778
54	0.0619868162368451
54	0.065484152369875
54	0.0680116959064327
54	0.065348678213309
54	0.065652148562766
54	0.0663836135177004
54	0.0617011650265807
54	0.067397229161935
54	0.066301703163017
54	0.0662135239657799
54	0.0654461986339716
54	0.0666165065401088
54	0.0659895462105013
54	0.0662882147714505
54	0.0657045426866399
54	0.0672096631205674
54	0.0646385678676637
54	0.0634820506938869
54	0.0642877212700197
54	0.064171445819499
54	0.0658055507069297
54	0.0646704564642314
54	0.062892315192882
54	0.0635937068727574
54	0.0650292397660819
54	0.0621836171191901
54	0.0645832162329268
54	0.0644368210405946
54	0.0669709927192881
54	0.0638491769664521
54	0.0655887562132206
54	0.0663507109004739
54	0.0656994574192026
54	0.0676004167148976
54	0.0667662606297403
54	0.0646217986896963
54	0.0648676699532953
55	0.065970409051349
55	0.0665863038861145
55	0.0650479448213985
55	0.0639364814040953
55	0.0651554846793484
55	0.0631056892030555
55	0.0640525094777344
55	0.0652995761255585
55	0.0651365485183033
55	0.066715459970724
55	0.0643049222495031
55	0.0616489947273886
55	0.0644730248872557
55	0.0645984573502722
55	0.0655700892606523
55	0.0641370047011417
55	0.0638964888280894
55	0.0653131698023339
55	0.0630871685099298
55	0.0641533252998221
55	0.065034518767767
55	0.0661838161838162
55	0.0644654088050314
55	0.0656899529509856
55	0.0664094469776687
55	0.0641455786181405
55	0.0665808565410718
55	0.0652063456218596
55	0.064550803349174
55	0.0620460913821696
55	0.0659024169866727
55	0.0636586617990987
55	0.0661036854762038
55	0.0616784630940344
55	0.064176245210728
55	0.0635624089363769
55	0.0628053867238708
55	0.0616406701328712
55	0.065450643776824
55	0.0662995842229464
55	0.0649529492770255
55	0.0672116788321168
55	0.067202890948301
55	0.0634652237628227
55	0.063051481329983
55	0.0658032901645082
55	0.0615184791592868
55	0.0658661894591006
55	0.0648215586307356
55	0.0644755644469849
55	0.0652161197870972
55	0.0663778974479045
55	0.0638102875472563
55	0.0643167772945754
55	0.0666782226844629
55	0.0648132059079062
55	0.0647598790999664
55	0.065173116089613
55	0.0636739190305701
55	0.0647477977893733
55	0.0652619589977221
55	0.0658264947245018
55	0.0642934565577044
55	0.0606987146820678
55	0.0634492895639392
55	0.0668163289419271
55	0.0638870996076594
55	0.0668594563331405
55	0.0647384476330358
55	0.0631921039961483
55	0.0627595754499308
55	0.0638966680002286
55	0.0614653046847482
55	0.0626663580604097
55	0.0660743406624304
55	0.0631844064826982
55	0.0636517872813432
55	0.0679429208996418
55	0.0628326180257511
55	0.064738937017092
55	0.063137906479943
55	0.0642014519056261
55	0.0677003464531152
55	0.0674567512918445
55	0.0645122965427112
55	0.0652697630119334
55	0.0638975817923186
55	0.0665894295487146
55	0.0649497986272619
55	0.0635313996057449
55	0.0660849331006399
55	0.065332047864799
55	0.0638924908640811
55	0.0647055564788654
55	0.0657464382726315
55	0.0647918230640411
55	0.068454646600691
55	0.0645924523837691
55	0.0641468185479231
55	0.0683165467625899
56	0.0619839516222817
56	0.0649477431951304
56	0.0669207229054795
56	0.0623438498634594
56	0.0636942675159236
56	0.062971737094375
56	0.0677538668459987
56	0.0659366817424423
56	0.0630256750774679
56	0.0663404642694583
56	0.0644962801364882
56	0.0646937370956641
56	0.0653602111292043
56	0.0650447710761953
56	0.0628353404077739
56	0.0657345811252678
56	0.0653118040089087
56	0.0667627814128868
56	0.0628266303112929
56	0.0644063952829119
56	0.0660295395308427
56	0.0632154450709038
56	0.0666898027647637
56	0.0642212384292531
56	0.0638598474145239
56	0.0657054000565451
56	0.0643006263048017
56	0.0648289643822734
56	0.0660214310404424
56	0.065475536008796
56	0.0655180636699654
56	0.0658575762984116
56	0.0657843734426048
56	0.066534144059869
56	0.0656133938572186
56	0.0655709441986093
56	0.0673310928265152
56	0.066343411294923
56	0.0615171937100397
56	0.0638933578487704
56	0.0631745659314876
56	0.063036434945717
56	0.0633685380767093
56	0.0647768734212742
56	0.0604333596659519
56	0.0635444151275286
56	0.0645179530675714
56	0.0637777777777778
56	0.0641046786519325
56	0.0650950231287967
56	0.0610288696046736
56	0.0652626837096683
56	0.0644462187749515
56	0.0624749010383799
56	0.0666144200626959
56	0.0678669550476413
56	0.0659626038781163
56	0.0646862853970017
56	0.0619314416531116
56	0.0637618341507927
56	0.0646554239365116
56	0.065686724850712
56	0.0627015406664278
56	0.0656330749354005
56	0.0662769096273631
56	0.0638260666822103
56	0.0651058720803318
56	0.0664361430757894
56	0.0658581873041662
56	0.0640353941087437
56	0.0663662180516113
56	0.0638285714285714
56	0.0688344115310408
56	0.064908243346905
56	0.0642727644891514
56	0.0662619254119688
56	0.0645561762880199
56	0.0630211028693002
56	0.064438619484491
56	0.066513246519982
56	0.0646524644468559
56	0.0650577722124196
56	0.064813195780148
56	0.0675763100629301
56	0.0654694248692885
56	0.0659334524341224
56	0.0631442573086239
56	0.0644483749723635
56	0.0639406467689868
56	0.066001140901312
56	0.0627442097514015
56	0.0647791879630161
56	0.0657177294380991
56	0.064638346727899
56	0.0647270157253077
56	0.0664058069638199
56	0.0642134831460674
56	0.0639324487334137
56	0.0644256098957737
56	0.0620621205044372
57	0.0643428571428571
57	0.0642943792964011
57	0.0651876354511235
57	0.0646101113967438
57	0.0658149438637244
57	0.0654053447114305
57	0.065333109206029
57	0.0669216061185468
57	0.0647782546494993
57	0.0627245420813947
57	0.0649284542729484
57	0.0635178241647546
57	0.064157824933687
57	0.0629028545119705
57	0.0639831951856478
57	0.0638664812239221
57	0.0649646683382722
57	0.0622978723404255
57	0.0651903035795197
57	0.0642565729827742
57	0.0675203725261933
57	0.064381956649092
57	0.0643558891709902
57	0.0632282486544035
57	0.0656913850120509
57	0.0659416141957642
57	0.0645669291338583
57	0.0668414885900798
57	0.0665220122194941
57	0.0635998582732963
57	0.0628355992231235
57	0.0640517770462534
57	0.0668737545422576
57	0.0676467210290571
57	0.065586592178771
57	0.0663301695287211
57	0.0651743482565174
57	0.0643897303935903
57	0.062081416341506
57	0.06412059170932
57	0.0645544554455446
57	0.0665852846520919
57	0.0664738276686878
57	0.0654712491006696
57	0.0661265476122554
57	0.0673878746901059
57	0.0654422747137246
57	0.0661394258933802
57	0.0658962795941375
57	0.065724262221221
57	0.0659209383145091
57	0.0627817665720488
57	0.0659907103206072
57	0.0653613426190204
57	0.066097602066603
57	0.0630181492269774
57	0.0660669264267706
57	0.063757225433526
57	0.064206008583691
57	0.0660079278451198
57	0.0610794653431843
57	0.0657916876998149
57	0.0643165635578382
57	0.0649650664863647
57	0.0638858648942875
57	0.0614414203948137
57	0.0639168229077893
57	0.0668288818469896
57	0.0659448818897638
57	0.0648717651154694
57	0.0652591170825336
57	0.0653488632545638
57	0.0678650662722567
57	0.0638932672821437
57	0.0655443322109989
57	0.0657266317944053
57	0.0634086530040287
57	0.0629308427840783
57	0.0643139469226426
57	0.063834699295856
57	0.0633434155421126
57	0.0667504857698023
57	0.0629505591190328
57	0.0644599303135888
57	0.0647445047102484
57	0.0628177607050051
57	0.0636420207048707
57	0.0612462176398072
57	0.0657720344599072
57	0.0652832561596067
57	0.0654829869833295
57	0.0654939705719659
57	0.0672599691939072
57	0.066213076667773
57	0.0662608288457036
57	0.0651135701805475
57	0.0631974493281713
57	0.0630540224117745
57	0.0630655183691268
57	0.0620060790273556
58	0.0657451112609575
58	0.0634902923454586
58	0.0657132931912923
58	0.0658199266158623
58	0.0648340248962656
58	0.063680159477269
58	0.0665259314200947
58	0.0640730982678401
58	0.0649523387275549
58	0.0640275991112151
58	0.0654618698595647
58	0.0642044480018295
58	0.0661623439000961
58	0.0628296002268217
58	0.0650138389965255
58	0.0649365177023323
58	0.0616124469589816
58	0.0637271787805718
58	0.0645643153526971
58	0.0642127733225639
58	0.0639256704128185
58	0.0655219159511975
58	0.0638359497190523
58	0.0635103926096998
58	0.0643029814665592
58	0.0649821572464602
58	0.0654221420111669
58	0.0631648936170213
58	0.0637096774193548
58	0.0640375068946498
58	0.0667151732243801
58	0.0650710122786171
58	0.0640448203888828
58	0.063864139209472
58	0.0668903803131991
58	0.0660158066015807
58	0.0646233590624824
58	0.0614794018220363
58	0.0640559440559441
58	0.0650264642587099
58	0.063126709206928
58	0.065654585177301
58	0.0678125866370945
58	0.0656417343237174
58	0.0647554806070826
58	0.0655737704918033
58	0.0649878147847279
58	0.0653902965572094
58	0.0638215859030837
58	0.0661035206077442
58	0.06326061353822
58	0.0653880663974877
58	0.0622514265951928
58	0.066233168373806
58	0.067329342632764
58	0.0647526304007164
58	0.0641547861507128
58	0.0665378714699699
58	0.0662259204377066
58	0.064762761412188
58	0.0658050746976524
58	0.0625687967093448
58	0.0642624424221998
58	0.0641173752310536
58	0.0666509239034181
58	0.0625976280011571
58	0.0651697067651812
58	0.0628251748251748
58	0.064144642137387
58	0.0668907754543901
58	0.0636863978434236
58	0.0659996489380376
58	0.0673236760864403
58	0.0643769610040341
58	0.0615946035607652
58	0.0608715702098225
58	0.0638935108153078
58	0.0643850862548692
58	0.0667540012530615
58	0.0656721440188436
58	0.0656877468157295
58	0.0663692136084774
58	0.0676451441084216
58	0.0646218155114952
58	0.0665571541860202
58	0.0633159268929504
58	0.0662126371547484
58	0.0641837020442453
58	0.0633975286652566
58	0.0652966523036129
58	0.064491107540584
58	0.0651574027144225
58	0.0650228002026685
58	0.0653759981616591
58	0.0662809349220898
58	0.0647109085730561
58	0.0648714810281518
58	0.0657308754721236
58	0.0651388575299165
58	0.0601464435146443
59	0.0645593981454482
59	0.0664174813110983
59	0.0657362795591737
59	0.0645581294417621
59	0.0646670801150138
59	0.066007527666985
59	0.063118667753581
59	0.0676479076479077
59	0.0645539251241422
59	0.0631578947368421
59	0.0647558984177037
59	0.0652777022248817
59	0.0649731865650579
59	0.0648722878330129
59	0.0647578115925195
59	0.0648584236509107
59	0.0648414985590778
59	0.0638286063162569
59	0.0664360235688416
59	0.063908914063394
59	0.0650180605723812
59	0.0653946419657219
59	0.0644600250013588
59	0.0666897028334485
59	0.0621484657793618
59	0.0659452147446737
59	0.0678806103129524
59	0.0646249101663995
59	0.0641186537364518
59	0.0650170648464164
59	0.0628730370284522
59	0.0631815626756605
59	0.0626475499510566
59	0.0629605190806115
59	0.0666324083590271
59	0.0662255369259239
59	0.0649511878562158
59	0.0645123658422772
59	0.0662542182227222
59	0.0640698531496286
59	0.0649305953883217
59	0.0665062725554219
59	0.067562250576134
59	0.0667474391452803
59	0.0642873226750732
59	0.0650075330617711
59	0.0654394552032347
59	0.0639696300073659
59	0.0638008279929677
59	0.063382612533098
59	0.0647029344618297
59	0.0642768850432633
59	0.0636141209367354
59	0.0635910938126037
59	0.0651737786694139
59	0.066180935033394
59	0.0619678334910123
59	0.0637776891976539
59	0.0644907146876759
59	0.0635733157199472
59	0.0634250693802035
59	0.0655970064633178
59	0.0643284667449796
59	0.0676227185126403
59	0.0636654844983412
59	0.0614681519565838
59	0.0657822001105583
59	0.0637759313266934
59	0.0646847435478602
59	0.0630135465245392
59	0.064500913861211
59	0.0663765561308802
59	0.0659733506662333
59	0.0645940057704764
59	0.0640721679292199
59	0.0670894526034713
59	0.0645595158036315
59	0.0650042028579434
59	0.0646974539843492
59	0.0634357325052678
59	0.065817999888821
59	0.0626421794373856
59	0.0648848728975015
59	0.0643664355516733
59	0.0666378425120251
59	0.066827558466931
59	0.0641140301844606
59	0.0660106831599663
59	0.0651072124756335
59	0.0665103511380533
59	0.0645404902985942
59	0.0663204831517751
59	0.0639935661764706
59	0.064115092290988
59	0.0622097902097902
59	0.0646994535519126
59	0.0636822194199243
59	0.0638297872340425
59	0.0641420648703154
59	0.0639284350624557
60	0.062280701754386
60	0.0657464788732394
60	0.064634757898256
60	0.063888575617458
60	0.0623885918003565
60	0.0679622370672997
60	0.0630316871253212
60	0.0641334154121663
60	0.061893068422815
60	0.0639110604332953
60	0.0663412973157029
60	0.0649336464420294
60	0.0641696349065004
60	0.0643220190453935
60	0.0655374296595237
60	0.0642919200695048
60	0.0652065428333795
60	0.0656658326383097
60	0.0660554512316359
60	0.0633185409676372
60	0.0650327728697635
60	0.0653059008740025
60	0.0651535682023487
60	0.0655534941249227
60	0.0655701018238783
60	0.0647348277747403
60	0.0640861174633276
60	0.0645161290322581
60	0.0667897480451781
60	0.0667698303530491
60	0.0689635437532193
60	0.0652562402720932
60	0.0632797572215354
60	0.0647462125400863
60	0.0646193577363575
60	0.065804740593403
60	0.0655041359266711
60	0.0656192749680786
60	0.0655898188937837
60	0.063570784490532
60	0.0646870515509438
60	0.0649684375174571
60	0.0624614175879679
60	0.0657991513437058
60	0.0661105436386335
60	0.0654431161250491
60	0.0644233027953958
60	0.0646578428611659
60	0.063215784102506
60	0.0652224416308514
60	0.0627914542891227
60	0.064292486371178
60	0.0648237497871374
60	0.0648937379247642
60	0.0653415453527436
60	0.0646241962500675
60	0.0670520231213873
60	0.0657276995305164
60	0.0646974539843492
60	0.0655612105291961
60	0.0642958748221906
60	0.0646083155889275
60	0.0651376146788991
60	0.0638839550029603
60	0.0650459921156373
60	0.0654819174825966
60	0.0640316205533597
60	0.0659776992113136
60	0.0630018862840205
60	0.0650546281404248
60	0.0648614966294681
60	0.0639182206245787
60	0.0663014626983679
60	0.063653723742839
60	0.0638845379279481
60	0.0628234775905737
60	0.0646275842537525
60	0.0641190622727018
60	0.0632327610157248
60	0.0663731245923027
60	0.0640897478618238
60	0.0637715848863054
60	0.0651943561429926
60	0.0649702844613698
60	0.0650633335193349
60	0.0658243913695627
60	0.0638443154660294
60	0.0658109553566402
60	0.0654799024888032
60	0.0645420891678738
60	0.0639560683381407
60	0.0655066530194473
60	0.0662022911749467
60	0.0656507791017415
60	0.0670406576316374
60	0.0659131602506714
60	0.0663370187232624
60	0.0645051773892378
60	0.0662378695554051
60	0.0662942057366663
61	0.063754427390791
61	0.0656459962550942
61	0.0672638346980271
61	0.063848194716807
61	0.0645492912022508
61	0.0645089035726285
61	0.0653554369204833
61	0.0635706794079944
61	0.0645530939648587
61	0.0653806759986343
61	0.0669496321448783
61	0.0657923378319547
61	0.0659776992113136
61	0.0659212283044059
61	0.0614820407723007
61	0.0676384167770928
61	0.0643850512218852
61	0.0647458188441795
61	0.0653569452130603
61	0.0640662332610991
61	0.0662830465229901
61	0.0640599892876272
61	0.0642114141130166
61	0.0669097027481772
61	0.0677536440629141
61	0.0636160714285714
61	0.0657992778128045
61	0.0661276833008085
61	0.0632719645770217
61	0.0643070787637089
61	0.0662174203608822
61	0.0640418232314981
61	0.0648654561365128
61	0.0631573120779365
61	0.0644682605111294
61	0.0649651972157773
61	0.0648392778511669
61	0.0662548515825726
61	0.0656007009089914
61	0.0660822656776804
61	0.0644254615596583
61	0.063922490397294
61	0.0645792563600783
61	0.0663067779050112
61	0.0636257828520756
61	0.0650033564555829
61	0.0654447318115372
61	0.0671412924424973
61	0.0660027008777853
61	0.0651433593320883
61	0.0646153846153846
61	0.0641234648407782
61	0.0642094142504989
61	0.0624825194383845
61	0.0641103114871175
61	0.0663131423573147
61	0.0608434739123187
61	0.0637722018607274
61	0.0660727542687454
61	0.0651591094533162
61	0.0644380910490433
61	0.0656794710671548
61	0.0660499837715028
61	0.0664655881546477
61	0.063258529883215
61	0.0654611410355062
61	0.0657687503394341
61	0.0617058857045183
61	0.0654184136465453
61	0.0642092100255532
61	0.0648454591350199
61	0.0624663435648896
61	0.0677703338685566
61	0.0650749330446179
61	0.0617615767960132
61	0.0643194551246842
61	0.0634490544736099
61	0.0643353508182022
61	0.0643083306037777
61	0.065293453724605
61	0.0656967492611957
61	0.066637606930747
61	0.0629623449580066
61	0.0663184192595957
61	0.0644228671176086
61	0.0652753108348135
61	0.0641515994436718
61	0.0664288898796255
61	0.065523306948109
61	0.0658791725434885
61	0.0654274670304684
61	0.0635626618624029
61	0.0655367231638418
61	0.0647447253986149
61	0.0656435532653747
61	0.0642135239265174
61	0.0616374843178967
61	0.0657343449213
61	0.0633466577836998
61	0.0647532948480558
62	0.0645253635634948
62	0.06413862945876
62	0.0645661443047788
62	0.0659131602506714
62	0.066493674991891
62	0.0659421520348673
62	0.0657353259692441
62	0.064635629768882
62	0.0639738112411918
62	0.0656237865424086
62	0.0661329238868173
62	0.0658565693826625
62	0.0655700766110861
62	0.0651647019940509
62	0.0650800812091135
62	0.065771165578508
62	0.0654437283093704
62	0.0643622038506353
62	0.0636510128913444
62	0.0626083067807032
62	0.0651545222568755
62	0.0671070740434902
62	0.0644047683262312
62	0.0647887323943662
62	0.064687111255341
62	0.0633070693806085
62	0.0640066500415628
62	0.0649604164407331
62	0.062793558488034
62	0.0655137449301487
62	0.064138283959743
62	0.0644723447573804
62	0.0651650994970479
62	0.0637125220458554
62	0.0628580964565834
62	0.0653260809845613
62	0.0630820399113082
62	0.0651969722084093
62	0.067683615819209
62	0.0629916835243875
62	0.0647096511153824
62	0.0638297872340425
62	0.0637755102040816
62	0.0657097288676236
62	0.0655691808051963
62	0.0669665167416292
62	0.0639135816360977
62	0.0642387163800069
62	0.0639383224160918
62	0.0649409627611263
62	0.0638454149951975
62	0.0646317618944167
62	0.0640837011606997
62	0.0660146699266504
62	0.0650651728966929
62	0.0659378202938162
62	0.0669743358847366
62	0.0632435124218447
62	0.0654576671316665
62	0.0663987226779717
62	0.0611486861071072
62	0.0637171165015374
62	0.0637386769146308
62	0.0648314606741573
62	0.0619122683046149
62	0.0656305903398927
62	0.0629280341304592
62	0.0637001264803955
62	0.0623487704687412
62	0.061470078057242
62	0.0656344665095927
62	0.0650261723598295
62	0.0633170154392383
62	0.0651157734536363
62	0.0665261565067013
62	0.0623768507571919
62	0.064818979087025
62	0.0653745072273325
62	0.0648937317941525
62	0.0637529849502971
62	0.066437118988485
62	0.065986835005935
62	0.0647651006711409
62	0.0640602661387881
62	0.0659689361465234
62	0.0656436959893641
62	0.0642253205666611
62	0.0642115203021719
62	0.0632470957966216
62	0.0645284459717449
62	0.063377808988764
62	0.0630892348169261
62	0.0648912020375395
62	0.0668628866551896
62	0.0651138775744363
62	0.0668079411108633
62	0.0636117453406255
62	0.0655227882037533
62	0.0666337340139415
62	0.0655261098065526
63	0.0655564219672496
63	0.065694672944914
63	0.0646444554947787
63	0.0647917793401839
63	0.0636328788127704
63	0.0634668361941089
63	0.0641839620124847
63	0.0659549494159074
63	0.0646969781913999
63	0.0648627796759616
63	0.0651027051296442
63	0.0674145066434328
63	0.0662255369259239
63	0.0648729129001383
63	0.0664066852367688
63	0.0629861299972804
63	0.064217182730048
63	0.0623680456490728
63	0.064961915125136
63	0.0656354999420693
63	0.0674292940905955
63	0.0649764021512457
63	0.0639669421487603
63	0.0648885350318471
63	0.0662920741261008
63	0.065433237480332
63	0.0645501470833102
63	0.0649178150423377
63	0.0643618775420468
63	0.0629784856105057
63	0.0658893411065889
63	0.0634336555360281
63	0.0643645503223691
63	0.0663760759214301
63	0.0640283321153522
63	0.0661720252816708
63	0.0658659217877095
63	0.0661626752014126
63	0.0668337055395174
63	0.0663088449066309
63	0.0662420382165605
63	0.0628043660789253
63	0.0671465406102278
63	0.0646000553556601
63	0.0652764683045865
63	0.0645513625689476
63	0.0644299604658617
63	0.0639179755671902
63	0.0669244328196964
63	0.0649204019419668
63	0.0643322475570033
63	0.0638921129718676
63	0.0645858206833817
63	0.0647626485189937
63	0.0644013124965241
63	0.0653615919754085
63	0.0654847645429363
63	0.0666254009341061
63	0.0652887882219706
63	0.064728317948151
63	0.0640008998369046
63	0.0647125140924465
63	0.0665882227095256
63	0.0642516147149677
63	0.0638413770563242
63	0.0659851301115242
63	0.0667809165791365
63	0.0626698463756863
63	0.0661114887831407
63	0.0670192040077929
63	0.0643437482959812
63	0.0642986088988
63	0.061801852371597
63	0.063823114317077
63	0.0655041112521384
63	0.0622385812280408
63	0.0650551217271474
63	0.0645318331800725
63	0.0645178335535007
63	0.0630268304776596
63	0.064706519384882
63	0.0635586297042645
63	0.0633498640217565
63	0.0654923476754259
63	0.0628483987321019
63	0.0644408251900109
63	0.0655675879532353
63	0.0666216140113758
63	0.0648434532530251
63	0.0656633221850613
63	0.0657931419013103
63	0.064617987031294
63	0.0645268400664084
63	0.066707263064659
63	0.0641131929475488
63	0.0662733843537415
63	0.0658366980708838
63	0.0667887598008356
63	0.0646100744256283
63	0.0641922900413033
64	0.0646349062482298
64	0.0643440573428905
64	0.0646493910617522
64	0.0652417816672276
64	0.0649140763885148
64	0.0647096983457671
64	0.0665351000845785
64	0.0650429636373983
64	0.06456051516319
64	0.0660563155373396
64	0.065658747300216
64	0.0668269230769231
64	0.0648066783831283
64	0.0651438709319732
64	0.063376183674549
64	0.065954666818156
64	0.0638100436681223
64	0.0631335390039665
64	0.0631532378477023
64	0.0631180426060914
64	0.064800168722978
64	0.0632619085978197
64	0.0629748438291406
64	0.0633607285650822
64	0.0655135379571534
64	0.0646254784034992
64	0.066530702237901
64	0.0653285260722165
64	0.064810317845772
64	0.0655587916166981
64	0.0638963106133818
64	0.0641655172413793
64	0.0643092016602878
64	0.0669313044437093
64	0.0650840527033167
64	0.0666079489155565
64	0.066145947126939
64	0.0639138800769671
64	0.0633021535784207
64	0.0639407706545516
64	0.0638977635782748
64	0.0633550488599349
64	0.0655038547760949
64	0.0659708871189234
64	0.0653801364165696
64	0.0657767770987456
64	0.066598418927373
64	0.0637452493377865
64	0.0654145077720207
64	0.0649210127677992
64	0.0643205258982206
64	0.0649322610244508
64	0.0649434225344559
64	0.0648087787918296
64	0.0639335987886265
64	0.0642596525622175
64	0.0660642119443197
64	0.0646226151177754
64	0.0654803505187893
64	0.0646919431279621
64	0.066104534890006
64	0.0663724137931034
64	0.0657960544595721
64	0.0627939926324738
64	0.0640332865016751
64	0.065296522372179
64	0.0659612787032868
64	0.0625172737825438
64	0.0648451339309678
64	0.0647000767628029
64	0.0670649233543733
64	0.064241615217754
64	0.0665312341289995
64	0.0646608004541584
64	0.066681571739981
64	0.066352786598051
64	0.0626063100137174
64	0.0649490648412656
64	0.0651620934134329
64	0.0659487065615632
64	0.0657828211898208
64	0.0639547772112614
64	0.0676924749891257
64	0.0660740419534934
64	0.0663918420481666
64	0.0669659558548447
64	0.063096881037814
64	0.0652040073879219
64	0.0654158215010142
64	0.0647085051833686
64	0.0658309004522297
64	0.0647651006711409
64	0.065287231146202
64	0.065048046852789
64	0.0659191853536995
64	0.0611789060797559
64	0.0633016364440513
64	0.0645214612375337
64	0.0652848049616452
64	0.0663079423799114
65	0.0651438240270728
65	0.065406976744186
65	0.0651030485186775
65	0.0635862880367934
65	0.065990126165661
65	0.0653377630121816
65	0.0645482728077945
65	0.0671538297418391
65	0.0632498479570963
65	0.0647080699144663
65	0.0658589122240172
65	0.0641114180478821
65	0.0647039254823686
65	0.0632022471910112
65	0.0669403393541325
65	0.0655166601112547
65	0.0641595378291301
65	0.0671625583668151
65	0.0662534964076126
65	0.06421816582362
65	0.0647674038566293
65	0.0671595462497884
65	0.065242026873887
65	0.0638027312434345
65	0.0663481376913889
65	0.0650794511632952
65	0.0644195164452189
65	0.0673426232174809
65	0.0658520027155465
65	0.0649916608382203
65	0.064682281500759
65	0.0647341950137905
65	0.0651637144390768
65	0.0657250576782398
65	0.0646554110157764
65	0.0662995356872908
65	0.0656527792652886
65	0.0633040521394163
65	0.0657295041458459
65	0.0639477977161501
65	0.0640367172986559
65	0.0652256351915055
65	0.0657331777518475
65	0.0643661817784097
65	0.0648850702968087
65	0.0630482456140351
65	0.0647940074906367
65	0.0663118208028388
65	0.0643040231806531
65	0.0654748967615736
65	0.0659851301115242
65	0.0647337608028994
65	0.0672999516985993
65	0.0650535922742227
65	0.063359845227859
65	0.0653423083237564
65	0.0639664652403506
65	0.064291247095275
65	0.0650089387290752
65	0.0634506736201651
65	0.0658383715125631
65	0.0648678113927501
65	0.0650410929080716
65	0.0649981322375794
65	0.063809470313992
65	0.0630682143061353
65	0.0651830893955057
65	0.0636407429213724
65	0.0646592358453946
65	0.0641385519834755
65	0.0647530414307339
65	0.0652351182386518
65	0.0665362035225049
65	0.0627393557107457
65	0.0657639188605956
65	0.0627027601978408
65	0.064456621995551
65	0.065092007690195
65	0.0641646489104116
65	0.0647968006917423
65	0.064108038859827
65	0.0666267486799848
65	0.0641798613850228
65	0.0643577856558495
65	0.0633057216523123
65	0.0654637237527523
65	0.06373551465576
65	0.0652744430174772
65	0.0634387895460798
65	0.0642165911506405
65	0.0673778465620164
65	0.063479445832387
65	0.064202960738039
65	0.0641101172941996
65	0.0659364032755504
65	0.0671152135231317
65	0.0621614074280927
65	0.0648251904975347
65	0.0644409517099344
65	0.0647759876406974
66	0.0665081822202565
66	0.0647985025324818
66	0.0640446902155513
66	0.0664220786332275
66	0.0633288948069241
66	0.0662943713369457
66	0.0658523042754025
66	0.0622526890709469
66	0.0655850697205875
66	0.0644550276003897
66	0.0645461513193912
66	0.0641678662385118
66	0.0650163075442442
66	0.0639640133852652
66	0.0622450690059787
66	0.063420098143802
66	0.0641910395443093
66	0.0668176670441676
66	0.0650112371868662
66	0.0635455324007993
66	0.0650274448302901
66	0.0674456860854274
66	0.0629185660419832
66	0.0653864983952565
66	0.068060772551438
66	0.0621618697251677
66	0.0640704884150985
66	0.064886104178835
66	0.0635299465848392
66	0.0640253736157402
66	0.0645807394575867
66	0.0653907496012759
66	0.06426735218509
66	0.06407261917401
66	0.0643959552953699
66	0.0647455288436024
66	0.0635622942858684
66	0.0636687688511105
66	0.064793986942448
66	0.0626746936142765
66	0.0658219692902395
66	0.0643023748939779
66	0.0657739267428121
66	0.0622637186390194
66	0.0642624003424474
66	0.064802648867399
66	0.0618413754853023
66	0.0660312050694925
66	0.0658823529411765
66	0.0646642736486486
66	0.0657593903102885
66	0.0651359982380795
66	0.0674464774373558
66	0.0634084800614338
66	0.0649309414192729
66	0.0654709986916703
66	0.064363595905652
66	0.0659797066400294
66	0.0656767878990101
66	0.0652771667399912
66	0.0654810024252223
66	0.064866681604302
66	0.0623123957754308
66	0.0637804615052836
66	0.0650272322165374
66	0.0633947969472453
66	0.0648633575013943
66	0.066081935062105
66	0.0679877557596262
66	0.0630287648054146
66	0.0650654537386288
66	0.0657959993387337
66	0.0653392089657799
66	0.0654641909814324
66	0.0624829169627726
66	0.0647268408551069
66	0.0656530002715178
66	0.0645039199783725
66	0.063354653727393
66	0.0617155385036996
66	0.0644093967133561
66	0.0668465392874842
66	0.0643582592222281
66	0.0661558784676354
66	0.0638193688792165
66	0.065788748691388
66	0.0636505125315301
66	0.0675563889042078
66	0.0656104976796287
66	0.0631911532385466
66	0.0671551315165252
66	0.0655648284514264
66	0.0633810758994023
66	0.0659299989425822
66	0.0643567136519346
66	0.0642082429501085
66	0.0644203814653988
66	0.0666886761307362
66	0.0659340659340659
66	0.0661433746843781
67	0.0654992796187521
67	0.0646340807657149
67	0.0648538917677226
67	0.0652422541068829
67	0.0661487236403996
67	0.0648704776478304
67	0.063462988902058
67	0.0672603573206483
67	0.0646793532064679
67	0.0655710491367862
67	0.0648097677967949
67	0.0662902315076228
67	0.0633976955858368
67	0.0658267888307155
67	0.0663218077865505
67	0.0652314316469322
67	0.064690170940171
67	0.0629993152248345
67	0.0620206004821389
67	0.0646985266133855
67	0.0653903121399967
67	0.0636514065085494
67	0.0678097345132743
67	0.0657229524772497
67	0.0642983443176338
67	0.0644530188576708
67	0.0641380779884935
67	0.0632938528324133
67	0.0652067862756789
67	0.0616095908822106
67	0.0652974964777284
67	0.0656790401622261
67	0.0653416825483256
67	0.0642821271134423
67	0.0645214430838504
67	0.0662419663998196
67	0.0634356900885149
67	0.0670613562970936
67	0.0654713393099701
67	0.0643837778128452
67	0.0647408666100255
67	0.0611721407461105
67	0.0668253882365673
67	0.063521379001567
67	0.0666161998485996
67	0.0649550842502525
67	0.0650877864683039
67	0.0636515013160015
67	0.0638331657227545
67	0.0631893507199131
67	0.0654404540988975
67	0.0658826033739556
67	0.0651948759880076
67	0.0653067763122764
67	0.0644402885386054
67	0.0625234597029331
67	0.0646018659145151
67	0.0655676082053485
67	0.0643642072213501
67	0.0650144834245253
67	0.0635210784873758
67	0.0632530120481928
67	0.0643878734330996
67	0.0645246385987127
67	0.0639951157240384
67	0.0649775016070281
67	0.0668779544477869
67	0.0667733333333333
67	0.0638643996641478
67	0.0632393339687167
67	0.0641327623126338
67	0.065556881032426
67	0.0636191506626995
67	0.0645940898604856
67	0.0650008077979428
67	0.0634572132376566
67	0.0655377171761601
67	0.0652444636959229
67	0.0661990355107409
67	0.0647650470970145
67	0.065219715599273
67	0.0658644031374234
67	0.0619425173439049
67	0.0666370007787296
67	0.0637580241540638
67	0.0662559507140857
67	0.0644324324324324
67	0.0660051532262486
67	0.0672524134938714
67	0.064379295532646
67	0.0638626704200475
67	0.062336387434555
67	0.0652026498356893
67	0.064298460852108
67	0.0622238586156112
67	0.0627995642701525
67	0.0669700910273082
67	0.0639750238120436
67	0.065829225632056
67	0.0621769939794342
68	0.0651191001323335
68	0.0650171097657278
68	0.0660802402917829
68	0.0660238601078608
68	0.0643029476555124
68	0.0646449384847831
68	0.0652898431951046
68	0.0641598737838548
68	0.0652382475215862
68	0.0640417968329204
68	0.0652997186756113
68	0.0634861006761833
68	0.0637629340701013
68	0.0645883380650797
68	0.0621714408325287
68	0.0655422481046039
68	0.0648388701564314
68	0.065825412433082
68	0.0657922912205567
68	0.0658254703813299
68	0.0651714610758979
68	0.0655609450790174
68	0.0640895761130365
68	0.0651267244145011
68	0.0665484568072256
68	0.0651768094298363
68	0.0640831348776792
68	0.0621912394335273
68	0.0624601318307463
68	0.0612080103359173
68	0.0663499344692005
68	0.0652987068504863
68	0.0650597269624573
68	0.0633079042169951
68	0.0634752149453349
68	0.0653045740299155
68	0.065520596821278
68	0.0640160992059175
68	0.0647894877983374
68	0.0652627189324437
68	0.0659558096075629
68	0.0646848334709606
68	0.0656735543809066
68	0.0649935287828485
68	0.0648491692208421
68	0.0635499207606973
68	0.0635649479973446
68	0.0650471049010268
68	0.0641891891891892
68	0.0646377735287869
68	0.064635124298316
68	0.0661960358403475
68	0.0653875421241439
68	0.065800372747981
68	0.0638967238012584
68	0.0642811227769445
68	0.0653452753193068
68	0.0645213367055911
68	0.0650312808692789
68	0.0654904959580511
68	0.0645771413131586
68	0.0656644295302013
68	0.0663804491413474
68	0.0651670525967582
68	0.063922284242164
68	0.0659072416598861
68	0.0651193129314562
68	0.0640173019735064
68	0.064625667008031
68	0.0659511671585726
68	0.0646143624384032
68	0.0680820715382927
68	0.0647100617587583
68	0.0661122661122661
68	0.0638263317453443
68	0.0652115477662491
68	0.0644617653254687
68	0.0653515480774302
68	0.0641262468992453
68	0.0652358240593535
68	0.0644673613735759
68	0.0629292445296279
68	0.0652641103947517
68	0.064505566470203
68	0.0643231540565178
68	0.0663118448921957
68	0.0651869410623855
68	0.0648310662571303
68	0.0648780487804878
68	0.0651052631578947
68	0.0656452814129163
68	0.065197959934802
68	0.0649708360337006
68	0.0653555385121069
68	0.0656949951773658
68	0.0652361906820884
68	0.0650269358437177
68	0.0659444678165755
68	0.064042810288279
68	0.064544553364908
69	0.0627670791941839
69	0.0662663875729867
69	0.0637102492772596
69	0.0639015252876639
69	0.0665291660056058
69	0.0658408012651555
69	0.06533924091176
69	0.0628450106157113
69	0.0648399487836108
69	0.0656571119524067
69	0.0632966083387341
69	0.0646513680494263
69	0.0660432807908095
69	0.0660186537813237
69	0.0640659340659341
69	0.0646122183708839
69	0.0656370656370656
69	0.064827513450786
69	0.0634130505356563
69	0.0651952097094678
69	0.0648561441247647
69	0.0657971167555579
69	0.0644718792866941
69	0.0676830928396406
69	0.0642030813092823
69	0.0666278577476715
69	0.0642340325854979
69	0.0663542844832229
69	0.0661531738227903
69	0.0624296057924376
69	0.06619182777272
69	0.0638594235508411
69	0.064119170984456
69	0.0635453258533005
69	0.0652414885193983
69	0.0646239859679895
69	0.0646519560814412
69	0.0670280412801001
69	0.0645037540417603
69	0.0666385713533161
69	0.0656354293584786
69	0.0646723798371214
69	0.0648514851485149
69	0.0676455464777467
69	0.066744535291173
69	0.0645943097997893
69	0.0631207946171099
69	0.0655946505333546
69	0.063720781300032
69	0.0655110071253855
69	0.0641967067200712
69	0.0630451168299774
69	0.0658056910133433
69	0.0636911549112233
69	0.0649071987984122
69	0.0654062619528988
69	0.0628114067634899
69	0.0652915467434175
69	0.065291723202171
69	0.0643564356435644
69	0.0646109448482257
69	0.0646560959931433
69	0.0635194987576969
69	0.0653153153153153
69	0.0642913282682735
69	0.0650281346215097
69	0.0644871659448611
69	0.0654045700408434
69	0.063982174120643
69	0.0649774346147572
69	0.0635221488140366
69	0.0656431400206152
69	0.0637711313394018
69	0.0654176746101189
69	0.0660518178910332
69	0.0650209745079058
69	0.0658918750648542
69	0.0663530175210902
69	0.0655659121171771
69	0.066438246158788
69	0.0644014007441453
69	0.0655279666824819
69	0.0656546281580534
69	0.0632595305476944
69	0.0661372841611597
69	0.0620029216036358
69	0.0645214612375337
69	0.0643572395128552
69	0.0642247314789314
69	0.0657115669274688
69	0.065459167461074
69	0.0630305021630798
69	0.0630914826498423
69	0.0647263017356475
69	0.0638652833533184
69	0.0664773037635877
69	0.0667702725203974
69	0.0658749010292953
69	0.064815311209993
69	0.0649009406695044
70	0.0653801539597174
70	0.0656505228112157
70	0.0634193652675252
70	0.0647929628835014
70	0.0651826605602301
70	0.0615207854606225
70	0.0636144578313253
70	0.0632911392405063
70	0.0637998266897747
70	0.0624897400820793
70	0.0638151633710479
70	0.0653004884264175
70	0.0644522892597347
70	0.0648992135007032
70	0.0635327479958554
70	0.0653220137349267
70	0.0644213381555154
70	0.0649992034411343
70	0.0641149351345556
70	0.0650487472481392
70	0.0636781245049897
70	0.0650120799472875
70	0.0651326053042122
70	0.0639856724194074
70	0.0653362348070697
70	0.0667231518746028
70	0.0637872004213853
70	0.0642756607412813
70	0.0656729315186865
70	0.0644551753096788
70	0.0636624911881134
70	0.0665227947127057
70	0.0638765339478056
70	0.0653091369487234
70	0.0649315803595385
70	0.0637165370766581
70	0.0664826062948647
70	0.0614449329642295
70	0.0620312072269368
70	0.0649144189497112
70	0.0663714508986715
70	0.0650565479336222
70	0.0648904168457241
70	0.0657692307692308
70	0.0667973302256595
70	0.0642879434099657
70	0.0658600010614021
70	0.0644486294203808
70	0.0661788795457027
70	0.0651400031879284
70	0.0655343694920686
70	0.0629721562702353
70	0.0659387483355526
70	0.0640223052238413
70	0.0664136622390892
70	0.0642822619623006
70	0.0613770074733662
70	0.0639049454078356
70	0.0642459609877344
70	0.0637817991083137
70	0.0655114116652578
70	0.0669623302671923
70	0.064710547184774
70	0.0624470338983051
70	0.066243721913825
70	0.0637977407208176
70	0.0646586561775958
70	0.0654144726127789
70	0.0638436836662494
70	0.0643252632721746
70	0.0664722390359324
70	0.0641190323271248
70	0.0651641091219096
70	0.0644988768852284
70	0.064667872835358
70	0.062691466083151
70	0.0660362151415829
70	0.0642633228840125
70	0.065078598637266
70	0.0657281964436918
70	0.0657642293753997
70	0.0641039582427142
70	0.0632526852555061
70	0.063856492861252
70	0.0637471398925132
70	0.065758547008547
70	0.0674957428143867
70	0.0634410866589449
70	0.0643607705779334
70	0.0661808689977704
70	0.0654878847413229
70	0.063660062565172
70	0.0659382682327233
70	0.0653048264182896
70	0.0681996752396417
70	0.0667456130907525
70	0.0644098909405032
70	0.0651382044139704
70	0.062934764747768
70	0.0657754010695187
71	0.0637518958213483
71	0.0659731436760257
71	0.0659192583409691
71	0.0653570281554437
71	0.0650126957257723
71	0.0641643950513735
71	0.0683165624150122
71	0.0633564493758668
71	0.0634188217619916
71	0.0664571877454831
71	0.0665413533834587
71	0.064938593631127
71	0.0647240845796802
71	0.0670926517571885
71	0.0651920220666242
71	0.0640342078868184
71	0.0635514018691589
71	0.0666087145496034
71	0.0649674620390455
71	0.066365568544102
71	0.0659681385651663
71	0.0659705488621151
71	0.0656592815659282
71	0.0625502061800461
71	0.0631573493601368
71	0.0655217965653897
71	0.0640620056944005
71	0.0629656837023822
71	0.0660387342575934
71	0.0627565982404692
71	0.063635884738977
71	0.0632183908045977
71	0.0632306932323399
71	0.0655560363479013
71	0.0644646297825489
71	0.0653759519467982
71	0.067844895805856
71	0.0661169722421387
71	0.0645609742534616
71	0.0630929791271347
71	0.0644121503496504
71	0.0630057803468208
71	0.0647759876406974
71	0.0622589531680441
71	0.0642544561852919
71	0.0649166928638793
71	0.0651670003160889
71	0.06663795887609
71	0.0661480630677665
71	0.0654159330985915
71	0.0637863315003928
71	0.0654276298017181
71	0.0659352033950937
71	0.0636585107509798
71	0.0647196388752923
71	0.0666703308783115
71	0.0648838465694219
71	0.0660776027660392
71	0.0651953187623577
71	0.0652266213777731
71	0.0651802858971624
71	0.0645144574567313
71	0.0649951576455396
71	0.0673717842780808
71	0.0662492106924858
71	0.0640271859323588
71	0.0651892591394371
71	0.0652373494626559
71	0.0644703828951674
71	0.0657150552114193
71	0.0644781864841745
71	0.0645011120881395
71	0.0646924117830748
71	0.0660284999456108
71	0.0655479526447268
71	0.0660561395903327
71	0.0645584138948058
71	0.0670272563368332
71	0.0647829083390765
71	0.0653525877516602
71	0.0628740929074633
71	0.0647378516624041
71	0.0661442006269592
71	0.0650074294205052
71	0.0653495440729483
71	0.065243678040061
71	0.0643125391195493
71	0.0644614977507277
71	0.067807452422837
71	0.06626759084226
71	0.066842521762068
71	0.0647577560560986
71	0.0631802495354393
71	0.0653130467051901
71	0.064499240877441
71	0.0650662959794696
71	0.0634634740689728
71	0.0646786846069926
71	0.0651641352278295
71	0.0650903581863435
72	0.0657660488009216
72	0.06413439695705
72	0.0650010699764605
72	0.0630416402451913
72	0.064504429822289
72	0.0650196402728964
72	0.0648309331645303
72	0.0650340136054422
72	0.0652127202406532
72	0.0644502927117461
72	0.0652000213071965
72	0.0645227576286859
72	0.0649992200093599
72	0.064482416261692
72	0.0644546344479365
72	0.0648220115031867
72	0.0646224687352834
72	0.0631426016987036
72	0.0653642696276122
72	0.0636513245208897
72	0.063903462749213
72	0.0652218996267109
72	0.065937566362285
72	0.0654360676138131
72	0.0653298835705045
72	0.0642406238395841
72	0.0643337819650067
72	0.063482693855648
72	0.0638120972770734
72	0.065188422791962
72	0.0662549717395855
72	0.064973105394898
72	0.0649476228847704
72	0.0642613812325797
72	0.0653139889715724
72	0.0645127230493084
72	0.0661538461538462
72	0.0644427204551332
72	0.0659179942543745
72	0.0654458771264492
72	0.0658707939358724
72	0.0644795797497039
72	0.0645698812747344
72	0.0641164376149767
72	0.0656511478223557
72	0.0659075405362859
72	0.0635042866676934
72	0.0643767552387125
72	0.0632268203247774
72	0.0630507763323542
72	0.0642349039952934
72	0.0645910290237467
72	0.0643843409008636
72	0.0644883458039511
72	0.0625162938630794
72	0.0643496577145866
72	0.0654079568442347
72	0.065849605317823
72	0.0659505907626208
72	0.0649073922307818
72	0.0642135268204198
72	0.063391442155309
72	0.0635132965915779
72	0.0643131399317406
72	0.0643551352771211
72	0.0635879952476884
72	0.0657089651503059
72	0.0645470522447675
72	0.0646806226516371
72	0.0650643231510403
72	0.0660836780646175
72	0.0655805748676974
72	0.0659663636858434
72	0.0658492042786329
72	0.0634151425147204
72	0.0638468961080733
72	0.0642317380352645
72	0.065283971844608
72	0.0640399377314939
72	0.0656016688625384
72	0.0654680784149282
72	0.0643935395334107
72	0.065188351589634
72	0.0638736263736264
72	0.0629040805511394
72	0.0658362989323843
72	0.0635328681601175
72	0.0660198270407087
72	0.0641410769915443
72	0.0655416439847578
72	0.0650174437044085
72	0.0646848481613919
72	0.0654881697035627
72	0.065408344661717
72	0.065062817428495
72	0.0657021987778764
72	0.0660113101844511
72	0.0654556681932795
72	0.0642553414877421
72	0.0652303040120957
73	0.0657407903909057
73	0.0662896638391455
73	0.0636729572899786
73	0.0646560959931433
73	0.0633862885168995
73	0.0638991291339424
73	0.0647630106618811
73	0.0646648849761568
73	0.066964755391899
73	0.0664851009291894
73	0.064317880794702
73	0.0631460553800011
73	0.0660463126370394
73	0.0644994573362964
73	0.0639593371101816
73	0.0648148148148148
73	0.0632461399692259
73	0.0650179287070238
73	0.0627925746569814
73	0.0649524989673688
73	0.0635201890034364
73	0.0625505091320511
73	0.0639388921531969
73	0.063807027865433
73	0.0650050166341025
73	0.0649377920100793
73	0.0649569056127812
73	0.06559444970041
73	0.0645524187068088
73	0.0631250330705328
73	0.0646592213756393
73	0.0658502524438715
73	0.0638389031705227
73	0.0649074271121515
73	0.066133416980343
73	0.065553430181461
73	0.063363076269386
73	0.0639380765560386
73	0.0647771138490825
73	0.0630971015275004
73	0.0626571668063705
73	0.06438127090301
73	0.0638176044974234
73	0.0645850451930978
73	0.0640692181113647
73	0.0650301464254953
73	0.06462868451203
73	0.0658923143725575
73	0.0635168624070682
73	0.0641121695386921
73	0.0652924557915664
73	0.0632911392405063
73	0.065397524648626
73	0.0665332139282516
73	0.0639512330285398
73	0.0650826446280992
73	0.0657120541525644
73	0.0652299302606051
73	0.0646627801251538
73	0.0664679899952105
73	0.0643023748939779
73	0.0659165693663093
73	0.0633018767893118
73	0.0661457485484834
73	0.0665029777452722
73	0.063217487026262
73	0.0642397118218535
73	0.065035894708854
73	0.0660122571933105
73	0.0648119203917891
73	0.0647603918453799
73	0.0624233701156778
73	0.0666168064533362
73	0.0647983152438037
73	0.0642819843342037
73	0.0651334919376157
73	0.0630729739640631
73	0.0643182058605734
73	0.0656771799628943
73	0.065306963329213
73	0.0654627539503386
73	0.0644111906310995
73	0.0647556732616711
73	0.0662074244163796
73	0.0639739482115657
73	0.0666630797374368
73	0.0633465519905238
73	0.0645330260332094
73	0.0642201834862385
73	0.0647151898734177
73	0.0640471926682819
73	0.0637621842856373
73	0.0673815709468797
73	0.065226488126373
73	0.0658997534921939
73	0.0639764297364129
73	0.065374929331346
73	0.0637901681208768
73	0.0639065817409766
73	0.0649048625792812
74	0.0647165970213222
74	0.0641321250469194
74	0.0665801764400623
74	0.0663284786996127
74	0.0663920654707062
74	0.067447281975204
74	0.0643779039752194
74	0.0642563856449635
74	0.0649212994859293
74	0.0649650753636889
74	0.066221657130748
74	0.0646310166029435
74	0.0650545687994864
74	0.0651832460732984
74	0.0646440823327616
74	0.065569418635519
74	0.0639550299623482
74	0.0650347095359883
74	0.0660088288756167
74	0.0631659892343184
74	0.0646677810279983
74	0.0643451143451143
74	0.0629570747217806
74	0.0671008380932045
74	0.0652977195945946
74	0.0656680204652144
74	0.0665270042409688
74	0.0642162394540276
74	0.0646787064258715
74	0.0643182890391571
74	0.0640841702534672
74	0.0643377465837188
74	0.0632599580712788
74	0.0647833474936279
74	0.0629202689721422
74	0.064937115192338
74	0.0633742658836092
74	0.06476428088778
74	0.0641113153058546
74	0.0645178224578718
74	0.0642433560289919
74	0.0663218576585313
74	0.0644192429185438
74	0.0657292171757987
74	0.0660703827929511
74	0.0645940721649485
74	0.0636939368770764
74	0.0641521598968408
74	0.0635184224182667
74	0.0648392198207696
74	0.0649588289112534
74	0.0644482103425255
74	0.0641293292650286
74	0.0629072810303248
74	0.0641630002095118
74	0.0649701376265905
74	0.0637931961089912
74	0.0645144942225826
74	0.0629871497788077
74	0.0666386377969308
74	0.066431356021494
74	0.0638890321249936
74	0.0643095055085831
74	0.065258803679312
74	0.0661674986134221
74	0.0652173913043478
74	0.0642689601250977
74	0.0664198836594394
74	0.0658790020570705
74	0.0640809443507589
74	0.0642839036755387
74	0.0634149036071369
74	0.0663830681161704
74	0.0662616191514774
74	0.0640595903165736
74	0.0658297288743538
74	0.0638680342603363
74	0.0649255296832389
74	0.0659488559892328
74	0.0653033614319908
74	0.0642211477822157
74	0.0649157835457943
74	0.0643911632289813
74	0.064989837398374
74	0.0640641711229947
74	0.066046076239014
74	0.0653932105991274
74	0.0661756683033279
74	0.063423838976832
74	0.0655925155925156
74	0.0634878399233676
74	0.0643689014793831
74	0.0634385201305767
74	0.0633607344934344
74	0.0650135113654427
74	0.0634895164741121
74	0.0655942526940497
74	0.0649194392132245
74	0.0646425073457395
74	0.065621217702468
75	0.0656376596071996
75	0.0649586862755288
75	0.066227588730333
75	0.0660874144286467
75	0.0647304683313686
75	0.0651538862806468
75	0.0673472660217008
75	0.0631338083103646
75	0.0653279369032794
75	0.0654568016131534
75	0.063849765258216
75	0.0657148855763175
75	0.0648628808138011
75	0.0648731663400943
75	0.0644497065788119
75	0.0661641541038526
75	0.064551709648616
75	0.0637403564777866
75	0.0651729077143442
75	0.0653234358430541
75	0.0623383620689655
75	0.0641066328149794
75	0.0650995517564891
75	0.064982139104854
75	0.0660497091485986
75	0.0640946183245533
75	0.0645451657312295
75	0.0652874798495433
75	0.0639904394589603
75	0.0643538413164239
75	0.0649330098111615
75	0.0642485444896697
75	0.0655694605110947
75	0.0654569685786048
75	0.065339038841343
75	0.0645310097385956
75	0.0660617637695002
75	0.0648085438916385
75	0.0652367250850118
75	0.064549713690786
75	0.0644884382209346
75	0.0640576943472266
75	0.0648382923673997
75	0.064451896876965
75	0.0666631506777069
75	0.0644540644540645
75	0.0639673182335298
75	0.065572905676303
75	0.0637549161664252
75	0.0650854657631233
75	0.0653077989423422
75	0.0645752592437415
75	0.0639255236617533
75	0.0652020229485018
75	0.0621363369454973
75	0.0643896675796144
75	0.0640869334746886
75	0.0639702415256457
75	0.0649191833262441
75	0.0639454332303101
75	0.0641926814140996
75	0.065269050007921
75	0.0651068686449471
75	0.0649109792284867
75	0.066108206167965
75	0.0650801862390067
75	0.068624269954575
75	0.066109875806714
75	0.0640204865556978
75	0.0652845400764358
75	0.0654897494305239
75	0.0653659554489019
75	0.066458377462402
75	0.065867655273983
75	0.0657240920034834
75	0.0621141353948569
75	0.0635677180956461
75	0.0626664577784741
75	0.0637956828382133
75	0.0643719742512103
75	0.0639979204574993
75	0.0661152643019988
75	0.0659486417657046
75	0.0631622688551839
75	0.0660875126578905
75	0.0641427281898795
75	0.0627822447406102
75	0.0645693601618226
75	0.064299721333471
75	0.062529116413893
75	0.0653621555168528
75	0.0643467190069492
75	0.0646808510638298
75	0.067173704925008
75	0.0651911679865737
75	0.0630936587954364
75	0.0649430594028932
75	0.0660372437535861
75	0.0658534009294466
75	0.0637518958213483
76	0.0654558815810194
76	0.0658850383897074
76	0.0658260312032486
76	0.0649565356514319
76	0.0650878126663119
76	0.0653831992004629
76	0.0661973310917306
76	0.0649823248076523
76	0.0644426362896664
76	0.0658431906207474
76	0.0649010028284906
76	0.0657205351238618
76	0.0650087710246621
76	0.0658254788689571
76	0.0641863843918638
76	0.0676362456747405
76	0.0665560077104305
76	0.0671324263276777
76	0.0660321873496231
76	0.0648634590377113
76	0.0657819708672438
76	0.0634590792838875
76	0.0646810753821824
76	0.0634161237785016
76	0.0660640142954749
76	0.0647410876919074
76	0.0663548519736842
76	0.0658227848101266
76	0.0629047669603992
76	0.0641267842149454
76	0.0651458996711385
76	0.0662549433880492
76	0.0658239798594356
76	0.0624772218462019
76	0.0655823990736355
76	0.0660587534324646
76	0.0656639171923015
76	0.0663619167717528
76	0.063440294581799
76	0.0657636232033916
76	0.0659652380215586
76	0.0659538374543772
76	0.0666560187403503
76	0.0657629990469131
76	0.0655704218159534
76	0.0656162313835528
76	0.0652997664157799
76	0.0648369767565555
76	0.0642548883797752
76	0.063705406215649
76	0.0656528578919769
76	0.0656733464853079
76	0.0650385336388252
76	0.0648143392737918
76	0.0643691110200737
76	0.0648751629399378
76	0.0647745719222915
76	0.0637939466391349
76	0.064920866305706
76	0.0651878204457466
76	0.0650510886428075
76	0.0649518016392598
76	0.0644154798450002
76	0.064010931259197
76	0.065871396431748
76	0.064455667204665
76	0.0642916493560449
76	0.064034716342083
76	0.0639762239949945
76	0.0621764423333511
76	0.0633931843165995
76	0.0662622247790388
76	0.063183095659415
76	0.0643298969072165
76	0.0653560869339696
76	0.06597642912215
76	0.0656525220176141
76	0.0655097842713223
76	0.0643953185955787
76	0.0664128595600677
76	0.0657323127844435
76	0.064051934000541
76	0.0657291348211556
76	0.0651708844247326
76	0.0630129732592004
76	0.0653329165364176
76	0.0647627965043695
76	0.0652401381186565
76	0.0637226621912204
76	0.065038961038961
76	0.0645726110256274
76	0.0652230765207385
76	0.0642178001766509
76	0.064019490954331
76	0.0640058281729718
76	0.0636922917851419
76	0.0664632817607322
76	0.0656605771776542
76	0.0647523107280091
76	0.0646833212397637
77	0.0637905415791361
77	0.0674499108360432
77	0.0638018093835472
77	0.0661428644790222
77	0.0664193143812709
77	0.0651265008576329
77	0.061337513061651
77	0.0651772904283665
77	0.0643489974612714
77	0.0660769476713205
77	0.06476250261561
77	0.0654057480980558
77	0.0651064044887024
77	0.0653135155292739
77	0.0642026363401396
77	0.065662278897573
77	0.0665161696766065
77	0.0659938294200701
77	0.064973544973545
77	0.065516339869281
77	0.0639873916469661
77	0.064778578784758
77	0.0661879487980019
77	0.0648091758018676
77	0.0654067465554558
77	0.0643171333547903
77	0.0638341333878051
77	0.0661275463199918
77	0.0670609411159681
77	0.0638689006775566
77	0.0647619047619048
77	0.0629879157309379
77	0.0647351508240904
77	0.0658243974944262
77	0.0639608901563375
77	0.0645834448071058
77	0.0640599001663893
77	0.0645643324573607
77	0.0651170030612774
77	0.0632359125315391
77	0.06554578375582
77	0.0653636654918295
77	0.0638140907414238
77	0.0647290589981067
77	0.063891628172523
77	0.0657756813417191
77	0.066234226929509
77	0.0631450505872185
77	0.0649762282091918
77	0.06523547146273
77	0.0645517676767677
77	0.0633799158397839
77	0.0659130711670116
77	0.0637154829698077
77	0.064635761589404
77	0.0653105477825391
77	0.0648420184526571
77	0.065303744505058
77	0.0654810024252223
77	0.0646481178396072
77	0.0634447408337256
77	0.0628780035961423
77	0.0662268589546896
77	0.0645095228343232
77	0.0655030800821355
77	0.0638428170451646
77	0.0664128595600677
77	0.0633935093394553
77	0.0649283726682469
77	0.0650406504065041
77	0.0650181743715763
77	0.0628977513788714
77	0.0643018945634267
77	0.0655329949238579
77	0.0659927130907785
77	0.0654534174335643
77	0.063528793058112
77	0.0643241856886381
77	0.0667834580878059
77	0.0648983585172301
77	0.0646861276156032
77	0.066133195663397
77	0.0652651396297458
77	0.0652441307021766
77	0.0651884473576403
77	0.0633069554352353
77	0.0643941356265865
77	0.0629421938053561
77	0.0646474930007636
77	0.0643612903225806
77	0.0643331630045989
77	0.0661729447493207
77	0.0659414312229326
77	0.0641697085118764
77	0.0650332728372656
77	0.0647775396037016
77	0.0650330851943755
77	0.0625420657520062
77	0.0639481000926784
77	0.0648603843962078
78	0.0645880944607683
78	0.0649510432152561
78	0.0653484569793583
78	0.0640571277439831
78	0.0651021563481035
78	0.0656128530707437
78	0.066540119023189
78	0.0655457699492928
78	0.0660406562790218
78	0.0656942022091856
78	0.0657482136431399
78	0.0644431585038666
78	0.0652117967986
78	0.0635699373695198
78	0.0653216557189031
78	0.0659056644410941
78	0.0645145069643486
78	0.0646229057391659
78	0.0683171419617675
78	0.0656514018188667
78	0.0654342263303567
78	0.0656022763199494
78	0.0636253897998189
78	0.0643193931939319
78	0.0638751625487646
78	0.0642759777707875
78	0.0660870492852571
78	0.0649947015188979
78	0.066045463854188
78	0.0654053504221341
78	0.0623928515767053
78	0.0624017604526878
78	0.0673711340206186
78	0.0650180319422978
78	0.0647406709582875
78	0.0646505717916137
78	0.0634994807892004
78	0.0643873477326236
78	0.066226833199033
78	0.0645279464098807
78	0.0655190677966102
78	0.0656349467676435
78	0.0643458261460457
78	0.0650826446280992
78	0.0661439696905915
78	0.0641407163354235
78	0.0647568988173456
78	0.0647608235719077
78	0.0660250439822001
78	0.0634945726630836
78	0.0636047897983516
78	0.0663234094616639
78	0.0638591823159187
78	0.0648049779936257
78	0.0653530206925237
78	0.0656258131667968
78	0.0659843092429989
78	0.0656140534323208
78	0.0639264581572274
78	0.063356779791549
78	0.0638309142917682
78	0.0639768280908583
78	0.06484889326629
78	0.0647548566142461
78	0.0649856061413797
78	0.0635434324754713
78	0.0651893176300429
78	0.0656354515050167
78	0.0650329877474081
78	0.0659696422885044
78	0.0664797969113603
78	0.0657033663158997
78	0.0658973421753433
78	0.0660621078715664
78	0.0660487288135593
78	0.0658251616941373
78	0.0657006336345694
78	0.0647888785143687
78	0.0646826601882782
78	0.0653969590150997
78	0.0652072899994837
78	0.0658342189160468
78	0.0667152752460809
78	0.0613089005235602
78	0.0655216284987277
78	0.065505410398522
78	0.0631607047517352
78	0.0631307821698907
78	0.064024864024864
78	0.065410484160805
78	0.065478355765733
78	0.0631954650430401
78	0.0635380964935407
78	0.0644748297229477
78	0.0642140468227425
78	0.0666021088874543
78	0.0641952983725136
78	0.0652862877667441
78	0.0669935483870968
78	0.0647242562343182
79	0.0657137084553995
79	0.0646001429884588
79	0.0636797344949181
79	0.065884019836049
79	0.0630872483221477
79	0.0657344822248594
79	0.0634118678146105
79	0.0632102272727273
79	0.0661482580447127
79	0.0643776824034335
79	0.0654043847686982
79	0.0656426755228063
79	0.0638419547699506
79	0.0634452040604931
79	0.0648645827897511
79	0.0620707871104068
79	0.0652767938467766
79	0.0650987194530891
79	0.0640979658759031
79	0.0644977464642802
79	0.0649229332087809
79	0.0642030813092823
79	0.0650677678949598
79	0.0657178090638167
79	0.0649800545874449
79	0.0641722193746797
79	0.0643108797391807
79	0.0654413668133575
79	0.0647931303669009
79	0.0657814096016343
79	0.0638684237833351
79	0.0650711715939309
79	0.0632138533607032
79	0.0651833281103102
79	0.0659080610241176
79	0.0644678435016001
79	0.0652741514360313
79	0.063903373417048
79	0.0654549331059112
79	0.0645586966451809
79	0.0645854067361584
79	0.0649550706033376
79	0.0633531311868292
79	0.0664098613251156
79	0.0652489125181247
79	0.0657272269753397
79	0.0637880274779195
79	0.0657059357049279
79	0.064357952804168
79	0.0623353356518074
79	0.0658856461562387
79	0.0661650233523612
79	0.0659271988751758
79	0.066337918505061
79	0.0628471507920181
79	0.0629103679951138
79	0.0661783278605708
79	0.0636599274235355
79	0.0660643704121965
79	0.0653027906739452
79	0.0666736665266695
79	0.0628335251648007
79	0.0651948051948052
79	0.0644946467906357
79	0.0643680559177925
79	0.0646653644494705
79	0.0637295939723734
79	0.0666837782340862
79	0.0648823589848967
79	0.0645847741660903
79	0.0647382920110193
79	0.0659154059895029
79	0.0651543401698778
79	0.0653826659908768
79	0.0636046087273865
79	0.0617381668513535
79	0.0660218671152229
79	0.0648062966370234
79	0.0658264764087074
79	0.0648802562668429
79	0.0642084863321093
79	0.0641221374045802
79	0.0664383911688046
79	0.0648099675426657
79	0.0650893687364397
79	0.0657031570315703
79	0.0649095398881218
79	0.0649874319229158
79	0.0659021327383115
79	0.0651894504138605
79	0.065871396431748
79	0.0652195809830782
79	0.0658848058378942
79	0.06699456381051
79	0.0653512313282196
79	0.0639082343301925
79	0.0643896976483763
79	0.0635778635778636
79	0.0650899849592863
79	0.0670301475304683
80	0.0645442875481386
80	0.0651327252229169
80	0.0661348430262481
80	0.0648478272102516
80	0.0657507360157017
80	0.0659414659414659
80	0.0644742984594637
80	0.0651088578928406
80	0.0649522099593389
80	0.0639364179406702
80	0.0652516122480069
80	0.0645112325440194
80	0.0645892351274788
80	0.0655626015407998
80	0.0659606189913115
80	0.0651561087176214
80	0.0645362431800468
80	0.0654167307002715
80	0.0638721509038512
80	0.0651659985610032
80	0.0629885973211174
80	0.0647949295479545
80	0.0631033066338057
80	0.0643118274033263
80	0.0638079606073041
80	0.0645764119601329
80	0.0649955979077114
80	0.0659335012076674
80	0.0652043269230769
80	0.0629877369007804
80	0.0642282749675746
80	0.0641890178978857
80	0.0639746388109344
80	0.0652428171878973
80	0.0657138418517943
80	0.064917344528995
80	0.0663139329805996
80	0.0651857063878977
80	0.0662547017732402
80	0.0675175827038291
80	0.0643271875318325
80	0.0653142769325342
80	0.0647816750178955
80	0.0641673403395311
80	0.0641554777702314
80	0.063366540002054
80	0.0659416445623342
80	0.0668817987820746
80	0.0686727565824825
80	0.0639991885998276
80	0.0649091374456104
80	0.0639966317562234
80	0.0650145167980091
80	0.0641952520125109
80	0.0643115467267677
80	0.065427817174802
80	0.0654549167772899
80	0.0654411764705882
80	0.0673828644365261
80	0.0652822041739488
80	0.0654635710222866
80	0.0649883207889956
80	0.0657202675790226
80	0.0642910013746431
80	0.0660367398648649
80	0.0643802952666024
80	0.0651083415214356
80	0.0634532007141035
80	0.0653710247349823
80	0.0665595355347053
80	0.0671603936288932
80	0.064602485099505
80	0.0651965993623805
80	0.0640839218944745
80	0.0643211407315561
80	0.0646949134983943
80	0.0647949295479545
80	0.0651421004380157
80	0.0651532118497404
80	0.0649290081873769
80	0.0654820494223696
80	0.0657272319872529
80	0.0651191454396056
80	0.0652752635502076
80	0.0635064869503761
80	0.0652646845540246
80	0.0657281909048092
80	0.0639949643306756
80	0.0655840099937539
80	0.0646401476317408
80	0.0653234358430541
80	0.0645025295109612
80	0.064132523238303
80	0.0651052414362361
80	0.0652308645801054
80	0.0653471567703424
80	0.0641093288307303
80	0.0638884553353103
80	0.0642871837070562
80	0.0650368524862452
81	0.0664140616777181
81	0.0653367875647668
81	0.0650690203725561
81	0.0648227307015338
81	0.0651313787156336
81	0.0659048215403882
81	0.0637227214377407
81	0.0644200143840542
81	0.0642661569458077
81	0.0650986342943854
81	0.0653327888934259
81	0.0648061532065274
81	0.0653403249023237
81	0.0650619397723839
81	0.0656253221981648
81	0.0644333863438157
81	0.0638884553353103
81	0.0669042174121151
81	0.0637791286727457
81	0.0652297220646625
81	0.0640319900290818
81	0.064279484943313
81	0.0648561441247647
81	0.0650934017058239
81	0.0638910305833976
81	0.0638974358974359
81	0.066208619612742
81	0.0650854085202717
81	0.0660724177871783
81	0.0647250841579108
81	0.0651725006295643
81	0.064019490954331
81	0.0638979313241625
81	0.064357460909185
81	0.0653735993166173
81	0.064961556566766
81	0.0639391447368421
81	0.0645560482623492
81	0.0644863645683822
81	0.065501726483206
81	0.0647511544381734
81	0.0653163761972052
81	0.0661038628805321
81	0.0639283669113436
81	0.0646713258381444
81	0.0625624309973188
81	0.0656547829156371
81	0.0638516992790937
81	0.0655412115193644
81	0.0657198260049264
81	0.0626792298238427
81	0.0656782877093559
81	0.0640677257525084
81	0.0658887077048512
81	0.0659753452198296
81	0.0646560735939787
81	0.0653398994770777
81	0.0640712468193384
81	0.0648654118599474
81	0.0650423507267594
81	0.0643531848259837
81	0.0640409365793146
81	0.0657295985438366
81	0.0638743990999284
81	0.0653488249829136
81	0.0648603410398577
81	0.0657552760162179
81	0.0640409527789386
81	0.0647661655308745
81	0.065096516995384
81	0.06440387331047
81	0.0643247704529042
81	0.0652416734362307
81	0.065429840606219
81	0.0649068322981367
81	0.0654792813376259
81	0.0652724326514077
81	0.0636540088588066
81	0.0644143685763712
81	0.065807117070655
81	0.063691620343914
81	0.0637790077692581
81	0.0647605576884219
81	0.0657894736842105
81	0.064661959668817
81	0.0652007940143533
81	0.0644036509075992
81	0.0641730279898219
81	0.0650243777264563
81	0.0627221409157433
81	0.0654284065271
81	0.0642591894946451
81	0.064636071919727
81	0.064562263765451
81	0.0649675672914858
81	0.062959768657095
81	0.0642297107845683
81	0.0630964467005076
81	0.0652736112547843
81	0.0637141047297297
82	0.0644736148452739
82	0.065948582461132
82	0.0645112932240656
82	0.0635152860458077
82	0.06409800233823
82	0.0653455019556714
82	0.0634141299291953
82	0.0648281539411402
82	0.0651645909772105
82	0.0633502959808911
82	0.0639947304418322
82	0.0655542902411249
82	0.065637460382374
82	0.0652140077821012
82	0.0653367588534583
82	0.0646430578976953
82	0.0657525543967388
82	0.0648576421009354
82	0.065197959934802
82	0.0634059860256544
82	0.0625961242694556
82	0.0644978053188743
82	0.064305978774824
82	0.0665124646620406
82	0.0658816205841158
82	0.0638351983723296
82	0.0632708881663828
82	0.0653828234197857
82	0.0637817883511075
82	0.0628656471312737
82	0.0647314334145566
82	0.0634023531829625
82	0.0650211344779001
82	0.0644770777409337
82	0.0643756558237146
82	0.0652825121371759
82	0.0644965934897805
82	0.0651659985610032
82	0.0658030553261767
82	0.0661662639452984
82	0.0657518873699245
82	0.064919625781775
82	0.0652075243330476
82	0.0660801963993453
82	0.0649906113081577
82	0.0661084405851036
82	0.0654887747911004
82	0.0650943396226415
82	0.0638748321801095
82	0.0662638157215164
82	0.0652003142183818
82	0.0639042450677081
82	0.0657136980666392
82	0.0660731744969897
82	0.0649442755825735
82	0.065106556541246
82	0.0639921621203527
82	0.0636404315616765
82	0.0647052664642446
82	0.0649625613219726
82	0.0659473023839398
82	0.0652107357893663
82	0.0655507667635562
82	0.0664253670473083
82	0.0634936606963172
82	0.0634432088959492
82	0.064679386608634
82	0.0636128443159336
82	0.0658029496108152
82	0.0643869377695625
82	0.0643039265680775
82	0.0658979416375866
82	0.0661266493453564
82	0.064723752638896
82	0.0641192357707312
82	0.063692029712909
82	0.0655292550466236
82	0.065820818228897
82	0.0623598505072077
82	0.0636434714620798
82	0.0661080553128052
82	0.0648348878245526
82	0.0644811564274652
82	0.0648284251609306
82	0.0638352638352638
82	0.0659202098148989
82	0.0649350649350649
82	0.0647967522539147
82	0.0658778702496741
82	0.0631362519432325
82	0.0648444765939857
82	0.0636405225435877
82	0.0661021298434693
82	0.0642499113968913
82	0.0652488127193888
82	0.0645626401794297
82	0.064867042707494
82	0.0633256025007563
82	0.0649925384654968
82	0.0658196209123099
83	0.0641025641025641
83	0.0646702933550257
83	0.0636363636363636
83	0.0646716629107489
83	0.066140127388535
83	0.064142354645148
83	0.0661775943756687
83	0.065752741774676
83	0.0658409056297274
83	0.0641381748396546
83	0.0650172316238877
83	0.0651776649746193
83	0.0650283171521036
83	0.0625265618359541
83	0.0635953674285129
83	0.0666294529584898
83	0.0651160459170886
83	0.0642694771647035
83	0.064567495377029
83	0.0665926748057714
83	0.0658151686282789
83	0.0646666666666667
83	0.0654462242562929
83	0.0635065792816136
83	0.0645015333567945
83	0.064182716547343
83	0.0656423173803526
83	0.0646332240988152
83	0.0651700197638474
83	0.065315768302494
83	0.0658322903629537
83	0.06469473264166
83	0.065474355021071
83	0.06416251039069
83	0.0631356358876246
83	0.0650228880565959
83	0.0638857378570692
83	0.0633342057053127
83	0.064611015315955
83	0.0655331207934821
83	0.0658969157954959
83	0.0647629525905181
83	0.065415244596132
83	0.0648315827598696
83	0.0644842816315926
83	0.0646498771498771
83	0.0659683648098185
83	0.0643931693433625
83	0.0666938609014889
83	0.064530529239621
83	0.0648717948717949
83	0.0654919694370809
83	0.0637396591248879
83	0.0635972862395774
83	0.0662188099808061
83	0.0628085712831476
83	0.0650206175198632
83	0.0656265727226975
83	0.0636782786885246
83	0.065096882469613
83	0.0654528810456187
83	0.0635130328743458
83	0.0640120967741935
83	0.0642789255164824
83	0.0651689841159879
83	0.0640838329386871
83	0.0638967741935484
83	0.064802530870497
83	0.0662050841461566
83	0.0633072956552816
83	0.0645799512987013
83	0.0655512611879577
83	0.0636980830670927
83	0.0647137946495292
83	0.0660386965376782
83	0.066284737926529
83	0.0639194327407255
83	0.0651794871794872
83	0.0639744305210289
83	0.0663664258141146
83	0.0655138695898307
83	0.0666975690152452
83	0.0664225154266794
83	0.0643373864860705
83	0.064171391299985
83	0.0631169761137538
83	0.064928628072958
83	0.065679063503574
83	0.065516894609815
83	0.064621409921671
83	0.065028755927757
83	0.0637770584665183
83	0.0633904604583936
83	0.0657019548108657
83	0.0667067006955913
83	0.063503829997529
83	0.0636955636955637
83	0.06548752379998
83	0.0655804480651731
83	0.0651281537845415
84	0.0668752839045071
84	0.0637963385567219
84	0.0661260449516945
84	0.064664184813096
84	0.0663864695159003
84	0.0661084857201562
84	0.0654761904761905
84	0.0641560661672281
84	0.065170831208567
84	0.0633438229621358
84	0.06390258629365
84	0.0642625013104099
84	0.064623204190654
84	0.066363865758264
84	0.0664375128257747
84	0.0648204503956178
84	0.0642446633825944
84	0.0644225478917621
84	0.064060748139843
84	0.0637361525620922
84	0.0656667182104015
84	0.0662298034115352
84	0.0642151206541915
84	0.0651228584900718
84	0.0649417321217722
84	0.0641886695719046
84	0.0655228591793096
84	0.066402527709514
84	0.0621950593189872
84	0.0644601968483859
84	0.0644522083746154
84	0.0656477073415184
84	0.0655463886217543
84	0.0643841292862323
84	0.0663293422173238
84	0.0672482552342971
84	0.064817684123541
84	0.0647142422089128
84	0.0655637254901961
84	0.0634528016153458
84	0.0648162505814855
84	0.065143211663737
84	0.0648465886152604
84	0.0652527718441664
84	0.065966709346991
84	0.0641501542322371
84	0.0659536541889483
84	0.0639739214587684
84	0.0665884872278591
84	0.0656956153040355
84	0.0640475239616613
84	0.0658895337202321
84	0.0644251960432577
84	0.0646618806164968
84	0.0655427841634738
84	0.0667400440264159
84	0.0650896643335207
84	0.0641186824239376
84	0.0639540895460656
84	0.0633728258129569
84	0.063544639217285
84	0.064418569484349
84	0.0668539618126008
84	0.0639444136750415
84	0.065448143737379
84	0.0656029269779969
84	0.0649910767400357
84	0.0637601604560329
84	0.0646835695747654
84	0.0656221385695391
84	0.0652283496320194
84	0.0628973073543852
84	0.0641103982075568
84	0.064269435300076
84	0.0655367798224941
84	0.0647151818042735
84	0.0648901545972335
84	0.0626247122026094
84	0.0640520896426408
84	0.0642215719907174
84	0.062809832881893
84	0.0628789808917197
84	0.066615969581749
84	0.064884898470533
84	0.0631709331131296
84	0.064509595422553
84	0.0642812238055323
84	0.0647420395002015
84	0.0650378010313924
84	0.0624285268738954
84	0.0650970245795602
84	0.0645112706461168
84	0.0640797436810253
84	0.0651658767772512
84	0.0647836357239785
84	0.0633148080818574
84	0.0643947100712106
84	0.0667488190593551
84	0.0644900434650763
84	0.0663444416179089
85	0.0629885057471264
85	0.0661124307205067
85	0.0652878530637444
85	0.0653884462151394
85	0.0634076498261403
85	0.0642582473183566
85	0.0653905053598775
85	0.0650989973023871
85	0.0668489820723184
85	0.0632236523237654
85	0.0632648932942247
85	0.0654569021386909
85	0.0636768576634946
85	0.0635143962614944
85	0.0649350649350649
85	0.0652340752110514
85	0.0664050859243071
85	0.0624120603015075
85	0.0659272951324707
85	0.0653581337991984
85	0.0640906749098403
85	0.0642164984686449
85	0.0640185502570824
85	0.063740228502706
85	0.0650181743715763
85	0.0651213580185636
85	0.0650817389510598
85	0.0650807222250163
85	0.0659300944808715
85	0.0643663933157976
85	0.0642318663406683
85	0.0665738448844884
85	0.0639154504277806
85	0.0636654641532442
85	0.0640613662278429
85	0.0662384378211716
85	0.0625970798384591
85	0.0636495765047863
85	0.0633777822846423
85	0.0663774630220039
85	0.0659942658201925
85	0.0644963144963145
85	0.0650339576044454
85	0.0655174157019362
85	0.0640056092552712
85	0.0645060278691091
85	0.0648648648648649
85	0.0658643103798497
85	0.0646200301962758
85	0.0639118457300275
85	0.063126721047436
85	0.064431934493347
85	0.0656796906796907
85	0.0642326235435918
85	0.0650270071844355
85	0.0631383472609099
85	0.0647347023871573
85	0.065606565786099
85	0.0656941649899396
85	0.0642377286323739
85	0.0654266194584351
85	0.0648453765297314
85	0.0639216670851117
85	0.063279098873592
85	0.0640374264299009
85	0.0631562368752625
85	0.0659301314510767
85	0.0654580540320942
85	0.0622766717713119
85	0.0639040680024287
85	0.0657582639414585
85	0.0633986928104575
85	0.0651054809730494
85	0.0646085776057117
85	0.0641563491251407
85	0.0631612024719807
85	0.0631953028430161
85	0.0663014254552833
85	0.0631646634020873
85	0.0649444587961767
85	0.065053409608667
85	0.064831306294845
85	0.0656728444802579
85	0.0644770697744816
85	0.0648599269183922
85	0.065347565738089
85	0.0631218905472637
85	0.0642665722809324
85	0.063919964516288
85	0.0642321814798048
85	0.0629901340753858
85	0.0654088050314465
85	0.0637257507307999
85	0.0651698787999205
85	0.0625621643127114
85	0.0648637959163494
85	0.0654758967780135
85	0.0658297452923173
85	0.0654248069059518
85	0.0655121629170687
86	0.0641878274889158
86	0.0643895568187535
86	0.0656097063621533
86	0.0641396405701301
86	0.065422446406053
86	0.0655355786275006
86	0.064560230897767
86	0.0644724298830967
86	0.0654275092936803
86	0.0648953801533043
86	0.0642225689027561
86	0.06463122483307
86	0.065332036250064
86	0.0654027485204133
86	0.0661605751344829
86	0.0646728016359918
86	0.0647976042957456
86	0.0660565061679268
86	0.0645356154039768
86	0.0636125654450262
86	0.0659875089587386
86	0.0656126881503182
86	0.0636538851694056
86	0.0659868026394721
86	0.0637511549122267
86	0.0650920493627352
86	0.0649924660974385
86	0.0655019583591012
86	0.0644232226769744
86	0.065466283350986
86	0.0671376295995121
86	0.0636621965202652
86	0.0647296039706338
86	0.0638924967529224
86	0.0647805263417765
86	0.0657344084923956
86	0.063263324646124
86	0.0643286573146293
86	0.0635131679877269
86	0.0651963530789996
86	0.0655662772981209
86	0.063673591689972
86	0.0653968897218986
86	0.0642007242628039
86	0.0664584506681686
86	0.0640825572615152
86	0.0636500754147813
86	0.0651769087523277
86	0.0656639580073689
86	0.0648446696350888
86	0.0631295502144211
86	0.0662567958945176
86	0.0645637994292703
86	0.063337456194599
86	0.0648457258472433
86	0.0638471754009603
86	0.0643774653585516
86	0.0663296568627451
86	0.0638846737481032
86	0.0644817614529958
86	0.064704427405392
86	0.0650779101741522
86	0.0663291139240506
86	0.064046797660117
86	0.06520420541852
86	0.0653669724770642
86	0.0647795870745193
86	0.0629177935398275
86	0.0647914845477452
86	0.0658812822327839
86	0.0645457795026298
86	0.0659385113268608
86	0.0647453217252076
86	0.0644034718299009
86	0.0655712993668978
86	0.0668088130774698
86	0.0631643814512402
86	0.0652835836300769
86	0.064460548320073
86	0.0618572683582244
86	0.0656593544500778
86	0.0654297379709546
86	0.0633006405124099
86	0.0662231476308974
86	0.0638350968257137
86	0.0657521765539583
86	0.0645990922844176
86	0.0635483707495059
86	0.064150195670481
86	0.0649434732805419
86	0.0644054309444472
86	0.0643794147325933
86	0.0658432163771468
86	0.0662244949622804
86	0.065316225500101
86	0.0662889234317806
86	0.0637537345283824
86	0.0645447816432272
86	0.0645353455123114
86	0.063540238887801
87	0.0663345827579404
87	0.0637780927313221
87	0.0623890438752219
87	0.0645957825077782
87	0.0634857256937512
87	0.0669270833333333
87	0.0649084098722356
87	0.0659014041201189
87	0.0643465197796695
87	0.0654420206659013
87	0.0652392440691596
87	0.0647147147147147
87	0.0644576246262438
87	0.0664026804751751
87	0.0641801764826596
87	0.0640876723397808
87	0.0631456936955097
87	0.0661
87	0.0645741292510017
87	0.0640791476407915
87	0.0650120578778135
87	0.0652424075649172
87	0.0645457795026298
87	0.0660938532716457
87	0.0658253407370015
87	0.0635047828917714
87	0.065650104896894
87	0.0651228637880473
87	0.0643556895252449
87	0.0617495711835334
87	0.0613818475028977
87	0.0657053740348724
87	0.0649767045739191
87	0.0630612244897959
87	0.065529576442532
87	0.062645371375407
87	0.0642509898260913
87	0.0638003484677667
87	0.0659340659340659
87	0.0640953788148978
87	0.0650671598209071
87	0.0656110836219693
87	0.0659496035954148
87	0.0646869012806292
87	0.0638502403238047
87	0.0625696061557153
87	0.0664542558033682
87	0.0649817691424005
87	0.0637824724552714
87	0.0657776893223206
87	0.0648228618168805
87	0.0647593369283004
87	0.0644077991078141
87	0.0634912743002038
87	0.0663321077213555
87	0.0642796589039046
87	0.0646738859224512
87	0.0651835718730554
87	0.0660080826223619
87	0.0653818989002119
87	0.0644130423927698
87	0.0650382136969879
87	0.0642743696644828
87	0.0653503057031172
87	0.0654591194968553
87	0.0631985578161216
87	0.0645598874598071
87	0.0652365992538779
87	0.0631021704605611
87	0.0651327433628319
87	0.0645438463482436
87	0.0650422977559394
87	0.06468700657057
87	0.0632166098543539
87	0.0647729607561126
87	0.0665152662124653
87	0.0655210009864493
87	0.065120292356106
87	0.0632289443644846
87	0.0639399167766163
87	0.0657706459525756
87	0.0647922368748445
87	0.0650815424477976
87	0.0647174092409241
87	0.0632569312381143
87	0.0632833682918095
87	0.0647274505011
87	0.0646180951393927
87	0.0657187358689645
87	0.0630539377057483
87	0.0631309249295414
87	0.0645013490810976
87	0.0652779889513963
87	0.065243356225739
87	0.0667198166326175
87	0.0638677753405091
87	0.0636237897648686
87	0.0638756349084193
87	0.0645880836720531
87	0.0636404994186928
88	0.0660958389665014
88	0.0645918367346939
88	0.0663978896023095
88	0.0649989953787422
88	0.0649694078606243
88	0.0654399837793998
88	0.063569197203352
88	0.0655933808503215
88	0.0653212688084587
88	0.0638645477498886
88	0.0642914012738854
88	0.0628614157527418
88	0.0653874538745387
88	0.0645502645502646
88	0.0646218444364791
88	0.0649258997882851
88	0.0646287338552835
88	0.0648162115955147
88	0.0637297490673072
88	0.064633116399225
88	0.0653327269971199
88	0.0663964287546821
88	0.0650369238604533
88	0.0656975261412905
88	0.0656881267257666
88	0.0649975210708974
88	0.0661435541471757
88	0.0647845619767204
88	0.0655232413621675
88	0.063908091709355
88	0.0654358263624214
88	0.0665912480074047
88	0.0650002484718978
88	0.0650443832262014
88	0.0649211997966446
88	0.0641571032845271
88	0.0652753331657028
88	0.0622311155577789
88	0.0639235492176669
88	0.0645177794832438
88	0.0650468622656887
88	0.06613690087009
88	0.0640695265524733
88	0.0655136004826789
88	0.0653890100758284
88	0.0657867812563945
88	0.064945304030748
88	0.0638745553829968
88	0.0654490868151113
88	0.0649187257812893
88	0.0663566988426745
88	0.0662284882845818
88	0.0644522322108792
88	0.0649955414643813
88	0.064771172266991
88	0.0628398481584077
88	0.0659980752671833
88	0.0639342619500952
88	0.0647503481201512
88	0.0641058384839352
88	0.0648970478789382
88	0.0652581446015099
88	0.0633317798146134
88	0.0648287636838405
88	0.0644013431564176
88	0.0643193216483119
88	0.0644848855584442
88	0.0645435882028942
88	0.0640622661278252
88	0.0646173774412116
88	0.0647514819881441
88	0.064450852430819
88	0.0647229430621279
88	0.0650762420068864
88	0.0671256454388985
88	0.0661326761141918
88	0.0656988554724273
88	0.0653957897956063
88	0.065382515017624
88	0.0638814425168176
88	0.0642389729756731
88	0.0651905252317199
88	0.0662879748440432
88	0.0643310484894643
88	0.0651509173406984
88	0.0656963613550816
88	0.0647991227195693
88	0.0639222705190488
88	0.0650032501625081
88	0.0663401827636694
88	0.0653351042092358
88	0.0640108102697563
88	0.066363865758264
88	0.0630024776255246
88	0.0657095527332965
88	0.0636179888832744
88	0.0644138341096026
88	0.065936285151714
88	0.0662887492977887
88	0.0659692677311177
89	0.0649769356678736
89	0.0653571609375791
89	0.0661144653460406
89	0.0653258808264298
89	0.0642357642357642
89	0.0656071719641402
89	0.0627758218872415
89	0.0650373864605811
89	0.0647735157101794
89	0.0654106475401556
89	0.0648445608659121
89	0.0651361714678989
89	0.0634904764285357
89	0.064128156502645
89	0.064855216184054
89	0.0636859103754542
89	0.0635991207034372
89	0.0645066418312828
89	0.0654522242953943
89	0.0641064716041857
89	0.0648013989507869
89	0.0649506135887459
89	0.0631295147013938
89	0.0653983353151011
89	0.0648271617601805
89	0.0646046762413607
89	0.0651555244894902
89	0.0633583959899749
89	0.0646227832882477
89	0.0652340360369557
89	0.0651536971743557
89	0.0656284760845384
89	0.0658188862947693
89	0.0649130673043392
89	0.0651763384882356
89	0.0654002176709211
89	0.064830809877045
89	0.0660697121465068
89	0.0630995742061253
89	0.0639809197905325
89	0.064356187709721
89	0.0655189375307427
89	0.0658766120599512
89	0.065455090119327
89	0.0655194902924798
89	0.0635086670651524
89	0.0657568865301996
89	0.0636923387503785
89	0.0652723397928334
89	0.0649569264283592
89	0.061842040836312
89	0.0654135338345865
89	0.0646141583221242
89	0.0644718119817477
89	0.0648143521063415
89	0.0644077842536797
89	0.0651388407662228
89	0.0645505332656171
89	0.0645161290322581
89	0.06545
89	0.0625411454904543
89	0.0654925431711146
89	0.0646602040298432
89	0.0645386185946915
89	0.065230371181212
89	0.064595509074131
89	0.0653899583250645
89	0.0635099202290857
89	0.0658540286277882
89	0.0655696330321539
89	0.0650952858575727
89	0.0657914441172066
89	0.0641430609333605
89	0.0643269088578893
89	0.0655762763680832
89	0.0649512865350987
89	0.0652482269503546
89	0.0659653850139911
89	0.0650114667464353
89	0.065280583337439
89	0.0647079225090423
89	0.0635936612811645
89	0.0627006420545746
89	0.0649088245693792
89	0.0652865438020702
89	0.0646643284098207
89	0.0629957291031117
89	0.0656253070046174
89	0.0649507948523846
89	0.0636201174368139
89	0.0655836644369562
89	0.0653463355785664
89	0.063291780683085
89	0.0659977594856558
89	0.064851636586112
89	0.0645731307113647
89	0.0637721848992279
89	0.0635852286622646
89	0.0653533148074633
89	0.0658733745041924
90	0.0641613650934556
90	0.0648297400765666
90	0.0648439033968192
90	0.0635858585858586
90	0.0647513921056522
90	0.0644358687925256
90	0.0648523165069643
90	0.0649291497975708
90	0.0648087486771153
90	0.0641185569582356
90	0.0629431341339893
90	0.0651005085977234
90	0.0650944349055651
90	0.0649546827794562
90	0.0641458809500149
90	0.0661531490711373
90	0.0638548886594898
90	0.0630773030377871
90	0.0641660885937965
90	0.0646123260437376
90	0.0645533430305462
90	0.0660017301918477
90	0.0647654185571122
90	0.0660321237358715
90	0.0638458442342524
90	0.0637098383556176
90	0.0650418369332555
90	0.0648686940241866
90	0.0642871326449563
90	0.0641729924091091
90	0.0620947630922693
90	0.0655153909946827
90	0.063979364758244
90	0.0650652637848032
90	0.0642652887172026
90	0.0634102397277414
90	0.0649471417384495
90	0.0658226596112952
90	0.064365994949745
90	0.0665330661322645
90	0.0646834477498093
90	0.0651273241713824
90	0.064869712520552
90	0.0665172659671998
90	0.0645061886908736
90	0.0652229040929147
90	0.0657323824248167
90	0.0650573446186207
90	0.064836003051106
90	0.0662740076824584
90	0.064686737184703
90	0.0652816020025031
90	0.0657722841925435
90	0.0643626346105685
90	0.0651126575502458
90	0.0649714635140644
90	0.0641825019794141
90	0.0652238510301109
90	0.0644154515221284
90	0.0651209174769384
90	0.0634607804493496
90	0.0654359897943869
90	0.0646516393442623
90	0.0627987722034922
90	0.0638287102652359
90	0.064794602103592
90	0.066003616636528
90	0.0642404745149291
90	0.0653836540864784
90	0.0663656884875846
90	0.0640307024188254
90	0.0652718432297038
90	0.0660980810234542
90	0.064808781514711
90	0.0641566856469664
90	0.064891929407099
90	0.064613984529046
90	0.0648948393865215
90	0.0637513696583325
90	0.064328948026612
90	0.0658242270443835
90	0.0640253088279602
90	0.064131245339299
90	0.0643398024171305
90	0.0654091877091573
90	0.0663046161441619
90	0.0633603238866397
90	0.0669332225568595
90	0.0649585163494387
90	0.064208984375
90	0.0662427916605057
90	0.0650288292805214
90	0.0652042967573537
90	0.0656087279940491
90	0.0644456581103222
90	0.0635023408706046
90	0.0643194335169158
90	0.0635719984044675
90	0.0653109692741576
90	0.0622882200518238
91	0.0647257216545978
91	0.0646719107836304
91	0.0645908761766836
91	0.0660623059200641
91	0.0653946838501812
91	0.0650255001961554
91	0.0642860807552204
91	0.0655513159182076
91	0.0653503057031172
91	0.0637306478280475
91	0.065263369926478
91	0.0650037792894936
91	0.0651292448048657
91	0.0665001249063203
91	0.0645783847980998
91	0.0629381443298969
91	0.0652318049676136
91	0.0649937888198758
91	0.0659679101882669
91	0.0647338165458635
91	0.0671197960917587
91	0.0656109738262141
91	0.0646644345609915
91	0.0654298328290094
91	0.0637206058190514
91	0.0647720425788311
91	0.065074176514961
91	0.0653689136712138
91	0.0650451632436797
91	0.0647681202412736
91	0.0662547719509745
91	0.0643928110416046
91	0.0657958160609274
91	0.0630978015924683
91	0.0657135690995736
91	0.0648295003965107
91	0.0643259996951374
91	0.0633195393129581
91	0.0659921704204586
91	0.0646044205742615
91	0.0636109962794543
91	0.0637510768762986
91	0.0648311269945135
91	0.0654620853080569
91	0.0652260904361745
91	0.064441423752706
91	0.0654612841831113
91	0.0652888910706396
91	0.0636220312261608
91	0.0640862944162437
91	0.0642373047834201
91	0.0628504434702824
91	0.065260943604127
91	0.0648037457660889
91	0.0681297418402159
91	0.0635696821515892
91	0.064925681255161
91	0.0663452937083789
91	0.0643117778228259
91	0.0656115396173495
91	0.0642835983015701
91	0.064618211514904
91	0.0658623417721519
91	0.0643339719673288
91	0.0643588733504038
91	0.0655786794430304
91	0.065083111535178
91	0.0665818921668362
91	0.0649216716593822
91	0.0642077870083075
91	0.0653406265539533
91	0.0656538252848616
91	0.0652031948560808
91	0.0644665774738616
91	0.0646116772930368
91	0.0638592531801395
91	0.062763658812635
91	0.0657054480143684
91	0.0647242765672309
91	0.066001804149544
91	0.0641659935379645
91	0.0641057871185077
91	0.0644033949076385
91	0.0649599528278709
91	0.0656328707590498
91	0.0647356915739269
91	0.0651078411610562
91	0.0653484086267869
91	0.064923444024657
91	0.0644457664088836
91	0.0642228596431523
91	0.0646404527270953
91	0.0638595090800239
91	0.0655873806558738
91	0.0642192707556086
91	0.0665630016051364
91	0.0640004086219226
91	0.0647482014388489
91	0.0648778534241089
91	0.0647261963492847
92	0.0650691798676559
92	0.064358922829582
92	0.0647970031386048
92	0.0655431656491246
92	0.0634442604025498
92	0.066130782128415
92	0.0648277933520224
92	0.0654867256637168
92	0.0646382225717656
92	0.0637921447707628
92	0.0647529364115026
92	0.0651511366475144
92	0.0631422924901186
92	0.0662831415707854
92	0.0643292378383778
92	0.0643501941600686
92	0.0645144786657117
92	0.0648890638067595
92	0.0664391016127436
92	0.0625780352594516
92	0.0623937606239376
92	0.064528899445764
92	0.0646082903112626
92	0.0631323150168617
92	0.0650438553266975
92	0.0647622774408139
92	0.0657907833184035
92	0.0651367525594738
92	0.065994814343721
92	0.0638392636215173
92	0.0649529042386185
92	0.064425629978458
92	0.0637444352037572
92	0.0644950813089741
92	0.0636175892812169
92	0.0658670763740893
92	0.0635258058137236
92	0.0635504724017902
92	0.0636869841901163
92	0.0653938665063139
92	0.065336208193351
92	0.067630201844007
92	0.0642183322403269
92	0.0650369926014797
92	0.0672097759674134
92	0.0637950645368676
92	0.0641276531687491
92	0.0653990492869652
92	0.0654417938460019
92	0.0647335103124362
92	0.0651898734177215
92	0.064506329113924
92	0.0643551489317461
92	0.0649479424888448
92	0.0648023791250959
92	0.0640574758842444
92	0.0635706705745616
92	0.0633637678990171
92	0.0646479566715903
92	0.0655355786275006
92	0.066332356883968
92	0.0645290581162325
92	0.0639771187716393
92	0.0644568159763011
92	0.0655745892223942
92	0.0645988460969476
92	0.0637252469105166
92	0.0651109902605428
92	0.0641336034389051
92	0.0665955501371533
92	0.0647801567100863
92	0.0642548857960332
92	0.0644658044386292
92	0.0651895819475004
92	0.0635456486124212
92	0.0657368526294741
92	0.0652850260939382
92	0.065855149230926
92	0.0651363839618423
92	0.0634435026831837
92	0.0631990770928424
92	0.0641173231893488
92	0.0653546046419164
92	0.0641082849918191
92	0.063787791257462
92	0.065771484375
92	0.0640490797546012
92	0.064274962368289
92	0.063272617185529
92	0.0644795822865869
92	0.0643664544153216
92	0.0654790797009999
92	0.0649287721678457
92	0.0655371161681407
92	0.0656079808622182
92	0.0641102158559634
92	0.0642620648138858
92	0.0657868224863994
92	0.0644386631979188
92	0.064804636754272
93	0.0654532726636332
93	0.0632215780186539
93	0.064311683207232
93	0.0645925925925926
93	0.065811795230017
93	0.0640652012842677
93	0.0647362874491895
93	0.0627137970353478
93	0.0652563464410154
93	0.0632886532135317
93	0.0648066135222911
93	0.0655776854372642
93	0.0648937707761237
93	0.0658206596879321
93	0.0643757725587145
93	0.0667196187450357
93	0.064880865725239
93	0.0645177361498605
93	0.0642688679245283
93	0.063255117324014
93	0.0641500123365408
93	0.0641555040789606
93	0.0636790098812257
93	0.0642229627385641
93	0.06512371084104
93	0.065810434090004
93	0.0643243243243243
93	0.0663692415659933
93	0.0647125251632543
93	0.0647082175466455
93	0.0641025641025641
93	0.0651545363908275
93	0.064280917202341
93	0.0641901931649331
93	0.0645307769929364
93	0.0644341456121991
93	0.063312095519992
93	0.0649759903961585
93	0.0650971562821203
93	0.0658288743802464
93	0.064583024737076
93	0.0648516065734609
93	0.0646736422521176
93	0.0642828645521644
93	0.0655636625218374
93	0.0651233014594867
93	0.065480005916868
93	0.0643815650600593
93	0.0660959078632217
93	0.065708831508088
93	0.0642540620384047
93	0.0646245059288538
93	0.0634882375626687
93	0.0642588412340105
93	0.0644363060477086
93	0.064476345518228
93	0.0642906711609002
93	0.0644522548388694
93	0.0641229464758876
93	0.0648420639591917
93	0.0643848379345854
93	0.0636766334440753
93	0.061844502437343
93	0.0647590361445783
93	0.0642491131257391
93	0.0646280418298062
93	0.0653941666260895
93	0.0641444886049203
93	0.0644113531880871
93	0.0643920218689886
93	0.0627184659942075
93	0.0640654625286897
93	0.0648011055177179
93	0.0649714782944987
93	0.0628461234177215
93	0.064204001411077
93	0.0655785913836201
93	0.0657112897588256
93	0.0655000488806335
93	0.0639332870048645
93	0.0659890852651079
93	0.0654947262682069
93	0.0655151876116736
93	0.0651818856718634
93	0.0642943184099578
93	0.0632740035096515
93	0.064900267936886
93	0.0635578053893747
93	0.0656865656865657
93	0.0642991393807498
93	0.065067819933163
93	0.0645989823116065
93	0.0646478732941528
93	0.0644132653061224
93	0.0636847604358426
93	0.063952908310885
93	0.0654587087460799
93	0.0663977816990169
93	0.0626074991400069
93	0.0644215963840461
94	0.0650446384773864
94	0.0649940143655227
94	0.0643225550486015
94	0.0661593952270369
94	0.064476466827325
94	0.0641226609189772
94	0.0664041078817488
94	0.0648709979774061
94	0.0639583028885966
94	0.0650600019835366
94	0.0635979099278427
94	0.0629925137903861
94	0.0652216459536158
94	0.0642775028739941
94	0.066060244557113
94	0.0638998353868409
94	0.0656850007218132
94	0.0630714320637559
94	0.0629507211538462
94	0.0647130031272067
94	0.0645177361498605
94	0.0653534069801545
94	0.0647751072105316
94	0.0635059994146912
94	0.0637880274779195
94	0.0649814269863476
94	0.0636707851733758
94	0.0650546636462129
94	0.0641115330801519
94	0.0645560227553797
94	0.0642497679190893
94	0.0649960845732185
94	0.0639420901824762
94	0.064736531655525
94	0.0630364156524269
94	0.0654105764094595
94	0.0647146401985112
94	0.0652421793664171
94	0.0635905958257979
94	0.0648264745882234
94	0.0633477563323448
94	0.0656342182890855
94	0.0652747897516135
94	0.0646962069481134
94	0.0654280291679153
94	0.0638340818489176
94	0.0659682759302268
94	0.0649819494584837
94	0.0650521121796486
94	0.0631735783461634
94	0.0650320367287221
94	0.0646507790127651
94	0.065361101446394
94	0.0635014253415905
94	0.0644563627498781
94	0.0657418875402527
94	0.0638256279933535
94	0.0644581919776492
94	0.0633091408395449
94	0.0640807757672698
94	0.0648771790808241
94	0.0641790309064918
94	0.0643855421686747
94	0.0620430744912073
94	0.0628280101964312
94	0.0645193016965823
94	0.0641264853186684
94	0.0658727390502765
94	0.0640715308995702
94	0.0661667401852669
94	0.0646118834413496
94	0.0653019546824857
94	0.0645356154039768
94	0.0639239876629191
94	0.0651217365796421
94	0.064389950353543
94	0.0647018639601835
94	0.0646045028890217
94	0.0643862153344209
94	0.0634763203570543
94	0.0626307849530391
94	0.0630559399090729
94	0.063921568627451
94	0.0667449099351942
94	0.064100666173205
94	0.0637573816434791
94	0.0649311789347696
94	0.0639235120388447
94	0.0656503565281534
94	0.0657152665391594
94	0.0645034608021207
94	0.0646018554310012
94	0.0657484913373564
94	0.0631126831733199
94	0.0634379936808847
94	0.0648996779786971
94	0.0640327655961241
94	0.0636579807787576
94	0.0640197760064575
94	0.0640473627556512
95	0.065620253164557
95	0.0655375552282769
95	0.0643778987699133
95	0.0639713916757723
95	0.0650564087272004
95	0.0655688919750025
95	0.0650633669294482
95	0.0646109371235847
95	0.0648116056840125
95	0.0654857756307032
95	0.0644654884286221
95	0.0645607107601185
95	0.0657634493670886
95	0.0657024385427979
95	0.0658796458406283
95	0.0634114777761187
95	0.0634382325071069
95	0.0633444292148032
95	0.064473361158851
95	0.0649370508180845
95	0.0660479277155765
95	0.0644025780862667
95	0.0645714573979721
95	0.065050266114725
95	0.0653977550024402
95	0.0638927999223188
95	0.0646923940088793
95	0.0644379605360764
95	0.065390594636611
95	0.0637845849802372
95	0.0656483916649808
95	0.0654480251033521
95	0.0639737339568202
95	0.0642082646279918
95	0.0635858585858586
95	0.0658688656476267
95	0.0649796787304045
95	0.0651783038657477
95	0.0642864110818457
95	0.0661312710688082
95	0.063773699685694
95	0.065644751903648
95	0.0651252408477842
95	0.0639061287820016
95	0.0647570990402691
95	0.0661935110081112
95	0.0643358015005149
95	0.0643654422972907
95	0.0649363417391732
95	0.0647452811041202
95	0.065111949439028
95	0.0649608251512447
95	0.0647934371469273
95	0.0651022688626536
95	0.0657045009784736
95	0.0644048303622772
95	0.0642659279778393
95	0.0642308813526382
95	0.0644477317554241
95	0.0622416847077347
95	0.0648613669172184
95	0.0654947409427347
95	0.0626171913549788
95	0.0647591122794601
95	0.0640124145288783
95	0.0641782236647979
95	0.0659708546671918
95	0.0645303111719017
95	0.0654178252597688
95	0.0643593233521291
95	0.0654369126174765
95	0.0670118490490889
95	0.0650490703753021
95	0.0658386298578429
95	0.065161923454367
95	0.064840858623242
95	0.0639646278555637
95	0.0637480410494919
95	0.0645098704952224
95	0.0633194430328285
95	0.0656509972937757
95	0.0655006858710562
95	0.0633423180592992
95	0.06360817750218
95	0.0640439158279963
95	0.0656078373163129
95	0.0648988490594737
95	0.0653591566560432
95	0.0649525711432851
95	0.0647485564822583
95	0.0654338549075391
95	0.0646201974777593
95	0.063694884081119
95	0.0651970212556098
95	0.0638141088622519
95	0.0658804796735831
95	0.0648215941816762
95	0.0652468053119519
95	0.0658182163548295
95	0.0656046846310357
96	0.0634983433064636
96	0.0654391639711371
96	0.0634913005863693
96	0.0657444381061038
96	0.0668844221105528
96	0.0646606914212548
96	0.065746476125445
96	0.0665595823712479
96	0.0636376735027136
96	0.0651919132727805
96	0.0646646744721501
96	0.0661503239319986
96	0.0656406726325106
96	0.0646993156336456
96	0.0648899188876014
96	0.0657361768581328
96	0.0641453831041257
96	0.0643232557018178
96	0.0645210571879615
96	0.0657291043287453
96	0.0641524493664571
96	0.0636892438134674
96	0.064779150617778
96	0.0653830726032892
96	0.0656370656370656
96	0.0632161394574478
96	0.0642492693317482
96	0.064096193977939
96	0.0638319059948217
96	0.0646701170795437
96	0.0653447282504321
96	0.0660561184723305
96	0.0645943671731921
96	0.0647457627118644
96	0.0653786856812488
96	0.0630432659439398
96	0.0629011553273428
96	0.0650777722027095
96	0.0632699319996058
96	0.0648963294366671
96	0.0646514684324925
96	0.0648772785991101
96	0.0651139985290512
96	0.0651426863887644
96	0.0639727313145285
96	0.0657957929113438
96	0.0634328358208955
96	0.0647333237147117
96	0.064311683207232
96	0.0648803251542978
96	0.0650787323101455
96	0.064989929753893
96	0.0660840009711095
96	0.0643086816720257
96	0.0652761104441777
96	0.0648162426111539
96	0.065439176059075
96	0.0644649409897848
96	0.0656710609524736
96	0.065960495343363
96	0.0649420773610838
96	0.0651716202320913
96	0.065610311576295
96	0.065272718199511
96	0.0657057654075547
96	0.0672981551279508
96	0.0650848491007011
96	0.064994354719945
96	0.065014403496573
96	0.0640805303216302
96	0.0656083025071928
96	0.0656234718826406
96	0.0640606420927467
96	0.0652930934416715
96	0.0648894604085266
96	0.0650708692635544
96	0.0645065102872478
96	0.0657210861223102
96	0.064506495445722
96	0.0640289942615524
96	0.0653247064462018
96	0.0639797753901502
96	0.064464181143861
96	0.0650285430627947
96	0.0636830447039871
96	0.063796781074268
96	0.0651866308855819
96	0.0636139832594781
96	0.0639851918555205
96	0.0656744277433933
96	0.064949494949495
96	0.064108219379503
96	0.0623422023693921
96	0.0648457359318148
96	0.0653223798854867
96	0.0641163267297746
96	0.0641721597518418
96	0.0653916739109437
96	0.0647856861974046
96	0.0645723413524372
97	0.0651990259901605
97	0.0648372876318788
97	0.0654486358711711
97	0.065239852398524
97	0.0640345220971182
97	0.0653367316929713
97	0.063887436421543
97	0.0652238217314139
97	0.063646817659117
97	0.0654450261780105
97	0.0648419203747073
97	0.0653925051283334
97	0.0645161290322581
97	0.0665104014063873
97	0.0659672390755679
97	0.0659308458683337
97	0.0642178910544728
97	0.064843598212551
97	0.0641870454434519
97	0.0645408407545724
97	0.065089923626509
97	0.0657849281942457
97	0.064288533649102
97	0.0641468998100433
97	0.06396879570941
97	0.0654306986834969
97	0.0652968487602489
97	0.0632954270505686
97	0.0661361277247788
97	0.0647360278476117
97	0.064650981917169
97	0.0663178801530785
97	0.0636511777196188
97	0.0657046513934345
97	0.0660167937457774
97	0.0644486599542779
97	0.0655417584618466
97	0.0656732356081934
97	0.0636643610844651
97	0.06450002496131
97	0.0669891172914148
97	0.0637777560403013
97	0.0646010918494397
97	0.0646296748961134
97	0.0637206549615309
97	0.0645814256108728
97	0.0661260739453615
97	0.0644967751612419
97	0.0640396482192313
97	0.0645403941627802
97	0.065825156550466
97	0.0629145629145629
97	0.0641662442980233
97	0.0649904425819732
97	0.0656054745611425
97	0.0632973025611062
97	0.0642156376969577
97	0.0651091724579822
97	0.0643950472847811
97	0.0640894724045709
97	0.065737655255983
97	0.065658575407879
97	0.0656726666339693
97	0.065196362932869
97	0.0648914419238633
97	0.0640427933454385
97	0.0645544554455446
97	0.0637223350002476
97	0.065806137359961
97	0.0657429098340228
97	0.06482616584122
97	0.0666566581594355
97	0.0637506727334997
97	0.0646725166044505
97	0.0635609948677458
97	0.065707909744607
97	0.064670369475972
97	0.0645684779936071
97	0.0654079230730706
97	0.064577910916859
97	0.0646001179013559
97	0.0640403743446519
97	0.0637827752135913
97	0.0654288677102365
97	0.0637047367634607
97	0.0648624579457748
97	0.0647716229348882
97	0.0652546943177918
97	0.0639937945411354
97	0.0656106385059157
97	0.0642242879156932
97	0.0642881850076592
97	0.0664759503491078
97	0.0648653874039345
97	0.0646426994948256
97	0.0630203291384318
97	0.0658880346934753
97	0.0642832921571477
97	0.0656007994004497
97	0.064383762395584
98	0.0659389509038822
98	0.0639546159813809
98	0.066980198019802
98	0.0647845468053492
98	0.064688050068453
98	0.0639012345679012
98	0.0659547738693467
98	0.0645083236546651
98	0.0643049672699268
98	0.064435881176528
98	0.0654959890432401
98	0.0647118301314459
98	0.0644676206645646
98	0.0655284713312938
98	0.0645661657779932
98	0.0648914419238633
98	0.0644459485592729
98	0.0638036809815951
98	0.0640907548358947
98	0.0637821151165106
98	0.065521472392638
98	0.065513652807374
98	0.0649370051292266
98	0.0633630398589756
98	0.0647188977169868
98	0.0635158789697424
98	0.0637704839252247
98	0.0642088026596536
98	0.0646092145162868
98	0.0658149823532336
98	0.0645035183737295
98	0.0636185819070905
98	0.0642717374943555
98	0.0637908884277102
98	0.0647357773720827
98	0.0645946080135048
98	0.0653881366549414
98	0.0653748287336074
98	0.0642060936338865
98	0.0646655823352556
98	0.0654489348994625
98	0.0655110757921923
98	0.0645337301587302
98	0.0637238146393867
98	0.0646278701504355
98	0.0657731447009183
98	0.0650449497620307
98	0.0641947157091161
98	0.0644722127680264
98	0.0659854851031322
98	0.0625339054100705
98	0.0645176741067152
98	0.0641470688896494
98	0.0657505910165485
98	0.0635992541450386
98	0.0642302878598248
98	0.0661144801064931
98	0.0651495955559887
98	0.064215229024498
98	0.0655786794430304
98	0.0642171309059796
98	0.0663026521060842
98	0.0651615716292815
98	0.0661250061181538
98	0.0661465233819128
98	0.0650944300642316
98	0.0661073825503356
98	0.0652045050385299
98	0.0643026471750296
98	0.0643446021757159
98	0.0646185405880629
98	0.0630284770142871
98	0.0646026328620185
98	0.0655091917128684
98	0.0646175839885633
98	0.0663434423390887
98	0.0637799882972499
98	0.0633743217006024
98	0.0647435897435897
98	0.0656114006981971
98	0.0647211223542064
98	0.0640975032073424
98	0.0641870454434519
98	0.0636829652996845
98	0.0647457294325545
98	0.0656329237370782
98	0.0632222977566281
98	0.0655073030140198
98	0.063710029598719
98	0.0649087221095335
98	0.0654646189735614
98	0.0656118665018541
98	0.0657617484196599
98	0.064872325741891
98	0.0633093525179856
98	0.0657837498187443
98	0.0644527412065239
98	0.0650919405320814
98	0.0659517935092048
98	0.06525780256335
99	0.0654372110939908
99	0.0652397511877357
99	0.0647520084668302
99	0.0643764293708335
99	0.0652718432297038
99	0.0655325443786982
99	0.0647297689258436
99	0.064745712449958
99	0.0632603406326034
99	0.065959432247925
99	0.0647731208867336
99	0.0651478429471643
99	0.0651388360593382
99	0.0650216576629192
99	0.0637913349289308
99	0.0648019541165765
99	0.0643522438611346
99	0.0659610295886457
99	0.0664267652207742
99	0.0656867908268301
99	0.063678423959007
99	0.0652737752161383
99	0.0639002158791077
99	0.0643774727690128
99	0.0654041292007836
99	0.0646754008603833
99	0.0640070574397177
99	0.0654974237019421
99	0.0652375604277553
99	0.0662182879185006
99	0.0650558535505142
99	0.0666899965005249
99	0.0646131099063578
99	0.065623148331029
99	0.0643463989187102
99	0.0636196714803236
99	0.0647641579180837
99	0.0638508333745487
99	0.0654414624659665
99	0.0644207464857004
99	0.0634194341943419
99	0.0647545830869308
99	0.0646589471635691
99	0.0641804832984879
99	0.0656267077351085
99	0.0661063599724762
99	0.0655769230769231
99	0.0642544924720738
99	0.0644259077526987
99	0.0653807615230461
99	0.0644357596482658
99	0.0650095602294455
99	0.064371403491661
99	0.0660526836997425
99	0.0657211538461538
99	0.0636733113992646
99	0.0653395092145462
99	0.0636345985826619
99	0.0648269184216897
99	0.0648711829737496
99	0.0646147964060409
99	0.0640322345744939
99	0.0653872118815701
99	0.0651535902954412
99	0.0656378104653967
99	0.066079295154185
99	0.0647010647010647
99	0.0652864660907556
99	0.0644151088841781
99	0.0656478797110707
99	0.0641819941916747
99	0.0645851154833191
99	0.0646456918810366
99	0.0646524195529354
99	0.0660445427870508
99	0.0640596985996027
99	0.0647188804321139
99	0.0653268788812283
99	0.0642224654263257
99	0.0652163309106873
99	0.0631044487427466
99	0.0657337143983443
99	0.063536701620591
99	0.0641001054751175
99	0.0652800156242371
99	0.0654349499615089
99	0.0654714738510301
99	0.064722410619126
99	0.0658420368676902
99	0.0652131115267251
99	0.0651624197626921
99	0.0648643392006224
99	0.0653055243491428
99	0.0654338549075391
99	0.0652215431627196
99	0.0668243642814902
99	0.0650279873448528
99	0.0648403626330311
99	0.065667927056909
99	0.0644422168122583
100	0.0651987705950521
100	0.0655367774150182
100	0.0653485254691689
100	0.0647735618115055
100	0.0657599688017939
100	0.0662662090007628
100	0.064799613713182
100	0.064719694746111
100	0.0641187312057426
100	0.0647153993234299
100	0.0657725428090666
100	0.0626737550602351
100	0.0639235855988244
100	0.0647907647907648
100	0.0641990698566429
100	0.0643731328900453
100	0.0642781875658588
100	0.0664807748752568
100	0.0650065900960271
100	0.0645767119329674
100	0.0643695380774032
100	0.0639484146223213
100	0.0644301689269569
100	0.0655761576545966
100	0.0644386824162105
100	0.06393671012041
100	0.064418819637036
100	0.0657836860368506
100	0.0639938688508885
100	0.0645486394394587
100	0.0636234510456972
100	0.066218389124397
100	0.0642321016166282
100	0.0647482014388489
100	0.0637814337236303
100	0.0641556094545109
100	0.0647024841132293
100	0.0652881485736167
100	0.0658122119815668
100	0.0651531050271869
100	0.0638163334792548
100	0.0643642850064414
100	0.0655895828309621
100	0.0645480156180497
100	0.064178887759547
100	0.0640731147060261
100	0.0653974712977765
100	0.0649426689436448
100	0.0642219825473086
100	0.0652299681805033
100	0.0658330450254535
100	0.0656786962729555
100	0.065603532875368
100	0.0651626646010844
100	0.0651104417670683
100	0.0650762349093358
100	0.065445277938065
100	0.0635226654802511
100	0.0642550702028081
100	0.0640692640692641
100	0.0641483583696237
100	0.065410252721431
100	0.0654242084207445
100	0.0640614990390775
100	0.0657683514131439
100	0.0650203341662992
100	0.0639429882364426
100	0.0656421838177533
100	0.066071685619692
100	0.0650574602106073
100	0.0643535284330038
100	0.0649381654968247
100	0.0643207383905394
100	0.0625365283459965
100	0.0650298931686759
100	0.0653259025926823
100	0.0656051894441987
100	0.0661287998847428
100	0.0650022159846358
100	0.064936327403519
100	0.0643289234249742
100	0.0652610934052464
100	0.0657996894409938
100	0.0636880742865477
100	0.0648349569658564
100	0.0649068622719815
100	0.0643633727953612
100	0.063819461295802
100	0.0643055955465976
100	0.065091395452519
100	0.0644595910418695
100	0.0652920962199313
100	0.0643083725848313
100	0.0630019454282436
100	0.0655167271461948
100	0.0650307938509287
100	0.0653224625299028
100	0.0639877270252883
100	0.065342697989828
100	0.0651613217188184
101	0.0656067426491715
101	0.0653086836897234
101	0.0658653376331477
101	0.0643283294842186
101	0.0648028602641772
101	0.0653283265934912
101	0.0635133838626115
101	0.0647104547221143
101	0.0651562127355116
101	0.0650815941116653
101	0.0654458977407848
101	0.0645238666346846
101	0.0637478951166707
101	0.0649074476825673
101	0.0653211184273308
101	0.0642129992169146
101	0.0640189399429869
101	0.0652769622235271
101	0.0639583849393114
101	0.0650171224617759
101	0.0668134018097334
101	0.0665758224644734
101	0.0642928738485037
101	0.0650041890493322
101	0.066156914893617
101	0.0641305426049003
101	0.0647890031721619
101	0.0635818908122503
101	0.0637826664698066
101	0.065166908563135
101	0.0640721174817041
101	0.0653957528957529
101	0.0645855244287217
101	0.0648993191366073
101	0.0654515327257664
101	0.0652440519990189
101	0.0651821265300103
101	0.0649524375743163
101	0.0661209374847732
101	0.0664537050481584
101	0.0646436737804878
101	0.0652793201680266
101	0.0645240311596688
101	0.0655843191605207
101	0.0651708870205462
101	0.0645399134880063
101	0.0654044750430293
101	0.0645656449369214
101	0.0645333592308439
101	0.0645534251854707
101	0.0641031928981314
101	0.0665533155210104
101	0.0654793852159063
101	0.064002359533992
101	0.0642885143081145
101	0.0646258503401361
101	0.0641199226305609
101	0.0647432762836186
101	0.065507420176885
101	0.0652436374172985
101	0.0657907686251353
101	0.0645177189610134
101	0.0639549011031735
101	0.0645008299739151
101	0.0646106547533266
101	0.0646129619605334
101	0.0656080031080031
101	0.0647888684897091
101	0.0641535707181221
101	0.0643796056562438
101	0.0657555194494887
101	0.0658353638144379
101	0.0638441508342174
101	0.0653278728968274
101	0.0654310724240794
101	0.0646706586826347
101	0.0631005448241704
101	0.0656326839417439
101	0.0640774846128155
101	0.0635415651495956
101	0.0638544891640867
101	0.0652801848642403
101	0.0662351567062488
101	0.0662934590453742
101	0.063541512139643
101	0.0648754274548119
101	0.0652751606513021
101	0.0635622025832767
101	0.0628868531814806
101	0.0642603492727538
101	0.0651677754576798
101	0.0646221786064769
101	0.0633408622213493
101	0.0651722090261283
101	0.0660259921326495
101	0.0644322308371773
101	0.0643382352941176
101	0.0642444658325313
101	0.0644653337786897
101	0.0646044478601278
102	0.0650827446046647
102	0.0655019755319655
102	0.0655349197136777
102	0.0646121780556796
102	0.0651196519216824
102	0.0653152063476704
102	0.0645145724763559
102	0.0641729414622298
102	0.0641890252777643
102	0.065379468552858
102	0.0628387777617883
102	0.0641819941916747
102	0.0642737896494157
102	0.0644248133144614
102	0.0643622775100797
102	0.0653566440302461
102	0.0646135854205243
102	0.0652444274370994
102	0.0625030783628035
102	0.0651553965875586
102	0.0640987654320988
102	0.063116946267931
102	0.0646894904458599
102	0.0656634746922025
102	0.0633585246447075
102	0.0637217688365914
102	0.0645848822800496
102	0.06460728902748
102	0.0645100085380894
102	0.0639517788885622
102	0.0651755651755652
102	0.0656577865880191
102	0.0652024708304736
102	0.0644789867587795
102	0.0656585365853659
102	0.0620493451709423
102	0.0651025555608433
102	0.0647599005165487
102	0.0657766990291262
102	0.0644120855665702
102	0.0653118362618266
102	0.0639659890539484
102	0.065697309308729
102	0.065188729918453
102	0.0638737915444183
102	0.0649770036207065
102	0.0636955139181058
102	0.064403957292585
102	0.0653525471107041
102	0.0643422522216287
102	0.0646583394562821
102	0.065381635025184
102	0.0666008880118402
102	0.0652553893959992
102	0.0648020858023228
102	0.0642143727161998
102	0.0645207507521849
102	0.0662181131710151
102	0.063964352450769
102	0.0649735045591254
102	0.0653827401267674
102	0.0643181598530975
102	0.0660158515368258
102	0.0636464837132762
102	0.0651479976784678
102	0.0653268788812283
102	0.0654196596442173
102	0.066613916225706
102	0.0647588139843635
102	0.0648157248157248
102	0.0648209706524836
102	0.0653183665569963
102	0.0655042412818096
102	0.0650390719798088
102	0.0649928334898433
102	0.0656357717349674
102	0.0633166322821495
102	0.0650490196078431
102	0.0667770688227558
102	0.0640864781391758
102	0.0647561443932412
102	0.0646276468046286
102	0.0632335680751174
102	0.0650064528464223
102	0.0645968216597999
102	0.0638579255620631
102	0.0643350604490501
102	0.0647250743690625
102	0.0651440686132794
102	0.0643277699382025
102	0.0650461183704842
102	0.0645443925233645
102	0.0653422690282432
102	0.0645099264529155
102	0.0658745152630009
102	0.0657564646854496
102	0.0649195665664232
102	0.065199067876444
102	0.0651377914819811
102	0.064888041924726
103	0.0637814313346228
103	0.0652950835506616
103	0.0635385649793488
103	0.0654369784804567
103	0.064268952636368
103	0.0639174258577244
103	0.0647728368862737
103	0.0651523919753086
103	0.0648005396030064
103	0.0646225963838133
103	0.0652443680794196
103	0.0654994147483418
103	0.0647489077610328
103	0.0650629021415538
103	0.0635013391770149
103	0.0641607884819789
103	0.0644819787305712
103	0.0645904314026585
103	0.0638655462184874
103	0.0646497125596804
103	0.0656359393232205
103	0.0652551364907881
103	0.0654200947394665
103	0.0658679753656659
103	0.0645176787086856
103	0.0657215873475095
103	0.0642051383988471
103	0.0653658536585366
103	0.0646545489609951
103	0.0651711924439197
103	0.0641933726286592
103	0.0654893303899926
103	0.0634989618040465
103	0.0650159281783956
103	0.064192914329546
103	0.065796470872613
103	0.0654839174960335
103	0.0640196835198765
103	0.064398308342945
103	0.0651843125705591
103	0.0651810850789712
103	0.0650729141764284
103	0.064789800464477
103	0.0653840447104209
103	0.0652329749103943
103	0.0638950091004886
103	0.063915547024952
103	0.0631813556858375
103	0.0654682433721152
103	0.0631872159507404
103	0.0643079013783731
103	0.0657939067237811
103	0.0651224606037593
103	0.0653477798200638
103	0.0656719300787097
103	0.063905610402119
103	0.0656762705082033
103	0.0640962185705801
103	0.0637890394814378
103	0.065630479078804
103	0.0650386729581165
103	0.0629816896568652
103	0.0644516977639207
103	0.0648302066017573
103	0.0642836271549625
103	0.0649911643432162
103	0.0645440554059254
103	0.0646268229911353
103	0.0646533186792182
103	0.0642832921571477
103	0.0647637323099065
103	0.0651131568853088
103	0.0646889765697306
103	0.0658549548243707
103	0.0649237893112097
103	0.065794708573702
103	0.0640533048003502
103	0.0660115775648198
103	0.0637870896841703
103	0.0654687349455632
103	0.0642316773478533
103	0.0644007155635063
103	0.0655226209048362
103	0.065067002080209
103	0.0667532342615303
103	0.0643743284165283
103	0.0641792508334968
103	0.0630428557793261
103	0.065602154674875
103	0.065673828125
103	0.0646494394831845
103	0.0652614912671318
103	0.0655458089668616
103	0.0647286821705426
103	0.0647405029427501
103	0.0654773384763742
103	0.0624878238846678
103	0.0642983674055633
103	0.0635857408024368
103	0.0652915862887669
104	0.0649588289112534
104	0.0644660947118414
104	0.0639698516433717
104	0.0641671969066615
104	0.0652600354050046
104	0.0646939367565999
104	0.0650941583397387
104	0.0649375508446188
104	0.0641611397690985
104	0.0642373613711652
104	0.0639357740484596
104	0.0652319144874976
104	0.0655179034270903
104	0.0651083515948381
104	0.0640375227337992
104	0.0662602202372513
104	0.0640716832064746
104	0.0649599693178005
104	0.0641173641173641
104	0.0650956716490579
104	0.0643838323945054
104	0.0643439440993789
104	0.0648548787009578
104	0.0654547203385755
104	0.0661503239319986
104	0.0652745257323075
104	0.0646448523543496
104	0.065098338016096
104	0.0660745656841694
104	0.0650446145594617
104	0.0648242424242424
104	0.064857742423503
104	0.0648739495798319
104	0.0647649888089909
104	0.0635690947530271
104	0.0657876013850021
104	0.0648090913413532
104	0.0643732970027248
104	0.0648747065305927
104	0.0646578782172002
104	0.0656852742554535
104	0.0654000381898033
104	0.0651339202097771
104	0.0651070617236213
104	0.0639384968006876
104	0.0621167956578551
104	0.0649609166383454
104	0.0645239246012567
104	0.0636115238962658
104	0.0649910407283646
104	0.0642037476395681
104	0.064530397601612
104	0.0662520928007654
104	0.065140262074838
104	0.0649331783846601
104	0.0653145576008074
104	0.0648074119362272
104	0.0653560795803601
104	0.0655611631819274
104	0.064932534463442
104	0.0649011743101532
104	0.0633067297270667
104	0.0652745327102804
104	0.0651194015536588
104	0.0616481852376533
104	0.0644432697390552
104	0.0646227102667509
104	0.0655878973573343
104	0.0642808518914714
104	0.0642846893384991
104	0.0636120996441281
104	0.0651787002741835
104	0.0648201027984009
104	0.0645610998942409
104	0.0646057828270515
104	0.0635240011497557
104	0.0641869337148307
104	0.0658464566929134
104	0.0652468538238141
104	0.0653811099918453
104	0.0642633228840125
104	0.0639273769708552
104	0.0645052995060189
104	0.0660916755499564
104	0.0632818248712288
104	0.0653215757691939
104	0.0649226656482719
104	0.0650585870471148
104	0.0643928537307729
104	0.0644276253547777
104	0.0656779661016949
104	0.0646011222249329
104	0.0651933701657459
104	0.0655598763585602
104	0.0661926942878156
104	0.0643409335551424
104	0.0641031834210908
104	0.0656852742554535
104	0.0655996060083723
104	0.0654045569138563
105	0.0646165456089048
105	0.0651600753295669
105	0.0657096059350612
105	0.0654187384225407
105	0.0639893032806456
105	0.0648406662173871
105	0.0652932622394571
105	0.0655491497504966
105	0.0645931823836775
105	0.0643468393929365
105	0.0648494390867939
105	0.0652600354050046
105	0.0640876478572814
105	0.0644519217098716
105	0.0640533538048172
105	0.0649382235626034
105	0.0647739935080665
105	0.0652892958151575
105	0.0655093827280221
105	0.0651897242517087
105	0.0647999611103009
105	0.0647443920284972
105	0.0654012493993272
105	0.0633154259401381
105	0.0652132430111631
105	0.0653462483735724
105	0.0647011038371482
105	0.0651713515594917
105	0.0646299032457938
105	0.0644218118025437
105	0.0654564413688501
105	0.0648908763913868
105	0.0652152545704738
105	0.0655824218000384
105	0.0643357323477923
105	0.0638886193848841
105	0.0654528030666028
105	0.0660341192256086
105	0.0641626031960604
105	0.0638123675592371
105	0.0633826577336482
105	0.0650884744141559
105	0.0639429882364426
105	0.0649810964083176
105	0.0655346891116085
105	0.0652953387431591
105	0.0645269461077844
105	0.0648773894574242
105	0.0639906922629436
105	0.0652131018153118
105	0.0637935922880635
105	0.0639251979772922
105	0.0637306694841994
105	0.0648685228151585
105	0.0646671543525969
105	0.0659230659230659
105	0.0648076175670424
105	0.0653857464954416
105	0.0660395286963132
105	0.0654585445156355
105	0.0655307369224895
105	0.0647822690880687
105	0.0658310209549325
105	0.0635368523473607
105	0.0644190821832768
105	0.06414336777163
105	0.063878363936656
105	0.0641626794258373
105	0.0654187288675454
105	0.0640019147917664
105	0.065056206649127
105	0.0637917712961174
105	0.0656344665095927
105	0.0654350996596986
105	0.0648175182481752
105	0.0654173764906303
105	0.064741181636337
105	0.0636240669305145
105	0.0649890172858371
105	0.0643218501565888
105	0.0641890252777643
105	0.0657394484816401
105	0.0649233543733093
105	0.0654868110141293
105	0.0644089025917718
105	0.0651194015536588
105	0.0647771317829457
105	0.0650817094668636
105	0.0642950234107255
105	0.0638225421997373
105	0.0647201483665414
105	0.064177197217095
105	0.0648569262838734
105	0.0637134128313787
105	0.0632230421328255
105	0.0645771675319004
105	0.064961759082218
105	0.0640414996463098
105	0.0636494252873563
105	0.0651883643299952
106	0.0645017793594306
106	0.0653935459413354
106	0.065259025184334
106	0.065224609838243
106	0.0651859703218347
106	0.0648567119155355
106	0.0654828508878618
106	0.0642459429876743
106	0.0650657301504437
106	0.0645316638574524
106	0.0648960518786954
106	0.0648524301306838
106	0.065415726109857
106	0.0644445516376441
106	0.0651495955559887
106	0.063582443653618
106	0.0640209125475285
106	0.065342977814457
106	0.0639321614025058
106	0.0654023480203432
106	0.0630887396744119
106	0.0657106991116261
106	0.0630108344421213
106	0.066593047820242
106	0.0645376549094376
106	0.0647588917649315
106	0.0643836294353442
106	0.0650016777719189
106	0.0657781599312124
106	0.0642232683254876
106	0.0654309099662976
106	0.0666666666666667
106	0.0665694140530027
106	0.0652132338879327
106	0.0650026502192454
106	0.0649953574744661
106	0.0652745257323075
106	0.0653088868463064
106	0.064983503084206
106	0.0648785618665137
106	0.0638746466050122
106	0.0650422289098146
106	0.0643952136094959
106	0.0634405429330186
106	0.0644240376837798
106	0.0653663177925785
106	0.0633339687380862
106	0.0648993191366073
106	0.0663620010695707
106	0.0644671255637313
106	0.0656234954260953
106	0.0646410485552577
106	0.065448425102188
106	0.0662836728782466
106	0.0649619253548933
106	0.0642500958956655
106	0.0641829041417801
106	0.0654496670020603
106	0.0645533695704459
106	0.0649766065119832
106	0.0651792072157607
106	0.0651590106007067
106	0.0647962917784826
106	0.0656095432062846
106	0.0649587860621956
106	0.0639855485833809
106	0.0648303661404098
106	0.0655297107114934
106	0.0644795822865869
106	0.0655239960822723
106	0.0647526840490798
106	0.0654962862930452
106	0.0656387042014429
106	0.0639454484764675
106	0.0642679663608563
106	0.065319273579379
106	0.0644069459432944
106	0.0652498674762662
106	0.0658109014273398
106	0.064896472392638
106	0.0654744873628994
106	0.0660632197526184
106	0.0656054027978775
106	0.065236945509634
106	0.0638611507370423
106	0.0643280353616101
106	0.0635079683175876
106	0.064633436772692
106	0.0634463889806123
106	0.0650104702075005
106	0.063821569952689
106	0.0655480558988497
106	0.0648130664652568
106	0.0637909501393025
106	0.0651488271239898
106	0.064917526767628
106	0.0638082864154757
106	0.0654580152671756
106	0.0650613002491086
106	0.0647320361428503
107	0.0641075227228776
107	0.0644701954237455
107	0.0640258383205092
107	0.0644794773469678
107	0.0637046248027165
107	0.0650893242013506
107	0.0659809451580794
107	0.06494482272834
107	0.064910541471935
107	0.0633742506423066
107	0.065507768093975
107	0.0647940966436563
107	0.0631378485277602
107	0.0635468912652598
107	0.0643136160714286
107	0.0649400664323882
107	0.0632947976878613
107	0.064811639641405
107	0.0649029126213592
107	0.0650890391391296
107	0.0643246634174589
107	0.0657800997387794
107	0.065071408304171
107	0.0645565351447704
107	0.0649121972112502
107	0.0645390070921986
107	0.0661381977938016
107	0.0643362023368755
107	0.0635877491492465
107	0.0648229441030143
107	0.0648178768838286
107	0.0652246733980954
107	0.0649938101133225
107	0.0656749258586052
107	0.0653541416566627
107	0.06474444233327
107	0.0641192647271675
107	0.0655226209048362
107	0.0642994715788434
107	0.0638868919242751
107	0.065326149701751
107	0.0637579102631203
107	0.0636780935638246
107	0.0652725271570082
107	0.0661592225573268
107	0.0653924517318327
107	0.0653563591260376
107	0.0655831466564987
107	0.0629184049674978
107	0.0645839304480749
107	0.064708952037573
107	0.0642928738485037
107	0.0650630343428489
107	0.0625595578425767
107	0.0637617524936763
107	0.0630747749049063
107	0.0642462130319788
107	0.0651924181504882
107	0.0644059758121888
107	0.0640661938534279
107	0.065704211930627
107	0.0658050466316338
107	0.0653736671973754
107	0.0656303133349526
107	0.0643907064959697
107	0.0650901651044393
107	0.0636074730354391
107	0.0657964452579356
107	0.0633926824496185
107	0.0650959436482876
107	0.0640452643590719
107	0.0648161396480183
107	0.0640859596104955
107	0.0648615500731167
107	0.0635401635401635
107	0.0636389933468325
107	0.0666954975733987
107	0.0642591355786662
107	0.0648980174012266
107	0.0664087061668682
107	0.0653242123518643
107	0.0637978604966359
107	0.0656234954260953
107	0.0651989039024851
107	0.0649867374005305
107	0.0648572102902997
107	0.0648165658093797
107	0.0632946896035901
107	0.0642909090909091
107	0.0650098354363575
107	0.0649210229409553
107	0.0659120217796246
107	0.0653623188405797
107	0.0652967159592856
107	0.0654250699604362
107	0.064879771638686
107	0.0643115942028985
107	0.0661926123890427
107	0.064332880170907
107	0.0662254831439121
108	0.0651151631477927
108	0.0651523071805351
108	0.0650276060591761
108	0.0644899517876748
108	0.0658569631278428
108	0.065734331591091
108	0.0646312641682342
108	0.064064448067517
108	0.0639943074003795
108	0.0640914768905544
108	0.0623642419269199
108	0.0631192835365854
108	0.0652538716018603
108	0.0651513713580716
108	0.0650293184658272
108	0.0646127513906718
108	0.0648968949988149
108	0.0649869929665671
108	0.0643122497225841
108	0.0648625012146536
108	0.0627452880469015
108	0.0648956173762114
108	0.0650554069545281
108	0.0657969639468691
108	0.0631208409682708
108	0.0646580266767572
108	0.0648705455240279
108	0.0653502126203627
108	0.063787791257462
108	0.0652194431335536
108	0.064036130259092
108	0.0634920634920635
108	0.0648344902488549
108	0.0648432993655066
108	0.0636559139784946
108	0.0654790107078556
108	0.0651867683489581
108	0.0651335454633112
108	0.0650213343677269
108	0.0637993515163075
108	0.064509954058193
108	0.0645536493166618
108	0.0650663894532911
108	0.0647492274780128
108	0.0644260400616333
108	0.0654276864426972
108	0.0635035440474468
108	0.0652730169458794
108	0.0642312518096709
108	0.065273904617857
108	0.0642535252216892
108	0.066489099339055
108	0.0663471478244526
108	0.0647239853818042
108	0.0641743961580112
108	0.0651156124593923
108	0.065831165760227
108	0.062855740922473
108	0.0631558771383392
108	0.0641150658215505
108	0.0640679274411424
108	0.0645952575633688
108	0.064392839864538
108	0.0635206134330478
108	0.0650929561474053
108	0.0651326423885138
108	0.0652401331431289
108	0.0635501736600019
108	0.0657800657800658
108	0.0645438077986462
108	0.0642438117041065
108	0.0646715820924293
108	0.0638775998087497
108	0.0643993149009053
108	0.0651140908021642
108	0.0640571123306299
108	0.0649938101133225
108	0.0649509803921569
108	0.0650727851152029
108	0.065231006407477
108	0.0650128314798974
108	0.064729257432853
108	0.0656851104250772
108	0.064461937218009
108	0.0655407350542174
108	0.0652018832929091
108	0.0641406286818417
108	0.0650462170489558
108	0.0650030953854945
108	0.065082444228904
108	0.0660886867538374
108	0.0651534258091635
108	0.0656127248921003
108	0.0651180323234227
108	0.0642700486316392
108	0.0650206949658292
108	0.0640545472006146
108	0.0644085813683804
108	0.063088284983347
108	0.0641296012269939
109	0.0654277229619695
109	0.0654228020528562
109	0.0647299393597518
109	0.063376305636586
109	0.0644247118836199
109	0.0657457269960197
109	0.0655299231026413
109	0.0655776854372642
109	0.064361880170229
109	0.0640812738106867
109	0.0652956785443518
109	0.0645254769379377
109	0.0649363133862052
109	0.0640100711761003
109	0.064145685181626
109	0.0641787497028762
109	0.0641634980988593
109	0.0658651332984841
109	0.0649319760251166
109	0.0657421674370827
109	0.0635200916292832
109	0.0643197583879949
109	0.0655538411184364
109	0.0643733942335141
109	0.0642398286937901
109	0.0628319423368741
109	0.0648796393977175
109	0.0649095011762447
109	0.0657413485885773
109	0.0647123105430703
109	0.0626540769338109
109	0.064413295204163
109	0.0651525358483303
109	0.0644898350594553
109	0.064663153396952
109	0.0651242502142245
109	0.0653666444168971
109	0.0649306565803511
109	0.0638428483732351
109	0.0646927214737944
109	0.0647915862601312
109	0.0654571159283695
109	0.064992404101785
109	0.0654179083297857
109	0.0654418537011004
109	0.0651646941394553
109	0.0658490566037736
109	0.064198353400276
109	0.0631543559696475
109	0.0663619918118633
109	0.0637153694723196
109	0.0648820964793024
109	0.0639981051634297
109	0.063961161387632
109	0.0649375417183179
109	0.0645940950665845
109	0.0636165989223934
109	0.0654744736083069
109	0.0646758922068463
109	0.0642850365309802
109	0.0650522317188984
109	0.0651322926001038
109	0.0655590267916312
109	0.063982507011456
109	0.0649869265509865
109	0.0652277947932619
109	0.0650371435418164
109	0.0653159535279116
109	0.0649769803977408
109	0.0643590107343831
109	0.0658097438860004
109	0.065783812210164
109	0.0655398247134739
109	0.0647669622113698
109	0.0645408407545724
109	0.0656592224188226
109	0.0645660430440287
109	0.0640596615355196
109	0.0650234741784038
109	0.0639845820284269
109	0.0649338284299724
109	0.0655178943381935
109	0.0634829029000144
109	0.0659896101464876
109	0.0656798819665889
109	0.0652204735573515
109	0.0643008067614291
109	0.0650907678866129
109	0.0643098909364423
109	0.0655635789775716
109	0.0651237890204521
109	0.0653136183838764
109	0.063277054811088
109	0.064941110749034
109	0.0641843633939625
109	0.0632774217866566
109	0.0651529636711281
109	0.0646307500240084
109	0.0647362684232975
109	0.0658619024625785
110	0.0651673787501761
110	0.0651405085069776
110	0.0650367682169802
110	0.0649874294388312
110	0.0649181547619048
110	0.0651988231944576
110	0.0642458100558659
110	0.0651441407712467
110	0.0638992537313433
110	0.0639168469570125
110	0.0639438356814193
110	0.0654534923010088
110	0.0635407537248028
110	0.0659630606860158
110	0.0643082211400745
110	0.0636083269082498
110	0.0652173913043478
110	0.064081826831589
110	0.063902205177373
110	0.0645694582211516
110	0.0643176464932942
110	0.0648505303760849
110	0.0642556850754825
110	0.0648012478139623
110	0.0646602398307077
110	0.065759854399157
110	0.0641966959714037
110	0.0649468313385151
110	0.0651726167124363
110	0.0647190383002516
110	0.0643235108500413
110	0.0647769473040944
110	0.0649863494539782
110	0.0648501622447032
110	0.0638308007431048
110	0.0638369143896253
110	0.0652581032412965
110	0.0650706248503711
110	0.0635016772269847
110	0.0639025329866127
110	0.0632264287436701
110	0.0650122167393283
110	0.0631317947739844
110	0.0644579456996393
110	0.0639183055975794
110	0.0659922928709056
110	0.0642109789307725
110	0.0642924528301887
110	0.064262797490782
110	0.06423420411672
110	0.0657261331681045
110	0.065432040440308
110	0.0641400770981376
110	0.064243051309787
110	0.0651842681649367
110	0.0640793363211595
110	0.064317805627808
110	0.0638740485083448
110	0.0646628528556691
110	0.0659596728171961
110	0.0637158161826896
110	0.0641145201902453
110	0.0649897138582383
110	0.0647211788500433
110	0.065059677041891
110	0.0639065204847086
110	0.0637325749452189
110	0.0637416035443762
110	0.0647693817468106
110	0.0652781795390994
110	0.0633979365538521
110	0.0642895208565476
110	0.064793093741203
110	0.0644828717371948
110	0.0656136087484812
110	0.0642493940977997
110	0.065031374786081
110	0.0648476920201831
110	0.0630499223639016
110	0.0647222756102249
110	0.0648522624542037
110	0.065413073189123
110	0.0638317844738571
110	0.0647660958576485
110	0.0648773715872281
110	0.0657485142911046
110	0.0649524446781054
110	0.0642937466386349
110	0.0646420411271896
110	0.064175232971467
110	0.0654357734164264
110	0.0660146699266504
110	0.0640661938534279
110	0.064427788988181
110	0.0636858291932813
110	0.0646396711970482
110	0.0639642636506202
110	0.0647658610271903
110	0.0652132791071598
110	0.064234131508932
111	0.0643578506097561
111	0.0648301280536786
111	0.0655229142185664
111	0.0648586597790214
111	0.0650387524512093
111	0.064210866454323
111	0.0647153206593086
111	0.0650876271429254
111	0.0639247259676011
111	0.0640941792020929
111	0.0634575373557783
111	0.0643706830391404
111	0.0643000046526776
111	0.0650108194562047
111	0.0635449934247605
111	0.0642197489936064
111	0.0647109577221743
111	0.0647005574348468
111	0.0643595592874824
111	0.0646005903075312
111	0.0641110689916603
111	0.0635434252485462
111	0.063255857898715
111	0.0642738293320656
111	0.0640718281389555
111	0.0643333333333333
111	0.0647769287650974
111	0.065612685752267
111	0.0646060777919561
111	0.0648293588462088
111	0.0656046752757093
111	0.0646529381273267
111	0.0640665873959572
111	0.0649102354861273
111	0.065879035394788
111	0.0643596986817326
111	0.0658579683843546
111	0.0642921252775285
111	0.064620663362562
111	0.064310683330939
111	0.0641785515836266
111	0.0635927737685862
111	0.0650502382187839
111	0.0657716824415685
111	0.0643117227029839
111	0.0643199233716475
111	0.0642597203600843
111	0.0639393505936204
111	0.0653219837157661
111	0.0663049169403589
111	0.0643564356435644
111	0.0639138409443634
111	0.0655868920382316
111	0.0641177305635736
111	0.0654004491017964
111	0.0646192917274138
111	0.0649605357569959
111	0.0642132932782576
111	0.064583432121011
111	0.0651863146859811
111	0.0648938651737812
111	0.0643935840915486
111	0.0650092800625183
111	0.0647475224162341
111	0.0641163541130805
111	0.0654944646013583
111	0.0643607908505811
111	0.0652427184466019
111	0.0650824034735515
111	0.0651441052181758
111	0.0656193121946547
111	0.0641288293868217
111	0.0653662196380006
111	0.065606267994525
111	0.064924670433145
111	0.0646459747817653
111	0.0657626475747949
111	0.0643629525152797
111	0.0640808627944092
111	0.0640929885164784
111	0.0629323918125865
111	0.0640380047505938
111	0.0643158558471165
111	0.0656924016728537
111	0.0639694079879143
111	0.0646175839885633
111	0.065851230265965
111	0.0651101611312068
111	0.0652551364907881
111	0.0662137594488566
111	0.0643590107343831
111	0.0650957709084013
111	0.0652521435837814
111	0.0635274053721162
111	0.0651355601086387
111	0.064680369602112
111	0.0649063850216035
111	0.0648109096021369
111	0.0643082211400745
111	0.0645516844778837
112	0.0656176765985939
112	0.064381658175081
112	0.0636606015248608
112	0.0654262548624455
112	0.06360817750218
112	0.0651066238913002
112	0.06510453874363
112	0.0653410472069619
112	0.0640542577241899
112	0.0634807756127625
112	0.0646895186005941
112	0.0648169956192002
112	0.064157196969697
112	0.0642973286875726
112	0.0650348655187135
112	0.0643124970335564
112	0.0651353803543288
112	0.0654110224531453
112	0.0658821305354695
112	0.063334587173218
112	0.0657776940112142
112	0.0656270927006601
112	0.0639947375839872
112	0.06362818022457
112	0.0652894547201537
112	0.0641879041460631
112	0.0644885147667285
112	0.064877910278251
112	0.065029106914667
112	0.0638248311204286
112	0.0634696755994358
112	0.0644837476099426
112	0.0648318042813456
112	0.0651752353024642
112	0.0647205029484868
112	0.0646759060818212
112	0.06407981198139
112	0.0646975425330813
112	0.0657531639547055
112	0.0650284966831729
112	0.0642402356742374
112	0.0649356813974462
112	0.0655934071199272
112	0.0653622571955196
112	0.0648219441770934
112	0.0650881992264881
112	0.0645084276369193
112	0.0660788775123246
112	0.0646869680348023
112	0.0638653057330917
112	0.0649054452152428
112	0.064574503547788
112	0.0644713074892316
112	0.0651643462035309
112	0.0652704733283246
112	0.0643984267639672
112	0.0651321075766886
112	0.0638783269961977
112	0.0645896303185306
112	0.0635517533139043
112	0.0651928504233302
112	0.0644537544311956
112	0.0652255993958845
112	0.0635581197389577
112	0.0645009637534672
112	0.0642468580003752
112	0.0636523057964832
112	0.0639848556554662
112	0.0621132793907663
112	0.0637955513487932
112	0.0647033636233884
112	0.065788226372168
112	0.0642627295097482
112	0.0653387937453462
112	0.0651961263816884
112	0.0646359234710666
112	0.0635871114913031
112	0.0644116245831348
112	0.0634741253472713
112	0.0646488531567747
112	0.0655550805187402
112	0.0648401395831368
112	0.0628017014768437
112	0.0646978086989446
112	0.0639732227041297
112	0.0644220081511671
112	0.0650231713726052
112	0.0641642452245987
112	0.0636994109823295
112	0.0649046347064061
112	0.064107449037912
112	0.0652408423619905
112	0.065309666216477
112	0.0646545558575311
112	0.0642947532366397
112	0.0641895118922533
112	0.064384141466397
112	0.0637457690861226
112	0.0651226030287402
112	0.0653431810697652
113	0.0638439581351094
113	0.0646094046264695
113	0.0650124302265585
113	0.0645721731576661
113	0.0641598119858989
113	0.065153802604265
113	0.0658245614035088
113	0.065123485773312
113	0.0637620563500736
113	0.0645374657469527
113	0.0647875273314954
113	0.0649704253121773
113	0.0651523919753086
113	0.0648557195225115
113	0.0643892731924571
113	0.062852841550621
113	0.0652059764189221
113	0.0635209558480351
113	0.0656639939270295
113	0.0642943982044328
113	0.0647803775716774
113	0.065112540192926
113	0.0659130191059
113	0.0636246479881628
113	0.0645130776143404
113	0.064878647653225
113	0.0650997150997151
113	0.0643772851390753
113	0.0644793694506434
113	0.063953488372093
113	0.0649877381626108
113	0.0645556497973801
113	0.0651570279586365
113	0.0650757140118842
113	0.0644733099459562
113	0.0650106458481192
113	0.0646063421339527
113	0.0645115553665107
113	0.0647513070171231
113	0.0637147518061058
113	0.0638879873893087
113	0.0650227368618443
113	0.0632754932255764
113	0.0638196007085747
113	0.0648443071072023
113	0.0647454913594199
113	0.0646995254428417
113	0.0641050395829311
113	0.0648343904157858
113	0.0657795394488486
113	0.0650348655187135
113	0.065042573320719
113	0.0626513024111552
113	0.064064390062343
113	0.0641175099090697
113	0.0628972270608728
113	0.0639280162057757
113	0.0646832374887125
113	0.0640524108026582
113	0.0649679141880182
113	0.0630448098760778
113	0.0653271028037383
113	0.0648928024502297
113	0.0658140403286034
113	0.0643665104832221
113	0.0655183898748632
113	0.0643299159508636
113	0.0657585720995773
113	0.0652673007543457
113	0.0643650981319461
113	0.0652430670383144
113	0.0641939416674482
113	0.0642045454545455
113	0.0638679245283019
113	0.0655352357670067
113	0.0646215623103142
113	0.0633327078251079
113	0.0642550936852753
113	0.0654325687636814
113	0.0657138787332036
113	0.0649680939609729
113	0.0626944245034697
113	0.0647761893602062
113	0.0641219212984807
113	0.0656618486116394
113	0.0648797120666793
113	0.064992404101785
113	0.0637708382249354
113	0.0654465041874471
113	0.0631339463456252
113	0.0654166277003647
113	0.0649381205590325
113	0.0645918415246679
113	0.0653998491135421
113	0.0652930796012782
113	0.0662520026387711
113	0.0646321268038798
113	0.065149061815411
113	0.0650402718934773
113	0.0651175864330554
114	0.0647918905031065
114	0.0642663930603488
114	0.0663424308244405
114	0.0641500474833808
114	0.0649183760887154
114	0.0644240666229999
114	0.0642297156890526
114	0.0642857142857143
114	0.0651006397982534
114	0.0648369692704668
114	0.0657026533763864
114	0.0630377941526028
114	0.0641711229946524
114	0.064128444673959
114	0.0644660011301563
114	0.0647746558551763
114	0.0645298138109828
114	0.063673778324424
114	0.0654445377367292
114	0.0636900853578464
114	0.0644946808510638
114	0.0649375147370903
114	0.0652818991097923
114	0.0639827462257369
114	0.0652426620168556
114	0.0648600828793593
114	0.0648039994393309
114	0.0641640794054003
114	0.0654664484451719
114	0.0656298308895864
114	0.0647614548889939
114	0.064862602873483
114	0.0644771794252596
114	0.0655316720563059
114	0.0644977168949772
114	0.0648048860086717
114	0.0653124559176188
114	0.0636350837674222
114	0.0639067332857483
114	0.0654475002362726
114	0.0649742839616855
114	0.0658713692946058
114	0.0647942026239758
114	0.064323638584786
114	0.0644751693002257
114	0.0644918326036812
114	0.0639371845204711
114	0.0644271031594975
114	0.066043496641458
114	0.064626648519266
114	0.0649059773225701
114	0.0645675942001783
114	0.0650989522700815
114	0.0652588492488023
114	0.0646987275449102
114	0.0645458312232402
114	0.0640157924421884
114	0.0641917293233083
114	0.0640446329767613
114	0.0647662270127169
114	0.0654640398765725
114	0.0655623608017817
114	0.0648126545658159
114	0.0629044537495242
114	0.0645450682279617
114	0.0642077142991048
114	0.0656570363466915
114	0.0640405652847552
114	0.0647177703623631
114	0.064751246120568
114	0.0652094048493755
114	0.0644383663251588
114	0.0644231223708465
114	0.0641061980347695
114	0.0643420109863864
114	0.0634255511642303
114	0.0651195832346673
114	0.0642471114424152
114	0.0644354950701291
114	0.0649964547388324
114	0.0656019070321812
114	0.0651832834117815
114	0.0644249788075728
114	0.0640078092316274
114	0.0659611010537065
114	0.0641398028665302
114	0.0648178768838286
114	0.0642657706686858
114	0.064500784854683
114	0.0646352292377436
114	0.0641159200681883
114	0.0643439168305704
114	0.064696892511462
114	0.0647546387868513
114	0.0654698064816974
114	0.064228367528992
114	0.0639765155398164
114	0.0652469628031334
114	0.0635078261691966
114	0.0654012403683518
115	0.0645341268365259
115	0.0651305979123575
115	0.0654280338664158
115	0.0646298472385429
115	0.0651254581336341
115	0.064259285279378
115	0.064486743059884
115	0.0651853261645335
115	0.0652112142451222
115	0.0637304452466907
115	0.0652527033925837
115	0.0654928265325135
115	0.0631352899069434
115	0.0647819292513141
115	0.0653613184955628
115	0.0652286291649044
115	0.0649245945176895
115	0.0651829040686823
115	0.0650342162841581
115	0.0643729189789123
115	0.0655638113930558
115	0.0645297540829735
115	0.0653112968353836
115	0.0650140095930094
115	0.0624792919013585
115	0.0643019726858877
115	0.064225803411554
115	0.0653261587841027
115	0.0641512932233244
115	0.06428035982009
115	0.0631416590350412
115	0.0645843118835134
115	0.0642263213227564
115	0.0656127588136542
115	0.0646713234953971
115	0.0652082061875029
115	0.0652437319414671
115	0.0643776824034335
115	0.0641085634066448
115	0.0658171124492368
115	0.0652731768767788
115	0.0625531512803553
115	0.0648208469055375
115	0.0655337482048827
115	0.0654923862714211
115	0.0649471576889054
115	0.0648862321635172
115	0.0646782527007985
115	0.0647318252952056
115	0.0643478260869565
115	0.0648427199095875
115	0.0644117095139801
115	0.0633296854926964
115	0.064812213168493
115	0.0651326602488847
115	0.0650647820965842
115	0.0658320243924975
115	0.0653681710213777
115	0.0652396940869241
115	0.0644763665671076
115	0.0648589401448723
115	0.0645445278472801
115	0.0653179190751445
115	0.0636912625023589
115	0.0641620138165988
115	0.0648229780520626
115	0.0649590827130242
115	0.0648152484428418
115	0.0645740758249031
115	0.0655169137210186
115	0.0643562018981066
115	0.0650821650728809
115	0.0642031474861891
115	0.0654069082512605
115	0.0634106981821634
115	0.0644626533415431
115	0.0644902580553852
115	0.0653551499101485
115	0.065100207325501
115	0.0652071340945551
115	0.0646581691772885
115	0.0635176833610254
115	0.0640454760776883
115	0.0640808650681711
115	0.064836179049377
115	0.064811320754717
115	0.0643764705882353
115	0.0655660819810524
115	0.0647692889561271
115	0.063790837401427
115	0.0644964871194379
115	0.0645724258289703
115	0.0652734039507587
115	0.0641500474833808
115	0.0648275209388161
115	0.0645524488647026
115	0.064722483537159
115	0.0644456061974241
115	0.0653943306202638
115	0.0648584905660377
116	0.0644684804879211
116	0.0654646717326663
116	0.0651286433114972
116	0.0639273769708552
116	0.0649301623254058
116	0.0633024924471299
116	0.0650135933252086
116	0.0636329658007849
116	0.0648607401755055
116	0.063493543424549
116	0.0636372207033091
116	0.0637550439117019
116	0.0658459506627046
116	0.0640380313199105
116	0.0650726676043132
116	0.0651013369868191
116	0.0648656254397073
116	0.0639176236120338
116	0.0649253731343284
116	0.0645405866464484
116	0.0645101663585952
116	0.0659211023027558
116	0.06435828129369
116	0.0639241688457228
116	0.0652153645347753
116	0.0640719404243361
116	0.0655135033228072
116	0.0637682556514195
116	0.064921515625741
116	0.0642335082458771
116	0.0643752641217073
116	0.0647964484745443
116	0.0648337535080626
116	0.0641375167506123
116	0.064630284969268
116	0.0641487948377301
116	0.0646604502213431
116	0.0640971931294512
116	0.0647391869315018
116	0.0653831845238095
116	0.0631420817987982
116	0.0644489682613121
116	0.0651118057225294
116	0.0652532283176115
116	0.0651637399145705
116	0.0639586757454802
116	0.0638026371756699
116	0.0648858489694057
116	0.0648603507469611
116	0.0647444669907036
116	0.063626019343827
116	0.0637822749476622
116	0.0652627584898501
116	0.0651817116060961
116	0.0642410460488914
116	0.0653915009893527
116	0.0644358407079646
116	0.0649726750432061
116	0.064974141984015
116	0.0646555774833192
116	0.0648684272466224
116	0.0648302066017573
116	0.0644213276111396
116	0.0644423705086328
116	0.0640026296018032
116	0.0651981558235924
116	0.065266106442577
116	0.0654753594862488
116	0.0654364797728886
116	0.065385331347729
116	0.0652386495925495
116	0.0637901309351847
116	0.0640232470941132
116	0.0650345023159089
116	0.0644992632729692
116	0.0640687838025239
116	0.064312853303679
116	0.0653774464119292
116	0.0648351135780587
116	0.0645859812644165
116	0.0631117266851339
116	0.0660328759424905
116	0.0640282095299958
116	0.0645389736084226
116	0.0653360070885604
116	0.0652213517944981
116	0.0639280274181264
116	0.0644714203785127
116	0.0655630683142924
116	0.0641434073510532
116	0.0634118702488314
116	0.0640331465699892
116	0.0647818760531736
116	0.0641651031894934
116	0.0650599052660908
116	0.0656860866232273
116	0.0637696187019843
116	0.0653384949485412
116	0.064856289660321
116	0.0651712925875312
117	0.0636128729151985
117	0.0654519299928075
117	0.064828923673639
117	0.0639554264488785
117	0.0652536870420184
117	0.0658599022573889
117	0.0652389731952914
117	0.0650703964431271
117	0.0651245718575517
117	0.0637227501397429
117	0.0639628454499471
117	0.0642417406833028
117	0.0643887766132444
117	0.0643440494736345
117	0.0650425512017208
117	0.064207650273224
117	0.0644212654505353
117	0.0649041824031333
117	0.0641557462053361
117	0.0643209531788141
117	0.064725820680689
117	0.0646740887882847
117	0.065206316861946
117	0.0656030032848428
117	0.0644309602112187
117	0.064154454524308
117	0.0652183918626594
117	0.0656132709327649
117	0.0652350274397518
117	0.0645949884819708
117	0.065107488778644
117	0.0637509266123054
117	0.0647986814221804
117	0.0645407312073979
117	0.0650873858421028
117	0.0653749651519376
117	0.0651243710913622
117	0.0658600237247924
117	0.0645085730347606
117	0.0643283091515237
117	0.0650227368618443
117	0.0651888649357953
117	0.0652295372008567
117	0.0641411764705882
117	0.0655514308538133
117	0.0633347293964354
117	0.0641629001444481
117	0.065168644305335
117	0.0643255813953488
117	0.065504465133954
117	0.0656508653122649
117	0.0640826142311501
117	0.0632170228971295
117	0.0638720666161998
117	0.0650701044509269
117	0.0647408030664236
117	0.0650857008687485
117	0.0642309131736527
117	0.0651592062759575
117	0.064351615744819
117	0.0653419767004885
117	0.0639190166305134
117	0.0632246462543183
117	0.0649320315784556
117	0.0644709180098108
117	0.064941154405214
117	0.0647878046485367
117	0.0645460017595036
117	0.0646100389726253
117	0.0625666713046705
117	0.0634736107881888
117	0.063441372735939
117	0.0655838041431262
117	0.0641856968330044
117	0.0652326397007248
117	0.0635251598554351
117	0.0651394136496246
117	0.0637025360471046
117	0.0641419787590833
117	0.0639122941401762
117	0.0656497122268495
117	0.0643414937958128
117	0.0642039638969015
117	0.0640382541840514
117	0.0651276636590516
117	0.0655430711610487
117	0.0662709725662476
117	0.0645579585976937
117	0.0644131455399061
117	0.0650627223366411
117	0.0648954911203161
117	0.0636295180722892
117	0.0653628652214892
117	0.0655900269159938
117	0.0641985775516933
117	0.0640253861589435
117	0.063229435200375
117	0.064808362369338
117	0.064103769151236
117	0.0662856607485829
118	0.0644227117356627
118	0.0640669833952679
118	0.0652514997692663
118	0.0654512991589532
118	0.0650265270669984
118	0.0653005974607916
118	0.0655683844926312
118	0.0641169328476698
118	0.0639616793462947
118	0.0642410460488914
118	0.063797538122359
118	0.0641826810130151
118	0.0644296542799039
118	0.0644996041540539
118	0.0645651173492867
118	0.0647361826534874
118	0.0648173961527739
118	0.0652678488534027
118	0.0645588165792334
118	0.0643432884498905
118	0.0645298138109828
118	0.0641930022573363
118	0.065039900364408
118	0.0646426903316207
118	0.06545522843593
118	0.0640018484288355
118	0.0648532636588438
118	0.063890338187165
118	0.0644354229607251
118	0.0641156305012508
118	0.0652662112847385
118	0.0644225740503019
118	0.0654373522458629
118	0.0642476386421023
118	0.0644840329764048
118	0.062970106075217
118	0.0635465466858389
118	0.0655239542281943
118	0.0652705383089626
118	0.0650762281197064
118	0.0629082318061796
118	0.0639879552084314
118	0.0664962847271523
118	0.0654770138792825
118	0.0643728670936375
118	0.0644963144963145
118	0.064976893992438
118	0.0661098527746319
118	0.0648270026325686
118	0.0645310405399159
118	0.0658048803334738
118	0.0643244760479042
118	0.0630264029525882
118	0.064696333078686
118	0.0651229432427436
118	0.0635656041512231
118	0.0641793839528134
118	0.0642555364687311
118	0.064659820884325
118	0.0654080854309687
118	0.064476656626506
118	0.0651873720299033
118	0.0637096027409945
118	0.0647145786637417
118	0.0660279891049122
118	0.0651622002820874
118	0.0646543692938327
118	0.0647348379307142
118	0.0650966240919235
118	0.0645191193511008
118	0.0638437397536184
118	0.064555707611722
118	0.0637878432292889
118	0.0647765764929702
118	0.0648909961418677
118	0.0659325341511012
118	0.0645523961212348
118	0.0649821193299454
118	0.0647978588533596
118	0.0649965205288796
118	0.0646824466838528
118	0.066150234741784
118	0.0650865487799188
118	0.0635781403393951
118	0.0635197585588984
118	0.0651676131159553
118	0.0639044943820225
118	0.0647355513395956
118	0.0646815316586697
118	0.064392540620384
118	0.0655714420982862
118	0.0650551513729172
118	0.0643754688672168
118	0.0633427552013345
118	0.0658801758038399
118	0.0647777096789402
118	0.0652082259802314
118	0.0636996217251203
118	0.0647031539888683
118	0.0637918912584954
119	0.0640740740740741
119	0.0634375145126086
119	0.0633166750722113
119	0.0653268696757189
119	0.0640525945057525
119	0.0647004608294931
119	0.063225866394128
119	0.065658221327214
119	0.0644695133320903
119	0.0638552002940096
119	0.0649590454997396
119	0.0651132805304844
119	0.0637701471618781
119	0.0654560810810811
119	0.0640055376095985
119	0.0646614424475623
119	0.0654831063810011
119	0.0645012244143603
119	0.0653883743658957
119	0.0644687603618966
119	0.0645446507515473
119	0.0656822099035729
119	0.0650705668638502
119	0.0656504255120172
119	0.0646269557546776
119	0.0647502093217974
119	0.0644200335133122
119	0.0657813318101766
119	0.0640233840931592
119	0.0642644346715846
119	0.0649477351916376
119	0.0653275944524151
119	0.0657869573532224
119	0.0652508751458576
119	0.0646877625315038
119	0.0651107341006007
119	0.0642257462686567
119	0.0659579385255373
119	0.0657633840052875
119	0.0637433648742211
119	0.0652244556891509
119	0.0654100961089857
119	0.06457046603032
119	0.0655305526786555
119	0.0648492742835876
119	0.0646433709220846
119	0.064551724137931
119	0.0650636492220651
119	0.0653418500118287
119	0.064691428031377
119	0.0647053303303303
119	0.0654734087297878
119	0.064793711335411
119	0.0651294686439496
119	0.0644300419367137
119	0.0637390448516661
119	0.0650981121547475
119	0.0636132315521628
119	0.0655916012484631
119	0.0640414996463098
119	0.0644278152947618
119	0.0653851485606026
119	0.0650694380575738
119	0.0642159143787808
119	0.0643675014825966
119	0.0651437061800622
119	0.0645973154362416
119	0.0640242480764747
119	0.0643020701901958
119	0.0642688951475137
119	0.0644240666229999
119	0.0646956041934891
119	0.0638826288920572
119	0.0639329598418154
119	0.0635989524878414
119	0.0641474224399347
119	0.0658352941176471
119	0.0641493737579147
119	0.066422741345342
119	0.0641204999067338
119	0.0636787959611355
119	0.0653782700919161
119	0.0648578930397531
119	0.0639933704709728
119	0.0644053443733534
119	0.0637898686679174
119	0.064393217755763
119	0.0645027241665897
119	0.0645761607890574
119	0.0641648752219834
119	0.0650763269688623
119	0.064577530176416
119	0.0654063048904502
119	0.0636858914146158
119	0.0652670865407045
119	0.0655253564671681
119	0.0651105651105651
119	0.0648312611012433
119	0.0641741333208238
119	0.0633723653395784
120	0.0646307145822761
120	0.0644861980978891
120	0.0634567214027275
120	0.0643861336264139
120	0.0636757654002213
120	0.0650353249426847
120	0.0646261682242991
120	0.0652867736787759
120	0.0645908627560004
120	0.0641877562561855
120	0.064782749226578
120	0.0651434350864288
120	0.0653749651519376
120	0.0646674638947659
120	0.0642542652724271
120	0.0635794977126319
120	0.0649356747112405
120	0.0637394428631422
120	0.0638726293608054
120	0.0649972124140494
120	0.0649144139930783
120	0.0658739146847867
120	0.0653030935485367
120	0.0639267283462737
120	0.0649155015769901
120	0.0645161290322581
120	0.064886592018375
120	0.0639548336341339
120	0.06467731390679
120	0.0652628643146005
120	0.0646421429567967
120	0.0656560916087854
120	0.0638703527168732
120	0.0655921513665031
120	0.0653628409675759
120	0.0641808436261944
120	0.0642767119451057
120	0.0645894497584999
120	0.065033161385409
120	0.0639746339643756
120	0.0652988484737708
120	0.0634645152211642
120	0.0662079226334387
120	0.0654335904823868
120	0.0646634055439087
120	0.0631999628235513
120	0.0640460388917251
120	0.0641947459937027
120	0.0648406931246506
120	0.0632687290346627
120	0.0653655370636503
120	0.0643108893669611
120	0.0643652352886145
120	0.0642711613261715
120	0.0642558845861807
120	0.0653785562042443
120	0.0651249942872812
120	0.0636776820376858
120	0.063356004844871
120	0.0652184069142724
120	0.065147189591426
120	0.0642870579382995
120	0.0640741961301257
120	0.0639834881320949
120	0.0640391791044776
120	0.0647428089571817
120	0.0647592463363573
120	0.0658432434914367
120	0.0637794179083693
120	0.0641643059490085
120	0.0652449027419733
120	0.064292364990689
120	0.0638100537933593
120	0.0645730921586408
120	0.0645073241743244
120	0.0643895684283406
120	0.0645191366369866
120	0.064540550771269
120	0.064269999531901
120	0.0628461466253638
120	0.0649552520018841
120	0.0643269366114578
120	0.0646089952333758
120	0.0652630596143971
120	0.0657632152967931
120	0.0657125485243908
120	0.06582443708918
120	0.0645524488647026
120	0.0656247101382061
120	0.0651942891466063
120	0.0646230323115162
120	0.0645477000512653
120	0.0637892585021372
120	0.0643557390121488
120	0.0645841933856245
120	0.0644228976319224
120	0.0642052332619425
120	0.0650188323917137
120	0.0647061530673294
120	0.0653797967611712
121	0.0637322329206786
121	0.0643728140656017
121	0.0633960156395457
121	0.0651752767527675
121	0.0661781648923914
121	0.0648694584769369
121	0.0639773660673542
121	0.0643818963904993
121	0.0649550347141326
121	0.0640508325216827
121	0.0646239292102043
121	0.0648337358350362
121	0.0646347138203816
121	0.0652346116210801
121	0.0646832924628696
121	0.0629370629370629
121	0.0645563195053297
121	0.06551422923084
121	0.0642283258594918
121	0.0643514259429623
121	0.0649747603389988
121	0.0638011152416357
121	0.0651884497084883
121	0.0652455977757183
121	0.0634103349104741
121	0.0648696134640281
121	0.0653186731270965
121	0.0641442100928764
121	0.0648426306789296
121	0.0641721148050262
121	0.0646938964527183
121	0.0642399267399267
121	0.06413053789963
121	0.0644701183853944
121	0.0646571350514525
121	0.0648551060087029
121	0.0641976475034248
121	0.0650535132619823
121	0.0647208709752143
121	0.0656154628687691
121	0.0649721481065393
121	0.0649774092878103
121	0.0647283927571402
121	0.064728343377651
121	0.0640467142459913
121	0.0643758960366277
121	0.0645328069185937
121	0.0646481558997256
121	0.0652163676602157
121	0.0637116506681724
121	0.0636829836829837
121	0.0643584896961874
121	0.0655595205416781
121	0.0641321398911138
121	0.06483191725157
121	0.0656129818966326
121	0.065332769714903
121	0.0645612073784237
121	0.0654948342760974
121	0.0651382651855353
121	0.0642184732966726
121	0.0643532246108228
121	0.0651175864330554
121	0.0639822716771182
121	0.0644952644952645
121	0.0652173913043478
121	0.0647748303516348
121	0.0637275681786068
121	0.0647462150844416
121	0.0653470841233871
121	0.0647930222899072
121	0.0631142577670129
121	0.0645819493214387
121	0.0658735302286825
121	0.0655422815647693
121	0.065105970356005
121	0.0637849482508313
121	0.064666819326769
121	0.0643934056643652
121	0.0638922546369652
121	0.0644008837493536
121	0.0645926339285714
121	0.0651639534344418
121	0.0649220649220649
121	0.0641780663111523
121	0.0648628613787991
121	0.0636107648986752
121	0.0643804896281069
121	0.0642553191489362
121	0.0639936888022646
121	0.0642481307117142
121	0.0637272894109011
121	0.0652304285648383
121	0.0644156085763453
121	0.064540059347181
121	0.0642995603044773
121	0.064090655768159
121	0.0649646577380952
121	0.0643054277828887
121	0.0637220424813617
122	0.0637329286798179
122	0.0644037890044576
122	0.0638847858197932
122	0.0648960630660222
122	0.0647001530541255
122	0.065419232591189
122	0.063454486376085
122	0.0645941921072226
122	0.0645473393227367
122	0.0640474633280389
122	0.0649194295239859
122	0.065170793998267
122	0.0651298430773504
122	0.0645058059797019
122	0.0650506710490277
122	0.0641226293500276
122	0.064745842117592
122	0.0642206058373999
122	0.0647715171998704
122	0.0637023764617126
122	0.0639157073895284
122	0.0647607385079126
122	0.0647161038839055
122	0.0639763779527559
122	0.0645296752519597
122	0.064957264957265
122	0.0636575151233132
122	0.0639087410665201
122	0.0645313014439584
122	0.0646181023662312
122	0.0655326268823201
122	0.0640541170982039
122	0.0644560357675112
122	0.06435893899692
122	0.0649012775842044
122	0.0649890284326999
122	0.0639073458840901
122	0.063980384900074
122	0.0653372321556972
122	0.0646759259259259
122	0.065893638819037
122	0.0644560357675112
122	0.0639940470653893
122	0.0644701118218214
122	0.0644818341499492
122	0.0643223102002795
122	0.0642817730366011
122	0.0654682543331341
122	0.0641203063013193
122	0.0643352179463797
122	0.064781988121
122	0.0646770765961379
122	0.0644544324376016
122	0.0640913887232188
122	0.065006468305304
122	0.0642472251646479
122	0.0655081473109164
122	0.0651860129440797
122	0.0647531572904707
122	0.064638783269962
122	0.0639241402085201
122	0.0638820638820639
122	0.063591192961663
122	0.0647029088736731
122	0.0645921953023858
122	0.0638587594496877
122	0.0642223369794845
122	0.0651004551514873
122	0.0642817730366011
122	0.0645517749435978
122	0.0646233382570162
122	0.0644485807352257
122	0.064183946960079
122	0.0654196866962824
122	0.064511621407611
122	0.0639902562420949
122	0.0650555009133062
122	0.0654062340316812
122	0.0648251488095238
122	0.0651397839491863
122	0.0643910741301059
122	0.0646565850461164
122	0.0647788265778271
122	0.0644917970959834
122	0.0650273479500725
122	0.0646681140006467
122	0.0639871382636656
122	0.0646750138096115
122	0.065164660882545
122	0.0650700826139423
122	0.0647341194015939
122	0.0645656114907265
122	0.0639719626168224
122	0.0643955130868301
122	0.0646116819402018
122	0.0636317087929991
122	0.0646424622189458
122	0.0651400419669738
122	0.0642146377755045
122	0.0633352155091286
123	0.0642863792942929
123	0.0645086705202312
123	0.064642924796363
123	0.0650724840348669
123	0.06440710239444
123	0.0643137254901961
123	0.0644641046908119
123	0.0640405543670356
123	0.0636114593490273
123	0.0650444548432382
123	0.0649664929262844
123	0.0660434118572685
123	0.066021414878197
123	0.0648165569143932
123	0.0644710485862021
123	0.0643333637942063
123	0.0654792118499377
123	0.0644502228826151
123	0.0644775019573527
123	0.0636035782867313
123	0.064959718492453
123	0.0639665702346512
123	0.0650322822120333
123	0.064973447240822
123	0.0647287708857862
123	0.0640076754385965
123	0.0655676805200836
123	0.0635211267605634
123	0.0649952696310312
123	0.0656615012331891
123	0.0650871208629114
123	0.065077528349919
123	0.0644844057319472
123	0.0649308606576331
123	0.064608559016545
123	0.064205308750637
123	0.0651654411764706
123	0.0649261891744122
123	0.0646357861547735
123	0.0652522567932915
123	0.0652874422080045
123	0.0652616952292728
123	0.0649207947990111
123	0.06494339795591
123	0.0639104698483167
123	0.0648489658714226
123	0.062989921612542
123	0.064189657562734
123	0.0644842204427697
123	0.0640523478180729
123	0.0646636185499673
123	0.0649158498243018
123	0.0643168094368768
123	0.064275519130715
123	0.0652988570357879
123	0.064380459398253
123	0.0649141383914184
123	0.0644572263306857
123	0.0643818509782156
123	0.0643360483206736
123	0.0645086705202312
123	0.0641725958228139
123	0.0652093195952845
123	0.0644028644028644
123	0.0643555054490793
123	0.0647280861177128
123	0.064770059384063
123	0.0641252679653276
123	0.0654670572371786
123	0.0644058525912758
123	0.0639101249300764
123	0.0637604210330213
123	0.0643772893772894
123	0.0650669127826488
123	0.0644055400649084
123	0.0650055167340934
123	0.0653437278525868
123	0.0642415220728474
123	0.0641854451422239
123	0.063951082708841
123	0.0648558758314856
123	0.0647887323943662
123	0.0651070505721669
123	0.0649790989317232
123	0.0643258812234261
123	0.0635170847049006
123	0.0653912718087843
123	0.0649483102313291
123	0.0657237936772047
123	0.0644769991602128
123	0.0646473988439306
123	0.0642636836532707
123	0.0644290303058517
123	0.0643598299584038
123	0.0648448567381072
123	0.0648355754857997
123	0.0650383939309834
123	0.0644167483545722
123	0.0640840140023337
123	0.0647425897035881
124	0.0659391473226672
124	0.0634789777411377
124	0.0639583527005671
124	0.0651862794884816
124	0.0647232745079922
124	0.0649697079301926
124	0.0648492742835876
124	0.0635068876955405
124	0.0641037390029325
124	0.0640815753777071
124	0.0648113559955174
124	0.0640935343006057
124	0.0647803425167535
124	0.065531404310305
124	0.0636225825715467
124	0.0644665797803016
124	0.0642919600533849
124	0.0634935304990758
124	0.0651246041580614
124	0.0646657698195482
124	0.0642685407804698
124	0.0641360037261295
124	0.0653486835896952
124	0.0645871559633028
124	0.0642943417262845
124	0.0650229410946842
124	0.0644143307963616
124	0.0645221271848271
124	0.0649031779857315
124	0.0634573304157549
124	0.0665022338049144
124	0.0648230191670942
124	0.0653250206289539
124	0.0646845211075806
124	0.0647501711156742
124	0.0646727784333303
124	0.0651762206106518
124	0.0641399416909621
124	0.065030730296457
124	0.0649039568842416
124	0.065021292183708
124	0.0641792418108208
124	0.0645087130442779
124	0.0644437319653735
124	0.065170399668859
124	0.0650020541379468
124	0.064191694475343
124	0.064490704251472
124	0.0648692662625532
124	0.0647301749338778
124	0.0647023782248087
124	0.0651007952653967
124	0.0657530454042082
124	0.0647921760391198
124	0.0649077962388169
124	0.0643989887382211
124	0.0639510635339914
124	0.0644486780354073
124	0.0649223450398769
124	0.0640705230154042
124	0.0652470267475203
124	0.0638167795334838
124	0.0638268285899694
124	0.0649159179912463
124	0.0641194954232889
124	0.0647875666727975
124	0.0654742893644203
124	0.0644279759147754
124	0.0634950190857462
124	0.0644491603616903
124	0.0632528719594437
124	0.0643573551263001
124	0.064690400332456
124	0.0638541000091416
124	0.0648899188876014
124	0.0648453082239436
124	0.0649087221095335
124	0.0642410196987254
124	0.0645525017618041
124	0.0639642989959093
124	0.0646447783342608
124	0.0645716945996276
124	0.0647102388446584
124	0.0646217712177122
124	0.0649672591206735
124	0.0641464090951104
124	0.0653339391185825
124	0.0655359941008388
124	0.0646641635377555
124	0.0646343181924938
124	0.0651722510618216
124	0.0638387232255355
124	0.0633697475182449
124	0.064361726846043
124	0.0642535582738393
124	0.064438050874549
124	0.0656675121051418
124	0.0647201723426686
124	0.0640669833952679
124	0.06495232856619
125	0.064936860540142
125	0.0641566541318903
125	0.0640697780619235
125	0.0640594013743486
125	0.0646250741636621
125	0.0643867815827073
125	0.0642711613261715
125	0.0635480619444699
125	0.0647259495110303
125	0.0645400937920787
125	0.0642559361972086
125	0.0639813736903376
125	0.0644622733385893
125	0.0652679568291775
125	0.0659076182541887
125	0.0654664484451719
125	0.0660093896713615
125	0.0630728526882736
125	0.0639403836423019
125	0.0643083815568415
125	0.0649452994622659
125	0.0634898518415308
125	0.0640718562874251
125	0.0647182604629413
125	0.0657719965190308
125	0.0655443957183949
125	0.0646993627043502
125	0.0647428782833888
125	0.0645175977780813
125	0.0648357614695503
125	0.0645116601246825
125	0.0642907058001398
125	0.0656198194879352
125	0.0635148928273174
125	0.0639158952411965
125	0.0645981449220773
125	0.0648351648351648
125	0.0647475312092417
125	0.0629003806517501
125	0.0643543861263168
125	0.0650361821013099
125	0.0651004551514873
125	0.0646191758316981
125	0.0639776171601772
125	0.0654295975688369
125	0.0641278882815012
125	0.064648537711647
125	0.0653051858650757
125	0.0648623640990053
125	0.0640412564463197
125	0.0643162292850101
125	0.0634655532359081
125	0.0652264614528765
125	0.0650678564788994
125	0.0643221986168241
125	0.0639597221574752
125	0.0651239367053874
125	0.0632679259123418
125	0.0638570774163995
125	0.0637667746413697
125	0.0640804731523308
125	0.0648418322449169
125	0.0641684015729817
125	0.0647899081717837
125	0.06306727800131
125	0.0646112724088668
125	0.0639089114365732
125	0.063595893522304
125	0.0642214344150532
125	0.0636096742625472
125	0.0650683355574985
125	0.0655031731640979
125	0.0644247118836199
125	0.0652991135656936
125	0.0651316392991469
125	0.0639104613978986
125	0.0649180327868853
125	0.064542670384422
125	0.0642609753814472
125	0.0653930933137399
125	0.0645161290322581
125	0.0632467592379019
125	0.0639303252107848
125	0.0650364690480643
125	0.0644327517769778
125	0.0655655197657394
125	0.0644506584881833
125	0.0643591626882115
125	0.0650648814709524
125	0.0651026123685781
125	0.0649589129137401
125	0.0643392689784442
125	0.0645396868866676
125	0.064476386036961
125	0.0648500114495077
125	0.0640699449507332
125	0.0643266740658528
125	0.063586732119099
125	0.0646676799778914
125	0.065045481555972
126	0.0638228590035819
126	0.0652872086621398
126	0.0642278305163232
126	0.0644964871194379
126	0.0642557460780737
126	0.0639963378347448
126	0.0642794919994498
126	0.0644226789902055
126	0.0654937361827561
126	0.0647993311036789
126	0.0652064795801962
126	0.0653507355993174
126	0.0645605657085132
126	0.0645905420991926
126	0.0647117840204305
126	0.0645942857142857
126	0.0639802708110372
126	0.0656233990033068
126	0.0646963749711383
126	0.0643258557428824
126	0.0640485342472097
126	0.0627950023137436
126	0.0648636153490522
126	0.0644875913768217
126	0.0639503014799927
126	0.0654938730040847
126	0.0642850583157315
126	0.0650673977610235
126	0.0648756126884306
126	0.0656947948789833
126	0.0648764369153442
126	0.0649290202466837
126	0.0635339913805088
126	0.0649682119819945
126	0.0646441605839416
126	0.0646855563234278
126	0.0654103009788674
126	0.0649836156366825
126	0.0644258966839612
126	0.0639927486970315
126	0.0644899065167322
126	0.064872200859534
126	0.064432632308759
126	0.0626928471248247
126	0.0644875087555452
126	0.0652714560555582
126	0.064926126456823
126	0.0651171544179919
126	0.0643929058663029
126	0.0650514285714286
126	0.064634692962797
126	0.0648072562358277
126	0.0655140186915888
126	0.0639892657197057
126	0.0648818026819041
126	0.0639156350298028
126	0.0645791653096357
126	0.0649144880935738
126	0.0644291005532946
126	0.0649834437086093
126	0.0636037527593819
126	0.0643225896469932
126	0.064286710361177
126	0.0646247520642096
126	0.0645728294555715
126	0.0645776566757493
126	0.0647571606475716
126	0.0642514749262537
126	0.0655820117910516
126	0.0645525017618041
126	0.065039900364408
126	0.0648050820346419
126	0.0646684747030768
126	0.0642126038463304
126	0.0645441654087187
126	0.0655354555228346
126	0.0649259983244904
126	0.0640353298371515
126	0.0647745479514763
126	0.063691026827012
126	0.0644063118185582
126	0.064867913885494
126	0.0646832309525992
126	0.0644641046908119
126	0.0641936815076345
126	0.0663286664496023
126	0.0648303357042541
126	0.0644719419204603
126	0.0653291708750344
126	0.0637797128736173
126	0.0652053274139845
126	0.0643481411040167
126	0.0647992360511118
126	0.0650703964431271
126	0.0639108093228115
126	0.064046511627907
126	0.0637894347303173
126	0.0636430475140153
126	0.0644460870368659
126	0.0646081871345029
127	0.065267210560088
127	0.0638337097294557
127	0.0646066124063089
127	0.0636081155181868
127	0.0643120960295476
127	0.0641974173980975
127	0.0653585803146725
127	0.063581725337792
127	0.0641449603624009
127	0.0644211903204709
127	0.0650259547645532
127	0.0642512525514938
127	0.0649793247603035
127	0.0658613879575621
127	0.0629271201210843
127	0.0651325344952796
127	0.0658848515628607
127	0.0650916975336525
127	0.0650402697134295
127	0.0642460642460642
127	0.0645952954250787
127	0.0645102003308215
127	0.0651603699783719
127	0.0659406580222417
127	0.0647784503072587
127	0.0644819321533923
127	0.0645733788395904
127	0.0653957197195362
127	0.0651173388015493
127	0.0644836272040302
127	0.0644300954519933
127	0.0647083085101508
127	0.0636649500979811
127	0.0645765732827567
127	0.0647656536067375
127	0.0647816583732502
127	0.0654387263976305
127	0.0658907539645739
127	0.0645220503877748
127	0.0636460209690084
127	0.063943491797946
127	0.0648671173256783
127	0.0647324483372109
127	0.0645176448475166
127	0.0648230191670942
127	0.0641448876662082
127	0.0636248296602603
127	0.0648833765272121
127	0.0653003726256476
127	0.0647508184794471
127	0.064780854575463
127	0.0645785352372179
127	0.0652944383860414
127	0.0643502432244614
127	0.0646460861010915
127	0.0651007952653967
127	0.0654901420102027
127	0.0646684747030768
127	0.0645871559633028
127	0.0648916181659869
127	0.0648336414048059
127	0.0646400148065889
127	0.0647324547105668
127	0.0648735632183908
127	0.0655812054968479
127	0.0649026229356525
127	0.0649002408762441
127	0.0644228597244183
127	0.0644238627077091
127	0.0639687284433203
127	0.0653484336469084
127	0.065383017038371
127	0.0635336273428886
127	0.064894960932017
127	0.0642079025110783
127	0.0636515912897822
127	0.0636371948431928
127	0.0645101918741085
127	0.0642603226688543
127	0.0651560693641619
127	0.0658624959867908
127	0.0646306494925129
127	0.0645469867444085
127	0.0641457228498962
127	0.064208951163107
127	0.0645396204087206
127	0.0644777757453814
127	0.0657577443887961
127	0.0642501842299189
127	0.0655384333149881
127	0.0649922790444182
127	0.0646196150320807
127	0.0642343035625368
127	0.0651288388484599
127	0.0650836725463591
127	0.0651834145444516
127	0.0645415008790599
127	0.0643632683106367
127	0.0647498405176342
127	0.0653555911273725
128	0.0638919821826281
128	0.0647561311656104
128	0.0652895946130397
128	0.0653419593345656
128	0.0641101100194685
128	0.0649494529843512
128	0.0643794804952984
128	0.0652773944245101
128	0.0643668682426242
128	0.0647739417313322
128	0.0651070003627131
128	0.0645680147058824
128	0.0640151686154124
128	0.0639673836637143
128	0.0644379401811031
128	0.0635414759201611
128	0.0645471180237877
128	0.0648478391773588
128	0.0651666895321718
128	0.0644877958579882
128	0.0655507761361511
128	0.0643104643104643
128	0.0639263128952433
128	0.0647501836884644
128	0.0654994388327722
128	0.0652193868184322
128	0.0661370857921017
128	0.0644958172168751
128	0.0643367393073515
128	0.0642647127456013
128	0.0648211908368912
128	0.0635872550814869
128	0.0650658404337723
128	0.0650046168051708
128	0.0635869565217391
128	0.0649006026805793
128	0.0645234424594178
128	0.065132336018412
128	0.0648802422685143
128	0.0650653414319897
128	0.0642870404753064
128	0.0643290999447819
128	0.0636141865265528
128	0.0647773279352227
128	0.0639652014652015
128	0.0646123723835719
128	0.0644061633562111
128	0.0642544064161149
128	0.0647985178323298
128	0.0651021255014062
128	0.06375034571771
128	0.0641891891891892
128	0.0655440061731197
128	0.0648006312955484
128	0.0640171457857709
128	0.0647175959449674
128	0.0639725963986483
128	0.0643861336264139
128	0.0653000649290418
128	0.0648025866387358
128	0.0645601273016595
128	0.0652223698071726
128	0.0647377280378509
128	0.0643371394506351
128	0.0641502329740669
128	0.06498329001114
128	0.064270936403706
128	0.064140865471664
128	0.0647985178323298
128	0.064473743826741
128	0.0639271517056485
128	0.0640011042606055
128	0.0639724369121892
128	0.0647344750829056
128	0.0624092888243832
128	0.0647007646870278
128	0.0645852324521422
128	0.0645399566040349
128	0.0658219742018114
128	0.0644514335202151
128	0.0642176621473067
128	0.0655158165373491
128	0.0640088798446027
128	0.0647261058904424
128	0.0646210212960843
128	0.0652890643139076
128	0.0651422248858974
128	0.0643927172159484
128	0.0641753171856978
128	0.0654227030992114
128	0.0644234714813295
128	0.0646347138203816
128	0.0644392501947844
128	0.0643451238460835
128	0.0659584086799277
128	0.0650092936802974
128	0.0647258079282248
128	0.0643745427944404
128	0.0651866709212746
128	0.0640719662199376
129	0.0643722690211271
129	0.0647048071650521
129	0.0637187585828069
129	0.0647764051602316
129	0.0641331276585799
129	0.0641931684334511
129	0.0644436455150099
129	0.0646208725875789
129	0.063706653085791
129	0.0647118301314459
129	0.0645931915284605
129	0.0650581042609791
129	0.0643420506434205
129	0.0650199782055939
129	0.0651326946876289
129	0.0656947691743456
129	0.0649452630606494
129	0.0649934189624654
129	0.0641683536556659
129	0.064573238911666
129	0.0638919313618109
129	0.0649665781521839
129	0.0656957780125879
129	0.0649634041005592
129	0.0643520872821414
129	0.0646133865207106
129	0.0640193748857613
129	0.0651404403990254
129	0.0655039824224114
129	0.0643747115828334
129	0.0635655362053162
129	0.0631108242670109
129	0.0648438943284685
129	0.0637847781099103
129	0.064672218861955
129	0.0637036356115273
129	0.065860889395667
129	0.0648353137848462
129	0.0638044672281216
129	0.0646102542726136
129	0.0641976432048774
129	0.0646935806510275
129	0.0652409312398484
129	0.063845412401891
129	0.0642159992702727
129	0.0637901309351847
129	0.064388901628067
129	0.0644816364481636
129	0.0642526045252192
129	0.0647850589166783
129	0.0653612670591994
129	0.0643555227733727
129	0.0629437903706079
129	0.0640919919369617
129	0.0647368907796171
129	0.0653830359994525
129	0.0650230414746544
129	0.0652213517944981
129	0.0640091638029782
129	0.0653098559341413
129	0.0642557460780737
129	0.0652938221998995
129	0.0639396709323583
129	0.0647482014388489
129	0.0656807704596285
129	0.0639068445422454
129	0.0647246202853054
129	0.0657973277009964
129	0.0645691584090598
129	0.064951768488746
129	0.0632473253618628
129	0.0647748875596977
129	0.0638239590942294
129	0.0636963239702966
129	0.0656639765223771
129	0.0643213321743904
129	0.0651434350864288
129	0.0650591446769791
129	0.0633572828216852
129	0.0649963356540857
129	0.0646850737354711
129	0.0652292576419214
129	0.0643136541435459
129	0.0645220757673518
129	0.0643713945609376
129	0.0655849778952646
129	0.0644969874018623
129	0.0653410383582837
129	0.0646524015061071
129	0.0651836995168201
129	0.0647941270347909
129	0.0648156660843983
129	0.0640180670138729
129	0.0647531572904707
129	0.0641007955120246
129	0.064959718492453
129	0.0639325031582747
129	0.0648071051901193
129	0.0653128430296378
129	0.0642072783374172
130	0.0639907727797001
130	0.0640296216020952
130	0.0646281822752411
130	0.0646380904659955
130	0.0649111499861891
130	0.0648006480064801
130	0.064615953073761
130	0.0641290856433595
130	0.063451541032306
130	0.0647023227668389
130	0.0651617825247947
130	0.065511392289002
130	0.0636602330830531
130	0.0653068691118632
130	0.0646059720573464
130	0.065288157351795
130	0.0635880520432472
130	0.0650149199746813
130	0.0635835485060863
130	0.0642327751852868
130	0.0642978003384095
130	0.0642474717430101
130	0.0644070893477069
130	0.0643555394641564
130	0.065527978752633
130	0.0640691452874194
130	0.0642654721638175
130	0.064966357519549
130	0.0631823144104803
130	0.0640459770114943
130	0.064770141101502
130	0.0640850209815727
130	0.0638132295719844
130	0.0642446726688685
130	0.0633847839985387
130	0.0659380692167577
130	0.0657205841829705
130	0.0650329452116617
130	0.064356884057971
130	0.0644203100343451
130	0.0646063551744693
130	0.0645732177701139
130	0.0647495276280013
130	0.0655314523798741
130	0.0645411775453341
130	0.0648673587081892
130	0.0645102422555773
130	0.063177811620287
130	0.0639294571507302
130	0.0649863064568537
130	0.0639804976771998
130	0.0649203764024611
130	0.0647958952004722
130	0.0639935196435804
130	0.0640077195239627
130	0.0654033667555883
130	0.0649385716214392
130	0.0642870151156438
130	0.0655804851408547
130	0.0664137489715696
130	0.0642863749884377
130	0.0642999121712199
130	0.0644822707981563
130	0.0651128714684738
130	0.0638046832455981
130	0.064400958105482
130	0.0643407340280924
130	0.0652242935546786
130	0.0651928206519282
130	0.0645482979012737
130	0.0636026210878431
130	0.065086069855112
130	0.0646330275229358
130	0.0645322889152018
130	0.0647907518594856
130	0.0651632477471358
130	0.0645042047869883
130	0.0641411378555799
130	0.0645744777064303
130	0.0638481842177118
130	0.0642450404114622
130	0.0651723661803286
130	0.0653907496012759
130	0.064498421847125
130	0.0645057913290299
130	0.0632346791804116
130	0.0626446956284897
130	0.0644561371677402
130	0.0647000271468645
130	0.0645632619515091
130	0.0640792583166697
130	0.0636555006406736
130	0.0649109287883596
130	0.0646614488532945
130	0.0650320320781675
130	0.0638598731925375
130	0.0649990613853952
130	0.0647699204098436
130	0.0645906486786176
130	0.06348110297841
131	0.0648211593805674
131	0.0646734130634775
131	0.0648730544970387
131	0.0647814434895111
131	0.0647797306551016
131	0.0639474749291721
131	0.0641852019972764
131	0.0654925701706109
131	0.0638135440991557
131	0.0647429789936936
131	0.0645310405399159
131	0.0639315149583352
131	0.0650340868317187
131	0.0643456069996354
131	0.0647218017522132
131	0.0643484660319213
131	0.0648344221671548
131	0.0654699530730329
131	0.0648939537828427
131	0.0640879441682251
131	0.064401786125305
131	0.064784506273868
131	0.0648863585016493
131	0.0653591790193843
131	0.0654829480950002
131	0.0651777575205105
131	0.0650641604915959
131	0.0642043649893371
131	0.0653370013755158
131	0.0649094659637864
131	0.0645439288792126
131	0.0641248626876602
131	0.0650557620817844
131	0.0641652575293634
131	0.0653553009903701
131	0.0656544932293804
131	0.0646279949558638
131	0.0650002280709757
131	0.0640552780241841
131	0.0646740887882847
131	0.0652605011718046
131	0.0653293822657853
131	0.064755789956432
131	0.0641137353817932
131	0.0643835616438356
131	0.0639776213679841
131	0.0648737052516809
131	0.0648202710665881
131	0.0643475869654888
131	0.0646878383255143
131	0.0644648373614392
131	0.0646499256120103
131	0.0649098223568232
131	0.0649441995686017
131	0.064304758461747
131	0.0651297094142451
131	0.0646323663565043
131	0.0648986533069817
131	0.0640275699451322
131	0.0644069347239376
131	0.0648135593220339
131	0.065344811795952
131	0.0657120707738611
131	0.0648411026650792
131	0.0646684831970935
131	0.0647741817516913
131	0.0648931332423829
131	0.063929219600726
131	0.0643325441631761
131	0.0649002408762441
131	0.0654057241348029
131	0.0648266423357664
131	0.0647037274475685
131	0.0640877864355203
131	0.0653547243557697
131	0.064543581474514
131	0.0643571135149938
131	0.0648986241853729
131	0.064874632934267
131	0.0654843735679589
131	0.0653163404642695
131	0.0651029852100535
131	0.0643909649406439
131	0.0646032115429369
131	0.064554419284149
131	0.0648478201261311
131	0.0633802816901408
131	0.0652471274849535
131	0.0642468239564428
131	0.0652626706780838
131	0.0641706334675943
131	0.0661157024793388
131	0.0647742168783619
131	0.0647199926192453
131	0.0648963555073838
131	0.0646745425063702
131	0.0650552486187845
131	0.0658033221983252
131	0.0649462952849081
131	0.0648164970930233
132	0.0651555515419696
132	0.0642222625090645
132	0.0644883531224508
132	0.0647085404428378
132	0.0638589439064498
132	0.06503272524718
132	0.0642081447963801
132	0.0648633978650262
132	0.0652855390486575
132	0.0645586897179254
132	0.0644795867506457
132	0.0642652476463365
132	0.0626214940294363
132	0.0641048743130012
132	0.0641370199972669
132	0.0640807112912885
132	0.0650801580453245
132	0.064247990815155
132	0.0647826283237777
132	0.0648412333179936
132	0.0643675014825966
132	0.0648629277907185
132	0.0646707670043415
132	0.0647892508742868
132	0.0647389852221256
132	0.0640852062460511
132	0.0647971304793404
132	0.0653127163627971
132	0.0651975960662903
132	0.0645557526955098
132	0.0642597951403243
132	0.0640402950170894
132	0.0648964812923591
132	0.0643834997515023
132	0.064780854575463
132	0.0640437058121385
132	0.0645440072776893
132	0.0643562104880156
132	0.064803912689068
132	0.0648492358529533
132	0.0643399918096191
132	0.0645293875873407
132	0.0640618528234157
132	0.0639989160381193
132	0.0644124569980083
132	0.0644043057836161
132	0.0637786911744331
132	0.0647674260609629
132	0.0642058268513831
132	0.065614849187935
132	0.0653172617693882
132	0.0653710247349823
132	0.0646508213269707
132	0.0661009174311927
132	0.0638938295252428
132	0.0650729811559492
132	0.065706366156223
132	0.0648550724637681
132	0.065116490717146
132	0.0656180990580918
132	0.0648814709523591
132	0.0657421910992352
132	0.0643887204923303
132	0.0648454746136865
132	0.0646638321730598
132	0.0642302421196894
132	0.065427959392754
132	0.0643347619705977
132	0.063868949015277
132	0.0649852724594993
132	0.0657627743958679
132	0.0642741375318361
132	0.0647238843465948
132	0.0639118457300275
132	0.0640215998535603
132	0.0645500228414801
132	0.0649080807624554
132	0.0649865560771089
132	0.0638240453380111
132	0.0648165222201733
132	0.0638201637342259
132	0.0645613083943255
132	0.0646581060846681
132	0.0642338400469123
132	0.0655926883308715
132	0.0643823757233335
132	0.0646382629322142
132	0.0654477645881657
132	0.0645044556022979
132	0.0631713671892856
132	0.0642496558054153
132	0.0635914958238421
132	0.0640943585992503
132	0.0641814507073883
132	0.063558360194307
132	0.0657793471863824
132	0.0648608807812788
132	0.0645161290322581
132	0.0645570767975338
132	0.0646676300578035
133	0.0651501868684538
133	0.0641314131413141
133	0.0641165755919854
133	0.0641475073981334
133	0.0637495456197746
133	0.0659380526960229
133	0.0642407086110857
133	0.0653630520990018
133	0.0645396204087206
133	0.0637541617924953
133	0.0645117540687161
133	0.0640173606401736
133	0.0645878721859114
133	0.0643063583815029
133	0.0646841167603125
133	0.0658628348669598
133	0.0649883705021207
133	0.0644004719978215
133	0.0644223342874018
133	0.0643044619422572
133	0.0650413899754389
133	0.0650480572131372
133	0.0644649094950778
133	0.0636010066346374
133	0.0648510793332726
133	0.0648633978650262
133	0.0652281857987631
133	0.0649621469694909
133	0.0642916017950362
133	0.0650469504968548
133	0.064521992002908
133	0.0646285007104551
133	0.0635319946942323
133	0.0645511746865239
133	0.0645781808189063
133	0.0647045505999547
133	0.0647822558831485
133	0.0638288267954679
133	0.064194268531596
133	0.0638084378563284
133	0.0646503512147108
133	0.0653131670981514
133	0.0644155139679957
133	0.0635252419684646
133	0.06482450949151
133	0.0650828779187932
133	0.0644853875476493
133	0.0646377469906882
133	0.0650042914577404
133	0.0653202903124014
133	0.06467199405315
133	0.0639956735319302
133	0.064424121695038
133	0.0644353369763206
133	0.0646482308010859
133	0.0646831112711559
133	0.0635503719349803
133	0.0638492081602848
133	0.0649140181867291
133	0.0643171024013494
133	0.0642812190955677
133	0.0649356554954299
133	0.0649011394856551
133	0.0639094312060623
133	0.064219347786482
133	0.0644340437133639
133	0.0652341099298801
133	0.0643360483206736
133	0.0645985401459854
133	0.0650324705021495
133	0.0645600036269665
133	0.0646035690083578
133	0.0643521670070343
133	0.0648186080385998
133	0.064469525959368
133	0.0643613650764914
133	0.0649701002652758
133	0.0642268321405924
133	0.0645771413131586
133	0.0642637481910275
133	0.0644236022582408
133	0.0632265772182144
133	0.0651252929511448
133	0.0641019783433088
133	0.0647032170367014
133	0.0656167979002625
133	0.064507299270073
133	0.0658376667420303
133	0.0643800190553968
133	0.063905487387675
133	0.0645598806455988
133	0.0638706140350877
133	0.0635651773376324
133	0.064455712393221
133	0.0640281522782323
133	0.0646363922202758
133	0.0642883178421724
133	0.0647603411319378
133	0.0638934203371398
133	0.0652677476495435
134	0.0644857296715132
134	0.0650417512976755
134	0.0634035803308407
134	0.0652372262773723
134	0.064308972503618
134	0.0638849706511353
134	0.0653066750913932
134	0.0639314255100674
134	0.0645205416989649
134	0.0642693540998626
134	0.0647984401215254
134	0.0645959936979518
134	0.0648774689100219
134	0.0646768402154399
134	0.064707233065442
134	0.0647670737222976
134	0.0641189346953667
134	0.0651137692238511
134	0.0645324968863877
134	0.0641154443328158
134	0.0640444238778343
134	0.0648290869525796
134	0.0646181023662312
134	0.0648292280926655
134	0.0644301968575041
134	0.0650424877960586
134	0.065272119741841
134	0.0652629617552522
134	0.0642886579055818
134	0.0638472780416514
134	0.0642473363081687
134	0.0641670062944346
134	0.0654111624080084
134	0.0644468804238604
134	0.0648643744897033
134	0.0645220168834132
134	0.06483174835406
134	0.0646396396396396
134	0.0644490644490645
134	0.0654073736913974
134	0.0635760401721664
134	0.0637336826414924
134	0.0654721505814217
134	0.0644681713745101
134	0.0656797995900706
134	0.0638395310496428
134	0.0638413968715897
134	0.0643718661065185
134	0.0650616612259703
134	0.0647531572904707
134	0.0633392106333921
134	0.0641316171138506
134	0.0633440514469453
134	0.064919079097333
134	0.0638943833663002
134	0.0642521797451375
134	0.0646996742073143
134	0.0649653010969331
134	0.0638600679460105
134	0.0654813332727025
134	0.0631448617416426
134	0.0642392357746089
134	0.0640068369917236
134	0.0644381796214257
134	0.0649368231046931
134	0.0645352010187375
134	0.0643197819668408
134	0.0646389556230452
134	0.0641201795365027
134	0.0650712557139016
134	0.0645396536007293
134	0.0648101265822785
134	0.0644733229614716
134	0.0643239748799409
134	0.0656078304630869
134	0.064122614951517
134	0.0638220277169949
134	0.0644706951385734
134	0.0647795318454001
134	0.0634441087613293
134	0.0642575799212238
134	0.0661597304434933
134	0.0645615629259428
134	0.0641587918795497
134	0.0642189405229644
134	0.0651346206146315
134	0.0642126415783705
134	0.0654247660187185
134	0.0645523057599139
134	0.0645439288792126
134	0.0648461127913183
134	0.065328894088005
134	0.0641476274165202
134	0.0655463703302164
134	0.0645539906103286
134	0.0635550688931472
134	0.0646728131324488
134	0.0654205607476635
134	0.0643464739778652
134	0.0648491984421701
135	0.0641588952654232
135	0.0642590630614031
135	0.0639619883040936
135	0.0646100646100646
135	0.0643002215657312
135	0.0641884091433849
135	0.0639695077149155
135	0.0638817306388173
135	0.0647648763093381
135	0.0643840547106992
135	0.0644846116267709
135	0.0641180957508862
135	0.0657368707977467
135	0.0651462838451754
135	0.064945120007287
135	0.064427659383149
135	0.0649857628364104
135	0.0658438061041293
135	0.0655589260651062
135	0.0643828851075293
135	0.0645667112484435
135	0.0648554701792902
135	0.0654946256148661
135	0.064364491050443
135	0.0642693190512624
135	0.0646093645782383
135	0.0646677619569186
135	0.0650970785701325
135	0.0647019423978567
135	0.0646298472385429
135	0.064485559566787
135	0.0650936090739307
135	0.0640996602491506
135	0.0642941766153285
135	0.0652459164743677
135	0.0634004453938099
135	0.0635413338202401
135	0.064592538605202
135	0.0653367496339678
135	0.0644425174569851
135	0.0645309979257894
135	0.0653636654918295
135	0.0646945866861741
135	0.0647050810516278
135	0.0648022445470178
135	0.0641487350319618
135	0.0646699046591113
135	0.0647337383845604
135	0.0650313486796943
135	0.0654629587624189
135	0.0644393551573937
135	0.0646145439643003
135	0.0642853909185567
135	0.0649893273990644
135	0.0642630385487528
135	0.064788861829711
135	0.0642434106424341
135	0.0643541968162084
135	0.0652667939278247
135	0.0646200662310928
135	0.064453125
135	0.064919703380192
135	0.0650027178836746
135	0.0634137509618431
135	0.0650165904403193
135	0.064542670384422
135	0.0650160476845484
135	0.0656491357116587
135	0.0644985712341815
135	0.0644870755651626
135	0.065615141955836
135	0.0642413808725592
135	0.0641659796647431
135	0.0639600816511681
135	0.0650076638716076
135	0.0645572501707262
135	0.0644001456399053
135	0.0645906989393527
135	0.064792011821072
135	0.0649480324967095
135	0.0640315846796152
135	0.0651133387519191
135	0.0644327559626372
135	0.0651569690618308
135	0.0642847414536705
135	0.0649154723343835
135	0.0637576202044277
135	0.0644021739130435
135	0.0644340437133639
135	0.0654791431792559
135	0.0642857142857143
135	0.065194769940732
135	0.0648958239379453
135	0.063906023222061
135	0.0639300439490735
135	0.0643935968164963
135	0.063975974882832
135	0.0651369017689811
135	0.063546060688529
135	0.0651891649876875
136	0.0647740177151942
136	0.0649840571248933
136	0.0651493856825498
136	0.0654367779350655
136	0.0648055832502493
136	0.064890554311566
136	0.0634472244641736
136	0.0641398093508852
136	0.0640158687223875
136	0.0653651023736184
136	0.0646616541353384
136	0.0644300764118099
136	0.0653963555637776
136	0.0647323436797121
136	0.0645496901433935
136	0.0652812288231308
136	0.0645872715816005
136	0.0644075506026836
136	0.0642997674834555
136	0.0644451430367809
136	0.0643492466872391
136	0.0640933249256824
136	0.0651531006870194
136	0.0641701590734983
136	0.0643658404197576
136	0.0640498667509824
136	0.0648612051455653
136	0.0654393918578559
136	0.0643927462538811
136	0.0651032234697573
136	0.0648119016585015
136	0.0643688655558092
136	0.0636675039963462
136	0.0641206762976804
136	0.0642102411270658
136	0.0648690362703709
136	0.0642902038250875
136	0.0642731496098507
136	0.0643412253750226
136	0.0639810426540284
136	0.0649503693967275
136	0.0650054664723032
136	0.0647488543037343
136	0.0636150657776176
136	0.0635157096424702
136	0.064388132383443
136	0.0644403271724886
136	0.0643086816720257
136	0.0635601032448378
136	0.0648787755654883
136	0.0637857303623678
136	0.0644217350200333
136	0.0640782097020803
136	0.0643701845547393
136	0.0647921760391198
136	0.0648889697852202
136	0.0651716247139588
136	0.0646278389925793
136	0.0644218028966967
136	0.0640334321919655
136	0.0634653825186262
136	0.0650135256988278
136	0.063674844112694
136	0.0653340488328414
136	0.0646850799050987
136	0.0623608017817372
136	0.0642722117202268
136	0.0639762881896945
136	0.0651228776715024
136	0.0649753030983386
136	0.0646297397429447
136	0.0644944122795207
136	0.0647083085101508
136	0.0638938848920863
136	0.0650530861975886
136	0.0640718833250553
136	0.0645527642756553
136	0.0647611343310413
136	0.0641528134432581
136	0.0646446355817112
136	0.0649703445465658
136	0.0649303175691113
136	0.0644275359056323
136	0.0655583858426062
136	0.0658031792038404
136	0.0645921315847966
136	0.0642766034985423
136	0.0646380904659955
136	0.064977523498161
136	0.0641781567489115
136	0.0634340150796876
136	0.0646344777606667
136	0.0646979260595131
136	0.0638796909492274
136	0.0644712013658011
136	0.0650569476082005
136	0.0643767263654994
136	0.0639148401006109
136	0.0643629889989501
136	0.0642636733598676
137	0.0640524637290572
137	0.0642531876138434
137	0.0641585942779905
137	0.0638499774062359
137	0.0649392048818252
137	0.063989230424052
137	0.0644268951055191
137	0.0648614609571788
137	0.0644738625581711
137	0.0650056625141563
137	0.064158990879804
137	0.0645013932666393
137	0.0638896330029467
137	0.0636670416197975
137	0.0652631578947368
137	0.0639010914360763
137	0.0643151667264252
137	0.0650546658803248
137	0.0647754785071491
137	0.0648454871352725
137	0.0652992694105368
137	0.0639675375005699
137	0.0652662477640692
137	0.0646661802261948
137	0.0645485255181229
137	0.0652371847400528
137	0.0644111616296693
137	0.0651204683629813
137	0.0641852019972764
137	0.0647122399351527
137	0.0640053823727293
137	0.0635421360973411
137	0.0652759391975168
137	0.0640723981900452
137	0.0655159949394542
137	0.0643184603513231
137	0.0632911392405063
137	0.0646447060979521
137	0.0647598488936859
137	0.0639195618996319
137	0.0647494864695901
137	0.0641638841259814
137	0.0645485255181229
137	0.0652026569066016
137	0.0645482979012737
137	0.0642383807420096
137	0.0640602710413695
137	0.0650526128054218
137	0.0652036199095023
137	0.064331181436504
137	0.0653442240373396
137	0.0645175773357877
137	0.0653254972875226
137	0.0641048662237386
137	0.064288980338363
137	0.064738478172726
137	0.0648619186046512
137	0.0644872769554134
137	0.0645161290322581
137	0.0651919264732384
137	0.0634784955911463
137	0.0643115537492743
137	0.064469395146686
137	0.0645902821599207
137	0.0649171904390512
137	0.0647011016796099
137	0.0640003665017409
137	0.0644075403949731
137	0.0643821391484943
137	0.0649074367446703
137	0.0643689583521547
137	0.0648780708501108
137	0.0638827308510157
137	0.0642430278884462
137	0.0645219591541659
137	0.0649263721552878
137	0.0642802329255631
137	0.065221343514226
137	0.0641043053103355
137	0.0638655462184874
137	0.0658054642841068
137	0.0640300466084438
137	0.0641094661283087
137	0.0636355377906977
137	0.0643229757314584
137	0.0649426579716663
137	0.0650927336260192
137	0.0642971064023696
137	0.0644151196600313
137	0.0636192693409742
137	0.0644333378360124
137	0.0645569048801408
137	0.0644127471337005
137	0.0650928260371304
137	0.0638074837063033
137	0.0648971526093596
137	0.0649344801188814
137	0.0649968578867044
137	0.0649227002765562
137	0.0645882721295344
138	0.0633748930998785
138	0.0648320261141588
138	0.0644869124173535
138	0.06475372797108
138	0.0645540968764147
138	0.064086952600009
138	0.0637772288344936
138	0.0641509433962264
138	0.0644175974470025
138	0.0649494529843512
138	0.0651515151515152
138	0.0644156547645917
138	0.0655175566934894
138	0.0650620701973743
138	0.0644514720947842
138	0.0652428584302064
138	0.0633574007220217
138	0.064313969509756
138	0.0646841472643903
138	0.0650930881478432
138	0.0643720678455431
138	0.0651500874949522
138	0.0637848050020242
138	0.065635507733692
138	0.0649474256707759
138	0.0639466279386403
138	0.0649624870838762
138	0.0644167610419026
138	0.0642637481910275
138	0.0646162147578578
138	0.0644715120688886
138	0.0635547087642896
138	0.0645944851783545
138	0.0653307340073446
138	0.0651593940764187
138	0.0644442423139894
138	0.0644070893477069
138	0.0646415333152518
138	0.063943161634103
138	0.0645525081198123
138	0.0645987862440998
138	0.0639974779319042
138	0.0647085002225189
138	0.0649149922720247
138	0.0639971074753683
138	0.0647958729876368
138	0.0642657279537864
138	0.064977523498161
138	0.0643819513518401
138	0.0643124520813602
138	0.0642298366805435
138	0.065579743146006
138	0.0654011299435028
138	0.065263442556452
138	0.0640950885848845
138	0.064032016008004
138	0.0646120573127872
138	0.0649834249125834
138	0.0636111490019552
138	0.0640729152496259
138	0.0649019080892233
138	0.0648536508366031
138	0.0653979554581964
138	0.0646013341093253
138	0.0646935217060849
138	0.0639883657516815
138	0.064417591303176
138	0.0644795867506457
138	0.0645772266065389
138	0.0646569551031662
138	0.063736561568344
138	0.0637550652859073
138	0.0643179765130985
138	0.0640263422665325
138	0.06534981635761
138	0.0637199402200987
138	0.0634562440763641
138	0.0649232724961409
138	0.0652869831822896
138	0.0641196900881646
138	0.0642698059179128
138	0.0643434027932712
138	0.0648672964462438
138	0.0640014422860233
138	0.0647003703538441
138	0.0641271581255138
138	0.0646139913968757
138	0.065414245168266
138	0.0645614353026459
138	0.0648749262269033
138	0.0637110314471117
138	0.06495886981402
138	0.0635211141862334
138	0.0647034985816561
138	0.0644685039370079
138	0.0646739374354832
138	0.0637997724687144
138	0.0642372958464128
138	0.0639439694378752
138	0.0644667537027866
139	0.0643413629443897
139	0.0640336210402639
139	0.0639780018331806
139	0.0637999003126558
139	0.0654057957930848
139	0.0647183511477924
139	0.0648226257603339
139	0.0648002516514627
139	0.0650391774989809
139	0.0639265335235378
139	0.0651869264499797
139	0.0639122877390025
139	0.0642570281124498
139	0.0642029439398685
139	0.0638384754990926
139	0.064766955818239
139	0.0637708361263798
139	0.0650239255847234
139	0.0647608725104999
139	0.0645803183791606
139	0.0639285714285714
139	0.0653908210828254
139	0.0643774882374231
139	0.0641853742264782
139	0.0648310613218158
139	0.0646549771192968
139	0.0648592845280309
139	0.0646155220148254
139	0.0645920028948797
139	0.0639511015828126
139	0.0649209441398994
139	0.0650464938682
139	0.0647003282226519
139	0.0647667223702633
139	0.0636747908984621
139	0.0646575342465753
139	0.0644769403824522
139	0.0640321500334896
139	0.0636802019018433
139	0.0647527621807644
139	0.0646899049343594
139	0.0641665923481673
139	0.0642280844891669
139	0.0640179573512907
139	0.0636082057727701
139	0.0647635472451666
139	0.0635365257213997
139	0.0645002461841457
139	0.0653040877367896
139	0.0641303366729849
139	0.0636714443219405
139	0.065343747161929
139	0.065235897665666
139	0.064434845212383
139	0.0655989866087586
139	0.0647808150868126
139	0.064324056114394
139	0.0645495029463362
139	0.0642570281124498
139	0.0652722683014785
139	0.0638054755701815
139	0.0650961495560612
139	0.0657035513015475
139	0.0647192817901648
139	0.0647308465490284
139	0.0646284654696757
139	0.0646924420948882
139	0.0649819494584837
139	0.0649297317028655
139	0.065320558739255
139	0.0645654422013399
139	0.0646152455831187
139	0.0643441326645881
139	0.0643932604409392
139	0.06473133790119
139	0.0640609001469083
139	0.0641480616324514
139	0.064537532622639
139	0.0648316954955756
139	0.0649822734820267
139	0.0651351351351351
139	0.0655982615781611
139	0.064609493276338
139	0.065292559162962
139	0.0643306623206121
139	0.0646979865771812
139	0.0642783758431232
139	0.064388844049861
139	0.0647170322231248
139	0.0657078651685393
139	0.0630708410960149
139	0.0645876768841769
139	0.0646222222222222
139	0.064568345323741
139	0.0649362313633914
139	0.0649691500138134
139	0.0641160587616127
139	0.0650967654621735
139	0.0645118025751073
139	0.0644052666815443
140	0.0649268841394826
140	0.0639021074099252
140	0.0649056945135465
140	0.0652832205201282
140	0.0642584698227507
140	0.064906441165887
140	0.0651948169217572
140	0.0648868778280543
140	0.0641244716251461
140	0.0650256502565026
140	0.064485559566787
140	0.0639203908736384
140	0.0641194354948496
140	0.0649046051147896
140	0.0652348633684587
140	0.0649356513885753
140	0.0656133912187262
140	0.0646633529145956
140	0.0639974492119887
140	0.0652624932347105
140	0.0651048760555707
140	0.0643277501131734
140	0.064412525649032
140	0.0645334047395903
140	0.0633315108438127
140	0.0642591846780328
140	0.0644186990037416
140	0.06375
140	0.0651503641807051
140	0.0642806267806268
140	0.064271093927678
140	0.0646453853345799
140	0.0638709097446962
140	0.0648309827624804
140	0.0652951699463327
140	0.0645665075186292
140	0.0644285141813972
140	0.063877142221233
140	0.0650863800723182
140	0.0648403894045732
140	0.065
140	0.0650781564921396
140	0.0649333273870579
140	0.0648959597321469
140	0.064033321127792
140	0.0644823186292381
140	0.0640950623396498
140	0.0639452152258983
140	0.0643050541516245
140	0.064271093927678
140	0.0643129079042785
140	0.0644400072608459
140	0.064738478172726
140	0.0644825557717544
140	0.0643501229620184
140	0.0646092763039163
140	0.0645233510947925
140	0.0642972681524083
140	0.0646636771300448
140	0.0648402649484072
140	0.0653402768504918
140	0.0652105381670795
140	0.0648980883084015
140	0.0648061183416074
140	0.0642099634613671
140	0.0635918623972695
140	0.0645002681923833
140	0.0647820965842167
140	0.0637084558495946
140	0.0646179845237036
140	0.0640990497076023
140	0.0647966464502319
140	0.0635063822109963
140	0.0649699793888341
140	0.065363002922005
140	0.0643282712897012
140	0.065262775710266
140	0.0647432985006815
140	0.0641231593038822
140	0.0647836807890607
140	0.0647867213992504
140	0.0643705141515822
140	0.0647405029427501
140	0.064064108877647
140	0.0656088998313044
140	0.0638220936539505
140	0.0650192700068012
140	0.0642633938680313
140	0.0648326537927326
140	0.0649598256843252
140	0.0649234351213397
140	0.0641989851395433
140	0.0642395403124439
140	0.06518088148518
140	0.0651082877424606
140	0.0644389252652969
140	0.0654631574243711
140	0.0649432819632124
140	0.0649280817314155
140	0.063804280259302
141	0.0640596401946342
141	0.0646178442954212
141	0.0640346228581523
141	0.0638419570573742
141	0.0652946928615877
141	0.0646635895615125
141	0.0649851898393322
141	0.065516153742171
141	0.0646616541353384
141	0.0642164599774521
141	0.0641653560997529
141	0.0644241479171308
141	0.0647966464502319
141	0.0655301492806567
141	0.0644760213143872
141	0.0648386950816705
141	0.0658048824430232
141	0.063617030903579
141	0.0644475920679887
141	0.0648023662274805
141	0.06437425029988
141	0.0648052704701295
141	0.0641849104396598
141	0.0644943516809937
141	0.0639063906390639
141	0.064507398051245
141	0.0647111509180475
141	0.0647064121037464
141	0.0649102884397002
141	0.0654932094353109
141	0.0640864651538255
141	0.063182105168215
141	0.0638624362503949
141	0.0651734817541182
141	0.0651270826819136
141	0.0642628277449343
141	0.0648185348868354
141	0.0645897676916879
141	0.0639046845383157
141	0.0639644492324266
141	0.0646409822937984
141	0.0640320836337419
141	0.0653352611603109
141	0.0640332454533268
141	0.0652300524170064
141	0.0653733723093277
141	0.0647749686211225
141	0.0641008508174084
141	0.0647592400379079
141	0.0645088172627952
141	0.0641836919182788
141	0.063403284263278
141	0.0641390482027932
141	0.0643624982990883
141	0.065053836103978
141	0.0637738925627321
141	0.0647319410541542
141	0.0643632683106367
141	0.0637408568443051
141	0.0646158040623438
141	0.0648943421949557
141	0.0650048875855327
141	0.0648025262001739
141	0.0627713458755427
141	0.0641290670501528
141	0.0645569048801408
141	0.0649032027834776
141	0.0647358686335544
141	0.0638364498523754
141	0.0653452801158476
141	0.0650461097681082
141	0.0651674253008247
141	0.0642485652797705
141	0.0641077080825643
141	0.0650747600981924
141	0.064438599673499
141	0.0650242326332795
141	0.0649455425574829
141	0.0647095677078672
141	0.063939652462844
141	0.0646256962999864
141	0.0646861737770829
141	0.0644459551325629
141	0.065161117557797
141	0.0641613607017231
141	0.0643642762868456
141	0.0634713275372765
141	0.0648290174140576
141	0.0647576692684698
141	0.0656386099013421
141	0.0643825131691504
141	0.0653087033106002
141	0.0652701609278072
141	0.06468515674406
141	0.0643778780832535
141	0.0649182378697167
141	0.0654277100301489
141	0.0639595757272272
141	0.0642197703219995
141	0.063710407239819
142	0.0642924676961866
142	0.0651760659002444
142	0.0643102601865488
142	0.064214463840399
142	0.064655761607509
142	0.0637844213582543
142	0.065318748318838
142	0.0645003773249878
142	0.0644358529973781
142	0.0657503379900856
142	0.0652922498993784
142	0.0645030425963489
142	0.0644333378360124
142	0.0649490069779925
142	0.0650355871886121
142	0.0657561062419362
142	0.0647472289808056
142	0.0638011486001436
142	0.06491868270487
142	0.0638528627592752
142	0.0648060335094612
142	0.0646160754378087
142	0.065058281377067
142	0.0638469827586207
142	0.064973393551849
142	0.063758389261745
142	0.0647043106519416
142	0.0652502444661748
142	0.0651675286710142
142	0.0639371344376479
142	0.0651118899973039
142	0.064339308981444
142	0.0640507789959608
142	0.0639890460976723
142	0.064228849008231
142	0.0633954318670756
142	0.0639254884143571
142	0.064418272662384
142	0.064677064137714
142	0.0647090087695987
142	0.0641685358666491
142	0.0649622986659528
142	0.064712413946258
142	0.0646105357946871
142	0.0657031981801151
142	0.0644080079717366
142	0.0640669770773639
142	0.0644242506442425
142	0.0643204424818234
142	0.0647514409221902
142	0.0643044619422572
142	0.0652193375111907
142	0.064812738282126
142	0.0638933476012128
142	0.0643927462538811
142	0.0650700008805142
142	0.0642347703629673
142	0.0642458100558659
142	0.0640457981126168
142	0.0651025342527089
142	0.0643980477223427
142	0.0633211189561176
142	0.0650654635527247
142	0.0642197782783446
142	0.0646502166799328
142	0.0650362805697393
142	0.0651365042363384
142	0.064617564994021
142	0.0643253735385726
142	0.0650715563506261
142	0.0629963655942926
142	0.0641715989497575
142	0.0651527919457134
142	0.06466481696948
142	0.0642040059682597
142	0.0638412017167382
142	0.0644888888888889
142	0.063961792537047
142	0.0644903752328573
142	0.0644508410542412
142	0.0642111834477838
142	0.0649105457160838
142	0.0641467233281145
142	0.0645676274944568
142	0.0647655656371519
142	0.0647994622451266
142	0.0651106204659127
142	0.064457885709127
142	0.0644975907342735
142	0.0641466727025804
142	0.0647308465490284
142	0.063989230424052
142	0.0640144665461121
142	0.0648405927256399
142	0.0647711449490185
142	0.0648238530481853
142	0.0643792163695662
142	0.0642654112631018
142	0.0640537910289304
142	0.065516153742171
143	0.0638870208473436
143	0.0642226384800642
143	0.0647760378732702
143	0.0645421179840659
143	0.0647029989750902
143	0.0644888513062442
143	0.06447286059197
143	0.0644741564967696
143	0.0647994622451266
143	0.064291109432621
143	0.0643559928443649
143	0.064679515912147
143	0.0648024855747892
143	0.0647904884891125
143	0.0640905646922494
143	0.0643216984526808
143	0.0647211529854086
143	0.064078536367693
143	0.0640834575260805
143	0.0638192760262283
143	0.0631985277615692
143	0.0641320524962793
143	0.0647798742138365
143	0.0642860307474193
143	0.0650537634408602
143	0.0643266928671455
143	0.0639361989726953
143	0.0646126367492744
143	0.0646857862087566
143	0.0647510769640716
143	0.0648600621945802
143	0.0652808332959188
143	0.0649946543121882
143	0.0650255045464626
143	0.0651187856469215
143	0.0645598806455988
143	0.0642250766700742
143	0.0643839886014515
143	0.0643757769490321
143	0.0652135467326908
143	0.0645031693598786
143	0.0646592283909128
143	0.0645771413131586
143	0.0643401915572898
143	0.0642729705619982
143	0.0642489366465189
143	0.0651310209365653
143	0.0644869942196532
143	0.0646001796945193
143	0.0638032436285867
143	0.063978926689883
143	0.0641123767502589
143	0.0652213352685051
143	0.0648544902695947
143	0.0645090750054669
143	0.0644701691896705
143	0.0649012567324955
143	0.0645742670007473
143	0.0638089732758237
143	0.0636621493854397
143	0.0642582834687863
143	0.0635013765401453
143	0.0641228984456428
143	0.0649784577508133
143	0.064750146442572
143	0.0638838152091594
143	0.0648409182440596
143	0.0644095414837279
143	0.0652617267165194
143	0.0649292694899371
143	0.0656349813306941
143	0.06508213598317
143	0.0652368987796123
143	0.0640303842716711
143	0.0643924368636784
143	0.0647857427143678
143	0.0641863359559052
143	0.0644007965242578
143	0.0647715645713777
143	0.0648912561029738
143	0.0646721605159441
143	0.0639896257210571
143	0.0648437156548116
143	0.0646505853139411
143	0.0647311443142167
143	0.0640484976278334
143	0.0647093258882334
143	0.0651701344217204
143	0.0640917748150773
143	0.064750753947135
143	0.0645146908020866
143	0.0648060335094612
143	0.065574508303704
143	0.0650189267423736
143	0.0647002019137916
143	0.0643832549809716
143	0.0639989281407708
143	0.0651183564091112
143	0.0652729801265085
143	0.0645589210700862
144	0.0653420456060808
144	0.0638183286958083
144	0.0642721260983785
144	0.0650689516668898
144	0.0639490560114803
144	0.0651605339105339
144	0.0652964143068707
144	0.0642325289315511
144	0.0648189340688673
144	0.0641088776469535
144	0.0641529427347786
144	0.0655486430439095
144	0.0641185926058225
144	0.0636176680972818
144	0.0646285867524806
144	0.0646921975662133
144	0.0652456809513125
144	0.0639140769433929
144	0.0645958824058258
144	0.0640916236245228
144	0.0644513826940232
144	0.0642568497713042
144	0.0632387972493146
144	0.0641123083113515
144	0.0651509107831405
144	0.0648526278409091
144	0.0646267713692572
144	0.0639144271570014
144	0.0641105662059741
144	0.0637181409295352
144	0.0646237324319516
144	0.0634298079523938
144	0.0649617740421156
144	0.0647437042328987
144	0.0653000939891689
144	0.064777146944432
144	0.0647016855435655
144	0.0646104042084439
144	0.06457934351757
144	0.0646726309698669
144	0.0645858667747602
144	0.0651471564505422
144	0.0641598855405526
144	0.0642334447556238
144	0.0643719860195549
144	0.0644814133895341
144	0.0650063134061915
144	0.0646499799223665
144	0.0641785682206054
144	0.0642776650890241
144	0.0640021245518523
144	0.0645880726169767
144	0.0644734521079555
144	0.0636587000223364
144	0.0641390345808516
144	0.0645333096622431
144	0.0645117905496279
144	0.0647616504206169
144	0.0638212826434535
144	0.0644815096364531
144	0.064421015010722
144	0.063760046697499
144	0.0642424242424242
144	0.0652564448037366
144	0.0643961460900739
144	0.0655333273526509
144	0.0649315923169482
144	0.064798286326312
144	0.0638709968019459
144	0.0651971023510066
144	0.0643653362099964
144	0.0641185369760612
144	0.0641077441077441
144	0.0642768301350391
144	0.0641129032258065
144	0.0648880250894474
144	0.064490481028314
144	0.0641634555067658
144	0.0649755229194482
144	0.0645917907081642
144	0.0650475467654806
144	0.0644788331554607
144	0.0644729204804215
144	0.0640702962864839
144	0.06492640192111
144	0.064950495049505
144	0.0649327192269484
144	0.0648350180344659
144	0.0637491540717347
144	0.0644760213143872
144	0.0639519359145527
144	0.0640991232778672
144	0.0645507375949933
144	0.0647958729876368
144	0.0642379920548935
144	0.0638749604734156
144	0.0641232312376858
144	0.0643740166329512
144	0.0646551724137931
144	0.0648333555822543
145	0.0646076128860726
145	0.064714048994581
145	0.0637877631638012
145	0.0641766312866676
145	0.064806886295011
145	0.0646768382189404
145	0.0643661720007152
145	0.0643986498489963
145	0.0644974370403388
145	0.0652407374261679
145	0.0646429833863556
145	0.0645495495495496
145	0.0648438199230287
145	0.0644730397613429
145	0.0643774922463447
145	0.0647877337587521
145	0.0640700724734338
145	0.0644469273743017
145	0.0646234365297614
145	0.0640847282681865
145	0.0651322233104799
145	0.0641921783755088
145	0.063688297777381
145	0.0641071428571429
145	0.0639826187203476
145	0.0640723095418318
145	0.0639269406392694
145	0.0648168900443767
145	0.0644402007372208
145	0.0648938547486033
145	0.0636596432903545
145	0.0636456893091298
145	0.0650967654621735
145	0.0631593003071171
145	0.0642043187159136
145	0.0640156918687589
145	0.0652694080113435
145	0.0646605767508508
145	0.0651536685023983
145	0.0645017396734767
145	0.0648947951273533
145	0.0643413629443897
145	0.0646246300116602
145	0.064444944832245
145	0.0642497571315023
145	0.0645693150929103
145	0.0645925528586116
145	0.0645132346343652
145	0.0641390345808516
145	0.0654222301612111
145	0.064067857787403
145	0.0644839922112032
145	0.0636739462568527
145	0.0654307524536532
145	0.0645749077818764
145	0.064723627007364
145	0.0650971367880692
145	0.06447450387114
145	0.064543429844098
145	0.0645263110429724
145	0.0650287087728669
145	0.0642723797670904
145	0.0649210903873745
145	0.0649222192248898
145	0.0638127803188419
145	0.0650274700531388
145	0.0649912174030536
145	0.0649922890504516
145	0.064087708351903
145	0.064578291655463
145	0.0650800711743772
145	0.0648181169757489
145	0.0653396209304435
145	0.0642564923514763
145	0.0648011782032401
145	0.0645701936223702
145	0.064921654020563
145	0.0652359358864994
145	0.064694927279177
145	0.0646580755242243
145	0.0643044037429598
145	0.0648308279012017
145	0.0648588575238942
145	0.064469785400018
145	0.0638260097647581
145	0.0641773109617696
145	0.0644776383242001
145	0.0651237172937675
145	0.064091699745774
145	0.0641418855847446
145	0.0644016677015879
145	0.064650033119894
145	0.0654716897211226
145	0.0644904105948532
145	0.064293400286944
145	0.0637589848256278
145	0.0652811084465761
145	0.0649851898393322
145	0.0650246305418719
145	0.0640633993004826
146	0.0640354767184036
146	0.0640325756219796
146	0.0650255045464626
146	0.063953488372093
146	0.0636351465928868
146	0.064504617031717
146	0.0636993961082532
146	0.0639542673395561
146	0.0649856682192762
146	0.0640569395017794
146	0.0652389093854045
146	0.064922437795554
146	0.0649362313633914
146	0.0649875621890547
146	0.0644745612086203
146	0.0641504401173646
146	0.0644200417907794
146	0.0640132967970891
146	0.0649121257617239
146	0.0642522331299195
146	0.0643096889684493
146	0.0647385984427141
146	0.0648841193976012
146	0.0644590047812998
146	0.0654566432945771
146	0.0649194088493995
146	0.0646022423918847
146	0.0643489141120744
146	0.0641048581909278
146	0.0652597978364958
146	0.0648909545942081
146	0.064697232990242
146	0.0636942675159236
146	0.0644078278923886
146	0.0647050932343603
146	0.0647014628541123
146	0.064439246149093
146	0.0639295668716542
146	0.0641670408621464
146	0.0654938627199007
146	0.0647077073084253
146	0.0650711221494694
146	0.0635896982033808
146	0.0643932604409392
146	0.0648355587418227
146	0.0650779510022272
146	0.0638487208008899
146	0.0648993705115702
146	0.0645075421472937
146	0.0642347343378271
146	0.0649344760350066
146	0.0650855920114123
146	0.0642071656615821
146	0.0637405771889915
146	0.0647825126959594
146	0.0643143255772087
146	0.0640053823727293
146	0.064902982393101
146	0.0648238530481853
146	0.0647211529854086
146	0.0644989575477975
146	0.0652086766736448
146	0.0651166933903438
146	0.0649339049660593
146	0.0642945217544478
146	0.0645900755124056
146	0.0649546158955059
146	0.0647828778632705
146	0.0649554976175492
146	0.0650177920309274
146	0.0634100305590509
146	0.0647939578640519
146	0.0654456109001564
146	0.0636648745519713
146	0.0644769403824522
146	0.065121658289222
146	0.0648453516356182
146	0.0643799472295515
146	0.064506034868127
146	0.0659784560143627
146	0.0644327600035648
146	0.0648218178582551
146	0.064084974551892
146	0.0649350649350649
146	0.0642717930545712
146	0.0642423159399571
146	0.0641207815275311
146	0.0655876582842875
146	0.0647946241822794
146	0.0649465797756794
146	0.0650985663082437
146	0.0641156387176872
146	0.0650232225794927
146	0.0641929334574633
146	0.0646022423918847
146	0.0656327264553832
146	0.0655012170834255
146	0.0642230026338894
146	0.0650066108417805
146	0.0643507469283126
147	0.0643919039942683
147	0.064131949125882
147	0.0648550403404557
147	0.0636092700502647
147	0.0652788827013171
147	0.0645565092989986
147	0.0646049661399549
147	0.0644532115785274
147	0.064405572617617
147	0.064270966041383
147	0.0649367930805057
147	0.0643662906436629
147	0.0646013025875726
147	0.064261408254079
147	0.0649390919158361
147	0.064959070504357
147	0.0641645424980223
147	0.0647478823894629
147	0.0652378182469014
147	0.0646536568213783
147	0.0650272981490523
147	0.0644417852235962
147	0.0639228237839787
147	0.0646240299705646
147	0.064524765729585
147	0.0658128779793668
147	0.0648672763774258
147	0.0653041319382869
147	0.0646231422505308
147	0.0649350649350649
147	0.064272043441492
147	0.0634632418069088
147	0.0645462633451957
147	0.0646444994694022
147	0.0650207228486118
147	0.0643316337840834
147	0.0652241802364488
147	0.0649951529038512
147	0.0649993429985546
147	0.0639623487225459
147	0.064713443553034
147	0.0645848119233499
147	0.0649780721381903
147	0.0651921876393472
147	0.0645190076744601
147	0.0651334191715136
147	0.0643701392855574
147	0.0653965440850687
147	0.064408290617339
147	0.0647672978233941
147	0.0650748648888101
147	0.0649562836704054
147	0.0641858808866732
147	0.0647040785035265
147	0.0640934844192634
147	0.0648608240622664
147	0.0641094420600858
147	0.0633821690191174
147	0.0648127482926394
147	0.0644481320356999
147	0.064559779999127
147	0.0647021717581328
147	0.0640271089709292
147	0.0634480289945859
147	0.0648504983388704
147	0.0633641567591369
147	0.0645132743362832
147	0.0634553857092073
147	0.0637799882972499
147	0.0657235354117699
147	0.0642547161456027
147	0.0641094181591375
147	0.0656173797384172
147	0.0653759448349025
147	0.0648974130240856
147	0.0645844600685055
147	0.0648841511761078
147	0.064945989020719
147	0.0648583858652224
147	0.0645632356845739
147	0.0647834610586348
147	0.0636928440530997
147	0.0643454286730701
147	0.0647176969426467
147	0.0646494268195148
147	0.0641833810888252
147	0.0645161290322581
147	0.0647517476250224
147	0.0647823579003417
147	0.0649339089412079
147	0.0644422489671277
147	0.0643900706070429
147	0.0651506386008633
147	0.0645571284568524
147	0.0643581983265088
147	0.0646247950002216
147	0.0642921146953405
147	0.0640304653943232
147	0.0641156387176872
147	0.0633370660694289
148	0.064754243281471
148	0.0646411828344753
148	0.0640940927712436
148	0.0641352475513216
148	0.064048936265911
148	0.0646527012127894
148	0.0650064827647874
148	0.0647244866141031
148	0.064571504027466
148	0.0649281532730176
148	0.0642234477850916
148	0.0649946543121882
148	0.0642201834862385
148	0.0642416602890199
148	0.0639156761605741
148	0.0642593758431514
148	0.0646774978972066
148	0.0646107358691788
148	0.0639102763807913
148	0.064536009860891
148	0.064374445430346
148	0.0637742691610278
148	0.0650710879351072
148	0.0647108428387555
148	0.0646186440677966
148	0.0642242724071846
148	0.0639438759551365
148	0.0645547186530793
148	0.0649780721381903
148	0.0648588575238942
148	0.0640054127198917
148	0.0645806803711115
148	0.0648751718327347
148	0.0648559743954481
148	0.0647290150522081
148	0.0647708619848276
148	0.0647412118000353
148	0.0651655629139073
148	0.064741479042449
148	0.0642275695500492
148	0.0629686511880025
148	0.064412525649032
148	0.0651204281891169
148	0.0648501601509368
148	0.0649315683194974
148	0.0640567806445853
148	0.0648296059637913
148	0.0647938578973062
148	0.0640367709402472
148	0.0646149746869171
148	0.0638639710804659
148	0.0637313764732044
148	0.0652027784001793
148	0.0652557319223986
148	0.0645495029463362
148	0.0655488486474402
148	0.0643217861256313
148	0.0638705651631307
148	0.064480340818319
148	0.064560378777822
148	0.0648756660746004
148	0.0646119733924612
148	0.064550499445061
148	0.0640123866401239
148	0.0645575789800168
148	0.0641831238779174
148	0.063839128907622
148	0.0642371277985495
148	0.0646326776395022
148	0.0647136563876652
148	0.0649918318689567
148	0.0649808361601833
148	0.0647597765363128
148	0.0649833887043189
148	0.0637228979375992
148	0.0648593756898759
148	0.0631620938788174
148	0.0642035398230088
148	0.0644448453143321
148	0.0642755681818182
148	0.0645877754086709
148	0.0651203887784405
148	0.0641861711631231
148	0.0641938193554092
148	0.0645867787064766
148	0.0650953984287318
148	0.0650245000662164
148	0.0639606940509915
148	0.0648851590106007
148	0.0639602025406414
148	0.0653856418468108
148	0.0648285137861466
148	0.0646474588403722
148	0.0647386574688246
148	0.064283797083296
148	0.0641917672936212
148	0.0647230320699708
148	0.0648288128056914
148	0.0646772886848501
148	0.0648844826060016
149	0.0650241075772991
149	0.064908002660164
149	0.0645810955961332
149	0.0643625462881326
149	0.0647584337081648
149	0.0642790738855195
149	0.0649023592824954
149	0.0644485080950894
149	0.0648115687992989
149	0.0639904610492846
149	0.0641428186956132
149	0.0642812190955677
149	0.0642185480636392
149	0.0650877036773217
149	0.0650158898305085
149	0.0647405029427501
149	0.0646411547200071
149	0.0641834829762646
149	0.0645504051002789
149	0.0647738940225883
149	0.0650989770160755
149	0.0647418297759277
149	0.0646733111849391
149	0.0640720148265819
149	0.0651376552211764
149	0.0645717316361708
149	0.0647504456327986
149	0.0642505592841163
149	0.065393899495282
149	0.0647514008716535
149	0.0645075891281327
149	0.0644079760014117
149	0.0647926103561595
149	0.0643891343335812
149	0.0633583432056514
149	0.0645261706763908
149	0.0643159006867406
149	0.064313517338995
149	0.0641462658816238
149	0.0651025618452329
149	0.064002160410478
149	0.0648011782032401
149	0.0643959319656321
149	0.0633903133903134
149	0.0646249445184199
149	0.0651688345815267
149	0.0644741564967696
149	0.0652978498413817
149	0.0653244046299171
149	0.0646302108660095
149	0.0646184075380699
149	0.0645017396734767
149	0.0653899011393359
149	0.0641213901125795
149	0.064812738282126
149	0.0647712127943136
149	0.0642866610701189
149	0.0648936170212766
149	0.0641189709192004
149	0.0645986850814102
149	0.0644707331017195
149	0.064437984496124
149	0.0651276359600444
149	0.0639099391125323
149	0.0645648312611012
149	0.0639503748661193
149	0.064950495049505
149	0.0652437110443478
149	0.0645569048801408
149	0.0647678673779816
149	0.0640586582367404
149	0.0655192299161602
149	0.0643367752184273
149	0.0646722393312802
149	0.0648326616435956
149	0.0643956043956044
149	0.0644368360986744
149	0.0639524490525563
149	0.0642337070621343
149	0.0638914504017916
149	0.064260911608281
149	0.0645448079658606
149	0.0648426449787836
149	0.0645620275678079
149	0.0641640628438146
149	0.064506062767475
149	0.0650146549427125
149	0.0632479390124989
149	0.0650705954573358
149	0.0647296636900795
149	0.0649792048656142
149	0.0650305108903835
149	0.0633091604751524
149	0.0644171779141104
149	0.0647844942030268
149	0.0646661402123366
149	0.0644574571910212
149	0.0644103371376099
149	0.0649674717048391
149	0.0641002923717551
150	0.0651054276532993
150	0.065150832958127
150	0.064514698709706
150	0.0644602398933807
150	0.0645046329294369
150	0.0646910967059135
150	0.0643028312771811
150	0.0645733546212524
150	0.0634576211141617
150	0.0650488857570686
150	0.0651368364659137
150	0.0655614500442087
150	0.0642541924095322
150	0.0650808499265001
150	0.0646777196559979
150	0.0644211465536471
150	0.065023597273204
150	0.0653960637967035
150	0.0651313742053083
150	0.0649013041945717
150	0.0645981242878429
150	0.0640698455339154
150	0.064774668243332
150	0.065346184454859
150	0.0648689673646145
150	0.0646483342147012
150	0.0640031890862382
150	0.0647425212737959
150	0.0646142989458828
150	0.0643015521064302
150	0.0644307149161518
150	0.064572038041063
150	0.0642797227495475
150	0.0652436029116242
150	0.0641869505676547
150	0.0646526756672459
150	0.0656362007168459
150	0.0651235254840864
150	0.0642774360345904
150	0.0646753017887039
150	0.0640809443507589
150	0.0636331631754973
150	0.0648283176454991
150	0.0647051050521957
150	0.0633556333348102
150	0.0640574095271639
150	0.0635256749602965
150	0.0649767940021421
150	0.0648527275128781
150	0.0652494305747845
150	0.065309774099754
150	0.0640656173797384
150	0.0644102382114182
150	0.0636565836298932
150	0.0641793674566117
150	0.0646327484348823
150	0.0643231441048035
150	0.0643342361141944
150	0.0640440386680988
150	0.0641715989497575
150	0.0651661402962502
150	0.0650538104821069
150	0.0636258762978082
150	0.0647758948719083
150	0.0647329324372126
150	0.0647721790992413
150	0.0653402768504918
150	0.0652654867256637
150	0.0643231441048035
150	0.0646124133087525
150	0.0649293480653255
150	0.0638164381106032
150	0.0647830923248053
150	0.0642307352030434
150	0.0647974242017709
150	0.0649625385632437
150	0.0644846116267709
150	0.0647730289354924
150	0.0641516070878952
150	0.0640550786526646
150	0.0637201380093462
150	0.065149032286638
150	0.0641076549746305
150	0.0652523447967843
150	0.0646759624660177
150	0.064298999202905
150	0.0643285160380684
150	0.063651441122417
150	0.0644232897941111
150	0.0639996451856123
150	0.0647705121389332
150	0.0650262844016433
150	0.0641556475668937
150	0.0653097345132743
150	0.0637951515684808
150	0.0650778295664409
150	0.0645146947667956
150	0.0652407855797686
150	0.0643870336609009
150	0.0643525052928723
151	0.0641248606465998
151	0.0635900187818621
151	0.0642838208005655
151	0.0651123620406897
151	0.0646626586506346
151	0.0646632680440032
151	0.064764533072198
151	0.0649796938456732
151	0.0637161893835768
151	0.064126559714795
151	0.0642831669044222
151	0.0656850135272985
151	0.0642622075958374
151	0.0654148203395779
151	0.0642495334577446
151	0.0646779420251254
151	0.0640918488540888
151	0.0641309155241044
151	0.0647382920110193
151	0.065015479876161
151	0.0643604183427192
151	0.0645103963035365
151	0.0650114055097386
151	0.0650718124944929
151	0.0644947396339846
151	0.0652460456942004
151	0.0641082717478408
151	0.0645930900415304
151	0.0647177066946338
151	0.0641133124476018
151	0.0644741564967696
151	0.0646298990433364
151	0.0647206445647867
151	0.0642907365090526
151	0.0651027703306524
151	0.064909082825768
151	0.0644090305444887
151	0.0655428186109238
151	0.0642907058001398
151	0.0645475043105354
151	0.0651372927449776
151	0.0643865842894969
151	0.06450193593805
151	0.0648849886983114
151	0.0645415190869736
151	0.0646302108660095
151	0.0637095697824443
151	0.064097435213584
151	0.0641656689282072
151	0.0648648648648649
151	0.0642290748898678
151	0.0648020309090099
151	0.064114874301676
151	0.0643765453903214
151	0.0641325966850829
151	0.0647526501766784
151	0.0649219265449747
151	0.0638991912060414
151	0.0649099692577953
151	0.0648102402874467
151	0.0646611945511701
151	0.0645576359925459
151	0.0647040785035265
151	0.0646855442251302
151	0.0651824752386901
151	0.0639769452449568
151	0.0644551014122927
151	0.0647064041156644
151	0.0654391310107299
151	0.0642850826775135
151	0.0647626533909778
151	0.0643153526970954
151	0.06494076349276
151	0.0646276362999912
151	0.0647488343450339
151	0.0649459150470495
151	0.064514718103486
151	0.0647674062404271
151	0.0645547186530793
151	0.064707182320442
151	0.0650265957446809
151	0.0648854961832061
151	0.0645175693173193
151	0.0642718788519105
151	0.0640776699029126
151	0.0644269988158414
151	0.0646732814874408
151	0.0644832476511257
151	0.0644126687157557
151	0.064131245339299
151	0.0646538444610713
151	0.0657442495813872
151	0.064604628523386
151	0.0640704070407041
151	0.0646840804800565
151	0.0638269639065817
151	0.0649575687563869
151	0.0641116213352172
151	0.0640098748016223
151	0.0634513274336283
152	0.0641037023883512
152	0.0650134343478835
152	0.0645304455884964
152	0.0648949320148331
152	0.0651513149200476
152	0.0648711008563695
152	0.0640838529919066
152	0.0644805366757878
152	0.0644282323986991
152	0.064749157950718
152	0.0645304653126528
152	0.064574346333304
152	0.0648450427082868
152	0.0650950502946781
152	0.0649373566260808
152	0.0645401568593086
152	0.0643956043956044
152	0.0640350489002965
152	0.0649199678082804
152	0.0639743927036745
152	0.0652050238501597
152	0.0639446675591254
152	0.0644676999161037
152	0.0650973172014729
152	0.0647339158061954
152	0.0647280371376018
152	0.0646058732612056
152	0.0639745713390339
152	0.0646260007962136
152	0.0643516054638992
152	0.0644504448674251
152	0.0647985219074433
152	0.0646130728775357
152	0.0650540999731736
152	0.0643397065362383
152	0.0639364996292904
152	0.0650474349964863
152	0.0641133495682975
152	0.0646983538549804
152	0.0644469723486174
152	0.0645203910860565
152	0.0648201407017389
152	0.0646205006066598
152	0.0644923450579
152	0.0643047485911494
152	0.0646929824561404
152	0.0646394515973107
152	0.0644633218299266
152	0.0648495825418563
152	0.0638288506404895
152	0.0648646265102743
152	0.065017825311943
152	0.0641353184741432
152	0.0638204225352113
152	0.0645232134229367
152	0.0649138311975254
152	0.0641105662059741
152	0.0642694861936386
152	0.0644496117228974
152	0.0639483460109676
152	0.06420885517728
152	0.0644101935370873
152	0.0653402768504918
152	0.0644920537360611
152	0.0646865565618895
152	0.064651925377764
152	0.0643112346169115
152	0.0641990613654476
152	0.0644004780241668
152	0.0651853834828002
152	0.0644804879126707
152	0.063903743315508
152	0.0650431565967941
152	0.0653277422202604
152	0.0645520064062639
152	0.0645387891293849
152	0.0646726309698669
152	0.0649854510184287
152	0.0640141467727675
152	0.0636733970952887
152	0.0640917374105516
152	0.0655310886545166
152	0.0651467248519393
152	0.0648070746623257
152	0.0641201148156326
152	0.0641786452151743
152	0.064903214504686
152	0.0644918555240793
152	0.0642311789772727
152	0.0652116167876749
152	0.0646761838440111
152	0.0646843105200371
152	0.0644381796214257
152	0.0650256680268527
152	0.0646354350123283
152	0.0645943562610229
152	0.0644276295411301
152	0.0643679166848991
152	0.0646629834254144
152	0.0648915535178981
153	0.0651228193522872
153	0.0649237472766885
153	0.0648710001309643
153	0.0647811029215878
153	0.0649316277018086
153	0.0645516148904339
153	0.0642582834687863
153	0.0647516825759909
153	0.0643106727409439
153	0.0646748681898067
153	0.064476076448938
153	0.0642462993781203
153	0.0646234676007005
153	0.0652173913043478
153	0.0649802234102664
153	0.0642328820450712
153	0.0647270493242057
153	0.0648811102271723
153	0.0648703031363457
153	0.0650591845681718
153	0.0647206445647867
153	0.0647002019137916
153	0.0653019718808029
153	0.0644709180098108
153	0.0641257783862562
153	0.0646242010138858
153	0.0649247473187095
153	0.0643570894044108
153	0.064794436129941
153	0.064795197740113
153	0.0654876554018561
153	0.0645731195618568
153	0.0644477796415644
153	0.06487794149989
153	0.064901644349457
153	0.0642169262858918
153	0.0639550091551138
153	0.0639455782312925
153	0.0645882662457248
153	0.0648851550630083
153	0.0644454186760193
153	0.0642737896494157
153	0.0647678673779816
153	0.0639851320854905
153	0.0643872113676732
153	0.064843092993405
153	0.063752515970946
153	0.0647488382385484
153	0.0644635382242785
153	0.063973063973064
153	0.0645261430662114
153	0.0648273453529489
153	0.064331887009652
153	0.0641966416062666
153	0.0648103486077615
153	0.0645403875077413
153	0.0642181754508843
153	0.0646781378286313
153	0.0646464646464646
153	0.0643881599023497
153	0.0646836847946726
153	0.0642739750366455
153	0.064430407318667
153	0.064156827801292
153	0.0642185792349727
153	0.065063021480561
153	0.065205936594362
153	0.064536009860891
153	0.0646963099793288
153	0.0645189761694616
153	0.0645060905130257
153	0.0641829257526265
153	0.0646808132824292
153	0.0647796520356796
153	0.0652057245080501
153	0.065503153033129
153	0.064963376351587
153	0.0652422907488987
153	0.065439492689801
153	0.0648095006842965
153	0.0645416575071444
153	0.0648016997167139
153	0.0647598253275109
153	0.0648102623698208
153	0.0649947478991597
153	0.0646483342147012
153	0.0644596251532668
153	0.0642895251645029
153	0.0636987199091266
153	0.065319299486998
153	0.0635794853718717
153	0.0643426909347318
153	0.0643941079613724
153	0.0643725766654917
153	0.0643071010412477
153	0.0648970131630734
153	0.0642702964627109
153	0.064786017784397
153	0.0650609809599017
153	0.0635924462011419
154	0.0643042884217021
154	0.0641364718328485
154	0.0648846544043051
154	0.0646722393312802
154	0.0641256986928392
154	0.064937348867883
154	0.0643398554556672
154	0.0646642182581322
154	0.0640908098668413
154	0.0650759219088937
154	0.0650785962749329
154	0.064868933758413
154	0.0634407650079688
154	0.0640145306339432
154	0.0648757791238697
154	0.064650033119894
154	0.064405588261137
154	0.0644061794519942
154	0.064694927279177
154	0.0641400709219858
154	0.0647633226781101
154	0.0647789501803125
154	0.0649922890504516
154	0.0643842840819197
154	0.0638392262987445
154	0.0647636586863106
154	0.0645952211126962
154	0.0641291403872447
154	0.0651080723423026
154	0.0644775855202018
154	0.0646853146853147
154	0.0645730416372618
154	0.0641899416455076
154	0.0645317806889859
154	0.0644479661912308
154	0.0649076517150396
154	0.0637632656655951
154	0.0644595483446613
154	0.0643795749184231
154	0.064493607365711
154	0.0649734982332155
154	0.0644428920712539
154	0.0642614563577824
154	0.0643138974134152
154	0.0645789963236923
154	0.0645429848391903
154	0.064787749225601
154	0.0650130202586397
154	0.0642907675981606
154	0.0653153153153153
154	0.0635570824524313
154	0.0649160873223221
154	0.0644341194003682
154	0.0636908962597036
154	0.0638447661371936
154	0.0651142355008787
154	0.0648172380703132
154	0.0643448245342302
154	0.0642910431386317
154	0.0646267475600106
154	0.0648079360223747
154	0.0645303090245725
154	0.0645775240118621
154	0.064570119802678
154	0.0653931896664773
154	0.0645287446226046
154	0.0641897784754928
154	0.0648310278410086
154	0.0634154976324291
154	0.0645829659672015
154	0.0640729271165002
154	0.0643987549866293
154	0.0641532647860093
154	0.0645612195867732
154	0.065009896635144
154	0.0648082700123697
154	0.0640164077500436
154	0.0635572633717592
154	0.0643643465909091
154	0.0651222423626155
154	0.0647025095929079
154	0.064327485380117
154	0.0643184623523188
154	0.0649601122117998
154	0.0643674161701387
154	0.0655459936683462
154	0.064533030607344
154	0.0647453261690128
154	0.0645914054244452
154	0.0648646284389625
154	0.0645774398868458
154	0.0645005276116778
154	0.0648033856462705
154	0.0646561171262
154	0.0647959404952943
154	0.0652202326493269
154	0.0645432798795074
154	0.0651695288419199
154	0.066079686944148
154	0.0640262854098215
155	0.064742555696037
155	0.0645035013701013
155	0.0644424934152766
155	0.0641694811175929
155	0.0640165887231977
155	0.0648715349698118
155	0.064476458186929
155	0.0644482441141655
155	0.0642104330883004
155	0.0652308508756412
155	0.0648705665187008
155	0.0642185792349727
155	0.0646372887277809
155	0.0650514144490048
155	0.0644197762025768
155	0.064496068937947
155	0.0645790827641267
155	0.0646252526140058
155	0.0636547598099595
155	0.0640875849236228
155	0.0643880926130099
155	0.0644710404472788
155	0.0642504844107803
155	0.0640850350637322
155	0.0639943430414991
155	0.0651098533802754
155	0.0650075281197414
155	0.0637323943661972
155	0.064992220493443
155	0.0641014429383472
155	0.0642153179829407
155	0.0640968968260985
155	0.0647601556692466
155	0.0642512077294686
155	0.0647209240807689
155	0.0641448091032907
155	0.0643748340854792
155	0.0644965277777778
155	0.0634647614007233
155	0.0641769556302081
155	0.0642342817000351
155	0.0647639956092206
155	0.0640277839618861
155	0.0643323913811374
155	0.0647300703011009
155	0.0645946783548059
155	0.0646953326626132
155	0.0640969356396523
155	0.0645161290322581
155	0.0640339134315038
155	0.0638005844328345
155	0.0642456868022768
155	0.0639532328249308
155	0.0640663607483233
155	0.0645217542941843
155	0.0643642072213501
155	0.0645952933958543
155	0.0641259394316716
155	0.0644399910932977
155	0.0644775325711247
155	0.0640441562992816
155	0.064822204487009
155	0.064655737704918
155	0.0644921840887259
155	0.0646225585078304
155	0.0648865036072497
155	0.0646134729741724
155	0.0641390482027932
155	0.0650392174142945
155	0.0643468289670989
155	0.0649007788093457
155	0.0640166807151413
155	0.0643907975727943
155	0.064900017695983
155	0.0647803754870705
155	0.0652421902421902
155	0.0647922822875022
155	0.0640261153427639
155	0.0652537155922962
155	0.0647482014388489
155	0.0654665203073546
155	0.0640239926978746
155	0.0647510769640716
155	0.0643187321153423
155	0.0644345627343273
155	0.0642876001056059
155	0.0650143991622306
155	0.0642177820434517
155	0.0639287612971823
155	0.0646386173184358
155	0.0647200213656192
155	0.0639019875721652
155	0.0654089169707217
155	0.0641435134543863
155	0.064367816091954
155	0.0640443551907797
155	0.0646288595947978
155	0.0647934028535276
155	0.0644694110418678
155	0.0642795138888889
156	0.0638307212783704
156	0.0643375082399473
156	0.0646336112329969
156	0.0642261594580511
156	0.0646643109540636
156	0.0648160446274406
156	0.0648811604334149
156	0.0655839822024472
156	0.0648063234202367
156	0.0647638494318182
156	0.0637327956517928
156	0.064176496286588
156	0.064410480349345
156	0.0647675237759775
156	0.0645344270878785
156	0.065574492447263
156	0.0643996123689543
156	0.064169009135629
156	0.0645231465367212
156	0.0655499868108678
156	0.0638551556635019
156	0.0643035973118988
156	0.0646897890742212
156	0.0644681595521344
156	0.0643505724437426
156	0.0646377942515282
156	0.0640991352411518
156	0.0641502824363971
156	0.0645401568593086
156	0.0643451598773544
156	0.0646282446106467
156	0.0648127680268801
156	0.0647191596492751
156	0.0643225834914192
156	0.0641160949868074
156	0.0645804707238154
156	0.063998945796363
156	0.0647892266526297
156	0.064703808180536
156	0.0641996934530326
156	0.0649212336365653
156	0.0645527107776857
156	0.0642334487140166
156	0.0628930817610063
156	0.065336394137383
156	0.0645090171524318
156	0.0642035398230088
156	0.0652431271100978
156	0.0655436447166922
156	0.0638260564615115
156	0.0644311797752809
156	0.063424107339895
156	0.0635067335621864
156	0.0642321770960432
156	0.0632168458781362
156	0.065279958137101
156	0.0649441340782123
156	0.0635949544498949
156	0.0641870824053452
156	0.06449774192134
156	0.0645969834220131
156	0.0643359718557608
156	0.0648529086485291
156	0.0645175477174773
156	0.0644473455178416
156	0.0647895985241149
156	0.0642387011847301
156	0.0647450306315836
156	0.064948093867225
156	0.0637345272583619
156	0.0642096930248923
156	0.0653177919507368
156	0.0644398721709057
156	0.0646397769840578
156	0.0643022292021114
156	0.0648471615720524
156	0.0648334353414357
156	0.0649396422592299
156	0.0647061409292716
156	0.0644921840887259
156	0.0653039786405217
156	0.0643526954357584
156	0.0645598984549394
156	0.0640766458644634
156	0.064473799317645
156	0.0647007426823941
156	0.0646970499911676
156	0.0647320445638293
156	0.0644796871605475
156	0.0645669291338583
156	0.0645414504382713
156	0.0647867527561822
156	0.0646908578474546
156	0.0649453998850524
156	0.0649935934255291
156	0.0646844713414901
156	0.0645431684828164
156	0.0651572989337897
156	0.0643086816720257
156	0.0647320445638293
157	0.0649753285882713
157	0.0650160159293568
157	0.0654086948907666
157	0.0643462230610543
157	0.0640063216120111
157	0.064780701754386
157	0.0643177225199895
157	0.0643021404563948
157	0.064609197412135
157	0.0642205875875435
157	0.064638783269962
157	0.0644228240862477
157	0.0650133170327031
157	0.0647743177046886
157	0.0646963810189025
157	0.0641272902603664
157	0.0642988364972443
157	0.0649019435405857
157	0.0642258491398324
157	0.0645557407244979
157	0.064801499106637
157	0.0642690496104239
157	0.0649248514505418
157	0.0641217345412965
157	0.0641053787047201
157	0.0642819660661186
157	0.0646285166797317
157	0.0645545077994183
157	0.0641554113313454
157	0.0649666059502125
157	0.0644736264218894
157	0.0649299817343655
157	0.0646021956873551
157	0.0649379237474685
157	0.064994099392456
157	0.0638767492164393
157	0.0650356419959518
157	0.064046706169397
157	0.0645175515964015
157	0.0645387583304104
157	0.0647683102589859
157	0.0640700218818381
157	0.0645274880056341
157	0.0645261293179805
157	0.0645217467020767
157	0.0649293865593984
157	0.0637665967854647
157	0.0644680291202526
157	0.0646488265350307
157	0.0645625982189628
157	0.0647354291157877
157	0.0646115797376673
157	0.0645483786838216
157	0.0637350035285815
157	0.0649647887323944
157	0.0641076375148397
157	0.0644079760014117
157	0.0646486964206805
157	0.0644775855202018
157	0.0648265605179126
157	0.0642869671987371
157	0.0645245219201249
157	0.0637570658603917
157	0.0643778701071507
157	0.0646369615401368
157	0.0643110779886897
157	0.0647735790819701
157	0.0645374449339207
157	0.0643838604143948
157	0.0645375033130135
157	0.0648806666957546
157	0.064786017784397
157	0.0650772626931567
157	0.0642012224616332
157	0.0643195370045598
157	0.0637833114897335
157	0.06478611283323
157	0.0646039060785605
157	0.0652978498413817
157	0.0638580931263858
157	0.0643672153993555
157	0.064590793955804
157	0.0643797402144538
157	0.064487671474571
157	0.0647994407061085
157	0.0651010570076511
157	0.0641891891891892
157	0.0643701392855574
157	0.0648103059011023
157	0.0648998513076183
157	0.0639841688654354
157	0.0639309232043958
157	0.0649367871983025
157	0.0648736972266384
157	0.0644795393072158
157	0.0647989075371129
157	0.0648002790859934
157	0.06490100957126
157	0.0648370347746411
157	0.0640929036833474
158	0.0650431430949148
158	0.0643371915265342
158	0.0649620801733478
158	0.064722246370512
158	0.0645912004917889
158	0.0651484201834065
158	0.0651918814376983
158	0.0644555967706742
158	0.0644950856745238
158	0.0648087574687077
158	0.064769896420611
158	0.0652136006974717
158	0.0644991904782742
158	0.0655146305616176
158	0.0647463117804141
158	0.0637582427180226
158	0.0636282792352156
158	0.064533030607344
158	0.0643926056338028
158	0.0646499039636808
158	0.0647004527273526
158	0.0641211323238973
158	0.0647372097083988
158	0.064661785980448
158	0.0645823326492293
158	0.0649339207048458
158	0.0638727815849587
158	0.0638325760223698
158	0.0651497216011224
158	0.0647010291371749
158	0.0640091316182281
158	0.0647950050211763
158	0.0645933014354067
158	0.0641419910376944
158	0.0644895480961055
158	0.0644908956585981
158	0.0640756302521008
158	0.0645398985739673
158	0.0645033810485642
158	0.0645538888407179
158	0.0646310880373092
158	0.0650143991622306
158	0.0643126259528608
158	0.0646288595947978
158	0.063824187393078
158	0.0648018239214311
158	0.0650309985490041
158	0.0647632311977716
158	0.0647985219074433
158	0.0649610581734325
158	0.0646271843814006
158	0.0644045534150613
158	0.0653789004457652
158	0.0636648015156188
158	0.0643917823820579
158	0.0651081494428665
158	0.0643449274090969
158	0.0653689971751412
158	0.0645289168832313
158	0.0642629812093997
158	0.0652642696827004
158	0.0646519584192289
158	0.0650581267821891
158	0.0635429474793606
158	0.0648849945235487
158	0.0642519271198318
158	0.0646313313880058
158	0.0646319569120287
158	0.0643261908978218
158	0.0642113127939173
158	0.0646761838440111
158	0.0650942153116353
158	0.0647551405147091
158	0.0648497064236263
158	0.0640475982150669
158	0.0650887573964497
158	0.064655544990924
158	0.0646216947377607
158	0.0639407485318608
158	0.0650872168706066
158	0.064887516541685
158	0.0639699786184928
158	0.0644880174291939
158	0.0641462658816238
158	0.0647133870045313
158	0.0640368178829717
158	0.0637453673424896
158	0.0644216050732561
158	0.0650034831069314
158	0.0643644831070691
158	0.0647279955062006
158	0.0646748681898067
158	0.0644225698716822
158	0.0638047504903029
158	0.0644119572332533
158	0.0644698517584663
158	0.064919776770143
158	0.0650582215949188
158	0.0646971806474069
158	0.0648953371498492
159	0.0649859204505456
159	0.0641428696183739
159	0.0641626857167901
159	0.0650110518788194
159	0.0643690256949925
159	0.0641540745916674
159	0.0643577378342832
159	0.0642013129102845
159	0.0643183300717547
159	0.0648107682894852
159	0.0648658099484221
159	0.0643628125971661
159	0.0646504968108648
159	0.0645090365419287
159	0.0647092235767029
159	0.0650345975299991
159	0.0644214767452045
159	0.0653407840894091
159	0.064404432132964
159	0.0648025443943811
159	0.0641585195530726
159	0.0640013951257793
159	0.0650232069358087
159	0.064653283071798
159	0.0651128214098303
159	0.0650611853851849
159	0.0641210689760749
159	0.0641715873567211
159	0.0646477946017116
159	0.0645981242878429
159	0.064898541946091
159	0.0649322351505643
159	0.0642742367434387
159	0.0643157157857893
159	0.0648257725180802
159	0.06419936280714
159	0.0635797597123564
159	0.064721809765045
159	0.0640774159801229
159	0.0645497589157726
159	0.0646007255561869
159	0.0646075993543603
159	0.0644111906310995
159	0.0650591845681718
159	0.0649210127677992
159	0.064394777605665
159	0.0652050734428802
159	0.0644964483374733
159	0.0642936104355516
159	0.0636959370904325
159	0.0645444566410538
159	0.0654555052126864
159	0.0644030668127054
159	0.0645147238194807
159	0.0644281124851472
159	0.0643187975181334
159	0.0638932771634193
159	0.0647638997992494
159	0.064676400087165
159	0.0649716271499582
159	0.0638233120299117
159	0.0643859649122807
159	0.0643198038443014
159	0.0643579663412695
159	0.0646846297827885
159	0.0645936148840459
159	0.0649573401354561
159	0.0642927794263106
159	0.0645345016429354
159	0.0644042820612837
159	0.0643321046164648
159	0.0635269308496617
159	0.0645019745502413
159	0.0642053168659397
159	0.0648688681711249
159	0.0647250597696153
159	0.0643551466759243
159	0.064250700280112
159	0.0646720668931278
159	0.064591508310921
159	0.0637015029709892
159	0.0648596321393998
159	0.0648808488432771
159	0.0646273346133706
159	0.0648386674234816
159	0.0648529220638565
159	0.0652929925230395
159	0.0644116746160242
159	0.0646572465987139
159	0.064664326268799
159	0.0651069050122678
159	0.0645343777197563
159	0.0643691132427623
159	0.0646890793232257
159	0.0641631652661064
159	0.0647333215983102
159	0.0638168204771026
159	0.0645937199335258
159	0.0645768574055427
159	0.0637962029201561
160	0.0643970645707586
160	0.063447053610988
160	0.0647882424558657
160	0.0648455227788445
160	0.0643396717895285
160	0.0637547358794583
160	0.0645175400227452
160	0.0645589210700862
160	0.0649539505574406
160	0.0648002790859934
160	0.0642177934088837
160	0.0640094504725236
160	0.064891846921797
160	0.0648977816441931
160	0.0638297872340425
160	0.0647871217452498
160	0.0646018470116745
160	0.0639191494946843
160	0.0651603880779652
160	0.0650477016478751
160	0.0644177126917713
160	0.0641974233983287
160	0.0641367551261312
160	0.064371651883727
160	0.0644512461740271
160	0.0639898526002712
160	0.0650331935709294
160	0.0641603571272266
160	0.064319330660624
160	0.0647051108293621
160	0.064638783269962
160	0.0644011093014042
160	0.0640688081446375
160	0.0648180699595711
160	0.0640129336712401
160	0.0653244241251978
160	0.0646334516454143
160	0.0647315582714972
160	0.0650781112866421
160	0.0643901154369486
160	0.0645948655363292
160	0.0647535596933187
160	0.0648386674234816
160	0.0646973620682088
160	0.0644716428202034
160	0.0648586975601194
160	0.0651199233883254
160	0.064721809765045
160	0.0644108174879781
160	0.0651218010729048
160	0.0652003484320557
160	0.064177413733008
160	0.0644066321423909
160	0.0650648895124518
160	0.0653920876015542
160	0.064716700236448
160	0.064251567913688
160	0.0646906196402656
160	0.0645625982189628
160	0.0647166203059805
160	0.0644282323986991
160	0.0641624097234455
160	0.0650484589190605
160	0.0639595677936563
160	0.064817249539837
160	0.0646175039820913
160	0.0645695364238411
160	0.0639749663175279
160	0.0640506774590885
160	0.0646360899592704
160	0.063931713265395
160	0.0655309136856782
160	0.0649819494584837
160	0.064616873405472
160	0.0638027118346571
160	0.065042768442534
160	0.064773314945699
160	0.0637702696796189
160	0.0643553534735277
160	0.0650869565217391
160	0.0649208229152959
160	0.064001747487986
160	0.0644307532106907
160	0.0638484092599886
160	0.064474197322241
160	0.0645035859327746
160	0.0647220885992916
160	0.0646397769840578
160	0.0648698639186154
160	0.0646629041431509
160	0.0646172602978316
160	0.0640261153427639
160	0.0646386173184358
160	0.0648298217179903
160	0.0644654088050314
160	0.0644865525672372
160	0.063577443675323
160	0.0645710543549443
160	0.0642547660311958
160	0.0640839812008609
161	0.064197746528081
161	0.0647958516710968
161	0.0648653367672094
161	0.0651015723134231
161	0.0645231750469617
161	0.0651646447140381
161	0.0643503470086972
161	0.0646476917736897
161	0.0647838366282859
161	0.0648249333391616
161	0.0645231182562725
161	0.0639904610492846
161	0.0646303093864709
161	0.0643438676354723
161	0.0645995965266205
161	0.06464954288202
161	0.0641875576239189
161	0.0642249609442805
161	0.0646711338388291
161	0.0641748633879781
161	0.0642189876167717
161	0.0649345053429852
161	0.0645775623268698
161	0.0647605621393013
161	0.0643902866660822
161	0.0638841192268745
161	0.0633802816901408
161	0.0640443551907797
161	0.0646478689664161
161	0.0644567219152855
161	0.0640867960994465
161	0.064744760413949
161	0.0645940367979625
161	0.0643566522290764
161	0.0633951322379404
161	0.0644556785496383
161	0.064176908429981
161	0.0649226490526682
161	0.0644877877350202
161	0.0642559719482796
161	0.0642321770960432
161	0.0649237472766885
161	0.0645990329746918
161	0.0648168314675262
161	0.0640066138717257
161	0.0643919510061242
161	0.0648196323274367
161	0.064684857466655
161	0.064907927386705
161	0.0648458226416736
161	0.0645749251399557
161	0.0642486142027847
161	0.0633575998235164
161	0.0644880553500718
161	0.0655680377671898
161	0.0646066184527723
161	0.0644011819920042
161	0.0644427928124863
161	0.0644187877197586
161	0.0645835146662024
161	0.0656563444439578
161	0.0644449253408353
161	0.0645441138197276
161	0.0644014223627025
161	0.064793678665496
161	0.0641342526343177
161	0.0648889658456344
161	0.0653464488451705
161	0.0645912004917889
161	0.0649157364850077
161	0.0648132059079062
161	0.0643005900728914
161	0.0647004929976877
161	0.0648599269183922
161	0.0645807913543664
161	0.0641125541125541
161	0.0644641066992111
161	0.0639153624202151
161	0.0638482573028343
161	0.0640774159801229
161	0.0648367043166097
161	0.0647715472481828
161	0.0640575564512634
161	0.064448151725349
161	0.064277264163344
161	0.0638773274917853
161	0.0644796871605475
161	0.0651575405322729
161	0.0646175340551869
161	0.0651588817503039
161	0.0647663877266388
161	0.0650740271651308
161	0.0636920384951881
161	0.065066993607146
161	0.064984309623431
161	0.0641272902603664
161	0.0641587106945783
161	0.0647179801338993
161	0.0646889702038683
161	0.0653059417338174
162	0.0651306083485203
162	0.0640885904869861
162	0.0640947752126367
162	0.0650838955198063
162	0.0641932700603969
162	0.0646411004222348
162	0.0647900681093198
162	0.0649574862963442
162	0.0647450690120608
162	0.0648196323274367
162	0.0648438862724577
162	0.0643851761316513
162	0.0649002034896307
162	0.0645428036732385
162	0.0645359288000351
162	0.0641906775927394
162	0.0648148148148148
162	0.0646072297532152
162	0.0640747176368375
162	0.0646173969914977
162	0.065162249628269
162	0.0642475238846525
162	0.0652776574547345
162	0.0644484281404399
162	0.0641864091125644
162	0.0641204106490343
162	0.0648648648648649
162	0.0646462874435332
162	0.064457360978572
162	0.0641207186476679
162	0.0637777389481041
162	0.0647435060697037
162	0.0641075858467163
162	0.0645161290322581
162	0.0638009445513381
162	0.0650614976748229
162	0.0636973180076628
162	0.0644057519057519
162	0.0642233705328065
162	0.0641841806924217
162	0.0653093255438811
162	0.0644979641341073
162	0.0651160764841674
162	0.0644456103532704
162	0.0635156386510571
162	0.0639489450377703
162	0.0644445411426831
162	0.0650032545020612
162	0.064463681504592
162	0.0650742074295249
162	0.064274908147828
162	0.0648825065274151
162	0.0643745109971312
162	0.0646568648837311
162	0.0652616972377607
162	0.064885993485342
162	0.0643471427947789
162	0.064738110891957
162	0.0650785962749329
162	0.0643763808863666
162	0.0645357422044645
162	0.064984309623431
162	0.0651050788091068
162	0.0645456925896832
162	0.064706913169193
162	0.0645034672249117
162	0.0644497921680157
162	0.0643534220366988
162	0.0649876027665405
162	0.0642779587404995
162	0.0645652836431712
162	0.0640254532775453
162	0.0648176062707266
162	0.0646860696087745
162	0.0638678175952568
162	0.0648956027260494
162	0.0643861416495116
162	0.064814414725835
162	0.0644551845342707
162	0.0647500989054464
162	0.0650799227121026
162	0.0642561533434981
162	0.064
162	0.0647291941875826
162	0.064549986880084
162	0.0645203450379019
162	0.064899175266635
162	0.0646417786336382
162	0.0640824166230138
162	0.0646746694502436
162	0.0639269406392694
162	0.0647023086269745
162	0.0640890759249518
162	0.0647105056326958
162	0.0642538683451351
162	0.0646084467955945
162	0.0649136509589517
162	0.0647033158813264
162	0.0651152579582876
162	0.0646865258053343
163	0.0649548140424053
163	0.0644336597625444
163	0.0646251041986575
163	0.0649153936036699
163	0.0651918303357575
163	0.0646564852282122
163	0.0645582285639709
163	0.064336152035568
163	0.0651036034087468
163	0.0641688012851127
163	0.064842432888082
163	0.064203854835909
163	0.0645203450379019
163	0.0646630236794171
163	0.064406779661017
163	0.0644822608163087
163	0.0637772774506408
163	0.0647960284912584
163	0.0646907328997337
163	0.0645231088800415
163	0.0642919964819701
163	0.0643780573025856
163	0.0644262580532823
163	0.0645833333333333
163	0.0645641699518178
163	0.0640796972201679
163	0.0651142355008787
163	0.0648501126321261
163	0.0644610739136143
163	0.0643279944289694
163	0.0641590027459356
163	0.0645061592123273
163	0.064527426345051
163	0.0648575659900688
163	0.0655002828915872
163	0.0645982566669543
163	0.0645891364902507
163	0.0648311464831147
163	0.0639217569750688
163	0.0647927584564078
163	0.0646779303062302
163	0.0647500873820342
163	0.0648580823814469
163	0.0637982841963158
163	0.0647035864521445
163	0.0643193909771184
163	0.0644784133720175
163	0.0638474295190713
163	0.0641701905052531
163	0.0647229562881775
163	0.0645119021620441
163	0.064713598600787
163	0.0648043231935849
163	0.0639074863055386
163	0.0646476917736897
163	0.0639269406392694
163	0.0650841267770966
163	0.0649674947259655
163	0.0638959692400743
163	0.0648039852718215
163	0.0643982246975894
163	0.0643246989517456
163	0.0637799375216938
163	0.0651209326605185
163	0.0645231088800415
163	0.0645867063405242
163	0.064907491659084
163	0.0643808370805949
163	0.0647110332749562
163	0.0643898194474657
163	0.0638353422392411
163	0.0645753233135267
163	0.0644204735914736
163	0.065015479876161
163	0.0648264505784981
163	0.0650833223986353
163	0.0645259407317285
163	0.0649182030641392
163	0.0648906216157678
163	0.0641432856890771
163	0.0645593704056041
163	0.0636708970042303
163	0.0643474503025065
163	0.064566182492134
163	0.0650336380886666
163	0.0652402665731322
163	0.064118158123371
163	0.064398914280711
163	0.0641164493350084
163	0.0651787648970748
163	0.0648555411815438
163	0.0641332231836167
163	0.0637045434725735
163	0.0647593017104567
163	0.0649676025917927
163	0.0645600175554093
163	0.0647447810865713
163	0.0650979713655435
163	0.0641875576239189
163	0.0644175795399991
164	0.0647810218978102
164	0.0642277840760443
164	0.0642785549309278
164	0.0646338285118582
164	0.0635808087374854
164	0.0639393939393939
164	0.0643878829782637
164	0.0646490048996228
164	0.0648495420846053
164	0.0649969668082156
164	0.0644782097609822
164	0.0646781245941383
164	0.0648944487881157
164	0.0641641204714099
164	0.0646656271656272
164	0.0642984632797876
164	0.0645635899433121
164	0.0645720476706392
164	0.0638863062823748
164	0.0646490048996228
164	0.064537129464867
164	0.0643239246727265
164	0.0651512517385257
164	0.0641042288880232
164	0.0644233283933397
164	0.0640547536524372
164	0.0643020299099254
164	0.0639854539157539
164	0.0648108247866931
164	0.064492119089317
164	0.0646165994034041
164	0.0646572465987139
164	0.0639468856468944
164	0.0641667029190412
164	0.0643287528718193
164	0.0647911707422636
164	0.0637035083091533
164	0.0644394502549918
164	0.064819587628866
164	0.0640499476074048
164	0.0638839728924764
164	0.0645147276044834
164	0.064861323433064
164	0.0642034340360791
164	0.064887493458922
164	0.0647880019017159
164	0.0650424189688928
164	0.0650088964110576
164	0.0649056274791857
164	0.0648608887542729
164	0.0647560233104288
164	0.0644588744588745
164	0.0648625054561327
164	0.0642940641641772
164	0.0644056035043588
164	0.0639514731369151
164	0.0643122998355406
164	0.0646310880373092
164	0.0643730155278152
164	0.0642324438504979
164	0.0646962797491193
164	0.0646976703603525
164	0.0644223677931543
164	0.0640439158279963
164	0.0638606676342525
164	0.0643251775848461
164	0.0642591149216247
164	0.0641137473831123
164	0.0645036027095828
164	0.0641612012426648
164	0.0640964274835734
164	0.0653620352250489
164	0.064921059442671
164	0.0649457700650759
164	0.0650308335848894
164	0.065353009508239
164	0.0648264505784981
164	0.0649475105632269
164	0.0641650705206338
164	0.064731948909549
164	0.0642615558060879
164	0.0646735546273906
164	0.0647578619076497
164	0.0645300808788547
164	0.0646227440747989
164	0.0649922320041429
164	0.0639249763400155
164	0.063916277460647
164	0.0641263539464031
164	0.064287577153786
164	0.0647305053294783
164	0.0644793902492444
164	0.0638159885857581
164	0.0652798328836278
164	0.0649254382140054
164	0.064445895928587
164	0.0649903288201161
164	0.0646768343311629
164	0.0637613082811413
164	0.0645680947405085
165	0.0636677897868989
165	0.0649802234102664
165	0.064069640914037
165	0.0644219879780469
165	0.0641887496205057
165	0.0642306344199089
165	0.0639443277310924
165	0.0650086505190311
165	0.0646957272334916
165	0.0644054547033788
165	0.0643745427944404
165	0.0643952596723597
165	0.0645874902403054
165	0.0644991904782742
165	0.064481017067224
165	0.0647428621321924
165	0.0642826367944851
165	0.0648749242620964
165	0.0644924088412129
165	0.0645175211462109
165	0.064673157162726
165	0.0643097934134324
165	0.0646456794921622
165	0.063924957658401
165	0.0649673202614379
165	0.0640621627455213
165	0.0645456128133705
165	0.0644709793115514
165	0.064
165	0.0648617663918162
165	0.0644992363080951
165	0.0640787598773695
165	0.0649000868809731
165	0.0642003119043493
165	0.0630544442511741
165	0.0649345034801781
165	0.064114749848786
165	0.0638921710209619
165	0.0638958087496176
165	0.0650023962009323
165	0.0649866794776608
165	0.0640986667824728
165	0.0643581371369651
165	0.0650926167492825
165	0.0648136177547942
165	0.0645386055828942
165	0.064506320316233
165	0.0644937285708086
165	0.0641415898417116
165	0.064343046588728
165	0.0644599303135888
165	0.0643153526970954
165	0.0646781115879828
165	0.0644880931687815
165	0.0650698427989666
165	0.0646997479794907
165	0.0643290043290043
165	0.064847748763772
165	0.0640239926978746
165	0.0642819888734353
165	0.0645161290322581
165	0.06439574745064
165	0.0642934664640764
165	0.0648337763060433
165	0.0643557937502701
165	0.0643152623557588
165	0.0648013046090464
165	0.0646630236794171
165	0.0632244008714597
165	0.0648433097828443
165	0.0644183730897441
165	0.0643219127647594
165	0.0648362698378
165	0.0644727714186611
165	0.0649248856956238
165	0.0645581153195366
165	0.0647572688947803
165	0.0651094512326756
165	0.0647351351351351
165	0.0640700820200112
165	0.0641910966340934
165	0.0644936377897856
165	0.0644924088412129
165	0.0646348326767393
165	0.0640275837988827
165	0.0647914308107637
165	0.0649311139119475
165	0.0647419828852969
165	0.0646369821720782
165	0.06419828110079
165	0.0643163411148166
165	0.0648653367672094
165	0.064528761639544
165	0.0640997688919897
165	0.0643292551121871
165	0.0649283370747712
165	0.0638886487421112
165	0.0650075741181562
165	0.065219282979464
165	0.0646835005188516
166	0.064590793955804
166	0.0645568518196065
166	0.0649395360846925
166	0.0641186389381296
166	0.0642221834670387
166	0.0642943097816744
166	0.0646427185303377
166	0.0646323465578609
166	0.0648492539272743
166	0.0649159299705322
166	0.0642977273707361
166	0.0643927873126222
166	0.0645596621827522
166	0.0645721228953307
166	0.0648873123675217
166	0.0646468129121234
166	0.0643099399947822
166	0.064593815851718
166	0.064640932011824
166	0.0642166344294004
166	0.0647926548017928
166	0.0654995209476526
166	0.0647404336183813
166	0.0644670492088332
166	0.0644448296784259
166	0.0640649283370748
166	0.0642209829208784
166	0.0640810892067173
166	0.0642161974278763
166	0.0640981040180901
166	0.0646423809728614
166	0.064826756082882
166	0.0647775033580311
166	0.0643519516929049
166	0.0646242221158449
166	0.0645945476645251
166	0.0639253477521476
166	0.0643732082356007
166	0.0640310347833667
166	0.0643885665162261
166	0.0646116335771508
166	0.0639403916132386
166	0.0639096104349343
166	0.0643330589611402
166	0.0646620428208332
166	0.0642625782768301
166	0.0646979749360392
166	0.0644827586206897
166	0.0645957889264362
166	0.0642173780088244
166	0.0644381100457804
166	0.0646373056994819
166	0.0638223921449363
166	0.0643697043057237
166	0.0649592650372682
166	0.064758904349348
166	0.063971318733532
166	0.064110323361577
166	0.064440283885575
166	0.0639902358223268
166	0.0641751107601877
166	0.0640535372848948
166	0.0646354733405876
166	0.0649695387293299
166	0.0647647084289363
166	0.0638021397323169
166	0.0643330589611402
166	0.0652456459578893
166	0.0639044031692428
166	0.0647507075985195
166	0.0642869520013862
166	0.0647035345248126
166	0.0644583315124765
166	0.0646362839614373
166	0.0650300904879422
166	0.0640432772009423
166	0.0641803989592368
166	0.0647930283224401
166	0.0646753246753247
166	0.064520294408815
166	0.0644433843618544
166	0.0644389331244833
166	0.0648268117819815
166	0.0643547123836046
166	0.0639393939393939
166	0.064485123858622
166	0.0649473865792651
166	0.0649339435281927
166	0.0642118471723422
166	0.0649595924104006
166	0.0647401337071382
166	0.0648587960963814
166	0.064015939015939
166	0.0643052007101719
166	0.0649266329048176
166	0.065029658060014
166	0.0642304868040257
166	0.0641337386018237
166	0.0649620801733478
166	0.0651238816242257
167	0.0645314047096302
167	0.0644796380090498
167	0.0642205781142464
167	0.0650142745912276
167	0.0645833333333333
167	0.0644562448732893
167	0.0643252283545607
167	0.0645189264189394
167	0.0644677661169415
167	0.0641109511971739
167	0.0644815307391994
167	0.0646847155586018
167	0.0642752309418976
167	0.0643540773461522
167	0.0640424052832812
167	0.063474870017331
167	0.064747890067085
167	0.0642363347503113
167	0.0647771527477283
167	0.0650357220177528
167	0.0638399237732254
167	0.0647197075208914
167	0.0639210081850071
167	0.0640555579519475
167	0.0647991313789359
167	0.0648524703642814
167	0.0647838366282859
167	0.0643451277852002
167	0.0646349921969828
167	0.0647591013376044
167	0.0649530485957852
167	0.0640108211885854
167	0.0643761929550581
167	0.064244476277293
167	0.0655163466528282
167	0.0647124848903471
167	0.0645860424794105
167	0.0642465395664664
167	0.0648148148148148
167	0.0643910007757952
167	0.0640170828430732
167	0.0638095238095238
167	0.0644909972299169
167	0.0647183433487528
167	0.0647921234790834
167	0.0649490300658093
167	0.0649260828218207
167	0.0647040918380658
167	0.0643875384548724
167	0.0649069666810904
167	0.0645577792123951
167	0.064615518139212
167	0.0643895286151723
167	0.0654169192137847
167	0.0646054054054054
167	0.0645767750961875
167	0.0651130615244931
167	0.0644839115897347
167	0.0647242185470604
167	0.0647307924984876
167	0.0646957272334916
167	0.064485123858622
167	0.0643904972088797
167	0.06421899883786
167	0.0646183222670659
167	0.0648260342738446
167	0.0648990555411143
167	0.0651399269946115
167	0.0648785160672298
167	0.0648132134209616
167	0.0641838010259063
167	0.064639112728533
167	0.0642554662518365
167	0.0641734323717395
167	0.0650757346912355
167	0.0643579395044048
167	0.0645370450419296
167	0.0645673345059848
167	0.0644078012657683
167	0.0642660234321158
167	0.064591338888649
167	0.064541013113911
167	0.0640577080903633
167	0.0650184341791368
167	0.0648828564018328
167	0.0642062908319993
167	0.0641838010259063
167	0.06430463288611
167	0.0641465214183412
167	0.0642479868386873
167	0.064001387563958
167	0.0641831822715642
167	0.0647138076404885
167	0.0646361209575073
167	0.0649846100489877
167	0.0642767783961003
167	0.0641524105754277
167	0.0646422128683103
167	0.0645635899433121
167	0.064874723175127
168	0.0641913975683096
168	0.0644700381018358
168	0.0647236614853195
168	0.0646479418469612
168	0.0646262914451217
168	0.0636827876239111
168	0.0646835005188516
168	0.0639570153392842
168	0.0644896193771626
168	0.0647637116246982
168	0.0638637343682622
168	0.0645383061917243
168	0.0638692427117475
168	0.065179070467346
168	0.0640920649971984
168	0.0648843366173343
168	0.0643198609300304
168	0.0647084233261339
168	0.0640212100139082
168	0.0640079847248742
168	0.0642364106988783
168	0.0646096589925567
168	0.0647537473233405
168	0.0647671754074971
168	0.0649063475546306
168	0.0647352132049519
168	0.0637487699482309
168	0.0650381811870878
168	0.0649772579597141
168	0.0640680614636687
168	0.0642438856355494
168	0.0646690440984605
168	0.0642087106511427
168	0.0642761941613999
168	0.0647872753135911
168	0.0638712190055822
168	0.0645901923410154
168	0.064259803074797
168	0.064696693569383
168	0.0647640430033246
168	0.0637575236457438
168	0.0648697837673874
168	0.0645175174313506
168	0.0645454939529238
168	0.0647000388718525
168	0.06421143847487
168	0.0642400138336504
168	0.0646884017399544
168	0.0648695277118827
168	0.0647045999563985
168	0.0644250513347023
168	0.0647087019042224
168	0.0648091802138573
168	0.0643780498245013
168	0.0647306873016563
168	0.064538365430184
168	0.0644436765722184
168	0.0648400640609445
168	0.0640629028100026
168	0.0644740276690159
168	0.0638224520577462
168	0.0651841495915068
168	0.0643942683456361
168	0.06506657474038
168	0.0651650618982118
168	0.0638878067783405
168	0.0641258318209316
168	0.0645534375669308
168	0.0642373990835697
168	0.0645568518196065
168	0.0640479708003824
168	0.0650272750887523
168	0.0641818340155012
168	0.0643704850361197
168	0.0637706342311034
168	0.0642723759065445
168	0.0647680690399137
168	0.0640324040160297
168	0.063966984782048
168	0.0650109569028488
168	0.0644109953257001
168	0.0641419606145856
168	0.0640282439088175
168	0.06465872156013
168	0.0649125843863597
168	0.0644656139892992
168	0.0643300410803251
168	0.0640919939249295
168	0.0644206008583691
168	0.0640092481589313
168	0.0647729718097697
168	0.0644714638051145
168	0.0644181099969614
168	0.0648725949037962
168	0.0640747176368375
168	0.0644866721746315
168	0.0644881685013435
168	0.06415862158535
168	0.0640869565217391
168	0.0643002115990845
169	0.0639428521648227
169	0.0647279955062006
169	0.0642087643246491
169	0.0642490621361735
169	0.0639955481357819
169	0.0644567219152855
169	0.0642269380684279
169	0.0643254520166898
169	0.0642702468601126
169	0.0639886089057646
169	0.0646885046485359
169	0.0645453760469735
169	0.0644439664443966
169	0.0637871729002482
169	0.0639618138424821
169	0.064217417520889
169	0.06508568461139
169	0.064668498797664
169	0.0649546178001463
169	0.0644345365686359
169	0.0643652271841296
169	0.0649109952157235
169	0.0639886089057646
169	0.0649305705757667
169	0.0644105743563248
169	0.0644306382239214
169	0.0646639291117355
169	0.0641273940176458
169	0.0638325533021321
169	0.064887134151575
169	0.0646005923509465
169	0.0648992941986573
169	0.0646382923785342
169	0.064245930659298
169	0.0646170997341566
169	0.0644016446656568
169	0.0646139188428392
169	0.0649508210927683
169	0.0646990089583243
169	0.0645635263612792
169	0.0644047310713977
169	0.0645091879330378
169	0.0644700381018358
169	0.0639868744872847
169	0.0644967365166609
169	0.0647549753905414
169	0.0646774749913763
169	0.0647426565042391
169	0.0645967012617889
169	0.0641900761354686
169	0.0642340821538328
169	0.0646353517555546
169	0.0640738185581235
169	0.064506424857106
169	0.0642572004979182
169	0.0651222651222651
169	0.0644430897848994
169	0.0646677401105357
169	0.0640481552052659
169	0.0646348326767393
169	0.0650655398413246
169	0.0640145922001216
169	0.0636095955659479
169	0.0643711928111634
169	0.0644936983920035
169	0.0644200897480152
169	0.0648798681585567
169	0.0640853314833283
169	0.0641223998624721
169	0.0645063597819503
169	0.0645828842422936
169	0.0648843496545509
169	0.0650144141818338
169	0.0641729581331503
169	0.0638168469525175
169	0.0647596174464983
169	0.0639931004743424
169	0.0650636492220651
169	0.0648087858662152
169	0.0643353024880342
169	0.0645991450754602
169	0.0642415863826846
169	0.0648452360366592
169	0.065003453038674
169	0.0642943618125216
169	0.0646628264541557
169	0.0647584509778526
169	0.0642795138888889
169	0.0654792858381002
169	0.0645258103241297
169	0.0642857142857143
169	0.0643832088591295
169	0.0643300221229341
169	0.0645799294866283
169	0.0644936983920035
169	0.0646995477062244
169	0.0646804835924007
169	0.0647740039754559
169	0.0644744770594818
169	0.0643126823408272
170	0.0648644016965854
170	0.0643333044907848
170	0.0649997851956867
170	0.0641745894554883
170	0.0645716005330811
170	0.064488575699338
170	0.0646575813593569
170	0.0643609022556391
170	0.0643381554368131
170	0.0642118471723422
170	0.0646958011996572
170	0.0643480526247232
170	0.0641125204935715
170	0.0644799309451877
170	0.0646363402724235
170	0.0644308678885567
170	0.0644411941839456
170	0.0652738126135479
170	0.0645147332439098
170	0.06442721791559
170	0.0643312650810065
170	0.064622218425661
170	0.0644304502420426
170	0.0644869864486986
170	0.0643498432063233
170	0.0647048626159313
170	0.0648136177547942
170	0.0648662617909291
170	0.0641894828335506
170	0.0645217090468777
170	0.0647335014346579
170	0.0639625585023401
170	0.0649881644071444
170	0.0648762824381412
170	0.0640165203923593
170	0.0650332334158738
170	0.0640881590319793
170	0.0642233113147241
170	0.0643282479245447
170	0.0647028556727553
170	0.0645577792123951
170	0.0643784301768447
170	0.0646020359950174
170	0.0645845967252881
170	0.0643841515934539
170	0.0644951704422402
170	0.064549356223176
170	0.0645590825136377
170	0.0644032655176882
170	0.0638598595168751
170	0.0648688681711249
170	0.064283568639231
170	0.0645078054444588
170	0.0643885048476153
170	0.0645175045840263
170	0.0652866242038217
170	0.064639436498733
170	0.0640237347895257
170	0.0646768305776251
170	0.0649819494584837
170	0.0643787898335699
170	0.0644105743563248
170	0.0645271569591043
170	0.0648836909317625
170	0.0649866229395012
170	0.0641014542936288
170	0.0645803575293252
170	0.064315174428596
170	0.0644401627060587
170	0.0645746104372599
170	0.0646700818774903
170	0.0645801000172443
170	0.0640347071583514
170	0.0641524105754277
170	0.0646990591571079
170	0.0646331979607708
170	0.0642388992577803
170	0.0649154589371981
170	0.0641874462596733
170	0.06440079262514
170	0.0643583472776419
170	0.0651249566122874
170	0.0646655231560892
170	0.0643921399265817
170	0.0648428707471215
170	0.0644688012427721
170	0.0650867250558132
170	0.0643164230438521
170	0.0648922035060649
170	0.0642225689027561
170	0.0645886472698975
170	0.0650304627749211
170	0.0649020873681945
170	0.0646823862904265
170	0.0639009556907037
170	0.0634405812143228
170	0.0642808394471933
170	0.0641070037226214
170	0.0639537430461255
170	0.0649858259599691
171	0.064125676023693
171	0.0649546178001463
171	0.0646858424252879
171	0.0644181099969614
171	0.0645398031428078
171	0.0648994123450435
171	0.0644145310207956
171	0.0642382686950932
171	0.0643722943722944
171	0.0648966286351548
171	0.0646346735840899
171	0.0646287833060274
171	0.0641164964138231
171	0.0641253082947514
171	0.0649172455192522
171	0.0643059247191975
171	0.0645706119267247
171	0.0648950927692041
171	0.0643923057017166
171	0.0643962313078053
171	0.0641821946169772
171	0.0641928377035725
171	0.0647997255339223
171	0.0652552709531277
171	0.0645257974737743
171	0.0645622859125005
171	0.0651340996168582
171	0.0643390237625461
171	0.0645327604726101
171	0.064194252922787
171	0.0645900930131949
171	0.0647594278283485
171	0.0644811586661463
171	0.0642740759797616
171	0.0642332000515929
171	0.0648683642641347
171	0.0643929643929644
171	0.0646935005799218
171	0.0648576243356522
171	0.0640937580492831
171	0.0650350552711945
171	0.064961901071936
171	0.0643647479226762
171	0.0647854757215038
171	0.0648072542868194
171	0.0646703463861967
171	0.0651884319539341
171	0.0642482141320251
171	0.0645481628599801
171	0.0646676144931283
171	0.0645315280128455
171	0.0642126965037368
171	0.0648517426738339
171	0.0647689591318203
171	0.063782991202346
171	0.0645840495015469
171	0.0645133653187114
171	0.0645412130637636
171	0.0641975308641975
171	0.0643651509296234
171	0.0645923761227384
171	0.0646748985407132
171	0.0649808626843848
171	0.0647033533963886
171	0.0642599904542891
171	0.0643647479226762
171	0.0649655938795572
171	0.0640391971461727
171	0.0644181099969614
171	0.0641511057568196
171	0.0643026004728132
171	0.0644014054331991
171	0.0645747673663709
171	0.064314464331592
171	0.0644857008103589
171	0.064702583789846
171	0.0644375080172745
171	0.0646258503401361
171	0.0649894273507962
171	0.0642900146211405
171	0.0643498432063233
171	0.0649836573198005
171	0.0643795368129969
171	0.0647247786073971
171	0.0648692740308247
171	0.0640860215053763
171	0.0647686220540169
171	0.0650596163815448
171	0.065247311827957
171	0.0648132134209616
171	0.0642671292281006
171	0.0640141391499267
171	0.0645795071114338
171	0.0644509416114885
171	0.064123446206601
171	0.0642087106511427
171	0.0647619047619048
171	0.0649546178001463
171	0.0646832764799862
171	0.0644842548438373
172	0.0646010443188193
172	0.0640859658208182
172	0.0647968635560725
172	0.0641190598730486
172	0.0644153138293255
172	0.0642602992240751
172	0.0644829360315555
172	0.0644377954121677
172	0.0641556648546035
172	0.0651836523538541
172	0.063982869379015
172	0.0646072223173028
172	0.0646834412105105
172	0.0643388715818622
172	0.0644465533603658
172	0.0646742837653479
172	0.06460940871817
172	0.064489690276939
172	0.0644638669793221
172	0.0647290809327846
172	0.0646338844749839
172	0.0646733971869877
172	0.0646181460746186
172	0.0642134710565957
172	0.0648828564018328
172	0.0646472425448167
172	0.064687714481812
172	0.0641851279409239
172	0.0644355429211354
172	0.064484126984127
172	0.0645591397849462
172	0.064593815851718
172	0.065291209972061
172	0.0641996557659208
172	0.0641119799542057
172	0.0649782111576132
172	0.0644094014523267
172	0.0638115631691649
172	0.0649568965517241
172	0.064562348037513
172	0.0644857008103589
172	0.0650737817433082
172	0.0650917961227372
172	0.0644434820268514
172	0.065097192224622
172	0.0648502299196356
172	0.0644453054371691
172	0.0641596710639027
172	0.0655659352596133
172	0.0649117559078672
172	0.064304235090752
172	0.0641201129266832
172	0.0643890744070554
172	0.0640447489376463
172	0.0642946586640183
172	0.0642487931991969
172	0.0645258103241297
172	0.0644038668098818
172	0.0648512922637344
172	0.0644882060160138
172	0.0645009012101966
172	0.0647689591318203
172	0.0642817455229303
172	0.06477140768139
172	0.0645063597819503
172	0.0643708722875032
172	0.0645884534126676
172	0.0645356110607825
172	0.0648998060762767
172	0.0643965517241379
172	0.0639820643269811
172	0.0641897709660754
172	0.0642890863053088
172	0.0645506724920757
172	0.0647303260077968
172	0.0637453635814716
172	0.0643538818674233
172	0.0647861926841834
172	0.0650757346912355
172	0.0643754587453046
172	0.0642811227769445
172	0.0638572905894519
172	0.0646064994397035
172	0.0645606766787502
172	0.0642549526270457
172	0.064411274111458
172	0.0643432784636488
172	0.0645161290322581
172	0.065081351689612
172	0.0640789191507613
172	0.0642610198789974
172	0.0645551570669317
172	0.06459659384139
172	0.0646946895000865
172	0.0646113059095185
172	0.0645216718931226
172	0.0648966286351548
172	0.0644182417201318
172	0.0647207577900647
172	0.0639298695745136
173	0.0645230347662271
173	0.0649417852522639
173	0.0644204280567917
173	0.0644717613685206
173	0.0643402867198901
173	0.0644994171739412
173	0.0647343408828189
173	0.0645958498444757
173	0.0641858464185846
173	0.0647030837766533
173	0.0645981469510881
173	0.0644828031509621
173	0.0645463847203274
173	0.0646995477062244
173	0.0646060190345537
173	0.065123258306538
173	0.0649765015306342
173	0.0646511230677257
173	0.0645686846167038
173	0.0643843948214441
173	0.064496710667756
173	0.0645036527718092
173	0.0646940608030102
173	0.0643161565284773
173	0.0643350049290643
173	0.064541013113911
173	0.0646617822456977
173	0.0642921435000643
173	0.0642241011187975
173	0.0642186165670367
173	0.0646160464616046
173	0.0645895025964551
173	0.0642835814528857
173	0.0646796083147226
173	0.0643191882712068
173	0.0642178158200353
173	0.0644914606168748
173	0.0641169368747844
173	0.0646929351344353
173	0.0645494893782049
173	0.0641770637497864
173	0.0640377342455276
173	0.0649495122368646
173	0.0641997515953574
173	0.0644153398390686
173	0.0645603806747546
173	0.0646663217796172
173	0.0645479076540883
173	0.0651696993160408
173	0.0645397399466116
173	0.0645453369551158
173	0.0653695829575227
173	0.0644828918559224
173	0.0648430454760167
173	0.0641927916400085
173	0.064285105294569
173	0.0644178361443715
173	0.064773314945699
173	0.0642539356605065
173	0.063961220024881
173	0.0643045185792586
173	0.0643046868306058
173	0.064381198792583
173	0.0638261317756206
173	0.0644497771683236
173	0.0647792296524041
173	0.0644827139712547
173	0.0645492241268756
173	0.0645119697425538
173	0.0647834113252909
173	0.0644035669667859
173	0.0646359904947073
173	0.0644535460228498
173	0.0649869081856033
173	0.0646304997864161
173	0.0642939641527998
173	0.0637066470867706
173	0.0650044904417739
173	0.0643350604490501
173	0.064315708286914
173	0.0642722924496071
173	0.0641868512110727
173	0.0648676476897336
173	0.0641699799068018
173	0.0644644557970387
173	0.0645064506450645
173	0.064277416856688
173	0.0643140981340705
173	0.0650229014168914
173	0.0644981332875595
173	0.0643104702408968
173	0.0641350573478242
173	0.0649065380308381
173	0.0647260273972603
173	0.0642924006467535
173	0.0645161290322581
173	0.0647644157169587
173	0.0649808626843848
173	0.0646915271653038
173	0.0645050609023846
174	0.0641970021413276
174	0.0649528706083976
174	0.064412856959918
174	0.064579423306603
174	0.0645396770869117
174	0.0645890177353342
174	0.0645119641934929
174	0.0646202858618908
174	0.0644208543789059
174	0.0644500405480388
174	0.0646725602952536
174	0.0640462029135419
174	0.0648247920348261
174	0.0641956108519094
174	0.0645838690323134
174	0.0651022604951561
174	0.063963228661025
174	0.0645508106480884
174	0.0642936691510323
174	0.0642686668939652
174	0.0646531382727702
174	0.0647976953175388
174	0.0644666155026861
174	0.0637562135292846
174	0.0643765794320469
174	0.0643675191595626
174	0.0644115514225995
174	0.064554794520548
174	0.0643435078556445
174	0.0642098903944075
174	0.0647878891549778
174	0.0646456020495303
174	0.0647398843930636
174	0.0645119418483904
174	0.0646477663230241
174	0.0640976070799502
174	0.0646531178229406
174	0.0640377048471484
174	0.0647076410541152
174	0.0651491028013254
174	0.0642268437459965
174	0.064822743620483
174	0.0647792499244746
174	0.0645576131687243
174	0.0650595161359632
174	0.064532628617706
174	0.0644276901987663
174	0.0647169167803547
174	0.064742020019762
174	0.0646920946089921
174	0.0648895723866889
174	0.0644542898526029
174	0.0643732530638572
174	0.0641782110484009
174	0.0649943970347384
174	0.0642439974042829
174	0.06484081385805
174	0.0645313437955578
174	0.0644814384651783
174	0.0648394004282655
174	0.0644910309055544
174	0.0641334250343879
174	0.0645491803278689
174	0.064452707612087
174	0.0646670099553725
174	0.0649211058085042
174	0.0645022575790153
174	0.0648540036766278
174	0.06471290845491
174	0.0645885502115534
174	0.0643074418405381
174	0.0644550578718644
174	0.0642982343636441
174	0.0647033533963886
174	0.0645954692556634
174	0.0645532895298234
174	0.0643587658864307
174	0.0641865678075696
174	0.0649216906243295
174	0.0643560119811724
174	0.064332528458089
174	0.0644021036296232
174	0.0644816682334843
174	0.0643048013102319
174	0.0640782556235456
174	0.0649249870667356
174	0.0647741935483871
174	0.0642107955998977
174	0.0645870136584945
174	0.0645119972675263
174	0.0641416964017024
174	0.06458921090878
174	0.0645935063822496
174	0.0646783273883708
174	0.0638343479379233
174	0.0643862326212275
174	0.0644047310713977
174	0.0649434432927616
174	0.0643132220795892
174	0.0646405761069913
175	0.0648644016965854
175	0.0649317406143345
175	0.0643517725637952
175	0.0642193984512044
175	0.0647432594882363
175	0.0646477663230241
175	0.0641625509054675
175	0.0647851186658114
175	0.0651258699200962
175	0.0641560875862657
175	0.0650936071089638
175	0.0644177051998281
175	0.0648322492297159
175	0.0645671310144432
175	0.0644744770594818
175	0.0645133542643327
175	0.06466473298072
175	0.0646789782533655
175	0.0651168764449011
175	0.0649905123339658
175	0.0642193984512044
175	0.0643754808925365
175	0.0646872593479935
175	0.0640735199829023
175	0.0644442540063416
175	0.0643039049235993
175	0.064411964649898
175	0.0648279417450702
175	0.0646755479157714
175	0.064817193252847
175	0.0647835562582796
175	0.0647200481637568
175	0.0644163875289874
175	0.0642890863053088
175	0.0648306534382484
175	0.0642127313924159
175	0.0637326672982517
175	0.0645410462172253
175	0.0647084048027444
175	0.0646572053337907
175	0.0644456814970239
175	0.0645744543458608
175	0.0642268748927407
175	0.064710920770878
175	0.0646102363893775
175	0.0648618404063011
175	0.0640712664353934
175	0.0645867307527251
175	0.0642609773825303
175	0.0645979283964413
175	0.0645064634877151
175	0.064239737414212
175	0.0643096485952401
175	0.0646235274031074
175	0.0642631892951504
175	0.0640877844669314
175	0.0650808671713696
175	0.0650476642367252
175	0.0648944822567527
175	0.0645368782161235
175	0.0645244326225921
175	0.0645948375497624
175	0.0642894101414281
175	0.0647429886625181
175	0.0651156745515987
175	0.064929462013029
175	0.0646173688736028
175	0.0642734307824592
175	0.0646494210820815
175	0.0642811227769445
175	0.0646246764452114
175	0.0643464876651417
175	0.0641014617368874
175	0.0649661901908756
175	0.0650965977090101
175	0.06446266944291
175	0.0646495991724851
175	0.0645725747940762
175	0.0646031338299512
175	0.0643310178193899
175	0.0643617248600368
175	0.064115117714675
175	0.064690257904207
175	0.0640225660312847
175	0.0646172341247692
175	0.0644803142881544
175	0.0646407416945661
175	0.0644149370461089
175	0.0644883920894239
175	0.0643063272601973
175	0.0648152104251228
175	0.064776808619805
175	0.0649373033998363
175	0.0646422128683103
175	0.0654112554112554
175	0.0649708989006251
175	0.0646761875997756
175	0.064149168199119
175	0.0644078012657683
175	0.064346853628113
176	0.0640473856905442
176	0.0645668621950183
176	0.0640293290135561
176	0.0643165037770475
176	0.0650978385982862
176	0.0642064846416382
176	0.0646384555718349
176	0.0649267711171662
176	0.064525759126578
176	0.0650044904417739
176	0.0645616737260942
176	0.0642378165976167
176	0.0639178814802036
176	0.0638854349783476
176	0.0642355159410353
176	0.0647654015284122
176	0.0645244436807286
176	0.0644445392855619
176	0.0650654085352777
176	0.0644636589333105
176	0.0642747177557304
176	0.0643617248600368
176	0.0642997522002905
176	0.0644148020654045
176	0.065036465036465
176	0.0642407519185996
176	0.0647649416124445
176	0.0646156482989116
176	0.0643324915464624
176	0.065009231826184
176	0.0641697558481401
176	0.0649495599914145
176	0.0643830317617226
176	0.0646585302518826
176	0.0642382686950932
176	0.0647093813732155
176	0.064278368186493
176	0.0644364998297583
176	0.064495393186201
176	0.0650928064322984
176	0.0645092702840619
176	0.0641323024054983
176	0.0640970857191693
176	0.0647671698915586
176	0.0644871025794841
176	0.064606503098735
176	0.0648851703235721
176	0.0639875819248017
176	0.0652941426687652
176	0.0647413793103448
176	0.0645271862547667
176	0.0643259866735008
176	0.0649511902723069
176	0.0644027098876597
176	0.0647096635954575
176	0.0643566466351276
176	0.0648814338626591
176	0.0642820556598941
176	0.0646690367360758
176	0.0645491366446387
176	0.0643817377485719
176	0.06429273714359
176	0.0648255191607793
176	0.0647116574892218
176	0.0648338472079479
176	0.0646727686820506
176	0.0650012745347948
176	0.064611988453048
176	0.0648948522771255
176	0.0646016941901258
176	0.0643412176586116
176	0.0640833297612414
176	0.0639706196353077
176	0.064793895732981
176	0.0647518912681113
176	0.0642025834505691
176	0.0647268408551069
176	0.0645618556701031
176	0.0645602633716704
176	0.0643530711069578
176	0.0648338472079479
176	0.0643294758339006
176	0.0643889055600806
176	0.0645022760456927
176	0.0643877812954565
176	0.0647142182333491
176	0.0648250617178854
176	0.064650008557248
176	0.0649003193233797
176	0.0648704307533894
176	0.0640804349702253
176	0.0642680112810871
176	0.0647849808824161
176	0.0645532404448421
176	0.0639614268646527
176	0.065013233159737
176	0.0644607527573924
176	0.0647302189277711
176	0.0646653248254893
176	0.0640373016212517
177	0.0643625387918208
177	0.063922642478179
177	0.0645462652341925
177	0.0646728016359918
177	0.0647463675758348
177	0.0645834220273319
177	0.0645836001195202
177	0.0646680942184154
177	0.0638361809908131
177	0.0645326723364246
177	0.0645930975713677
177	0.0645641811372148
177	0.0643787788469727
177	0.0646980898252211
177	0.0644623149970057
177	0.0645602049530316
177	0.0644207277870644
177	0.064468085106383
177	0.0644224196855776
177	0.0643049672699268
177	0.0643981760302848
177	0.0645696773644335
177	0.0647781980742779
177	0.0645812744381902
177	0.0645713796351803
177	0.0647273964446713
177	0.0640563283530826
177	0.0648583896637289
177	0.0646126233921627
177	0.0640379357484621
177	0.0646090358079354
177	0.064498204821337
177	0.0648235193573199
177	0.0641403149404686
177	0.0642515379357485
177	0.0645078605604921
177	0.0648021828103684
177	0.0647435621856326
177	0.0644735160011932
177	0.0650104580185256
177	0.0645051194539249
177	0.0641773628938156
177	0.0645202613262735
177	0.0640997688919897
177	0.064597172543008
177	0.0646368210553477
177	0.0640331043897445
177	0.0642988890318706
177	0.0651698873130811
177	0.0646331058020478
177	0.064539771502479
177	0.0641839711686974
177	0.0645230164830472
177	0.0647432888054287
177	0.0646995937566816
177	0.0643259756464868
177	0.0638562483918003
177	0.0644845075224822
177	0.0645782513801515
177	0.0642637249871729
177	0.0641610852779318
177	0.0648470022745805
177	0.0647859673082668
177	0.0645590825136377
177	0.0635986484752577
177	0.0646738431187546
177	0.0649245459971012
177	0.0647637628297566
177	0.0646880730032834
177	0.0644567219152855
177	0.0638888888888889
177	0.0641075688570809
177	0.0646249786434307
177	0.0644317743387491
177	0.0639856862912158
177	0.0646493020088526
177	0.0647293642958321
177	0.0647923322683706
177	0.064807708706404
177	0.064496915549883
177	0.0643374520664678
177	0.0647275531185744
177	0.0650111130107711
177	0.0647331885354116
177	0.0649178929409256
177	0.0641768162848139
177	0.064532628617706
177	0.0640034364261168
177	0.0646371621045451
177	0.0644540438817844
177	0.0644887208462551
177	0.0646402462485571
177	0.0646542496253479
177	0.0651370628168772
177	0.0646259951466644
177	0.0647909137842024
177	0.0647700534759358
177	0.064124487004104
177	0.0645700329919877
177	0.0649722340879966
178	0.0650250914348899
178	0.0644238568927977
178	0.0645078495957565
178	0.0641891891891892
178	0.063847144697295
178	0.0644954481343762
178	0.0643476044852192
178	0.0645298599582854
178	0.0641431874625332
178	0.0644927844706483
178	0.0643020299099254
178	0.0645188856605708
178	0.0645147517185432
178	0.0644098262432594
178	0.0645616737260942
178	0.0643989573095167
178	0.0646002565198803
178	0.0650091532206565
178	0.064380445512683
178	0.064558742063323
178	0.0646378163014453
178	0.0643003238452361
178	0.0643163209028043
178	0.0647766396055596
178	0.0645327383506393
178	0.0644528752291232
178	0.0641343360109383
178	0.0649422830269346
178	0.0645895025964551
178	0.0643949098983688
178	0.0641496540531306
178	0.0647644157169587
178	0.0638243553740107
178	0.0642912139618445
178	0.0643125213237803
178	0.0638635292100639
178	0.063978702391687
178	0.0645188929826065
178	0.0642178268687388
178	0.064165119392029
178	0.0644650725071652
178	0.0644642781608223
178	0.0649146641759362
178	0.0643866615430597
178	0.0644209806352328
178	0.0645989304812834
178	0.0644040161331846
178	0.0645659163987138
178	0.0638959931798807
178	0.0647051276568447
178	0.0644543714103382
178	0.0646021505376344
178	0.0646850913426734
178	0.0643636053842222
178	0.0638637343682622
178	0.0642166836215666
178	0.0638634613739413
178	0.0646181460746186
178	0.0645606171615739
178	0.0644102476661409
178	0.0645702486449282
178	0.0648278811203763
178	0.0644640733820282
178	0.0643412176586116
178	0.064623812376958
178	0.0640552599965677
178	0.0641773128697591
178	0.064535481659239
178	0.0644884658262585
178	0.0645768293204465
178	0.0648706435749412
178	0.0636586519850316
178	0.0643390237625461
178	0.0643119815274096
178	0.0643585568600566
178	0.0641009248604185
178	0.0647719478737997
178	0.06466473298072
178	0.0642508352608584
178	0.0639807369824139
178	0.0646632566069906
178	0.0650635286091925
178	0.0643719651067853
178	0.065169209786037
178	0.064546505157728
178	0.0645325634711726
178	0.0648088418698663
178	0.0647821977833147
178	0.0647315694836887
178	0.0643182689440729
178	0.0641268746767799
178	0.0646396008945467
178	0.0646730088306813
178	0.0649679886563829
178	0.0642100336155908
178	0.0644056183624529
178	0.0646829433706341
178	0.0643809849521204
178	0.0644981332875595
178	0.064474862479212
179	0.0645935063822496
179	0.0641578745034386
179	0.0648048999871504
179	0.0647997950994621
179	0.0643404255319149
179	0.0645257846574874
179	0.0640539042176639
179	0.0645341108871832
179	0.0639965731420004
179	0.0645559385505766
179	0.0644132653061224
179	0.0643926505614155
179	0.0641430522362581
179	0.0643387879568784
179	0.0647350004267304
179	0.0644470154689977
179	0.0643532583115827
179	0.0641331177121457
179	0.0645424135860709
179	0.064630803494946
179	0.0642960074595236
179	0.0644350751671564
179	0.0649173041582974
179	0.0643210555250137
179	0.065205267899275
179	0.0643890744070554
179	0.0645530939648587
179	0.0642452146480795
179	0.0646216065051844
179	0.0644413935129569
179	0.0647771564141671
179	0.0648132355449429
179	0.064586079340108
179	0.0639584397887924
179	0.0645326942827799
179	0.0647257492197854
179	0.0643934538307055
179	0.0644106657608696
179	0.0648710650409958
179	0.0642127659574468
179	0.0646841108624548
179	0.06407019045581
179	0.0646264318686955
179	0.0650416879360218
179	0.0646764056395448
179	0.0644885391720835
179	0.0645602049530316
179	0.0648561349823622
179	0.0649073362370826
179	0.0645078605604921
179	0.0647236780433764
179	0.0640851063829787
179	0.0646316507503411
179	0.064638945927447
179	0.0644171779141104
179	0.064474862479212
179	0.0638770281810419
179	0.0648752399232246
179	0.064771469912333
179	0.0644422775257557
179	0.06460566206926
179	0.0645546411972882
179	0.0640578477243726
179	0.064491297096181
179	0.0643155294318085
179	0.0647328113635391
179	0.0643404255319149
179	0.0647927989130435
179	0.0644899354673277
179	0.064900267936886
179	0.0641720356700943
179	0.064739344540669
179	0.0642759911519483
179	0.0642647246710106
179	0.0645230347662271
179	0.0645051194539249
179	0.0645381013197105
179	0.0647929628835014
179	0.0647619858639189
179	0.064437715894068
179	0.0644180969909686
179	0.0643685949013297
179	0.0643162393162393
179	0.0643367412413911
179	0.0644940259517794
179	0.0647594829413011
179	0.0637854835968043
179	0.0643006085365335
179	0.0643532583115827
179	0.0641729435295119
179	0.0649008871344285
179	0.0638433981576254
179	0.0644040161331846
179	0.064540751420575
179	0.0643945881144032
179	0.0639228295819936
179	0.0645229892390796
179	0.0639002036659878
179	0.0642096293140179
179	0.0641289437585734
180	0.0643716406449962
180	0.0642510431746572
180	0.0649262008361061
180	0.0647028775753448
180	0.0641924924541938
180	0.064496915549883
180	0.0644190246839254
180	0.0649961515436586
180	0.0647555669311492
180	0.0643040136635354
180	0.0643027820447175
180	0.0647243693196297
180	0.0646461182320916
180	0.0646799864544531
180	0.0643040136635354
180	0.0644764730818143
180	0.0643379228284889
180	0.0644295873610697
180	0.0644338660319619
180	0.0646416786530163
180	0.0644191266782432
180	0.0649599591071733
180	0.0643860617121514
180	0.0645914727365381
180	0.0648025613660619
180	0.0643795002117747
180	0.064879812805786
180	0.0645544386478347
180	0.0643837373348724
180	0.0640532923392262
180	0.0648396005948587
180	0.0641310858218533
180	0.0645448758752387
180	0.0650138918572345
180	0.064118372379778
180	0.064527127818267
180	0.0646198705029802
180	0.0642563472216335
180	0.0644047568304846
180	0.0642295430393199
180	0.06472162058861
180	0.0644209806352328
180	0.0645764296031948
180	0.0648230746357419
180	0.0643520284878545
180	0.0644039032668647
180	0.0647562018819504
180	0.0646148614181262
180	0.0641604223433243
180	0.0647268408551069
180	0.0643389397487758
180	0.0643826265039679
180	0.0643115556501383
180	0.0640937580492831
180	0.0648140230867892
180	0.0647337631837397
180	0.0643947492196519
180	0.0639255829758315
180	0.0641907773836489
180	0.0641567422205148
180	0.0644005629718088
180	0.0643593644354293
180	0.0649927406268682
180	0.0646597413610346
180	0.0642025834505691
180	0.0646136808927507
180	0.0647781799814799
180	0.0651182612401449
180	0.0643858903527412
180	0.0644268438085505
180	0.0644209806352328
180	0.0647399336000681
180	0.0642539682539683
180	0.0643009833262078
180	0.0643354849741376
180	0.0641404410190537
180	0.0645175027680777
180	0.0642323865099116
180	0.0646225417635864
180	0.0643944211284921
180	0.064035236320515
180	0.0641140564306143
180	0.0643085446409546
180	0.0639339377686971
180	0.0644108553761594
180	0.064525759126578
180	0.0644366047519871
180	0.0646962797491193
180	0.0647169167803547
180	0.0645600885784856
180	0.0644352886208215
180	0.0643969945239207
180	0.0642478251644388
180	0.0644251719571068
180	0.0642990179478496
180	0.0647830560795747
180	0.0641058803241938
180	0.0645831566448987
180	0.0646832191780822
180	0.0645365524227587
181	0.0644805965090663
181	0.0642077083244805
181	0.0645973870719836
181	0.0644901761517615
181	0.0641963753935166
181	0.0642985227563829
181	0.0640736164955481
181	0.0647469828498835
181	0.0644911979390296
181	0.0646092456594643
181	0.0644073584019804
181	0.064166808221505
181	0.0641107289941833
181	0.0641260378965297
181	0.0644037554696461
181	0.0643088185223017
181	0.0648676042062587
181	0.0645959552862872
181	0.0643762224678969
181	0.0644474714796526
181	0.064816388983339
181	0.064396022847472
181	0.0646456959242347
181	0.0642787254860254
181	0.0646844248388191
181	0.0639023974063646
181	0.064256515074093
181	0.0643921602117938
181	0.0645037353255069
181	0.0644914280852512
181	0.064089435057177
181	0.0647441940183392
181	0.0648230369148801
181	0.0648167851215049
181	0.0642260484145926
181	0.0640987570525601
181	0.0645846611429785
181	0.0645421712343318
181	0.0642170621757251
181	0.0646239554317549
181	0.064525746411687
181	0.0646998809726237
181	0.0645023676464315
181	0.0642268437459965
181	0.0642480489348239
181	0.0649057887797201
181	0.0640375021503527
181	0.0641797371767698
181	0.0643317264621816
181	0.0645696068012752
181	0.064283877603497
181	0.0644790602655771
181	0.0645639288738357
181	0.0646196731004773
181	0.0647673877153621
181	0.0649444609950206
181	0.0645174937597834
181	0.064919594997022
181	0.0646244051665534
181	0.0643809849521204
181	0.0649477529521706
181	0.0645367684695445
181	0.0646538965706795
181	0.0646853146853147
181	0.0646071016536341
181	0.0649163055484748
181	0.0643828028463079
181	0.0643045737160378
181	0.0640457103871738
181	0.0643908683592917
181	0.0639658848614073
181	0.0650057395518898
181	0.0646248347054558
181	0.0643740470946976
181	0.0645627764545764
181	0.0644244634829078
181	0.0645697481140519
181	0.0649633168401297
181	0.064762551457794
181	0.0644379226744928
181	0.0642695477644446
181	0.0650403036635817
181	0.064591671634165
181	0.0647411629588668
181	0.0643505556969543
181	0.0643743867582441
181	0.0650185098506447
181	0.064650543408222
181	0.0645353033583832
181	0.0645285935085008
181	0.0642244672722642
181	0.064808125451532
181	0.0642699677802272
181	0.0647585884750945
181	0.0643240023823705
181	0.0644970163781794
181	0.064734051650419
181	0.0637359815084325
181	0.0645092521531508
181	0.0646075735138566
182	0.064905079527963
182	0.0644403638382372
182	0.0642072414824948
182	0.0645188675240885
182	0.0646459457145303
182	0.0644433086293551
182	0.0640551231338522
182	0.0647485062926395
182	0.0644927844706483
182	0.0646595528455285
182	0.0643284786208654
182	0.0647788818286494
182	0.0645394905001278
182	0.0649533307761156
182	0.0644057775149928
182	0.0650146889768808
182	0.0643920175883646
182	0.064565522521373
182	0.0649649010848756
182	0.0646443067720573
182	0.0645298418636286
182	0.0647203807581166
182	0.0646190496447867
182	0.0645852070752495
182	0.0646123684098368
182	0.0641255989048597
182	0.064579423306603
182	0.0645215918712955
182	0.0644082151175101
182	0.0641199966006629
182	0.0644099670897978
182	0.0640737123689015
182	0.0651097258987277
182	0.0641118239367804
182	0.0644030575615524
182	0.0643969945239207
182	0.0650310375406444
182	0.0641107289941833
182	0.0648001709767044
182	0.0644154968171662
182	0.0644587497882433
182	0.0641107289941833
182	0.0645298418636286
182	0.064505090255796
182	0.0642002639533399
182	0.0649438678246134
182	0.0648602517601878
182	0.0643811638133459
182	0.064317554659308
182	0.0647023605884365
182	0.0649919238289552
182	0.0641795494229377
182	0.0643606585345048
182	0.0650651500360766
182	0.0637980932924753
182	0.06458921090878
182	0.064725195070993
182	0.0644954754994024
182	0.0645724258289703
182	0.0645354048401554
182	0.0645585180789284
182	0.0644682744881957
182	0.0649180050002119
182	0.0642367066895369
182	0.0646580907244414
182	0.0643627954779034
182	0.0644448223091311
182	0.0642763074047326
182	0.064406779661017
182	0.0647101173082624
182	0.064588444294053
182	0.0640840278959007
182	0.0648519498250704
182	0.064970429306897
182	0.0646766169154229
182	0.0647790465678991
182	0.0646703041069238
182	0.0640676813196157
182	0.0646723888841676
182	0.0647812939222284
182	0.0645313034553541
182	0.0643081360821244
182	0.0642953700574518
182	0.0649295535562723
182	0.0645942158236718
182	0.0648112685646198
182	0.0644299287410926
182	0.06460566206926
182	0.0644234020967197
182	0.0644336486832012
182	0.0644452890747075
182	0.0643471595264458
182	0.0646865811565177
182	0.0644668110587336
182	0.0645312633284995
182	0.064951084644832
182	0.0643011756716608
182	0.0645106671181849
182	0.0643429350605079
182	0.0646590279848362
183	0.0646140868831717
183	0.0644367093980813
183	0.0650721368685364
183	0.0643133256870991
183	0.0645161290322581
183	0.0648549800119078
183	0.0643833290892114
183	0.0645586297760211
183	0.064591671634165
183	0.0643576932847828
183	0.0649747485464499
183	0.0643095055085831
183	0.0645517475686924
183	0.0645502645502646
183	0.0642759911519483
183	0.0641824579253042
183	0.0643505556969543
183	0.0642693190512624
183	0.0643891287782576
183	0.0644490644490645
183	0.0642914432859133
183	0.0646675689392658
183	0.0646441372247824
183	0.0640183151736126
183	0.0647137821050865
183	0.0650563193284509
183	0.0648952478283086
183	0.0647194073064805
183	0.0641886151231946
183	0.0642536238026617
183	0.0645752525467798
183	0.0640595111583422
183	0.0647210809437079
183	0.0643254963649505
183	0.0646946158757182
183	0.0644051965695848
183	0.0644437862311175
183	0.0643141237200643
183	0.0645984935529171
183	0.064376406641471
183	0.0645936038427506
183	0.0642950805803477
183	0.0642396469789545
183	0.0646054256633022
183	0.0645449517082926
183	0.0645749417002332
183	0.0643212660058706
183	0.0643994211287988
183	0.0641080252172431
183	0.0644942006203
183	0.0647512501059412
183	0.06432023264765
183	0.064729586426299
183	0.0646540773985943
183	0.0639803398161095
183	0.06447786485914
183	0.0643931370472358
183	0.064464141821112
183	0.064859591074913
183	0.064322761669926
183	0.0644548562745346
183	0.0645749417002332
183	0.0644340822382365
183	0.0646143437077131
183	0.0642578786851915
183	0.0643334610635671
183	0.064711615883375
183	0.0647247822778388
183	0.0644779150448468
183	0.0645997026969633
183	0.0645695364238411
183	0.0644382308083376
183	0.0640873184404994
183	0.0649950793718711
183	0.0641738684007872
183	0.0646391053880041
183	0.0643100511073254
183	0.0647125999238675
183	0.0641394482992046
183	0.0644640733820282
183	0.0644148349316812
183	0.0647119165669345
183	0.0648458373976844
183	0.0643314532886646
183	0.0642264023046941
183	0.0648523945828171
183	0.0648061354921176
183	0.0645804180977823
183	0.064298732674946
183	0.0647860996643868
183	0.0644514587954274
183	0.0647133757961783
183	0.0646586515994732
183	0.0643755026029542
183	0.0642553191489362
183	0.0645750967138545
183	0.0649052756775125
183	0.0646024464831804
183	0.0640933191940615
183	0.0644942869234024
184	0.0645476150059413
184	0.0638921952048971
184	0.0646425073457395
184	0.0645489199491741
184	0.0645639288738357
184	0.0644421803362201
184	0.0644997029618943
184	0.0646622909167902
184	0.0647564227366995
184	0.06428117721787
184	0.0642663733288204
184	0.0641804357983265
184	0.0647414600902973
184	0.0646540773985943
184	0.0646772486772487
184	0.0644271959960979
184	0.064535328628518
184	0.0648316747829769
184	0.0645804180977823
184	0.0644984160506864
184	0.064773735581189
184	0.0645408163265306
184	0.0643989013310797
184	0.064731100640944
184	0.0646213822619603
184	0.064285105294569
184	0.0643316957479248
184	0.0645037517053206
184	0.0642917726887193
184	0.0644561774023231
184	0.0647031441750243
184	0.0645653926101896
184	0.0649531526968853
184	0.0647301492791222
184	0.0647004062288423
184	0.0646804176215941
184	0.0646580907244414
184	0.0645161290322581
184	0.0645611955463359
184	0.0643774997872521
184	0.064639267082326
184	0.0645992648612109
184	0.0647448216954943
184	0.0643235231844167
184	0.0646553548004908
184	0.0645543381699733
184	0.064397927810302
184	0.0644465132024374
184	0.0649246146027444
184	0.0642595900314706
184	0.0644915576996318
184	0.0643207506931115
184	0.0640971399559993
184	0.0646213822619603
184	0.0645052061288411
184	0.0643252609779807
184	0.0647245091830272
184	0.0644534549755026
184	0.0644887208462551
184	0.0649081209247184
184	0.064930672979371
184	0.0644588250222053
184	0.0642675698560542
184	0.0642116402116402
184	0.0644955571616853
184	0.0644615514761864
184	0.0641904681781853
184	0.0642471173892695
184	0.0646918624446714
184	0.0646080558036664
184	0.0647931635559713
184	0.0644088039583689
184	0.0644820295983087
184	0.0648101265822785
184	0.0645079257438332
184	0.0644637978142076
184	0.0647795548785648
184	0.0642988103867309
184	0.0645639288738357
184	0.064196065128901
184	0.0642317911517861
184	0.064978255308263
184	0.0645489199491741
184	0.0640976564161456
184	0.0642217339868176
184	0.0642143312779077
184	0.0645421369770008
184	0.0644791091086836
184	0.0641188959660297
184	0.0648698806360454
184	0.0646450899502403
184	0.0643904092179954
184	0.0646157752200406
184	0.0644956650454642
184	0.0642808394471933
184	0.0647312839368934
184	0.0644136704357769
184	0.0648203211281964
184	0.0641025641025641
184	0.0644983461962514
185	0.0647622276850047
185	0.0644557026693346
185	0.064819543752128
185	0.0649537861443229
185	0.0644956650454642
185	0.0643349502170028
185	0.0646099380452649
185	0.0640324647586502
185	0.06424651751794
185	0.0642814600527525
185	0.0645462256149279
185	0.0645899554990464
185	0.0643813422017566
185	0.0649725916797688
185	0.0645065900642109
185	0.0641937669376694
185	0.0651015228426396
185	0.0641886151231946
185	0.0646774603712808
185	0.0646246911476527
185	0.0643641411804299
185	0.0640637653978944
185	0.0643467953602574
185	0.064285105294569
185	0.0644807359581382
185	0.0642469930543791
185	0.0648230746357419
185	0.0644014725172428
185	0.0644051965695848
185	0.0644298152473986
185	0.0647223162885202
185	0.0640733231964859
185	0.0646362098138748
185	0.0640246475901072
185	0.0650907699502572
185	0.0644270789093689
185	0.0641448760260641
185	0.0645943187616942
185	0.0645693263985792
185	0.0641418005610814
185	0.0645324988370618
185	0.0642690924476412
185	0.0646907107521881
185	0.0640911969601013
185	0.0640797285835454
185	0.0645954308481329
185	0.064552996952252
185	0.0647536820721178
185	0.0639414328636114
185	0.0644985083406866
185	0.0647998640265148
185	0.0646732455211554
185	0.0647338483742253
185	0.0640071449836261
185	0.0646613985895148
185	0.0640431770855467
185	0.0645680633817735
185	0.0645379572848382
185	0.0644654755336757
185	0.0641799931949643
185	0.0649471853391592
185	0.0647412043301759
185	0.0647113594040968
185	0.0644708882277943
185	0.0643304553919079
185	0.0640611724723874
185	0.0646332607116921
185	0.0645556259235803
185	0.0643558047661527
185	0.0644097882591606
185	0.0642587326514155
185	0.064840221199713
185	0.0646620992979785
185	0.0644034587042637
185	0.0642248505659418
185	0.0639532421329042
185	0.0647857445905812
185	0.0647390511722559
185	0.063737676810973
185	0.0645215918712955
185	0.0642619358644811
185	0.0646169439986485
185	0.0644059218018474
185	0.0645476150059413
185	0.0641117933516833
185	0.064432771329323
185	0.0645611955463359
185	0.0640938456307378
185	0.0645858038285617
185	0.0643771385122291
185	0.0646619081809351
185	0.064559915164369
185	0.0647287476761873
185	0.0646622909167902
185	0.0638977635782748
185	0.0648390639520149
185	0.0646584641493424
185	0.064540751420575
185	0.0644410594905644
185	0.0649444609950206
186	0.0645134086692528
186	0.0642640590973141
186	0.0646025602857993
186	0.0641697558481401
186	0.0644642781608223
186	0.064322761669926
186	0.0644792548687553
186	0.0647372429550647
186	0.064244272222928
186	0.0639651564968615
186	0.064647148417668
186	0.0644943155403406
186	0.0643008027038445
186	0.0644750254841998
186	0.0643467953602574
186	0.0646795575445411
186	0.0644462381579506
186	0.0647494184817086
186	0.0646489515238985
186	0.0647846849511896
186	0.0641183201254397
186	0.06463089238067
186	0.0647932625163993
186	0.0641765275613762
186	0.0644084976981881
186	0.0645079365079365
186	0.0651464417411944
186	0.0644752408315025
186	0.0642884314637136
186	0.0647730624973661
186	0.0648124629582593
186	0.0647066267347197
186	0.0643232700135685
186	0.064816776106757
186	0.0641515846715949
186	0.0646764074276812
186	0.0640400356249205
186	0.0643435024439575
186	0.0645650069447367
186	0.064481939969476
186	0.0642973645806507
186	0.064270934504455
186	0.064861407249467
186	0.0642272262026612
186	0.0648833961146146
186	0.0642147537518495
186	0.064432771329323
186	0.0646297475068958
186	0.0644514587954274
186	0.0642660453293794
186	0.0646629852885385
186	0.0646469768031436
186	0.0642391947898165
186	0.064842229929786
186	0.0648708549995738
186	0.063881230116649
186	0.0644043443350378
186	0.0643393203474155
186	0.0641216187523886
186	0.0646081771720613
186	0.0645910780669145
186	0.0644707087084525
186	0.0643415768336504
186	0.0641910488207647
186	0.064510681415182
186	0.0646050733859337
186	0.0648418028978161
186	0.0643287252989568
186	0.0647986734129852
186	0.0644793514061312
186	0.0645366060093102
186	0.0646005742273265
186	0.0647588451621085
186	0.0647936265785236
186	0.0645653926101896
186	0.0644073512055303
186	0.0643386243386243
186	0.0644792064097673
186	0.0645669291338583
186	0.064535153123552
186	0.064428849243257
186	0.0645421028096792
186	0.064335426922424
186	0.0642135946939293
186	0.0641785986613573
186	0.0642023346303502
186	0.0645542881284326
186	0.0645174955519783
186	0.0641897636456385
186	0.0645745577085088
186	0.0641837682628156
186	0.06450928831962
186	0.0644750254841998
186	0.0648097193413199
186	0.0648374841705361
186	0.06431316245091
186	0.0644845075224822
186	0.0645338983050847
186	0.0641209765988004
186	0.064650059311981
187	0.0645434524817889
187	0.0644248236238435
187	0.064614731479516
187	0.0641749536490814
187	0.064592292773421
187	0.0640152316479797
187	0.0645570155055135
187	0.0643646058143963
187	0.0643136924567241
187	0.0647296955385005
187	0.064540622627183
187	0.064531144211239
187	0.0639191884894529
187	0.0642375737152485
187	0.0643947401801192
187	0.0647175463021558
187	0.0645188531858295
187	0.0648108977070818
187	0.0645761135998648
187	0.0644929070506034
187	0.0646818545500484
187	0.0643282259085729
187	0.0644382308083376
187	0.0648112847884102
187	0.0648992576882291
187	0.0644506470438975
187	0.0643598027546336
187	0.0645664642375169
187	0.0642536238026617
187	0.0644462381579506
187	0.0648031031284257
187	0.0642748478701826
187	0.0648386416367855
187	0.0644153651329675
187	0.0641582654912051
187	0.0648163817904891
187	0.0640927299070996
187	0.0643183355886333
187	0.06418359988122
187	0.0642754176206224
187	0.0646195377087903
187	0.0644330984429723
187	0.0642712550607287
187	0.0647190442014607
187	0.0646487769723176
187	0.0641988856998143
187	0.0643119382200279
187	0.0644521357420226
187	0.064403205398566
187	0.064453125
187	0.0645297342893294
187	0.0646117368109069
187	0.0645393068469992
187	0.0649168928086839
187	0.0647351551956815
187	0.0643658691509634
187	0.0646418435209895
187	0.0645853494340893
187	0.0646172086720867
187	0.064638783269962
187	0.0643992076537278
187	0.0644505610840567
187	0.0644244634829078
187	0.064381306201714
187	0.0642333305234764
187	0.0643462138131558
187	0.064344746162928
187	0.0643225424731637
187	0.0643446457429616
187	0.0645379859405437
187	0.0639593908629442
187	0.0644410594905644
187	0.0641443884252002
187	0.0640715769834203
187	0.0643831004881333
187	0.0640625
187	0.0643807747732474
187	0.0640585968923324
187	0.0646527983730882
187	0.0642923610523644
187	0.0644875579924083
187	0.0644023678575927
187	0.064637022065016
187	0.0645256334708309
187	0.0643455453084017
187	0.0646519067261554
187	0.0645744815110849
187	0.0642155415946368
187	0.064393779763159
187	0.0644006402156516
187	0.0641659274278714
187	0.0642872228088701
187	0.064509279313713
187	0.0644711842938569
187	0.0646252749111825
187	0.064428849243257
187	0.0645297878646738
187	0.0644698535926754
187	0.064734217865292
187	0.064343163538874
188	0.0644480998776836
188	0.0646504120295642
188	0.0643143883372068
188	0.0640774215552524
188	0.0644997889404812
188	0.0643652750616444
188	0.064092272592843
188	0.0645147661498162
188	0.0644550162084789
188	0.0647363762801871
188	0.0643203371970495
188	0.0643876816198585
188	0.0645420008442381
188	0.0647500210774808
188	0.0644822074535207
188	0.0648097425308668
188	0.0641517386722866
188	0.0646891092479891
188	0.0644388398486759
188	0.064555574295834
188	0.0646418435209895
188	0.0646894567608732
188	0.0642391947898165
188	0.0643769562642754
188	0.0646761984861228
188	0.0646172086720867
188	0.0645880669864512
188	0.0643405619778922
188	0.0642629904559915
188	0.0645638037327928
188	0.0647197441508164
188	0.064628857732306
188	0.0643726395300042
188	0.064761261451429
188	0.0646974306964165
188	0.064203821656051
188	0.064195450716091
188	0.0642182492831843
188	0.0646198088471623
188	0.0644162673338705
188	0.0644398462902749
188	0.0641597620565116
188	0.0644860605033472
188	0.0646548090702183
188	0.0645924923909368
188	0.0645297165241565
188	0.0642065480487494
188	0.0644477422090312
188	0.0644571136827774
188	0.0648003710105822
188	0.0645828933474129
188	0.0644384348854897
188	0.0642302498311951
188	0.0647036361322076
188	0.064426125554851
188	0.0645662675908423
188	0.0645747874994714
188	0.0646979069570375
188	0.0644559409719277
188	0.0644248236238435
188	0.0639969585603852
188	0.0646721833227244
188	0.0647078661158418
188	0.0646183754543149
188	0.0642848103935546
188	0.0644250621497493
188	0.0642101269024832
188	0.0645921933555097
188	0.0642429859297329
188	0.0641362365500297
188	0.0643292167145999
188	0.0644480998776836
188	0.064840221199713
188	0.0643944211284921
188	0.0641177465741837
188	0.0645011796427368
188	0.0645570155055135
188	0.0643758706572671
188	0.0646979069570375
188	0.0641754326433661
188	0.0645515609817921
188	0.064490412453321
188	0.0643116707512888
188	0.0643419094195194
188	0.0642410940401823
188	0.0648210668467252
188	0.0646264246517518
188	0.0645024039484321
188	0.0644794474393531
188	0.0643717001055966
188	0.0642476978964265
188	0.0643501728936493
188	0.0643418052858229
188	0.064640229982244
188	0.0648456959513657
188	0.0644832852536908
188	0.0649674528700651
188	0.0645243344073258
188	0.0643784080821744
188	0.0642675698560542
189	0.0645025117142978
189	0.0644084976981881
189	0.0645079149514069
189	0.0648785638859557
189	0.0647076158800994
189	0.0642754176206224
189	0.064299869292069
189	0.0646666949548097
189	0.0640960809102402
189	0.0645828060406648
189	0.0643856396426766
189	0.0646029609690444
189	0.0649031328161431
189	0.0646644451006032
189	0.0646573497221754
189	0.0647506197739401
189	0.064406495195737
189	0.0647314826551739
189	0.0646986781536383
189	0.0643947401801192
189	0.0646328634546602
189	0.0645283655061957
189	0.064576035115857
189	0.0642429859297329
189	0.0641668422161365
189	0.0645528044466902
189	0.064390078151546
189	0.0645229265003372
189	0.0645310853530032
189	0.0645365791809306
189	0.0645665301296398
189	0.0645202233880521
189	0.0645311245404218
189	0.064307862209574
189	0.0648022980736735
189	0.0643455453084017
189	0.0646989174560216
189	0.0644835848501408
189	0.0644222250348057
189	0.0647949074659584
189	0.0643346071473565
189	0.0647421642260731
189	0.0643724526240598
189	0.064256520456748
189	0.0646759847522236
189	0.0646035307565302
189	0.0648692050881122
189	0.0645011600928074
189	0.0643608260483973
189	0.0647262881800491
189	0.0641139053877585
189	0.064734583999327
189	0.0643407913032486
189	0.0646355832351456
189	0.0644022196065243
189	0.0641665961229154
189	0.0646099380452649
189	0.0642977291841884
189	0.0643297055597739
189	0.0643955305385197
189	0.0646701022218468
189	0.0643847123057539
189	0.0646191336498466
189	0.0647303602202514
189	0.0643715107426831
189	0.0644589748998102
189	0.0648508980006777
189	0.0645610188074555
189	0.06434848740916
189	0.0645528523843656
189	0.0644183402804092
189	0.0646613378207825
189	0.0643859796587375
189	0.064853468269028
189	0.0643847123057539
189	0.0647203807581166
189	0.0642519419115164
189	0.0644767833109017
189	0.0644847972972973
189	0.06430230103441
189	0.0643008027038445
189	0.0648518815052042
189	0.0648830840530862
189	0.0644360269360269
189	0.0642449841605069
189	0.0647133220910624
189	0.0645079686314192
189	0.0644400454870909
189	0.0646927515478246
189	0.0644208037825059
189	0.0644234020967197
189	0.0640487990850171
189	0.064326744382497
189	0.0643282206017936
189	0.0648363252375924
189	0.0645256583389602
189	0.0643775015799452
189	0.0646638655462185
189	0.0645066273932253
189	0.0643040748388184
190	0.0640212981744422
190	0.0644699140401146
190	0.0643599781117144
190	0.0642479213907785
190	0.0641914749661705
190	0.0644263608382173
190	0.0646875263557392
190	0.0641057934508816
190	0.0644385365236106
190	0.0645011796427368
190	0.0645785158713475
190	0.0645079899074853
190	0.0644277768413956
190	0.0643203371970495
190	0.0642008593815823
190	0.0644577298753789
190	0.0648744911804613
190	0.0645610188074555
190	0.0646627936347563
190	0.064717987484776
190	0.0643495194953643
190	0.0645364460866644
190	0.0645886344359627
190	0.0644169194472531
190	0.0643874165231635
190	0.0644957718036097
190	0.0646707593978639
190	0.0643328985568225
190	0.0642803125787749
190	0.0645174884112937
190	0.0647078661158418
190	0.0645704423959254
190	0.0645976333852697
190	0.0643076018973261
190	0.0642932378344217
190	0.0645978467384421
190	0.0640267094920125
190	0.0646314284512846
190	0.0647836336083516
190	0.0643440714557846
190	0.0645161290322581
190	0.064740615773935
190	0.0648977522393105
190	0.0643891287782576
190	0.0642899383289685
190	0.0643272390260342
190	0.0643791261931794
190	0.0641677255400254
190	0.0649109479193045
190	0.0645662675908423
190	0.06450933299625
190	0.0645079365079365
190	0.0644444444444444
190	0.064452219365173
190	0.064432771329323
190	0.064488971207274
190	0.0645066025397629
190	0.0645419670334303
190	0.0643069097075032
190	0.0644985312631137
190	0.0648035301533936
190	0.064569118018701
190	0.0644874830852503
190	0.0644537001977366
190	0.0645242596093258
190	0.0647893288164302
190	0.0643343705323354
190	0.064286316499452
190	0.064320081033173
190	0.0649015039186613
190	0.0643420331407851
190	0.0645963256362717
190	0.0643923420764106
190	0.0645852592654845
190	0.06434848740916
190	0.0644211765695303
190	0.0646431292862586
190	0.064521563342318
190	0.0645446880269814
190	0.0645705845115003
190	0.0645337364067683
190	0.0646264246517518
190	0.064355390397365
190	0.0645406868550161
190	0.0646479110512129
190	0.0644916859608504
190	0.0645745577085088
190	0.0644589748998102
190	0.0649542992552471
190	0.064696720966452
190	0.0644454740743861
190	0.0647264162846448
190	0.0642566881137826
190	0.0645093418616395
190	0.0640756302521008
190	0.0644822074535207
190	0.0646373385122013
190	0.0640647391047796
190	0.0645635554062001
190	0.0648117014122394
191	0.0643451930355791
191	0.064487743557511
191	0.0645324134449539
191	0.0641128521349833
191	0.0647883775613033
191	0.0645256334708309
191	0.0645705845115003
191	0.0646860514117151
191	0.0645120724346076
191	0.0646017699115044
191	0.0644372285244381
191	0.0640404465978513
191	0.0645864787787284
191	0.0645528523843656
191	0.0643885194848918
191	0.0646392617449664
191	0.064887581424669
191	0.064592292773421
191	0.0643803913317905
191	0.0642881184786267
191	0.0643691736617877
191	0.0645107168323476
191	0.064563432210491
191	0.0645107168323476
191	0.0647221988736656
191	0.0645730120077253
191	0.0645025295109612
191	0.0643089533950226
191	0.0646675689392658
191	0.0641977391597773
191	0.0638793578175965
191	0.0644779650990831
191	0.0645350788855321
191	0.064634454844422
191	0.064742458616923
191	0.0646225417635864
191	0.0646280082899801
191	0.0642279163857047
191	0.0644169194472531
191	0.0642827092974337
191	0.0647096092925026
191	0.0645732349841939
191	0.0642588920298722
191	0.0646166807076664
191	0.0645269702570997
191	0.0644578059958794
191	0.064613958973927
191	0.0647400302877335
191	0.0646301439030548
191	0.0642221102150538
191	0.0647321428571429
191	0.0641520641520641
191	0.0643445218492717
191	0.0645243128964059
191	0.0644402436462928
191	0.064295946743069
191	0.0648514434811885
191	0.0644780150223648
191	0.0648912860273049
191	0.0644289634789951
191	0.0646852407728407
191	0.0646491855717833
191	0.0642406394615061
191	0.064550086319424
191	0.0644386378961564
191	0.064634454844422
191	0.0645174866377678
191	0.0647442643653968
191	0.0642784552845529
191	0.0646910466582598
191	0.0643820083154844
191	0.0645650708024275
191	0.0647415389796262
191	0.0646778746892512
191	0.0646339926924531
191	0.0643388569496111
191	0.0648591845313157
191	0.064364536566945
191	0.0643800362823271
191	0.0645974211432652
191	0.0646432961722691
191	0.0644806895968901
191	0.0647375958217505
191	0.0643872487173017
191	0.0646475678400403
191	0.0647046457851587
191	0.0645377869162016
191	0.0641257301340505
191	0.0644739616276618
191	0.064527012778879
191	0.0645974211432652
191	0.0645975271259147
191	0.0645595724085687
191	0.0646856086079354
191	0.0644739616276618
191	0.0643422604008759
191	0.0643363091495872
191	0.0644294174471838
191	0.0646134506599623
191	0.0649936735554618
192	0.0645662023829502
192	0.0642905009214274
192	0.064419759320037
192	0.0644809201964653
192	0.0644127813843689
192	0.0645528523843656
192	0.0644971656519001
192	0.0642784980636471
192	0.0643301918545944
192	0.0642884314637136
192	0.0645431684828164
192	0.0647820965842167
192	0.0646355832351456
192	0.0643096234309623
192	0.0644389404307124
192	0.0642701525054466
192	0.0641463311838833
192	0.0643326222445309
192	0.0646598839653578
192	0.0645716203742553
192	0.0642824044820759
192	0.0643361372955151
192	0.064082078883189
192	0.0644119004657799
192	0.0645770392749245
192	0.0641498241599932
192	0.0646588037068239
192	0.0644565673520772
192	0.0645404951741502
192	0.0640669695440013
192	0.064263784329394
192	0.0643735264398787
192	0.0648541728041749
192	0.0646843588341675
192	0.0642078792958927
192	0.0644673885671116
192	0.0646964179862816
192	0.0644170488492447
192	0.0646667788623359
192	0.0643845409815383
192	0.0646222634664867
192	0.0649443695212407
192	0.0643301918545944
192	0.0644074931593349
192	0.0644458411900272
192	0.0644148669010547
192	0.0644753476611884
192	0.0645730120077253
192	0.0645568024208801
192	0.064543238927641
192	0.0647150762472015
192	0.0647174632429942
192	0.0643847817788523
192	0.0645744815110849
192	0.0645758008912806
192	0.0644242449629288
192	0.0641020244959805
192	0.0644931184961396
192	0.0645174813448478
192	0.0646611486912315
192	0.0645528523843656
192	0.0642796967144061
192	0.0642577054433529
192	0.0642178700512734
192	0.0644255354822484
192	0.0642812039570617
192	0.0648694187026116
192	0.0643272390260342
192	0.0643859796587375
192	0.0641495138275035
192	0.064623276152035
192	0.0646937660263147
192	0.0644103426529325
192	0.0645568024208801
192	0.0644850010488777
192	0.0644047819498232
192	0.0645405269128955
192	0.0644049270609997
192	0.0643737123155195
192	0.0644171779141104
192	0.0643749737030336
192	0.0644822956871958
192	0.0642190259904113
192	0.064228667507356
192	0.0644432355525798
192	0.0646348091475396
192	0.0644970913076469
192	0.0646759900886145
192	0.0644957983193277
192	0.0644480998776836
192	0.0643589312720551
192	0.064563679245283
192	0.064452219365173
192	0.0644916859608504
192	0.064532371082113
192	0.0644876325088339
192	0.0646258503401361
192	0.0642769891748452
192	0.0642560161270001
192	0.0643338954468803
193	0.0645107027208882
193	0.064575723222908
193	0.0642836066264806
193	0.0643080037108881
193	0.0645296988053172
193	0.064090163589722
193	0.0644439755222621
193	0.0644673250682917
193	0.0642178700512734
193	0.064502582622937
193	0.0641359060402685
193	0.0645528044466902
193	0.0640448018863952
193	0.0646799580272823
193	0.0644809659567332
193	0.0646423013836901
193	0.0647599848809374
193	0.0643225424731637
193	0.064263784329394
193	0.0644023678575927
193	0.0642240471678248
193	0.0648787470528798
193	0.0642935285702264
193	0.0645580226225387
193	0.0643009940858185
193	0.0644338518146847
193	0.0645202233880521
193	0.0645215280974099
193	0.0646055616231202
193	0.0645311049210771
193	0.0644957983193277
193	0.0646692999411715
193	0.064634454844422
193	0.0644971903044536
193	0.0643982356647763
193	0.0646774532464804
193	0.0642382993025796
193	0.0646502835538752
193	0.0644945418043415
193	0.0643198791642192
193	0.0644215464522074
193	0.0644228351077207
193	0.0647596678131029
193	0.0645256087321578
193	0.0641526884432673
193	0.0642414534418075
193	0.0643713830411809
193	0.0645745577085088
193	0.0647548566142461
193	0.0643897919649625
193	0.0646801714717996
193	0.0646375114976169
193	0.0645675902602855
193	0.0643485546711353
193	0.0644561774023231
193	0.0647088522383036
193	0.0645527566340048
193	0.0648304369832968
193	0.0643054508917357
193	0.0645201914196961
193	0.0647817501995547
193	0.0644009410183163
193	0.0646540880503145
193	0.064355810133513
193	0.0640252897787144
193	0.0646269907795474
193	0.0645513304793083
193	0.0642275056708393
193	0.0641406740632196
193	0.0644025157232704
193	0.0643820083154844
193	0.064732708386116
193	0.0646651270207852
193	0.0645703716159408
193	0.064371570967877
193	0.0644687722830418
193	0.0645405587344328
193	0.0642490965627364
193	0.0646678424456202
193	0.0645960125918153
193	0.0643528866022857
193	0.0644591982519539
193	0.0645296811326303
193	0.064576802507837
193	0.0642773010264176
193	0.0644782626923238
193	0.0646312783470519
193	0.0644290774160904
193	0.0641863583040054
193	0.064373897707231
193	0.0643877508273637
193	0.0641652613827993
193	0.0643082754264056
193	0.0641423893879607
193	0.0646663869072598
193	0.0647236941710825
193	0.0643593396463588
193	0.0646860514117151
193	0.0645052914496892
193	0.0645540398740818
194	0.0644862956112325
194	0.0644850414816056
194	0.0646217112164827
194	0.0645741034857477
194	0.064387080473323
194	0.0646391018390516
194	0.0644254176110132
194	0.064318143601816
194	0.0643655932060876
194	0.0641374973800042
194	0.0642031553193284
194	0.0644741809639666
194	0.0644429507645774
194	0.064544502617801
194	0.0645851693314868
194	0.0647961751383996
194	0.064563679245283
194	0.0642151712544652
194	0.0644890419010832
194	0.0643985419198056
194	0.0643061155913978
194	0.0645877865794878
194	0.0646333820764571
194	0.0642887117079312
194	0.0641628199748216
194	0.0644608048188739
194	0.0643323839839169
194	0.0643599781117144
194	0.0643710057181298
194	0.0646218487394958
194	0.0646148685479475
194	0.0643628872913776
194	0.0644079168064408
194	0.0642914096269252
194	0.064636864460238
194	0.0644376389646348
194	0.0645594593460102
194	0.0646124096182949
194	0.0644848791171763
194	0.0643778627558096
194	0.0647771581904323
194	0.0643753409710856
194	0.0647108130762783
194	0.0644781144781145
194	0.0643193673229009
194	0.0644755596545653
194	0.0645580771005495
194	0.0645744055121418
194	0.0641368923102669
194	0.0641322175028386
194	0.0645730120077253
194	0.0648000670634588
194	0.0648190851536623
194	0.0647227372324288
194	0.0644740166764929
194	0.0645120724346076
194	0.0644632269458812
194	0.0644567988964595
194	0.0643874165231635
194	0.0647046457851587
194	0.0644602980286209
194	0.064327485380117
194	0.0644137182004261
194	0.0646096935558451
194	0.0645636172450053
194	0.0643666540292346
194	0.0643901209677419
194	0.0645595158036315
194	0.0644566447340849
194	0.0644621180410214
194	0.0644808743169399
194	0.0647717268268142
194	0.0645539906103286
194	0.0648070469798658
194	0.0646444134196387
194	0.0644389404307124
194	0.0644114921223355
194	0.0646122843108443
194	0.0644561774023231
194	0.0645715482924785
194	0.0643272390260342
194	0.0642201834862385
194	0.0646689019279128
194	0.064497116153749
194	0.0646423013836901
194	0.064659510231466
194	0.0645755684911428
194	0.064563432210491
194	0.0644455662123507
194	0.0644608048188739
194	0.0646107433168524
194	0.0640481096766054
194	0.0645283655061957
194	0.0643690660420762
194	0.0642632571787885
194	0.064326503191132
194	0.0646112374694634
194	0.064231316428153
194	0.0644661981258367
194	0.0645323289391086
195	0.0647786868051185
195	0.0646146125214336
195	0.064253659354947
195	0.0643051771117166
195	0.0645363670584299
195	0.0643081431861001
195	0.0642413561597852
195	0.064373011886824
195	0.0641379887800385
195	0.0646605842470913
195	0.0646365504802651
195	0.0642728453513219
195	0.0645498661311914
195	0.0644958774536475
195	0.0644337450282604
195	0.0643742670464064
195	0.0641515775322438
195	0.0644606609629257
195	0.0644564897684777
195	0.064486411791801
195	0.064426827733736
195	0.0645944023762708
195	0.0645487060803703
195	0.0645865703607273
195	0.0643825301204819
195	0.0645161290322581
195	0.0647798742138365
195	0.064479685342483
195	0.0645459123719993
195	0.0644931184961396
195	0.064399664147775
195	0.0644499350894091
195	0.0644972148929933
195	0.0646712093976004
195	0.0647177250230685
195	0.064835395261061
195	0.0645093595232099
195	0.0643971155458662
195	0.0646108663729809
195	0.0644809659567332
195	0.064351250576061
195	0.0643891819475844
195	0.0645795839785711
195	0.0644091977173548
195	0.064306784660767
195	0.06441743503772
195	0.064311784201032
195	0.064602398562534
195	0.0646229975677262
195	0.064449849043945
195	0.0646149970610463
195	0.0645079792833382
195	0.0644756123089805
195	0.0645459123719993
195	0.0645892827145977
195	0.0645607853007803
195	0.0644564897684777
195	0.0643004331553051
195	0.06452154918928
195	0.0643636819873698
195	0.0644256530475553
195	0.0644538626159204
195	0.0644418390419563
195	0.064659510231466
195	0.0643387753389012
195	0.0643292042830149
195	0.0643676236712145
195	0.0643966496906435
195	0.0642561809130031
195	0.0644402436462928
195	0.0645066521173459
195	0.0644715344979263
195	0.0645093683195708
195	0.0640040317500315
195	0.0644658722472525
195	0.0645390367183257
195	0.0645393068469992
195	0.064463295817235
195	0.0644284639183878
195	0.0642163253290719
195	0.0645039607695209
195	0.0644374342797056
195	0.0643630867411202
195	0.0647004453407277
195	0.0645499979001302
195	0.0644373315363881
195	0.0645935027773102
195	0.0642366923334449
195	0.0647086012017312
195	0.0646718146718147
195	0.0646497614863168
195	0.0644281217208814
195	0.0646298472385429
195	0.0646322575243836
195	0.0645120724346076
195	0.0643620364550597
195	0.0644227137281236
195	0.064548621311957
195	0.0648031562158986
195	0.0642259678029507
196	0.0642800384760152
196	0.0644023678575927
196	0.0644401446958863
196	0.0644135854107412
196	0.0644673250682917
196	0.0643132651349992
196	0.0643483367590922
196	0.064491812889987
196	0.0644093366299292
196	0.0642827268925136
196	0.0646641635377555
196	0.064083830835386
196	0.0647524172282449
196	0.0646605842470913
196	0.0645134333347261
196	0.0643591357247745
196	0.0644660031078073
196	0.0641852286049238
196	0.0644742354419774
196	0.064354157077702
196	0.0644972148929933
196	0.0647569517258734
196	0.0646327113800639
196	0.0644523859575363
196	0.0643798368542146
196	0.064506664431218
196	0.0644931483887189
196	0.0641423893879607
196	0.0645973154362416
196	0.0644850010488777
196	0.0647861387796099
196	0.06452154918928
196	0.0644539435085072
196	0.0643947313401631
196	0.0647265429001505
196	0.0643157010915197
196	0.0645877865794878
196	0.0641509433962264
196	0.0647330811265237
196	0.0643968053804119
196	0.0643807445335124
196	0.0645471256684492
196	0.0645256087321578
196	0.064399664147775
196	0.0643483367590922
196	0.064482339632128
196	0.064564627270829
196	0.0647098345511044
196	0.0643875838926175
196	0.06438127090301
196	0.0645188284518829
196	0.064602510460251
196	0.0645147820277267
196	0.0644851621520097
196	0.0647207055858883
196	0.0643458589920824
196	0.0641729150085871
196	0.0641832368487289
196	0.0645946059309593
196	0.0640375508151377
196	0.064570301020194
196	0.0647199096347739
196	0.0644742354419774
196	0.0642950254404777
196	0.0642033104831968
196	0.0647778384967842
196	0.0646053293112117
196	0.064602735128786
196	0.0646077980692883
196	0.0644648164427142
196	0.0643036912751678
196	0.0643132651349992
196	0.0645404319437469
196	0.0646378269617706
196	0.0645174778391035
196	0.0644147353421902
196	0.064345066599858
196	0.0644352513476244
196	0.0645905905065682
196	0.064572864321608
196	0.0646255654213436
196	0.064340239912759
196	0.0641990798828942
196	0.0643500104668202
196	0.0643974241030359
196	0.0643243016876754
196	0.0644891122278057
196	0.0643439522568715
196	0.0645660724746841
196	0.0644608764673936
196	0.0644188481675393
196	0.0644322328956752
196	0.0642982971227246
196	0.0645902050018788
196	0.0646146125214336
196	0.0645768812254122
196	0.0645822869579776
196	0.0644252994326539
196	0.0642860140153581
196	0.064620152441578
197	0.0642516523048607
197	0.0645215280974099
197	0.0643853931645358
197	0.0643299314037142
197	0.0646962508921449
197	0.0642794247138245
197	0.0645513304793083
197	0.0643046274114235
197	0.0644648164427142
197	0.0645903010033445
197	0.0645363147136123
197	0.0644258872651357
197	0.0644675780760065
197	0.0643831004881333
197	0.0645296459249948
197	0.0645039923080139
197	0.0644649492714292
197	0.0645120776991669
197	0.0644432355525798
197	0.0645729380686821
197	0.0646834860466089
197	0.0645080426154167
197	0.0644567219152855
197	0.0646146125214336
197	0.0642925729553709
197	0.0645147802818079
197	0.0644904791797447
197	0.0646591384358009
197	0.0645432036594066
197	0.0644702139238917
197	0.0644986449864499
197	0.0644554124142546
197	0.0643744509976158
197	0.0645862963272819
197	0.0644687722830418
197	0.0645634937282376
197	0.0643245503973233
197	0.0642590495365127
197	0.0641903171953255
197	0.064664547431822
197	0.064240096840172
197	0.064417690828526
197	0.0643798368542146
197	0.0644864887441006
197	0.0645999162128194
197	0.0646244229962232
197	0.064714494875549
197	0.0644217914438503
197	0.0643907738592679
197	0.0644635695187166
197	0.0645026353216766
197	0.064696720966452
197	0.0643703176662621
197	0.0647620643431635
197	0.0645674566619211
197	0.0646473969039728
197	0.0643157010915197
197	0.0644703327905132
197	0.0644649492714292
197	0.0644539435085072
197	0.0645430634993529
197	0.0646134506599623
197	0.0646092083803789
197	0.0646281268300845
197	0.0645269280662845
197	0.0646322575243836
197	0.0642125078435474
197	0.064366373902133
197	0.06452288238496
197	0.0643260188087774
197	0.064397577782418
197	0.06426724497456
197	0.064593101138647
197	0.064843128220165
197	0.0646144850054298
197	0.0642899134962627
197	0.0645242174767019
197	0.0642167314687069
197	0.064509394572025
197	0.0646093292019094
197	0.0644541046647718
197	0.0643380046015478
197	0.0644552545500294
197	0.0643580939619797
197	0.0643958438076085
197	0.0644255354822484
197	0.0643272407879878
197	0.0644269436997319
197	0.064336542486396
197	0.0641332158885953
197	0.0643983889914415
197	0.0645282860851723
197	0.0645606117588066
197	0.0642413561597852
197	0.0643228293664097
197	0.0644770381513518
197	0.0645403690406613
197	0.0644985541259796
197	0.0646656090840778
197	0.064337541416768
198	0.0643585031740728
198	0.0643272407879878
198	0.0644999372568704
198	0.0643836190635872
198	0.0647184246833062
198	0.0642893018583626
198	0.0643879173290938
198	0.0646198830409357
198	0.0646185997910136
198	0.0644029570229295
198	0.0645700903312145
198	0.0644165380282865
198	0.0644636375015647
198	0.0644381460486829
198	0.0646197488632097
198	0.0645943009944013
198	0.0645107378624551
198	0.0643506547668696
198	0.0643245503973233
198	0.0645107168323476
198	0.0644339583246336
198	0.0647150106949629
198	0.0645013150753559
198	0.0644743980302967
198	0.0646955503512881
198	0.064283330552311
198	0.0642033104831968
198	0.0643864863733411
198	0.0645296283896886
198	0.0645228561895229
198	0.0642627334642544
198	0.0645769601475087
198	0.0644188481675393
198	0.0642439431913116
198	0.0645040080160321
198	0.064618467189848
198	0.0644031033619755
198	0.0644582585840043
198	0.0645525666234364
198	0.0646322575243836
198	0.0645741786984725
198	0.0643096234309623
198	0.064393464543897
198	0.0644932079414838
198	0.0645053615387825
198	0.0645888096132182
198	0.0645363670584299
198	0.0644430459408433
198	0.0642711072158925
198	0.064392199440431
198	0.0646012141511409
198	0.0645120881873982
198	0.0645929018789144
198	0.0643382352941176
198	0.0641379887800385
198	0.0644472361809045
198	0.0643963106715079
198	0.0644432355525798
198	0.0644501065118416
198	0.0645862054559886
198	0.0643169968717414
198	0.0643634840871022
198	0.0646373543780534
198	0.0646766169154229
198	0.0644608048188739
198	0.0644905455607964
198	0.0643105689011864
198	0.0643647334897754
198	0.0643213551930899
198	0.064544429126457
198	0.0644905455607964
198	0.0646240020064373
198	0.0644648829431438
198	0.0645377587796497
198	0.0645565391681978
198	0.0644797796419181
198	0.064544502617801
198	0.0644608764673936
198	0.0642872051763724
198	0.0642905009214274
198	0.0645782728871765
198	0.0644918758614928
198	0.0646540880503145
198	0.0645713331663745
198	0.0645605542108338
198	0.0644514944064117
198	0.0643572621035058
198	0.0644298667112355
198	0.0644985996739539
198	0.064564627270829
198	0.0644096133751306
198	0.0645026702269693
198	0.0644106176877595
198	0.0646703573225969
198	0.0643609902977584
198	0.0647632603508184
198	0.0645417328097585
198	0.0647280334728033
198	0.0644985769295162
198	0.0644501065118416
199	0.064400417101147
199	0.0642800384760152
199	0.0645537948290242
199	0.0646079169805005
199	0.0646157699211087
199	0.064380189427129
199	0.06438127090301
199	0.0645457198849185
199	0.0645417328097585
199	0.0642439431913116
199	0.0643568499456021
199	0.0643653212004842
199	0.0644474145852477
199	0.0645282703245233
199	0.0643748174725687
199	0.064448804107359
199	0.0644473254987244
199	0.0644435181325552
199	0.0645579682858458
199	0.064437842587556
199	0.0645470855760003
199	0.0646102542726136
199	0.0645282546046861
199	0.0643733823161059
199	0.0646173149309912
199	0.064471707561342
199	0.0644945418043415
199	0.064478458522751
199	0.0643284644038003
199	0.064552425404234
199	0.0646537303445969
199	0.064397577782418
199	0.0643784010046044
199	0.0643895106063137
199	0.0645026178010471
199	0.0645565915457624
199	0.0645631877292431
199	0.064584900928016
199	0.0645390664212816
199	0.0645390070921986
199	0.0643910977744436
199	0.0644338518146847
199	0.0644676409185804
199	0.0646093292019094
199	0.0644594198652212
199	0.0646371976647206
199	0.0646143578192133
199	0.0645632486123284
199	0.0643825301204819
199	0.0645916022561103
199	0.0644824271804087
199	0.0642175055252075
199	0.0643814454511294
199	0.0644406368841155
199	0.0645538435842833
199	0.0644959298685034
199	0.0644852021675698
199	0.0645483696331154
199	0.0641331159329403
199	0.0644486294203808
199	0.0646376690249927
199	0.0644851621520097
199	0.0644784097552827
199	0.0642800384760152
199	0.0642881044002008
199	0.0644837955228867
199	0.0645916022561103
199	0.0644110275689223
199	0.0645998075394335
199	0.0645781923125183
199	0.0645511029565072
199	0.0643568499456021
199	0.0643545761863027
199	0.064600993861444
199	0.0644110275689223
199	0.0644676409185804
199	0.0642451095134593
199	0.0644434241829793
199	0.0644018340975406
199	0.0645781923125183
199	0.0645565915457624
199	0.0641406740632196
199	0.0645363408521303
199	0.0645497788533756
199	0.0644057898469111
199	0.0644381460486829
199	0.0644637053087757
199	0.0643952015994669
199	0.0643814454511294
199	0.0645282546046861
199	0.06451881798858
199	0.0644272897976215
199	0.0647334504979496
199	0.064412439991651
199	0.064450191890539
199	0.0644770887238127
199	0.0644569522618303
199	0.0646318071887249
199	0.0644327748603818
199	0.0644340645591792
200	0.0643465197796695
200	0.064448804107359
200	0.0645107517919653
200	0.0644338518146847
200	0.0646560714136737
200	0.0644098886897069
200	0.0643347907557776
200	0.064544356014834
200	0.0646076794657763
200	0.0644529622531456
200	0.064365516091379
200	0.0644999791397221
200	0.0644824707846411
200	0.0644932671863926
200	0.0644555694618273
200	0.0644192256341789
200	0.0644193508062836
200	0.0645470855760003
200	0.0644623274819664
200	0.0643974241030359
200	0.0644715923353694
200	0.0644865270709936
200	0.0643789350790143
200	0.0643506547668696
200	0.0645242174767019
200	0.064400417101147
200	0.0644393401545208
200	0.064512093411176
200	0.0643235797470468
200	0.0643367752184273
200	0.0645940990165027
200	0.0645228561895229
200	0.0645862963272819
200	0.0645618717938024
200	0.0644878171103774
200	0.0644959559743184
200	0.0644973126119745
200	0.0644421272158498
200	0.0644107546695703
200	0.0645094032775948
200	0.0645080530751899
200	0.0645943009944013
200	0.064475769455334
200	0.0643196796529574
200	0.0644663916322874
200	0.0643906112714949
200	0.0645389775426024
200	0.0644838790302424
200	0.0645483696331154
200	0.0644368543818727
200	0.0644677035986823
200	0.0646035784293281
200	0.0643681994413641
200	0.0644596397598399
200	0.0645322661330665
200	0.064478458522751
200	0.0644973126119745
200	0.0644838373305527
200	0.0644770381513518
200	0.0645538435842833
200	0.0644569522618303
200	0.0645080635079385
200	0.0646129476009838
200	0.0645269001210401
200	0.0644233174881161
200	0.0644594198652212
200	0.0643680080146936
200	0.064552425404234
200	0.0645430286857905
200	0.0646092083803789
200	0.0644475920679887
200	0.0644607329842932
200	0.0645390070921986
200	0.0644206312804903
200	0.0645309306302924
200	0.064366761221425
200	0.0645201599466844
200	0.06456049681157
200	0.0645080635079385
200	0.0643733823161059
200	0.0643638793751566
200	0.0646156411539103
200	0.0644489778925018
200	0.0643896742983444
200	0.0642677824267782
200	0.0644919072250959
200	0.064356022689356
200	0.0647262705140519
200	0.0644462947543714
200	0.0643907738592679
200	0.0645618717938024
200	0.0644394394394394
200	0.064544356014834
200	0.0646658027839318
200	0.0644028103044497
200	0.0645201703833626
200	0.0645699507800117
200	0.0644596397598399
200	0.0644905455607964
200	0.0643653212004842
201	0.0645147802818079
201	0.0644837955228867
201	0.0644488911122228
201	0.0644341705193886
201	0.0644028103044497
201	0.064303311202973
201	0.0644986675549634
201	0.0644785071642786
201	0.0645645020202441
201	0.0643857309551592
201	0.0644744519463199
201	0.0644879267277269
201	0.0644703919933278
201	0.0643411499624468
201	0.0644690781796966
201	0.0645295760556922
201	0.0644825142761869
201	0.0643817931953525
201	0.0645659432387312
201	0.0645322661330665
201	0.0644502770487023
201	0.0644771894771895
201	0.0644838790302424
201	0.0644153897401732
201	0.0644785071642786
201	0.0645000208064583
201	0.0645120986214652
201	0.0644059323446092
201	0.0645282389255026
201	0.0644449073109769
201	0.0644771894771895
201	0.0645241965737151
201	0.0645120986214652
201	0.0645241861626842
201	0.0644153897401732
201	0.0645551156490936
201	0.0644260039197698
201	0.0644530437315358
201	0.0644677035986823
201	0.0644137182004261
201	0.0644664558015648
201	0.0644409291482807
201	0.0646075611687716
201	0.0644785071642786
201	0.0643211471924632
201	0.0645645020202441
201	0.0644353559803021
201	0.0644825142761869
201	0.0644946531852037
201	0.064548453091729
201	0.0645322661330665
201	0.0644488911122228
201	0.0644691388854206
201	0.0643015521064302
201	0.0644381460486829
201	0.0643868219967431
201	0.0645349321342327
201	0.0642657430204899
201	0.0644597126795753
201	0.0645215071690564
201	0.0645752614256551
201	0.0645241965737151
201	0.0645026702269693
201	0.0644839206223738
201	0.0643972700247038
201	0.0645094119606863
201	0.0645013533208411
201	0.0644946254478793
201	0.0644717649510315
201	0.0644110275689223
201	0.0644233174881161
201	0.0644233174881161
201	0.0644583333333333
201	0.0645645020202441
201	0.0645579140899214
201	0.064452798663325
201	0.0644986449864499
201	0.0644422227776389
201	0.0645309115147475
201	0.0644300896020004
201	0.0646102542726136
201	0.064372131831456
201	0.064486603428191
201	0.0644059323446092
201	0.0645295760556922
201	0.0645147855060391
201	0.0644382466802648
201	0.0642731609339694
201	0.0645268723200533
201	0.0645928026354197
201	0.0643898375676801
201	0.0645537461996585
201	0.0645362886426131
201	0.0644449073109769
201	0.0644135854107412
201	0.0645161290322581
201	0.0644382466802648
201	0.0644543448390723
201	0.0644906115991507
201	0.0645120986214652
202	0.0644758215669124
202	0.0645268723200533
202	0.0644623969351212
202	0.0645027049521432
202	0.0644302006159993
202	0.0644932671863926
202	0.0645591236619601
202	0.0645161290322581
202	0.0643855622783226
202	0.0644355644355644
202	0.0644220351695975
202	0.0644691388854206
202	0.0644663916322874
202	0.0644852420798468
202	0.0645174726144363
202	0.0644731361932528
202	0.0644812380397704
202	0.0646075611687716
202	0.0645456816856834
202	0.064474505723205
202	0.0645456816856834
202	0.0644597126795753
202	0.0644718221926247
202	0.0644691388854206
202	0.0645456816856834
202	0.0644219134643468
202	0.0644771894771895
202	0.0644663916322874
202	0.0644892864572498
202	0.0645295760556922
202	0.0645215002289473
202	0.0644758215669124
202	0.0645120986214652
202	0.0644422227776389
202	0.0644825576554825
202	0.064479873454606
202	0.0644436118396403
202	0.0645000208064583
202	0.0644785556803528
202	0.0644986449864499
202	0.0645564869260603
202	0.0645040393104023
202	0.0645120986214652
202	0.0644771894771895
202	0.0644785556803528
202	0.0645174726144363
202	0.0644919697095781
202	0.0645511029565072
202	0.0644515779380498
202	0.064474505723205
202	0.0644449991679148
202	0.0645456816856834
202	0.0644261202731967
202	0.0644180720383094
202	0.0644691388854206
202	0.0644355644355644
202	0.0645161290322581
202	0.064486603428191
202	0.0644475920679887
202	0.0644543448390723
202	0.0644785556803528
202	0.0644153897401732
202	0.0645174726144363
202	0.0645000208064583
202	0.06451344376925
202	0.0644408319786587
202	0.0644153897401732
202	0.0645456816856834
202	0.0644824707846411
202	0.0644812380397704
202	0.064388579039374
202	0.0644839206223738
202	0.06451344376925
202	0.0645887157263105
202	0.0644919697095781
202	0.0644919385076865
202	0.0644637729410296
202	0.0644637729410296
202	0.0644436118396403
202	0.0645027049521432
202	0.0643644684834616
202	0.0645268723200533
202	0.0643077436025673
202	0.0644180720383094
202	0.0644180720383094
202	0.0645215002289473
202	0.0644597126795753
202	0.0644502770487023
202	0.0645887157263105
202	0.0645053893212368
202	0.0644355644355644
202	0.064439637241035
202	0.0644691388854206
202	0.0645174726144363
202	0.0644382466802648
202	0.0644839206223738
202	0.0645188145188145
202	0.0644892864572498
202	0.0644637729410296
202	0.0644623969351212
203	0.0644785556803528
203	0.0644785556803528
203	0.0644785556803528
203	0.0644785556803528
203	0.0644785556803528
203	0.0644785556803528
203	0.0644785556803528
203	0.0644785556803528
203	0.0644785556803528
203	0.0644785556803528
203	0.0644785556803528
203	0.0644785556803528
203	0.0644785556803528
203	0.0644785556803528
203	0.0644785556803528
203	0.0644785556803528
203	0.0644785556803528
203	0.0644785556803528
203	0.0644785556803528
203	0.0644785556803528
203	0.0644785556803528
203	0.0644785556803528
203	0.0644785556803528
203	0.0644785556803528
203	0.0644785556803528
203	0.0644785556803528
203	0.0644785556803528
203	0.0644785556803528
203	0.0644785556803528
203	0.0644785556803528
203	0.0644785556803528
203	0.0644785556803528
203	0.0644785556803528
203	0.0644785556803528
203	0.0644785556803528
203	0.0644785556803528
203	0.0644785556803528
203	0.0644785556803528
203	0.0644785556803528
203	0.0644785556803528
203	0.0644785556803528
203	0.0644785556803528
203	0.0644785556803528
203	0.0644785556803528
203	0.0644785556803528
203	0.0644785556803528
203	0.0644785556803528
203	0.0644785556803528
203	0.0644785556803528
203	0.0644785556803528
203	0.0644785556803528
203	0.0644785556803528
203	0.0644785556803528
203	0.0644785556803528
203	0.0644785556803528
203	0.0644785556803528
203	0.0644785556803528
203	0.0644785556803528
203	0.0644785556803528
203	0.0644785556803528
203	0.0644785556803528
203	0.0644785556803528
203	0.0644785556803528
203	0.0644785556803528
203	0.0644785556803528
203	0.0644785556803528
203	0.0644785556803528
203	0.0644785556803528
203	0.0644785556803528
203	0.0644785556803528
203	0.0644785556803528
203	0.0644785556803528
203	0.0644785556803528
203	0.0644785556803528
203	0.0644785556803528
203	0.0644785556803528
203	0.0644785556803528
203	0.0644785556803528
203	0.0644785556803528
203	0.0644785556803528
203	0.0644785556803528
203	0.0644785556803528
203	0.0644785556803528
203	0.0644785556803528
203	0.0644785556803528
203	0.0644785556803528
203	0.0644785556803528
203	0.0644785556803528
203	0.0644785556803528
203	0.0644785556803528
203	0.0644785556803528
203	0.0644785556803528
203	0.0644785556803528
203	0.0644785556803528
203	0.0644785556803528
203	0.0644785556803528
203	0.0644785556803528
203	0.0644785556803528
203	0.0644785556803528
203	0.0644785556803528
