"samples"	"taxon_otu_prop"
1	0.501039501039501
1	0.50594315245478
1	0.59552495697074
1	0.628966639544345
1	0.541062801932367
1	0.60979020979021
1	0.604153147306944
1	0.612595419847328
1	0.55435847208619
1	0.515642458100559
1	0.173913043478261
1	0.538194444444444
1	0.50594315245478
1	0.785557986870897
1	0.541533546325879
1	0.536296770067157
1	0.523712737127371
1	0.502981029810298
1	0.502964959568733
1	0.612797374897457
1	0.398225469728601
1	0.545454545454545
1	0.52537903757416
1	0.626993166287016
1	0.626993166287016
1	0.487700534759358
1	0.507557117750439
1	0.558391831525207
1	0.541604384653712
1	0.418764302059497
1	0.453463203463203
1	0.438857142857143
1	0.491803278688525
1	0.498806682577566
1	0.418764302059497
1	0.535330261136713
1	0.647702407002188
1	0.536662817551963
1	0.517864476386037
1	0.486646884272997
1	0.612595419847328
1	0.50121802679659
1	0.60979020979021
1	0.563737623762376
1	0.442411924119241
1	0.496302740321879
1	0.580269058295964
1	0.822475570032573
1	0.173913043478261
1	0.507557117750439
1	0.550817757009346
1	0.609756097560976
1	0.571376281112738
1	0.536296770067157
1	0.822475570032573
1	0.50014744913005
1	0.512733446519525
1	0.537387017255546
1	0.529906542056075
1	0.491502379333787
1	0.570767195767196
1	0.575945443273404
1	0.441054091539528
1	0.55435847208619
1	0.503241013553329
1	0.502964959568733
1	0.541533546325879
1	0.544206008583691
1	0.473318872017354
1	0.501039501039501
1	0.822475570032573
1	0.547799696509863
1	0.595096090125911
1	0.50594315245478
1	0.595903165735568
1	0.604153147306944
1	0.537387017255546
1	0.55435847208619
1	0.481326219512195
1	0.469289164941339
1	0.453463203463203
1	0.473806752037253
1	0.51978417266187
1	0.497514685946679
1	0.453463203463203
1	0.541604384653712
1	0.69
1	0.561916362159968
1	0.473806752037253
1	0.592493297587131
1	0.570767195767196
1	0.508302956662616
1	0.462429775280899
1	0.609756097560976
1	0.469289164941339
1	0.546583850931677
1	0.563737623762376
1	0.580269058295964
1	0.607065217391304
1	0.571376281112738
2	0.539255552080075
2	0.516917293233083
2	0.607822954194545
2	0.524158523344191
2	0.494990607388854
2	0.517357762777242
2	0.560269011898603
2	0.591079616506878
2	0.524955436720143
2	0.537196554424432
2	0.494
2	0.590445859872611
2	0.523518344308561
2	0.517704833290256
2	0.533898305084746
2	0.511576626240353
2	0.565151515151515
2	0.516358463726885
2	0.557117301303348
2	0.508006279434851
2	0.509856872805833
2	0.523493975903614
2	0.680203045685279
2	0.556507766470273
2	0.51685393258427
2	0.524304113003739
2	0.466492317750899
2	0.531422651933702
2	0.507719453021614
2	0.506655574043261
2	0.483828814113035
2	0.464642262895175
2	0.594517184942717
2	0.575398295665061
2	0.456530529720987
2	0.487592397043295
2	0.605139341295693
2	0.484069886947585
2	0.551440329218107
2	0.491553652153224
2	0.583609271523179
2	0.502816180235535
2	0.564598972738048
2	0.544897065265002
2	0.485594111461619
2	0.51774595267746
2	0.502459016393443
2	0.532905838677017
2	0.446608174620158
2	0.512098765432099
2	0.498073217726397
2	0.503206596426935
2	0.462412587412587
2	0.54639175257732
2	0.563462023719404
2	0.651965484180249
2	0.527570789865872
2	0.629697525206233
2	0.51361718450326
2	0.504442751967504
2	0.473598888374247
2	0.539218610199821
2	0.49972885032538
2	0.618131868131868
2	0.567409948542024
2	0.523881347410759
2	0.521552954610334
2	0.552231937413714
2	0.444470643716105
2	0.426294820717131
2	0.49616944569626
2	0.53158953722334
2	0.509157509157509
2	0.516317991631799
2	0.523405500292569
2	0.506329113924051
2	0.546355272469922
2	0.480441323971916
2	0.464948678750819
2	0.527167630057803
2	0.45896442409299
2	0.585719097339171
2	0.550042529061525
2	0.494378698224852
2	0.553846153846154
2	0.450782608695652
2	0.495288944723618
2	0.46062700567761
2	0.559476075915531
2	0.491040318566451
2	0.562379297025879
2	0.516211293260474
2	0.538185654008439
2	0.589398734177215
2	0.494538503549973
2	0.517034068136273
2	0.518018018018018
2	0.512446873102611
2	0.486918604651163
2	0.571051473823141
3	0.515617822691778
3	0.510596460563688
3	0.493523079729976
3	0.613967766692249
3	0.515097690941385
3	0.493097238895558
3	0.529688550302487
3	0.528756398675098
3	0.543183630082381
3	0.542034097589653
3	0.501845018450184
3	0.510120669521214
3	0.506505576208178
3	0.532492725509214
3	0.520833333333333
3	0.48610882788098
3	0.498868778280543
3	0.47937472861485
3	0.509873268493958
3	0.534959349593496
3	0.51409978308026
3	0.488944513975803
3	0.480330071003646
3	0.523215821152193
3	0.481983015836585
3	0.462516733601071
3	0.540573770491803
3	0.54939835338822
3	0.577052868391451
3	0.488213520358465
3	0.48805166846071
3	0.518864013266998
3	0.549436529874548
3	0.494892414692458
3	0.514035087719298
3	0.496395724583644
3	0.506276150627615
3	0.517060367454068
3	0.513596193065942
3	0.746200607902736
3	0.527507073247406
3	0.507767421216156
3	0.486157517899761
3	0.502120717781403
3	0.509351620947631
3	0.505394990366089
3	0.586805555555556
3	0.452087912087912
3	0.641083521444695
3	0.496849341225893
3	0.528250678509746
3	0.510317060895823
3	0.475982532751092
3	0.47746000969462
3	0.481539533263671
3	0.49957264957265
3	0.464608957994894
3	0.472044728434505
3	0.520545314900154
3	0.537767519932858
3	0.532737476616088
3	0.531540504648074
3	0.542438484932264
3	0.491504424778761
3	0.470474613686534
3	0.500547816559712
3	0.566304096274011
3	0.499071207430341
3	0.508784096162737
3	0.484056687333924
3	0.569533394327539
3	0.519568567026194
3	0.589826402906742
3	0.510785619174434
3	0.544174902665469
3	0.542016806722689
3	0.494467496542185
3	0.492550394390885
3	0.506143045195261
3	0.587736464448793
3	0.518011161846778
3	0.513448171653067
3	0.490114942528736
3	0.504192646742636
3	0.487305200490282
3	0.472497570456754
3	0.500315989045713
3	0.508376819555067
3	0.513374667847653
3	0.514930325149303
3	0.52268299471194
3	0.545098039215686
3	0.523907986559835
3	0.460817146684528
3	0.556297093649085
3	0.523746701846966
3	0.603255340793489
3	0.482044782425011
3	0.475821450712957
3	0.543946574752262
4	0.517934658441855
4	0.576089936934467
4	0.524662731871838
4	0.511024108798681
4	0.497878839300865
4	0.533069110725786
4	0.615482233502538
4	0.48562412342216
4	0.522172236503856
4	0.484660849985927
4	0.508510638297872
4	0.537869721319884
4	0.437072361600663
4	0.45972875726543
4	0.523044397463002
4	0.536911281489595
4	0.506110868616325
4	0.482112110197054
4	0.539027982326951
4	0.53691132795927
4	0.489255564082886
4	0.490607513988809
4	0.509006928406467
4	0.499194105457057
4	0.506758479979597
4	0.512502541166904
4	0.471602434077079
4	0.503531968846224
4	0.524269005847953
4	0.502345786272806
4	0.494822335025381
4	0.500865650969529
4	0.538418238108641
4	0.530373060415979
4	0.539376675603217
4	0.516327496450544
4	0.473753714097062
4	0.519131518063712
4	0.551958224543081
4	0.483127721335268
4	0.52509778357236
4	0.492430441898527
4	0.490872210953347
4	0.566458519179304
4	0.542390621729119
4	0.518320610687023
4	0.49661771984821
4	0.532507739938081
4	0.521575198994554
4	0.544651619234544
4	0.437936852253555
4	0.501823866597186
4	0.500089461442118
4	0.541447053186392
4	0.482014388489209
4	0.543959007551241
4	0.508874546187979
4	0.491024682124159
4	0.493248486729784
4	0.507179054054054
4	0.490482599500096
4	0.511683438512707
4	0.542113323124043
4	0.48442400167259
4	0.50625641025641
4	0.547465960665658
4	0.514406028368794
4	0.546813310772702
4	0.499238578680203
4	0.510459469555473
4	0.46670653907496
4	0.513728159745859
4	0.513285714285714
4	0.522816990367914
4	0.462758620689655
4	0.479162940439993
4	0.50749006420055
4	0.573388203017833
4	0.494715984147952
4	0.541083743842365
4	0.529457006614367
4	0.542675893886967
4	0.495623820147589
4	0.473792394655704
4	0.497872340425532
4	0.538277511961722
4	0.531978072179077
4	0.517360362303213
4	0.449903288201161
4	0.514150943396226
4	0.493973523019166
4	0.548379520901832
4	0.607268090532356
4	0.501659968547964
4	0.455765710799268
4	0.5440097799511
4	0.557610544217687
4	0.482369255150555
4	0.508719182200842
4	0.56464221286831
5	0.465473948524796
5	0.532275626069373
5	0.492601514108741
5	0.521070615034169
5	0.535855784469097
5	0.503812824956672
5	0.514643545279383
5	0.5365336417968
5	0.531685393258427
5	0.484596746278989
5	0.479653102068045
5	0.491315675206253
5	0.512361743656474
5	0.472297419238405
5	0.513620604259534
5	0.462306610407876
5	0.501711840228245
5	0.491746905089409
5	0.498874042936496
5	0.458099547511312
5	0.506263498920086
5	0.540204046342729
5	0.478118317890235
5	0.511280805275946
5	0.511680482290882
5	0.476893140911302
5	0.486494211805059
5	0.471735867933967
5	0.511714507370054
5	0.472179089026915
5	0.480328429695518
5	0.526494345718901
5	0.510238587262822
5	0.512533422459893
5	0.533629441624365
5	0.508965767071183
5	0.498676470588235
5	0.495461825947678
5	0.476907460666554
5	0.500076511094109
5	0.50666227998026
5	0.490042674253201
5	0.51410437235543
5	0.495322333730226
5	0.536753445635528
5	0.492075139418844
5	0.499386503067485
5	0.492213651579101
5	0.48417537746806
5	0.519912472647702
5	0.552559511270276
5	0.490856125586665
5	0.529492691315563
5	0.577049720118538
5	0.489655172413793
5	0.463785046728972
5	0.493254747871644
5	0.4933675652546
5	0.463574982231699
5	0.473828313738122
5	0.483000688231246
5	0.487203495630462
5	0.562617172853393
5	0.481454188160157
5	0.512259315694695
5	0.517409033877039
5	0.498121309715513
5	0.477555922534154
5	0.478302035663563
5	0.46722265321955
5	0.489014986177797
5	0.491413898250682
5	0.452356330329443
5	0.493822491174987
5	0.500565995019244
5	0.507845188284519
5	0.501774417528159
5	0.542674974641356
5	0.498725790010194
5	0.471448467966574
5	0.521613342409803
5	0.489845042876486
5	0.48215143268769
5	0.487195029549932
5	0.496625299368604
5	0.508218277449047
5	0.518064516129032
5	0.522859664607237
5	0.526024363233666
5	0.485290148448043
5	0.481262956466273
5	0.514754739104944
5	0.474845829276209
5	0.502051739518287
5	0.492862969004894
5	0.515755102040816
5	0.503068381063705
5	0.501012731481482
5	0.5192633361558
5	0.523026315789474
6	0.485834665116955
6	0.507243784653908
6	0.516830809936793
6	0.506167268351384
6	0.474654377880184
6	0.537501752418337
6	0.481662591687042
6	0.563222416812609
6	0.506999391357273
6	0.51604238173407
6	0.546761246966586
6	0.46642655003859
6	0.512158054711246
6	0.529322853688029
6	0.466890080428954
6	0.495076923076923
6	0.502759594403799
6	0.48829475924448
6	0.504942472856911
6	0.513153822346023
6	0.469398907103825
6	0.506363027461487
6	0.489462592202318
6	0.48594157180085
6	0.474055771267208
6	0.492018646701512
6	0.485872722471613
6	0.52541315871531
6	0.505438160348042
6	0.517027371101209
6	0.537124156269176
6	0.481425778312528
6	0.472562674094708
6	0.478884462151394
6	0.448488349701521
6	0.479203187250996
6	0.487286176606565
6	0.511353976927747
6	0.498166431593794
6	0.509371870081557
6	0.517780172413793
6	0.488007106899615
6	0.52497009569378
6	0.465022356844079
6	0.501963190184049
6	0.495258315640481
6	0.504854368932039
6	0.543092105263158
6	0.47791977729976
6	0.49957507082153
6	0.531037540644398
6	0.547666445476664
6	0.480563861597608
6	0.504773069837548
6	0.467370969516892
6	0.477655575664764
6	0.491047040971168
6	0.480069074687005
6	0.533711660586407
6	0.546190545033974
6	0.498356776653083
6	0.52929526324476
6	0.511760299625468
6	0.524666525513445
6	0.463806970509383
6	0.525622254758419
6	0.478578186241384
6	0.506191950464396
6	0.524550676301649
6	0.501502002670227
6	0.505356483191725
6	0.5041430440471
6	0.547033008967754
6	0.49108992954828
6	0.491889753395754
6	0.502133946158897
6	0.506379821958457
6	0.525281858558251
6	0.488670244484198
6	0.471602434077079
6	0.506856272219401
6	0.480222251620585
6	0.519927536231884
6	0.493461324429605
6	0.521542360608255
6	0.499931553730322
6	0.495597243491577
6	0.499329578975597
6	0.499008723235527
6	0.478584217049993
6	0.501658374792703
6	0.462974486621033
6	0.51859354652004
6	0.508129543952412
6	0.512415349887133
6	0.519400953029272
6	0.529545454545455
6	0.514399509803922
6	0.489364889155183
6	0.48005698005698
7	0.511537096201633
7	0.521032782129388
7	0.483516483516484
7	0.538169548713623
7	0.528034343697151
7	0.506071179344033
7	0.500420050406049
7	0.49272001030795
7	0.488019991180362
7	0.51622539035981
7	0.511939429237041
7	0.51206302314131
7	0.519554709242713
7	0.525065578548528
7	0.457192026387495
7	0.548792116973935
7	0.488570984294822
7	0.511570881226054
7	0.480849790544584
7	0.5209484036104
7	0.546728075225484
7	0.482842090274811
7	0.501017777174651
7	0.493343573988735
7	0.480052713549778
7	0.454403335070349
7	0.533798372363395
7	0.489066387324866
7	0.495406824146982
7	0.496167063177372
7	0.5
7	0.493703452945159
7	0.475296193597177
7	0.503916754355197
7	0.545863453815261
7	0.467947907447212
7	0.505820647307151
7	0.511772961172618
7	0.471565094783017
7	0.476881639982044
7	0.499068901303538
7	0.500664893617021
7	0.500465549348231
7	0.491472868217054
7	0.493256532733914
7	0.511062271062271
7	0.488575458392102
7	0.473652405124486
7	0.532642196693752
7	0.505475701574264
7	0.518018686044787
7	0.482023307711381
7	0.47976501305483
7	0.509451502943911
7	0.50589859437751
7	0.509303273122369
7	0.480552220888355
7	0.473272854152128
7	0.487728524918608
7	0.480966427869083
7	0.513634046890928
7	0.491799010674304
7	0.520500347463516
7	0.512738853503185
7	0.467093385852618
7	0.526437160270137
7	0.516420478990392
7	0.506953555497245
7	0.474446213985811
7	0.480441323971916
7	0.467009194159005
7	0.49526635580048
7	0.471351351351351
7	0.483829732839064
7	0.494711022535643
7	0.50626431361983
7	0.498122653316646
7	0.495357985837923
7	0.520023470734927
7	0.498369025670118
7	0.470739219712526
7	0.499041288508245
7	0.488338658146965
7	0.517281105990783
7	0.475764454533316
7	0.493838489774515
7	0.496526508226691
7	0.500690417011875
7	0.477430140912348
7	0.475023415547924
7	0.493176002274666
7	0.460551491277434
7	0.50131926121372
7	0.52901921132457
7	0.510396361273554
7	0.526466653927002
7	0.504581901489118
7	0.504190675746464
7	0.475272635049455
7	0.519946586546486
8	0.51941063420884
8	0.522715125601283
8	0.510305243934255
8	0.488766208755938
8	0.459170305676856
8	0.489214601769911
8	0.478387309980172
8	0.466690716690717
8	0.479834401709402
8	0.508628074899033
8	0.50297773174521
8	0.471491976783885
8	0.478931673797485
8	0.547202250703345
8	0.457943925233645
8	0.486896551724138
8	0.489637635092181
8	0.49797934440952
8	0.482594936708861
8	0.490906915530031
8	0.491201746010094
8	0.510132501948558
8	0.474627197863343
8	0.479664391353811
8	0.514506216950121
8	0.482837528604119
8	0.522297122115634
8	0.509697439875873
8	0.499094053697908
8	0.490791027154663
8	0.503171247357294
8	0.481799271970879
8	0.490311804008909
8	0.484192397588879
8	0.481360792492179
8	0.474605311467385
8	0.479969574036511
8	0.505573534699748
8	0.498122131033523
8	0.525856697819315
8	0.473132780082988
8	0.494012895302426
8	0.499623965906242
8	0.473981900452489
8	0.484426935861135
8	0.502254283137962
8	0.484018830525273
8	0.497727567848331
8	0.487883683360259
8	0.497040018943879
8	0.472589549364488
8	0.482338876209108
8	0.49643350207087
8	0.500647836227002
8	0.475930724123824
8	0.462677509406481
8	0.501662455113712
8	0.497593178379865
8	0.47033702677747
8	0.484623140912528
8	0.503953809464039
8	0.506745817593092
8	0.497854574973907
8	0.478539649306464
8	0.505215202014147
8	0.498914459400782
8	0.491677487899894
8	0.468652922903135
8	0.490327203248149
8	0.525151946204578
8	0.505280140803755
8	0.530311111111111
8	0.514346439957492
8	0.485033524904215
8	0.486180014174344
8	0.471576810286488
8	0.454469507101086
8	0.476387501783421
8	0.462778204144282
8	0.481613422201793
8	0.495487590874906
8	0.467367256637168
8	0.494797687861272
8	0.501192119462919
8	0.507811267161117
8	0.490209167779261
8	0.489230347098367
8	0.470687418936446
8	0.46270635016267
8	0.470625078291369
8	0.51324620275521
8	0.493104254324451
8	0.50198733990873
8	0.496555058624441
8	0.512782956058589
8	0.484868595699496
8	0.49523110785033
8	0.516829824326137
8	0.466476122424675
8	0.509621854393756
9	0.500787608296141
9	0.499626214801894
9	0.494721751596507
9	0.47921492137023
9	0.52
9	0.486163051608078
9	0.479995236961181
9	0.466576940331987
9	0.515318796577422
9	0.522882301872752
9	0.501939933898549
9	0.473127951427929
9	0.499123114696598
9	0.478392977717758
9	0.482787776301486
9	0.45881627620222
9	0.502046943231441
9	0.469249555950266
9	0.480622877883152
9	0.50658978583196
9	0.504412146379445
9	0.499167129372571
9	0.484298832331935
9	0.482330992098332
9	0.48312167589276
9	0.493110647181628
9	0.49680170575693
9	0.471545710439359
9	0.485257042639483
9	0.486047107014849
9	0.479372197309417
9	0.50067916327085
9	0.481014287553096
9	0.472777394900069
9	0.463751194140749
9	0.48021691102631
9	0.534582715383578
9	0.493253879019564
9	0.47268157163646
9	0.489511171821641
9	0.521324076369948
9	0.507917321406987
9	0.455774470760847
9	0.479493531516653
9	0.472601256226987
9	0.506638896120802
9	0.494830659536542
9	0.496464277005608
9	0.466533349017763
9	0.506351183063512
9	0.527484143763214
9	0.51491488364829
9	0.51416950931514
9	0.491003998223012
9	0.504741949713277
9	0.481813031161473
9	0.491045766084457
9	0.514337416481069
9	0.476983779044279
9	0.47855504587156
9	0.494101230496004
9	0.485788755119772
9	0.464559989928239
9	0.489126682775285
9	0.497703094777563
9	0.498728911486018
9	0.518458698661744
9	0.468245910885505
9	0.50728097397947
9	0.525624178712221
9	0.480516563728243
9	0.491836015505697
9	0.487358425809404
9	0.480238711856773
9	0.472941948179731
9	0.517134872775408
9	0.444015444015444
9	0.473152022315202
9	0.517565418534047
9	0.494222927050295
9	0.48258491652274
9	0.501868315938668
9	0.49920724801812
9	0.477953410981697
9	0.468912215941862
9	0.498238035693987
9	0.467360336925554
9	0.529741434212202
9	0.487046004842615
9	0.477707006369427
9	0.501254330426472
9	0.503202846975089
9	0.487977369165488
9	0.481333027943197
9	0.499239499239499
9	0.503708133971292
9	0.517743742995891
9	0.500190766882869
9	0.50967437470505
9	0.513830052329928
10	0.497569089048106
10	0.544836563494359
10	0.473935617860852
10	0.489968321013728
10	0.494294098467558
10	0.474898659183037
10	0.512085441259134
10	0.488817127137902
10	0.487666034155598
10	0.489413025998392
10	0.492347704311293
10	0.489997894293535
10	0.526345770435773
10	0.475977870523149
10	0.483241758241758
10	0.478112449799197
10	0.497738554881412
10	0.479885057471264
10	0.490821835632873
10	0.512010412968879
10	0.501450476585164
10	0.489329621897472
10	0.48070958938097
10	0.465750755139823
10	0.497530707863746
10	0.487264936919781
10	0.470574869347875
10	0.479991276850943
10	0.491963980394392
10	0.509401916777872
10	0.517616983438924
10	0.486003732338043
10	0.493004115226337
10	0.504205259235601
10	0.505690857912128
10	0.514038589487691
10	0.5021372595583
10	0.480554361839278
10	0.49439274636125
10	0.498475407662734
10	0.4951821386604
10	0.503073176388728
10	0.473010630612034
10	0.489199188447309
10	0.504076670004291
10	0.481731909845789
10	0.457227450565719
10	0.476378926539698
10	0.546330935251799
10	0.458868083315801
10	0.496758678377248
10	0.465481513796488
10	0.487246811702926
10	0.48990103009493
10	0.496662216288385
10	0.488081327412947
10	0.489695070507412
10	0.502827182070525
10	0.510343863572826
10	0.506887052341598
10	0.479752704791345
10	0.491988007856921
10	0.496766370250606
10	0.488621151271754
10	0.489146341463415
10	0.4744261913084
10	0.486325540361711
10	0.494571773220748
10	0.47812764158918
10	0.489023760330579
10	0.49593147751606
10	0.472985561248253
10	0.491478530323152
10	0.477781858244583
10	0.468331846565566
10	0.513654246702152
10	0.472514366258267
10	0.490482847618023
10	0.473207293880747
10	0.499040798056017
10	0.500447027268663
10	0.47346840328027
10	0.476392340301126
10	0.506372433325466
10	0.481613784408489
10	0.477513227513228
10	0.483416035518412
10	0.466739632737444
10	0.538371791547835
10	0.467133620689655
10	0.511665984445354
10	0.493392703246194
10	0.48239006514658
10	0.517915309446254
10	0.478230546976188
10	0.484630853203103
10	0.507900677200903
10	0.488825487398954
10	0.505489923558026
10	0.496802423426456
11	0.470999797201379
11	0.481724370720417
11	0.464672183322724
11	0.483241728634551
11	0.507683469768778
11	0.517086034501703
11	0.47179702243657
11	0.464127716868629
11	0.500959259677237
11	0.517413688673531
11	0.487378083763626
11	0.492100065832785
11	0.531654852114397
11	0.493223775477537
11	0.477676169983862
11	0.464801243615368
11	0.466022579244464
11	0.479275475052784
11	0.486134579067687
11	0.454967410626111
11	0.466955034704758
11	0.496921248784703
11	0.487456445993031
11	0.496201477781247
11	0.497460170861233
11	0.542221663734607
11	0.486945616235321
11	0.468054993934493
11	0.486846450192625
11	0.487837837837838
11	0.502751263335205
11	0.483756704786965
11	0.50230974957452
11	0.485354330708661
11	0.485517970401691
11	0.494390934844193
11	0.498832425219615
11	0.481646273637375
11	0.47700457500602
11	0.485469448584203
11	0.488756545846596
11	0.512568052820572
11	0.485451119949759
11	0.486619276604641
11	0.476777777777778
11	0.501480228378093
11	0.489982167208644
11	0.481579527906464
11	0.487917907977491
11	0.510145261701637
11	0.499110320284697
11	0.495454035245258
11	0.464961503327678
11	0.473529102199768
11	0.49291475910181
11	0.480124017273835
11	0.475687815833801
11	0.489722875549647
11	0.501403472294417
11	0.496562070258782
11	0.49199877688309
11	0.505780346820809
11	0.476951918835465
11	0.490846961191115
11	0.489579198094482
11	0.474878100487598
11	0.49587278465647
11	0.472715461238631
11	0.490427403497879
11	0.477452202826268
11	0.479495581372257
11	0.490402949027584
11	0.499710144927536
11	0.500399680255795
11	0.49261744966443
11	0.48043983928949
11	0.475700125108267
11	0.452478448275862
11	0.478641580878003
11	0.469940073458341
11	0.505464190981432
11	0.472969941677882
11	0.492704058367533
11	0.481997402904025
11	0.492840838348205
11	0.501701613788561
11	0.483669499334494
11	0.492557820013739
11	0.48618428126008
11	0.492984293193717
11	0.497164461247637
11	0.474558562323686
11	0.494152923538231
11	0.491423479616841
11	0.482211491081108
11	0.471156877167175
11	0.495828663927282
11	0.483997387328543
11	0.480597931811201
11	0.486497180730043
12	0.481403297145155
12	0.479486072122652
12	0.49679547596607
12	0.509741634900466
12	0.489573307667629
12	0.486148565824957
12	0.470483193277311
12	0.477082908942758
12	0.473955797877519
12	0.500793063339325
12	0.494679783176069
12	0.479159829340335
12	0.472996706915478
12	0.481761129633261
12	0.509408899712198
12	0.47265049592458
12	0.493098417686006
12	0.474752843627086
12	0.480817610062893
12	0.466173962478681
12	0.497903124344726
12	0.461142654364798
12	0.47875117468936
12	0.468470166839476
12	0.474914710014048
12	0.502308674722468
12	0.480610687022901
12	0.473395501919912
12	0.482989274593473
12	0.478228228228228
12	0.463863080684597
12	0.507001647446458
12	0.500686655985351
12	0.510935267611826
12	0.494033872209392
12	0.470032799920485
12	0.502597081375216
12	0.496887249250634
12	0.48301329394387
12	0.465466485507246
12	0.507864659952473
12	0.467408093914118
12	0.505522914218566
12	0.486109621366513
12	0.473289966489257
12	0.463212108471726
12	0.492496200607903
12	0.480112261685861
12	0.481551246537396
12	0.488697964610821
12	0.468576906689391
12	0.461845335515548
12	0.500223363859728
12	0.503340184994861
12	0.507028223574986
12	0.486529656053668
12	0.478925738315971
12	0.48732163022277
12	0.486901763224181
12	0.470934102507211
12	0.494997189432265
12	0.478579096320874
12	0.499724639277453
12	0.488612030367919
12	0.46881390593047
12	0.494277673545966
12	0.457364341085271
12	0.484370164035902
12	0.477769485019725
12	0.497404436054743
12	0.476531643244236
12	0.485371052121682
12	0.521821631878558
12	0.477988691437803
12	0.475118126068161
12	0.471817402486069
12	0.495211267605634
12	0.475685518423308
12	0.500778642936596
12	0.485600687728347
12	0.484613857454834
12	0.4897014015844
12	0.491578156850123
12	0.505944355925971
12	0.4769677548568
12	0.489502033637463
12	0.465392864106064
12	0.50559335716757
12	0.475184794086589
12	0.487748921721575
12	0.46855820505081
12	0.507745266781411
12	0.46553651266766
12	0.485368107608584
12	0.493330318788153
12	0.481451612903226
12	0.497473082838936
12	0.50891323024055
12	0.482451899835638
12	0.462273071104387
13	0.496571673451896
13	0.468343282121538
13	0.467129325705711
13	0.473108658912417
13	0.4670290500802
13	0.468384520300466
13	0.486480971329456
13	0.471017101710171
13	0.484072640666865
13	0.508641458049649
13	0.459756491757354
13	0.478923578261327
13	0.473240623683102
13	0.488150230970074
13	0.468467602384157
13	0.512249169026222
13	0.504012691302725
13	0.479817514628583
13	0.484798953906505
13	0.502916331456154
13	0.482480620155039
13	0.507269965277778
13	0.470367743896262
13	0.5031212484994
13	0.490762124711316
13	0.47165725047081
13	0.476781801106125
13	0.480108583731162
13	0.49673143272199
13	0.491250120854684
13	0.465215993139672
13	0.501809907953253
13	0.487816008031395
13	0.485885286783042
13	0.491592975463943
13	0.462491044928871
13	0.472082717872969
13	0.472455225572433
13	0.506714413607878
13	0.483833615391467
13	0.513919371606792
13	0.485113835376532
13	0.480676328502415
13	0.475092769594063
13	0.490742645546184
13	0.459802410948971
13	0.488461940064738
13	0.466912103083295
13	0.47988476180677
13	0.464646464646465
13	0.477897700610042
13	0.490348631081347
13	0.491208791208791
13	0.50503406895149
13	0.493426818580193
13	0.477303854431618
13	0.505718298555377
13	0.461177175976816
13	0.485411418975651
13	0.507153885743695
13	0.476151315789474
13	0.49406024607552
13	0.469646913070411
13	0.480203562340967
13	0.502753482345319
13	0.485584843492587
13	0.520268147061904
13	0.484797901514248
13	0.453990313750263
13	0.471402949382224
13	0.483138658628485
13	0.505886310124453
13	0.496045331129737
13	0.495127513995439
13	0.481540136593091
13	0.458387275753653
13	0.485124256212811
13	0.488526403096489
13	0.487681549220011
13	0.470261536908008
13	0.49278091650973
13	0.463666152659985
13	0.485792649478881
13	0.478013760095722
13	0.50552871712292
13	0.494471250502614
13	0.477365843909264
13	0.484427731173464
13	0.466813055195129
13	0.488461140432578
13	0.500423780118658
13	0.469874988250775
13	0.455783548211367
13	0.51047227926078
13	0.490512430238458
13	0.499801744647105
13	0.478606772096633
13	0.498728770466795
13	0.497673497673498
13	0.457448722562073
14	0.469679186228482
14	0.49921243305681
14	0.4607421875
14	0.460778502272278
14	0.486648930929156
14	0.47824025789324
14	0.472222222222222
14	0.497301321421924
14	0.489531310026892
14	0.497018914473684
14	0.48112948917116
14	0.501834760369176
14	0.469692750394505
14	0.506033111963334
14	0.490649404027949
14	0.488484251968504
14	0.469165760187432
14	0.497146693521316
14	0.504998387616898
14	0.488347859037514
14	0.48128497009454
14	0.470996391895643
14	0.472127417519909
14	0.461299727264178
14	0.482400235317188
14	0.502956636005256
14	0.47966147966148
14	0.516226263438159
14	0.478284039435119
14	0.485990577733697
14	0.479113625648279
14	0.468467662581626
14	0.503844637223975
14	0.479639221289516
14	0.480887437572032
14	0.477961555654895
14	0.45480943738657
14	0.507448080895944
14	0.4728265988509
14	0.470599613152805
14	0.497168624161074
14	0.510119785212722
14	0.503552115364224
14	0.479806888868257
14	0.463027252213157
14	0.472610610994062
14	0.471425877027537
14	0.466264300513467
14	0.483912356889064
14	0.493135967530142
14	0.479245615581211
14	0.4826592198901
14	0.493748739665255
14	0.484273269142595
14	0.477300847054345
14	0.469918371460244
14	0.48174908510838
14	0.514486391571554
14	0.485114503816794
14	0.482510190539388
14	0.489502099580084
14	0.468290561113528
14	0.456968239655345
14	0.484379997867577
14	0.485409953455066
14	0.476303735024665
14	0.474419482726071
14	0.480221811460259
14	0.496253478912438
14	0.494957183634634
14	0.475435669262143
14	0.481025299600533
14	0.480776076895692
14	0.48622602939745
14	0.469609838096081
14	0.477091315453384
14	0.481396897897041
14	0.512377294067435
14	0.467102056730676
14	0.472362287127771
14	0.493683577300983
14	0.490901528543205
14	0.508946322067594
14	0.501729249011858
14	0.463917525773196
14	0.469367391738176
14	0.471440590819856
14	0.490152613181004
14	0.475789269804377
14	0.464150261874661
14	0.486276791775773
14	0.509671890303624
14	0.475227206097919
14	0.480369515011547
14	0.481251126735172
14	0.492914356130622
14	0.47612551159618
14	0.477903758592983
14	0.489163747810858
14	0.480003790750569
15	0.490091332069619
15	0.4965299130282
15	0.458123873660248
15	0.490457601387985
15	0.500498603909055
15	0.490514905149051
15	0.469394924036182
15	0.48929802285507
15	0.450335327170564
15	0.484277846864452
15	0.494891324540219
15	0.476572355379348
15	0.47181810262218
15	0.469371829886851
15	0.486743886743887
15	0.480853174603175
15	0.472771353972398
15	0.49323172565928
15	0.460901038194114
15	0.483453101361573
15	0.469426152398871
15	0.47111071236318
15	0.483184445612191
15	0.473392857142857
15	0.506197802197802
15	0.487010986754287
15	0.480381569474442
15	0.472346664494583
15	0.470457285966051
15	0.479256698357822
15	0.49851518344669
15	0.458611361587015
15	0.489928584508332
15	0.483023822922529
15	0.477614535338607
15	0.474840144564915
15	0.482338174645867
15	0.469794988610478
15	0.481859536225452
15	0.486781139275007
15	0.513549039433772
15	0.484535163561815
15	0.480423184736414
15	0.484826811075917
15	0.469415619879847
15	0.47817750182615
15	0.463627459709732
15	0.46987087517934
15	0.50657417952169
15	0.500785237534354
15	0.484361116047627
15	0.484196745838788
15	0.491699747383616
15	0.482356316343119
15	0.484585480517132
15	0.49447017676529
15	0.477266660734941
15	0.480961405926947
15	0.466317169069463
15	0.486454183266932
15	0.474859838035063
15	0.477790880503145
15	0.474544646823634
15	0.45578231292517
15	0.478207662618846
15	0.498353870755338
15	0.481958509487759
15	0.506038176860148
15	0.463485797648674
15	0.489047749977087
15	0.494151733018564
15	0.480809940174873
15	0.505091649694501
15	0.496017919362867
15	0.477893781207444
15	0.47144627705215
15	0.486520153038527
15	0.513290747990933
15	0.472411831626849
15	0.497182088328722
15	0.474453959395747
15	0.475829468426686
15	0.481811760550945
15	0.470588235294118
15	0.516116313454904
15	0.487545896596209
15	0.493983402489627
15	0.486785550983082
15	0.4708468744026
15	0.504704097116844
15	0.47069549361813
15	0.474441687344913
15	0.467164835164835
15	0.467642373556352
15	0.490098019603921
15	0.480921399683489
15	0.484546360917248
15	0.499197247706422
15	0.480744266551277
15	0.474619512624263
16	0.494994323459593
16	0.492110547958305
16	0.487353996137221
16	0.491248541423571
16	0.466672838363266
16	0.475598935226264
16	0.491750607849948
16	0.475365041414055
16	0.47821920195156
16	0.493475205781972
16	0.467309845809286
16	0.473411602209945
16	0.461870892230125
16	0.481342966425839
16	0.488965517241379
16	0.47729287754901
16	0.470083076635863
16	0.476721751530912
16	0.477097179809592
16	0.491124871001032
16	0.475471335128896
16	0.483511009265717
16	0.486614679636627
16	0.502582091006528
16	0.463165193274398
16	0.484429656172682
16	0.486333112645418
16	0.467484238708006
16	0.455696202531646
16	0.469151910531221
16	0.477294517562974
16	0.487196765498652
16	0.495163654127992
16	0.46689213243147
16	0.472985347985348
16	0.481886824467634
16	0.466329018945789
16	0.451270449008006
16	0.481908949345058
16	0.481571627260083
16	0.470402802101576
16	0.481368563685637
16	0.485812807881773
16	0.477484548219366
16	0.483220294195367
16	0.477425637393768
16	0.458230621747466
16	0.495659722222222
16	0.499952941176471
16	0.47619462094177
16	0.479072219293621
16	0.489376833496311
16	0.486782302198312
16	0.500776043093216
16	0.467506183944232
16	0.483033059296834
16	0.492335619201291
16	0.474494623655914
16	0.483035103158306
16	0.486472333740618
16	0.473378157368708
16	0.489730423620026
16	0.48303985171455
16	0.483775037173095
16	0.485714285714286
16	0.487005265839986
16	0.465018411362441
16	0.474183445190157
16	0.477992277992278
16	0.480370970646497
16	0.489774624373957
16	0.472560421588225
16	0.480232968584539
16	0.464017271709579
16	0.459494435337762
16	0.484989596750223
16	0.484022038567493
16	0.479477430047772
16	0.45183358523586
16	0.479134466769706
16	0.496762346573886
16	0.471258996167866
16	0.500455622380171
16	0.46696269982238
16	0.469385933595145
16	0.481783149413207
16	0.483449258359172
16	0.487588294651867
16	0.494593108504399
16	0.491214667685256
16	0.46731843575419
16	0.471276699502585
16	0.478950016772895
16	0.479168591224019
16	0.491569506726457
16	0.49580754641645
16	0.450260838280266
16	0.497226962457338
16	0.463440860215054
16	0.474438419829589
17	0.480290819901892
17	0.482478632478632
17	0.481695568400771
17	0.489797828528641
17	0.496567736725217
17	0.474709199859006
17	0.47709347205907
17	0.485520872508462
17	0.480598017806148
17	0.450877192982456
17	0.494617868675996
17	0.482368470676975
17	0.474005349381478
17	0.477437383564479
17	0.484683069903862
17	0.477567127048126
17	0.479965457685665
17	0.484088457389428
17	0.484343828606124
17	0.47307430129516
17	0.516558966074313
17	0.490435606060606
17	0.486998514115899
17	0.463420917053065
17	0.477938342967245
17	0.486745926904447
17	0.499552550462365
17	0.475771301598154
17	0.486389809806317
17	0.469384138236597
17	0.476515420063807
17	0.484148663190133
17	0.477079637755578
17	0.502044392523365
17	0.475363596297929
17	0.475855295465706
17	0.46402756765843
17	0.493945645349359
17	0.477885104219624
17	0.487251303843925
17	0.461359674607786
17	0.482164502164502
17	0.478711271621365
17	0.488206110192358
17	0.491662785281789
17	0.472897845726199
17	0.481986100950988
17	0.489238560318322
17	0.500371984270379
17	0.469459572685379
17	0.446298133285238
17	0.46998420221169
17	0.482419246298789
17	0.499858290033066
17	0.460355598270062
17	0.480603826575391
17	0.495336376265132
17	0.486282897795964
17	0.472310790401074
17	0.471925566343042
17	0.470307882947288
17	0.468642611683849
17	0.46351228389445
17	0.469876583306268
17	0.496238557056104
17	0.505170580844689
17	0.493237308975935
17	0.464814355412222
17	0.489241755144226
17	0.470743099787686
17	0.475417661097852
17	0.478893479432369
17	0.4550429365213
17	0.476700921332388
17	0.47807100816404
17	0.494084336131055
17	0.482918408141014
17	0.505737851891698
17	0.485075899710046
17	0.472499337865278
17	0.486504156159522
17	0.470134544519668
17	0.493401615127044
17	0.466395268453798
17	0.48498950634182
17	0.481906845319479
17	0.472851078882207
17	0.476206633302231
17	0.477618389215347
17	0.465584056098911
17	0.476964112512124
17	0.474137181604799
17	0.482236248872858
17	0.490810512773387
17	0.465062813038837
17	0.47034111913964
17	0.47800399927286
17	0.468609865470852
17	0.458271236959762
17	0.477186143350757
18	0.459648477040582
18	0.487347013895279
18	0.47632473671117
18	0.471378708551483
18	0.466660960369768
18	0.486148197596796
18	0.489027601677558
18	0.482878160142048
18	0.488659972299169
18	0.467849966510382
18	0.477374571654512
18	0.487342363381597
18	0.471296296296296
18	0.492568815407616
18	0.463127592921853
18	0.478753541076487
18	0.487739428148422
18	0.483742103307321
18	0.469700843773971
18	0.490743178029306
18	0.469576271186441
18	0.44898135359116
18	0.468865484109387
18	0.460500793510845
18	0.477244655581948
18	0.463476070528967
18	0.499365791784564
18	0.475199219385266
18	0.483261090104215
18	0.475777583326704
18	0.461598138091544
18	0.477235371466141
18	0.502776235424764
18	0.452472631181578
18	0.474232718233101
18	0.489454870420018
18	0.471524966261808
18	0.484305744007237
18	0.492855763660938
18	0.484272440542153
18	0.478250683326825
18	0.459262891231511
18	0.461481359287364
18	0.479438058748404
18	0.477558839627805
18	0.46000163759928
18	0.48339211022718
18	0.473269507752266
18	0.462629196207397
18	0.467937887199292
18	0.459987620479264
18	0.486193775002439
18	0.484115391637758
18	0.499004314636575
18	0.485118244762162
18	0.485530270502362
18	0.492571228806153
18	0.464997058576351
18	0.468191268191268
18	0.479896462467645
18	0.483675593829848
18	0.473633581110625
18	0.480046948356808
18	0.480063322449787
18	0.456783369803063
18	0.489469926824915
18	0.487854073489433
18	0.474759825327511
18	0.476039705630669
18	0.472750865051903
18	0.471873129862358
18	0.478458446211658
18	0.468650088809947
18	0.470498759106557
18	0.463362831858407
18	0.472133822929417
18	0.48363082649522
18	0.45738255033557
18	0.48148893360161
18	0.505091843532883
18	0.490148245449428
18	0.467634018540911
18	0.478337754199823
18	0.477087311230689
18	0.47007762290293
18	0.49164333587851
18	0.464580581241744
18	0.473573117190138
18	0.467851174245756
18	0.472589792060492
18	0.475121359223301
18	0.459003831417625
18	0.49715192828462
18	0.477367688022284
18	0.498029511502154
18	0.463202039305978
18	0.468352176622452
18	0.482714159078089
18	0.480613165013526
18	0.479358168037413
19	0.492768247561386
19	0.46600508488477
19	0.496859296482412
19	0.484165591184354
19	0.472034045509814
19	0.461970348276165
19	0.49002327901563
19	0.47912196732134
19	0.476613234689684
19	0.470053887605851
19	0.482743244448408
19	0.49553264604811
19	0.458229736449528
19	0.474078341013825
19	0.485515320334262
19	0.477120908483634
19	0.478001555882099
19	0.461902259590121
19	0.475958714441554
19	0.488815099615519
19	0.474825902505403
19	0.48209549071618
19	0.483255691307023
19	0.474541246487023
19	0.476013758146271
19	0.46434166048314
19	0.483399245838315
19	0.493696327425544
19	0.475004463488663
19	0.471738795626059
19	0.498316498316498
19	0.482009057225196
19	0.482319774466371
19	0.498609823911029
19	0.48415090892482
19	0.483865629654145
19	0.471618720480893
19	0.452168100927396
19	0.480017841213203
19	0.484964461454347
19	0.475435425566875
19	0.475398292403838
19	0.474346975240364
19	0.464481719100255
19	0.462055335968379
19	0.495364673065879
19	0.4787124395465
19	0.469934175413627
19	0.462931169033869
19	0.480311515575779
19	0.470526315789474
19	0.470282980621098
19	0.472739880384849
19	0.480916030534351
19	0.485513339958719
19	0.475971085868615
19	0.478816466552316
19	0.471757495444757
19	0.481133671742809
19	0.469808408244802
19	0.491473812423873
19	0.47138188217548
19	0.488138431481998
19	0.464312993295426
19	0.485005924710601
19	0.462540453074434
19	0.466351732139897
19	0.466795615731786
19	0.470573870573871
19	0.489868684233412
19	0.490907581167483
19	0.466341709387343
19	0.475589082895406
19	0.461363827461532
19	0.481659388646288
19	0.462587846217445
19	0.467660475724992
19	0.469664354620107
19	0.474356775300172
19	0.48558648111332
19	0.477395271671506
19	0.472308408315234
19	0.478555098308185
19	0.490150544522742
19	0.479723540677825
19	0.463174627204602
19	0.487255165012074
19	0.472627088517597
19	0.492849668643181
19	0.483591493830402
19	0.470646194268823
19	0.480030919866014
19	0.501177578897786
19	0.465589250045397
19	0.470588235294118
19	0.482422043707351
19	0.46450591568072
19	0.478100090393623
19	0.487407671086589
19	0.485902414317069
20	0.474409291149379
20	0.476096922069417
20	0.476893719405957
20	0.470671311552585
20	0.476228589723067
20	0.456574282951982
20	0.473843458874114
20	0.483538894823735
20	0.48049709724238
20	0.459834450137958
20	0.481902792140641
20	0.488287488908607
20	0.462781436667177
20	0.482352941176471
20	0.469753486863445
20	0.486320166320166
20	0.467183377308707
20	0.483360171765969
20	0.46945412311266
20	0.484174085064293
20	0.469521807672097
20	0.469065117074004
20	0.472836556985436
20	0.462181430795706
20	0.494685127288968
20	0.487739921021214
20	0.48508323718477
20	0.477675992407362
20	0.493590853975403
20	0.482169070028495
20	0.468468468468468
20	0.50263253449528
20	0.482956001708672
20	0.480785653287788
20	0.499457210059707
20	0.478762236601958
20	0.459434438646692
20	0.461682547438717
20	0.497673497673498
20	0.493171862921927
20	0.48153942428035
20	0.488133366182147
20	0.475399476392525
20	0.48279336536971
20	0.47519605251564
20	0.482718536887787
20	0.475284026785043
20	0.479074515141204
20	0.495997934417764
20	0.478242024965326
20	0.488670133729569
20	0.478568556493768
20	0.4827383945031
20	0.47479674796748
20	0.467887012782074
20	0.487439779766001
20	0.48889262874453
20	0.475373134328358
20	0.483018568481193
20	0.473692731099239
20	0.468860637270679
20	0.483811529349829
20	0.469470707784749
20	0.4703125
20	0.46630208734499
20	0.460194775081156
20	0.484312788660615
20	0.492045843311666
20	0.469372257846777
20	0.472173256106774
20	0.477222127076554
20	0.473564226216572
20	0.473924688829368
20	0.46244616709733
20	0.48487098570633
20	0.466041960361556
20	0.475738038683407
20	0.47664249943942
20	0.485887585928023
20	0.46352922439879
20	0.491321161974998
20	0.471702817252555
20	0.475805159429579
20	0.46562044976541
20	0.475524475524476
20	0.476202179077578
20	0.481406011207336
20	0.460558954853646
20	0.471699636657247
20	0.467541147965578
20	0.48077908764736
20	0.474192526915769
20	0.468528836018672
20	0.471505283214966
20	0.479913050479027
20	0.467233577781245
20	0.486697124428917
20	0.478808257741633
20	0.467416968361404
20	0.466930659701744
21	0.46316215123332
21	0.459463555084104
21	0.475008010253124
21	0.461017213178596
21	0.473059285948248
21	0.489511067063099
21	0.469261139311901
21	0.484860951127201
21	0.465226049118667
21	0.495341887853753
21	0.476943978262607
21	0.485166089087989
21	0.462884198699944
21	0.489438890680426
21	0.484892415687471
21	0.473907969323108
21	0.46691809461343
21	0.472804745592781
21	0.470691236554657
21	0.480149621695146
21	0.467347095387921
21	0.470159376059681
21	0.474290852611788
21	0.470867309117865
21	0.461216105176664
21	0.475920679886686
21	0.463153594771242
21	0.483108906213088
21	0.474202308214528
21	0.478026086234111
21	0.459448941469489
21	0.471348096348096
21	0.488210075026795
21	0.468580430596884
21	0.457643622200584
21	0.490040527722687
21	0.48423847867055
21	0.463264030014069
21	0.458473581213307
21	0.469884292280869
21	0.487714877148771
21	0.475867635189669
21	0.449063499314756
21	0.468513460788139
21	0.487149917627677
21	0.489860416117988
21	0.463604549431321
21	0.472905556511268
21	0.475954229014964
21	0.468430362224102
21	0.472388180203456
21	0.451443569553806
21	0.472767239273793
21	0.461596842744384
21	0.462033871352469
21	0.46867302955665
21	0.47942272619142
21	0.482312410721788
21	0.47178171641791
21	0.47979310949417
21	0.47490411872603
21	0.470557536748717
21	0.461550094517958
21	0.483352826510721
21	0.464601769911504
21	0.464887884581957
21	0.472025348119737
21	0.494927835051546
21	0.476041666666667
21	0.471726785571463
21	0.466684109541252
21	0.467738196429951
21	0.49324154143229
21	0.45956178508136
21	0.473072020395156
21	0.496537162162162
21	0.469313508383423
21	0.472827855515783
21	0.488862934846083
21	0.493379675604105
21	0.456465863453815
21	0.451905059337914
21	0.477207293666027
21	0.4833347837438
21	0.459285346160454
21	0.475750189123308
21	0.471432064552938
21	0.479389942291838
21	0.470425055928412
21	0.474981141563993
21	0.483876877977281
21	0.469980582524272
21	0.465774207942883
21	0.48385708136031
21	0.475308641975309
21	0.469978297564504
21	0.458015267175573
21	0.48
21	0.464950711938664
21	0.477110095697905
22	0.461532693461308
22	0.495102921646746
22	0.48111658456486
22	0.461176113052728
22	0.466777890613666
22	0.465306765377648
22	0.469445798797335
22	0.474133164836901
22	0.462822796081923
22	0.478337147215866
22	0.464449137627596
22	0.477442333785617
22	0.455317247542449
22	0.461238736910464
22	0.487240075614367
22	0.477121686654954
22	0.466830278395582
22	0.487148301305441
22	0.46991535117822
22	0.47331014668078
22	0.474843017248231
22	0.47238079922811
22	0.469373048282489
22	0.469395930139401
22	0.484367708819412
22	0.4752110514198
22	0.486101211689237
22	0.485849778185712
22	0.465425736481809
22	0.470412045656925
22	0.483313702394974
22	0.496220056471446
22	0.484206219312602
22	0.47899785017364
22	0.466763781338649
22	0.456854418716449
22	0.467169440118042
22	0.478508373896543
22	0.481231412265895
22	0.468971491573476
22	0.484668335419274
22	0.478788810328927
22	0.493068432671082
22	0.46835542310407
22	0.476988170278905
22	0.474554921061471
22	0.475119880512538
22	0.466886883660973
22	0.47591537200406
22	0.478663629460896
22	0.457671149144254
22	0.472277889111556
22	0.458698166198579
22	0.482516365958806
22	0.465293725461145
22	0.481274501626491
22	0.462473731612129
22	0.472020435858546
22	0.456456692913386
22	0.463168066602245
22	0.470168319807635
22	0.473408758562303
22	0.47392789373814
22	0.467117012190387
22	0.475912291933419
22	0.484557085812077
22	0.490016975183898
22	0.47259821723341
22	0.461911764705882
22	0.476560074511021
22	0.475646009604391
22	0.469741818779806
22	0.460980470306895
22	0.467584122185984
22	0.460599334073252
22	0.485831526788479
22	0.474807786684116
22	0.479661868095079
22	0.477863557586261
22	0.452638752176876
22	0.464562149036273
22	0.480527261833433
22	0.48216971949385
22	0.482255222753587
22	0.458626044516749
22	0.48172945067355
22	0.478767010985407
22	0.467139794485104
22	0.476155298366576
22	0.461795309830719
22	0.483868299139643
22	0.46875
22	0.461906969556483
22	0.48694738543603
22	0.483277158413275
22	0.477133540125666
22	0.453237946195693
22	0.46879598372717
22	0.47741833425611
22	0.473352254809208
23	0.46512619372442
23	0.465744400527009
23	0.471320928802091
23	0.481183251398542
23	0.474490577600735
23	0.468341024283229
23	0.47360057782593
23	0.466695944956815
23	0.46931115690315
23	0.504993932605246
23	0.470704611170294
23	0.47243973591279
23	0.47659920491507
23	0.47290368383687
23	0.47406914893617
23	0.483587609801202
23	0.476228146507397
23	0.47167543200601
23	0.481867779204108
23	0.472378516624041
23	0.469811320754717
23	0.465510656175999
23	0.478424297098181
23	0.471092410783855
23	0.489422825803082
23	0.484447385837194
23	0.468629153184437
23	0.476387479509796
23	0.472113732229339
23	0.473474470734745
23	0.468540725743654
23	0.483013503909026
23	0.46942318314527
23	0.489382530120482
23	0.479692645444566
23	0.471968904171027
23	0.466380989481885
23	0.451404050289844
23	0.464778288595581
23	0.474160106009822
23	0.477268857483399
23	0.49009734810339
23	0.481231793591344
23	0.465453989605625
23	0.47945511389013
23	0.460944206008584
23	0.468682671591259
23	0.48370262640089
23	0.495738878472814
23	0.479098393413796
23	0.466540536752855
23	0.482844770153231
23	0.460061043698355
23	0.471509318667889
23	0.469311687235981
23	0.47481243301179
23	0.46075570520015
23	0.478662321539417
23	0.495201059076618
23	0.460109600740161
23	0.473619832015004
23	0.461630605674927
23	0.49914354230901
23	0.45739417262232
23	0.469162125878544
23	0.488252249104725
23	0.457742998352554
23	0.481339187705818
23	0.473397823458283
23	0.489015667574932
23	0.467938761925893
23	0.47187231046084
23	0.448283052968164
23	0.477284874398717
23	0.478696544106044
23	0.482299140581881
23	0.480314365601149
23	0.46928895612708
23	0.474197068911756
23	0.461842105263158
23	0.46179302045728
23	0.469326367450329
23	0.48287841191067
23	0.471062504989223
23	0.466317426536793
23	0.471620152229069
23	0.466525556600815
23	0.477080586364694
23	0.46958981612447
23	0.470288491690185
23	0.472073938331607
23	0.46372745490982
23	0.48535233570863
23	0.476333522773403
23	0.490079031444426
23	0.474333126550869
23	0.471821221760052
23	0.475117004680187
23	0.478828163466273
23	0.47861906630051
24	0.464402676918696
24	0.478796759179452
24	0.484615384615385
24	0.461926260346125
24	0.482319774466371
24	0.455470737913486
24	0.469366170582458
24	0.469289900296826
24	0.475899005355777
24	0.467213715290497
24	0.45951050007554
24	0.45824908260316
24	0.470479407979408
24	0.474425558703179
24	0.473828313738122
24	0.460109371488501
24	0.477408029308503
24	0.481903093987157
24	0.477502979737783
24	0.465588879655511
24	0.481002292826728
24	0.456498155782165
24	0.470328135908774
24	0.464625214274583
24	0.472120809824096
24	0.485133639095366
24	0.453383569739953
24	0.472498690413829
24	0.47483772432226
24	0.471461361897475
24	0.477620907179333
24	0.49291514090113
24	0.462480499219969
24	0.457906530089629
24	0.479119456134671
24	0.462269012736509
24	0.460901358006268
24	0.476036215632528
24	0.473374088532076
24	0.467485549132948
24	0.470485051860891
24	0.454115572653683
24	0.484831813895002
24	0.479026913440556
24	0.473152856715525
24	0.494177174524135
24	0.462521917007598
24	0.48998234436171
24	0.479114198871038
24	0.474667709147772
24	0.497505285412262
24	0.47502084754757
24	0.475106015391864
24	0.482594328748175
24	0.485907816879477
24	0.466715198576397
24	0.467046493634381
24	0.47033616549686
24	0.474213742733641
24	0.462653543907836
24	0.473072264836496
24	0.458941824275796
24	0.46946878422782
24	0.473281864971238
24	0.472944849115505
24	0.469687116121107
24	0.457357208578102
24	0.472122645107162
24	0.4514573907884
24	0.476544577169528
24	0.476284584980237
24	0.489396951623592
24	0.47225097539613
24	0.465707797123391
24	0.477707948243993
24	0.471622176591376
24	0.459818308874913
24	0.48716119828816
24	0.478363429315113
24	0.480731225296443
24	0.481784582893347
24	0.4580112960761
24	0.460323264828494
24	0.460227695513059
24	0.472441606452697
24	0.467653993516062
24	0.456292026897214
24	0.471527997469155
24	0.471753147067854
24	0.474676001787576
24	0.454616405213455
24	0.451940298507463
24	0.478620922764915
24	0.468886646485032
24	0.472940287226002
24	0.468232146838077
24	0.469894379770257
24	0.473515845856271
24	0.487062017476881
24	0.471190596379895
25	0.477416298168035
25	0.466997055232349
25	0.472338410543761
25	0.484313389336534
25	0.463838383838384
25	0.465328172875343
25	0.47096
25	0.489714434510893
25	0.477613123068389
25	0.46976423759951
25	0.472949261587951
25	0.473845917505185
25	0.457326892109501
25	0.469064191802011
25	0.479843561973526
25	0.466977532852904
25	0.481115177945643
25	0.476381689421041
25	0.46219252960826
25	0.473896204492641
25	0.463917525773196
25	0.461139093374661
25	0.47342378292099
25	0.475052599939886
25	0.476015043364802
25	0.474667624865253
25	0.475935419695463
25	0.463648939440516
25	0.487465181058496
25	0.47244559203246
25	0.478968792401628
25	0.478590375142099
25	0.467135809634359
25	0.462932330827068
25	0.476362759286059
25	0.477104403918133
25	0.472577126830788
25	0.458397180508734
25	0.489503149055283
25	0.454786027521548
25	0.45584495910934
25	0.46971369691617
25	0.478548895899054
25	0.476505525900308
25	0.456337399583457
25	0.47393018840368
25	0.457855750487329
25	0.454859641698406
25	0.463345420148195
25	0.455039856961931
25	0.475652042816222
25	0.463250321701612
25	0.46650200679222
25	0.458095719338771
25	0.454711545218186
25	0.47773027594248
25	0.467853200883002
25	0.490587607651856
25	0.472440355994316
25	0.474373040752351
25	0.460383782110802
25	0.463765974735909
25	0.487850626651888
25	0.462537117602376
25	0.480478835771849
25	0.479214079805796
25	0.486579097658481
25	0.474420057798953
25	0.46786858974359
25	0.484423028993935
25	0.485595463137996
25	0.464801078894134
25	0.476921883484602
25	0.469732914976659
25	0.475996307124173
25	0.464543361473523
25	0.464832451499118
25	0.469760365157855
25	0.450432975406997
25	0.482104764162124
25	0.472735674676525
25	0.46325117283491
25	0.466320848272179
25	0.476244161700757
25	0.485012554927809
25	0.470637841153021
25	0.481494174091844
25	0.463598697839598
25	0.492974437108515
25	0.45263469508585
25	0.485269978401728
25	0.466715734380111
25	0.478071492940823
25	0.460747814826805
25	0.472977399279397
25	0.459206944750975
25	0.48044906063846
25	0.495154961159606
25	0.457619801410275
25	0.47137029762804
26	0.465291209972061
26	0.479911987613071
26	0.486769082281026
26	0.472829713099563
26	0.480890253261704
26	0.475533068305024
26	0.458114790948599
26	0.455641559988092
26	0.468836263257301
26	0.477828803734096
26	0.468581057361511
26	0.476916407774005
26	0.480389329488104
26	0.474346490899558
26	0.472899318697956
26	0.455982838074051
26	0.473002958579882
26	0.476146998402191
26	0.459992849481587
26	0.459846834820488
26	0.479510299831391
26	0.473214285714286
26	0.466481703659268
26	0.467402733964248
26	0.470494659495493
26	0.471370604147881
26	0.47718701471567
26	0.477917497316363
26	0.470935004850384
26	0.465968586387435
26	0.472533963378618
26	0.471747893001099
26	0.462200282087447
26	0.46844512195122
26	0.466037136962387
26	0.473688062650955
26	0.469306627933644
26	0.464092438203891
26	0.459261887863733
26	0.481912144702842
26	0.471040939384322
26	0.478324142156863
26	0.474092325530836
26	0.465817346863195
26	0.490404154436667
26	0.47419774501301
26	0.467741935483871
26	0.478038067349927
26	0.463719580263452
26	0.476593432186942
26	0.457117166966385
26	0.478118578278408
26	0.465036528999553
26	0.46499960181572
26	0.472395795045211
26	0.457667258732978
26	0.464022140221402
26	0.477947253738072
26	0.481700216270171
26	0.460830145913019
26	0.459206255532605
26	0.465924241235981
26	0.459168551595039
26	0.469988594240091
26	0.465224648768953
26	0.485933503836317
26	0.483233293317327
26	0.475399462110426
26	0.457117724673802
26	0.471874765935136
26	0.456245056446394
26	0.475533349195019
26	0.465160488411201
26	0.463714811147263
26	0.481971153846154
26	0.462602420506653
26	0.459713067080264
26	0.466569978245105
26	0.463954163040325
26	0.48522538223877
26	0.483728710462287
26	0.466676242459063
26	0.469416562107905
26	0.479093092244667
26	0.46511803874092
26	0.456982274102897
26	0.483286591374214
26	0.465482812722864
26	0.483880686953902
26	0.47663772691397
26	0.472573523909302
26	0.469149486440553
26	0.474980313551435
26	0.47708203853325
26	0.466605532630292
26	0.456916523428742
26	0.459372954099076
26	0.472650993429906
26	0.457435588368239
26	0.463106218387385
27	0.478923236207662
27	0.468347259594958
27	0.456706045865184
27	0.466536288570187
27	0.455914742451155
27	0.481123014407093
27	0.464371437143714
27	0.464522087117131
27	0.467692526893211
27	0.474450967601653
27	0.46978571958182
27	0.455540453537449
27	0.465749477778578
27	0.47570774198393
27	0.471595047341588
27	0.469972533590676
27	0.471707972529113
27	0.458076225045372
27	0.481275890637945
27	0.487339793685527
27	0.470687134502924
27	0.473306028598117
27	0.472609935464505
27	0.474261786152624
27	0.466081404628891
27	0.461137707687975
27	0.46967129786513
27	0.46638106302643
27	0.470627503337784
27	0.470647919988404
27	0.475518854136217
27	0.467498218104063
27	0.473473621813871
27	0.474898580121704
27	0.471757986037656
27	0.464757403030724
27	0.474143574078115
27	0.473921394799054
27	0.468333572145006
27	0.466837697125179
27	0.461211714732842
27	0.478956228956229
27	0.464640067553304
27	0.469129626982993
27	0.46872228664984
27	0.467222709979514
27	0.461520790259591
27	0.475954424385913
27	0.462700525142076
27	0.464094319399786
27	0.481333230698176
27	0.471976839135922
27	0.451657174226309
27	0.484648449493399
27	0.466382443388314
27	0.477696133006754
27	0.468302346845474
27	0.471492537313433
27	0.465273145059669
27	0.461462170586568
27	0.471717877094972
27	0.471251166463283
27	0.474679598198822
27	0.470517448856799
27	0.458409008354522
27	0.469960147379502
27	0.479661640308937
27	0.472183740430186
27	0.47238271319621
27	0.47971896276981
27	0.481649449903418
27	0.47446539110861
27	0.475548187777862
27	0.473123695761675
27	0.47273166023166
27	0.470150824272185
27	0.470838654746701
27	0.480838417018614
27	0.471201478743068
27	0.458686818279033
27	0.464411913175164
27	0.464965838057857
27	0.468172484599589
27	0.475461081587996
27	0.477581674802854
27	0.468344155844156
27	0.459129224344598
27	0.466061046511628
27	0.444647372857544
27	0.475375688141646
27	0.462934243176179
27	0.461522505704211
27	0.46258407079646
27	0.468607954545455
27	0.465797101449275
27	0.478437380314056
27	0.470731537551333
27	0.459684487291849
27	0.476794298027515
27	0.485283508873178
28	0.489988751406074
28	0.469268153230417
28	0.471765061150536
28	0.466494665643958
28	0.47484850697233
28	0.465720869940948
28	0.474908726465746
28	0.472970046914471
28	0.486593189669353
28	0.468277066356228
28	0.480492091388401
28	0.46540834845735
28	0.458989104116223
28	0.464562817069532
28	0.476108815963832
28	0.475015142337977
28	0.477240021207301
28	0.468570618666289
28	0.488774955332867
28	0.473521369981292
28	0.464557412015642
28	0.467599100365477
28	0.469170531437695
28	0.46487856733993
28	0.472306143001007
28	0.464756534329041
28	0.472467660988195
28	0.487373141373613
28	0.47397701485982
28	0.459699955875864
28	0.463332585781565
28	0.471680216802168
28	0.468192688759822
28	0.471657600916118
28	0.486404160475483
28	0.470248800959233
28	0.480465815176559
28	0.46786039029167
28	0.485558747920762
28	0.470878733244493
28	0.462407862407862
28	0.463069269039418
28	0.474825431826534
28	0.465089850131401
28	0.469330855018587
28	0.471372729363072
28	0.459342946335662
28	0.482743164500224
28	0.467233466255361
28	0.469497174322562
28	0.458591853250607
28	0.458350658350658
28	0.455336726414398
28	0.461767557833495
28	0.474349497338853
28	0.449523136700812
28	0.456237567490764
28	0.465961427748993
28	0.458039540992672
28	0.469231888274658
28	0.462013762112063
28	0.46815976110489
28	0.460202104097453
28	0.472711196849128
28	0.459145740080419
28	0.477491707471174
28	0.466714490674319
28	0.479353038001861
28	0.461364104677519
28	0.479024034959942
28	0.456207608375111
28	0.476179957293277
28	0.449184181415929
28	0.472536530535781
28	0.468759364698831
28	0.466173436721918
28	0.469033391915641
28	0.464714946070878
28	0.492613263296126
28	0.471093807389995
28	0.480805490610152
28	0.462459501338217
28	0.477155824508321
28	0.458561940514005
28	0.471259324265029
28	0.478955007256894
28	0.460648148148148
28	0.47705947543406
28	0.476020521971894
28	0.471035365658505
28	0.476207799767171
28	0.475970891274588
28	0.470242818600222
28	0.472878295413507
28	0.483104540654699
28	0.447841225626741
28	0.467096148517595
28	0.471023063276168
28	0.478241693619524
28	0.462171616708965
29	0.461047902021886
29	0.464490547334136
29	0.463975197142279
29	0.450427111048873
29	0.46429372616466
29	0.469226081657526
29	0.459415363698164
29	0.465384615384615
29	0.471030356100409
29	0.465635359116022
29	0.472214054689797
29	0.464065708418891
29	0.485027152831652
29	0.48381601362862
29	0.48150289017341
29	0.461992184619922
29	0.454773509174312
29	0.482549092256391
29	0.467777451556078
29	0.470146017059419
29	0.473267886150152
29	0.467880085653105
29	0.472361080924437
29	0.470397111913357
29	0.458765022793203
29	0.469517080632238
29	0.457669565217391
29	0.474225222460878
29	0.459788072272789
29	0.456857650758922
29	0.477284109608643
29	0.47485951981318
29	0.480452440598193
29	0.461581214394887
29	0.474532374100719
29	0.461642278732775
29	0.474067599067599
29	0.491309385863268
29	0.480319317104015
29	0.482787382468911
29	0.4748420313597
29	0.479850046860356
29	0.465529445073613
29	0.476555905149259
29	0.464938911514254
29	0.455237962121742
29	0.464485458612975
29	0.459189622504008
29	0.484077392155387
29	0.466621067031464
29	0.472011210266244
29	0.466957787481805
29	0.470031545741325
29	0.466525395669161
29	0.463466161579369
29	0.473608720596672
29	0.470452515629652
29	0.477768456375839
29	0.476001136040897
29	0.462401263823065
29	0.473599766627771
29	0.467854376452362
29	0.480355980030389
29	0.479323308270677
29	0.46587700571586
29	0.4665
29	0.465368282325377
29	0.475153880798679
29	0.47913994718974
29	0.466594124047878
29	0.460983651600495
29	0.470283876380926
29	0.465621765488688
29	0.468938897385478
29	0.480234922069121
29	0.473424774967853
29	0.46557328605201
29	0.456570640737247
29	0.467892503536068
29	0.467105729056016
29	0.494971890094228
29	0.468015051740357
29	0.476727377854871
29	0.467012286059229
29	0.456769645448891
29	0.467489956851659
29	0.465680121556451
29	0.461134028957373
29	0.467890543817111
29	0.465603779155595
29	0.478894396875469
29	0.471825126692383
29	0.470399200171392
29	0.476205970877735
29	0.459971863066926
29	0.451615310005223
29	0.472152713233717
29	0.466735203407255
29	0.489685366577619
29	0.466228963851785
30	0.476888217522659
30	0.475101228955033
30	0.473562386980108
30	0.461428376720731
30	0.465012372834754
30	0.468554589233091
30	0.462049939874089
30	0.468287450840186
30	0.481473502800517
30	0.470588235294118
30	0.457539113206258
30	0.461602962755922
30	0.469133083755414
30	0.470219881875756
30	0.489710706829705
30	0.456919245819993
30	0.458095238095238
30	0.470130991795019
30	0.464353312302839
30	0.458360186179735
30	0.462571844055121
30	0.47407090377345
30	0.462595419847328
30	0.462950867261775
30	0.468527485046995
30	0.485576923076923
30	0.464823241162058
30	0.469442982785838
30	0.465033147016769
30	0.481916358628687
30	0.463576637065916
30	0.474321274704233
30	0.464814425033326
30	0.46302551203737
30	0.464053657514148
30	0.471120484386693
30	0.472679347438911
30	0.465194296896841
30	0.468721283664381
30	0.460546633724521
30	0.465509698118711
30	0.459535393681902
30	0.45643992194034
30	0.471167959739987
30	0.464977645305514
30	0.468756458835687
30	0.470272974131771
30	0.460228072645361
30	0.467673007995589
30	0.478356827566567
30	0.470714900947459
30	0.474852708722518
30	0.473564486110154
30	0.472867092280905
30	0.466014024855933
30	0.458781113499272
30	0.464637543311366
30	0.465108090979509
30	0.463475899524779
30	0.46897409629738
30	0.473981564079691
30	0.469576077152571
30	0.483661645422943
30	0.465019093594639
30	0.467077476978467
30	0.462278548205162
30	0.471481534293455
30	0.478332583595741
30	0.473924572775486
30	0.455625295268948
30	0.454285510043606
30	0.472255265551746
30	0.462812644360853
30	0.4725168756027
30	0.453483277347744
30	0.478260869565217
30	0.478351854524462
30	0.471771899886234
30	0.472952640252203
30	0.473114525139665
30	0.45517288043846
30	0.468431502316347
30	0.466546834431796
30	0.474037600716204
30	0.469950809153775
30	0.465187554134186
30	0.452041387024608
30	0.469534849160351
30	0.46595469695939
30	0.467056997742664
30	0.465727002967359
30	0.473127096533731
30	0.450749982719292
30	0.473433726381588
30	0.465007892956476
30	0.467985388379626
30	0.467769734574285
30	0.451181155055879
30	0.465929760738772
30	0.465975417153059
31	0.462292226174058
31	0.476881297791753
31	0.478415138971023
31	0.464696670524954
31	0.466359177099348
31	0.480250114381577
31	0.461664058779509
31	0.465566140644317
31	0.476767378296521
31	0.468225178019616
31	0.478375726469922
31	0.466630271598198
31	0.465160458647127
31	0.455674250832408
31	0.473770026938891
31	0.475391180654339
31	0.462920379419373
31	0.465098917506532
31	0.457192254495159
31	0.465199286139203
31	0.477243662077785
31	0.465012443273313
31	0.474376448139567
31	0.47030829712394
31	0.458472468916519
31	0.468461387305954
31	0.46830024356041
31	0.460675772825306
31	0.469949409780776
31	0.465847833503924
31	0.462574955908289
31	0.465491611807178
31	0.469922951862586
31	0.47614542505744
31	0.461581682820621
31	0.473951973951974
31	0.453612396860535
31	0.480937136204889
31	0.467040571053973
31	0.46049082176459
31	0.454274565448741
31	0.464110127826942
31	0.478248405360854
31	0.471634269258459
31	0.466960960132432
31	0.47035487593768
31	0.470384928164814
31	0.458164317634926
31	0.470347501435956
31	0.470412476315406
31	0.462996642417459
31	0.46686455888444
31	0.460202604920405
31	0.476994758299359
31	0.466565787577461
31	0.458512966770578
31	0.465804191092244
31	0.460135764674564
31	0.463038010061487
31	0.472623651536739
31	0.445827477748779
31	0.457966263743768
31	0.47851245501376
31	0.466772043158546
31	0.460497084143294
31	0.46839021027232
31	0.458597917195834
31	0.464814100090055
31	0.465468113975577
31	0.463854173859007
31	0.474982480728802
31	0.47296224099343
31	0.46696813396453
31	0.464858772046148
31	0.472501936483346
31	0.463537706504458
31	0.458106098165592
31	0.468300929839391
31	0.457781680626858
31	0.476277887602372
31	0.456757323638398
31	0.473856441630504
31	0.465721865400726
31	0.456570155902004
31	0.468480787638452
31	0.468035701327915
31	0.470808638190612
31	0.467974128938035
31	0.462925994581492
31	0.46288238837941
31	0.461664281333061
31	0.478888487910502
31	0.473280817543113
31	0.471229437801414
31	0.461704493426647
31	0.473984022229941
31	0.465484617001892
31	0.463624652518815
31	0.469529767343783
31	0.464810737873731
32	0.469366562824507
32	0.456510030968089
32	0.466867883111538
32	0.463159383396974
32	0.479135839005623
32	0.471468593335299
32	0.462404387357483
32	0.465981618585652
32	0.458479920345171
32	0.477469244288225
32	0.468454802454665
32	0.469568174090445
32	0.474401718900496
32	0.469015629284343
32	0.486809470124014
32	0.475029036004646
32	0.464886397167306
32	0.465580803002882
32	0.468150796230094
32	0.465897522904649
32	0.467656097743797
32	0.456910039113429
32	0.472373377982419
32	0.463901049266903
32	0.463246992935786
32	0.464944649446494
32	0.458347386172007
32	0.476086162833151
32	0.47244667685812
32	0.470733478576616
32	0.466784374310307
32	0.461731493099122
32	0.461058776701605
32	0.464574181663596
32	0.463209674113548
32	0.455917913861839
32	0.471708171502551
32	0.468923902111968
32	0.456551915602443
32	0.4592
32	0.45307702576425
32	0.47221623175904
32	0.468198785039889
32	0.464003358287274
32	0.466428475124713
32	0.457414075286416
32	0.464146454299121
32	0.469515752625438
32	0.475277640234845
32	0.477099236641221
32	0.468331846565566
32	0.464580350446581
32	0.478179644298311
32	0.471399423063393
32	0.465494382806503
32	0.466710325256494
32	0.475437969252771
32	0.467078327404524
32	0.471770917952884
32	0.45802981823133
32	0.45856841819047
32	0.453899295868208
32	0.461911311980088
32	0.457150385350109
32	0.467518560822387
32	0.472354423292273
32	0.468549422336329
32	0.461019890535309
32	0.461606294939628
32	0.468003558962426
32	0.459613725360058
32	0.471023102310231
32	0.467467602591793
32	0.466893279512782
32	0.46569139672588
32	0.448679141441937
32	0.472266589226078
32	0.464385280178422
32	0.473112364186494
32	0.453260583749671
32	0.472261353726437
32	0.46182590855803
32	0.465547517033083
32	0.464401406023847
32	0.467806912149269
32	0.461129568106312
32	0.471268444948922
32	0.453577280174768
32	0.466004429827505
32	0.473329992124293
32	0.453370143424685
32	0.467605004468275
32	0.469046136819534
32	0.463527362850827
32	0.467576791808874
32	0.471341203242782
32	0.464703453970001
32	0.466494845360825
32	0.471665956540264
32	0.470567890987065
33	0.473698574060176
33	0.462621292879595
33	0.457530619000331
33	0.465151023059435
33	0.465093151229861
33	0.475196376760314
33	0.467454380199958
33	0.466849168725379
33	0.470366821790309
33	0.467091148176344
33	0.466696815039731
33	0.481260410882843
33	0.481034482758621
33	0.467782540654555
33	0.465620072667444
33	0.468460550334663
33	0.46604536421572
33	0.46391959798995
33	0.460803596515875
33	0.460324675324675
33	0.475372604684173
33	0.455258395334808
33	0.467947435127743
33	0.453850210970464
33	0.480189327429575
33	0.478808939765604
33	0.473111005885138
33	0.468665604875009
33	0.464342313787639
33	0.471368377426262
33	0.460976119195154
33	0.482701688555347
33	0.46656203084482
33	0.470399265718219
33	0.46241562356642
33	0.458628052849326
33	0.475051405071967
33	0.456243514354895
33	0.468884120171674
33	0.459635511966625
33	0.471400939486046
33	0.467892444874542
33	0.4721940671667
33	0.473424474824942
33	0.460505424715533
33	0.466547592468557
33	0.451290646999665
33	0.474591779279279
33	0.451074469522909
33	0.475207202057731
33	0.461927932667017
33	0.468792401628222
33	0.471434415053177
33	0.470439010640547
33	0.475571369919256
33	0.477849432216459
33	0.463867990137194
33	0.460714527828622
33	0.469389184645559
33	0.459606615395086
33	0.457853893497458
33	0.471972136426365
33	0.477814547173634
33	0.46853329844302
33	0.45821459341242
33	0.464562239428231
33	0.46406323263447
33	0.473040927503841
33	0.457444039562728
33	0.460193503800968
33	0.466418696048846
33	0.460930024877209
33	0.470735611385622
33	0.46883963494133
33	0.463636964132373
33	0.458400672312367
33	0.480448554576567
33	0.468128357775519
33	0.46219717485179
33	0.467125645438898
33	0.468527640941434
33	0.46609412572999
33	0.46670653907496
33	0.470704933209893
33	0.467033713974986
33	0.464748297503004
33	0.462030101023985
33	0.458715596330275
33	0.456343841172703
33	0.45735600510787
33	0.475132275132275
33	0.462027433924389
33	0.462841606246514
33	0.462694472029129
33	0.471521012586219
33	0.484684196259149
33	0.469151247777705
33	0.463077846708025
33	0.462897761243606
33	0.466933039404795
34	0.459834354588917
34	0.465980399069308
34	0.464407894736842
34	0.458050931104823
34	0.475404445613574
34	0.465813111677169
34	0.461349779241713
34	0.479317513800272
34	0.467640633533588
34	0.468369995901079
34	0.471443542048729
34	0.462284987617964
34	0.457944526674818
34	0.464685760279026
34	0.473642593568793
34	0.454048964218456
34	0.468934911242604
34	0.485846451256559
34	0.459212620217256
34	0.45424013434089
34	0.463832215722642
34	0.469449660551784
34	0.465084525357607
34	0.467127576310984
34	0.463953565068267
34	0.470150302008709
34	0.460385852090032
34	0.459620668855975
34	0.463160151504324
34	0.464283296093168
34	0.477967036756086
34	0.466736547868623
34	0.468805704099822
34	0.462312511866338
34	0.464563205188839
34	0.459690580325086
34	0.466773140754114
34	0.46961840180827
34	0.449212969191444
34	0.45044498381877
34	0.467366044751345
34	0.468870303995752
34	0.468889346230363
34	0.460866029680829
34	0.476019184652278
34	0.470012787723785
34	0.449066332218506
34	0.47172236503856
34	0.464859437751004
34	0.473314891032994
34	0.464017256029806
34	0.464820699046754
34	0.463344638664232
34	0.461050545094153
34	0.464906505135633
34	0.464913439936567
34	0.454533171193082
34	0.457180409518539
34	0.470195195195195
34	0.449475973897568
34	0.455284032753327
34	0.467808860928925
34	0.460072317215174
34	0.463983745166153
34	0.471736896197328
34	0.464034137090219
34	0.469645807888498
34	0.466925557822682
34	0.474133403361345
34	0.466225603704929
34	0.472012599251919
34	0.462584136201663
34	0.452536879010386
34	0.466068461282818
34	0.460845224278009
34	0.461678463094034
34	0.470015972121388
34	0.475695461200586
34	0.47182994998529
34	0.457766711357977
34	0.464033018867925
34	0.47367650289229
34	0.476492587151062
34	0.467442335170443
34	0.470592459605027
34	0.468554740559631
34	0.472688932725665
34	0.453196121116169
34	0.471818710052295
34	0.46541739865964
34	0.465273509526736
34	0.476925275039291
34	0.460312144148972
34	0.461657996081346
34	0.465885778571901
34	0.473229109020476
34	0.475579887624262
34	0.45889816360601
34	0.468679138321995
34	0.462414725189857
35	0.467669940058666
35	0.459150748580279
35	0.457008244994111
35	0.467274503419082
35	0.465909858774242
35	0.468183067619571
35	0.453108108108108
35	0.462399676266271
35	0.45968882602546
35	0.464763150247021
35	0.467101648351648
35	0.463691325317574
35	0.471230091494409
35	0.482503174827148
35	0.470788274501802
35	0.46706306787814
35	0.465599477295002
35	0.460425027962366
35	0.461236962731681
35	0.464688589594585
35	0.475262566880243
35	0.460802675585284
35	0.462701053799223
35	0.454634914386932
35	0.475598404255319
35	0.456802040957043
35	0.459798829794228
35	0.460809705561614
35	0.460007958615201
35	0.480565371024735
35	0.47584085029019
35	0.464347942635036
35	0.459848337546179
35	0.470734126984127
35	0.460369239311494
35	0.461161079313164
35	0.468802135468802
35	0.472931975999461
35	0.466952901379131
35	0.465805931006657
35	0.464268650604054
35	0.45963153616906
35	0.469839324618736
35	0.462992941785922
35	0.461336740182894
35	0.45673833245936
35	0.462140468227425
35	0.461611567442808
35	0.452200867947923
35	0.476612847342527
35	0.464580350446581
35	0.471582491582492
35	0.475046079682405
35	0.468273520207737
35	0.46193132181977
35	0.479145745464283
35	0.451584057230455
35	0.469095477386935
35	0.470041862899006
35	0.469146076046601
35	0.475690607734807
35	0.455513155252059
35	0.480657056654375
35	0.481620246005938
35	0.469117164424024
35	0.463247742663657
35	0.472933070866142
35	0.462803862803863
35	0.475857687420584
35	0.454201080543998
35	0.463948787061995
35	0.460281312793034
35	0.473745624270712
35	0.474785661243502
35	0.45918434794104
35	0.45512987012987
35	0.461992523119302
35	0.45306095894867
35	0.46545041432772
35	0.454672867426897
35	0.466684578183772
35	0.465492867240715
35	0.462681594029055
35	0.460862775717353
35	0.477696216826652
35	0.468854655056932
35	0.46457783641161
35	0.461104013985074
35	0.454377704250445
35	0.470276008492569
35	0.460110821817211
35	0.469433962264151
35	0.464092095575932
35	0.469177862055666
35	0.460122296008942
35	0.469134152859433
35	0.462587296308613
35	0.467968436538719
35	0.471294086449218
35	0.465363648451004
36	0.470083246618106
36	0.455187329050315
36	0.471008684034736
36	0.46200648105284
36	0.473023839397742
36	0.468302658486708
36	0.45711324177248
36	0.463778501628665
36	0.462282398452611
36	0.457610146862483
36	0.461548812487385
36	0.468555240793201
36	0.458408215661104
36	0.472332414442278
36	0.454287873063846
36	0.480016827934371
36	0.473773958120183
36	0.464692482915718
36	0.458946956861723
36	0.466865428919908
36	0.461978740801308
36	0.468246198028849
36	0.471569321913839
36	0.46597884288886
36	0.462431515783981
36	0.470486231532219
36	0.451281724269864
36	0.463387599584344
36	0.459520790228926
36	0.470225303292894
36	0.473759153783564
36	0.469476744186047
36	0.456692913385827
36	0.4696361517545
36	0.453638119768191
36	0.46254752851711
36	0.464231253729364
36	0.458102001291156
36	0.478417520310844
36	0.474088291746641
36	0.482437727399944
36	0.465203562340967
36	0.472732255412442
36	0.463907218556289
36	0.472884218427472
36	0.479871175523349
36	0.466050215982721
36	0.473907393475138
36	0.478409401475813
36	0.449568115350609
36	0.468481278353308
36	0.464299230478113
36	0.469008681607107
36	0.473091944131859
36	0.457408964491301
36	0.461958667895222
36	0.45813474172356
36	0.4632953741234
36	0.463940332469503
36	0.47223663725999
36	0.459919969020266
36	0.461348737586811
36	0.468066192560175
36	0.448307351118649
36	0.45660480349345
36	0.453225498312424
36	0.455198358413133
36	0.459742139192212
36	0.476789100358171
36	0.457787531719361
36	0.452635971623313
36	0.465541224076884
36	0.463538722442058
36	0.466394835202175
36	0.47628472467661
36	0.469312629676728
36	0.468124958191183
36	0.472431332655137
36	0.465459841864336
36	0.47852471175241
36	0.482619956379498
36	0.466680322272293
36	0.462695587939024
36	0.464665703402075
36	0.47128443927047
36	0.47147204260175
36	0.470795711060948
36	0.474852173913043
36	0.46880280367983
36	0.462749473162266
36	0.463817262780728
36	0.473154827968923
36	0.474827806575304
36	0.474687803783743
36	0.461528718890507
36	0.464439514550437
36	0.462439555949057
36	0.465021401819155
36	0.467169861732683
36	0.459347292963592
37	0.466142763588736
37	0.460631777463461
37	0.462831025675494
37	0.453416952220857
37	0.454368279569892
37	0.45707135523614
37	0.463253454375542
37	0.456157700421941
37	0.4664197022707
37	0.464485607675906
37	0.459939007485445
37	0.471466425386157
37	0.455175455175455
37	0.462785650453211
37	0.464376932383385
37	0.456964710419747
37	0.465185368570898
37	0.461222627737226
37	0.45971973578616
37	0.464565278166061
37	0.472237840877144
37	0.457414026870455
37	0.46963072576848
37	0.47903936336507
37	0.468652241918665
37	0.466751746372918
37	0.456554256187109
37	0.466081404628891
37	0.472158177880249
37	0.470844327176781
37	0.463359936679639
37	0.456963428149243
37	0.459476871537173
37	0.465759849906191
37	0.455343702960361
37	0.460261219952758
37	0.456715651671694
37	0.459708265802269
37	0.472011057360055
37	0.468882648729837
37	0.468605912666124
37	0.466371508561755
37	0.455
37	0.463684342799698
37	0.467110905852082
37	0.453597981943707
37	0.461027877868386
37	0.475557882337543
37	0.457280307889673
37	0.462728096285751
37	0.475848108334497
37	0.468806661741992
37	0.454422817498555
37	0.449184441656211
37	0.471817395355028
37	0.473102722609496
37	0.463130573672301
37	0.458071278825996
37	0.471077790769654
37	0.464295580110497
37	0.458728808012044
37	0.454492641363284
37	0.463958501751549
37	0.472119936875329
37	0.46642206643517
37	0.461199236490489
37	0.461448194933389
37	0.463421035365134
37	0.464435704286381
37	0.468574381499903
37	0.46303161016378
37	0.469340827797649
37	0.477147595356551
37	0.45774914740432
37	0.466856499569565
37	0.473577235772358
37	0.467210397188515
37	0.459837248982806
37	0.463528658341338
37	0.468723165334566
37	0.461622454878284
37	0.467839026039905
37	0.464519937040923
37	0.473507315144326
37	0.462214641826292
37	0.455436333188613
37	0.460113226968605
37	0.456069664673772
37	0.456747181964573
37	0.477011494252874
37	0.475336909590475
37	0.468837409452772
37	0.462891147365606
37	0.468004937309166
37	0.469870327993898
37	0.463149416028997
37	0.468600013519908
37	0.470522289633342
37	0.467056798623064
37	0.479256879452438
38	0.47046287046287
38	0.461018001241465
38	0.464022140221402
38	0.466493966868907
38	0.470315518351578
38	0.466322343285694
38	0.470576487817867
38	0.456542624735797
38	0.470972855161482
38	0.467895209965327
38	0.471160755111372
38	0.460748635300234
38	0.458297900176621
38	0.452098333009016
38	0.467256403485609
38	0.469948849104859
38	0.463510848126233
38	0.458612829697167
38	0.464764890282132
38	0.463676036452317
38	0.463528831936915
38	0.45613914003727
38	0.462570986060919
38	0.455991055345052
38	0.463660005474952
38	0.460841097960212
38	0.466290065086577
38	0.463865858185868
38	0.468839756863269
38	0.467096516883807
38	0.460217336997252
38	0.45880894918792
38	0.465888338116358
38	0.469464391593649
38	0.466679193285732
38	0.458713256392272
38	0.461138189961797
38	0.458987783595113
38	0.465787980071893
38	0.467628246965148
38	0.472890146157473
38	0.469591993841416
38	0.464840907587484
38	0.458781841278331
38	0.473324938697064
38	0.47409765016591
38	0.458462158892324
38	0.461440193639481
38	0.461333333333333
38	0.448408057179987
38	0.463310088925852
38	0.46162439216717
38	0.447292925593603
38	0.46536482385539
38	0.464956830878619
38	0.465728314238953
38	0.467495987158908
38	0.463421035365134
38	0.475808572179858
38	0.465131281852784
38	0.465272833193087
38	0.450884926639911
38	0.459137166760317
38	0.46262978009931
38	0.462868242149563
38	0.47361196897948
38	0.46308560215845
38	0.462264150943396
38	0.4644775390625
38	0.468791856415751
38	0.464903357070193
38	0.460914985590778
38	0.465900886117493
38	0.468791150908612
38	0.461897867859963
38	0.466679228691665
38	0.454556930068165
38	0.469918807400506
38	0.468660774983005
38	0.453298887122417
38	0.458015267175573
38	0.455463849455266
38	0.460863020572002
38	0.456562159389626
38	0.459618017078417
38	0.475712329660299
38	0.468998197957685
38	0.463962264150943
38	0.462415726797303
38	0.468946775369523
38	0.466396487673083
38	0.463866623917922
38	0.462988060664731
38	0.459650199447683
38	0.452260679763018
38	0.46234067207416
38	0.468639369447599
38	0.45601750547046
38	0.462102841509669
38	0.459298396510413
39	0.453939855348306
39	0.464240345528455
39	0.460700541386733
39	0.470027708319254
39	0.454744479889911
39	0.467995802728227
39	0.461805109770189
39	0.461419852232573
39	0.467509025270758
39	0.472914930444259
39	0.460936529623649
39	0.465199324763018
39	0.468616352201258
39	0.46030934424134
39	0.471162627327011
39	0.462293843635906
39	0.470480188926791
39	0.473203949608444
39	0.465349849347171
39	0.468300983110663
39	0.458920262604372
39	0.470519328387349
39	0.468308938839519
39	0.464348735376773
39	0.454609655880842
39	0.47658589708685
39	0.46302066772655
39	0.470786371291618
39	0.46253127880943
39	0.464122718052738
39	0.471856050619562
39	0.455323076923077
39	0.465436917652984
39	0.48105931335745
39	0.46334347259296
39	0.468000257284364
39	0.47498332221481
39	0.465111951869999
39	0.463112213267204
39	0.46145549140283
39	0.469645293315143
39	0.46139798488665
39	0.464507542147294
39	0.460136383914346
39	0.460851318944844
39	0.460148712591409
39	0.465702105671102
39	0.467271022194436
39	0.469935599056303
39	0.465551181102362
39	0.466893584227089
39	0.469391905633516
39	0.46312484609702
39	0.457038866502015
39	0.46956336225288
39	0.465269007325082
39	0.45525536872599
39	0.46894644204174
39	0.468467260907446
39	0.462161120390595
39	0.466696902941558
39	0.464613410330446
39	0.455857274039092
39	0.46321365509123
39	0.458589559073662
39	0.46762360446571
39	0.457244964262508
39	0.459292426057892
39	0.457683152605131
39	0.467680362342284
39	0.460050985512653
39	0.456335616438356
39	0.462906668391437
39	0.458634888944347
39	0.468916999255902
39	0.453828542355635
39	0.459991199949714
39	0.456047420860134
39	0.453431704345472
39	0.467269076305221
39	0.475950999355255
39	0.460465423773635
39	0.453496481328853
39	0.461883959884329
39	0.458514200669726
39	0.460600315955766
39	0.461113963039014
39	0.457227328234462
39	0.469999358275043
39	0.459025715549378
39	0.464136092420972
39	0.451130297238516
39	0.463468171840702
39	0.468272620446534
39	0.469052744886975
39	0.479039979298745
39	0.45841654319397
39	0.460813621003379
39	0.472118720287807
39	0.469655403144864
40	0.467721972509934
40	0.458033426863487
40	0.453736208625878
40	0.462243797195253
40	0.460085085085085
40	0.466505140462314
40	0.460208700025145
40	0.467074574422972
40	0.464265755976405
40	0.458090379008746
40	0.459840021154228
40	0.460627736326078
40	0.46725249715514
40	0.468776127082127
40	0.462236232629954
40	0.461418347430059
40	0.466989039329465
40	0.461096860877
40	0.459255229113771
40	0.473477533153084
40	0.469745725282352
40	0.463163870316639
40	0.46043507817811
40	0.466401163158227
40	0.45353227771011
40	0.46361153262519
40	0.4575710158883
40	0.467580803134182
40	0.460952380952381
40	0.460925925925926
40	0.463607483233322
40	0.467913726534416
40	0.463743247537337
40	0.457207919539503
40	0.457822036620623
40	0.445502645502646
40	0.463223979811658
40	0.471545250955078
40	0.470029711923524
40	0.460705507207866
40	0.454377704250445
40	0.468015878180517
40	0.451610808002078
40	0.458198867442002
40	0.466158059467919
40	0.453780969014813
40	0.459467879618668
40	0.452785532224785
40	0.45659224148684
40	0.462674961119751
40	0.465198908698687
40	0.466304779557792
40	0.454932301740812
40	0.47847726661286
40	0.458378516297761
40	0.46598030438675
40	0.460659257388229
40	0.458436968189554
40	0.458586602812059
40	0.458939403822321
40	0.456437794135393
40	0.455248969235649
40	0.461484459761312
40	0.468537471112578
40	0.462945201099815
40	0.459419210722264
40	0.465008675534991
40	0.454174228675136
40	0.457658369550902
40	0.47394019060138
40	0.463890776549083
40	0.473670657911678
40	0.45894493942696
40	0.477709964176728
40	0.465841984210853
40	0.46592578399438
40	0.456020910582943
40	0.454481837267002
40	0.457634515867573
40	0.455205811138015
40	0.461243529938015
40	0.465392727040327
40	0.461725470639571
40	0.461747007868809
40	0.470126772938371
40	0.460454002389486
40	0.456419202687859
40	0.459273301737757
40	0.464133079097903
40	0.460070930659166
40	0.460905091137649
40	0.466455656922981
40	0.472193005521956
40	0.467999231212762
40	0.463087670715589
40	0.461401613825529
40	0.464629120879121
40	0.446305788223528
40	0.460011713411857
40	0.461663312341752
41	0.457467270583856
41	0.466000605510142
41	0.46250867124929
41	0.463743051266214
41	0.458104052026013
41	0.45406663400294
41	0.457196145477153
41	0.455601814453489
41	0.470231272334974
41	0.451646725052424
41	0.456967725794346
41	0.461354065435698
41	0.457254457254457
41	0.454160518380702
41	0.465887698799091
41	0.461751558269848
41	0.444397463002114
41	0.451587815942968
41	0.45974411992763
41	0.458877162305627
41	0.46282457251425
41	0.459332509270705
41	0.464496861095874
41	0.470376558282997
41	0.45552526469283
41	0.47286620904028
41	0.46751317033635
41	0.458708246024898
41	0.46524064171123
41	0.452486733308651
41	0.468539325842697
41	0.464403344312136
41	0.458764522887436
41	0.456905970820747
41	0.462306937974994
41	0.469406041986687
41	0.468124919344432
41	0.470608222901801
41	0.458810758653962
41	0.462449849548646
41	0.455631292602089
41	0.469559585492228
41	0.463907350134895
41	0.459535936615733
41	0.458868814801018
41	0.461011791555725
41	0.45863196278134
41	0.455446771594993
41	0.471383147853736
41	0.461
41	0.462224554039874
41	0.456627592425609
41	0.461620670145219
41	0.45938583457157
41	0.454781507283091
41	0.457516741414266
41	0.467461278602843
41	0.460162094763092
41	0.456769776876268
41	0.448544161449152
41	0.459741100323625
41	0.46286937392235
41	0.46381536887866
41	0.472965353048055
41	0.468868162339299
41	0.458791765102936
41	0.452520663764275
41	0.47405525563671
41	0.462575987841945
41	0.467192636423406
41	0.473305887734431
41	0.463423668127662
41	0.456104085603113
41	0.458403665300217
41	0.462728096285751
41	0.453842824460521
41	0.462649402390438
41	0.454421600198167
41	0.459012405740696
41	0.458806443094798
41	0.466377992868059
41	0.462715105162524
41	0.45915959956641
41	0.455164656626882
41	0.468004128499548
41	0.467653685226907
41	0.463536343413696
41	0.466215789141015
41	0.453057174748853
41	0.460912151821243
41	0.463229027152076
41	0.459587135184107
41	0.460267801276436
41	0.459823144944252
41	0.458308083868622
41	0.468884320687722
41	0.457096124811273
41	0.459619213539074
41	0.464012944983819
41	0.464637752587482
42	0.457475751123728
42	0.466552641581148
42	0.459087433086923
42	0.471629004221505
42	0.464201558818198
42	0.459040543137129
42	0.467670670234613
42	0.470086574492829
42	0.457409713574097
42	0.460384887687456
42	0.461916764000738
42	0.470365461086915
42	0.456396441548678
42	0.460388920152567
42	0.446875557405315
42	0.462085161609295
42	0.460618713228317
42	0.473048209540681
42	0.446910579506204
42	0.458395989974937
42	0.459518191978145
42	0.469534787978592
42	0.464639228965877
42	0.463486307365262
42	0.469427120169742
42	0.470882789317507
42	0.461620402280845
42	0.456115294728642
42	0.458390949088623
42	0.456644433042586
42	0.460092188258127
42	0.460775862068966
42	0.45552996825792
42	0.465883986618696
42	0.46593105168007
42	0.461101646791596
42	0.454659050339165
42	0.466748134808335
42	0.460387002555677
42	0.462306127637935
42	0.460661764705882
42	0.457595293234024
42	0.454219143576826
42	0.459966692287984
42	0.458077837567263
42	0.461160878635415
42	0.452968769287742
42	0.467558615314672
42	0.458439247585155
42	0.457171789373362
42	0.47448051948052
42	0.462932138284251
42	0.460889424601916
42	0.463110176729518
42	0.461220071319409
42	0.456211066324661
42	0.468311410409717
42	0.463212435233161
42	0.468758256274769
42	0.462609827530101
42	0.469955807664402
42	0.468184203621097
42	0.469252041085067
42	0.451045771445893
42	0.470089858793325
42	0.454862408168348
42	0.464933760281283
42	0.461170848267622
42	0.457766003326967
42	0.462599403578529
42	0.461304044187671
42	0.47470664928292
42	0.478592501978844
42	0.460969387755102
42	0.474162771338926
42	0.465125216166015
42	0.461848616286884
42	0.45504103516444
42	0.469776956579121
42	0.462133524020022
42	0.467246966135078
42	0.469816607233826
42	0.459703300030275
42	0.467365661861075
42	0.469334493257938
42	0.456968529222864
42	0.4574324757811
42	0.465046190133001
42	0.466741159458394
42	0.465526014501972
42	0.45218945487042
42	0.455163773044568
42	0.463150065083989
42	0.452804642166344
42	0.467542836086716
42	0.456474394872752
42	0.464395507873769
42	0.458397203997793
42	0.464735923459823
42	0.463346322454944
43	0.459961839108759
43	0.463749542292201
43	0.46029298380879
43	0.468873286526245
43	0.457967458677686
43	0.466879685387735
43	0.459471041998286
43	0.459850278328748
43	0.457130626223092
43	0.465786752630619
43	0.46351072857316
43	0.458877737802184
43	0.462654974296946
43	0.460247949176587
43	0.459519856978674
43	0.477243088158581
43	0.45950070194714
43	0.456731079945712
43	0.45574185384372
43	0.460571635748384
43	0.454403497813866
43	0.472617641573942
43	0.459844883662747
43	0.458195211786372
43	0.456318751598874
43	0.466405410530308
43	0.463727576771055
43	0.462685607764993
43	0.468447069397188
43	0.463416152936048
43	0.465508559919436
43	0.456610515569168
43	0.452525252525253
43	0.469570707070707
43	0.456599647694831
43	0.457959130547963
43	0.461378762899188
43	0.469395489861664
43	0.451733777434128
43	0.461761262094041
43	0.451135005973716
43	0.455031483901628
43	0.467298638503626
43	0.465357539829567
43	0.452979977817991
43	0.453331700146987
43	0.46660026147046
43	0.456673185040332
43	0.460202604920405
43	0.459338582677165
43	0.461161567877629
43	0.462755995891983
43	0.462709284627093
43	0.460834868017188
43	0.460027017069876
43	0.466220695473995
43	0.458928456020164
43	0.45859997388011
43	0.456051427865002
43	0.460106712991686
43	0.457538138471991
43	0.460361613351878
43	0.464322250639386
43	0.454889589905363
43	0.466017067118562
43	0.478918634480037
43	0.464879061812851
43	0.459685663174035
43	0.458496830667069
43	0.45211737831664
43	0.463964511424404
43	0.459855323728104
43	0.463623215745457
43	0.45402623485847
43	0.464906271408109
43	0.473288381742739
43	0.464907786885246
43	0.459326832337213
43	0.45893154230082
43	0.460798816568047
43	0.464572538860104
43	0.468158965764903
43	0.464208928797268
43	0.461269763451403
43	0.463349676169723
43	0.460142698978964
43	0.463787028578886
43	0.473088008579664
43	0.465496294496416
43	0.456151185770751
43	0.457480837708975
43	0.470680596654387
43	0.456347717323327
43	0.456569625528368
43	0.466459080755432
43	0.46577214560815
43	0.45450690574267
43	0.458733693923004
43	0.461972915730698
43	0.454135516791266
44	0.466548108174404
44	0.466368286445013
44	0.458404697822364
44	0.450358555885262
44	0.461476426799007
44	0.466708346358237
44	0.463295468425553
44	0.459790104947526
44	0.463196141076239
44	0.467452402538531
44	0.457778050727753
44	0.463680867954485
44	0.458123757164581
44	0.461144158967219
44	0.460300629950727
44	0.462945851044169
44	0.47324658838464
44	0.458817678871138
44	0.452504859238824
44	0.460879672111091
44	0.45592667773882
44	0.471568880847764
44	0.464227743788238
44	0.453012630688342
44	0.464175022789426
44	0.462530897690963
44	0.458310291858679
44	0.462800740283775
44	0.459054426887384
44	0.453269056944863
44	0.458965830057454
44	0.454654844838505
44	0.454576816927323
44	0.462490851427177
44	0.463263918927269
44	0.453845157949249
44	0.451399616881913
44	0.46327111673521
44	0.465214251324025
44	0.459166920036485
44	0.465944942777606
44	0.466696497059576
44	0.471572744938256
44	0.476770853810366
44	0.459134460806379
44	0.461097211204003
44	0.459522494322715
44	0.446743876969812
44	0.464005566801619
44	0.467508449716217
44	0.453412354127207
44	0.452725179119754
44	0.46724747805581
44	0.453200761063033
44	0.459408124502175
44	0.458732474782719
44	0.458847072493706
44	0.458820586579951
44	0.464569334147831
44	0.464650740852737
44	0.461106955871354
44	0.453471725125268
44	0.464791321934179
44	0.463668253570534
44	0.461147376349485
44	0.466065779263416
44	0.46424370008049
44	0.4717955421923
44	0.468553870292887
44	0.46496062992126
44	0.45446900528592
44	0.463851686507937
44	0.462454939817926
44	0.460559955103822
44	0.458844133099825
44	0.460621697997297
44	0.45664077422641
44	0.461623958011732
44	0.452560014439564
44	0.457892559541398
44	0.466214920411686
44	0.45939455223409
44	0.466623586429725
44	0.466568699485672
44	0.466405543838506
44	0.463091404508298
44	0.457596751075012
44	0.464489498603861
44	0.45956014902055
44	0.467516319552378
44	0.456273529593285
44	0.460348042262275
44	0.46479971216119
44	0.463078696681027
44	0.462200036085884
44	0.466553767993226
44	0.460688718834856
44	0.459090362170617
44	0.469018758041579
44	0.467042847398772
45	0.469820655534941
45	0.469300552195635
45	0.460266666666667
45	0.4567346684135
45	0.460095579450418
45	0.470606078990475
45	0.471253353775393
45	0.465171267893661
45	0.463760988504334
45	0.456294536817102
45	0.466757459452767
45	0.456214172460056
45	0.456983441324694
45	0.460249042145594
45	0.458857872650976
45	0.454358974358974
45	0.456389939372111
45	0.457191181616704
45	0.457651114120399
45	0.465883121123082
45	0.463886634621387
45	0.4573055028463
45	0.443096839062402
45	0.462876730047859
45	0.453536754507628
45	0.457831325301205
45	0.463423807434338
45	0.458862876254181
45	0.452944413869015
45	0.462117827280271
45	0.4675
45	0.464706972148459
45	0.459407138535995
45	0.46202222493589
45	0.451984474771504
45	0.464296584890729
45	0.458698718341816
45	0.453801382320844
45	0.459053627760252
45	0.458792228684569
45	0.463767220609131
45	0.47135281945163
45	0.449626325241875
45	0.451743030886869
45	0.453309692671395
45	0.46719223771983
45	0.464692913385827
45	0.457936079630629
45	0.469971570717839
45	0.453739375038219
45	0.462001323786028
45	0.473807296538821
45	0.466175276407021
45	0.45130460275579
45	0.457670421553826
45	0.453873174339065
45	0.462557278262507
45	0.459192233940556
45	0.45752779120348
45	0.469178936860494
45	0.456308962264151
45	0.455806654111739
45	0.457968678028558
45	0.460835739965816
45	0.460440285525763
45	0.468405345789542
45	0.464878989609905
45	0.456661868702672
45	0.463600365519342
45	0.459802888489432
45	0.447105669796743
45	0.462242849974912
45	0.462882096069869
45	0.462769615504845
45	0.453505464306257
45	0.465107312684745
45	0.4563809044594
45	0.45539767702376
45	0.464935222918314
45	0.467645916914715
45	0.470988633359767
45	0.458670484252459
45	0.455282130727522
45	0.458132938710075
45	0.466943142204592
45	0.455906432748538
45	0.462950935820984
45	0.465807857463308
45	0.455905229149216
45	0.449970466627289
45	0.456031177321013
45	0.454187609762006
45	0.457855574530373
45	0.459497635570841
45	0.458708708708709
45	0.461353253488085
45	0.471788250484183
45	0.456491836612643
45	0.464740027170557
45	0.458991119881598
46	0.461075268817204
46	0.462242835057676
46	0.459368217988908
46	0.462323294406884
46	0.457741559953434
46	0.458074820320658
46	0.472524021855178
46	0.464698492462312
46	0.458318054027625
46	0.457283380897444
46	0.469812797207007
46	0.463685785840816
46	0.463489718015023
46	0.46525
46	0.468588770864947
46	0.470200772689847
46	0.463033837555434
46	0.463186878965641
46	0.461359153666846
46	0.460341779611078
46	0.45677335537971
46	0.468088997256934
46	0.463814210273644
46	0.457526261460927
46	0.455578766281642
46	0.458138173302108
46	0.466361136571952
46	0.4542417784945
46	0.455741265914439
46	0.465978019338178
46	0.461775818639798
46	0.453184165232358
46	0.456291270370146
46	0.454891371056831
46	0.456781236878412
46	0.462329181279478
46	0.45729537366548
46	0.458915462941037
46	0.464008928017856
46	0.458459488918493
46	0.461115707363196
46	0.461829268292683
46	0.452936541608582
46	0.451045878010195
46	0.458369578724991
46	0.475246258155303
46	0.457388912146403
46	0.459419486041782
46	0.463238445056627
46	0.46446943414284
46	0.461371580089189
46	0.45961829748561
46	0.467052225727305
46	0.466992517499397
46	0.460741516791805
46	0.45756569012383
46	0.460942659861903
46	0.466786801715031
46	0.467575738878262
46	0.457827688220733
46	0.457873869408995
46	0.459625383699806
46	0.46430026185627
46	0.458158625169787
46	0.46106648111835
46	0.462023321777498
46	0.458477082306555
46	0.455210125337921
46	0.458147899774431
46	0.465912564964843
46	0.460208741030659
46	0.471751235687918
46	0.457843546751
46	0.455040549339963
46	0.467636634956165
46	0.461900109903529
46	0.470903662177808
46	0.463346134005846
46	0.458484614011071
46	0.455130585468499
46	0.461121832783415
46	0.464330024813896
46	0.468051321138211
46	0.463522476050111
46	0.459750194226977
46	0.458116984673131
46	0.451792181840889
46	0.468550484748167
46	0.46014427949681
46	0.447969771486835
46	0.467183694398154
46	0.46000118252232
46	0.460776520941608
46	0.46531720562824
46	0.459278959810875
46	0.457813689326073
46	0.453395393245017
46	0.454360429258665
46	0.464944877988356
46	0.455651956806691
47	0.462551637430402
47	0.465260779514216
47	0.4617562033245
47	0.467050662702837
47	0.465000614024315
47	0.460183858643744
47	0.474049300136257
47	0.452598850170128
47	0.462825168164772
47	0.459493443506377
47	0.47157736227883
47	0.467929585186088
47	0.457358804975302
47	0.457467493012517
47	0.458178327133085
47	0.458938910551814
47	0.462166479323197
47	0.459610358755049
47	0.462633026425924
47	0.457073257679282
47	0.458298078085338
47	0.466312780726827
47	0.464722888601833
47	0.458920258750982
47	0.460298718932641
47	0.467553356016084
47	0.46265858383851
47	0.471691108223501
47	0.466686390532544
47	0.46278706264278
47	0.461112115187662
47	0.462531351318285
47	0.468833994624344
47	0.455488331892826
47	0.471432350218225
47	0.460940695296524
47	0.457048659869345
47	0.473459803497497
47	0.465884262438354
47	0.458163753890352
47	0.458015267175573
47	0.463732874681217
47	0.461395117709174
47	0.467668889168449
47	0.461847389558233
47	0.453442761450727
47	0.456686552324136
47	0.460810810810811
47	0.458678196417542
47	0.46483536697529
47	0.454025066281032
47	0.458909047218551
47	0.467138461538462
47	0.456428528292771
47	0.467242223855009
47	0.468449463299622
47	0.459244289301243
47	0.467003549299164
47	0.461694415432819
47	0.459505334626576
47	0.468298382633294
47	0.469030277493529
47	0.44896099161502
47	0.466299694189602
47	0.460323453527154
47	0.461234508770879
47	0.462473018809744
47	0.453587497040019
47	0.463756368689208
47	0.459320718677252
47	0.461065449010654
47	0.46067279767667
47	0.459626168224299
47	0.459758491463922
47	0.456931077769143
47	0.46381638708896
47	0.468388728323699
47	0.464115998537834
47	0.45957969911608
47	0.461085867412327
47	0.448338939045259
47	0.461678832116788
47	0.454130643611912
47	0.470299158424965
47	0.467972280807472
47	0.458671088184721
47	0.462302710180469
47	0.463210183172928
47	0.46038120354831
47	0.461835687591056
47	0.469157088122605
47	0.456040943154816
47	0.464892377506592
47	0.458816957358327
47	0.457288258814976
47	0.463020584011489
47	0.466886442573733
47	0.452976755218216
47	0.468928592913433
47	0.464937619076885
48	0.45987564646406
48	0.461307113938693
48	0.455104481011217
48	0.457451782583285
48	0.44712011577424
48	0.458353052531945
48	0.457124622882339
48	0.459824645688206
48	0.457956872665944
48	0.457873533018042
48	0.464127440412025
48	0.469997550820475
48	0.466117162201943
48	0.453262681590855
48	0.453709862732055
48	0.455053507728894
48	0.466843341564777
48	0.46084067969848
48	0.45964738018376
48	0.450918302723243
48	0.451241495609699
48	0.460741913869769
48	0.463128257353382
48	0.46658696951584
48	0.466789887908419
48	0.455191866956573
48	0.466949952785647
48	0.46261961722488
48	0.460444920295027
48	0.466898536819381
48	0.468833143291524
48	0.460582452235207
48	0.458042813455658
48	0.460967628841884
48	0.463857566765579
48	0.461119981077405
48	0.464155828145226
48	0.44864093261167
48	0.45529043142926
48	0.458761967057145
48	0.465727295102141
48	0.458402860548272
48	0.458328315066843
48	0.460739703651849
48	0.464305719798344
48	0.462411184964474
48	0.45597448456544
48	0.467165419783874
48	0.459481111727368
48	0.457863569069582
48	0.462517173406607
48	0.460139205708604
48	0.464033592989289
48	0.457741518957624
48	0.469436127744511
48	0.465527614005535
48	0.46197820520455
48	0.458091478987694
48	0.457014410641705
48	0.469060806384373
48	0.460823452302926
48	0.465535339398181
48	0.459656242539986
48	0.455541084537059
48	0.453711867395521
48	0.462297434670813
48	0.463320463320463
48	0.461584778420039
48	0.457097550948494
48	0.461950635581143
48	0.456990890750138
48	0.463512804059966
48	0.467676706706103
48	0.450802472636534
48	0.452044165920621
48	0.459904124992602
48	0.471567353505352
48	0.456471271038886
48	0.463997105294898
48	0.463362853330098
48	0.461653060008343
48	0.454711024769305
48	0.454220527789361
48	0.458415382833314
48	0.4669442028085
48	0.455409224848157
48	0.463026371117919
48	0.461579351485441
48	0.46236356793376
48	0.456494550652135
48	0.461409915207031
48	0.46001054666901
48	0.453578064298181
48	0.457899772754455
48	0.459574468085106
48	0.46335725208799
48	0.460062210223605
48	0.454077664093819
48	0.461274184798987
48	0.458760139735923
49	0.455287546799239
49	0.463477146518582
49	0.466889392673905
49	0.459700448744099
49	0.471341658661543
49	0.450235017626322
49	0.464054285364959
49	0.467296808448568
49	0.460609473750078
49	0.459515932439492
49	0.452889808112145
49	0.464342410550739
49	0.472301960544799
49	0.460770921185484
49	0.462284482758621
49	0.462835654268758
49	0.459152137150854
49	0.45834812448231
49	0.453982300884956
49	0.456561695870604
49	0.458931648477886
49	0.459781414445151
49	0.45135679582889
49	0.462520517964618
49	0.464018353054818
49	0.448629737609329
49	0.458075904677846
49	0.459044879860986
49	0.448225199811942
49	0.462711361613764
49	0.462468544773829
49	0.465259780328273
49	0.455588762701733
49	0.460197425388212
49	0.454421607534206
49	0.463897307898021
49	0.459505028000241
49	0.460082825261705
49	0.467703275766702
49	0.458270017533606
49	0.450429035250464
49	0.460665432172511
49	0.458034682080925
49	0.453662047867554
49	0.459658296345838
49	0.456612665684831
49	0.452693307538843
49	0.458318677453394
49	0.45519093078759
49	0.46314936943191
49	0.457399377023148
49	0.459249298409729
49	0.469553107988353
49	0.464476972509818
49	0.453899876753331
49	0.467585784313725
49	0.460908057665849
49	0.46389997652031
49	0.459232196706101
49	0.471606854959097
49	0.462136366234212
49	0.453764180130629
49	0.455561285886196
49	0.465092647937836
49	0.459665144596651
49	0.464476972509818
49	0.459584427446055
49	0.459266111625039
49	0.453810414529657
49	0.46290009699321
49	0.458549521503517
49	0.459838306287443
49	0.456229353468617
49	0.453530259365994
49	0.460528629197679
49	0.46406015037594
49	0.464358452138493
49	0.467846713153346
49	0.447187106824037
49	0.460284545821093
49	0.463441611363372
49	0.452281424786576
49	0.462426697297624
49	0.462770073209928
49	0.473362021940724
49	0.461068425192087
49	0.456987922109933
49	0.464741071968095
49	0.452113840340104
49	0.459776830051995
49	0.452293367053684
49	0.47062404870624
49	0.465191648488626
49	0.453056830415321
49	0.467690067350282
49	0.457686842853083
49	0.458413475549338
49	0.460371908286694
49	0.455978584176086
49	0.465046542137815
50	0.463164751865451
50	0.4581326524691
50	0.470401318112275
50	0.454360447716526
50	0.452008799351627
50	0.457724896340364
50	0.453402012458074
50	0.448340531939077
50	0.457748968768415
50	0.45588485294951
50	0.454750030409926
50	0.46353040134583
50	0.460067426179958
50	0.453792940341749
50	0.453724038401205
50	0.462374320864298
50	0.457086636958157
50	0.459888848616649
50	0.453134547232066
50	0.457596060241654
50	0.452730306691985
50	0.448165680473373
50	0.457531273205004
50	0.46258885147774
50	0.455495578270357
50	0.458171488202215
50	0.458786936236392
50	0.458028978565441
50	0.458602724248321
50	0.458486975139764
50	0.466105656848995
50	0.463875105893743
50	0.456021569802277
50	0.459633080618091
50	0.455646979260595
50	0.466482626177759
50	0.458986766163353
50	0.462874460892878
50	0.456545587518284
50	0.456476921314855
50	0.458467521419457
50	0.450637035313282
50	0.45750970438937
50	0.457310628302995
50	0.456393563444294
50	0.461654923426309
50	0.45749296435272
50	0.461458513771003
50	0.463168225378132
50	0.456029011786038
50	0.462677725118483
50	0.453649851632047
50	0.45906573561281
50	0.464924670433145
50	0.47268319970166
50	0.462442766984284
50	0.451491019008313
50	0.452323172536253
50	0.458287754044562
50	0.451267967745705
50	0.46431307832852
50	0.452507134121484
50	0.452810548230396
50	0.456632507013225
50	0.46318503417676
50	0.461243844610615
50	0.462401795735129
50	0.469172013443324
50	0.456397766425092
50	0.458538299367533
50	0.45703125
50	0.465735486687036
50	0.454038196042338
50	0.451823656402682
50	0.464776277781053
50	0.458278449115171
50	0.453182849635734
50	0.459520331141953
50	0.459590158979629
50	0.459808237351505
50	0.467455973346026
50	0.463142924863712
50	0.465502398229
50	0.463786686191958
50	0.455308070581429
50	0.464077669902913
50	0.462146892655367
50	0.454439252336449
50	0.455914244996592
50	0.457782989754351
50	0.458421922986062
50	0.448211797491872
50	0.460133300419649
50	0.462791401755979
50	0.465755053507729
50	0.463777195580362
50	0.451765977895243
50	0.454445664105379
50	0.467839612417926
50	0.461709486166008
51	0.461042008918094
51	0.459327612554367
51	0.467137896825397
51	0.452242165406591
51	0.469513614149407
51	0.461131676361713
51	0.452664223287285
51	0.462280399586635
51	0.460837992046568
51	0.458806233460747
51	0.451542608097259
51	0.456524290072753
51	0.460498093422307
51	0.446804754619277
51	0.456612419951824
51	0.450820154036099
51	0.45213133640553
51	0.455773955773956
51	0.462811327192085
51	0.45882773835788
51	0.45780286882885
51	0.459108660693774
51	0.452638625460225
51	0.463331867026959
51	0.460568019389721
51	0.459516744383213
51	0.459189563611175
51	0.464422158548233
51	0.462581796549673
51	0.456570022210217
51	0.45620262302972
51	0.458448434622468
51	0.452913779393389
51	0.471048707753479
51	0.461221072774024
51	0.465597702524829
51	0.470696082625435
51	0.466508197720485
51	0.454070245506872
51	0.474385878286631
51	0.455730096394145
51	0.463765520534862
51	0.457739069441197
51	0.463576938931747
51	0.469676713660671
51	0.45676429567643
51	0.454121129326047
51	0.453919280469061
51	0.462456519131582
51	0.462420074797925
51	0.460333653384542
51	0.463994767199857
51	0.466666666666667
51	0.453636635737803
51	0.457808526994264
51	0.45706078902632
51	0.463285569891194
51	0.463167237225815
51	0.473687372341704
51	0.46235880608317
51	0.462944749783049
51	0.458162499278166
51	0.457961159453697
51	0.464583844831819
51	0.467833876221498
51	0.461756046874098
51	0.465863689776733
51	0.455843373493976
51	0.468841488916771
51	0.457134451309209
51	0.459958682707498
51	0.454787387908591
51	0.451088534107402
51	0.452068043465893
51	0.451033606652038
51	0.451087275071801
51	0.446774193548387
51	0.458640934720688
51	0.464601503759399
51	0.465959589974522
51	0.452026710402999
51	0.457475003011685
51	0.467833026396562
51	0.454897935910594
51	0.458187339406681
51	0.449027729835462
51	0.464354753675825
51	0.468277066356228
51	0.455652857303245
51	0.453533834586466
51	0.454201854367212
51	0.459054554136326
51	0.463484316409738
51	0.451123595505618
51	0.460164083865087
51	0.457832012316816
51	0.457298820214827
51	0.464795321637427
51	0.459374068554396
51	0.457816164273866
52	0.454107153618996
52	0.461580680570801
52	0.458286854928668
52	0.458611558830302
52	0.456230144722909
52	0.455425017277125
52	0.46530445919199
52	0.462201442091032
52	0.456054516861786
52	0.460197996873734
52	0.464122228167172
52	0.451411188102079
52	0.453517739025857
52	0.451022048690859
52	0.468950497380658
52	0.459678852876696
52	0.457065778900241
52	0.456854936036688
52	0.459397143178495
52	0.454701933559011
52	0.461662631154157
52	0.458850386326387
52	0.453855951829551
52	0.455572289156627
52	0.463464302827024
52	0.466748985711766
52	0.454807071122335
52	0.456988929015452
52	0.45200708045452
52	0.468537363762269
52	0.457550882716743
52	0.451955209005101
52	0.458699874328802
52	0.461451516954194
52	0.467256433823529
52	0.459631277813096
52	0.453365959141865
52	0.457330415754923
52	0.465582272512966
52	0.465585140774702
52	0.458932238193018
52	0.458168332390471
52	0.456949074606277
52	0.456062865664793
52	0.456708601354813
52	0.466915422885572
52	0.458458218439036
52	0.452971177796228
52	0.462353694753392
52	0.458929738076855
52	0.464910780457215
52	0.457723437230928
52	0.46167776609417
52	0.452725627686044
52	0.459713122011688
52	0.452211288315801
52	0.453690510116842
52	0.47144129245643
52	0.46580871599883
52	0.455842544552222
52	0.459289940828402
52	0.460563539662781
52	0.46357654799671
52	0.455057189053237
52	0.459932005828072
52	0.463243178839509
52	0.462141944900566
52	0.464196089874526
52	0.451399551198772
52	0.465466546654665
52	0.459576380695545
52	0.463170675300648
52	0.458474236258383
52	0.455006866901535
52	0.456548276463408
52	0.454524294442828
52	0.464592664326353
52	0.461470743588239
52	0.45531013962005
52	0.458581451565356
52	0.456016408386509
52	0.47197782330963
52	0.453536585365854
52	0.46440416962805
52	0.452133990817888
52	0.457122896897013
52	0.459732693625771
52	0.448838036518852
52	0.456319264324452
52	0.458116729678639
52	0.460903687460327
52	0.462647907223171
52	0.463359707851491
52	0.459517045454545
52	0.460897355558341
52	0.454182344428365
52	0.465925709271717
52	0.461326979472141
52	0.454990272947002
52	0.450674679668897
53	0.450966929854674
53	0.462207784674285
53	0.454456808535046
53	0.459738355700913
53	0.458053589790117
53	0.455677900122345
53	0.451224430999712
53	0.4571360296314
53	0.450479233226837
53	0.463649550333623
53	0.45343067358695
53	0.457511424770058
53	0.461751043687893
53	0.456552044609665
53	0.455791209416046
53	0.463615946097698
53	0.450437909634012
53	0.454391200046808
53	0.463905122035064
53	0.457247482453464
53	0.451088175903074
53	0.458244365361803
53	0.453928773318259
53	0.45710791126925
53	0.45667880469337
53	0.466229183433418
53	0.462170367283767
53	0.461813553157959
53	0.456857094422784
53	0.458119365514093
53	0.454090150250417
53	0.470553277470732
53	0.454768296953426
53	0.44898188141583
53	0.46734705917055
53	0.455282199710564
53	0.461425638017014
53	0.455024887414079
53	0.454493054354718
53	0.454313691407382
53	0.464281645209069
53	0.45782991202346
53	0.462050436587898
53	0.465597940556986
53	0.454178865381428
53	0.454017533083924
53	0.45890332877337
53	0.466595020598245
53	0.464444952555162
53	0.456705415367168
53	0.454044434238475
53	0.458316075971836
53	0.462928637627433
53	0.459341317365269
53	0.462464755639098
53	0.457997044446971
53	0.459997636492555
53	0.458127799512389
53	0.463507275170923
53	0.45264765784114
53	0.463441871400024
53	0.458571347774447
53	0.449341071212671
53	0.453674667883004
53	0.456432494940734
53	0.454602810438773
53	0.456387715492636
53	0.455465944545829
53	0.451468969113983
53	0.456376631815228
53	0.459882359659643
53	0.443760782058654
53	0.455653048678254
53	0.460751651177743
53	0.451440643154744
53	0.457929078014184
53	0.460066651344519
53	0.456678188927296
53	0.464860735691621
53	0.458748221906117
53	0.450912971306616
53	0.464840726406669
53	0.456825657894737
53	0.458740849194729
53	0.463947816888993
53	0.461256724276067
53	0.452056377079482
53	0.455256948840421
53	0.459568733153639
53	0.457358446420215
53	0.455962846243158
53	0.464363111004093
53	0.454232139727788
53	0.462197880700083
53	0.461041292639138
53	0.45288403490478
53	0.464245777176152
53	0.461191179024136
53	0.456639485744896
53	0.466575877790278
54	0.465075770771643
54	0.458168680140002
54	0.465899505964574
54	0.459827454662832
54	0.46523188490555
54	0.453851050286442
54	0.46858341839628
54	0.451251531594609
54	0.464530234163742
54	0.453662139894312
54	0.450917246535166
54	0.453493154709442
54	0.460470765137933
54	0.460408684546616
54	0.461516549877514
54	0.452951115772301
54	0.455989644622264
54	0.455401243535359
54	0.45987672439096
54	0.458144454517981
54	0.461778111117521
54	0.460499623253927
54	0.460181021232994
54	0.459300599655643
54	0.451431522175684
54	0.465026587974055
54	0.448860152722814
54	0.46625237355429
54	0.469172668189004
54	0.4651327017007
54	0.45788409703504
54	0.462745567800671
54	0.464938058196485
54	0.459530463946339
54	0.458578489056249
54	0.46094459582198
54	0.462462105450871
54	0.450696440415653
54	0.464747007939329
54	0.455155446208902
54	0.4552962092103
54	0.456453365357122
54	0.460007130972189
54	0.463472844752314
54	0.460168375236241
54	0.454499437570304
54	0.463375705409565
54	0.458108343494165
54	0.463107484923732
54	0.458896362878743
54	0.45851076073196
54	0.456375452924599
54	0.446763494967978
54	0.455474705474705
54	0.45852417302799
54	0.451797149945191
54	0.451636904761905
54	0.46497202627098
54	0.453571221688003
54	0.464212562585344
54	0.458414929155627
54	0.463756226193964
54	0.461596516690856
54	0.452198852772467
54	0.462841940894107
54	0.457128216807105
54	0.448132550149618
54	0.458033844586564
54	0.463884156729131
54	0.456418938642069
54	0.457609268035808
54	0.465637824403214
54	0.465984776403425
54	0.460844803037494
54	0.457962697274032
54	0.460332950631458
54	0.46161400265727
54	0.463009978154337
54	0.461943828971795
54	0.458967092707189
54	0.457886948801421
54	0.458356812802885
54	0.45595465324773
54	0.454272775392578
54	0.453479853479853
54	0.461939458562881
54	0.459898948835589
54	0.458349760630808
54	0.453172718018324
54	0.459328766334696
54	0.469716723954012
54	0.453636102328255
54	0.464053830716562
54	0.464139096836513
54	0.458288313903895
54	0.449823943661972
54	0.457278106508876
54	0.458779288400347
54	0.458770445572476
54	0.451636486334496
55	0.461723860897509
55	0.451888152205246
55	0.457783089333732
55	0.453504351809437
55	0.455992563759949
55	0.45280045032367
55	0.459473531964131
55	0.456129254829807
55	0.452095975059845
55	0.462477474859036
55	0.454362916642763
55	0.465624455163596
55	0.468087604955669
55	0.459307604994325
55	0.455903393807589
55	0.459195672624647
55	0.458192057927705
55	0.450593555681176
55	0.453364752301622
55	0.458038538970377
55	0.449983178198946
55	0.456320770198567
55	0.458854043857581
55	0.448480655019316
55	0.470602195194304
55	0.46463820592186
55	0.460008313045544
55	0.459598189645656
55	0.458335700085203
55	0.454214123006834
55	0.467933631442692
55	0.461031518624642
55	0.463122848597709
55	0.46363371245261
55	0.459986871158322
55	0.456872037914692
55	0.453452945159106
55	0.45658858388774
55	0.452771897705818
55	0.45428554410626
55	0.461623188405797
55	0.456648063977907
55	0.464936761474972
55	0.458937468510329
55	0.44834828016801
55	0.462057822147845
55	0.454588207630357
55	0.462338262476895
55	0.463783041537933
55	0.458906112898508
55	0.456248925563005
55	0.458565459610028
55	0.461177278973889
55	0.466465886713773
55	0.461085946232131
55	0.453296703296703
55	0.451364074641257
55	0.462616822429907
55	0.462238665727038
55	0.466413400103609
55	0.4575
55	0.462240810556079
55	0.465880610617453
55	0.465736415774848
55	0.453781983091652
55	0.456502814694446
55	0.458416279584163
55	0.463247964822628
55	0.454835221128123
55	0.454288515890869
55	0.464956537596499
55	0.462236176521891
55	0.45939056887962
55	0.457947133539307
55	0.453497131598772
55	0.462287390029326
55	0.451789066499801
55	0.457087200641687
55	0.463320463320463
55	0.457442540264802
55	0.455910390848427
55	0.461899519035754
55	0.460051697802843
55	0.45698645923365
55	0.459294891310966
55	0.454642356241234
55	0.465369741005508
55	0.464642287469723
55	0.466074074074074
55	0.457790368271955
55	0.462078010948905
55	0.457259784425615
55	0.454122453611757
55	0.457489177489178
55	0.455373303167421
55	0.467876438806671
55	0.452733227919584
55	0.457390300230947
55	0.454923554566223
55	0.460997102134958
56	0.467930874507075
56	0.461782906840609
56	0.456692913385827
56	0.452369861418423
56	0.461072367668915
56	0.455874643210811
56	0.453271028037383
56	0.456926692268012
56	0.45612611568332
56	0.458587470786069
56	0.45750113481616
56	0.460755221970094
56	0.457093425605536
56	0.456928213689482
56	0.456951346353866
56	0.461690501104523
56	0.455099621832139
56	0.465163695677502
56	0.455805200729927
56	0.455651468628701
56	0.460156871660793
56	0.455543607448073
56	0.46247736961981
56	0.458635150590926
56	0.457327806484583
56	0.457600181632421
56	0.455485840257758
56	0.457538703163563
56	0.462902392838699
56	0.466442337106149
56	0.465243441335583
56	0.460564357580664
56	0.461110789367001
56	0.457886499333372
56	0.457771143136017
56	0.455341506129597
56	0.452826014821369
56	0.455625990491284
56	0.464082627364512
56	0.457412536031199
56	0.4557472552095
56	0.455727376861397
56	0.459506255585344
56	0.465463108320251
56	0.451568670469504
56	0.466693078272681
56	0.469686288332746
56	0.458276874435411
56	0.45922622495077
56	0.456519274376417
56	0.456538806639749
56	0.450289739802295
56	0.45276982657013
56	0.452075684834792
56	0.462961861129291
56	0.463616755590873
56	0.452625635234331
56	0.463981319322825
56	0.454332833583208
56	0.462118615015427
56	0.456212951571413
56	0.453998232825271
56	0.454789915966387
56	0.463783783783784
56	0.457306389440486
56	0.453607666290868
56	0.460195923882446
56	0.45926517571885
56	0.467028380634391
56	0.454772505157998
56	0.451208544125913
56	0.468996415770609
56	0.452799822409679
56	0.462785217541238
56	0.45098910869082
56	0.455536529680365
56	0.459121293492544
56	0.462887602453144
56	0.456735737205634
56	0.455571469492982
56	0.455100363892476
56	0.460045146726862
56	0.454474053295933
56	0.459919669627199
56	0.451388499298738
56	0.461957131635058
56	0.467243799719233
56	0.454534863400711
56	0.45513698630137
56	0.459193030719853
56	0.457026546642968
56	0.456251788268956
56	0.454900647465952
56	0.45808502185141
56	0.454815661617605
56	0.45352756355327
56	0.462052785923754
56	0.449783648371669
56	0.46478793377183
56	0.462782062267923
57	0.460360102886539
57	0.459702486678508
57	0.456040368061739
57	0.466089965397924
57	0.452771542048006
57	0.457955646770424
57	0.457842300028466
57	0.45760640071119
57	0.453990504182681
57	0.461596913724573
57	0.459342658933242
57	0.465591397849462
57	0.456145330684076
57	0.451899163463712
57	0.46013718655122
57	0.45588069780529
57	0.46171925495035
57	0.45846240495635
57	0.45579665908208
57	0.454685450293732
57	0.454252503164921
57	0.461394875275751
57	0.461165048543689
57	0.46200022652622
57	0.462719047073646
57	0.459091416452729
57	0.461766932618951
57	0.456821958627013
57	0.460300489561645
57	0.458492975734355
57	0.4469062105384
57	0.454641821022093
57	0.459888007983589
57	0.462056552284736
57	0.45042460408538
57	0.450878481441726
57	0.459815546772068
57	0.467123367878681
57	0.462776190753804
57	0.450101032779524
57	0.45346062052506
57	0.453801625292219
57	0.460441950996107
57	0.461199196069674
57	0.453950707799898
57	0.4569633863392
57	0.449199368516013
57	0.452969880531718
57	0.458843840498998
57	0.463053307948596
57	0.460355847296597
57	0.456239316239316
57	0.461857662573897
57	0.450955761878755
57	0.458352144469526
57	0.45699255694219
57	0.460300609040621
57	0.4552457415645
57	0.452081918986196
57	0.452701212789416
57	0.457029702970297
57	0.454118436503942
57	0.464812159449383
57	0.458174023867455
57	0.457175014068655
57	0.469869611182897
57	0.461202512713132
57	0.4577993564049
57	0.453850574712644
57	0.463410531037963
57	0.449890439395687
57	0.457905776971484
57	0.463663211535121
57	0.460178020827273
57	0.462110380325994
57	0.455981182795699
57	0.458562623816861
57	0.455687018640473
57	0.459392800516766
57	0.459397401433692
57	0.451775276033774
57	0.454231433506045
57	0.446593454624925
57	0.452421076283564
57	0.463788858991241
57	0.456506268133793
57	0.454657205118176
57	0.459611180050818
57	0.458192640073256
57	0.451292246520875
57	0.463119990707399
57	0.45670871559633
57	0.455628350208457
57	0.455954738330976
57	0.457623228323865
57	0.455452928690264
57	0.454356613518976
57	0.461492890995261
57	0.458171937330173
57	0.465713789711244
58	0.453422106866783
58	0.456189620310043
58	0.455900691531572
58	0.459180782958473
58	0.460263007432819
58	0.46023385042834
58	0.457879656160458
58	0.458037625323871
58	0.453780068728522
58	0.446971341728181
58	0.465728091630376
58	0.458312078444709
58	0.461570272345956
58	0.45610278372591
58	0.449884370240848
58	0.457891133173571
58	0.462401281904544
58	0.464597199908194
58	0.456729951827713
58	0.45511186632682
58	0.452920850880035
58	0.453533451484271
58	0.453306635519217
58	0.459319359927879
58	0.467752442996743
58	0.462725371615893
58	0.465102775519684
58	0.452469064415404
58	0.461023461605635
58	0.458037481084856
58	0.460551708479964
58	0.468728943338438
58	0.463098657600094
58	0.467795842066504
58	0.457687723480334
58	0.450429645542427
58	0.453317707461354
58	0.450985883934573
58	0.455675892498997
58	0.46064711150918
58	0.462805587892899
58	0.462749883774988
58	0.457363060831269
58	0.450173525037184
58	0.460426393654722
58	0.459199555308505
58	0.466038641545662
58	0.456945845946855
58	0.456890812250333
58	0.455559388294814
58	0.463018675143327
58	0.459157871591909
58	0.452949148547522
58	0.462880519793045
58	0.462014980007884
58	0.453435114503817
58	0.456077937715505
58	0.465814151747656
58	0.455092824887105
58	0.458245419211549
58	0.456929698708752
58	0.458927665332356
58	0.461572758178677
58	0.455358678823327
58	0.464530361082085
58	0.456316676024705
58	0.461519637831885
58	0.459828046249629
58	0.462895058494849
58	0.465823077367539
58	0.45923578094735
58	0.453831041257367
58	0.460803499481985
58	0.460679079956188
58	0.459700306504711
58	0.451533467651668
58	0.450715156891008
58	0.461463637924129
58	0.46073267443925
58	0.460133084286715
58	0.457495352374514
58	0.462440659033789
58	0.460253136449428
58	0.457419427036705
58	0.45970675153444
58	0.458013518157865
58	0.454575651885069
58	0.447988061021446
58	0.456220428611188
58	0.457950175555927
58	0.459755419677599
58	0.457930048394193
58	0.460938843354158
58	0.461534210235437
58	0.470570695927008
58	0.455996840798827
58	0.464514235397711
58	0.459588962013624
58	0.458579372814309
58	0.461216420514013
59	0.462671232876712
59	0.461936522539098
59	0.45395537525355
59	0.45865647810219
59	0.458098109070978
59	0.448256655898407
59	0.458283839583687
59	0.457853523721787
59	0.459607665780994
59	0.464368465668268
59	0.451304248775487
59	0.44623414524638
59	0.457983669766387
59	0.448185953622545
59	0.456101843722564
59	0.465928744379108
59	0.45857702572256
59	0.462168619865741
59	0.460420671717743
59	0.454929577464789
59	0.460566937973618
59	0.455775118285555
59	0.457163308005726
59	0.458958566629339
59	0.459634749957331
59	0.450976017847183
59	0.455674949630625
59	0.453443771193507
59	0.462370437133844
59	0.450530737355963
59	0.454201917653694
59	0.466693441964542
59	0.457275593164095
59	0.45225448536355
59	0.455352627142456
59	0.452285171527545
59	0.452423894627535
59	0.458934793429567
59	0.451911120722279
59	0.457886251181409
59	0.461287418410984
59	0.456614044637997
59	0.462162316522931
59	0.45503106944293
59	0.458889828120597
59	0.461843297101449
59	0.458385635540032
59	0.455336692624828
59	0.45945945945946
59	0.447708511243951
59	0.453310221426974
59	0.462499293505906
59	0.459989733645126
59	0.458567220585783
59	0.455697628569819
59	0.467874597687448
59	0.451010101010101
59	0.455729767120129
59	0.456945354865622
59	0.454221032675365
59	0.452559613139903
59	0.452035134049027
59	0.451585407432663
59	0.467058892060348
59	0.45677941601619
59	0.453105231310853
59	0.460491386613951
59	0.458706299611552
59	0.447007766103243
59	0.456412853846587
59	0.461174842912319
59	0.453108417583645
59	0.45127023381295
59	0.455472691379689
59	0.456969838127402
59	0.456796000952154
59	0.449330357142857
59	0.455388967468175
59	0.456276199347927
59	0.4516764207187
59	0.456318340660579
59	0.460303250713367
59	0.458935555177691
59	0.448421052631579
59	0.448668361144878
59	0.462221964109414
59	0.457872096357901
59	0.458498695997279
59	0.454153062918488
59	0.459814959313343
59	0.463233665559247
59	0.457932973986407
59	0.447955390334572
59	0.457449172314187
59	0.45649576054174
59	0.458405691557896
59	0.450507900677201
59	0.454068685501607
59	0.456027358221716
59	0.461538461538462
60	0.453645116918845
60	0.457333771497426
60	0.454871099050204
60	0.454495067065736
60	0.456421395601412
60	0.455749718151071
60	0.45168345323741
60	0.458528237307473
60	0.456390977443609
60	0.459058456046408
60	0.461184684435086
60	0.456297846560555
60	0.45465432770822
60	0.457146200198912
60	0.460120932911028
60	0.453695042095416
60	0.45421163903416
60	0.456580886520803
60	0.455323943661972
60	0.456082589285714
60	0.45845288649145
60	0.45364164432529
60	0.456963655709246
60	0.460389646847454
60	0.457131270999884
60	0.454591378536147
60	0.464918032786885
60	0.456803097345133
60	0.456344086021505
60	0.450038305789646
60	0.46384872080089
60	0.45781129386616
60	0.449179962066272
60	0.458739769032403
60	0.46029776674938
60	0.462365010799136
60	0.45655783065855
60	0.453687250111062
60	0.455531938695604
60	0.451704223757219
60	0.456253036109462
60	0.446870288681668
60	0.463148519260744
60	0.454806232071545
60	0.45988618611917
60	0.459862255842836
60	0.46014472739325
60	0.459331758353021
60	0.455207660224402
60	0.453204116077748
60	0.4654573296425
60	0.445993031358885
60	0.462496445834518
60	0.468753670856337
60	0.457589913885293
60	0.459118065433855
60	0.457947114017629
60	0.451269868205215
60	0.455053957850726
60	0.454037089871612
60	0.453544165757906
60	0.454510344827586
60	0.461180926149079
60	0.456105460537531
60	0.459729918760424
60	0.459895745754162
60	0.453095787968767
60	0.457935267210932
60	0.454705414916563
60	0.449568661494222
60	0.459318878668419
60	0.456052792103366
60	0.461577550674722
60	0.451484370615635
60	0.45735632183908
60	0.456307836476514
60	0.454793275783735
60	0.462042028826053
60	0.462648119526018
60	0.463465059956288
60	0.45648322444912
60	0.455192512469876
60	0.457112443274133
60	0.459521285499079
60	0.451270839027057
60	0.449254712845243
60	0.457147754542338
60	0.45745945945946
60	0.464927263089699
60	0.460943236373906
60	0.461892285298399
60	0.456259940922518
60	0.458800773694391
60	0.463699707799506
60	0.461061692969871
60	0.464582735876111
60	0.451541612764122
60	0.463239484782856
60	0.461918154164036
60	0.459462596483083
61	0.451424905095439
61	0.455874936964196
61	0.46035708471265
61	0.461451694771868
61	0.455162061488853
61	0.45340521509517
61	0.459318338306174
61	0.457530891684293
61	0.470087423575796
61	0.464946557866912
61	0.460702481653689
61	0.452819837612464
61	0.457467137645492
61	0.454605845881311
61	0.456932715881231
61	0.457280648873787
61	0.464728879823219
61	0.452859181209527
61	0.459373804710125
61	0.451864652433246
61	0.449944567627494
61	0.458946212952799
61	0.459431991417763
61	0.453948832035595
61	0.459344205612862
61	0.450912678835718
61	0.452751759685196
61	0.458604343512292
61	0.449633599475008
61	0.463498229178567
61	0.457712520994745
61	0.457099933229468
61	0.455934259872049
61	0.459976373966361
61	0.457472043375127
61	0.458625525946704
61	0.459086078639745
61	0.458199988770984
61	0.456605030817924
61	0.454540275720633
61	0.456888737820077
61	0.456590392819547
61	0.458828833906329
61	0.459172383270635
61	0.459993052339046
61	0.452228242839766
61	0.460136548838234
61	0.45523096687706
61	0.450333333333333
61	0.458096429383671
61	0.454853519895059
61	0.459968084520993
61	0.460082027080173
61	0.463972763297427
61	0.451676099259904
61	0.453178095927803
61	0.460955056179775
61	0.456650601074733
61	0.460679637960002
61	0.45562616412841
61	0.453847437823402
61	0.449228931364031
61	0.46086514569686
61	0.455722452639839
61	0.456832197338526
61	0.456394523038464
61	0.456295975768066
61	0.45641141310477
61	0.455350636246426
61	0.464750480932443
61	0.449839914621131
61	0.450851393188854
61	0.451568820378266
61	0.454680365296804
61	0.459943292377828
61	0.46303457688808
61	0.457084699762524
61	0.46339957336926
61	0.459842257276161
61	0.453277624075433
61	0.458430717863105
61	0.4573393986464
61	0.455212523100337
61	0.458578542326845
61	0.464409475657558
61	0.450942865184351
61	0.453722839747528
61	0.454506206152186
61	0.45608184490165
61	0.461404526987812
61	0.457345836885479
61	0.454475478337365
61	0.45516364440513
61	0.4583028735309
61	0.464281483236583
61	0.461060078735665
61	0.456817409044543
61	0.458866336915117
61	0.45576933864363
61	0.449386160714286
62	0.456034293251264
62	0.448766971460238
62	0.454239160452914
62	0.453141987388563
62	0.457006993006993
62	0.456690727373681
62	0.454606552786334
62	0.457117837009469
62	0.463307406154887
62	0.457750419697818
62	0.457752069865033
62	0.454965878969037
62	0.454887010332063
62	0.45197770979021
62	0.451810494362533
62	0.455359080060751
62	0.461069548351344
62	0.462609765646848
62	0.45757353356292
62	0.458411061121475
62	0.454789272030651
62	0.457262885765067
62	0.455863332614788
62	0.462098451583083
62	0.455218817143503
62	0.455596930715414
62	0.449487317862925
62	0.457939867578422
62	0.4560211835137
62	0.456280686269101
62	0.462732919254658
62	0.454996964847415
62	0.458455799231291
62	0.464043341887653
62	0.457021892930756
62	0.45759457933371
62	0.454990747795798
62	0.458555474493518
62	0.446622972672739
62	0.456241426611797
62	0.457506613756614
62	0.450303611377437
62	0.458310386606454
62	0.449925344245977
62	0.447550571443902
62	0.455347418862993
62	0.454520058107051
62	0.45478432231224
62	0.448654919074187
62	0.448091311233685
62	0.453039589199934
62	0.46413923068396
62	0.452112521891419
62	0.460163146720304
62	0.455646929824561
62	0.453635055881377
62	0.45009697977279
62	0.460704451583295
62	0.450210456357997
62	0.464464680209063
62	0.451945945945946
62	0.4525123769419
62	0.458955012197197
62	0.452281473336998
62	0.461995962241502
62	0.446646015808588
62	0.456814558249491
62	0.447602035292844
62	0.464325905919424
62	0.458577165806081
62	0.458808134780001
62	0.453265610335118
62	0.456681604044582
62	0.45015988532363
62	0.457802635950825
62	0.455582855582856
62	0.452598020023491
62	0.45224610985869
62	0.458284697904508
62	0.455260730370612
62	0.458986430351703
62	0.457740009186955
62	0.462415993674818
62	0.456820546519906
62	0.46307250295758
62	0.4574456218628
62	0.458910588104379
62	0.460953121528549
62	0.454214072683088
62	0.450921088809458
62	0.462293748547525
62	0.454071733466378
62	0.462146767682354
62	0.466621712744437
62	0.459569418545516
62	0.461177402024543
62	0.454611677686877
62	0.456480658070253
62	0.457426498663612
62	0.454825692186975
63	0.460920741433364
63	0.455797423367392
63	0.449344390899922
63	0.45230123148516
63	0.45250637213254
63	0.457468411552347
63	0.456036495953946
63	0.452691725953728
63	0.455817378497791
63	0.454891246115933
63	0.456913939937248
63	0.459113190730838
63	0.45831691528286
63	0.461947785599468
63	0.45495123160853
63	0.453326208923324
63	0.464924026314257
63	0.458729722298598
63	0.455927892059279
63	0.453442588060019
63	0.453544647130777
63	0.458938793483047
63	0.451176819087629
63	0.45414847161572
63	0.460556464811784
63	0.460233412578344
63	0.461547041436618
63	0.450507411933479
63	0.450491515184799
63	0.454599599328605
63	0.456525344093748
63	0.462152080344333
63	0.455911062906725
63	0.457017443849048
63	0.459818697514043
63	0.459047407077676
63	0.458076901360736
63	0.454700581240335
63	0.45508553825843
63	0.465919755983107
63	0.452043147882459
63	0.4539963326502
63	0.455129966477991
63	0.45507230378629
63	0.457280318531217
63	0.455388051367951
63	0.46398603367686
63	0.457733664185277
63	0.453968075539568
63	0.454420647995607
63	0.462710460943969
63	0.460928587725302
63	0.450847641228403
63	0.454390122912418
63	0.462835762550958
63	0.450229458041958
63	0.449591280653951
63	0.45049208852156
63	0.457300579630141
63	0.452129995608256
63	0.46033350176857
63	0.456688596491228
63	0.452934247162133
63	0.451532003053102
63	0.46264715590274
63	0.454802259887006
63	0.457078555353124
63	0.457185967559412
63	0.445574608584514
63	0.459365567515234
63	0.455850394601395
63	0.452219020172911
63	0.454585586579848
63	0.453475878371119
63	0.455100497082343
63	0.460645090268604
63	0.4640339313349
63	0.457892696971375
63	0.449742617176917
63	0.454356506043866
63	0.454575930271539
63	0.45783265351119
63	0.457037598873117
63	0.46115815195772
63	0.453202247191011
63	0.453255963894262
63	0.457975140995455
63	0.457189468946895
63	0.455696202531646
63	0.459365150832958
63	0.457882069795427
63	0.453503399449345
63	0.456619718309859
63	0.45478529329217
63	0.458023611718408
63	0.459636840953839
63	0.454911296264808
63	0.452572218971112
63	0.450638413474599
63	0.453622949920465
64	0.461270222374664
64	0.463034385354989
64	0.458735495065611
64	0.449580967829143
64	0.451806594332666
64	0.457215413492326
64	0.45615843733044
64	0.458370436331256
64	0.459001978456804
64	0.458538474304365
64	0.457136592852445
64	0.453759398496241
64	0.462723077778395
64	0.467159182731155
64	0.453639888003446
64	0.452170037327985
64	0.450308846238694
64	0.454466467553625
64	0.460678531701891
64	0.463617688398746
64	0.455704550450649
64	0.460517397198373
64	0.463019768234492
64	0.465368731563422
64	0.456371696313338
64	0.459840121811953
64	0.452784118052975
64	0.458102398068375
64	0.456734761667497
64	0.460076880834706
64	0.460260440053884
64	0.453950624072139
64	0.456243213897937
64	0.458248584464845
64	0.452110936447339
64	0.45109409190372
64	0.465157390510949
64	0.451590144361229
64	0.456062941895699
64	0.454475773336983
64	0.465574143621259
64	0.454435594616864
64	0.454506892895016
64	0.462962962962963
64	0.455789067240333
64	0.460694288913774
64	0.455842757135164
64	0.454343355749458
64	0.46103932427141
64	0.451469326469326
64	0.454162156002507
64	0.447573749465584
64	0.462987575845131
64	0.462714998039106
64	0.451513990034496
64	0.454457468545005
64	0.448869117804695
64	0.456324132579537
64	0.462938596491228
64	0.453551912568306
64	0.449734013679296
64	0.457709298566965
64	0.45457373988799
64	0.45346897034286
64	0.451886484723279
64	0.45373665480427
64	0.452980429540739
64	0.455496229426983
64	0.455510113849895
64	0.460661147455566
64	0.451439048783198
64	0.454326923076923
64	0.46094843513801
64	0.455910152340709
64	0.457496561210454
64	0.446549914369372
64	0.45201172395417
64	0.4559221200649
64	0.458652748328168
64	0.461280227596017
64	0.466800573888092
64	0.457629844026371
64	0.450807071483474
64	0.457709806501124
64	0.449115892045766
64	0.446521232659113
64	0.454228663089773
64	0.459570631656055
64	0.460967354514685
64	0.455227940376455
64	0.447842013059404
64	0.451170604812486
64	0.455578625286854
64	0.447342357213602
64	0.453719477569563
64	0.453844892605345
64	0.449364031556915
64	0.460922289592257
64	0.458590190297507
64	0.455993150684932
65	0.463180059185067
65	0.464015560838556
65	0.458317112507647
65	0.44936988724298
65	0.45240464344942
65	0.451677516274412
65	0.455385786526018
65	0.45405494687001
65	0.458796959347802
65	0.454720193311
65	0.453665357930404
65	0.455147916445764
65	0.454018547140649
65	0.458305903006364
65	0.459352715304443
65	0.45619919276903
65	0.456957746478873
65	0.452259069663922
65	0.456024128830721
65	0.460779968978507
65	0.451022661548977
65	0.460083583369053
65	0.454326923076923
65	0.460043077262937
65	0.454619832006109
65	0.464549731182796
65	0.452629841549296
65	0.450723676941774
65	0.461461405754355
65	0.457019820018771
65	0.452909829578431
65	0.454520961310486
65	0.457313602731929
65	0.461970711772051
65	0.448445440139883
65	0.455226364846871
65	0.457449723272508
65	0.455834419817471
65	0.45830797321972
65	0.452500134560525
65	0.456138417456469
65	0.453268532364879
65	0.454185893210283
65	0.450544122400603
65	0.46469533076045
65	0.46091365023986
65	0.459992311494316
65	0.457859386848662
65	0.462832789062932
65	0.456422148068548
65	0.456514779639313
65	0.464851207186974
65	0.453633538679605
65	0.455376314485492
65	0.451983466638037
65	0.455332059781998
65	0.45741466144376
65	0.453650533223954
65	0.456096636151888
65	0.454171180931744
65	0.459051005667296
65	0.465084436330443
65	0.461437119174398
65	0.460131593621055
65	0.45910619373034
65	0.457038194257394
65	0.458630167723117
65	0.453368444151854
65	0.454278728606357
65	0.454460145727534
65	0.458717114334565
65	0.45780037170657
65	0.463157313300928
65	0.456019928037642
65	0.463020372010629
65	0.453686510103768
65	0.460966123668339
65	0.455783420138889
65	0.455437404078053
65	0.458794322413514
65	0.450433738883736
65	0.463597741954257
65	0.453233621234464
65	0.456275033377837
65	0.45428618439094
65	0.451916648094495
65	0.455013829383372
65	0.448831723208268
65	0.450904952855749
65	0.454718520533043
65	0.448234393790314
65	0.459686326485531
65	0.452715431401044
65	0.455578854431078
65	0.45845395089525
65	0.462706640515551
65	0.457374160149796
65	0.457754945895726
65	0.448441771459814
65	0.462727374176989
66	0.449502796768179
66	0.45488951967496
66	0.45254462800754
66	0.460079732787415
66	0.455136967576139
66	0.453175457481163
66	0.455048023229841
66	0.462180320762896
66	0.465975763557603
66	0.454048257372654
66	0.453407809227134
66	0.456902103907256
66	0.453523947265951
66	0.449508632138114
66	0.449491377903498
66	0.460331001535574
66	0.459651350727315
66	0.452185271866326
66	0.4539407490218
66	0.455901245601296
66	0.461896766505985
66	0.456134723336006
66	0.451379346792094
66	0.448993791479341
66	0.453393617580569
66	0.456484875006838
66	0.45586225744739
66	0.455298283846363
66	0.45627862392161
66	0.455262183184295
66	0.458541005890349
66	0.454676258992806
66	0.456538546498785
66	0.454446203395382
66	0.447814689990906
66	0.451762572662791
66	0.455784159383313
66	0.456617398172176
66	0.461716806152454
66	0.452690067852754
66	0.456202233980012
66	0.456325632563256
66	0.460827440280639
66	0.462103390900224
66	0.450199639008915
66	0.453577115247351
66	0.458993197278912
66	0.457297590035202
66	0.458393458393458
66	0.451985868750669
66	0.453128325175569
66	0.452308187228567
66	0.456926143284243
66	0.460271104253912
66	0.453087365885702
66	0.454385772313097
66	0.459124782876674
66	0.455742659758204
66	0.45148347587372
66	0.456595813727081
66	0.453066939522861
66	0.455753149147878
66	0.453020314091226
66	0.457208654670094
66	0.460384283246978
66	0.448596146701343
66	0.457827334952528
66	0.457974851091992
66	0.453985028621753
66	0.456882299610687
66	0.454215581643543
66	0.455892034233048
66	0.449109078411675
66	0.449946865037194
66	0.462130937098845
66	0.45999464811346
66	0.45488821623918
66	0.455108701665099
66	0.458979185119575
66	0.452261571752784
66	0.464613148479428
66	0.452377141027693
66	0.453013503128774
66	0.458674485505643
66	0.450248230696102
66	0.458657243816254
66	0.466959617310046
66	0.452082994745111
66	0.452787695687998
66	0.455696202531646
66	0.46263598097633
66	0.456996221307315
66	0.453892215568862
66	0.456128096287142
66	0.457932369227461
66	0.462248928948979
66	0.453390288742295
66	0.462516096523151
66	0.457442737659214
66	0.461764705882353
67	0.465039913944404
67	0.448756004101678
67	0.457967856169981
67	0.456441250136121
67	0.460913705583756
67	0.448144017842919
67	0.451707262192721
67	0.458529895776193
67	0.457965806381357
67	0.450306952049112
67	0.452717158750535
67	0.458801903114187
67	0.454653814262023
67	0.455266917094334
67	0.45953488372093
67	0.454330086864964
67	0.457594971007424
67	0.465767228349102
67	0.456114346214929
67	0.451213656975193
67	0.456896551724138
67	0.457549025116593
67	0.458270781206561
67	0.451919956733369
67	0.460389216605105
67	0.451895043731778
67	0.45639361989727
67	0.454353361868126
67	0.454033771106942
67	0.453717754172989
67	0.460660105486379
67	0.453156217938334
67	0.449897319783055
67	0.45304203539823
67	0.452608176987312
67	0.462373890512156
67	0.455316619840069
67	0.452616766791146
67	0.453719286435544
67	0.456641964384471
67	0.457827458950634
67	0.447119565217391
67	0.450851970181044
67	0.44966300482938
67	0.468046328414369
67	0.450085233326231
67	0.451388161341016
67	0.454729139362167
67	0.45585438739473
67	0.450537236013338
67	0.453752946981742
67	0.456338769068911
67	0.458512501990763
67	0.460008789277082
67	0.457365167341718
67	0.451507348996889
67	0.451790480427046
67	0.4540566439523
67	0.461892247043364
67	0.45346166466149
67	0.454653873258524
67	0.45878842772657
67	0.457132038729918
67	0.463886862337954
67	0.462541424458087
67	0.45406711409396
67	0.458856118624735
67	0.450310726830586
67	0.462275854291192
67	0.459235150528885
67	0.44895074480809
67	0.456968228621772
67	0.458700967364728
67	0.45607139062998
67	0.460011675423234
67	0.45793403164698
67	0.459671663097787
67	0.455266075388027
67	0.453241319350106
67	0.455166478403529
67	0.451664277751234
67	0.456229045819807
67	0.456025144524892
67	0.451801415397813
67	0.455986490903148
67	0.451362076362076
67	0.460777814606121
67	0.456993308871142
67	0.450002621781763
67	0.45848986718874
67	0.46466005268763
67	0.45215941483354
67	0.455879071842927
67	0.45742958886371
67	0.460403050108932
67	0.453166766679396
67	0.458392642067229
67	0.45635316273402
67	0.460176991150442
67	0.451410487259235
68	0.455420353982301
68	0.453601450469754
68	0.459957592562388
68	0.449210780629228
68	0.452113120269134
68	0.458772979440879
68	0.457823635783427
68	0.455729587168308
68	0.456363234644278
68	0.458171259518983
68	0.450972193184194
68	0.453196408409054
68	0.453088371585891
68	0.450110387162781
68	0.453970676404862
68	0.45988050700765
68	0.458620689655172
68	0.448696676122678
68	0.458328875575051
68	0.458566261098323
68	0.453793103448276
68	0.458619364050744
68	0.451949328382658
68	0.45570487483531
68	0.457657269149911
68	0.459223626803893
68	0.457995020028148
68	0.445914230851291
68	0.453539462978031
68	0.452901836318295
68	0.451762423197154
68	0.446594594594595
68	0.447846940388974
68	0.451737039016569
68	0.44847954495734
68	0.452715873768505
68	0.451870187018702
68	0.452649320551986
68	0.457404139258784
68	0.454844449237073
68	0.45213228894691
68	0.454915399443136
68	0.450398106305143
68	0.45441028091976
68	0.448965331900027
68	0.451315861167112
68	0.447973188637089
68	0.453591306652531
68	0.455920484010372
68	0.455296034763715
68	0.460325365205843
68	0.456482727680574
68	0.45238898257448
68	0.456817817657427
68	0.457024526678141
68	0.455136967576139
68	0.457734641869544
68	0.462928280268811
68	0.452725940125162
68	0.454072698328469
68	0.454815140361479
68	0.45510751217377
68	0.457363104731526
68	0.454660347551343
68	0.453600308047747
68	0.458824773893267
68	0.458756277380062
68	0.452528741836239
68	0.456250683583069
68	0.455943520140105
68	0.455854993887206
68	0.45363343382888
68	0.447635671215487
68	0.454214579597004
68	0.458831058020478
68	0.459809004092769
68	0.456235559615281
68	0.452615860487441
68	0.455162438807299
68	0.461383001966354
68	0.456936736958934
68	0.457415485278081
68	0.457083266484839
68	0.452472498130941
68	0.454408398012173
68	0.454500603004057
68	0.455787868888163
68	0.456467196925212
68	0.455005716152213
68	0.455143411688592
68	0.458265139116203
68	0.45459456539355
68	0.460988331451309
68	0.454986666666667
68	0.4572282405678
68	0.450384474551446
68	0.45572027972028
68	0.45602676162728
68	0.454893617021277
68	0.459265442404007
69	0.459137949429212
69	0.451847940865892
69	0.45069586794692
69	0.456298908850435
69	0.453172205438066
69	0.454209626729889
69	0.451420348558333
69	0.456202423072799
69	0.450238980350505
69	0.451529093369418
69	0.449051941773648
69	0.454893915672407
69	0.456070663251973
69	0.458319568329479
69	0.44743935309973
69	0.452839452293928
69	0.454220352353405
69	0.453787083586542
69	0.458026590484562
69	0.462578651065239
69	0.45414847161572
69	0.453621621621622
69	0.456877847689304
69	0.45289229440967
69	0.453747539762753
69	0.453967569897107
69	0.452898738776146
69	0.453785285369549
69	0.460508995173322
69	0.45720745560825
69	0.455729305651919
69	0.46077032810271
69	0.455377328022392
69	0.453390960994611
69	0.461071107110711
69	0.458508543141534
69	0.454375467464473
69	0.454179254783484
69	0.454057749960553
69	0.45738365313262
69	0.454550306912196
69	0.448665620094192
69	0.456170794552243
69	0.455929316585054
69	0.454692121538048
69	0.462024614702295
69	0.447258754126752
69	0.452089092900736
69	0.456718173555045
69	0.449466815215661
69	0.461571815718157
69	0.456114639309559
69	0.455424095984003
69	0.454019694680352
69	0.45688093539002
69	0.454232733136254
69	0.45983527650016
69	0.453173498876164
69	0.451917882225824
69	0.453333333333333
69	0.455039259976336
69	0.459535936615733
69	0.460704304080492
69	0.458121619406655
69	0.455203380876915
69	0.456537064150534
69	0.454535404344702
69	0.455725840783312
69	0.452804802318361
69	0.44600549536005
69	0.451958450551829
69	0.452564780539397
69	0.463847355501004
69	0.458098396904367
69	0.463119840284897
69	0.457026214009454
69	0.460863735404213
69	0.458002330261625
69	0.453991012197732
69	0.451275794387566
69	0.455146731880836
69	0.460055546479333
69	0.455990151642326
69	0.448790425261013
69	0.448616808667298
69	0.452899515416156
69	0.455699578599243
69	0.455057989690722
69	0.463397299218195
69	0.450588111741231
69	0.45138739513874
69	0.460971428571429
69	0.457826706101435
69	0.451095897680836
69	0.451917939950849
69	0.455839217816404
69	0.462166456632513
69	0.46007888284831
69	0.454180923866553
69	0.454029993111123
70	0.456146808286886
70	0.455268495783068
70	0.453184713375796
70	0.450858527335932
70	0.457172175415857
70	0.456804301299786
70	0.453922558028364
70	0.451804986974321
70	0.451987897446786
70	0.449570758940328
70	0.450685654008439
70	0.455757309781118
70	0.461004811457984
70	0.467083589256798
70	0.455553186953741
70	0.455156707515454
70	0.453988718775181
70	0.451735794387509
70	0.455588610284743
70	0.450730118709949
70	0.448950036205648
70	0.452469491436652
70	0.452121147602065
70	0.457542137828035
70	0.457478656170307
70	0.453619554998433
70	0.455630848660858
70	0.454272863568216
70	0.460353991999562
70	0.451108428446005
70	0.462241716429742
70	0.451485255854293
70	0.45645187646386
70	0.454897591000743
70	0.452173450951217
70	0.45350135587813
70	0.451415701415701
70	0.458796959347802
70	0.45948717948718
70	0.451550178243491
70	0.458503473511163
70	0.451906598114824
70	0.456441986530143
70	0.456472054851444
70	0.458530296519123
70	0.455278170304077
70	0.458774904620602
70	0.460214596834165
70	0.454123989218329
70	0.454288720305665
70	0.456858825436274
70	0.454200107009096
70	0.459614863032276
70	0.453302345692358
70	0.455114712692065
70	0.456263899184581
70	0.454221607826457
70	0.454364351245085
70	0.452526433239467
70	0.452566265715996
70	0.455818445195558
70	0.45344986699962
70	0.452562308927924
70	0.458890710093586
70	0.45527131375742
70	0.45710751358038
70	0.459993450496671
70	0.450325426281534
70	0.452393394648829
70	0.457034679543459
70	0.455393523482736
70	0.45692863979581
70	0.46203953279425
70	0.460019852211316
70	0.452186162431598
70	0.45242962729989
70	0.457296499367356
70	0.442822766269094
70	0.456797966963151
70	0.448553311664091
70	0.455924012664556
70	0.448935828016941
70	0.454888597640891
70	0.452404730617608
70	0.461023537033038
70	0.456519413841053
70	0.454746255791402
70	0.452652131467621
70	0.452560200758182
70	0.461625342870973
70	0.457110609480813
70	0.450457727517501
70	0.44549713142797
70	0.455964921661943
70	0.456545482914651
70	0.451955074875208
70	0.454041038525963
70	0.451583662152074
70	0.458172812328013
70	0.457936851211073
71	0.457805907172996
71	0.457569229152435
71	0.458727866046114
71	0.456489041684572
71	0.452772732129501
71	0.454220164175963
71	0.460114037469454
71	0.454696636446543
71	0.448128693368352
71	0.457467618292361
71	0.454939063502245
71	0.459774376357184
71	0.457855812115395
71	0.453040485166366
71	0.45872895986189
71	0.4516625942845
71	0.453897692225885
71	0.451992753623188
71	0.453870338248049
71	0.457628979143798
71	0.450158562367865
71	0.458741718228111
71	0.459012001714531
71	0.456324972737186
71	0.455791106514995
71	0.456363938604754
71	0.450348015514585
71	0.457349188249986
71	0.450872310820935
71	0.458016971862439
71	0.45107489034494
71	0.457066579492209
71	0.456304619225968
71	0.45747585048299
71	0.453364244123356
71	0.453620086652399
71	0.455214465937763
71	0.456012868870646
71	0.450873024072735
71	0.451798110548567
71	0.456269534353976
71	0.45409050202813
71	0.458883410211548
71	0.458373154932569
71	0.458927822073017
71	0.46469465648855
71	0.454386151231946
71	0.453580760411667
71	0.460348886986301
71	0.454837655262584
71	0.447579385736596
71	0.446429518104225
71	0.457705802968961
71	0.455421170930108
71	0.461808324031255
71	0.450217138015041
71	0.460567314924251
71	0.455820019563091
71	0.455028660760813
71	0.452975047984645
71	0.454158342971296
71	0.456112008616047
71	0.452048823016565
71	0.457196462074511
71	0.455065983204275
71	0.454351253751081
71	0.452578340893686
71	0.450336111858026
71	0.461903186679899
71	0.448420825697963
71	0.4543155579989
71	0.455748945147679
71	0.453305351521511
71	0.459787234042553
71	0.449235835949159
71	0.458567980691874
71	0.453905960755276
71	0.456159167694535
71	0.450847281960927
71	0.452194860813705
71	0.453950866744656
71	0.458579222803697
71	0.451846412085606
71	0.45262992784691
71	0.45638024394246
71	0.456713828806852
71	0.450306366185481
71	0.459690793345102
71	0.448711120579463
71	0.46205815587504
71	0.453248297481353
71	0.459858292046242
71	0.453979762999838
71	0.458952987960996
71	0.457327421032463
71	0.461253820989972
71	0.451789913770577
71	0.460350991225219
71	0.449370142053069
71	0.454459253015856
72	0.449858648162426
72	0.451602781990273
72	0.44946123521682
72	0.458846298586098
72	0.451550595557463
72	0.453695527969667
72	0.449098621420997
72	0.450573744604695
72	0.45660943318163
72	0.449898785425101
72	0.450078297964253
72	0.457815914299419
72	0.451888613178936
72	0.451076956380561
72	0.451815305411058
72	0.456338769068911
72	0.45960531188826
72	0.45493970806008
72	0.451181525241676
72	0.455462363308207
72	0.456890039926621
72	0.45251515473785
72	0.460342398959801
72	0.45459410285225
72	0.456947466583774
72	0.455909067317174
72	0.453232099546557
72	0.457650637775524
72	0.451257780750039
72	0.457863689034025
72	0.45171588188348
72	0.455784819454679
72	0.45457935958229
72	0.454687337425866
72	0.455134964150148
72	0.453974566957978
72	0.456303879310345
72	0.444272205859557
72	0.45287527212871
72	0.449501835343471
72	0.452053327622209
72	0.447685954845283
72	0.455659276546091
72	0.454915617465845
72	0.447004856988667
72	0.45224323901829
72	0.449939559573238
72	0.453927654109589
72	0.457157978301138
72	0.456699173203307
72	0.460203217612193
72	0.463105139688633
72	0.458385416666667
72	0.454904894208164
72	0.455153590923686
72	0.458430540827147
72	0.447324414715719
72	0.447907483275424
72	0.453196163532122
72	0.455814956596754
72	0.448373333333333
72	0.454690746364072
72	0.453691983122363
72	0.450633737692433
72	0.455780857096999
72	0.454415426180007
72	0.454564401834098
72	0.45691135436789
72	0.454067413366987
72	0.448379515767612
72	0.450962663546431
72	0.450444825971594
72	0.450140085088721
72	0.454389721627409
72	0.460208916648718
72	0.4618242306626
72	0.459224239819491
72	0.457050500768375
72	0.450748495018912
72	0.453678398125941
72	0.461538461538462
72	0.450768744734625
72	0.456524093123985
72	0.455361287327866
72	0.450863036391813
72	0.453869532182785
72	0.455316892071069
72	0.450867964229353
72	0.448874768334657
72	0.459009438964896
72	0.463333333333333
72	0.457532780305058
72	0.450435905715208
72	0.454151242728715
72	0.461640071858819
72	0.453621148130768
72	0.455348173214191
72	0.45262936031194
72	0.458199269237062
72	0.451427365310538
73	0.451674296589682
73	0.457446257446257
73	0.449623900836953
73	0.451795543905636
73	0.454252778066258
73	0.455641093708521
73	0.459646673468292
73	0.4443026532674
73	0.454810943744236
73	0.452699119736982
73	0.455184148416488
73	0.454164922561741
73	0.452049539675581
73	0.453943913454469
73	0.452382217028735
73	0.460046214197431
73	0.453805774278215
73	0.446565897639883
73	0.45509239363988
73	0.452742791714375
73	0.451579222135213
73	0.459052984003826
73	0.452832175194778
73	0.45594037702762
73	0.456239352640545
73	0.452967834641318
73	0.459267504107701
73	0.453577180859355
73	0.457080633166897
73	0.452678078409718
73	0.450185493843755
73	0.452109494036673
73	0.459975662663351
73	0.454708520179372
73	0.45187457750507
73	0.457249843977533
73	0.453656189865298
73	0.450592067842184
73	0.452220585139971
73	0.450956622568914
73	0.45505470917753
73	0.453634344164902
73	0.461950223497599
73	0.458704410517388
73	0.460040438437799
73	0.455248737509402
73	0.452938062466914
73	0.454716272078166
73	0.456315215698489
73	0.45679474162347
73	0.454487856388596
73	0.451168395682699
73	0.452039806179336
73	0.447106738601502
73	0.456632113391157
73	0.457165732586069
73	0.464751104083747
73	0.455489001342559
73	0.448919962433476
73	0.455722034262392
73	0.454410043621662
73	0.454127241361284
73	0.454793514194259
73	0.451621578013231
73	0.461066218910694
73	0.459591663122076
73	0.459070796460177
73	0.461020571733903
73	0.454337066944517
73	0.451655266757866
73	0.455399307377479
73	0.451464194038451
73	0.457751958089113
73	0.451629863301788
73	0.454975045131146
73	0.456862745098039
73	0.454573691567013
73	0.452060446645005
73	0.449394003827344
73	0.460877503893454
73	0.450889845898407
73	0.460647768856846
73	0.458574391441982
73	0.457127545551983
73	0.456484366605781
73	0.451875849096039
73	0.457829408020369
73	0.46044295229328
73	0.457530412315642
73	0.451133106171237
73	0.455238095238095
73	0.454842861739783
73	0.451005494212407
73	0.457634598411297
73	0.460772243984331
73	0.456951871657754
73	0.456109419244537
73	0.455028660760813
73	0.455125034350096
73	0.455686572841385
74	0.45095168374817
74	0.45649299127215
74	0.456779266463194
74	0.454831602140384
74	0.452569688697569
74	0.449961089494163
74	0.4552667717817
74	0.45327813007704
74	0.453764234500211
74	0.463895436040283
74	0.461246840775063
74	0.457574458967217
74	0.447759636951646
74	0.45327813007704
74	0.457718546723782
74	0.450455551551964
74	0.456007720765643
74	0.447956152033603
74	0.451705298891423
74	0.453353315848632
74	0.457327872481736
74	0.454540685168669
74	0.451253333333333
74	0.45600342136213
74	0.454888795635753
74	0.453695292042965
74	0.457453195786256
74	0.456648614543351
74	0.454526249075737
74	0.448070285534986
74	0.456977546578905
74	0.45107131435881
74	0.455061955521887
74	0.460222041700515
74	0.447069893878405
74	0.457840315531393
74	0.454890387858347
74	0.447107522485691
74	0.453823288232882
74	0.46263962693851
74	0.452276295133438
74	0.460318319618883
74	0.452586901627895
74	0.45749482291722
74	0.450951374207188
74	0.4497648567764
74	0.45188707882222
74	0.444374771385275
74	0.44929977887754
74	0.457656025155892
74	0.457457510456928
74	0.456347510151742
74	0.454472885956043
74	0.44748051948052
74	0.453909047186448
74	0.453054530545305
74	0.454612663040608
74	0.453738569123184
74	0.455450338964812
74	0.451708380932599
74	0.450682530408456
74	0.453164961636829
74	0.459022418228592
74	0.458842272968667
74	0.454883314204514
74	0.457686958382369
74	0.452345495160089
74	0.458821091888532
74	0.45659740533699
74	0.45579052316734
74	0.452739690318544
74	0.452471875322531
74	0.448110752576246
74	0.457133717210493
74	0.454127241361284
74	0.45693716584617
74	0.44962986803991
74	0.447256508660927
74	0.453263068242308
74	0.451038268344467
74	0.452354029605263
74	0.455841840868579
74	0.45370513018025
74	0.451466666666667
74	0.454465304429001
74	0.454161162483487
74	0.460985853227233
74	0.458515975706364
74	0.454203197524497
74	0.453079871868928
74	0.455628443977959
74	0.449338306678248
74	0.451946280558179
74	0.460444864127584
74	0.457957552519307
74	0.456681273428013
74	0.461345722190322
74	0.449358713355049
74	0.45749117741418
74	0.456938559322034
75	0.452442294547558
75	0.460873714346305
75	0.454555279368853
75	0.451854160174509
75	0.461271552874606
75	0.463553033609777
75	0.45159615883727
75	0.457369979737102
75	0.449529356700816
75	0.449880668257757
75	0.456695379796398
75	0.456169262665462
75	0.444983392207518
75	0.459301702902431
75	0.455888090062977
75	0.450586618750661
75	0.453428373849673
75	0.460315749771001
75	0.456386936750723
75	0.453675124247973
75	0.452406692406692
75	0.457391763463569
75	0.454086512913168
75	0.457159531009603
75	0.453850495100303
75	0.452901358962435
75	0.457803589180139
75	0.453306781259826
75	0.450971028334925
75	0.448680200423576
75	0.457291777470482
75	0.448486733001658
75	0.45722367508139
75	0.450897793691749
75	0.458985695708713
75	0.453019253974083
75	0.4510877911441
75	0.458812411403371
75	0.454256703983338
75	0.454444503199196
75	0.452919651600268
75	0.455808146491182
75	0.453438768078244
75	0.45905975063421
75	0.454644187008688
75	0.455167371664317
75	0.452224959379422
75	0.455332607455799
75	0.45687620682257
75	0.451310170295777
75	0.45060166296545
75	0.448612430093912
75	0.44973405655906
75	0.454634498401897
75	0.448265082838387
75	0.451910408432148
75	0.454483338589299
75	0.451281524474806
75	0.453419047125305
75	0.460860329261816
75	0.451482550511677
75	0.455247708311876
75	0.449641243688546
75	0.450805478301936
75	0.451019550136641
75	0.448823678219074
75	0.442896358833584
75	0.453638021888934
75	0.456913404131664
75	0.451379587463166
75	0.458373983739837
75	0.457437204609421
75	0.457816640169581
75	0.456479074948284
75	0.455450933434932
75	0.456522903830699
75	0.45231251633133
75	0.449119021934556
75	0.450633172037476
75	0.454005934718101
75	0.451751097783014
75	0.455095757449251
75	0.455586343911748
75	0.451991256597537
75	0.454411841898063
75	0.45767251339145
75	0.452683834936395
75	0.450718151540383
75	0.454483374481273
75	0.450053533190578
75	0.459245842252593
75	0.45143332813069
75	0.446797520661157
75	0.457241562583045
75	0.451326520078456
75	0.451478550603915
75	0.457274332495051
75	0.453079635006222
75	0.456155461053992
75	0.450347592226113
76	0.451763349578159
76	0.456755468460357
76	0.451649779163419
76	0.458144199303283
76	0.456271150592217
76	0.456773922628733
76	0.456429580781912
76	0.456086933697307
76	0.455220393541353
76	0.456000859568067
76	0.455901804137347
76	0.453101322046298
76	0.455793430299068
76	0.453818220093679
76	0.451224662162162
76	0.453480945284224
76	0.446513824038613
76	0.453201718494272
76	0.451210789823235
76	0.44873417721519
76	0.444907778668805
76	0.450704225352113
76	0.453686299081036
76	0.461228004089759
76	0.456964892412231
76	0.451850271941986
76	0.453970447539067
76	0.457427583002014
76	0.451459606245757
76	0.45149408590994
76	0.451040236024213
76	0.452586206896552
76	0.452245316910444
76	0.451198901447132
76	0.454309063893016
76	0.45424284324269
76	0.45203817961293
76	0.457102672292546
76	0.4572524370106
76	0.451095897680836
76	0.461517876257761
76	0.448144768856448
76	0.448921769242877
76	0.456599978829258
76	0.45799105750234
76	0.451469460771786
76	0.4459
76	0.45105290190036
76	0.452283021814963
76	0.454601797334986
76	0.458969916522287
76	0.456989817564701
76	0.451777741918132
76	0.455699455236921
76	0.451304254864229
76	0.456904249172751
76	0.452945011953923
76	0.453970826580227
76	0.449631826549397
76	0.452226974027329
76	0.458253664754621
76	0.451661552862863
76	0.460219255399978
76	0.451263152272606
76	0.453038674033149
76	0.459142933191376
76	0.45279593318809
76	0.454269568857262
76	0.4543440674303
76	0.460662195251783
76	0.449133922640642
76	0.457724398150609
76	0.446267432321575
76	0.453526239923122
76	0.455390334572491
76	0.449493906217724
76	0.454955923457321
76	0.456543830561053
76	0.454749439042633
76	0.457830081552596
76	0.453854450208002
76	0.455910340452527
76	0.458297180043384
76	0.460293564170117
76	0.450215774970103
76	0.451185600889833
76	0.453793392324205
76	0.454360737730541
76	0.457983415200972
76	0.449057956174483
76	0.452379735187363
76	0.455445544554455
76	0.448992184286302
76	0.456329377472413
76	0.447658828382838
76	0.452383382668164
76	0.456440435595644
76	0.453048969872658
76	0.453442377592474
76	0.451827599162686
77	0.454272553180477
77	0.45324221559963
77	0.453927375740407
77	0.450425510099457
77	0.452413575042159
77	0.451029633350075
77	0.45245382585752
77	0.45552853520981
77	0.449352784055887
77	0.453342618384401
77	0.453223001106836
77	0.453849381162157
77	0.447839666840187
77	0.454297056245811
77	0.451278038601982
77	0.450840168033607
77	0.457084432007749
77	0.452264478459839
77	0.451942848104603
77	0.447591318157755
77	0.45722248514487
77	0.457405047157787
77	0.451019985502744
77	0.45280437756498
77	0.454452195322117
77	0.459142352819022
77	0.455556727119359
77	0.450244358947697
77	0.453025873007116
77	0.45063079970806
77	0.455998260585965
77	0.453531407422638
77	0.449042338709677
77	0.454111675126904
77	0.451019032308251
77	0.454834943211973
77	0.455127543116803
77	0.454328791254339
77	0.453996184015264
77	0.449520885171264
77	0.454756022235948
77	0.449087877103441
77	0.455443474624993
77	0.448921088293547
77	0.454419818805344
77	0.454481475896044
77	0.453874154966199
77	0.447673503645806
77	0.459871422646205
77	0.452762459681615
77	0.450380469245403
77	0.452259456047136
77	0.454178942471701
77	0.45242592692536
77	0.455149863760218
77	0.45633387555917
77	0.45995915296141
77	0.459079283887468
77	0.449735718642
77	0.45093772666045
77	0.451840645486636
77	0.452079272254711
77	0.452372548030861
77	0.451163267397766
77	0.448307504078303
77	0.45495258166491
77	0.451093512351183
77	0.451189081835311
77	0.450808897876643
77	0.451755757007398
77	0.452014614315854
77	0.447618076099153
77	0.45315427857589
77	0.453777045345808
77	0.451251886939774
77	0.449725039099944
77	0.450105501518193
77	0.451567026599947
77	0.45275939340247
77	0.45178936605317
77	0.457151959222682
77	0.454944584248006
77	0.459939870246321
77	0.454742404227213
77	0.452021507600041
77	0.453061224489796
77	0.457038294261165
77	0.45251189846642
77	0.455885416666667
77	0.454283468692691
77	0.453469579271154
77	0.446841058589567
77	0.445497878581531
77	0.448044809715751
77	0.46324007807417
77	0.452042221202386
77	0.458104104951333
77	0.457519788918206
77	0.454521048109966
77	0.455654670357839
78	0.459374673219701
78	0.450152462659569
78	0.450172169333603
78	0.448477197412025
78	0.450798078413141
78	0.45191217400268
78	0.449182694786779
78	0.453595251851463
78	0.455401003154248
78	0.448370693233707
78	0.450456561440125
78	0.457147317479315
78	0.452206662423085
78	0.452500512400082
78	0.455458630716363
78	0.452023909395973
78	0.4605907439583
78	0.45580589254766
78	0.449159080388829
78	0.454631979695431
78	0.454756500206356
78	0.454061112562027
78	0.457851499136623
78	0.455285834384195
78	0.454810495626822
78	0.450353291186315
78	0.449867042077272
78	0.454695307268325
78	0.449418898433552
78	0.455225475528959
78	0.456648625703067
78	0.458268208815255
78	0.454122375588344
78	0.45322192033629
78	0.451058467741935
78	0.455485144400582
78	0.451056248409264
78	0.452027957216986
78	0.453346151791914
78	0.456201530213918
78	0.461671924290221
78	0.449200061731571
78	0.452631031613977
78	0.457551432672373
78	0.453033165407221
78	0.461367456487556
78	0.449981503989854
78	0.451701109533575
78	0.454365389627313
78	0.453289167227369
78	0.448816010058676
78	0.451567175933218
78	0.454735194364727
78	0.449782107152012
78	0.459000793021412
78	0.45413612565445
78	0.45266507557677
78	0.452906737880033
78	0.452744060587198
78	0.451235104587531
78	0.459966287399916
78	0.454317697228145
78	0.451508169250105
78	0.453571065731992
78	0.44849055616596
78	0.453266950674947
78	0.455608579369658
78	0.449831114643354
78	0.452373612823674
78	0.458134098395495
78	0.45115535382711
78	0.455008667332038
78	0.451745802863323
78	0.454076367389061
78	0.446598371421066
78	0.444438722966014
78	0.452275452223323
78	0.454430646179752
78	0.454170275640699
78	0.454633747380259
78	0.456453915710433
78	0.454492197901688
78	0.456066499706932
78	0.457177258925767
78	0.44964451946192
78	0.457470433300625
78	0.449077055162052
78	0.451934687877356
78	0.455630950502341
78	0.454779828813035
78	0.453308305959643
78	0.456890120430566
78	0.45263102338101
78	0.454056569626144
78	0.456535433070866
78	0.454707406607644
78	0.455285417885833
78	0.45859375
78	0.449994801954465
78	0.446349930055438
79	0.449379524301965
79	0.455542904461236
79	0.46249933272834
79	0.453128173877717
79	0.449118401088265
79	0.454894633032285
79	0.455347977827961
79	0.449621971917914
79	0.454709305319532
79	0.454511912291798
79	0.449287337326999
79	0.453514739229025
79	0.454535825875126
79	0.459985654267855
79	0.452918574661824
79	0.451051265081709
79	0.454098960238257
79	0.454484293329193
79	0.45258927663038
79	0.455676199214967
79	0.46004442378222
79	0.453812205143814
79	0.451423995194955
79	0.456054119761112
79	0.450280652968742
79	0.455405126085159
79	0.452476017630283
79	0.451551777117689
79	0.447963097335959
79	0.455696867773807
79	0.452770068866276
79	0.453476983349657
79	0.449658703071672
79	0.45292424709631
79	0.450883283978352
79	0.457113295395758
79	0.452703390693412
79	0.454193278190765
79	0.45171102661597
79	0.447499614534615
79	0.453836684448092
79	0.454899349485223
79	0.451254926363825
79	0.447624048306642
79	0.454348722176422
79	0.454454295967912
79	0.451676020802224
79	0.45880586194397
79	0.451691320988931
79	0.457511615900878
79	0.453563375111437
79	0.448702101359703
79	0.455385563199507
79	0.450375057406746
79	0.452695354979028
79	0.454536244364521
79	0.451461807700226
79	0.453454992823457
79	0.449213901530823
79	0.450533631173989
79	0.449615624350717
79	0.449895941727367
79	0.453194953194953
79	0.455667558115614
79	0.453472863445163
79	0.456001251890877
79	0.454550267351368
79	0.453818409910616
79	0.453091575837832
79	0.4497277676951
79	0.450144472043392
79	0.455543693762391
79	0.449009233322959
79	0.45118954248366
79	0.454166030437217
79	0.452707507873616
79	0.453321776372814
79	0.451492346285773
79	0.451165916963963
79	0.452539790933445
79	0.448998602701444
79	0.454450535108327
79	0.449631955525815
79	0.451912305968955
79	0.457896409278678
79	0.458681135225376
79	0.446953181770996
79	0.455177703912043
79	0.456001285415886
79	0.456600031316875
79	0.454715510522214
79	0.455734146467518
79	0.454721625726706
79	0.454280813016583
79	0.453993191935062
79	0.457347929360735
79	0.456255782872417
79	0.449566989302089
79	0.452929727514853
79	0.451263352506163
80	0.453739497964022
80	0.455451196097763
80	0.453170327393286
80	0.452037875669
80	0.451910341314315
80	0.454601289794247
80	0.458235386303087
80	0.45211546477699
80	0.453898894801474
80	0.449005039746454
80	0.453629137008365
80	0.454536050481018
80	0.449050974744098
80	0.45449721411515
80	0.449920345341487
80	0.450947190178855
80	0.450420673076923
80	0.451885400234085
80	0.455000782595085
80	0.456015017990301
80	0.453509933774834
80	0.455648218347233
80	0.452765036334587
80	0.449618399339934
80	0.452724276444536
80	0.444887729527901
80	0.453549060542797
80	0.452872719647725
80	0.454211519820417
80	0.455288385981455
80	0.450723566071617
80	0.449865461745443
80	0.452933793536241
80	0.449373588005751
80	0.447785958726537
80	0.452105099824144
80	0.451680342863116
80	0.448146017467706
80	0.449055653487786
80	0.451682953311618
80	0.449948665297741
80	0.456309682718965
80	0.4532722179781
80	0.451484947111473
80	0.451640716133286
80	0.458304870999947
80	0.446514697669696
80	0.447623514696685
80	0.446750949482337
80	0.457758757330797
80	0.447901933050448
80	0.457250851788756
80	0.454113024145597
80	0.456367860809423
80	0.456546627810158
80	0.449966831657907
80	0.451807228915663
80	0.455192784429559
80	0.453710024680985
80	0.450817985389443
80	0.454254182983268
80	0.452583045163995
80	0.45335792223759
80	0.448467966573816
80	0.454126301611149
80	0.451150470056615
80	0.454917820293462
80	0.453397189621599
80	0.452585100374801
80	0.453446686469323
80	0.454390407773012
80	0.454666598329148
80	0.45471580262336
80	0.452217005738133
80	0.454568438084644
80	0.44590824550527
80	0.451010233534505
80	0.450069170466773
80	0.459657573694958
80	0.453445360388924
80	0.452452810885467
80	0.459213707558078
80	0.455552137803753
80	0.453175230566535
80	0.458524495069346
80	0.453282696909791
80	0.457258445857195
80	0.452898188006807
80	0.454607688256977
80	0.454540831892607
80	0.45137376879212
80	0.453070499947151
80	0.457094438453243
80	0.461382746807848
80	0.451029996385978
80	0.454545454545455
80	0.457509270704574
80	0.452061045479897
80	0.449329623071085
80	0.450931103473042
81	0.459653131166269
81	0.449530271398747
81	0.451124368976595
81	0.453627229207218
81	0.446321967014065
81	0.453327942588568
81	0.454540747644196
81	0.453684210526316
81	0.456275324408883
81	0.452133734814661
81	0.452186350633429
81	0.457093821510297
81	0.456085807554796
81	0.455040871934605
81	0.45246055793543
81	0.452738654147105
81	0.44752434437632
81	0.451682066465874
81	0.452178370066632
81	0.454488778054863
81	0.452172577921081
81	0.456913000876695
81	0.451671136785641
81	0.457346212506355
81	0.450128139415684
81	0.457481770565883
81	0.456392973856209
81	0.457194430118618
81	0.452915029977259
81	0.449063905449221
81	0.448714144411474
81	0.447471410419314
81	0.453063750773674
81	0.450172539997909
81	0.448762337863676
81	0.450946112710819
81	0.457457713992824
81	0.453656024716787
81	0.448221060186609
81	0.450010264832683
81	0.452638529127939
81	0.458386615515772
81	0.457923610392299
81	0.453550751580177
81	0.450195759393909
81	0.451505188533854
81	0.452951130711246
81	0.447357577006284
81	0.450188640766799
81	0.458261819316586
81	0.456655149296065
81	0.451515923566879
81	0.453407224958949
81	0.453707080706508
81	0.445795390954876
81	0.458850476748522
81	0.450052894060753
81	0.450460233736684
81	0.451009873202025
81	0.453455533649491
81	0.455922289534155
81	0.449911578071362
81	0.449628574336013
81	0.447878443330405
81	0.454762151518292
81	0.448803088803089
81	0.452418424089812
81	0.457055373916654
81	0.446135180223447
81	0.447231661003398
81	0.451246105919003
81	0.455020491803279
81	0.45730680143188
81	0.453040719196192
81	0.45031605562579
81	0.449665831244779
81	0.452765036334587
81	0.44930899339934
81	0.454531379025599
81	0.447936016511868
81	0.446826335501676
81	0.45020778050368
81	0.453384085931797
81	0.455378506338136
81	0.453020974120238
81	0.450190801365736
81	0.453761107666873
81	0.450795460434264
81	0.454615941279851
81	0.452090231788079
81	0.453384813384813
81	0.45588944239113
81	0.455335968379447
81	0.451958013726282
81	0.458519324986391
81	0.450961391339828
81	0.452868540068093
81	0.455548711631249
81	0.453797307594615
81	0.456037151702786
82	0.453015215083658
82	0.451191856070151
82	0.454080589077521
82	0.452158752948416
82	0.454256285973947
82	0.449855102463258
82	0.451096746847515
82	0.446901742447675
82	0.448058227719245
82	0.451346074804768
82	0.446279715961717
82	0.451679161959536
82	0.45486146610776
82	0.453146357515314
82	0.449437067703337
82	0.452741460389644
82	0.452100753587282
82	0.451063395726016
82	0.455021442106313
82	0.451636213481986
82	0.453562275756023
82	0.457164750957854
82	0.44918533604888
82	0.453673301867433
82	0.456315215698489
82	0.456168330075111
82	0.454881506988049
82	0.455445544554455
82	0.451203660375396
82	0.453439471312707
82	0.450058101348962
82	0.45402210228733
82	0.447910326638263
82	0.449131129789099
82	0.455462523958438
82	0.452143742255266
82	0.450543812846296
82	0.455173114021728
82	0.451149283850962
82	0.454750204750205
82	0.448878310629463
82	0.451918210345177
82	0.453570507862851
82	0.4516703106727
82	0.452882023636741
82	0.456449948400413
82	0.449639736317645
82	0.452844539093398
82	0.457386363636364
82	0.450192736863461
82	0.451785169362222
82	0.455892186615915
82	0.450835359230332
82	0.449904243523838
82	0.455928619320233
82	0.451726923853767
82	0.45413012655569
82	0.453404649249126
82	0.451583388400346
82	0.454842998874911
82	0.448189699133095
82	0.451924079674627
82	0.452730297988201
82	0.454564081549022
82	0.456355125765136
82	0.449493664444558
82	0.45289046653144
82	0.447880698593805
82	0.454497660480522
82	0.452792386676684
82	0.45169302514193
82	0.453556485355649
82	0.447352647352647
82	0.459266694843618
82	0.441682697175256
82	0.45608875128999
82	0.448329100054784
82	0.444918872758326
82	0.451312315576953
82	0.45688861613992
82	0.44968633651247
82	0.452211710559959
82	0.45467362924282
82	0.453050451730789
82	0.450969330187712
82	0.452115812917595
82	0.454085359490765
82	0.454780361757106
82	0.45375737368556
82	0.446505938121209
82	0.450585838003057
82	0.454656240479334
82	0.457197537888584
82	0.453455168475157
82	0.452791249613043
82	0.453799721405355
82	0.44995881383855
82	0.453952517610227
82	0.449839179047327
82	0.456323604710701
83	0.447872234897332
83	0.449634961964568
83	0.454844006568144
83	0.451290289149135
83	0.454517595382808
83	0.451665016415655
83	0.453336836573831
83	0.45211706420144
83	0.45122201684124
83	0.449301668935612
83	0.451822190683765
83	0.44957422796758
83	0.453810442856398
83	0.453055443140429
83	0.451355250953313
83	0.454150982852363
83	0.449845561800597
83	0.45737738350158
83	0.456688797114329
83	0.452296445409758
83	0.448526054086965
83	0.449080694586313
83	0.45096930117756
83	0.454057434721426
83	0.451139214046823
83	0.450097749260615
83	0.452697302697303
83	0.451830929083022
83	0.455465794048471
83	0.456997455470738
83	0.450355161507751
83	0.458518753973299
83	0.447232398253626
83	0.455739373886485
83	0.452882483370288
83	0.452495731646078
83	0.457672939305592
83	0.462306802649564
83	0.457038945294742
83	0.454371443352302
83	0.453149388248326
83	0.449373588005751
83	0.44774658768993
83	0.451098929248425
83	0.454185290532304
83	0.449235258603341
83	0.450156002250524
83	0.448251465534667
83	0.453270554880518
83	0.451795161538857
83	0.453051764099923
83	0.455070371706965
83	0.45251000455904
83	0.458333333333333
83	0.452644340051523
83	0.449971879952963
83	0.453307688414233
83	0.458080572406284
83	0.453297553927134
83	0.452536909960491
83	0.452499104721952
83	0.448699313317628
83	0.45229775518848
83	0.453132310891604
83	0.452970043962785
83	0.451375120736109
83	0.452729218694256
83	0.452498827453228
83	0.453540515173636
83	0.454988935827801
83	0.449997475894795
83	0.457562454269886
83	0.451306661102707
83	0.450684720726266
83	0.451769639934534
83	0.453482246338637
83	0.454391284238656
83	0.452569367925473
83	0.45442134005461
83	0.452634800795797
83	0.452567581147623
83	0.455369952859192
83	0.456055328386087
83	0.453368421052632
83	0.455160744500846
83	0.45462967728653
83	0.444074037217634
83	0.455793667887142
83	0.4506964625714
83	0.453398597164051
83	0.447840156145667
83	0.448526792529642
83	0.452782893390628
83	0.453654594130424
83	0.449554083005331
83	0.454250683959874
83	0.449055074226073
83	0.457440166493236
83	0.448254962371837
83	0.454627994955864
84	0.446673336668334
84	0.453946360153257
84	0.452219214464477
84	0.456031681559708
84	0.4508960944784
84	0.451517470033155
84	0.448238000627418
84	0.449842333464722
84	0.451606239024894
84	0.451841002070812
84	0.451830985915493
84	0.453428557159267
84	0.448436033008845
84	0.456590454114424
84	0.451607859488195
84	0.452948365413993
84	0.447775482440671
84	0.45156861748106
84	0.447487644151565
84	0.452354987796645
84	0.452648069537093
84	0.45254961065059
84	0.452399768189242
84	0.447961728332231
84	0.448578016910069
84	0.451574782921441
84	0.452004616388178
84	0.448913264269754
84	0.45343300394245
84	0.455639255074283
84	0.45
84	0.453135606495744
84	0.451765303530607
84	0.454615384615385
84	0.452712867315214
84	0.45465283483977
84	0.453929879119226
84	0.447870854245356
84	0.450367375117116
84	0.45163067982566
84	0.45524203986539
84	0.45414847161572
84	0.450627999591545
84	0.453827491870129
84	0.447028159656565
84	0.448334756618275
84	0.453837023275017
84	0.453312709461201
84	0.453430374592834
84	0.451249809866653
84	0.453136415822983
84	0.453460865987864
84	0.452409172893584
84	0.446846578201879
84	0.446314061457959
84	0.454048306243354
84	0.451447604406866
84	0.458868894601542
84	0.449448803257523
84	0.453548875978783
84	0.458494309282656
84	0.455681876639745
84	0.450587992572725
84	0.447414351967287
84	0.451198543542025
84	0.451369023293829
84	0.454259953398845
84	0.457346588247541
84	0.448253197836089
84	0.452009801365935
84	0.451032104275498
84	0.454569095542726
84	0.448994974874372
84	0.449466886919958
84	0.451110205744551
84	0.450689127105666
84	0.452342904273416
84	0.451051596308065
84	0.45292646833699
84	0.455204529819548
84	0.450230414746544
84	0.451322482197355
84	0.451249192867432
84	0.451027873666856
84	0.44980305019695
84	0.452624055544211
84	0.450230029276453
84	0.451543979244035
84	0.451290421299602
84	0.451529839442593
84	0.456286512573025
84	0.455676279447604
84	0.446833324882105
84	0.450685069514407
84	0.444455696202532
84	0.446976511744128
84	0.450154675182118
84	0.450089303433221
84	0.45297092934144
84	0.454693960896421
85	0.448830913118385
85	0.452307375360527
85	0.457206863194338
85	0.453732423490488
85	0.451488286860482
85	0.453457716487528
85	0.45104036099273
85	0.451765431464255
85	0.448632705094236
85	0.452388180530257
85	0.454290907304613
85	0.452737070050864
85	0.4483200315302
85	0.451732673267327
85	0.452551071752038
85	0.45401285773538
85	0.458500952784247
85	0.453090041266842
85	0.454481120153667
85	0.448104762391938
85	0.453237410071942
85	0.453303076147252
85	0.451619215340965
85	0.454782654072953
85	0.453007614861757
85	0.453850553793354
85	0.448915167610362
85	0.450897839099117
85	0.450517661388551
85	0.454334485070393
85	0.453094826710031
85	0.454879167941266
85	0.453342904019688
85	0.452254509018036
85	0.447473978167047
85	0.450796531558782
85	0.447123750807935
85	0.454866984468707
85	0.449874494134522
85	0.449761251650919
85	0.450946291560102
85	0.452978624294809
85	0.449824167983283
85	0.453491842419419
85	0.45171102661597
85	0.451301491028557
85	0.448184143222506
85	0.451169259297414
85	0.452355542003354
85	0.449594497484858
85	0.451510496671787
85	0.449488427535512
85	0.451857429718875
85	0.45556685307575
85	0.453619385707671
85	0.453514140987759
85	0.449655940093099
85	0.450900459260024
85	0.446839440573462
85	0.453194872304482
85	0.448965310406878
85	0.449717000202143
85	0.4548874065901
85	0.45166163141994
85	0.457948717948718
85	0.445808383233533
85	0.453175623553613
85	0.458887733887734
85	0.451399827244551
85	0.457604649977056
85	0.450418463099163
85	0.449950957617056
85	0.449497753773156
85	0.450875038378876
85	0.455693549232301
85	0.448926061565872
85	0.450852506162695
85	0.458580806502032
85	0.454527183197669
85	0.447842626889579
85	0.451244865879012
85	0.452798247361083
85	0.450621150433239
85	0.450628543258565
85	0.454127048351204
85	0.457966537966538
85	0.455780196993261
85	0.45261654595532
85	0.448542827555599
85	0.451855235774834
85	0.451729427482805
85	0.450729472688343
85	0.453107517037941
85	0.452388165202464
85	0.456965849162869
85	0.454246349989718
85	0.453600366916374
85	0.453076413314982
85	0.459240132792328
85	0.450862600123229
86	0.449893928679665
86	0.452500754754956
86	0.452079107505071
86	0.452002639727905
86	0.452662571704147
86	0.453410634075003
86	0.452953502294951
86	0.450153027946415
86	0.449477894955582
86	0.452740830310359
86	0.455241281427413
86	0.449760055409885
86	0.454174837444525
86	0.443574136898823
86	0.452945056060068
86	0.452590078850185
86	0.451426526229676
86	0.456361618403794
86	0.450373912601109
86	0.454984249568133
86	0.453038390474235
86	0.452745321062972
86	0.449457656464837
86	0.455518327749162
86	0.454318725505166
86	0.452640745863429
86	0.453371013322568
86	0.449206666001397
86	0.448852942672567
86	0.452010343254069
86	0.450773274032144
86	0.452974947807933
86	0.453028064992614
86	0.455837978826779
86	0.450715704752687
86	0.446227680875219
86	0.453876272513704
86	0.451029759806637
86	0.456094161375252
86	0.452380952380952
86	0.452207714542011
86	0.45022303325223
86	0.454323805571406
86	0.456424551622574
86	0.45030315078024
86	0.454274945447332
86	0.454939297768374
86	0.45435579075921
86	0.451762523191095
86	0.454536420550532
86	0.453818144520232
86	0.456484240238357
86	0.456572769953052
86	0.450485733177356
86	0.454117175362101
86	0.454697476436607
86	0.459092328510461
86	0.456175710594315
86	0.443627694447204
86	0.452881561034639
86	0.455536225951699
86	0.453883617010594
86	0.448289698063998
86	0.449955405807155
86	0.453303539688182
86	0.452686447473937
86	0.448535273017138
86	0.452387083483545
86	0.449337389779817
86	0.445041816009558
86	0.452139724784515
86	0.454722692524755
86	0.456230742031621
86	0.452703380479486
86	0.455735852932115
86	0.449949494949495
86	0.449523621464185
86	0.454550045449955
86	0.452374917625589
86	0.447012114425328
86	0.446672698029755
86	0.448064648960264
86	0.454085801838611
86	0.452232187846417
86	0.452464245292726
86	0.453427871862885
86	0.456176500150769
86	0.451782023491455
86	0.446827794561934
86	0.445983650692643
86	0.454025358210494
86	0.453198089516963
86	0.454737275487623
86	0.453669536695367
86	0.445290105762578
86	0.45026678747609
86	0.451278401870584
86	0.444501568042774
86	0.453390261258514
86	0.449396749426663
87	0.454987588023709
87	0.452535168505212
87	0.449026287690039
87	0.447452868030485
87	0.446124950573349
87	0.457703458272934
87	0.44950111993484
87	0.453664230613073
87	0.45289619671148
87	0.453597710547833
87	0.445164161392405
87	0.451771604631516
87	0.452927376580987
87	0.453898202383357
87	0.453477958005772
87	0.45220091141269
87	0.453744268976057
87	0.451775887943972
87	0.449648475039199
87	0.454972147720239
87	0.451627351448193
87	0.455125894650121
87	0.448407580117075
87	0.456193199223935
87	0.449150014912019
87	0.454678822173321
87	0.455347187024835
87	0.453015427769986
87	0.447714242224365
87	0.451411290322581
87	0.449341438703141
87	0.451589277867292
87	0.450640927429651
87	0.453222770514321
87	0.449761501769503
87	0.452105739270278
87	0.448598130841121
87	0.447577802397019
87	0.449224331496224
87	0.45201030927835
87	0.452147208377385
87	0.452223512190197
87	0.454120603015075
87	0.450919163938555
87	0.444500150406096
87	0.454048944438609
87	0.451317122593718
87	0.449402390438247
87	0.454413140659112
87	0.451221339727259
87	0.456877975444751
87	0.449233339885984
87	0.446112006446414
87	0.449843958983504
87	0.45302892853543
87	0.448122729107792
87	0.449411295150669
87	0.449321311800258
87	0.450426384465221
87	0.451073865917302
87	0.451453121051301
87	0.446869586735956
87	0.453927531047171
87	0.451985999086897
87	0.448900772430184
87	0.448263660718799
87	0.45364324889005
87	0.451830395045697
87	0.450653083867063
87	0.452661233524499
87	0.4529030963015
87	0.451029411764706
87	0.453486628342914
87	0.452736065156528
87	0.454788306451613
87	0.451607978831671
87	0.448839636237142
87	0.446773947916138
87	0.449932912587586
87	0.449453892573936
87	0.453300758385504
87	0.447706603400554
87	0.450592885375494
87	0.452717224439668
87	0.453775267538644
87	0.457952003254017
87	0.447833065810594
87	0.456011804813514
87	0.445466620750726
87	0.455804315965028
87	0.453418263152776
87	0.450086672784746
87	0.448516927993608
87	0.452238209432454
87	0.453970197999592
87	0.447763496143959
87	0.457852933640789
87	0.455357601273297
87	0.448502154092776
87	0.447279434368275
88	0.457797652319732
88	0.453426530922352
88	0.452404910444758
88	0.447420733525494
88	0.45328441473589
88	0.45289449587954
88	0.451870449409992
88	0.451378520951528
88	0.451842751842752
88	0.452629435422288
88	0.459479091003424
88	0.447488122915193
88	0.454130302415263
88	0.45196278421812
88	0.455622768742562
88	0.453132098329211
88	0.454751701537686
88	0.454351362342416
88	0.453571974912039
88	0.450064721696704
88	0.450678823706227
88	0.452922333665914
88	0.450547213031306
88	0.44946128789777
88	0.4519368723099
88	0.45378064516129
88	0.448680053001733
88	0.457593891869583
88	0.451998616532437
88	0.447979872724582
88	0.452668581047628
88	0.453322420584173
88	0.448668639053254
88	0.452862985685072
88	0.448966440291479
88	0.455841464031141
88	0.453333333333333
88	0.454197684036394
88	0.449812827551784
88	0.450490855633627
88	0.452783525967799
88	0.449164099196929
88	0.448788155359497
88	0.449322958771221
88	0.449860446570973
88	0.450368399508801
88	0.454278332235676
88	0.455903662619297
88	0.450145450897783
88	0.450189963980856
88	0.455764480516207
88	0.456808638272346
88	0.457869224422442
88	0.453569762015866
88	0.44942805538832
88	0.452077781068009
88	0.45455008661979
88	0.453963936738189
88	0.454647199470926
88	0.451449238961169
88	0.453581983083665
88	0.451322482197355
88	0.456218828731554
88	0.449120666869981
88	0.450758895247574
88	0.449777733379951
88	0.4499850701702
88	0.453217408886418
88	0.449093802947066
88	0.449780114239499
88	0.453861484803189
88	0.447037074048166
88	0.4507396598571
88	0.447905921188364
88	0.453880454932612
88	0.453337959062299
88	0.440907706366129
88	0.451380611839491
88	0.454884528918864
88	0.452699306323515
88	0.453325823134825
88	0.454233178419883
88	0.458393483192411
88	0.450614176399517
88	0.449992525041112
88	0.450392038600724
88	0.451367008842362
88	0.457649712879409
88	0.450516835533722
88	0.446803282716595
88	0.448373551879395
88	0.453773393002441
88	0.45117509106332
88	0.448705460138426
88	0.449507389162562
88	0.460702384004102
88	0.457982319292772
88	0.455643335178383
88	0.44899166707756
88	0.455841604111038
89	0.447830240860864
89	0.451434654770354
89	0.450825447956513
89	0.450344100065304
89	0.45389613610436
89	0.447162088860397
89	0.45330481719116
89	0.44721085719988
89	0.449155928478673
89	0.449798807388374
89	0.452131619435208
89	0.446753510061331
89	0.453199231780047
89	0.450637504409615
89	0.452272377926935
89	0.448819683585367
89	0.451521009258317
89	0.453083245096556
89	0.449223771383368
89	0.452371280593074
89	0.447778933293716
89	0.45459624174708
89	0.454493830984461
89	0.453602647044298
89	0.449186583651336
89	0.45152162041404
89	0.453241338230914
89	0.447057068999801
89	0.453020974120238
89	0.446585463258786
89	0.453434960375549
89	0.450060716454159
89	0.45074088906688
89	0.451703830472643
89	0.452228334931611
89	0.453024517684887
89	0.453000667385389
89	0.453613378459088
89	0.450422255340288
89	0.449776331842212
89	0.455577339799814
89	0.450788880540947
89	0.453378745249025
89	0.450166360431047
89	0.451379958452864
89	0.454335143834239
89	0.450634802091113
89	0.448582794629538
89	0.457579899074853
89	0.446610633112846
89	0.457744330316282
89	0.450025012506253
89	0.446555344465553
89	0.453951732231236
89	0.44741541819625
89	0.45435092724679
89	0.448386439987784
89	0.450252109230692
89	0.449456466524434
89	0.453881784311751
89	0.452995713288805
89	0.452235412983077
89	0.45443189767163
89	0.448830853325235
89	0.447774750227066
89	0.447435771237327
89	0.450356365076223
89	0.444081591639871
89	0.448865637104482
89	0.450515876990885
89	0.452684119384741
89	0.455009604691133
89	0.452739794390658
89	0.448945147679325
89	0.452876684771676
89	0.445407708312692
89	0.455281303087839
89	0.449636657246669
89	0.454698500153046
89	0.451387502495508
89	0.453306797305573
89	0.448714724080688
89	0.454289308176101
89	0.454452247911006
89	0.449063083994141
89	0.458288905813658
89	0.455079938112429
89	0.452881561034639
89	0.45347179800448
89	0.453588612670409
89	0.451802052267098
89	0.447656010622
89	0.451236975951805
89	0.44361320325532
89	0.450912206430803
89	0.451473223173402
89	0.454147602944102
89	0.453222347053416
89	0.450753300289542
89	0.44836446289159
90	0.451734309836232
90	0.446802325581395
90	0.448784593296698
90	0.453986503374156
90	0.450482121333869
90	0.448828667857852
90	0.451679197994987
90	0.45250380854096
90	0.449247157635973
90	0.449203434413619
90	0.445530238819365
90	0.450430612644353
90	0.450456290829302
90	0.452308307907768
90	0.449414378029079
90	0.448291434592804
90	0.452870801421635
90	0.448870983785935
90	0.454014227642276
90	0.455421447374957
90	0.449871962120114
90	0.449479088779223
90	0.45293583535109
90	0.44776496763754
90	0.450826361966946
90	0.448751806268374
90	0.454688371621279
90	0.449286885653233
90	0.451659740649877
90	0.449008637612878
90	0.44994829878379
90	0.450809220205983
90	0.450542310191433
90	0.4521685317931
90	0.454781912765106
90	0.451566438602809
90	0.450045505106684
90	0.448657266703204
90	0.454810642257205
90	0.453612845673506
90	0.452351144273624
90	0.451590560530352
90	0.452850539291217
90	0.453746484531941
90	0.453325320512821
90	0.449992591495036
90	0.454545454545455
90	0.451945080091533
90	0.453023488255872
90	0.449142004476498
90	0.452962706499159
90	0.451854052180801
90	0.451158310944391
90	0.451351083836484
90	0.453783633701853
90	0.451731942530998
90	0.452386853715362
90	0.448811791837962
90	0.454203451043339
90	0.451984381950279
90	0.452527066806366
90	0.45332656170645
90	0.447472159258894
90	0.454240176423416
90	0.451163487466294
90	0.454486797697042
90	0.453924576858359
90	0.450149136961518
90	0.452630020724366
90	0.451760563380282
90	0.44911459393446
90	0.459112211047338
90	0.449139125272116
90	0.455570224433838
90	0.456435891027243
90	0.451116356840759
90	0.448452327718984
90	0.457618567103935
90	0.450535289452815
90	0.454174845236298
90	0.453583959899749
90	0.448858956344784
90	0.446192792613918
90	0.450772986167616
90	0.452021726010863
90	0.451328769881216
90	0.450632528602389
90	0.448606872107906
90	0.450184870590587
90	0.45293936911102
90	0.456004785881649
90	0.44911283891547
90	0.450690479675987
90	0.453494118809924
90	0.44887304854174
90	0.454424756166062
90	0.455677882875898
90	0.446898852550169
90	0.449407474931632
90	0.457852077001013
91	0.449768769064253
91	0.450792864222002
91	0.454298095334072
91	0.449300784485699
91	0.450616978046484
91	0.447884519661523
91	0.44840992921942
91	0.451772383447867
91	0.444645823893672
91	0.451331766549158
91	0.456121454582756
91	0.452987903016458
91	0.452100840336134
91	0.452091236021479
91	0.448836404960719
91	0.450932807523131
91	0.453858251737608
91	0.446895819252679
91	0.449282533399307
91	0.453666194044967
91	0.450875780148983
91	0.449745322507439
91	0.452611122184572
91	0.450027526149842
91	0.451178622231254
91	0.445977701114944
91	0.44920446684455
91	0.452968174711252
91	0.454454102396624
91	0.447042504706232
91	0.456113753986094
91	0.451492164886715
91	0.455076551168413
91	0.448183500535697
91	0.455342300136013
91	0.449269660158363
91	0.454216090128542
91	0.451278437688746
91	0.45438570065773
91	0.454158529868309
91	0.453221010901883
91	0.454772239684678
91	0.452074898785425
91	0.447310351591232
91	0.449736482529768
91	0.451293909278756
91	0.447827591320251
91	0.458089767701926
91	0.446202846620882
91	0.453127306727031
91	0.447125307125307
91	0.456947909771373
91	0.451741746296577
91	0.449133496479049
91	0.448432735089737
91	0.45693535188216
91	0.451210381831794
91	0.44771811078485
91	0.448908681609083
91	0.451963284038756
91	0.452346371512996
91	0.451482612550488
91	0.452583387835186
91	0.455538694992413
91	0.452673027411783
91	0.450233932528934
91	0.455274429724076
91	0.447542697804113
91	0.453081232492997
91	0.444672541558181
91	0.445097355709377
91	0.449417904456042
91	0.446721108636476
91	0.451393710941375
91	0.452101589187584
91	0.452176113360324
91	0.450208085612366
91	0.449291537267081
91	0.450639988230102
91	0.44837432994339
91	0.450714494021581
91	0.451213472015849
91	0.447509386733417
91	0.446503582900914
91	0.448112501870044
91	0.451468836840016
91	0.454169572581449
91	0.452312791924062
91	0.451861675999607
91	0.445770704391394
91	0.449173636001593
91	0.451305932374975
91	0.452974460926747
91	0.453220975684045
91	0.447016076850331
91	0.451234784351049
91	0.452689517137853
91	0.45044243412922
91	0.449987577639752
91	0.452940572718875
92	0.449440981497972
92	0.44976908178974
92	0.450328833506404
92	0.450637487176982
92	0.450686148682002
92	0.450413018746599
92	0.453814666863935
92	0.450287755507045
92	0.452648475120385
92	0.451879285321055
92	0.455796640054856
92	0.452982810920121
92	0.452419436306698
92	0.454421148587056
92	0.453492471168857
92	0.449354790493747
92	0.449262536873156
92	0.456860395446375
92	0.450917756819795
92	0.451294514433092
92	0.450012354830739
92	0.446943623054923
92	0.449083047562248
92	0.447129162960767
92	0.449550846195841
92	0.446829606861336
92	0.450181341930284
92	0.449551291586097
92	0.450469495108402
92	0.453519289620228
92	0.450076125927017
92	0.448684991101444
92	0.444777611194403
92	0.445751308248193
92	0.4474990268587
92	0.453527661505875
92	0.450362122481155
92	0.452093437592794
92	0.450137879167711
92	0.450659208949261
92	0.450840274013109
92	0.451274215014541
92	0.450852357691157
92	0.44761421319797
92	0.450919632147141
92	0.450919335705813
92	0.449023332846218
92	0.452601243743364
92	0.449714314607878
92	0.454481617093846
92	0.45344291871304
92	0.449130050132704
92	0.450571385797695
92	0.453052339962402
92	0.452706172332341
92	0.448736625307681
92	0.445583091097207
92	0.451712328767123
92	0.454139264019278
92	0.44914355009853
92	0.451704258116719
92	0.454434870755195
92	0.450621616202126
92	0.45520801700577
92	0.449919026353241
92	0.449274649618884
92	0.450906880129699
92	0.44506480558325
92	0.451659379968203
92	0.452215642229937
92	0.450012578616352
92	0.450558686838722
92	0.453881819078623
92	0.451668878228029
92	0.444071643558494
92	0.450579978555415
92	0.452337767029424
92	0.452513966480447
92	0.449811474574544
92	0.448736998514116
92	0.451092923445454
92	0.449872223314331
92	0.455196950444727
92	0.451091789348879
92	0.451679821898401
92	0.45446682946683
92	0.449118178709268
92	0.454440483960038
92	0.452869773714971
92	0.450276789244761
92	0.449575918027161
92	0.451502230064206
92	0.451797991789088
92	0.448019801980198
92	0.455329667557887
92	0.446952264381885
92	0.449397998162565
92	0.453083245096556
92	0.454233698118917
92	0.451358242620379
93	0.457845315024233
93	0.448724387304138
93	0.449355797819623
93	0.448939512961508
93	0.449140617147452
93	0.44973203652243
93	0.452866467641552
93	0.454181296671777
93	0.449969678593087
93	0.451039019285394
93	0.449676280164803
93	0.445164749463833
93	0.457131164313485
93	0.450100337722089
93	0.448523185734921
93	0.455175183214537
93	0.448716692789969
93	0.453200726978998
93	0.447997240971572
93	0.452203523663821
93	0.452519574382654
93	0.451857392171528
93	0.450656129567296
93	0.452751460409406
93	0.452902710527629
93	0.454348894348894
93	0.448956799837555
93	0.446968579436495
93	0.449493201483313
93	0.455971353641315
93	0.448066978576705
93	0.455557784911718
93	0.451203478964401
93	0.449200826904654
93	0.452918787998616
93	0.453517462223556
93	0.449484230788214
93	0.450967345685331
93	0.447290640394089
93	0.445575567736883
93	0.449037706205813
93	0.450936329588015
93	0.455349070818684
93	0.45301338162793
93	0.446499273292237
93	0.450242900786297
93	0.448581472495915
93	0.45305023923445
93	0.449922573555123
93	0.453189726594863
93	0.449290953545232
93	0.451986424436015
93	0.45134626806573
93	0.454918232853307
93	0.449628060495591
93	0.447242266740677
93	0.451690578910404
93	0.449299419030415
93	0.448775272161742
93	0.455974524868581
93	0.453245653365217
93	0.450060168471721
93	0.454728370221328
93	0.453844288139704
93	0.450271779050977
93	0.448666733246779
93	0.447881376736878
93	0.450691430301807
93	0.453564034309376
93	0.452311205997716
93	0.45666890599969
93	0.452063523184002
93	0.453653270523578
93	0.455052820410604
93	0.448664987405542
93	0.45401400997833
93	0.452064276885043
93	0.449559589274417
93	0.45049850448654
93	0.45203171456888
93	0.448619441828186
93	0.451713704677347
93	0.454256954430505
93	0.448268971374332
93	0.451854814518548
93	0.449834347030609
93	0.452985895768731
93	0.449815055483355
93	0.444855769230769
93	0.44803438616826
93	0.450026959462771
93	0.450937484458149
93	0.446514907332796
93	0.452625256519345
93	0.455441620845098
93	0.451238506757775
93	0.448929571828731
93	0.4498730964467
93	0.447798804288749
93	0.452448704508013
94	0.45
94	0.450024545900835
94	0.446733372572101
94	0.449499545040946
94	0.448306772908367
94	0.452054110717316
94	0.454000393159033
94	0.450284928276675
94	0.453135905872968
94	0.448917602815679
94	0.448407202216067
94	0.448963667398196
94	0.451596781448348
94	0.454322960891064
94	0.448022849263801
94	0.448013732221677
94	0.452132331414072
94	0.452880094043887
94	0.452225548412426
94	0.450744330102907
94	0.451467930242782
94	0.44797435150102
94	0.453119622400315
94	0.452255770867758
94	0.455721935739786
94	0.453386170807296
94	0.452651421201448
94	0.449130050132704
94	0.449163065613669
94	0.451313680734301
94	0.451851851851852
94	0.445445736434109
94	0.450871990752375
94	0.446497343148247
94	0.444498777506112
94	0.446799116997793
94	0.451818953041569
94	0.45283486011389
94	0.452033101757254
94	0.448131568703776
94	0.448267447535383
94	0.45021350931677
94	0.455408732351907
94	0.45040055385224
94	0.454017767009893
94	0.450152844887092
94	0.455128852956038
94	0.457883259800193
94	0.453997509339975
94	0.453695836873407
94	0.452056873956383
94	0.452108613487169
94	0.448335730939035
94	0.448119325551232
94	0.4537895105946
94	0.456650860993262
94	0.454467179902755
94	0.448308224252902
94	0.452251160912578
94	0.451199052600414
94	0.450523864959255
94	0.447495325263261
94	0.450530035335689
94	0.456446348429213
94	0.451372064276885
94	0.444611140686251
94	0.448915342614
94	0.453638151425762
94	0.44785097506549
94	0.451140787463657
94	0.449243425885118
94	0.453541903866145
94	0.451112001602885
94	0.454340868173635
94	0.453306032760687
94	0.448630972717068
94	0.457494804075632
94	0.451082897684839
94	0.449326303456356
94	0.458297978537559
94	0.44807881773399
94	0.449240963259655
94	0.453753860173138
94	0.450810863618601
94	0.455583126550868
94	0.44914464977207
94	0.450785854616896
94	0.448905467753019
94	0.446005699125479
94	0.44840227891999
94	0.451245517107686
94	0.449502414030939
94	0.456450815620366
94	0.448818897637795
94	0.451448881867996
94	0.45366623902102
94	0.448582352649089
94	0.450985346134411
94	0.446355121661133
94	0.453371878582465
95	0.445534885991895
95	0.451803666469545
95	0.451000792707095
95	0.449769361495509
95	0.448685826578236
95	0.450765441638093
95	0.445444915254237
95	0.449760765550239
95	0.448194080735214
95	0.453917166927307
95	0.45019541036176
95	0.452003588516746
95	0.446103226440112
95	0.450515876990885
95	0.450210656753408
95	0.450091974053635
95	0.448286244793496
95	0.448596273291925
95	0.449351944167498
95	0.450363312641355
95	0.45217306472855
95	0.455035971223022
95	0.445620164711754
95	0.449792858551983
95	0.451338928856914
95	0.447126991791405
95	0.454725207868587
95	0.448466738512785
95	0.455585498550872
95	0.449487413967368
95	0.450420005793183
95	0.450759789596727
95	0.454148254803634
95	0.447886494182336
95	0.45012153380624
95	0.453228253952714
95	0.450911640953717
95	0.4545859525813
95	0.450116700600884
95	0.449006753093114
95	0.449883565376802
95	0.45265426838438
95	0.449301219149569
95	0.454684473442757
95	0.451562813063514
95	0.452397160361762
95	0.449903230608903
95	0.449431356620634
95	0.446185688941455
95	0.450162034763822
95	0.450766395032984
95	0.459066100667071
95	0.451972386587771
95	0.452255825483391
95	0.449185683877036
95	0.446245983055799
95	0.448741317306271
95	0.450435921987603
95	0.447870342919261
95	0.453452558370591
95	0.449661157427722
95	0.450147928994083
95	0.450177491125444
95	0.451855592022217
95	0.44930728937191
95	0.453035079817845
95	0.450484764542936
95	0.444373776908023
95	0.453700516351119
95	0.453945749027716
95	0.452504149175046
95	0.453670456812288
95	0.454275974507188
95	0.453370814223011
95	0.448581472495915
95	0.446218038911261
95	0.448658560123528
95	0.452459663492377
95	0.445925852498017
95	0.449726419356458
95	0.446057584201007
95	0.450162961521623
95	0.450142310334675
95	0.450698661926628
95	0.450116469247163
95	0.452325175696556
95	0.448617556071152
95	0.453487798866157
95	0.453036457549772
95	0.454006223259432
95	0.445817820799206
95	0.446644505468035
95	0.449379202041517
95	0.452227418163918
95	0.449364575059571
95	0.448505976095618
95	0.451890976132343
95	0.446100251596671
95	0.446554879556809
95	0.448304875030933
96	0.451166001084652
96	0.454395356982038
96	0.45218468575785
96	0.451870471684164
96	0.450136579287871
96	0.450038767202946
96	0.455619183965641
96	0.447873633049818
96	0.450346761103733
96	0.449194456686744
96	0.454648080887405
96	0.448521116397704
96	0.454856972586412
96	0.450190634470623
96	0.451563427666733
96	0.454632571745599
96	0.453005927180356
96	0.448228346456693
96	0.451184834123223
96	0.448843085765248
96	0.455316306079449
96	0.448416601101495
96	0.448857849556235
96	0.442577168054875
96	0.452196382428941
96	0.453150202844714
96	0.447228066741694
96	0.44782825761358
96	0.447374788289378
96	0.452918009308987
96	0.452884709569987
96	0.45383094163582
96	0.45109460705791
96	0.450897308075773
96	0.449121433116343
96	0.453171310017783
96	0.450173181593271
96	0.450688186949203
96	0.448202436367238
96	0.450114736106954
96	0.449281013892274
96	0.451068396916772
96	0.454237635953212
96	0.448546081813701
96	0.450143309699804
96	0.450713424437299
96	0.451524783947551
96	0.449749842133385
96	0.447631166797181
96	0.451306180463657
96	0.448938667710066
96	0.452832045667044
96	0.450572634116938
96	0.44941348973607
96	0.450433828662611
96	0.451097116993014
96	0.448745173745174
96	0.449808771668405
96	0.450493583415597
96	0.444095261478026
96	0.445603797843932
96	0.451121518363323
96	0.448904929055223
96	0.445276497695853
96	0.450631031922791
96	0.451310303752233
96	0.453688297282307
96	0.452456418383518
96	0.452347929463047
96	0.449975716367169
96	0.451041405269762
96	0.45405271009448
96	0.449616193223488
96	0.449236342275308
96	0.449171887901307
96	0.450721690392342
96	0.448177480446653
96	0.450369717447725
96	0.448502700049092
96	0.448199853049228
96	0.453123491358501
96	0.445550322862553
96	0.450764256319812
96	0.446834939878764
96	0.451711878439585
96	0.449301307872097
96	0.450369717447725
96	0.448797994198909
96	0.45425048669695
96	0.449073161112207
96	0.447480620155039
96	0.45066158878961
96	0.446548208563938
96	0.451242266522636
96	0.452295943667559
96	0.451565485815082
96	0.445900504401147
96	0.449594607795253
96	0.449887662401094
96	0.452978681012154
97	0.453171908066342
97	0.454706030784759
97	0.452895042602634
97	0.446619470708415
97	0.449559724349158
97	0.448050691690045
97	0.447496191926885
97	0.454142380311862
97	0.450162172629133
97	0.451989813751436
97	0.450874896999661
97	0.452261804488926
97	0.448537696565914
97	0.451548251327788
97	0.448023068276233
97	0.448816936488169
97	0.453869047619048
97	0.449443638122883
97	0.453473914557119
97	0.45049408081401
97	0.447885382305155
97	0.450950230734878
97	0.447610382147304
97	0.449402705104156
97	0.452266666666667
97	0.445440449655974
97	0.44991238317757
97	0.45059807449188
97	0.448772016869263
97	0.446284669006773
97	0.447049196110523
97	0.45358063876215
97	0.449918142580741
97	0.452789076118536
97	0.451268422324233
97	0.451438672296966
97	0.451708550041316
97	0.450163438551983
97	0.45016029593095
97	0.448797349848769
97	0.447433714424714
97	0.44954128440367
97	0.452017849262002
97	0.45321766406901
97	0.448883075065406
97	0.448730915570968
97	0.450290097354705
97	0.454338960301482
97	0.44548150308687
97	0.452306028124693
97	0.451049464259504
97	0.450516693163752
97	0.453173374613003
97	0.443185120604475
97	0.449162065764401
97	0.449022138389755
97	0.447483858248312
97	0.453508157341607
97	0.448390082322568
97	0.452441645424102
97	0.452356279299284
97	0.450906568909145
97	0.450142038615244
97	0.448155606856918
97	0.449639765968764
97	0.4531438789812
97	0.448795180722892
97	0.450691743390281
97	0.449165255262521
97	0.450443074552109
97	0.453014937303292
97	0.44997552618698
97	0.452812892019685
97	0.453842340109073
97	0.44944420173778
97	0.452370489722182
97	0.45084925179233
97	0.447287314710631
97	0.445504747142027
97	0.451863117870722
97	0.45188039607824
97	0.451520111094579
97	0.447240618101545
97	0.447080648310877
97	0.452346516383223
97	0.454298821092093
97	0.448794747687737
97	0.449068353679632
97	0.449309645650285
97	0.45026489082537
97	0.448544825232779
97	0.453422724064926
97	0.448221808562751
97	0.453911735205617
97	0.449641681193105
97	0.448287671232877
97	0.448777648428405
97	0.4494497432135
97	0.450034290193005
97	0.448165560025202
98	0.443816392164506
98	0.4496891996892
98	0.452657004830918
98	0.450504746120235
98	0.454242928452579
98	0.44859496124031
98	0.450343049000049
98	0.452297517397957
98	0.450311332503113
98	0.44833930473516
98	0.451029803731524
98	0.453812496927388
98	0.450804921939594
98	0.451009138444998
98	0.455901171375135
98	0.448197435277038
98	0.455239795665328
98	0.448976579413501
98	0.450117517627644
98	0.448546856465006
98	0.454167501502705
98	0.451934957742302
98	0.444033613445378
98	0.452400969289353
98	0.446464646464646
98	0.453732081067721
98	0.452174341780889
98	0.448879142300195
98	0.453367875647668
98	0.451972088880091
98	0.455160071584808
98	0.449462260937272
98	0.448905645595652
98	0.453010025186429
98	0.450565666502705
98	0.454861974633176
98	0.447283721837511
98	0.452007497287166
98	0.450781517957764
98	0.448640263706433
98	0.449673902462766
98	0.450306748466258
98	0.451167886846955
98	0.44869591589163
98	0.448545970821502
98	0.449936566800039
98	0.452631067016827
98	0.448065867680016
98	0.449367088607595
98	0.447518109776849
98	0.452277285847072
98	0.450879620478355
98	0.446194977561348
98	0.44643999409536
98	0.45252131546894
98	0.450291833486084
98	0.448995513945777
98	0.448234097185214
98	0.448290721057167
98	0.455082683617222
98	0.447079468538481
98	0.44736076072191
98	0.453702770780856
98	0.450171149144254
98	0.45188610367486
98	0.449970743124634
98	0.446858370355905
98	0.449538077403246
98	0.445227294662677
98	0.448649443600177
98	0.448389281222792
98	0.446273455871767
98	0.449097195543604
98	0.44533231255084
98	0.451297740057239
98	0.452778896496174
98	0.449497903870527
98	0.451339219651754
98	0.449628586687382
98	0.452317290552585
98	0.449795081967213
98	0.454821224327416
98	0.453775304142245
98	0.448983524424318
98	0.453044008537453
98	0.448190908651756
98	0.449651926659476
98	0.452641926763333
98	0.45251097025841
98	0.451842402237378
98	0.449923566250801
98	0.45048649182595
98	0.452170553865469
98	0.451735592893939
98	0.4480667539902
98	0.447810799094456
98	0.451146081060568
98	0.453145883867135
98	0.453966530088365
98	0.45394963780614
99	0.450123182454954
99	0.449625231188553
99	0.450065289935677
99	0.444948374022966
99	0.450072709646146
99	0.446930409443374
99	0.450796950796951
99	0.451756485115344
99	0.449678695007415
99	0.449244801883091
99	0.455813263438999
99	0.450110974106042
99	0.450009558401835
99	0.450879261224089
99	0.450034089802279
99	0.448039168626698
99	0.454836170422119
99	0.451639304799962
99	0.449079872820118
99	0.449771022118289
99	0.453110537341063
99	0.453738595795319
99	0.448749148252701
99	0.449627231704924
99	0.451373895976448
99	0.450493821033302
99	0.450197628458498
99	0.449459446356717
99	0.4529636989289
99	0.448577245865819
99	0.450445597884634
99	0.450151352406992
99	0.448338487213469
99	0.449675726521115
99	0.449477351916376
99	0.449003178272176
99	0.447190153611297
99	0.449410632667789
99	0.447777234978017
99	0.454805964349896
99	0.453179303930687
99	0.451558634339436
99	0.452183772059548
99	0.450406504065041
99	0.449791696595317
99	0.448691661784808
99	0.445179170515875
99	0.446899848773111
99	0.449041323120457
99	0.45157152020526
99	0.447350576382834
99	0.450898433746517
99	0.447819837086727
99	0.449806201550388
99	0.453110167374469
99	0.448383523013395
99	0.449723491223852
99	0.450503796380307
99	0.447099801654492
99	0.449249394673123
99	0.447961373390558
99	0.44959289415248
99	0.452648632726202
99	0.450611757684273
99	0.449314670412166
99	0.453483190572857
99	0.446850009752292
99	0.45494135695551
99	0.447058823529412
99	0.451831949193942
99	0.450120365912374
99	0.44752080190745
99	0.450081833060556
99	0.447653780695356
99	0.451578539608755
99	0.450858112153263
99	0.449064248504727
99	0.452113934100834
99	0.451661557923418
99	0.448676470588235
99	0.448897894632796
99	0.450507427562877
99	0.455325371679259
99	0.445670505469089
99	0.445992516738874
99	0.447141472868217
99	0.451979363032047
99	0.451070038910506
99	0.449329104659673
99	0.448885170054634
99	0.449090110747914
99	0.450911228689006
99	0.451185254546351
99	0.449995154569241
99	0.448662556434778
99	0.448402130492676
99	0.45109439124487
99	0.446813666101284
99	0.449102983447319
99	0.454635059878764
100	0.450084017001087
100	0.444173929980036
100	0.446280174119509
100	0.449285680383502
100	0.454600120264582
100	0.445442562124689
100	0.445888724766125
100	0.450547830786616
100	0.453090480632333
100	0.44883260018369
100	0.44619081951454
100	0.450909798579352
100	0.449709101666502
100	0.452362472106336
100	0.455193891902753
100	0.45355790312936
100	0.449950980392157
100	0.451687836702417
100	0.451693544434096
100	0.449790396341463
100	0.445970120388725
100	0.447923354239716
100	0.442534194528875
100	0.452851358602859
100	0.451418371285218
100	0.450341718772721
100	0.453128840387357
100	0.449951923076923
100	0.45105943660587
100	0.447801534823109
100	0.44943600761756
100	0.44414854984748
100	0.448487245402412
100	0.451846738004833
100	0.452109746434231
100	0.450533602538218
100	0.450598586470503
100	0.451174471856995
100	0.449616971125516
100	0.452498275352321
100	0.451448536904935
100	0.450592314360012
100	0.449821480266332
100	0.450620876988747
100	0.449668357393679
100	0.452762324956839
100	0.454893782132118
100	0.447800203281545
100	0.451885089986831
100	0.446431203025986
100	0.449266175825247
100	0.448448351221407
100	0.451890368354553
100	0.452792127921279
100	0.451089833036616
100	0.445378954410781
100	0.450060518034374
100	0.452770164447925
100	0.451793449165328
100	0.446876796321134
100	0.445426741852241
100	0.448123729737768
100	0.452068079328905
100	0.451507742461288
100	0.447298279622001
100	0.45024620935108
100	0.45120987654321
100	0.450498697980642
100	0.448714230471771
100	0.444639385461615
100	0.450225809551264
100	0.451014576977093
100	0.450132818159865
100	0.449317692123534
100	0.450449569976544
100	0.448541525341603
100	0.452194086578804
100	0.453359837098807
100	0.447112522325858
100	0.45370649011937
100	0.452499027615714
100	0.456692913385827
100	0.451437683759406
100	0.45060229259763
100	0.44896471274424
100	0.450307827616535
100	0.450177764965888
100	0.449933376104229
100	0.451147065926105
100	0.44954967971873
100	0.44705939206495
100	0.450459301468782
100	0.456691348208518
100	0.449958400626438
100	0.44669320416287
100	0.445670505469089
100	0.44690048138324
100	0.451153846153846
100	0.449388753056235
100	0.452174754463206
101	0.44895364756503
101	0.451487079473428
101	0.448442064264849
101	0.447291646406691
101	0.449269679443192
101	0.450905075142843
101	0.446535707373718
101	0.448977604673807
101	0.448827956473803
101	0.447135404202364
101	0.451117112693346
101	0.449646214984976
101	0.452200674124371
101	0.449172576832151
101	0.447809969759048
101	0.45333070361422
101	0.453456402199529
101	0.452951490356517
101	0.448512698883289
101	0.444341418183593
101	0.447125722750514
101	0.452846672814639
101	0.447132359958011
101	0.450741911943566
101	0.452487814294677
101	0.450706262353565
101	0.451507304441296
101	0.44759247679061
101	0.448921761682916
101	0.449187980161431
101	0.45029463900733
101	0.451171590743705
101	0.448158613093243
101	0.45157758534886
101	0.454237288135593
101	0.45348551188075
101	0.451692856788777
101	0.446821931101407
101	0.448461797698715
101	0.447560734742248
101	0.451938790670034
101	0.449275362318841
101	0.451044834690474
101	0.453073953073953
101	0.44647806556437
101	0.445261084690397
101	0.449753837242977
101	0.452135922330097
101	0.449537283783129
101	0.446310165529743
101	0.449545409131781
101	0.446769317967126
101	0.447019547125992
101	0.445823710546574
101	0.447840925953406
101	0.447527604416707
101	0.449413454632511
101	0.4484390687001
101	0.449609393954098
101	0.450878652895394
101	0.444449870586512
101	0.451481811874319
101	0.446745135719433
101	0.449782923299566
101	0.450812407680945
101	0.44741349777321
101	0.451290551740469
101	0.451002611223334
101	0.452062318985319
101	0.448827396722598
101	0.447499282777087
101	0.446821720234968
101	0.451011637452315
101	0.446740858505564
101	0.450582968465588
101	0.450591560090051
101	0.454086137545374
101	0.450321941555225
101	0.447233069816173
101	0.446616468771117
101	0.443361575003673
101	0.450384710846364
101	0.447408424459373
101	0.452903225806452
101	0.445580018147954
101	0.449889497453637
101	0.449182727494511
101	0.453452861787016
101	0.449786739046142
101	0.451025056947608
101	0.444902512367834
101	0.453051982463747
101	0.447885939036382
101	0.446360797501802
101	0.45322890498005
101	0.449661227216337
101	0.449023963699957
101	0.449689501261401
101	0.453892516323456
101	0.453653111551666
102	0.451590696759601
102	0.450770652015364
102	0.449138222372423
102	0.450082870234961
102	0.447777671114524
102	0.450258966090101
102	0.449472528521648
102	0.455189746167379
102	0.450342801175318
102	0.446703932151118
102	0.448348391414504
102	0.446951488693775
102	0.449065966141273
102	0.447666127958931
102	0.447959673547768
102	0.449582871196412
102	0.446947358244308
102	0.451067836083445
102	0.448023705969507
102	0.448432261881286
102	0.444470924690181
102	0.4510550996483
102	0.453802206461781
102	0.450952175372955
102	0.452640200423974
102	0.451339646885262
102	0.450681752248332
102	0.447868465097962
102	0.447774221704975
102	0.448298802509029
102	0.453608739207175
102	0.445729366602687
102	0.449286176192608
102	0.454209748892171
102	0.452260587561999
102	0.450244933243685
102	0.446076334426541
102	0.453453011575437
102	0.452060087909965
102	0.452832929782082
102	0.453621472271561
102	0.451528511215542
102	0.452772963604853
102	0.449856454673739
102	0.453394198203505
102	0.447230828814872
102	0.449182073371406
102	0.454938824231573
102	0.449658869395711
102	0.44945295404814
102	0.44977607165707
102	0.450944309927361
102	0.448075631058643
102	0.448168203326992
102	0.44721771499475
102	0.44870294519212
102	0.447587111823881
102	0.448303986950055
102	0.449232557013509
102	0.449196312207366
102	0.454631521251682
102	0.445389522520781
102	0.447202232339551
102	0.450943858788919
102	0.441822541966427
102	0.44556617968257
102	0.454899805107191
102	0.449421479667771
102	0.452865688923196
102	0.450163438551983
102	0.452069068175052
102	0.445818216536185
102	0.450395647873393
102	0.448069629485559
102	0.453807460530903
102	0.449430096667148
102	0.449363133862052
102	0.445330241097744
102	0.454285990712074
102	0.44981667074065
102	0.452452793459217
102	0.452668729452717
102	0.44677001320358
102	0.449281735561419
102	0.45364666136725
102	0.448419097883986
102	0.452930900621118
102	0.45208000387428
102	0.448770197056144
102	0.449696551043568
102	0.45555994469682
102	0.452355718277291
102	0.451702296120348
102	0.447021460879607
102	0.448355311534879
102	0.44592112893872
102	0.451908471752658
102	0.44977716832362
102	0.454836415362731
102	0.450793957237318
103	0.447320487009874
103	0.447262888341306
103	0.446501665873394
103	0.448559070807212
103	0.452740654658145
103	0.449092891840983
103	0.446594982078853
103	0.44784591500097
103	0.452795061486453
103	0.455269069245043
103	0.444880195131283
103	0.449156188745996
103	0.448851269649335
103	0.450803889477231
103	0.445900553531722
103	0.452778180763093
103	0.448310664680156
103	0.452490010720203
103	0.451403148528405
103	0.453405725567621
103	0.446780240117686
103	0.445428585257248
103	0.449480550857695
103	0.450529691903975
103	0.453060229212387
103	0.451658675017125
103	0.450885512435885
103	0.449293778407702
103	0.449653702717102
103	0.450192572868623
103	0.451460522510363
103	0.453928414473363
103	0.444925804202769
103	0.448491255045166
103	0.447140212413524
103	0.447853644482858
103	0.44899332083994
103	0.453037863222777
103	0.453647453943794
103	0.448098959581915
103	0.45169453679353
103	0.445829896657125
103	0.448740620369928
103	0.451517282958199
103	0.452169265899043
103	0.453849156015221
103	0.449019996040388
103	0.451261799267964
103	0.451298543097988
103	0.453665618195016
103	0.45041402825134
103	0.452371732817038
103	0.450030772144108
103	0.45120975804839
103	0.448026948989413
103	0.452353395061728
103	0.453828395536745
103	0.450701563754902
103	0.445866741688939
103	0.449673834259483
103	0.447044632086852
103	0.449745031692322
103	0.45101343218911
103	0.446822085889571
103	0.45202842759846
103	0.451563103049016
103	0.449679517841768
103	0.452067485859177
103	0.449927290353854
103	0.449131994956842
103	0.45479289355174
103	0.44777031154551
103	0.449788249038602
103	0.448544647261963
103	0.455268389662028
103	0.445441389290883
103	0.45041182987332
103	0.449779543582538
103	0.450641274776525
103	0.450813734485923
103	0.44963836706956
103	0.447628128724672
103	0.451955906740806
103	0.446852474771744
103	0.448085023018905
103	0.451762882603642
103	0.45031794573079
103	0.450713767239294
103	0.451354649743715
103	0.455072169140069
103	0.450630854521124
103	0.447734431790647
103	0.446339556250611
103	0.448134184068059
103	0.449893904320988
103	0.451014325545621
103	0.448298897742998
103	0.448670876780731
103	0.448382573376529
103	0.449775697288863
104	0.446265152604092
104	0.452603664416586
104	0.450359994122545
104	0.451990402977036
104	0.451273131371696
104	0.444592282835963
104	0.451185061048599
104	0.446464551801696
104	0.449465036301108
104	0.44874431954078
104	0.44664012429598
104	0.453115166771554
104	0.45085953676506
104	0.451891569854036
104	0.451172341339955
104	0.449258018190522
104	0.448371118308249
104	0.447657219200305
104	0.451787856971442
104	0.447916666666667
104	0.447301617149304
104	0.446047316791691
104	0.452341300940439
104	0.455303404045387
104	0.447889709688044
104	0.449235650418229
104	0.454101137188483
104	0.450389659760502
104	0.446982841719684
104	0.452671495940493
104	0.449824115692789
104	0.450627853881279
104	0.452155778650759
104	0.45379473063311
104	0.451715374841169
104	0.445470118005329
104	0.446479005836942
104	0.44976167778837
104	0.448492523501047
104	0.448081694979958
104	0.44951542721519
104	0.44850182819697
104	0.448080885523983
104	0.450334633347778
104	0.447705291105632
104	0.448682486533702
104	0.444439108720707
104	0.455130409155656
104	0.446822678843227
104	0.448250939577913
104	0.449267856302086
104	0.446035397399183
104	0.448768279517126
104	0.449221004039238
104	0.445158813933404
104	0.450683806118011
104	0.45542845873188
104	0.4490562403698
104	0.448941998866427
104	0.449042888296583
104	0.44889372865416
104	0.449788306931164
104	0.45117618819011
104	0.448501962285824
104	0.451406280100173
104	0.451358242620379
104	0.448348999758978
104	0.445363030686184
104	0.45372688751926
104	0.447242206235012
104	0.442653619225788
104	0.450413816198632
104	0.448334756618275
104	0.450181679097342
104	0.448981552651806
104	0.446635171615889
104	0.449374233128834
104	0.44612810707457
104	0.446562123039807
104	0.450995591298871
104	0.447972290373791
104	0.447273759939417
104	0.451028333093629
104	0.446816640397383
104	0.449035547645389
104	0.451792366116782
104	0.445139256337486
104	0.452476958525346
104	0.448256254738438
104	0.448611440778543
104	0.450257206638843
104	0.447840339375241
104	0.448631929574114
104	0.45602621796126
104	0.448493754592212
104	0.449798425801497
104	0.448939800146234
104	0.447460087082729
104	0.450220008703641
104	0.448960761460761
105	0.444835457485258
105	0.450805008944544
105	0.456005859375
105	0.447279240898528
105	0.451047456177854
105	0.45377987635691
105	0.448636016787486
105	0.449159481720534
105	0.443664342389998
105	0.448467282373747
105	0.445716484679398
105	0.448461979365686
105	0.453262533486414
105	0.449514376382344
105	0.449827501232134
105	0.450218092167647
105	0.45090997330745
105	0.450002418847661
105	0.447789050535988
105	0.446439777938692
105	0.449245209986453
105	0.449036080221434
105	0.448
105	0.449921417345335
105	0.448498889854233
105	0.448277516553114
105	0.446928723198764
105	0.449216053643625
105	0.450531939822843
105	0.449593769530311
105	0.449076718065867
105	0.450340606180274
105	0.445079930617411
105	0.446731932047221
105	0.450656295576082
105	0.453195516086767
105	0.452421431000146
105	0.452846672814639
105	0.449026401834952
105	0.452952565343659
105	0.451702065755019
105	0.453708215573531
105	0.447554465445102
105	0.451070937315779
105	0.446549840908012
105	0.444644158367744
105	0.451170568561873
105	0.452020440995552
105	0.446508955080931
105	0.447444972364976
105	0.45138956134405
105	0.454719669795096
105	0.449687186589617
105	0.453385182969389
105	0.449030524092916
105	0.449661816943214
105	0.451679131837513
105	0.450363662636675
105	0.448491306243038
105	0.448431570351155
105	0.448217317487267
105	0.453078474690231
105	0.449378498908815
105	0.451408688928623
105	0.450989141752194
105	0.449317973682942
105	0.451774672574127
105	0.449481423771729
105	0.450686398597994
105	0.450009604302728
105	0.450099461452622
105	0.448886957361534
105	0.447939106706879
105	0.447716173513358
105	0.447017869575307
105	0.447368421052632
105	0.445666204522637
105	0.452178145534193
105	0.450848929191588
105	0.447930702598653
105	0.446148668141167
105	0.446342037167725
105	0.449586697424068
105	0.449767642408854
105	0.450490978571083
105	0.44714740805097
105	0.450286309213951
105	0.451810719459198
105	0.450274673233567
105	0.448033640751183
105	0.44918079634216
105	0.444601649021808
105	0.448077562853477
105	0.450615502981343
105	0.448904245751881
105	0.449350395623718
105	0.453658536585366
105	0.448974770858925
105	0.449040795925168
105	0.456348811772894
106	0.447822398190045
106	0.446074201898188
106	0.452275142498309
106	0.448721025099582
106	0.447612156295224
106	0.449093511450382
106	0.450192864030858
106	0.443616820667547
106	0.45132005103543
106	0.446736045411542
106	0.449535574068754
106	0.446967519402127
106	0.454294433948554
106	0.453812710663866
106	0.44583835946924
106	0.445342407486176
106	0.446554556876389
106	0.444960367712584
106	0.452711831692723
106	0.449895767683134
106	0.45193701091682
106	0.445063580511502
106	0.446949916923807
106	0.451178124696984
106	0.450901803607214
106	0.449489380064247
106	0.450290697674419
106	0.450842427723531
106	0.450161391337862
106	0.448631117046647
106	0.443738656987296
106	0.452435639774141
106	0.445303238655223
106	0.450281337179063
106	0.449864498644986
106	0.450966985739402
106	0.455874987478714
106	0.450208363270585
106	0.44895419518499
106	0.445311760809916
106	0.452655226805602
106	0.447489901904212
106	0.447605928177845
106	0.451061404758513
106	0.446517651573292
106	0.44512692547627
106	0.453620126752449
106	0.444896981312889
106	0.450267844216013
106	0.448800383877159
106	0.451986191471775
106	0.449050829627504
106	0.448359073359073
106	0.450800265176627
106	0.447093960367877
106	0.452631069371157
106	0.450738216922203
106	0.447626406529193
106	0.447538086823631
106	0.453245485602733
106	0.448256173573774
106	0.451227186910006
106	0.450372027427904
106	0.450733752620545
106	0.45218108593333
106	0.448593667924168
106	0.451292341503034
106	0.448398239719869
106	0.448025551684088
106	0.44781402468191
106	0.447564194864411
106	0.449655500118793
106	0.447572769282073
106	0.447347548173378
106	0.448089759977276
106	0.450626808100289
106	0.44656235182551
106	0.450231095440034
106	0.452240026947693
106	0.452611218568665
106	0.44846730568473
106	0.449090909090909
106	0.447798801939717
106	0.453165159447882
106	0.450985080336649
106	0.446106488384397
106	0.445432264885386
106	0.452340505851265
106	0.445346837378177
106	0.446810528811952
106	0.450459702660407
106	0.450716291466375
106	0.444370829586863
106	0.452237938384034
106	0.450144927536232
106	0.447735949354854
106	0.448485437837312
106	0.45084530440731
106	0.44762629626106
106	0.454399298450745
107	0.448581222624262
107	0.449259169298033
107	0.454667626589873
107	0.447680485722417
107	0.450303202577222
107	0.450762100434803
107	0.450238335981511
107	0.449188044245705
107	0.446351319229855
107	0.450766805217142
107	0.450103851963746
107	0.44228501344403
107	0.447167936402782
107	0.446328481936791
107	0.449481988404144
107	0.451796021561799
107	0.446002002574739
107	0.446236559139785
107	0.445737697285721
107	0.449577792875861
107	0.450578637829634
107	0.445733658024161
107	0.448188144948404
107	0.449123661148978
107	0.446081035398657
107	0.450087565674256
107	0.45328976682014
107	0.45173361121637
107	0.450256359692368
107	0.450689441290138
107	0.448325635103926
107	0.443429006616212
107	0.453861927546138
107	0.449092981289771
107	0.450201916995086
107	0.453394928059285
107	0.450463052286321
107	0.450827468137721
107	0.44786797672422
107	0.449718423169751
107	0.450892857142857
107	0.446659406221885
107	0.449525082334972
107	0.451139527202378
107	0.450966077772911
107	0.447615435668911
107	0.448075560802834
107	0.447638019351167
107	0.454851914278835
107	0.449628029757619
107	0.453828056072934
107	0.444865838627098
107	0.453048487758041
107	0.445966004309313
107	0.446151630095549
107	0.44509627667124
107	0.450061652281134
107	0.449924680499538
107	0.449750431944711
107	0.446873948772166
107	0.450995858804969
107	0.450052879530814
107	0.453656400525471
107	0.446356801740035
107	0.451039840826188
107	0.453192838675057
107	0.447168257351872
107	0.45259819468163
107	0.452910001458647
107	0.449902422771193
107	0.451336531871145
107	0.443942348856015
107	0.450533671564639
107	0.44342726362466
107	0.449791496908402
107	0.448574021879329
107	0.447486600028973
107	0.450356294536817
107	0.448105675714908
107	0.448547443878513
107	0.447138886226397
107	0.445134379295634
107	0.449347995328922
107	0.447400756143667
107	0.445283749757893
107	0.443417142318034
107	0.451954590794661
107	0.450717060770301
107	0.448300656727865
107	0.45021582733813
107	0.453239504974521
107	0.444783691108084
107	0.450248281130634
107	0.448912577927949
107	0.450880888548449
107	0.44573270470509
107	0.446827694205856
107	0.447589646164806
107	0.45107986664734
107	0.453352490421456
108	0.448277482727828
108	0.451531723370275
108	0.449299453811446
108	0.44409277717417
108	0.445960519529235
108	0.446666350755817
108	0.447694783678879
108	0.446413988567037
108	0.451302296471041
108	0.450259999028041
108	0.449475993175725
108	0.446674556213018
108	0.449006112528276
108	0.450016813181534
108	0.445972123789275
108	0.449220595181861
108	0.448194029142342
108	0.448873733250084
108	0.446101244182733
108	0.448338513028927
108	0.452200376793392
108	0.452967064854669
108	0.446519688071628
108	0.451600481347774
108	0.448910900610665
108	0.450044919381531
108	0.452175579835154
108	0.447072178601835
108	0.444843435794312
108	0.44945242151375
108	0.451459315335904
108	0.449006112528276
108	0.450473156117742
108	0.446284880711496
108	0.45198199923401
108	0.450384560939933
108	0.449246889325475
108	0.450854089130642
108	0.447650880331419
108	0.452509090909091
108	0.449474689589303
108	0.449074074074074
108	0.451149563792356
108	0.449297451774232
108	0.452205357567683
108	0.445430094842637
108	0.446260361718161
108	0.448545271533337
108	0.449831049371128
108	0.450328602724069
108	0.448425365667731
108	0.447923659729548
108	0.448470363288719
108	0.45107144584724
108	0.447679405317831
108	0.453498584951693
108	0.448151487826871
108	0.447411391797138
108	0.451530612244898
108	0.445767450829155
108	0.446641808656251
108	0.447517730496454
108	0.445245093391486
108	0.450177254000192
108	0.448208778173191
108	0.450941478290333
108	0.450272805590122
108	0.447006144905445
108	0.450967183139255
108	0.448249546885434
108	0.448331821870078
108	0.450223096483232
108	0.44956675762363
108	0.450212319290042
108	0.454869764941602
108	0.450589864832593
108	0.449563484532169
108	0.443393549607491
108	0.446404666284184
108	0.450169077587826
108	0.448906654126499
108	0.445681669317863
108	0.445559078218899
108	0.447931594535206
108	0.446071966842502
108	0.44708622446504
108	0.450843098028008
108	0.448728934590117
108	0.443096530564078
108	0.4461715050935
108	0.448348694316436
108	0.448665105386417
108	0.452309020284851
108	0.44877426668556
108	0.449283162890835
108	0.447577729573391
108	0.446213445457552
108	0.445920570838419
108	0.446184046729867
108	0.445346449548732
109	0.449225722417869
109	0.446723646723647
109	0.4475135494913
109	0.446358616132534
109	0.448462844209732
109	0.447274458462271
109	0.452609463782648
109	0.449902885025345
109	0.452950635933921
109	0.444523403448929
109	0.447306349655628
109	0.452051526717557
109	0.44703996891846
109	0.448210296144888
109	0.450215620507906
109	0.446147256199134
109	0.450659605655114
109	0.448390941597139
109	0.451473384030418
109	0.445642795513374
109	0.44874045258314
109	0.447016240415297
109	0.450260796015225
109	0.449971247843588
109	0.448546399691952
109	0.452150063669311
109	0.449733470494716
109	0.452971021563079
109	0.448533585619678
109	0.446363636363636
109	0.450720572589225
109	0.44776045777427
109	0.44776332035331
109	0.449591016891728
109	0.451698237989513
109	0.452436749724999
109	0.449084454409567
109	0.448780953289756
109	0.449258299976454
109	0.445634863182279
109	0.447642229858725
109	0.447135717031911
109	0.44926326129666
109	0.449580632863134
109	0.453660436137072
109	0.450610432852386
109	0.449116945107399
109	0.450126776060852
109	0.44947055545235
109	0.446816427142924
109	0.45020207852194
109	0.446374622356495
109	0.447563760944043
109	0.449435526127757
109	0.449682639662774
109	0.452356975015585
109	0.453594090349465
109	0.448779788910645
109	0.448318508300433
109	0.449125865659354
109	0.452834764052573
109	0.44758783555834
109	0.449213229058702
109	0.448797083839611
109	0.44852563203888
109	0.445454115197122
109	0.451782780945019
109	0.446045930623619
109	0.445462662719113
109	0.450022016732717
109	0.447878787878788
109	0.454025772696444
109	0.449481988404144
109	0.450750851604855
109	0.447792505006198
109	0.44693055226357
109	0.450647718484145
109	0.453560224355927
109	0.452842777486537
109	0.449912209936886
109	0.448963166366821
109	0.448353822241063
109	0.447862846406764
109	0.446800472255018
109	0.446998963535287
109	0.446468926553672
109	0.447965963956212
109	0.449651377887397
109	0.450925219381915
109	0.44587327566051
109	0.449054446720335
109	0.450902961714423
109	0.445493157149599
109	0.45237057484624
109	0.449634482103864
109	0.449410539273709
109	0.446620068939104
109	0.452914582531743
109	0.448152168782744
109	0.448142488778531
110	0.448680072429239
110	0.450350808809199
110	0.446335140230969
110	0.447600622847167
110	0.445698496698356
110	0.450487621905476
110	0.451777886020458
110	0.445872769223525
110	0.448633543314546
110	0.449995196464598
110	0.44840873412302
110	0.443349063215437
110	0.450505728392694
110	0.449365584755025
110	0.450977545489741
110	0.448262529602242
110	0.450189338770754
110	0.449357375791291
110	0.447963584091998
110	0.450165641268339
110	0.450360798000283
110	0.456430930639207
110	0.44557217759392
110	0.449127146458641
110	0.447804108890229
110	0.450247571891068
110	0.445170932187558
110	0.446145945188851
110	0.44669423451685
110	0.449464192984941
110	0.451833317293812
110	0.448369565217391
110	0.446174710063599
110	0.449985764449084
110	0.445904283071669
110	0.448834755922125
110	0.448534936138242
110	0.446900964568809
110	0.446597285501894
110	0.449546566863394
110	0.45049575406803
110	0.448697729988053
110	0.450781437845636
110	0.449273303981442
110	0.446598704268293
110	0.445521153391633
110	0.44567418640795
110	0.445508414316189
110	0.444857788660765
110	0.44964253154839
110	0.448146586063077
110	0.450779266045909
110	0.448904070594933
110	0.447776580291458
110	0.450177514792899
110	0.452544311034877
110	0.447507802894164
110	0.44828076831871
110	0.44811320754717
110	0.445537629394759
110	0.453187490965162
110	0.450869254584425
110	0.447660098522167
110	0.445040089502144
110	0.448288955337225
110	0.448576521027024
110	0.445491124260355
110	0.449531737773153
110	0.448533585619678
110	0.448082763857251
110	0.448449446739801
110	0.447073182180913
110	0.443796718536975
110	0.448614791616478
110	0.445100243582537
110	0.451070261836267
110	0.451552705871094
110	0.444903516597023
110	0.448192209003966
110	0.44814080785202
110	0.447526343146057
110	0.444133945910103
110	0.451948669201521
110	0.452728928075135
110	0.445470826656612
110	0.447344691756442
110	0.44938460070604
110	0.448480177272508
110	0.448896577520105
110	0.446375704326234
110	0.446678446917236
110	0.447682369029094
110	0.451656920077973
110	0.450598873266108
110	0.447753445346423
110	0.452558941920644
110	0.448327625838533
110	0.44676957725332
110	0.450117568021498
110	0.445351876050028
111	0.450376914582033
111	0.447452229299363
111	0.450686398597994
111	0.444957369635875
111	0.449182791658839
111	0.446600095102235
111	0.447797252486973
111	0.448710088195067
111	0.447657822078712
111	0.449081402599894
111	0.446473224817174
111	0.451183147364371
111	0.447175732217573
111	0.446918376048131
111	0.452846504924333
111	0.451908974783555
111	0.449966928092223
111	0.449550067011296
111	0.446975461289709
111	0.448852271644919
111	0.449546512180066
111	0.448261137733074
111	0.452367288378766
111	0.446716086689645
111	0.446973568077298
111	0.44866563482013
111	0.450662810315739
111	0.449333716805675
111	0.448131993172767
111	0.445397154433242
111	0.449090223437353
111	0.448267576529386
111	0.447962529274005
111	0.444579484686437
111	0.450924063966293
111	0.446498467342608
111	0.44520646491775
111	0.449000192270717
111	0.446884020252685
111	0.446286881740866
111	0.447980931015143
111	0.449204175128702
111	0.449475850844861
111	0.449482109227872
111	0.449642027863777
111	0.447764025228814
111	0.450758476389747
111	0.451062429484769
111	0.450636867275913
111	0.449588185174666
111	0.447384586306289
111	0.448421358940783
111	0.4501512001512
111	0.448895544739798
111	0.447046700079629
111	0.448921212121212
111	0.447821586524889
111	0.445250690510744
111	0.445615514333895
111	0.448683580660603
111	0.450181332315327
111	0.446983120395412
111	0.452125640539002
111	0.445497409084543
111	0.449804370646054
111	0.450638460072422
111	0.448872072417261
111	0.444392260003757
111	0.447884805420921
111	0.447558122881558
111	0.451664178026107
111	0.446682519699725
111	0.450094966761633
111	0.449751103597257
111	0.448534326363029
111	0.449845422116528
111	0.447579322303979
111	0.448423402474188
111	0.447914183551847
111	0.446765371557903
111	0.446150223687309
111	0.451137179794111
111	0.452846259404722
111	0.445989867125514
111	0.450685920577617
111	0.4503231984678
111	0.445741294492139
111	0.453393881453155
111	0.447945922787642
111	0.443305215081325
111	0.451016989710457
111	0.448044799693677
111	0.446682631356529
111	0.448926263778031
111	0.45038961038961
111	0.447421686746988
111	0.443900817024511
111	0.449485611340255
111	0.447464275707481
111	0.447518499316586
112	0.444680049005749
112	0.446318289786223
112	0.448829716668246
112	0.447298986251909
112	0.45075421472937
112	0.450236737849068
112	0.449864884084767
112	0.443738109600483
112	0.448973841168459
112	0.447173543075295
112	0.449602498580352
112	0.446340662947161
112	0.448954489544895
112	0.446234821552242
112	0.446999519923188
112	0.450240350292704
112	0.447859181731684
112	0.446372836470254
112	0.447996936773082
112	0.451558913542464
112	0.447313061770893
112	0.444538766270515
112	0.44947785036479
112	0.448002996675563
112	0.448981525343439
112	0.449297597928753
112	0.45376613369293
112	0.448640197100351
112	0.446377502383222
112	0.446831617716498
112	0.446710401216961
112	0.448619776895443
112	0.44951636727498
112	0.44962641011867
112	0.445973617791323
112	0.447032591678922
112	0.451887472950228
112	0.445749761222541
112	0.445987944999058
112	0.446949726981736
112	0.447914217184781
112	0.448933358504814
112	0.446414066606145
112	0.450884510283331
112	0.445964562253575
112	0.446597781058045
112	0.45035838822162
112	0.448135560767795
112	0.450811933534743
112	0.448731673260414
112	0.450414009707814
112	0.447505759556162
112	0.446525679758308
112	0.44739761486549
112	0.448274224944215
112	0.446774193548387
112	0.445109310214851
112	0.449412656309208
112	0.448261474269819
112	0.448691770739351
112	0.4481380477713
112	0.447251814839257
112	0.447722809314505
112	0.449275362318841
112	0.44542220557948
112	0.44826129804308
112	0.444900625174956
112	0.452115494568325
112	0.449297971918877
112	0.444709702062643
112	0.446986503974857
112	0.448875928887217
112	0.446986633686914
112	0.449514193179653
112	0.450649162604373
112	0.451477996388176
112	0.446877073263198
112	0.447804691605752
112	0.448778880993836
112	0.449481132075472
112	0.44996487941934
112	0.447005047138368
112	0.450192307692308
112	0.44955318535601
112	0.446538246789503
112	0.448232025989924
112	0.445105539028191
112	0.448654507752486
112	0.447335752482811
112	0.456159769008662
112	0.44761768765767
112	0.446466809421842
112	0.453688484965677
112	0.446994535519126
112	0.44911546509416
112	0.449621986591222
112	0.448216914383399
112	0.448482858884772
112	0.449603193461008
112	0.448065750318832
113	0.448038476046775
113	0.446551481949712
113	0.447942231451765
113	0.443979933110368
113	0.449025631179802
113	0.450713107596779
113	0.448203157944057
113	0.446198993851314
113	0.447721935180836
113	0.453373255420872
113	0.448591516066626
113	0.445900411830775
113	0.449554266308193
113	0.448699352093608
113	0.450838989441931
113	0.449092981289771
113	0.449225392027206
113	0.449197611494682
113	0.447992146229723
113	0.451418254383047
113	0.445353898561696
113	0.445721762699192
113	0.445971474449797
113	0.448453364817001
113	0.445175543922002
113	0.445993687879787
113	0.452885386684283
113	0.448906174039864
113	0.444697617013197
113	0.449864110999857
113	0.447860328304393
113	0.449492325855962
113	0.444850872256612
113	0.449266445811642
113	0.45045218395228
113	0.447860775439742
113	0.447751353896868
113	0.445640074211503
113	0.449684349382832
113	0.450065416484954
113	0.449260389762855
113	0.448623175013861
113	0.443494510628358
113	0.445008381449059
113	0.44601761530448
113	0.444036869826938
113	0.449661570502201
113	0.451049627551514
113	0.447602987231992
113	0.449400547531389
113	0.445145493925982
113	0.44951623718747
113	0.451372512027167
113	0.447105412030926
113	0.446166164280332
113	0.448331590455366
113	0.446892173583475
113	0.44546960018926
113	0.449274686319325
113	0.445476179366338
113	0.445468221135765
113	0.444602407354753
113	0.445533304928277
113	0.447402014089168
113	0.444480915314639
113	0.448939179632249
113	0.444490915005344
113	0.446483608854021
113	0.445376975800811
113	0.44529262086514
113	0.448401610229695
113	0.450587785529963
113	0.448541367766619
113	0.450975725844836
113	0.448747582433134
113	0.446947159654342
113	0.445345996035222
113	0.447531583609156
113	0.451684859990508
113	0.451881656804734
113	0.452125622366909
113	0.447414652675561
113	0.449269773943221
113	0.44782009223601
113	0.450920971636915
113	0.449171348977761
113	0.448208593043727
113	0.448346909439387
113	0.447468054898249
113	0.450016465164416
113	0.448297482396064
113	0.447582938388626
113	0.448927404460861
113	0.447329902261674
113	0.449798625918029
113	0.449493283054443
113	0.450371624800075
113	0.44825838555105
113	0.451160564728404
113	0.44877563586416
114	0.448761742100769
114	0.449299020549261
114	0.449547767100057
114	0.448169428747804
114	0.445030331311246
114	0.452901137607692
114	0.448835469086147
114	0.451701975720067
114	0.452578556008635
114	0.450326117780509
114	0.450508744783608
114	0.448241349728339
114	0.449911198579177
114	0.451380042462845
114	0.448426035502959
114	0.453559322033898
114	0.447363438417116
114	0.451506796304358
114	0.454009091788374
114	0.450136934554727
114	0.446683974510267
114	0.445978419639071
114	0.445762153513106
114	0.444857556735876
114	0.447011878247958
114	0.446608335685389
114	0.448483127455156
114	0.450721322190578
114	0.446499953518639
114	0.4471460758543
114	0.448087688761349
114	0.448043121631123
114	0.447111567739224
114	0.449821215733015
114	0.447822357762318
114	0.446470866887731
114	0.450771612176931
114	0.445906294368197
114	0.451752508679317
114	0.449925400969787
114	0.447839635365797
114	0.447592067988669
114	0.448622881355932
114	0.452724397373844
114	0.445638342994486
114	0.448915822365306
114	0.451187335092348
114	0.449493749108713
114	0.447196629473587
114	0.447412823397075
114	0.447548165245655
114	0.443941963444507
114	0.444309644906911
114	0.448055307341391
114	0.45330425713473
114	0.44613129020053
114	0.449646811760214
114	0.444151990811639
114	0.450275592405898
114	0.444624577331048
114	0.448376759091542
114	0.451734717960821
114	0.446480731178743
114	0.450683136814524
114	0.447829795299469
114	0.448509039680676
114	0.448589713202181
114	0.450306282349589
114	0.446344004546316
114	0.449081413783456
114	0.445689006024096
114	0.450257852789498
114	0.448337320013133
114	0.446274285168743
114	0.448491747296528
114	0.450389196286223
114	0.448530106815389
114	0.447561201780415
114	0.449864498644986
114	0.446517470804448
114	0.446237550719292
114	0.45236843363128
114	0.447777829378164
114	0.446571269280803
114	0.450900858409584
114	0.44968538802144
114	0.446366619784341
114	0.448627376606135
114	0.448711254568757
114	0.448271034579308
114	0.446262223664087
114	0.444589491351578
114	0.443785310734463
114	0.447385774846915
114	0.450657108721625
114	0.451368282228816
114	0.445794349020155
114	0.451115004024431
114	0.4509738558979
114	0.449760083614423
115	0.451599267296041
115	0.447524283345179
115	0.447364655378011
115	0.448762756885223
115	0.447866962724996
115	0.448875790274279
115	0.443196584369779
115	0.452742799247358
115	0.450557168274183
115	0.447943682845498
115	0.445006609234696
115	0.451881262998676
115	0.448316514194096
115	0.447125751250172
115	0.44755804643715
115	0.446524190873336
115	0.451015758496298
115	0.450428163653663
115	0.449253449253449
115	0.445205156050805
115	0.447719768387807
115	0.447157954870037
115	0.450112027458645
115	0.444225721784777
115	0.452277246472872
115	0.446088099934254
115	0.449439830017385
115	0.447242262043286
115	0.446534606431998
115	0.449003683067334
115	0.450278478602371
115	0.452900453568871
115	0.447335055177272
115	0.445499606244499
115	0.448566055477198
115	0.444644549763033
115	0.448219074954124
115	0.452991043632358
115	0.444036441387004
115	0.449302676215605
115	0.449597059239361
115	0.451582693388275
115	0.448823752608613
115	0.447256982442784
115	0.450248989946444
115	0.449030263281177
115	0.450766174801362
115	0.446806526806527
115	0.446882163072461
115	0.447624392068837
115	0.446955459500094
115	0.447960786179984
115	0.453385955624007
115	0.448161161864605
115	0.447778883989949
115	0.446332229058211
115	0.449174793698425
115	0.447151388757228
115	0.447578907035778
115	0.452671755725191
115	0.448048301039034
115	0.447771030457092
115	0.445222327341533
115	0.449978992577377
115	0.443518387719546
115	0.448821920437641
115	0.448804097551807
115	0.448653198653199
115	0.452412932936774
115	0.444365731557571
115	0.449229332087809
115	0.455143914276104
115	0.446812479597071
115	0.448093620234051
115	0.448311348114884
115	0.448505460816248
115	0.452064010764573
115	0.449633527532419
115	0.449247412982126
115	0.446348314606742
115	0.447470092631383
115	0.445677922801802
115	0.448685407786983
115	0.444934944237918
115	0.447094169561544
115	0.447191754916793
115	0.447200370198982
115	0.450890707751565
115	0.447927150730889
115	0.448055006122257
115	0.447671413130316
115	0.443434484687456
115	0.45082082222534
115	0.45035309730319
115	0.445187662578967
115	0.447656323681977
115	0.450415564790329
115	0.454645858343337
115	0.443553619427194
115	0.44635961194311
116	0.448065455554015
116	0.452930559513632
116	0.447469201310386
116	0.449315583987958
116	0.445474147818507
116	0.447057166995213
116	0.44733969338839
116	0.446998782657552
116	0.44811034996971
116	0.452147701582517
116	0.445808912456973
116	0.448326261197548
116	0.448251617136964
116	0.446119486320491
116	0.449960043247309
116	0.445693059996238
116	0.446645185746778
116	0.448808118952089
116	0.451293366508615
116	0.447101723811328
116	0.450994218022846
116	0.450558698396372
116	0.452063221654363
116	0.447976207072819
116	0.449455603529191
116	0.443361360066525
116	0.448335596235779
116	0.448333256276296
116	0.447005038253405
116	0.446597003883854
116	0.450154261473197
116	0.446352329682569
116	0.446877192982456
116	0.445625928677563
116	0.449817261737419
116	0.45079950799508
116	0.450074377091856
116	0.450351100428861
116	0.450267480944942
116	0.450179011484633
116	0.444584913611462
116	0.448253037681433
116	0.44692005242464
116	0.446956122214565
116	0.447899237776538
116	0.446295444086516
116	0.442354826546003
116	0.44767189384801
116	0.448678256727792
116	0.449381563593932
116	0.446881840622235
116	0.450335507040922
116	0.448191868090688
116	0.449494709873322
116	0.44779267035336
116	0.451106319144947
116	0.450927503312512
116	0.442951481243694
116	0.446833592681662
116	0.448584633160023
116	0.448623552033016
116	0.449204864359214
116	0.446354980815689
116	0.449952919020716
116	0.449176525168174
116	0.445441169490721
116	0.449176925616716
116	0.449867197875166
116	0.450547913266496
116	0.448747913188648
116	0.447091670544439
116	0.445804276543666
116	0.448397904770893
116	0.44876091574227
116	0.445449904867975
116	0.447762586906817
116	0.446893974778141
116	0.449929808142255
116	0.448396910835479
116	0.448587200598802
116	0.448324415657561
116	0.447719559254266
116	0.448663921080356
116	0.447154850746269
116	0.449511246085224
116	0.450161222487032
116	0.448639697184765
116	0.450544765513974
116	0.450661967806458
116	0.44756937977277
116	0.449084803481058
116	0.448996539792388
116	0.449560894010501
116	0.447535127411288
116	0.449183130699088
116	0.445701357466063
116	0.448837099589565
116	0.445230498913395
116	0.447331195775179
116	0.4474505723205
117	0.445320566976439
117	0.447035371563673
117	0.443644304032708
117	0.448239870955499
117	0.446959568484625
117	0.447987745439354
117	0.451102611323606
117	0.447169898643958
117	0.449227845093847
117	0.451787856971442
117	0.447154093172616
117	0.449932686504805
117	0.446698396562081
117	0.448126121023317
117	0.444542090656799
117	0.447748592870544
117	0.448290578026459
117	0.449523989065887
117	0.446623809300361
117	0.447281790820166
117	0.446512493601973
117	0.448672234212255
117	0.448210476416212
117	0.448862837045721
117	0.4483635507417
117	0.449023141122914
117	0.443333953142432
117	0.448555499239736
117	0.446958717097574
117	0.452865418681477
117	0.443220696442799
117	0.448622504623263
117	0.451202590194265
117	0.447125353440151
117	0.44730255839822
117	0.449228761824875
117	0.445961745311696
117	0.447695650164101
117	0.450596613686742
117	0.449038010323792
117	0.450266260935717
117	0.448240455521329
117	0.444719279413824
117	0.443245800804353
117	0.445364006171974
117	0.448952694751706
117	0.449534345010164
117	0.449431308697909
117	0.447757722366952
117	0.446868168425055
117	0.443455278898317
117	0.446999202289897
117	0.447163253804246
117	0.450262987911784
117	0.445926740934305
117	0.449969364189094
117	0.44921525192063
117	0.452195262853842
117	0.444011729130395
117	0.448803508437411
117	0.448218029350105
117	0.445504840940526
117	0.448573169017384
117	0.451451689671585
117	0.450713669891752
117	0.446230368903422
117	0.446956278549455
117	0.44669861802615
117	0.445321515948853
117	0.447137602565312
117	0.45084011860498
117	0.449271287314307
117	0.448128342245989
117	0.448048301039034
117	0.447239990523573
117	0.447882736156352
117	0.44977233921457
117	0.450106157112527
117	0.447174331751773
117	0.448471926083866
117	0.447837990936556
117	0.451974183750949
117	0.445883571966843
117	0.444832564854921
117	0.447155980328477
117	0.449296955023745
117	0.447246215287452
117	0.45005416097584
117	0.448847194996733
117	0.447867735101778
117	0.446637225135707
117	0.450527704485488
117	0.452621983399703
117	0.445230509745127
117	0.448789397274388
117	0.445960570272432
117	0.448634956374894
117	0.447668731659602
117	0.447401247401247
117	0.45042113323124
118	0.449875100155536
118	0.448290537664917
118	0.450348924933987
118	0.447146822223268
118	0.449026832955404
118	0.448614586229265
118	0.449354471235998
118	0.446070155693116
118	0.445973520618801
118	0.45202468904891
118	0.446633980765604
118	0.445998048961769
118	0.451223491027732
118	0.450776958828224
118	0.447336505271014
118	0.451399634266423
118	0.446932274594894
118	0.448662599718442
118	0.447413752968015
118	0.447888236110469
118	0.450217063042658
118	0.449398043641836
118	0.446209756324838
118	0.446715674650225
118	0.449968984110321
118	0.447853898210809
118	0.446034171412696
118	0.444827425590386
118	0.446791606299949
118	0.450735432773902
118	0.445420445372964
118	0.449015520037063
118	0.443268964242816
118	0.446718484109828
118	0.447819787820723
118	0.446272445238319
118	0.450451722190853
118	0.445498070933854
118	0.445483749055178
118	0.448934880902438
118	0.450205217719489
118	0.450519848771267
118	0.44582307255162
118	0.447556417656243
118	0.447875367321237
118	0.451479599107016
118	0.448861264437126
118	0.44768286397076
118	0.448763742635803
118	0.444891278933832
118	0.450179448432187
118	0.447562915146412
118	0.451893815253523
118	0.446580699222569
118	0.445936428940326
118	0.449883122954652
118	0.447638125407621
118	0.450279749870704
118	0.447054436987323
118	0.446579910156069
118	0.446497962278457
118	0.447874493927126
118	0.448614834673816
118	0.447024740182102
118	0.446086150995831
118	0.445697771977254
118	0.447214755769765
118	0.44730197325353
118	0.446084633769155
118	0.453186770803201
118	0.445981186551178
118	0.448055259376014
118	0.445211872316595
118	0.444419019724498
118	0.449164609834821
118	0.443522595596755
118	0.449760090318939
118	0.448609882177618
118	0.450066325563767
118	0.449885089817551
118	0.448513973778752
118	0.447141848976711
118	0.448555663745537
118	0.446046186144157
118	0.449267219178724
118	0.450373081796424
118	0.446387269867703
118	0.449350527988038
118	0.445159200296187
118	0.447464105910871
118	0.448860425692221
118	0.448164096865305
118	0.448162089316418
118	0.448215798888993
118	0.448686236990713
118	0.449162904439428
118	0.44984215238185
118	0.446964052896256
118	0.449914640335902
118	0.448118006103764
119	0.445165843330981
119	0.447238750464857
119	0.447776726584674
119	0.448617066390237
119	0.449169156086632
119	0.447844486815793
119	0.447610510921357
119	0.447489007174265
119	0.447243212986286
119	0.450294860994103
119	0.444718015423209
119	0.446521719060149
119	0.446218726307809
119	0.451770681465456
119	0.447032825376364
119	0.442615412911532
119	0.44577408606692
119	0.446924282947524
119	0.445533516049612
119	0.447695409574717
119	0.446600113015634
119	0.449516351911561
119	0.449018126888218
119	0.449832935560859
119	0.44932147870847
119	0.44856278366112
119	0.44564161849711
119	0.44976276862964
119	0.446976831795065
119	0.444966164894352
119	0.448996655518395
119	0.45081587242722
119	0.445996577084972
119	0.446367763904654
119	0.447318997088929
119	0.445223986726712
119	0.446026097271649
119	0.4491249301806
119	0.447124219037119
119	0.44907901452234
119	0.446462405841305
119	0.448841789365094
119	0.447981041773152
119	0.448987264439118
119	0.446405589262732
119	0.446328456173937
119	0.451204763233789
119	0.452458079268293
119	0.446115986441937
119	0.442989533865093
119	0.444110039971785
119	0.4497965673666
119	0.447143314578473
119	0.450702227266279
119	0.450972004372831
119	0.446605941319174
119	0.451724628742231
119	0.444767844767845
119	0.445979256778754
119	0.445306330995402
119	0.448254860623097
119	0.44939405415641
119	0.450281775418006
119	0.448190222140459
119	0.448598130841121
119	0.444287149511371
119	0.450654039101693
119	0.449221853530869
119	0.448196221534482
119	0.452762417883643
119	0.448195095067512
119	0.44610833795526
119	0.448462929475588
119	0.445426630687634
119	0.448782354911248
119	0.447680134837773
119	0.451141682030918
119	0.447215485288061
119	0.449875918902468
119	0.442254558850617
119	0.447539374678693
119	0.446535382350235
119	0.44805590732142
119	0.445810371626395
119	0.449563898369359
119	0.445570694450992
119	0.447552119934411
119	0.444331610044313
119	0.449489748150922
119	0.444912703190849
119	0.443378655243062
119	0.44892345632173
119	0.447328389427648
119	0.447196870925684
119	0.446782291191237
119	0.448938651737812
119	0.448792476014935
119	0.450333317573637
119	0.449028107956929
119	0.447122641509434
120	0.447664981681584
120	0.448198930978387
120	0.449565298681873
120	0.445502096979407
120	0.445994494471143
120	0.445392650624883
120	0.450313339301701
120	0.45032073469011
120	0.448420161745345
120	0.448804561353074
120	0.44948434364646
120	0.447336448598131
120	0.447902065227549
120	0.447662720509101
120	0.444827425590386
120	0.44755017846382
120	0.448463268365817
120	0.447336618016176
120	0.442866425322566
120	0.447605346203824
120	0.446371730405499
120	0.444321584888275
120	0.446566493470018
120	0.442932376380668
120	0.448086179234472
120	0.446651291947098
120	0.447705740293517
120	0.446215324566702
120	0.445466672800037
120	0.447935283604553
120	0.446603298853788
120	0.445911033867255
120	0.447090190309828
120	0.444651336002234
120	0.444747171553914
120	0.447204391106149
120	0.446555488456357
120	0.443487472365512
120	0.445519562473706
120	0.448477973151825
120	0.451873171652354
120	0.451632749645054
120	0.450773525098169
120	0.444501710162583
120	0.447990815154994
120	0.448660296046468
120	0.44511740588893
120	0.451084905660377
120	0.450554660092917
120	0.448841205703404
120	0.448208377987978
120	0.444366131002725
120	0.44465859030837
120	0.445846282295097
120	0.445230171935663
120	0.446815389589395
120	0.447137796009696
120	0.448386652590995
120	0.447102924842651
120	0.449366200477104
120	0.450114598437719
120	0.446384269043462
120	0.446160190615836
120	0.446545385092871
120	0.447126969416126
120	0.447794862351533
120	0.446476278212805
120	0.447140786459064
120	0.445850060685277
120	0.446338736724427
120	0.449990510533308
120	0.448383200148671
120	0.451251400821815
120	0.446056085094626
120	0.447713191127087
120	0.447238499515526
120	0.446699083598279
120	0.444444444444444
120	0.444129930394432
120	0.447312424831159
120	0.449911718241799
120	0.447845009125369
120	0.446070588235294
120	0.448425068626995
120	0.447827086686595
120	0.445696008900014
120	0.448550657097586
120	0.451143549997623
120	0.452480631345941
120	0.446349737441331
120	0.446811453866372
120	0.445451617356094
120	0.450645176317138
120	0.446169723694704
120	0.445701879994457
120	0.447490706319703
120	0.447933043558679
120	0.447567617465153
120	0.447555075391047
120	0.445494968406272
121	0.445018517671803
121	0.447162248337433
121	0.44607190412783
121	0.448140534479537
121	0.446191329931504
121	0.449286920623006
121	0.447924600152323
121	0.449176525168174
121	0.448224158935432
121	0.446289834845313
121	0.446892783974505
121	0.448630938450737
121	0.444496553017868
121	0.442661720380246
121	0.446462581873926
121	0.448090470893585
121	0.446697916183227
121	0.447626051385761
121	0.447511520737327
121	0.445884182255101
121	0.44772867225617
121	0.449850299401198
121	0.448912326961107
121	0.446969345638362
121	0.444842035877395
121	0.446752514334054
121	0.448230790775838
121	0.447308213101742
121	0.447396386822529
121	0.446699553676298
121	0.449717247879359
121	0.448307964436997
121	0.448901668709343
121	0.44959191244667
121	0.450193086121063
121	0.445560352919091
121	0.445111731843575
121	0.445318683365147
121	0.444911887065863
121	0.447431162638493
121	0.446174397715233
121	0.445831370701837
121	0.447252082460794
121	0.446367763904654
121	0.448185092823497
121	0.446303662049102
121	0.446710861805201
121	0.447375728964177
121	0.44837650492521
121	0.445681807679867
121	0.449793293523197
121	0.45286410292796
121	0.448745452849548
121	0.445610160132523
121	0.448210223315846
121	0.449263734189164
121	0.448037487241347
121	0.445861338734923
121	0.448866882498572
121	0.447613694908904
121	0.446934071000461
121	0.447731755424063
121	0.446548088383607
121	0.449192187123222
121	0.447305389221557
121	0.445526561043802
121	0.445896473423236
121	0.449863349354443
121	0.446003717472119
121	0.448540419161677
121	0.448372484005044
121	0.447039926571822
121	0.44503862150921
121	0.445999349109675
121	0.447283598822815
121	0.447841976222418
121	0.446528646195174
121	0.451116532182398
121	0.445682322485207
121	0.442924679854959
121	0.44909056816051
121	0.444167359379329
121	0.445501368845993
121	0.447557003257329
121	0.446297158826269
121	0.448125143777318
121	0.449379921723959
121	0.445143094918859
121	0.44551014734501
121	0.447123081269423
121	0.45068058922245
121	0.447591281410523
121	0.447607203721616
121	0.45070094546132
121	0.444993305941554
121	0.448791127198478
121	0.446089282420218
121	0.446754563894523
121	0.445479877575259
121	0.449275362318841
122	0.448148490165297
122	0.44800665219199
122	0.448751117173903
122	0.449557190384705
122	0.447702609097206
122	0.45228855953995
122	0.450421593103773
122	0.446539703336297
122	0.448826507132996
122	0.44995374653099
122	0.448118692153853
122	0.448642376421444
122	0.446085196430214
122	0.445911747112686
122	0.449993006014827
122	0.44851897633109
122	0.446982595535376
122	0.448138728323699
122	0.447748671576396
122	0.451443447538469
122	0.447002667415415
122	0.447661572454428
122	0.449383410700052
122	0.451723340272959
122	0.448752949886632
122	0.446485842573078
122	0.447877868211707
122	0.448099043747402
122	0.444496575021113
122	0.447108084479823
122	0.449906890130354
122	0.449666930637723
122	0.448561999057049
122	0.446973208491703
122	0.448223067644057
122	0.446864717059832
122	0.44933104948845
122	0.447859596991364
122	0.448330535347883
122	0.446348561134463
122	0.446287117246491
122	0.449962762986408
122	0.446405648267009
122	0.447356258088371
122	0.447417316982534
122	0.447401953843976
122	0.443445967631012
122	0.445434503031417
122	0.448077999626796
122	0.446741511500548
122	0.448005928945296
122	0.447591415676522
122	0.449576526125793
122	0.44766241081487
122	0.449579054491627
122	0.447581953911068
122	0.451530848210156
122	0.451902623493264
122	0.449100400857649
122	0.450150358547305
122	0.447416243418294
122	0.446875292794903
122	0.446979865771812
122	0.445288339094051
122	0.450600141209696
122	0.445642073963947
122	0.447538769617659
122	0.450418604651163
122	0.44753954711064
122	0.445797074615812
122	0.449241540256709
122	0.444637469141446
122	0.447901824700097
122	0.448025823353293
122	0.444099662316327
122	0.446953854733027
122	0.447645197319434
122	0.451195591257239
122	0.446585750023163
122	0.44873031179685
122	0.446512262820221
122	0.447794117647059
122	0.448078872201235
122	0.448014678208506
122	0.444934521644234
122	0.447017707362535
122	0.448835274542429
122	0.448885976408912
122	0.443309359109442
122	0.44781346481729
122	0.44813681868743
122	0.450538641686183
122	0.447602048006012
122	0.442629107981221
122	0.447426674045379
122	0.450075004687793
122	0.444259644259644
122	0.447311626161209
122	0.448766168241446
122	0.445777551304026
123	0.44663867484889
123	0.447727377814769
123	0.446269900037023
123	0.449856600980664
123	0.448101383344165
123	0.443841163208025
123	0.446289834845313
123	0.441051464473806
123	0.448628544862854
123	0.445386766076421
123	0.450640153824509
123	0.446803546430238
123	0.447562915146412
123	0.447895838177168
123	0.448761467889908
123	0.445750662143952
123	0.448087176129455
123	0.446958784443102
123	0.448831023379532
123	0.449825078254465
123	0.453430560159098
123	0.447956076404909
123	0.44539990753583
123	0.446161676923789
123	0.448847797807099
123	0.444997465320983
123	0.448923606267727
123	0.44829208619554
123	0.446131564193609
123	0.443136011594728
123	0.450430834800334
123	0.449095795563249
123	0.449246139040374
123	0.448405425219941
123	0.445636297243016
123	0.443329943607285
123	0.44565467163013
123	0.451399562200177
123	0.446533327174465
123	0.445508100147275
123	0.447943474802302
123	0.444723499028574
123	0.447346407658704
123	0.444762080413132
123	0.445844639654142
123	0.44322361162192
123	0.444520267503753
123	0.446085133533862
123	0.44822185369449
123	0.447120708748616
123	0.447028544688816
123	0.447298534798535
123	0.44814126394052
123	0.447533263225275
123	0.448802340464436
123	0.447307998687971
123	0.446829088564454
123	0.447449803831064
123	0.448399558498896
123	0.448521868879978
123	0.444271524694466
123	0.448070531757755
123	0.446057043126808
123	0.449306739140449
123	0.446516146941797
123	0.445664660203097
123	0.449033850828467
123	0.446317247748788
123	0.447372076869646
123	0.446149617481332
123	0.446182669789227
123	0.446285556476112
123	0.447493036211699
123	0.445434401255655
123	0.448009561459961
123	0.449015438661366
123	0.446926342994277
123	0.448791229385307
123	0.448029510646246
123	0.445392804698972
123	0.449354838709677
123	0.450271586439408
123	0.446757773089975
123	0.4442502299908
123	0.450310701956272
123	0.445296880085554
123	0.448396888635932
123	0.45182678041543
123	0.448615609177576
123	0.451567749160134
123	0.44881343387149
123	0.449688334817453
123	0.4510816010511
123	0.44771211559837
123	0.44542532482231
123	0.44372521311027
123	0.448226225854383
123	0.447050133874988
123	0.446722642297166
123	0.446434356055347
124	0.448149021457203
124	0.446376677891047
124	0.445557291188092
124	0.448858362725079
124	0.445204846018681
124	0.444123181421818
124	0.444349044240589
124	0.446063476162288
124	0.447542423822074
124	0.446928916494134
124	0.446545788386504
124	0.443648208469055
124	0.449237634808479
124	0.445263495261206
124	0.44562065632623
124	0.44660505124451
124	0.44792248928638
124	0.449208875573448
124	0.448605909280067
124	0.446735554422872
124	0.446638867250149
124	0.448421439060206
124	0.449101521209614
124	0.448193545425332
124	0.4468767173475
124	0.447779718672428
124	0.449577490946235
124	0.445836029207875
124	0.447903196009606
124	0.448680351906158
124	0.447549559471366
124	0.44865903975994
124	0.441520733145813
124	0.448880099342317
124	0.446452757928168
124	0.44638082065468
124	0.450579764353843
124	0.451223460844627
124	0.444237580601217
124	0.44540491355778
124	0.446008747949699
124	0.444270809394678
124	0.445174423984455
124	0.446119897020964
124	0.449038776369334
124	0.447850518525287
124	0.446495648190563
124	0.445090409704738
124	0.446000551014786
124	0.445539059247953
124	0.446343036109064
124	0.446880191988185
124	0.451766908495202
124	0.449296711651777
124	0.446801671488267
124	0.441591667047375
124	0.446513139567276
124	0.440221621869133
124	0.446981158025031
124	0.449496831904584
124	0.445434093935081
124	0.449463553897868
124	0.448027015774622
124	0.44624229217859
124	0.444047782507209
124	0.452166572875633
124	0.446401610468042
124	0.448938838062509
124	0.445588914549654
124	0.445543643307413
124	0.44848428920777
124	0.447423739898164
124	0.44830116007153
124	0.448558520795492
124	0.447955305215918
124	0.447517401392111
124	0.449341040462428
124	0.4498695490123
124	0.444516277995844
124	0.444408666451999
124	0.447250358447805
124	0.445351103857836
124	0.447344153448912
124	0.445079511408159
124	0.44467108618052
124	0.448612083041754
124	0.44768064020844
124	0.449323088181486
124	0.445545017053684
124	0.447075527870655
124	0.446484736355227
124	0.449278778165362
124	0.444525881814017
124	0.446618401759531
124	0.44589534774876
124	0.45044960659423
124	0.446848365645781
124	0.447451284625565
124	0.446695389128243
124	0.447848489068375
125	0.448656966983772
125	0.442530593396444
125	0.447206121029446
125	0.446682683422658
125	0.446812445101937
125	0.449906454630496
125	0.445415846569323
125	0.447787284938817
125	0.445628300387869
125	0.448275862068966
125	0.449188214070956
125	0.449311926605505
125	0.449619595472258
125	0.445818583053653
125	0.447658274713069
125	0.445413631513014
125	0.449764150943396
125	0.444101808809316
125	0.448456690740144
125	0.447414751667902
125	0.447750768371053
125	0.449133901567226
125	0.448612466880491
125	0.445107288198298
125	0.44691561413143
125	0.448667439165701
125	0.445072104344631
125	0.447135842880524
125	0.448730267673301
125	0.444989906404845
125	0.446417917297719
125	0.445772527217975
125	0.444181279890686
125	0.445988222304012
125	0.445770065075922
125	0.445650661099513
125	0.447825682958558
125	0.44505194095134
125	0.447186848807594
125	0.44914470642626
125	0.446281746756806
125	0.446309496435962
125	0.446164414930158
125	0.448240693523712
125	0.442196792214814
125	0.446556803535261
125	0.448101502879348
125	0.448684577484429
125	0.445411797569719
125	0.448909614593334
125	0.445890060870777
125	0.44907128630321
125	0.449542124542125
125	0.44650739476678
125	0.446143375680581
125	0.445774292658321
125	0.448583857830433
125	0.445840454524458
125	0.442868256074681
125	0.447722781377821
125	0.448417648417648
125	0.449135109864423
125	0.450268071732298
125	0.445198836081474
125	0.445546356109544
125	0.444890241652832
125	0.450139017608897
125	0.444495730440803
125	0.447876447876448
125	0.448550523293507
125	0.447379613439819
125	0.448731058845403
125	0.448048048048048
125	0.446903881700555
125	0.447827495257045
125	0.443938767066612
125	0.445322610464041
125	0.445658185840708
125	0.448226623675725
125	0.44648275862069
125	0.449773713432557
125	0.447596935221732
125	0.449638955748935
125	0.445780911562745
125	0.447796359604546
125	0.447888236110469
125	0.448351545717755
125	0.44836341812474
125	0.447166781371874
125	0.44562870400147
125	0.446508412076515
125	0.447281521789684
125	0.448181860185741
125	0.447000974161525
125	0.445596091502671
125	0.450707514126932
125	0.444388014220416
125	0.445113199685171
125	0.447622996130459
125	0.445327124138246
126	0.446629341344622
126	0.448232558139535
126	0.450542319458608
126	0.446473894126178
126	0.445529573590096
126	0.446824156632043
126	0.447334499585674
126	0.448186528497409
126	0.449969393040448
126	0.453026947212994
126	0.449172687019343
126	0.445623827606716
126	0.446237791737356
126	0.447661574618096
126	0.445275828414742
126	0.447019257348199
126	0.447602865540044
126	0.448791289905887
126	0.446599715687623
126	0.449501598645853
126	0.448076923076923
126	0.446261031119368
126	0.445982367182861
126	0.44467382328654
126	0.446880733944954
126	0.4487733161812
126	0.447343895619758
126	0.446560029082977
126	0.445129973234133
126	0.447695852534562
126	0.449960671817887
126	0.44502881185402
126	0.444505645827596
126	0.446553308823529
126	0.447880022218108
126	0.447185989236523
126	0.446231341559222
126	0.44685237789792
126	0.448902792890823
126	0.446783949762202
126	0.449658504855271
126	0.447181022361319
126	0.446235824566198
126	0.443991199926666
126	0.450607796562806
126	0.449460793273625
126	0.442234544704642
126	0.446783088235294
126	0.447109442944111
126	0.447938762335147
126	0.445829555757026
126	0.44640234948605
126	0.445255807585231
126	0.448859693759541
126	0.447824288930754
126	0.445088783996404
126	0.44767816091954
126	0.449254073904062
126	0.446445936559389
126	0.446386201861654
126	0.445350146363432
126	0.448240834795457
126	0.448647910406993
126	0.450236089250995
126	0.445259515570934
126	0.44694990604519
126	0.447992236957627
126	0.444203095302742
126	0.447024673439768
126	0.447588424437299
126	0.449256505576208
126	0.4481179138322
126	0.447003753997312
126	0.445846237930406
126	0.445266884281182
126	0.448334875115634
126	0.445618135078289
126	0.446421984507562
126	0.446776406035665
126	0.447455447363586
126	0.448653352876512
126	0.447609498199717
126	0.44955422125182
126	0.450441244774733
126	0.448896308662586
126	0.447919562598462
126	0.447386504191672
126	0.444313494401886
126	0.44813088383146
126	0.447365997421256
126	0.444582071749702
126	0.445259490188887
126	0.446556899845356
126	0.445811231022499
126	0.446613928391787
126	0.44776668660012
126	0.450501952035694
126	0.444155725747629
126	0.44657659720632
126	0.4488141560126
127	0.447172755645309
127	0.4464861379755
127	0.445036764705882
127	0.447342026078235
127	0.443008599899895
127	0.446614287660657
127	0.445800826067003
127	0.446612665684831
127	0.446957878315133
127	0.445805886959326
127	0.447930543433323
127	0.444891061069748
127	0.445381637168142
127	0.449643287315853
127	0.444521337946943
127	0.446531989602809
127	0.448166906742252
127	0.44776529910612
127	0.445178153803824
127	0.446149604852049
127	0.449644992526158
127	0.451240515756645
127	0.44846898957903
127	0.445894407940082
127	0.445535340375041
127	0.447291092745638
127	0.444855628654971
127	0.445731348685699
127	0.445798414496036
127	0.445719288544835
127	0.445839165575473
127	0.444298345046475
127	0.448635008029365
127	0.446511201722637
127	0.448703805846663
127	0.447201834862385
127	0.449556358856392
127	0.446483461026747
127	0.443917779499567
127	0.445078264044175
127	0.44756203445597
127	0.445037746271405
127	0.442685763809698
127	0.445339156544288
127	0.442470235390348
127	0.445472873900293
127	0.444823974131257
127	0.445414044918018
127	0.447507223776545
127	0.446625091709464
127	0.448182791195495
127	0.446249139710943
127	0.444544634806132
127	0.447721547973437
127	0.448036951501155
127	0.449310137972406
127	0.448748807847768
127	0.444724654958962
127	0.447160116650465
127	0.443816871010699
127	0.447841145232048
127	0.448963428837643
127	0.449341623994148
127	0.446749211860922
127	0.444484466456551
127	0.447483486835985
127	0.447433433982981
127	0.44379818123067
127	0.445593462905683
127	0.447903196009606
127	0.447941326649028
127	0.445248454316464
127	0.449160726603817
127	0.445377007531077
127	0.446606057751189
127	0.442303311922008
127	0.447622568273185
127	0.448163341413388
127	0.450526216876527
127	0.448938651737812
127	0.450220628792057
127	0.446789550208714
127	0.450603528319406
127	0.446679989099827
127	0.448117581602374
127	0.449564937157589
127	0.443642344770869
127	0.448235947772942
127	0.449078564500485
127	0.448977729098211
127	0.447697778598808
127	0.448288777564493
127	0.445351557125166
127	0.447663940108138
127	0.447748901903367
127	0.44463955637708
127	0.446627673185889
127	0.4459312346911
127	0.447025808529236
127	0.453079454630936
128	0.447399581018308
128	0.447487308462577
128	0.444532156953796
128	0.4436141613888
128	0.446929924674732
128	0.445736434108527
128	0.447624735826518
128	0.446665446894154
128	0.446476650264599
128	0.44597304481649
128	0.444804010938924
128	0.445283018867925
128	0.44740923189199
128	0.445029807292389
128	0.449456247418896
128	0.445811793769157
128	0.448405943782491
128	0.446378925299667
128	0.443465225094263
128	0.444062041116006
128	0.448379735280694
128	0.451461549289166
128	0.448465266558966
128	0.446054676785224
128	0.444257601236195
128	0.449291573452647
128	0.446670676970062
128	0.448118428334256
128	0.44723480170166
128	0.444388107858954
128	0.446844230681973
128	0.444071486891046
128	0.446622089001614
128	0.451207502930832
128	0.447100851882385
128	0.444185834246075
128	0.446229114741992
128	0.446200917899031
128	0.447338096335561
128	0.445030016956143
128	0.44531925544987
128	0.444226916772901
128	0.448246013667426
128	0.446778064992614
128	0.446398968502487
128	0.447309365697275
128	0.446881269378078
128	0.446529939571507
128	0.444393863522557
128	0.444858889088621
128	0.446514423076923
128	0.446068387743022
128	0.447312508476109
128	0.452048351441607
128	0.446532316630356
128	0.44632097863794
128	0.443838254172015
128	0.445221022056821
128	0.445447910965152
128	0.445744973836409
128	0.445348571428571
128	0.447429323410628
128	0.445647703906785
128	0.448447378207512
128	0.44715335798749
128	0.448152562574493
128	0.444809491216062
128	0.446981686638029
128	0.448084423032806
128	0.446057996243529
128	0.444997715851987
128	0.449190255539753
128	0.447068175441878
128	0.444312035933633
128	0.44584714590618
128	0.446898432174506
128	0.448624446085672
128	0.445118866970157
128	0.446216600210825
128	0.447124811892927
128	0.444277588168373
128	0.447458399817643
128	0.45284162431815
128	0.449722479185939
128	0.442643730194658
128	0.446957629818414
128	0.445935937789298
128	0.44234592445328
128	0.447465333030234
128	0.448408239700375
128	0.448108232056868
128	0.449576133784222
128	0.445331610282919
128	0.447830101569714
128	0.445581995941708
128	0.444835627086096
128	0.448604651162791
128	0.446456332876086
128	0.44574138245486
128	0.444983441391856
129	0.448356591994124
129	0.444469556570085
129	0.449153326547608
129	0.444525982662936
129	0.45281785497502
129	0.447954878943507
129	0.447864264154395
129	0.447402005469462
129	0.450149055978801
129	0.444744552279802
129	0.448407702709004
129	0.445152060547326
129	0.446750985244249
129	0.443094425483504
129	0.45066444413576
129	0.445926870361095
129	0.448295059151009
129	0.44706043080286
129	0.446010478000835
129	0.445154174900051
129	0.446639960390692
129	0.446226759022968
129	0.445369984728585
129	0.448102754285197
129	0.440825289354499
129	0.448524620683236
129	0.445586346118554
129	0.449038994640547
129	0.448041751339368
129	0.443446304614128
129	0.445306859205776
129	0.444917192789825
129	0.44601131799927
129	0.448299475005706
129	0.453706723824612
129	0.445805974290206
129	0.447747666092631
129	0.446033106310045
129	0.447263931358678
129	0.4471164857313
129	0.443927948866938
129	0.447605412644899
129	0.446787845150548
129	0.447445388904122
129	0.447413559628058
129	0.447592328565515
129	0.44582820126819
129	0.449692939927044
129	0.443821760524877
129	0.44744194567856
129	0.449880448776899
129	0.446291041751115
129	0.449696305429968
129	0.446856563421829
129	0.44762078728651
129	0.44714101856959
129	0.443874773139746
129	0.444610507246377
129	0.446371519853948
129	0.448697621744054
129	0.449191951747318
129	0.448960696264062
129	0.447732851651151
129	0.443241275763229
129	0.44461664691403
129	0.44480146890062
129	0.444669303651918
129	0.445851367529238
129	0.446039168480022
129	0.448862052949373
129	0.44773366532946
129	0.447046519030512
129	0.448089700996678
129	0.446538567619748
129	0.445868296242247
129	0.447344110854503
129	0.443177753934192
129	0.447052901336262
129	0.449385311457429
129	0.447257383966245
129	0.446435067297199
129	0.445023567802756
129	0.448187123753504
129	0.447120847157206
129	0.446007674036178
129	0.448558520795492
129	0.444205123504881
129	0.446423665170803
129	0.446424502073743
129	0.446847256999772
129	0.450486601171533
129	0.448982391950606
129	0.444638507147125
129	0.445171184988046
129	0.445937914323595
129	0.447311431599318
129	0.444404119221522
129	0.448816012458205
129	0.445405454878272
129	0.447784146511953
130	0.444619753865573
130	0.443499502397539
130	0.447025937127669
130	0.44588411181081
130	0.445731960666636
130	0.44592065013925
130	0.448077630610743
130	0.447402005469462
130	0.444073532101701
130	0.450051735490547
130	0.44845031905196
130	0.443618283003376
130	0.447517111488814
130	0.44606334841629
130	0.447140459884802
130	0.450475969352217
130	0.448022496371553
130	0.445378531073446
130	0.444100227790433
130	0.447568354487967
130	0.444536385785869
130	0.445121951219512
130	0.446998377501352
130	0.44787091405058
130	0.446455713693519
130	0.44559960222393
130	0.447275043217178
130	0.44838254697666
130	0.447339194817214
130	0.445605187319885
130	0.443860861552638
130	0.447414427677586
130	0.449251626404622
130	0.444343686238948
130	0.442860396265088
130	0.445670159955874
130	0.446481915529206
130	0.448307579102281
130	0.444530361610189
130	0.448446002028959
130	0.445018927153541
130	0.44611709559652
130	0.444701716153637
130	0.443574452587973
130	0.450704225352113
130	0.447585448547604
130	0.45003014422854
130	0.445689101092645
130	0.446572489359775
130	0.445337328611641
130	0.447632645541636
130	0.446060988243773
130	0.448564208591776
130	0.448894836417332
130	0.448272743714958
130	0.447395999453228
130	0.449774764315237
130	0.449963208241354
130	0.446674338319908
130	0.447049717719905
130	0.446921199281536
130	0.448182857142857
130	0.445001824151769
130	0.44576931896354
130	0.444963278629069
130	0.44533952302931
130	0.44754799381312
130	0.445864798471477
130	0.4488279278866
130	0.449445983379501
130	0.44673808100777
130	0.448726709489317
130	0.444961028305757
130	0.447998180163785
130	0.446918198822939
130	0.444077010192525
130	0.444953497961241
130	0.446659655219717
130	0.450484465268617
130	0.445939144360558
130	0.448666941052728
130	0.444756384712914
130	0.444301529698195
130	0.442500225489312
130	0.450579790171176
130	0.447869697248551
130	0.445186370912417
130	0.446551488353011
130	0.446779225545972
130	0.446793997271487
130	0.446079105366882
130	0.445851688693098
130	0.445650680225368
130	0.442772727272727
130	0.444964441385639
130	0.446041524070271
130	0.443403127000091
130	0.445658160455296
130	0.447705663497313
130	0.447459321879829
131	0.446154546696416
131	0.448293311252185
131	0.446037527084966
131	0.448149672933535
131	0.448071765467493
131	0.447665713896829
131	0.446232357133005
131	0.445408140217735
131	0.444418925126321
131	0.449439731434015
131	0.447569396807975
131	0.447287568212042
131	0.445548654244306
131	0.445175936435868
131	0.442987969114742
131	0.447987816134392
131	0.447228340675477
131	0.445435418953531
131	0.448563611491108
131	0.446315885050166
131	0.447154105736783
131	0.44623878536922
131	0.44837798432659
131	0.449034038638454
131	0.448359604105572
131	0.449376308840936
131	0.446679247019837
131	0.445838956365272
131	0.447337224147365
131	0.443320575906689
131	0.447164534910375
131	0.447790612394573
131	0.445083538756505
131	0.447246123406801
131	0.44902445726848
131	0.444221655122129
131	0.448067963825706
131	0.444680274566474
131	0.447145638100412
131	0.446016582552271
131	0.446024174500996
131	0.447299137539719
131	0.450336348874971
131	0.448277450257922
131	0.44835455748779
131	0.446660608814175
131	0.447207798123349
131	0.445293202817674
131	0.445409090909091
131	0.445825688073395
131	0.447727060580603
131	0.447775409315615
131	0.444845289302067
131	0.448163117024658
131	0.447619922808307
131	0.450543300844098
131	0.447579730526698
131	0.447139443668004
131	0.444192993572916
131	0.445952140826992
131	0.44609079445145
131	0.448569881800956
131	0.446258185219832
131	0.448029002799321
131	0.443317259576017
131	0.450187058334488
131	0.445531043893564
131	0.445838807592987
131	0.44994499449945
131	0.449028566154414
131	0.444314185228605
131	0.448875302276771
131	0.444670647846544
131	0.448081419337093
131	0.444831857595082
131	0.447480902146235
131	0.448955278592375
131	0.446949480077298
131	0.4468632853078
131	0.448939205669842
131	0.446756369353123
131	0.445502312839628
131	0.446367099646578
131	0.447864264154395
131	0.446932234432234
131	0.4449741027639
131	0.452315440936436
131	0.442311159185145
131	0.445745222340475
131	0.444108484515301
131	0.447042577675489
131	0.44481039700908
131	0.446325350949628
131	0.446816143497758
131	0.444419030192132
131	0.446003247924937
131	0.44610654797412
131	0.446387693434667
131	0.448514619883041
131	0.443624009060023
132	0.446208669764085
132	0.44754861681731
132	0.447696649672251
132	0.447090785601087
132	0.447857793983592
132	0.444872433951149
132	0.444893923049263
132	0.449581361485257
132	0.444710128581096
132	0.445068776409242
132	0.446110547199409
132	0.445372115988868
132	0.445761413312903
132	0.445795201019897
132	0.446995825013614
132	0.446717194776733
132	0.446786963726754
132	0.446561611053416
132	0.443377080232715
132	0.444934527911785
132	0.446290855673889
132	0.446046073016301
132	0.448876096491228
132	0.448561921691964
132	0.446470078847819
132	0.443922435631707
132	0.445810810810811
132	0.443733551138942
132	0.448695246971109
132	0.443760668403558
132	0.44155902809141
132	0.444974759063791
132	0.446886446886447
132	0.445170493764668
132	0.448767476085357
132	0.445293202817674
132	0.447482937107783
132	0.44368125701459
132	0.445712199351924
132	0.447759827925495
132	0.444241232682548
132	0.444249222867955
132	0.44572256691273
132	0.448714404202378
132	0.448864955201708
132	0.444578034682081
132	0.444474442044636
132	0.446371226718048
132	0.450423631783833
132	0.447238008638327
132	0.45122683794649
132	0.44632097863794
132	0.447841232010267
132	0.444574780058651
132	0.446012352914657
132	0.443317720885817
132	0.447217506996376
132	0.446945633660176
132	0.4454457676215
132	0.447404247594845
132	0.447872243898013
132	0.44523992931261
132	0.445537307287616
132	0.447521194249908
132	0.446658271116308
132	0.444790474009618
132	0.446493294671983
132	0.446995398986848
132	0.446708322013946
132	0.44659485119591
132	0.443015936788536
132	0.445934156756509
132	0.441463414634146
132	0.447020165646381
132	0.446905297982815
132	0.449372656141488
132	0.451468505915133
132	0.446995029371893
132	0.447952372361537
132	0.446031459048997
132	0.444332815782263
132	0.446055631554948
132	0.444881537773804
132	0.450106542140817
132	0.444409163075527
132	0.446803673729199
132	0.444773973218298
132	0.44510439987207
132	0.44534115920763
132	0.446450553959787
132	0.44675065711955
132	0.447382769901854
132	0.448157203658426
132	0.445284556526464
132	0.446739920087178
132	0.444982947406211
132	0.444368848369393
132	0.447256223353046
132	0.447238703788225
132	0.447830227179976
133	0.446477210822589
133	0.446824893559199
133	0.447580461601493
133	0.450027357286157
133	0.447835990888383
133	0.448397257735779
133	0.445871143375681
133	0.443489548363994
133	0.44771091009784
133	0.447214878293372
133	0.444782122905028
133	0.446237791737356
133	0.445927415668708
133	0.444158889039181
133	0.446270831436117
133	0.448698800633627
133	0.446921299442708
133	0.446838556851312
133	0.444785830471715
133	0.445088300220751
133	0.451466752093726
133	0.443013464222993
133	0.445346854527506
133	0.446246355685131
133	0.445162464731046
133	0.446014723257293
133	0.448390369892076
133	0.447729960877081
133	0.446614821591949
133	0.446621621621622
133	0.443933111587005
133	0.447912388774812
133	0.446168941218446
133	0.448090420198706
133	0.450425972829841
133	0.445304017372421
133	0.443164362519201
133	0.447527795353882
133	0.447051391959572
133	0.44797081623347
133	0.446398968502487
133	0.44459927181193
133	0.444891428571429
133	0.443940081706764
133	0.446846598733131
133	0.443277688027284
133	0.446731951719426
133	0.445915211062591
133	0.445095634001181
133	0.446151057949345
133	0.448182361321752
133	0.446516102432544
133	0.446832890274086
133	0.44431890084064
133	0.445949047509754
133	0.449060561838745
133	0.443394113166973
133	0.449175191226615
133	0.451150079708495
133	0.444125552366635
133	0.443685234626001
133	0.442569992821249
133	0.444675559574949
133	0.446013177356461
133	0.445579157588961
133	0.446361556064073
133	0.445988629185092
133	0.443748874076743
133	0.447735909527952
133	0.447149697352968
133	0.443174053660092
133	0.447971781305115
133	0.445333577209749
133	0.444582242432594
133	0.449610283057569
133	0.447136763771667
133	0.444868995633188
133	0.449088320396822
133	0.445577625367418
133	0.447315650350925
133	0.444495203289173
133	0.446283629730962
133	0.447333302655193
133	0.448299381593307
133	0.448462597521799
133	0.446499638205499
133	0.442572950334593
133	0.447556943423953
133	0.445080757013109
133	0.446483876844598
133	0.445234000181045
133	0.44652006347767
133	0.444720665340806
133	0.44636740580494
133	0.444738970257885
133	0.448306020990609
133	0.449341438703141
133	0.444745885331886
133	0.452248750694059
133	0.447417435151956
134	0.44595945823107
134	0.445694738263492
134	0.449097703244623
134	0.447581007090925
134	0.444474810968388
134	0.446349783943598
134	0.445946561063316
134	0.451031756974126
134	0.445274863806222
134	0.447453107760206
134	0.446291208791209
134	0.447907062511525
134	0.445366029570862
134	0.446904074430542
134	0.444720553020377
134	0.44803453760509
134	0.44549112858972
134	0.444853108114244
134	0.443426869981052
134	0.448049001814882
134	0.446207711895235
134	0.45157134311876
134	0.445710119834146
134	0.448279039764088
134	0.446770662287904
134	0.446671830151715
134	0.446588559614059
134	0.446823858257067
134	0.446563478901787
134	0.445011747695644
134	0.446898432174506
134	0.446755483052384
134	0.448043982007361
134	0.440705563093623
134	0.444811064906888
134	0.447020165646381
134	0.445640720208916
134	0.449001099706745
134	0.446814341173784
134	0.44612733538908
134	0.443985266373192
134	0.44535732317437
134	0.449310473350727
134	0.444233892799134
134	0.44485956067699
134	0.445557570262919
134	0.44687216681777
134	0.445480213328553
134	0.445811470960738
134	0.444965404224326
134	0.446961754114054
134	0.446453152243737
134	0.448568590264608
134	0.44455567183874
134	0.447088745571805
134	0.446012324729838
134	0.445418218145491
134	0.447839831401475
134	0.449341833692611
134	0.446291152497609
134	0.44523381294964
134	0.446878819428727
134	0.447432093129423
134	0.445521239018205
134	0.445224527011625
134	0.444940677583796
134	0.44459447294986
134	0.444963914484136
134	0.444199605196713
134	0.446844383686489
134	0.446010248901903
134	0.445110680311979
134	0.44652847840044
134	0.448514262167483
134	0.444775714866513
134	0.448103110625313
134	0.446633976444709
134	0.444115004492363
134	0.447749670738907
134	0.448717366628831
134	0.44672837825574
134	0.445582411579954
134	0.44372668546993
134	0.443880757834246
134	0.444764303706369
134	0.448283773861968
134	0.448105062255748
134	0.44691037630319
134	0.450589386385873
134	0.450311127379209
134	0.446580808996916
134	0.448055189942359
134	0.445894263217098
134	0.446743507846132
134	0.446006217056359
134	0.445109237603118
134	0.442776139714221
134	0.44637166530092
134	0.445422932755273
134	0.445292386906951
135	0.447756424887022
135	0.447607892602937
135	0.446053225078936
135	0.445689301817188
135	0.444254322766571
135	0.446131045942426
135	0.448623357926939
135	0.447072631246332
135	0.439338976219266
135	0.444997061084234
135	0.445487788361699
135	0.446526403020119
135	0.445341781188649
135	0.447666742544958
135	0.443524435244352
135	0.44769741328363
135	0.443172600270392
135	0.445410323394289
135	0.44648457028587
135	0.445359618327482
135	0.447238681080103
135	0.445812027693561
135	0.446125277412926
135	0.446139351249495
135	0.446391284611893
135	0.446212430300558
135	0.446467490010897
135	0.44838282925049
135	0.445361671075436
135	0.44309256821174
135	0.447667259543029
135	0.448325923237456
135	0.44264378773435
135	0.443736923496771
135	0.45017809845648
135	0.442413666421749
135	0.449639631420491
135	0.447759173173264
135	0.446222383853078
135	0.446265774464454
135	0.447639169575602
135	0.44375
135	0.444994999545413
135	0.448658481127785
135	0.446204285186553
135	0.445947774320119
135	0.446491589898712
135	0.443792325056433
135	0.444479509490104
135	0.443029430294303
135	0.445823518753397
135	0.44611961309659
135	0.44641797178211
135	0.446814328684714
135	0.445413870246085
135	0.447153730458958
135	0.446191160618038
135	0.446405199259828
135	0.443765445967198
135	0.44608573880833
135	0.443830904317914
135	0.447993334259131
135	0.445233678686151
135	0.445261401055528
135	0.446391473218318
135	0.443464022559811
135	0.445150167861356
135	0.445393504773215
135	0.444230251950148
135	0.442973069377564
135	0.445496323529412
135	0.446386524180402
135	0.449144377666651
135	0.445747932398418
135	0.44799744548855
135	0.445774392455568
135	0.445771099105643
135	0.450109549023188
135	0.445508601516046
135	0.446535461636133
135	0.445540540540541
135	0.446796885671356
135	0.447208931419458
135	0.449396599012617
135	0.442204724409449
135	0.445403479928757
135	0.447344571324995
135	0.449834519653625
135	0.447100223938577
135	0.445355806931362
135	0.445495921770087
135	0.446853876514086
135	0.447014891388497
135	0.447819314641745
135	0.44344240007251
135	0.448616510404756
135	0.444324129218553
135	0.44573782234957
135	0.444649945867918
135	0.449330872173512
136	0.44559866311368
136	0.446135362434922
136	0.445977645922451
136	0.448142521751139
136	0.445597269624573
136	0.446729909696251
136	0.443039695486678
136	0.446146177896597
136	0.446727272727273
136	0.44786458094408
136	0.443711321441573
136	0.443702857142857
136	0.446223839854413
136	0.444604381269399
136	0.444490056559022
136	0.44783877439358
136	0.449824944300459
136	0.445434802280337
136	0.443066115335023
136	0.445627752314191
136	0.448439064348776
136	0.44459839985697
136	0.44368187323375
136	0.444941889386334
136	0.445308212913847
136	0.445364536453645
136	0.446494633477963
136	0.444850088988272
136	0.444769667222047
136	0.443217593648766
136	0.445074989866234
136	0.445140785173911
136	0.444349584363064
136	0.446275071633238
136	0.447452444124657
136	0.444949381327334
136	0.446935724962631
136	0.445419014724596
136	0.446873713580021
136	0.447912852435006
136	0.445298372513562
136	0.44758064516129
136	0.446832630481114
136	0.44592451633365
136	0.445942867556609
136	0.443782948554808
136	0.445652664350494
136	0.448759389938539
136	0.449334184604159
136	0.447209238383283
136	0.448285149937152
136	0.446103634819153
136	0.444105508702674
136	0.44598973805023
136	0.446277977845649
136	0.44355680631837
136	0.444769009527234
136	0.448336011016755
136	0.445427993709279
136	0.445101464856874
136	0.444309491677913
136	0.447431654350093
136	0.449205345855156
136	0.446933962264151
136	0.445572577384429
136	0.446876261380455
136	0.443982102908277
136	0.443920145190563
136	0.447219432015341
136	0.444081742163395
136	0.446548840573159
136	0.44447435724862
136	0.443295292439372
136	0.445413260672116
136	0.444414255309514
136	0.444565168183259
136	0.443830570902394
136	0.44475651189128
136	0.445058649049481
136	0.445051500223914
136	0.446380879091033
136	0.447473495800633
136	0.443299435028249
136	0.446619941216369
136	0.44718326051966
136	0.44546655130015
136	0.446247373832193
136	0.447686996547756
136	0.444564824846515
136	0.447039236861051
136	0.445186273200694
136	0.445908238415443
136	0.445201125942068
136	0.447648988518316
136	0.448323507737657
136	0.447879223580158
136	0.449135668386279
136	0.448698732797384
136	0.445482583454282
136	0.446804664195969
137	0.444971537001898
137	0.446646755362476
137	0.444604900943183
137	0.450132432185588
137	0.447630696747305
137	0.446739570676387
137	0.445236258000091
137	0.445710965088731
137	0.444919540229885
137	0.445661600255603
137	0.447903372835005
137	0.442513611615245
137	0.44583068687052
137	0.449127249706069
137	0.44494192747584
137	0.44726908909
137	0.442248967127717
137	0.44568119089634
137	0.445507037170697
137	0.448072311381664
137	0.446394643988058
137	0.44509009009009
137	0.446231514989054
137	0.446537747384629
137	0.448543602172254
137	0.443466546924113
137	0.445391946737197
137	0.44519056261343
137	0.449162163389492
137	0.447572068606598
137	0.445808790212959
137	0.447193149381541
137	0.446820860868012
137	0.447594658862265
137	0.44569911822926
137	0.449251774492518
137	0.445697596045832
137	0.45049504950495
137	0.445098039215686
137	0.448477433387711
137	0.442493810488409
137	0.445881924198251
137	0.447186089133253
137	0.444727777032166
137	0.444859302431473
137	0.44507635126058
137	0.447193149381541
137	0.445181830411192
137	0.446991535117822
137	0.444518985643365
137	0.446546573730425
137	0.447657074670705
137	0.443506376863661
137	0.445040577096483
137	0.446093607721726
137	0.4468180193064
137	0.446903258054255
137	0.449013308857274
137	0.445574862699199
137	0.445558479266854
137	0.445934430640893
137	0.446151049713714
137	0.445251872785179
137	0.448219845674834
137	0.450880572372042
137	0.446814267033413
137	0.445201488188623
137	0.447386379145626
137	0.448163854552017
137	0.444150249068797
137	0.445633752564446
137	0.44575492932385
137	0.447338720599521
137	0.447440210966627
137	0.444748608449676
137	0.448185237210567
137	0.445236609927814
137	0.446182728410513
137	0.446892528606686
137	0.448386950406098
137	0.447361299052774
137	0.446957773080901
137	0.446972109741117
137	0.445527213939285
137	0.443131201764057
137	0.447480629040392
137	0.447885402455662
137	0.445405306995585
137	0.44850018070112
137	0.446189355539464
137	0.44780945441297
137	0.44736007251303
137	0.444615037254459
137	0.44703227262469
137	0.448182920803198
137	0.448173072580281
137	0.44725179330196
137	0.446089752298148
137	0.445475011256191
137	0.445036016285625
138	0.445009592647124
138	0.444399478393813
138	0.446858913033575
138	0.446399419553782
138	0.447316371482514
138	0.4464686350175
138	0.445369453694537
138	0.445595145763949
138	0.446422150305645
138	0.447538337368846
138	0.443984336319035
138	0.445235934664247
138	0.445024542614904
138	0.448340495565512
138	0.445213849287169
138	0.446539729036983
138	0.444018404907975
138	0.445169419070333
138	0.448111526812756
138	0.446422150305645
138	0.446587807097361
138	0.447460555631337
138	0.448255656720454
138	0.444635193133047
138	0.444142417895816
138	0.445597028447182
138	0.445437800440271
138	0.445821834140162
138	0.446472239833348
138	0.445128907141227
138	0.443374144760533
138	0.448324724596608
138	0.445658554205987
138	0.446596217515534
138	0.4480217047253
138	0.448130277442702
138	0.446551569907863
138	0.446232892283908
138	0.445662833199608
138	0.445149017121116
138	0.44713155741431
138	0.448000725360413
138	0.44940107393639
138	0.4440995186035
138	0.447277520225434
138	0.447480902146235
138	0.446747031468689
138	0.446808510638298
138	0.449995466497416
138	0.444997286050299
138	0.446183514216522
138	0.445889414332485
138	0.444919834264097
138	0.44669341387549
138	0.445583277140931
138	0.44611630744205
138	0.446307367285477
138	0.449293375684758
138	0.446408078953408
138	0.444989646169083
138	0.445726129860767
138	0.443691368553346
138	0.445600542863606
138	0.444760614272809
138	0.445757873137657
138	0.444593566859035
138	0.446207553157728
138	0.448850262538475
138	0.445514124293785
138	0.446897670436624
138	0.447031695076186
138	0.445094449158219
138	0.445789763346175
138	0.449475276110169
138	0.445842696629213
138	0.443648887479041
138	0.444852941176471
138	0.444954334818014
138	0.442038387544181
138	0.444111329872919
138	0.446124083322086
138	0.4491404996562
138	0.446820002700635
138	0.445271611622451
138	0.443964749866477
138	0.443750836045838
138	0.446212430300558
138	0.446919992710042
138	0.447916198354538
138	0.442980278893452
138	0.447506324539212
138	0.448241251881929
138	0.449120433017591
138	0.448364538687119
138	0.444211839116298
138	0.447788725424034
138	0.448022829188748
138	0.44687471813836
138	0.443070743137692
138	0.444264361606339
139	0.445909580193757
139	0.44302387740556
139	0.447355457028976
139	0.444449376359359
139	0.447108667237572
139	0.444414292175486
139	0.444251414316896
139	0.44870979465746
139	0.441892926291143
139	0.442600214745884
139	0.446341901851519
139	0.444992008524241
139	0.446805666933975
139	0.446841916382559
139	0.44600153700104
139	0.445513968481375
139	0.449440264268673
139	0.445954403218596
139	0.445633039945836
139	0.447562576381659
139	0.441162054983737
139	0.442199625367942
139	0.4441753016642
139	0.442607610729881
139	0.446507835854697
139	0.445214729449896
139	0.445249852761292
139	0.442669172932331
139	0.443285586392122
139	0.448302574618364
139	0.445714792165204
139	0.443153085214923
139	0.44378409544507
139	0.443127330847096
139	0.447967924184436
139	0.446492165242165
139	0.44473307058402
139	0.445941075772592
139	0.444534522361843
139	0.446347697412672
139	0.447158479741843
139	0.445032573289902
139	0.44536535101474
139	0.444404591104735
139	0.445450108700475
139	0.445243913476333
139	0.444976290596761
139	0.445264731192536
139	0.44545128297147
139	0.445680301448223
139	0.44718389504637
139	0.444844764700649
139	0.444628840547208
139	0.447874015748031
139	0.448199620972836
139	0.446524419997338
139	0.445213993961996
139	0.448034658603728
139	0.446442251363165
139	0.449280624517769
139	0.443144407865468
139	0.447720090293454
139	0.443612707748518
139	0.448740186233339
139	0.445985727029438
139	0.447379262989242
139	0.444345264661251
139	0.44724459324948
139	0.446611540535682
139	0.449255503790993
139	0.447016554484264
139	0.445892146217879
139	0.443499822883457
139	0.445990479677774
139	0.446379796713384
139	0.445526256479603
139	0.444293169956887
139	0.447914312830479
139	0.44706463639222
139	0.448817821511548
139	0.44431158938931
139	0.448434911110116
139	0.446833288542506
139	0.445252561089184
139	0.449242014076881
139	0.444154910593944
139	0.445794647733479
139	0.444743693329742
139	0.448151198974922
139	0.446545357476532
139	0.446141370455467
139	0.447967662250168
139	0.443835123836922
139	0.442282574426879
139	0.448403792424312
139	0.445598194130925
139	0.445873622666967
139	0.446838365093016
139	0.44620850948997
139	0.447379262989242
140	0.44710605855551
140	0.447433310916835
140	0.444788441692466
140	0.446448602324225
140	0.444776660324364
140	0.445918867168366
140	0.447025727120105
140	0.444159120601883
140	0.444699941385996
140	0.447631484149856
140	0.442778075343689
140	0.445273184759166
140	0.441951046784402
140	0.444325386195196
140	0.444792517933352
140	0.443727019998206
140	0.446365387199355
140	0.448672806067172
140	0.445735043501659
140	0.445520689193412
140	0.444692637598284
140	0.447385088671734
140	0.443356580829757
140	0.445691202872531
140	0.446931931478292
140	0.445170595393699
140	0.44613063948439
140	0.447877851495047
140	0.444305381727159
140	0.444685859134528
140	0.447107774410927
140	0.447512818206351
140	0.447891983726025
140	0.445324739268609
140	0.443790907482753
140	0.446062956615856
140	0.442859721971475
140	0.443837089475335
140	0.445759280089989
140	0.446736936532855
140	0.444842727842997
140	0.445640863231236
140	0.447851105916202
140	0.445693726107488
140	0.446357318986774
140	0.447235488611315
140	0.444105782160466
140	0.44571351787154
140	0.447174117331185
140	0.444269662921348
140	0.444345025053686
140	0.448956391250966
140	0.446125962845492
140	0.444680178756828
140	0.445108154584125
140	0.443641231593039
140	0.444860146089435
140	0.446472350858077
140	0.443294849023091
140	0.447397012222725
140	0.443723718350183
140	0.444995310196972
140	0.446800830249977
140	0.445500833596179
140	0.445423089021705
140	0.446596190649777
140	0.446918742046901
140	0.442650084995974
140	0.446516411769967
140	0.444434526466125
140	0.444141811037685
140	0.443914612950666
140	0.44412722487398
140	0.444639323619356
140	0.445157838416265
140	0.448039348404855
140	0.44485559566787
140	0.44412827461608
140	0.44541189208698
140	0.448179398095926
140	0.444513826940232
140	0.445492097701149
140	0.445536591904209
140	0.443867502238138
140	0.445474794308832
140	0.443715454096077
140	0.444464198408818
140	0.44612688713156
140	0.447637493806585
140	0.44554055871934
140	0.447386194785898
140	0.443149466192171
140	0.446984126984127
140	0.445087219651121
140	0.447068403908795
140	0.446435845213849
140	0.444722495307892
140	0.443653458697112
140	0.446532904569953
140	0.44310521851703
141	0.443917498098519
141	0.444049101583348
141	0.445758058802692
141	0.446148229280759
141	0.443766816143498
141	0.445704297942903
141	0.444676501955208
141	0.447203559106592
141	0.448307161659254
141	0.444896499307015
141	0.444618623191651
141	0.443077751840546
141	0.443734643734644
141	0.446785618219313
141	0.447061482820977
141	0.446920637756241
141	0.447740943421826
141	0.444991864039053
141	0.445800560527981
141	0.444459514444595
141	0.445615608880915
141	0.447151912961381
141	0.446802782140453
141	0.44502712477396
141	0.446115288220551
141	0.444981261570416
141	0.444942126036631
141	0.444787472035794
141	0.445204870678162
141	0.445673682316963
141	0.446321404756613
141	0.446218713555217
141	0.446961151468664
141	0.447683310841206
141	0.4465727615288
141	0.447842048710602
141	0.443253383357899
141	0.445746329898787
141	0.446547934143825
141	0.444913331518287
141	0.445390262577129
141	0.446712739838138
141	0.443373493975904
141	0.446714869537881
141	0.445896192528736
141	0.443050922837447
141	0.448158284355512
141	0.446801830088813
141	0.442591260564647
141	0.44647201946472
141	0.44659933863616
141	0.44478899824727
141	0.44559585492228
141	0.446416474732421
141	0.445702984537936
141	0.443517098258594
141	0.445247980000893
141	0.44455423310128
141	0.444144993936127
141	0.44616705839812
141	0.443863646517446
141	0.445090063916328
141	0.446707614488303
141	0.447050461975835
141	0.446644264826083
141	0.441798707621492
141	0.446928891504096
141	0.446490634168359
141	0.442724318469038
141	0.445961728505974
141	0.447129909365559
141	0.445140224538176
141	0.442791659176703
141	0.446566254258562
141	0.44420286639748
141	0.442649290368651
141	0.448336807758543
141	0.444885577909622
141	0.447790255388517
141	0.450401167031364
141	0.445464725643897
141	0.447139526542324
141	0.443852183650616
141	0.445218407334172
141	0.447339994598974
141	0.446012514978032
141	0.448935008192245
141	0.444177942707155
141	0.444925379863835
141	0.448518786127168
141	0.446247464503043
141	0.445404346277164
141	0.442354828646553
141	0.446772239917455
141	0.448391329924431
141	0.445347020754296
141	0.444543073986951
141	0.447456251127548
141	0.447427493939122
141	0.444552874378992
142	0.445400367432899
142	0.445690040196516
142	0.444584837545126
142	0.443253752939049
142	0.444300460252916
142	0.445934544162707
142	0.445732817983918
142	0.446784623675229
142	0.445380760189826
142	0.446377331420373
142	0.446613242601961
142	0.445435301535828
142	0.445327144514862
142	0.445811600017832
142	0.445691544068327
142	0.443976524349267
142	0.447414372061786
142	0.441398187202728
142	0.444400088711466
142	0.446383375516185
142	0.446294867722467
142	0.445504520467039
142	0.443379160636758
142	0.447299729972997
142	0.446720388961419
142	0.447392005735795
142	0.445105583392985
142	0.444958454974175
142	0.448047561140386
142	0.442752821420668
142	0.445805759255947
142	0.446637656453277
142	0.443433087647633
142	0.445386824627535
142	0.444120634079569
142	0.443754160195252
142	0.446425347535656
142	0.450953616459557
142	0.444839217449966
142	0.444672039898473
142	0.448509054599918
142	0.444974139869575
142	0.445151105096978
142	0.448278973248523
142	0.447448126214909
142	0.446253485652604
142	0.445012671976828
142	0.444631915460439
142	0.443312784776199
142	0.444871910926043
142	0.447460360118248
142	0.445596317976675
142	0.444844284508419
142	0.446203511254588
142	0.447593220338983
142	0.445280014155534
142	0.445475113122172
142	0.44643657552667
142	0.447353060033227
142	0.444793536804309
142	0.447162559348858
142	0.446177847113885
142	0.444330173493114
142	0.445070674539274
142	0.444672771945499
142	0.444519347445059
142	0.44475348795478
142	0.446434167524735
142	0.443590780428629
142	0.445117301395057
142	0.446398286173346
142	0.4447733082201
142	0.443170622480967
142	0.446536923007776
142	0.445159272662288
142	0.445040577096483
142	0.445895356092343
142	0.443894537928552
142	0.44520853800125
142	0.44613739641807
142	0.447205530203768
142	0.446088888888889
142	0.44688826664258
142	0.444117384711444
142	0.442252272223454
142	0.446235830736576
142	0.444459196317932
142	0.444968129993716
142	0.445769196547736
142	0.445356044054042
142	0.445884755393767
142	0.447847757136384
142	0.446917427108836
142	0.447227833894501
142	0.448499776085983
142	0.448865969972163
142	0.447564367094285
142	0.443918065331168
142	0.44336137446032
142	0.444767182053803
143	0.444575632350938
143	0.444824636441403
143	0.44773769901952
143	0.446526611915241
143	0.445669220773401
143	0.446509743912867
143	0.44383806754641
143	0.444682944280476
143	0.445206394442713
143	0.44369039698381
143	0.446476360392507
143	0.443720141090325
143	0.445491492117369
143	0.445832397214109
143	0.447128408885678
143	0.444454283816692
143	0.445229524952229
143	0.444880485194435
143	0.445028510334996
143	0.447443245926795
143	0.444969254077177
143	0.443767780938834
143	0.445095828635851
143	0.442862861972332
143	0.445165331782183
143	0.445450086941014
143	0.445405647691618
143	0.447743256476453
143	0.448007950130996
143	0.443253774963468
143	0.448119824426445
143	0.446072319201995
143	0.44959152936881
143	0.445115945921748
143	0.446381905019375
143	0.442892543365623
143	0.447718082033507
143	0.445257464891151
143	0.445610085547051
143	0.443360336570738
143	0.443826773065543
143	0.44656796769852
143	0.446839784419402
143	0.444208240987833
143	0.444341085271318
143	0.447362483642435
143	0.445131027017275
143	0.443292055970316
143	0.445622511519707
143	0.44455806508981
143	0.444841606719986
143	0.447624601857252
143	0.446194460602264
143	0.446259406817176
143	0.446381905019375
143	0.443883928571429
143	0.445443218227127
143	0.444419801277502
143	0.445432497978981
143	0.44564004107693
143	0.447479368496591
143	0.446910590978388
143	0.445422222222222
143	0.447121998846137
143	0.445656583870531
143	0.449113355780022
143	0.444743331091683
143	0.444081303724928
143	0.447713292324151
143	0.446415077565898
143	0.44533863821322
143	0.447472389332854
143	0.446741289041343
143	0.446839145106862
143	0.445377025760079
143	0.444870695491267
143	0.444142417895816
143	0.445068413780808
143	0.446053162400825
143	0.446313885119855
143	0.443641876226146
143	0.444679605529788
143	0.4435018210891
143	0.444284751852684
143	0.447209416819586
143	0.446887273712248
143	0.445005360972123
143	0.444776119402985
143	0.444509477286029
143	0.445526503023835
143	0.444992446458722
143	0.444345542747786
143	0.444399423734918
143	0.446313925171574
143	0.445540156361052
143	0.444613457408733
143	0.444379914224446
143	0.447981401171369
143	0.446949121854065
143	0.446233883736711
144	0.447942867409271
144	0.444858651755204
144	0.442238347504786
144	0.444621232210731
144	0.447054620159886
144	0.445826090832108
144	0.445801935167432
144	0.443968593861527
144	0.444145534729879
144	0.444915254237288
144	0.447767198605337
144	0.443530092077755
144	0.443743238369996
144	0.444449370455755
144	0.445602057102323
144	0.448472941596714
144	0.446353451711464
144	0.44628801431127
144	0.442900892104212
144	0.446186231916514
144	0.446895498247821
144	0.443488724485248
144	0.445699510070768
144	0.443567798876705
144	0.445878936788028
144	0.445284717533198
144	0.443628877053216
144	0.442950303575444
144	0.445304114490161
144	0.446137252258325
144	0.44434498500649
144	0.449970716763527
144	0.444479255247729
144	0.442992299229923
144	0.442683688956343
144	0.445574541180725
144	0.443871252204586
144	0.447447853313511
144	0.448204987667854
144	0.442731473253954
144	0.446309618971489
144	0.444385169378501
144	0.446629339305711
144	0.444341249834152
144	0.446150442477876
144	0.444647799303634
144	0.446002307214482
144	0.444779294451338
144	0.444676780709169
144	0.447865482576748
144	0.444589016511127
144	0.443044175276095
144	0.444710578842315
144	0.44781039782599
144	0.446580241394725
144	0.446409574468085
144	0.443749445479549
144	0.445656060064355
144	0.45006355547485
144	0.445485251069579
144	0.445182872435326
144	0.447142857142857
144	0.445885907232984
144	0.444998651927743
144	0.445361284567351
144	0.441292109731034
144	0.442998204667864
144	0.446177986998431
144	0.444879089615932
144	0.44587791063562
144	0.445355806931362
144	0.444612241272097
144	0.443904851836863
144	0.442947311876091
144	0.444250948872516
144	0.442921358315902
144	0.446076017370283
144	0.44656454754737
144	0.447327149706502
144	0.44492747194251
144	0.446639256346085
144	0.444464365755267
144	0.446576924785641
144	0.44528016378121
144	0.444950848972297
144	0.44589784659192
144	0.44397585012874
144	0.446046406848389
144	0.445458673932788
144	0.444692239072257
144	0.44554674697728
144	0.444548161977153
144	0.446080186146411
144	0.445531992024651
144	0.443295292439372
144	0.443929812060212
144	0.445386778556443
144	0.447439840781618
144	0.442926081270013
144	0.444048626263526
145	0.444374832184731
145	0.446233183856502
145	0.445358817803734
145	0.446361857320761
145	0.445800366545975
145	0.445089804307032
145	0.446737237036045
145	0.44407909353477
145	0.446578524209398
145	0.445331311870151
145	0.444623872964608
145	0.444539402662828
145	0.447565201532008
145	0.447416603402849
145	0.447600612226524
145	0.44488223835665
145	0.445651685897724
145	0.444631915460439
145	0.445178691840863
145	0.443239141109772
145	0.445030821765932
145	0.445520036019811
145	0.446779722172109
145	0.44447900466563
145	0.445217391304348
145	0.444454390833408
145	0.445316980632638
145	0.447809336080996
145	0.444617715202281
145	0.445840014252628
145	0.444617993573724
145	0.446337615505973
145	0.444779963586305
145	0.444494361831169
145	0.447316193053676
145	0.442807393517278
145	0.447666132193123
145	0.445280498664292
145	0.447808586762075
145	0.447287064832654
145	0.448027382453612
145	0.446913690211098
145	0.443205451568653
145	0.443200288965144
145	0.446199012499444
145	0.445844625112918
145	0.444912595248767
145	0.444800284672182
145	0.444346678398592
145	0.44531493434231
145	0.444365979608951
145	0.446343947916205
145	0.445049306144304
145	0.444027875793931
145	0.445927903871829
145	0.447013487475915
145	0.444517862649222
145	0.443897244775722
145	0.444548453240617
145	0.443806326206043
145	0.445575043513188
145	0.444796784278696
145	0.444945210321668
145	0.444641589779986
145	0.44595945823107
145	0.447303537006321
145	0.447497459910766
145	0.444469006985587
145	0.446524898577861
145	0.445487140896817
145	0.446009808292465
145	0.444281850028824
145	0.444218349110856
145	0.445541899441341
145	0.443178277320276
145	0.445145803698435
145	0.447642320571997
145	0.445845863817945
145	0.445380774032459
145	0.444716897012929
145	0.444626343967081
145	0.446792145507194
145	0.447295731978972
145	0.446700735162274
145	0.44364026269937
145	0.446882371267079
145	0.444946130806026
145	0.444459249389296
145	0.443119590178414
145	0.443530092077755
145	0.445980565371025
145	0.445309372358881
145	0.443358941338425
145	0.446068817971118
145	0.445001330612969
145	0.446289499597171
145	0.445800302841365
145	0.448945715567519
145	0.446077343160325
145	0.445447305548182
146	0.447115815914596
146	0.443923355219081
146	0.447301573153884
146	0.442236971925733
146	0.447524929571167
146	0.446076039217426
146	0.444100614473277
146	0.443727345062329
146	0.446730377842669
146	0.446553042226919
146	0.445243485595064
146	0.447596602783583
146	0.443039659302635
146	0.444264021767752
146	0.44569172064957
146	0.445605299426488
146	0.444762828425322
146	0.446865155078316
146	0.443541620666814
146	0.448120969535246
146	0.444314921090387
146	0.445299565976106
146	0.44643657552667
146	0.44691643677138
146	0.444330035367328
146	0.446743192738921
146	0.446955822575602
146	0.444885400873986
146	0.443584120306136
146	0.4443364552041
146	0.445123559933163
146	0.444295541856517
146	0.444100751215201
146	0.44627988181574
146	0.443589403387732
146	0.443659468586155
146	0.442882014195795
146	0.444207723035952
146	0.446167678129917
146	0.446284329563813
146	0.443746960788648
146	0.445125199786894
146	0.444479213232007
146	0.4458985429034
146	0.443041954900728
146	0.444746699964324
146	0.446962543279824
146	0.44438533492929
146	0.443514271719286
146	0.445949546988808
146	0.443939661256175
146	0.445361935107481
146	0.446416565819551
146	0.442625133120341
146	0.443703901181907
146	0.444188416714672
146	0.444464096215069
146	0.445277092214494
146	0.444097299709886
146	0.448404494382022
146	0.44293082925539
146	0.442710655372269
146	0.444871852216308
146	0.447299847245934
146	0.444595961817622
146	0.446588929097976
146	0.443613981094746
146	0.442455700733846
146	0.444785685672319
146	0.445884755393767
146	0.446760614110126
146	0.442994413407821
146	0.44348252934089
146	0.446728637826242
146	0.443819727288826
146	0.443806937631395
146	0.445792808066387
146	0.445201488188623
146	0.445712509436476
146	0.444517950074976
146	0.444662971571607
146	0.445365552517859
146	0.446882793017456
146	0.444997310381926
146	0.444057971014493
146	0.445814781834372
146	0.445610431365544
146	0.445572905015436
146	0.444607255450468
146	0.443245904574344
146	0.445704950764623
146	0.446138029679957
146	0.447930302893513
146	0.444257131449359
146	0.445985727029438
146	0.443984878808094
146	0.447179302910528
146	0.445205784204672
146	0.446359982134882
146	0.4450099579553
147	0.443401681270293
147	0.445320109802533
147	0.445297420600105
147	0.447809941389647
147	0.446083894262916
147	0.442553758663586
147	0.444932552360667
147	0.444189129474149
147	0.444913934973091
147	0.446126682851468
147	0.444075062333231
147	0.443318584070796
147	0.446034158991326
147	0.44530446065053
147	0.44503209474731
147	0.445812480623588
147	0.445921396605964
147	0.447946001519825
147	0.446955345060893
147	0.445027808676307
147	0.442910249601699
147	0.446005189227879
147	0.443191404342228
147	0.445812148782446
147	0.445527446723672
147	0.446286854356019
147	0.444537481820986
147	0.444841447074587
147	0.444017150687354
147	0.446713718570798
147	0.442809305604512
147	0.445068553737284
147	0.445843272373885
147	0.445493409333808
147	0.443208613249099
147	0.443860887986583
147	0.446274753574283
147	0.444010187950114
147	0.445968208735919
147	0.446024363233666
147	0.447149034817886
147	0.447054555348964
147	0.443381604003366
147	0.447935530604853
147	0.444556984322706
147	0.44375
147	0.445214609437483
147	0.446820991832499
147	0.446585952105404
147	0.444317079622608
147	0.445679953369502
147	0.443135860628417
147	0.441975745773214
147	0.444473788458999
147	0.445490056818182
147	0.44689988368972
147	0.447473793134476
147	0.445448104852993
147	0.442079859587538
147	0.448072278379104
147	0.44350632128017
147	0.443940404714254
147	0.444598090819877
147	0.44738477932688
147	0.445276292335116
147	0.447206364903133
147	0.443754404510218
147	0.442558631634632
147	0.445104255034156
147	0.446579110835034
147	0.442229310650363
147	0.442572536435352
147	0.44396034321789
147	0.445983628676801
147	0.444966323998582
147	0.445815403530342
147	0.445713775715114
147	0.444513466743577
147	0.44390762820797
147	0.445684323742942
147	0.445619335347432
147	0.444170047627447
147	0.446022218240459
147	0.444213780918728
147	0.445431019096912
147	0.443401733195636
147	0.44533014481201
147	0.443070191105555
147	0.443433261955746
147	0.444839383302972
147	0.443504451432874
147	0.445453337467334
147	0.445721807810443
147	0.44400212314225
147	0.448431899641577
147	0.446602375212073
147	0.445225464190981
147	0.445625221395678
147	0.443503831759045
147	0.445433213795546
148	0.443884096438841
148	0.446189541317152
148	0.443834292492202
148	0.446178614552122
148	0.446385271665918
148	0.445582134345485
148	0.445848536086144
148	0.445843941221135
148	0.445869330453564
148	0.444001576803469
148	0.443247832692823
148	0.443313693983217
148	0.443047467796012
148	0.444469164367714
148	0.444141809076132
148	0.445551158344079
148	0.444198307562802
148	0.443528841492971
148	0.445769874108636
148	0.440325577280368
148	0.446799964295278
148	0.443995739771013
148	0.443452771579822
148	0.442382295891377
148	0.442003514938489
148	0.442713147585721
148	0.447582617978028
148	0.447981576808453
148	0.443651356623515
148	0.447869854395111
148	0.44505373015522
148	0.444231540483936
148	0.445145242959936
148	0.444726867335563
148	0.444885361552028
148	0.44695067264574
148	0.444137069427093
148	0.44724311334609
148	0.4457676071984
148	0.444385121907813
148	0.443970686209194
148	0.442951833848873
148	0.447773279352227
148	0.445220505932393
148	0.443425350096193
148	0.446153846153846
148	0.445280680007083
148	0.447214924974398
148	0.445555111288818
148	0.446060016794096
148	0.446435736257857
148	0.443990224394579
148	0.445015371102328
148	0.446558973224165
148	0.445303867403315
148	0.445122778456112
148	0.445823177487259
148	0.444911504424779
148	0.4447198371249
148	0.445302732630827
148	0.445632718811527
148	0.446498098008503
148	0.444671493936298
148	0.44593450657162
148	0.443922773146117
148	0.445901058505691
148	0.444860813704497
148	0.444611241114398
148	0.445926188471933
148	0.446805630752572
148	0.444212860310421
148	0.443371802185265
148	0.446951192432384
148	0.445992876224399
148	0.444149054012141
148	0.444973309608541
148	0.446315134822975
148	0.444311959017841
148	0.443004952246197
148	0.443722082172394
148	0.447688672937191
148	0.443712969058591
148	0.444918076461969
148	0.443640985187133
148	0.444223547603269
148	0.445892801908886
148	0.446982275072919
148	0.447234850156684
148	0.446109253065775
148	0.447050968172713
148	0.44534627260697
148	0.445737639376305
148	0.445696400625978
148	0.442981289350004
148	0.44775388451093
148	0.444631690984079
148	0.4446772467903
148	0.442413487133984
148	0.443700088731145
148	0.444277041698055
149	0.445346464377606
149	0.445297335450856
149	0.446996150058197
149	0.442884267231863
149	0.44726867335563
149	0.445041158603689
149	0.445816679391027
149	0.445222060830142
149	0.445745992601726
149	0.445421760928842
149	0.440555727622672
149	0.441029716960304
149	0.444956544640506
149	0.444911132726147
149	0.444969734458534
149	0.443327921365571
149	0.443780650913955
149	0.444704118528971
149	0.443240134489471
149	0.444469124833407
149	0.444151969816618
149	0.445652173913043
149	0.443734015345269
149	0.443246110325318
149	0.445282852351955
149	0.444822406785651
149	0.444975018791175
149	0.442081427873729
149	0.445118200193339
149	0.446552870760364
149	0.444014413452556
149	0.445780488875236
149	0.444404925976971
149	0.447139220152754
149	0.441324410619779
149	0.446780319759739
149	0.445267857142857
149	0.444370743787035
149	0.448352330687009
149	0.446322112152046
149	0.445090583762022
149	0.445175341126272
149	0.444404413420401
149	0.442581391211528
149	0.445324384787472
149	0.445526070142686
149	0.446100565516637
149	0.445362473347548
149	0.444674113818278
149	0.44430273978627
149	0.442871007587789
149	0.448946442268646
149	0.446815186695952
149	0.441616964877402
149	0.444478908188586
149	0.445473478973723
149	0.446012514978032
149	0.441638435478904
149	0.444802002324126
149	0.44291627720657
149	0.44653024911032
149	0.446389691179738
149	0.444999325145094
149	0.444830620325561
149	0.446453221712606
149	0.446915224145584
149	0.443458586575573
149	0.445932716269135
149	0.444013230429989
149	0.448316172833955
149	0.446821760597838
149	0.443126708403139
149	0.446203094433576
149	0.446007926259073
149	0.441420118343195
149	0.44600398494576
149	0.444449314107902
149	0.446442080904277
149	0.444033302497687
149	0.445136221133042
149	0.443263519849953
149	0.447282193994344
149	0.441923213021939
149	0.444227092873338
149	0.445702747783338
149	0.444092409240924
149	0.445014957360361
149	0.443855230014583
149	0.444296729593193
149	0.443794585493376
149	0.444118952507767
149	0.444101024373013
149	0.444854084306845
149	0.444616610589694
149	0.444976500842423
149	0.445039978912222
149	0.443714780139326
149	0.44619260175896
149	0.445398990346293
149	0.443254723242334
150	0.442343214002991
150	0.445737122557726
150	0.445887638450247
150	0.443019566367002
150	0.441361025187804
150	0.445471756262933
150	0.444090587402689
150	0.442076406084188
150	0.443974159055469
150	0.44375581035017
150	0.441959765814148
150	0.446092489693493
150	0.444693967415236
150	0.448846651496899
150	0.443985771375873
150	0.445989162299014
150	0.444839857651246
150	0.448332665509105
150	0.445090295957758
150	0.44434250764526
150	0.447389594135527
150	0.445168390931103
150	0.446786882347742
150	0.44404635527247
150	0.444557342286623
150	0.441863534380362
150	0.446121834602444
150	0.440986885974661
150	0.446717475598342
150	0.444895410552607
150	0.443160690571049
150	0.442761908966492
150	0.442975279706364
150	0.44488764791916
150	0.444779561784796
150	0.441609335539493
150	0.444081742163395
150	0.449407026180354
150	0.444459219858156
150	0.445451731305002
150	0.44671241974762
150	0.445348630380647
150	0.444087912087912
150	0.444824674458913
150	0.446358443413067
150	0.444897065265002
150	0.443778903325259
150	0.444692239072257
150	0.445398610065955
150	0.444075598636746
150	0.442850162142952
150	0.444587628865979
150	0.446542823103737
150	0.444168514412417
150	0.44530698659139
150	0.446025515210991
150	0.444577724465769
150	0.444933333333333
150	0.444319763005521
150	0.445793311988616
150	0.444390416408806
150	0.444616542018852
150	0.444073895300364
150	0.445716841869828
150	0.446108313455252
150	0.447190310802387
150	0.444166885791919
150	0.443498756056043
150	0.444626561530965
150	0.443962115232833
150	0.446281726452416
150	0.444839537291263
150	0.444183885668776
150	0.445021340256083
150	0.4459357696567
150	0.446331431604087
150	0.444846292947559
150	0.442404894918861
150	0.443075428369546
150	0.444694661544575
150	0.44473846696657
150	0.446215845179576
150	0.446149043392945
150	0.446719136894234
150	0.443337760070828
150	0.445202729827379
150	0.444935282943853
150	0.44517563361494
150	0.445416004239534
150	0.445997346306944
150	0.445139684498105
150	0.445467829783465
150	0.445953165345918
150	0.448419190802565
150	0.443385823298487
150	0.447363757199823
150	0.446619693185872
150	0.445575982012961
150	0.446085089602594
150	0.443232501655995
151	0.444478963252263
151	0.444107166424706
151	0.443331715710063
151	0.447677041046459
151	0.44486408150718
151	0.445495735607676
151	0.44278911267421
151	0.447488177032212
151	0.444935087874238
151	0.445842716474588
151	0.443673110720562
151	0.44376086665775
151	0.444909034295627
151	0.446368017133678
151	0.444746336466082
151	0.44255375280306
151	0.445385229186985
151	0.44620656328252
151	0.445504570870684
151	0.443150502266868
151	0.445075840363684
151	0.445123842438743
151	0.445402424613769
151	0.444593147751606
151	0.443882264947864
151	0.448596044819428
151	0.443791167499226
151	0.443589856282688
151	0.444907448021756
151	0.446079517751873
151	0.441903340503051
151	0.444867931217869
151	0.44572231245336
151	0.44732158747108
151	0.446506119226214
151	0.442586350304251
151	0.443379056243619
151	0.444753331568264
151	0.443176352267261
151	0.445375171741346
151	0.444933920704846
151	0.444597783020968
151	0.444069578933532
151	0.44472720778641
151	0.444966001316078
151	0.444821656893435
151	0.445250021970296
151	0.444380910490433
151	0.446643109540636
151	0.446158634181042
151	0.443074212728474
151	0.44354018311292
151	0.441160949868074
151	0.446664003196165
151	0.443786982248521
151	0.445157862108666
151	0.445701357466063
151	0.444896530603316
151	0.444743340977245
151	0.443358684117439
151	0.447265102168288
151	0.445465085169
151	0.44378074490513
151	0.44565362235153
151	0.444699545233785
151	0.445685053380783
151	0.446354212811199
151	0.443365265211992
151	0.445953118089341
151	0.443525322303868
151	0.445238095238095
151	0.447033614570778
151	0.444193162165758
151	0.450004479885315
151	0.446659578238526
151	0.44542447629548
151	0.449185977960183
151	0.442885594158
151	0.443731468779041
151	0.444601895314853
151	0.443108478472284
151	0.443464707192162
151	0.442840697777384
151	0.442697522413108
151	0.443966652040369
151	0.444737784141758
151	0.446155888992166
151	0.445825380620534
151	0.445575952476663
151	0.446358138311859
151	0.445780993386302
151	0.443327921365571
151	0.444697071017788
151	0.44581648795922
151	0.445886493620765
151	0.44361101306036
151	0.446298181174492
151	0.443821474658479
151	0.443563742638268
151	0.443963422715024
152	0.444380198372103
152	0.44382515579742
152	0.444576405384006
152	0.443525085369057
152	0.445526583735446
152	0.44465811010241
152	0.446306033330363
152	0.442105721880856
152	0.443343707535177
152	0.442448728646085
152	0.44711071901191
152	0.445018023229941
152	0.444617092119867
152	0.444772957945369
152	0.443762508338893
152	0.442520102500663
152	0.44560113404802
152	0.445762787183931
152	0.44502179752521
152	0.444361266458232
152	0.445357833655706
152	0.445636274987811
152	0.446329930620001
152	0.445637347648172
152	0.44533014481201
152	0.445507969014335
152	0.443284436808951
152	0.444145534729879
152	0.443877995642702
152	0.446936711087654
152	0.445602057102323
152	0.445335919590901
152	0.44382146483599
152	0.445172139127356
152	0.44608860815407
152	0.442973032229774
152	0.444395195248438
152	0.444020021074816
152	0.445872532131973
152	0.443761333982043
152	0.446149084799717
152	0.445796998804834
152	0.443883597419128
152	0.443055189962271
152	0.443688851840477
152	0.44525030957014
152	0.445212459568435
152	0.441622605530034
152	0.443981400245657
152	0.447307726425974
152	0.443135876252417
152	0.443371802185265
152	0.446734024638837
152	0.445926123483131
152	0.444648478488982
152	0.444552572212147
152	0.442653195695146
152	0.44614839110008
152	0.444503101491355
152	0.444600035007877
152	0.444352304469274
152	0.443527022253621
152	0.444434702555784
152	0.446305899038248
152	0.444600035007877
152	0.446410968724796
152	0.44517330023934
152	0.440975865687303
152	0.444140607771358
152	0.443630139992101
152	0.445042959533455
152	0.443432743907803
152	0.444351094406367
152	0.443705107301811
152	0.445924488355681
152	0.445130013221684
152	0.445064681906787
152	0.443849320525873
152	0.443970024398745
152	0.446040629268938
152	0.446736303935828
152	0.446100968620274
152	0.442686527698206
152	0.445846941477624
152	0.442404227212682
152	0.445048870019017
152	0.442197802197802
152	0.442782578183254
152	0.443688254665203
152	0.447076923076923
152	0.445910173828642
152	0.444643256542161
152	0.445679012345679
152	0.444615587730493
152	0.442753782065337
152	0.444008637785906
152	0.445695540384786
152	0.444243573349795
152	0.444454213742472
152	0.447016050368006
153	0.448371634636922
153	0.445508132783761
153	0.443633164723994
153	0.441473480857043
153	0.445655531529941
153	0.444126074498567
153	0.442523920807796
153	0.446981837606838
153	0.443256725458756
153	0.443861209964413
153	0.443866302143046
153	0.444782704610633
153	0.445316634327042
153	0.446280991735537
153	0.443658257888723
153	0.443925645317593
153	0.446793516560958
153	0.442683408701761
153	0.445832046246856
153	0.446188439663154
153	0.444243013795543
153	0.445427857862682
153	0.443945596197016
153	0.444272582640976
153	0.44497924578292
153	0.4414576390107
153	0.444865226108265
153	0.444444444444444
153	0.443865259100267
153	0.442791712104689
153	0.445874001774623
153	0.444262222419219
153	0.443912928991486
153	0.444789908501377
153	0.444617507009034
153	0.443385919678364
153	0.443064916637105
153	0.446099951221675
153	0.443457330415755
153	0.447092972117161
153	0.447117506842059
153	0.443730331102345
153	0.444777676359369
153	0.444128207373675
153	0.44143391246976
153	0.444658831783898
153	0.444252108300044
153	0.44535772681073
153	0.448451102567502
153	0.444532106070568
153	0.443708903500977
153	0.444954736144844
153	0.444317582996663
153	0.443563309542691
153	0.443036303630363
153	0.443946586220665
153	0.444005096436888
153	0.444498027181061
153	0.444891884793837
153	0.4456
153	0.444792171728303
153	0.443114303449499
153	0.445439063796341
153	0.443998234774934
153	0.44484565590735
153	0.443393736805067
153	0.444287915474356
153	0.447733950672246
153	0.44584305268254
153	0.444921252875597
153	0.444997776789684
153	0.445558675402237
153	0.446372726071444
153	0.445709745762712
153	0.44688496608723
153	0.447597091682922
153	0.443449346043006
153	0.443601641977512
153	0.444165896996086
153	0.445193409110935
153	0.444345976604041
153	0.442209954433929
153	0.446306805683868
153	0.443113248797551
153	0.443639397532165
153	0.444055485056667
153	0.44946927125145
153	0.446131438407556
153	0.446883852691218
153	0.445666092639202
153	0.447425606457049
153	0.444769633275686
153	0.445454545454545
153	0.4442053489087
153	0.443736263736264
153	0.44496644295302
153	0.446112291888062
153	0.445241574775254
153	0.444666435024322
153	0.445478013174292
154	0.447018830791251
154	0.44478083453995
154	0.445190256045519
154	0.443599160545645
154	0.442490618727638
154	0.444454240874625
154	0.448332446336704
154	0.444754563175616
154	0.444008810572687
154	0.444139153556393
154	0.445823177487259
154	0.444629402488172
154	0.445170342438725
154	0.444302683677959
154	0.444725812085225
154	0.446478997529121
154	0.445886090107825
154	0.446242101017344
154	0.443620893820446
154	0.446359064071725
154	0.447894456289979
154	0.443738697013806
154	0.443978216230694
154	0.444682848330428
154	0.445414084998691
154	0.442800401553839
154	0.447854931446263
154	0.445705167981562
154	0.444871794871795
154	0.446071082106006
154	0.444947275922671
154	0.446726057906459
154	0.44394181302111
154	0.444292398693387
154	0.446429355220998
154	0.443359718557608
154	0.442438811188811
154	0.447595725734639
154	0.444860389324408
154	0.446896612484032
154	0.444556363317859
154	0.444381582383149
154	0.445044333245545
154	0.44358315551104
154	0.444573056718013
154	0.44404521952502
154	0.445951957295374
154	0.442116337176171
154	0.445173009614107
154	0.442069297822945
154	0.442558804132776
154	0.444105151354222
154	0.445885549031636
154	0.443008687300825
154	0.445917096602028
154	0.444204304869442
154	0.445514511873351
154	0.444233988194873
154	0.446580439404678
154	0.448166291539785
154	0.445273192691323
154	0.443281132159177
154	0.446235606731621
154	0.443677550659234
154	0.446682830063919
154	0.444883098653332
154	0.444298648471329
154	0.444142644352931
154	0.444336369263419
154	0.445243240859172
154	0.443645294272432
154	0.443771664253433
154	0.444055944055944
154	0.443872839994724
154	0.442881013103509
154	0.445536767597326
154	0.445732164103468
154	0.444512649625115
154	0.442402175820319
154	0.444982883563775
154	0.443667238572874
154	0.445075673516488
154	0.442980920707159
154	0.444355448760735
154	0.444288163157663
154	0.442725807154372
154	0.441607916976836
154	0.444878221906748
154	0.445083406496927
154	0.445795474790665
154	0.447452654041078
154	0.443024024685916
154	0.443978325467576
154	0.444731994034564
154	0.445006154387199
154	0.444105421420359
154	0.444172101369983
154	0.445937076095042
154	0.443260686972282
154	0.445117368816586
155	0.444921943518681
155	0.446303860851232
155	0.443662591256927
155	0.443519775743507
155	0.442893180236604
155	0.443783618314602
155	0.446085409252669
155	0.443423193632086
155	0.444096133751306
155	0.44256236526024
155	0.445525462354282
155	0.443744531933508
155	0.446069307808207
155	0.44272743146499
155	0.444951511694238
155	0.443545229082365
155	0.445172065222169
155	0.446461783721548
155	0.444023772837332
155	0.442458930443901
155	0.443740931275557
155	0.443902653312247
155	0.44579578265815
155	0.445436158986986
155	0.446411229804891
155	0.443857273878674
155	0.444258024636849
155	0.443468429292051
155	0.443522626441881
155	0.443849798210212
155	0.443324382620945
155	0.443712969058591
155	0.443064362025536
155	0.44532185794774
155	0.442827352506734
155	0.444298014408716
155	0.445193112256132
155	0.443059490084986
155	0.443458294696869
155	0.444205443371378
155	0.441480244363381
155	0.442247977257818
155	0.44455205811138
155	0.443799540867155
155	0.444279346210996
155	0.443056286165176
155	0.442310216582805
155	0.443293951059781
155	0.444074333800841
155	0.443003924681395
155	0.446623579228883
155	0.443575664397101
155	0.444763334510774
155	0.44505080083411
155	0.446341679200212
155	0.446239383591629
155	0.443687057478341
155	0.445113376691861
155	0.443501326259947
155	0.440879846983133
155	0.443243479782951
155	0.442976930095147
155	0.442919964819701
155	0.442572471737122
155	0.444143593326928
155	0.443171382341365
155	0.443044110518662
155	0.443251265933298
155	0.440324500683391
155	0.44449806949807
155	0.441873762920607
155	0.443507735094733
155	0.441908170391061
155	0.44128191675411
155	0.446912266702132
155	0.444550793996084
155	0.44354450330546
155	0.445150752659692
155	0.444888459511681
155	0.444025763484205
155	0.444944310984931
155	0.443468279546157
155	0.445747156720678
155	0.444798019977018
155	0.447130311363435
155	0.445945945945946
155	0.446829011913104
155	0.444002099921253
155	0.444619422572178
155	0.444316419233326
155	0.444429725791496
155	0.443307570700861
155	0.446923952043406
155	0.444415046081933
155	0.442440129737415
155	0.442935731749913
155	0.4451232912839
155	0.445018253049595
155	0.444765532641534
155	0.443221830985915
156	0.443144984669295
156	0.443808853295785
156	0.445377783611148
156	0.443755224143241
156	0.442809248051552
156	0.444614175977654
156	0.444079091586654
156	0.442667013482464
156	0.44529550004352
156	0.444779643231899
156	0.444302120141343
156	0.443184306169812
156	0.444187366307242
156	0.44492450030549
156	0.44408356741573
156	0.445072163128393
156	0.444718093060076
156	0.444589706715475
156	0.445227223309415
156	0.444079091586654
156	0.445053487755282
156	0.442759833003735
156	0.445813239807102
156	0.446962989197804
156	0.443144472196661
156	0.444532908704883
156	0.441697191697192
156	0.445194668537355
156	0.446246219923741
156	0.443587143424011
156	0.444717660490032
156	0.444044114416275
156	0.443875317397776
156	0.445223721590909
156	0.44402837129389
156	0.444891884793837
156	0.444139672587948
156	0.443993187475436
156	0.444938771914369
156	0.444415162296306
156	0.442826892535733
156	0.444405701085298
156	0.442312700755274
156	0.443460729312763
156	0.444898856640281
156	0.443182318496015
156	0.443988832664456
156	0.443429775650876
156	0.444092966038399
156	0.444982607547004
156	0.443583876078155
156	0.444893654420812
156	0.443202244727958
156	0.443447585035495
156	0.444488309865333
156	0.443194698753161
156	0.442577766111038
156	0.446053968113766
156	0.444370860927152
156	0.445350951092981
156	0.444826985095441
156	0.442235427772437
156	0.443754404510218
156	0.443282664089272
156	0.443759293273856
156	0.445164704325969
156	0.441772151898734
156	0.443853557772601
156	0.445935314685315
156	0.444756718777446
156	0.444963337988827
156	0.445604227628074
156	0.444156756045113
156	0.443147672342464
156	0.442727312639944
156	0.44447366114471
156	0.445768191682537
156	0.443543438239677
156	0.445437420598414
156	0.442719978955675
156	0.44514243336387
156	0.443599493029151
156	0.442859012959812
156	0.445324881141046
156	0.445423396965247
156	0.442988434985269
156	0.445905400635369
156	0.443917226835376
156	0.444865245728378
156	0.442674601785402
156	0.442702845100105
156	0.444623914087397
156	0.447974968049006
156	0.443790849673203
156	0.448993258627617
156	0.442409283796657
156	0.445402802101576
156	0.443960587666051
156	0.44182595792965
156	0.445298922488704
157	0.443464594429407
157	0.444130065729334
157	0.444861280753795
157	0.443564184042136
157	0.442274781692922
157	0.44309102815979
157	0.443323832492874
157	0.443920747141486
157	0.445858470210049
157	0.444186860292188
157	0.443081387679726
157	0.444644979530748
157	0.44116489571035
157	0.446071727910362
157	0.444236298684325
157	0.445392191347169
157	0.444964871194379
157	0.444303019662921
157	0.441973898141231
157	0.441997127062203
157	0.443054526435078
157	0.443651488616462
157	0.443486631952041
157	0.444400579023556
157	0.445590374190136
157	0.443060185997543
157	0.443448607528527
157	0.445870511186321
157	0.439905113336848
157	0.443221042513217
157	0.445382193458107
157	0.444831232925002
157	0.442667944584822
157	0.444717229285401
157	0.443620178041543
157	0.443583683473389
157	0.443915644238746
157	0.445467829783465
157	0.446314952279958
157	0.443817749184807
157	0.443192734259017
157	0.444970829495109
157	0.445303915967125
157	0.446132840028189
157	0.444636448225442
157	0.443428571428571
157	0.443991049098328
157	0.445087973322803
157	0.442952133515346
157	0.44358895839713
157	0.443002577882641
157	0.44477977518261
157	0.44270327535976
157	0.44581744884098
157	0.445385229186985
157	0.445729498537948
157	0.444532244611265
157	0.444293239683933
157	0.443087829854273
157	0.445188874685943
157	0.44344211550367
157	0.447176079734219
157	0.444642624091878
157	0.444034926067307
157	0.44308354185873
157	0.443260869565217
157	0.444429772437167
157	0.442088593674394
157	0.442338833209331
157	0.445408500330324
157	0.444720659426927
157	0.445517301642782
157	0.444012577517687
157	0.443306606240195
157	0.445742757617179
157	0.442373626373626
157	0.445656476797889
157	0.444830773293429
157	0.442860266783293
157	0.445597662552876
157	0.443237299318232
157	0.444918389553863
157	0.442548899219367
157	0.443793807115606
157	0.443228573929791
157	0.444002621804676
157	0.445345914722871
157	0.444292760260701
157	0.445617134025171
157	0.447026597154723
157	0.445183887915937
157	0.445568166762355
157	0.443986998916576
157	0.443914081145585
157	0.443894100113965
157	0.444546729791338
157	0.443416996917657
157	0.444877237515865
157	0.442615096476327
157	0.444843756847964
158	0.443994954108487
158	0.445964974038546
158	0.443508771929825
158	0.445730952801838
158	0.444057920598339
158	0.443896693133234
158	0.442064560976669
158	0.442974412715047
158	0.444171563897904
158	0.444575368770184
158	0.446699831216132
158	0.440927622638201
158	0.446909876924434
158	0.444811050987638
158	0.442974055371757
158	0.445481507327285
158	0.444667393675027
158	0.443068106678422
158	0.442679168294483
158	0.446824552066702
158	0.445866270690483
158	0.446130568288016
158	0.441839260127654
158	0.445330245401505
158	0.444920305532253
158	0.444321940463065
158	0.442659352142111
158	0.444974401610292
158	0.442573007790399
158	0.446368911552664
158	0.441665575487757
158	0.44488411531939
158	0.444108893557423
158	0.445242210698932
158	0.442632929003087
158	0.442065934065934
158	0.446465877437326
158	0.443979969518833
158	0.442567717338299
158	0.44213585494925
158	0.442912179318799
158	0.444469016763236
158	0.443954989532449
158	0.444672578742737
158	0.44241678026472
158	0.44417866307137
158	0.442611534276387
158	0.44251220362622
158	0.445011213227211
158	0.445085946726151
158	0.445139258470818
158	0.441975850713502
158	0.445342537574275
158	0.444672848145556
158	0.443326684589368
158	0.442057093048594
158	0.442144258008281
158	0.44673235826963
158	0.444913391365515
158	0.44406868988537
158	0.441315382917678
158	0.443033586132178
158	0.444386240614632
158	0.44784979333392
158	0.443237561317449
158	0.443470678003052
158	0.445196506550218
158	0.443661351422782
158	0.444395816009453
158	0.444238328695729
158	0.445675387079552
158	0.444108364018937
158	0.44242318739664
158	0.441928574550859
158	0.446164079822616
158	0.445421213058267
158	0.445232952792348
158	0.444633656449218
158	0.443722471763115
158	0.445501615258663
158	0.442353043933968
158	0.445888396189138
158	0.443688981868898
158	0.443300760043431
158	0.44414800559832
158	0.443960970464135
158	0.444129077332868
158	0.441810627596764
158	0.446849700809574
158	0.446244090351952
158	0.442931937172775
158	0.44569403115701
158	0.446257787136966
158	0.442803787023365
158	0.446407435009425
158	0.443093490815928
158	0.444425124972832
158	0.443734966105401
158	0.445372638208537
158	0.446562705908192
159	0.446423846900079
159	0.444894901511479
159	0.446108702316822
159	0.443904148595961
159	0.444619284902526
159	0.443376114857516
159	0.442256704481245
159	0.44437195546277
159	0.443699908027854
159	0.441749468477459
159	0.444322857392979
159	0.446031189766953
159	0.444730413540394
159	0.444188722669735
159	0.442747761387723
159	0.445282357067696
159	0.443926876428195
159	0.441846367021737
159	0.442641443943075
159	0.443913348535345
159	0.445120875242633
159	0.444633805278797
159	0.444937989269065
159	0.444468669602756
159	0.444507584036368
159	0.44439564300773
159	0.443859187077517
159	0.443988116043341
159	0.441266952640929
159	0.441614608361365
159	0.445904954499494
159	0.443972872456793
159	0.442517021553406
159	0.444303465173259
159	0.445615257336933
159	0.443441872629789
159	0.442123393543258
159	0.44345782188561
159	0.445419830575429
159	0.444292940400264
159	0.446069868995633
159	0.443471441641615
159	0.443451207221419
159	0.442746429815395
159	0.445101906640368
159	0.445444915254237
159	0.445717839374556
159	0.445994718309859
159	0.44359749419547
159	0.444722514927994
159	0.442503575917819
159	0.443828626726489
159	0.443775276947424
159	0.443361490145116
159	0.443571397216979
159	0.44492887655789
159	0.444044261228032
159	0.442489438613301
159	0.444868588477908
159	0.445036405611792
159	0.443862863124836
159	0.445724044314052
159	0.441492864983535
159	0.442361141747915
159	0.44416981050258
159	0.445469248590287
159	0.44597232079489
159	0.445060703991615
159	0.444648639187888
159	0.443045694123797
159	0.447663139329806
159	0.445371105815903
159	0.443736915561759
159	0.444025598316823
159	0.443510086706462
159	0.445393612826915
159	0.443284681016934
159	0.445254192642023
159	0.444809749254778
159	0.443270615968918
159	0.444478367062107
159	0.44521960422974
159	0.443314849044978
159	0.444080956119689
159	0.441862485340746
159	0.443287289206501
159	0.445047727471758
159	0.444352304469274
159	0.444000526847258
159	0.446243181418265
159	0.444385802876369
159	0.443730186685453
159	0.443650309422122
159	0.444245390194879
159	0.44634436560751
159	0.441707072030752
159	0.443941657147878
159	0.443264910580566
159	0.444647519582245
159	0.442701581540057
160	0.443896262661544
160	0.445709012611504
160	0.444072512281007
160	0.442970822281167
160	0.44526090189389
160	0.443483984203598
160	0.443291294447364
160	0.444880516309088
160	0.441886726893676
160	0.444488361879666
160	0.444075643097349
160	0.444785814606742
160	0.445848931953314
160	0.444773132640188
160	0.444120336105185
160	0.444118548351793
160	0.444293775425397
160	0.444517313746065
160	0.443038521333564
160	0.444487949186461
160	0.443187819045943
160	0.445029393700097
160	0.444657570077161
160	0.445047313134821
160	0.444212449432337
160	0.443015983321751
160	0.445006762357663
160	0.442855274059216
160	0.445628997867804
160	0.446550048590865
160	0.443394171712332
160	0.443029139766184
160	0.443112467306016
160	0.442615096476327
160	0.444497963830626
160	0.445025028541319
160	0.44526122341822
160	0.442752740560292
160	0.443476738588122
160	0.444526982739786
160	0.443795299802328
160	0.445039751123401
160	0.446312839376423
160	0.443652736492394
160	0.445422303953763
160	0.443651488616462
160	0.442592995431803
160	0.441263359110262
160	0.443209930124561
160	0.443422142763703
160	0.442757720748151
160	0.444575988774884
160	0.445139703645765
160	0.444405487136784
160	0.445180247346724
160	0.442256588978436
160	0.443662894840316
160	0.444131292546503
160	0.444473557797284
160	0.443474846197478
160	0.44377622982737
160	0.441761798539124
160	0.443177400544253
160	0.444665957823853
160	0.4456186127419
160	0.445499891563652
160	0.442015126488742
160	0.444009500351865
160	0.443035776311219
160	0.446290486500817
160	0.447391456582633
160	0.444356365878364
160	0.44538882803943
160	0.442807815026881
160	0.443111187845304
160	0.443879104153077
160	0.441767068273092
160	0.445735922159116
160	0.445599263254835
160	0.442547460793258
160	0.442188111492803
160	0.444937598875022
160	0.444759330310429
160	0.442638791286015
160	0.443367122080212
160	0.442546312478155
160	0.443892231232017
160	0.446744135058101
160	0.443483955468238
160	0.443615868198569
160	0.44597670957009
160	0.442203190888145
160	0.444998015960496
160	0.446772988884495
160	0.445417164080117
160	0.444899203204598
160	0.444288286705608
160	0.444265576052906
160	0.444580580230167
160	0.446397265077139
161	0.442787583688375
161	0.443362870487581
161	0.445730574871507
161	0.443940121328503
161	0.444488068751909
161	0.445714535978627
161	0.445935933754631
161	0.443006857290723
161	0.443418013856813
161	0.441927332926723
161	0.443782315309789
161	0.445159327044299
161	0.443882445277754
161	0.445995911087912
161	0.444984243697479
161	0.443376771532623
161	0.443807538648602
161	0.443798619001835
161	0.441226279907942
161	0.443059957452351
161	0.444744640055778
161	0.442753402617733
161	0.44491894718494
161	0.44223779854621
161	0.443028061779421
161	0.443446802946432
161	0.442330198084175
161	0.44606819763396
161	0.443719554627697
161	0.446601520086862
161	0.44132166984237
161	0.442516649141255
161	0.44362107817646
161	0.442611534276387
161	0.444493102693234
161	0.444526210986537
161	0.443575370442793
161	0.444744757836
161	0.446248354541466
161	0.442847868426747
161	0.4451182270308
161	0.442719206680585
161	0.442117058874235
161	0.442260229486902
161	0.444488085886358
161	0.44310703152061
161	0.44660704892162
161	0.443802657865022
161	0.442891859052248
161	0.443690755717889
161	0.445515616820799
161	0.442193138832123
161	0.445119535068023
161	0.443173790180148
161	0.441601249078371
161	0.443787239594659
161	0.446041584245461
161	0.446483314355785
161	0.443733847299488
161	0.444696539988656
161	0.445410079482924
161	0.446349484762114
161	0.444811977715877
161	0.444921003107357
161	0.442428953960439
161	0.44309705561614
161	0.44416981050258
161	0.443770720642122
161	0.444759949325062
161	0.445957259308218
161	0.444184737912825
161	0.442174801164762
161	0.44418269859966
161	0.445085451548538
161	0.443688388728954
161	0.444703604277604
161	0.441767068273092
161	0.444259275502149
161	0.443822436037612
161	0.442616563487597
161	0.443429863466388
161	0.446049463777632
161	0.443947745323554
161	0.443412198827871
161	0.442695949159137
161	0.443007662835249
161	0.443334496597452
161	0.443392487559998
161	0.444488017429194
161	0.442991948749026
161	0.445190156599553
161	0.443111690569318
161	0.443146655044672
161	0.444155054911664
161	0.444111776447106
161	0.444814606498507
161	0.445340968245705
161	0.444975447211505
161	0.443820717480923
161	0.446501425751261
162	0.441973471085234
162	0.444816927162698
162	0.443130948759181
162	0.443964953576566
162	0.444883943319134
162	0.444979606005381
162	0.445817324484806
162	0.444284655946311
162	0.444609146793391
162	0.443539607194182
162	0.444099921390514
162	0.445535440319116
162	0.444231606443187
162	0.444362532523851
162	0.44401442519131
162	0.444202551486916
162	0.443296283431747
162	0.444125576137055
162	0.445355902777778
162	0.44238289736682
162	0.442356591820023
162	0.443157666449794
162	0.445301664355062
162	0.442736588306209
162	0.444936791346279
162	0.444846529473317
162	0.44310703152061
162	0.446096654275093
162	0.443348901574122
162	0.445010093917318
162	0.443046185781007
162	0.445198536864836
162	0.44636556104446
162	0.444086536368781
162	0.446919369545395
162	0.445105532875879
162	0.443872880247613
162	0.44392256705149
162	0.443831929855022
162	0.443948152040638
162	0.444285590503423
162	0.443194698753161
162	0.445384042413355
162	0.443600105420364
162	0.444322231510405
162	0.443862634725313
162	0.442293534277424
162	0.444391366656534
162	0.4415831316972
162	0.445709814830914
162	0.441667751312421
162	0.445712523133868
162	0.443372446762277
162	0.440932506766786
162	0.442917822468793
162	0.445696810834426
162	0.442831137309293
162	0.443913251336434
162	0.443654029669472
162	0.443341095830221
162	0.442578736732208
162	0.443611001447559
162	0.444989366780956
162	0.445416359935911
162	0.443537178596247
162	0.446181389458976
162	0.441742522756827
162	0.443418923056734
162	0.444376661292431
162	0.442003937869175
162	0.444294307383838
162	0.445315923231969
162	0.444699241488799
162	0.442757009345794
162	0.442640171576137
162	0.443907325145893
162	0.443556443556444
162	0.445280528052805
162	0.442776980294924
162	0.44390837571174
162	0.441556745461669
162	0.442231075697211
162	0.441975953998955
162	0.445312157241258
162	0.442863957673793
162	0.444386671866199
162	0.445041631789947
162	0.443211230533012
162	0.445277558537227
162	0.443611643716228
162	0.443991764138958
162	0.442889234491101
162	0.442803787023365
162	0.442938195677595
162	0.444047722720543
162	0.443128686912825
162	0.443514644351464
162	0.442164179104478
162	0.443684529477967
162	0.443576540408448
163	0.441312103019229
163	0.444903821046218
163	0.442380787836904
163	0.442808411416728
163	0.444611307420495
163	0.444150227282757
163	0.443742153339971
163	0.443222174101343
163	0.443698861422572
163	0.442932761713111
163	0.442923363514275
163	0.445316611120856
163	0.441955193482688
163	0.444020857981684
163	0.44297255038221
163	0.442780887905221
163	0.442639286023741
163	0.444939112216839
163	0.444985648430025
163	0.444178246286536
163	0.445442708333333
163	0.443066614454162
163	0.441968390175561
163	0.441876629018245
163	0.443436176648518
163	0.443865242116147
163	0.444645863006604
163	0.444922132046501
163	0.443993718921748
163	0.443980117010513
163	0.444594830597276
163	0.442083441306038
163	0.444735006973501
163	0.44225022736131
163	0.443903922164792
163	0.442844088594926
163	0.443122548385706
163	0.443800043280675
163	0.445643590418531
163	0.443037974683544
163	0.444053971972754
163	0.44287722998506
163	0.443956139587503
163	0.443356888908397
163	0.444478460529193
163	0.44454636788538
163	0.442975635044064
163	0.443389271930966
163	0.445167817709937
163	0.442413005045061
163	0.44328429046037
163	0.443681258966222
163	0.443067795131315
163	0.44338264170703
163	0.44157755747002
163	0.445169996952679
163	0.445968975311339
163	0.443790312107701
163	0.445291069795794
163	0.443455723542117
163	0.443780059794618
163	0.443799126637555
163	0.443235242904405
163	0.445192815636556
163	0.444647122692725
163	0.442794421487603
163	0.445272006620497
163	0.443562036193204
163	0.445192519251925
163	0.444439613946613
163	0.443840264485819
163	0.442895722623922
163	0.445472397992581
163	0.44174546716405
163	0.443234836702955
163	0.444683466502766
163	0.444599181826095
163	0.441295195103954
163	0.443642372586537
163	0.443481685703033
163	0.445098809056406
163	0.442359599477579
163	0.446244090351952
163	0.445824223874071
163	0.44588650320108
163	0.443821445646977
163	0.442306036338586
163	0.444381185950775
163	0.442405531156238
163	0.440887017061326
163	0.443853964139123
163	0.442536213028016
163	0.443593981038532
163	0.442223474829814
163	0.444376501419524
163	0.442863340563991
163	0.444449270326616
163	0.442718026401212
163	0.44396626673622
163	0.442659855404996
164	0.444270697593606
164	0.445331239914519
164	0.443122837370242
164	0.444741840787429
164	0.445444614376229
164	0.441770557317232
164	0.442663909709658
164	0.444564279551337
164	0.443952225841477
164	0.444195756036672
164	0.442545109211776
164	0.44234937147811
164	0.442267017740752
164	0.443313260841312
164	0.442841095653677
164	0.445268775218014
164	0.444236461779558
164	0.443437351633648
164	0.442014550493677
164	0.447107800175285
164	0.443006299076711
164	0.444093466032021
164	0.444129201222174
164	0.442168308667159
164	0.44597912829957
164	0.442432643160357
164	0.444449272213774
164	0.443762246897453
164	0.444662480376766
164	0.443991764138958
164	0.445207862236911
164	0.442599497095292
164	0.441657626383163
164	0.44295563939118
164	0.442499890891634
164	0.442357145970449
164	0.442418218745949
164	0.444607420189819
164	0.446890454724496
164	0.443813847900114
164	0.44372068785826
164	0.442612969164528
164	0.443878432049732
164	0.444454129439965
164	0.443556790552275
164	0.445591322603219
164	0.44511021693492
164	0.443443400293129
164	0.443457154002861
164	0.442140728262278
164	0.442628681289872
164	0.442592432245216
164	0.443237134909597
164	0.443031404100701
164	0.442764486061595
164	0.443071872840359
164	0.442908523638255
164	0.442518050931731
164	0.44306632213609
164	0.442100731812312
164	0.442635021005674
164	0.443249546514641
164	0.443793148365247
164	0.443036880107225
164	0.442255110455275
164	0.443883326077492
164	0.443601525923357
164	0.444149976104618
164	0.444124700239808
164	0.445186932215234
164	0.442935254296129
164	0.442858386282531
164	0.446914225941423
164	0.441998784405661
164	0.442952144999348
164	0.44247251320232
164	0.444042525034188
164	0.445096249945683
164	0.442513368983957
164	0.443859801704644
164	0.442278337476558
164	0.443610662711051
164	0.442875760208514
164	0.443440296878411
164	0.44207579672696
164	0.44512539661842
164	0.446234906695939
164	0.444497462369323
164	0.444178350605243
164	0.443050108932462
164	0.443778501628665
164	0.443510292524377
164	0.443086956521739
164	0.4425740003462
164	0.443931943779644
164	0.444386581608298
164	0.441560688640886
164	0.444154828619836
164	0.443259348821142
164	0.444700761697497
165	0.441632972479457
165	0.444619284902526
165	0.446427792083097
165	0.442037775082308
165	0.446159257793607
165	0.442644199611147
165	0.442942294402211
165	0.442864574302063
165	0.443973532846084
165	0.444347977079354
165	0.440891681370228
165	0.444203683640303
165	0.442373394455737
165	0.443189655172414
165	0.444429864847133
165	0.441781713988018
165	0.445389397340701
165	0.442384791136785
165	0.444386649328132
165	0.441861469990926
165	0.442517214329295
165	0.445147587880889
165	0.443654338117331
165	0.444049271339348
165	0.445456517024507
165	0.444324417750508
165	0.443248151511221
165	0.443670502725621
165	0.446183004231312
165	0.443687955723447
165	0.444105336588769
165	0.444110060189166
165	0.444415561909713
165	0.442851557409097
165	0.440938441670254
165	0.441076572509566
165	0.44441576320771
165	0.445364738363315
165	0.445146568369317
165	0.441301334257494
165	0.443860258972799
165	0.443911374738311
165	0.444035983046449
165	0.444333910034602
165	0.444984380423464
165	0.443255935298722
165	0.44445888571181
165	0.443797017002218
165	0.442603036876356
165	0.443428821342663
165	0.443049984905335
165	0.442409846685381
165	0.443131334914816
165	0.444050743657043
165	0.44335146898803
165	0.445150065245759
165	0.443554704499956
165	0.444076943163025
165	0.444968347522375
165	0.444029688788576
165	0.443266859886663
165	0.444707604857463
165	0.445187630298819
165	0.44346069540551
165	0.442802028696519
165	0.443024906439541
165	0.443606088200859
165	0.444444444444444
165	0.444048874824191
165	0.443669692584309
165	0.442177453921989
165	0.442236399689628
165	0.445379244546598
165	0.443792128723636
165	0.44453155625245
165	0.445609151407072
165	0.443073715303419
165	0.444411070585711
165	0.442662528022073
165	0.443808441842174
165	0.442818569810992
165	0.445710279554816
165	0.44423285003246
165	0.443331029716655
165	0.44447348930423
165	0.445357791814485
165	0.44282491757765
165	0.442668160468824
165	0.444342906875544
165	0.443965892282259
165	0.441694121727068
165	0.444858093903294
165	0.444449264673984
165	0.443021601345233
165	0.442692357540934
165	0.44267502066745
165	0.44205635882072
165	0.443958044382802
165	0.443360386807114
165	0.443463967471235
166	0.444102074472702
166	0.443875558641038
166	0.444391798759476
166	0.444693992139248
166	0.44334021683015
166	0.443056222969726
166	0.442098861958127
166	0.444309031556039
166	0.445258978051228
166	0.443939393939394
166	0.445501129060274
166	0.443674252332374
166	0.44288186932064
166	0.44326764476083
166	0.445991966468739
166	0.444550835654596
166	0.444155956553724
166	0.445520055565202
166	0.442317753749564
166	0.443260888239842
166	0.443906481723807
166	0.445385488518292
166	0.44394248729421
166	0.444064717079079
166	0.443254173119945
166	0.444377083964838
166	0.443173019014024
166	0.445273957651168
166	0.442680243344695
166	0.444142042509072
166	0.444773777351582
166	0.445309442004088
166	0.442414031449801
166	0.443261173184358
166	0.443251201662842
166	0.443975825035871
166	0.442049684064745
166	0.443902228364139
166	0.444017112484335
166	0.445116158562916
166	0.442495378133196
166	0.443144675726819
166	0.444028225455179
166	0.442747436612467
166	0.441764985522278
166	0.443473394179439
166	0.444251476207016
166	0.443992382271468
166	0.444305435720449
166	0.444300181770969
166	0.445763673665372
166	0.443900537168602
166	0.441869548235907
166	0.443330294743239
166	0.444816927162698
166	0.443426536992011
166	0.440745844457842
166	0.446144377033325
166	0.442017096969174
166	0.443344857389801
166	0.442594669196929
166	0.443393771146005
166	0.443498184333391
166	0.442181537538053
166	0.443339873555701
166	0.441919408883925
166	0.442119883675507
166	0.44561494776087
166	0.444041137326074
166	0.442573271570198
166	0.443265341625712
166	0.445410839160839
166	0.44504126817765
166	0.443429709141274
166	0.444069410186507
166	0.442873205327798
166	0.442980756812605
166	0.443899078618789
166	0.442511868795857
166	0.443524745645801
166	0.441678675924713
166	0.444021691594507
166	0.444043635099309
166	0.442515896202097
166	0.442728997757461
166	0.441434846266471
166	0.44423334340861
166	0.444603567243848
166	0.444608567208272
166	0.443888121546961
166	0.444124825662483
166	0.442852815164236
166	0.442271074952397
166	0.441713788603741
166	0.444362179347589
166	0.443217733904836
166	0.443316703939446
166	0.445309103556213
166	0.443067389620449
166	0.44481678126904
167	0.443623402590629
167	0.442704963988442
167	0.443397849462366
167	0.444995685936152
167	0.44318428714205
167	0.444376873289605
167	0.443685561404272
167	0.441806451612903
167	0.442134322563948
167	0.442555206405234
167	0.445650271311045
167	0.444396773639952
167	0.443150833152997
167	0.443046185781007
167	0.444793165075629
167	0.443128982262786
167	0.443390892088208
167	0.443922211202622
167	0.443569667344379
167	0.446028865266615
167	0.444866591831448
167	0.443079584775087
167	0.443425342316888
167	0.44412932501418
167	0.444540803052641
167	0.443343386471349
167	0.443843323955854
167	0.444729072594651
167	0.442765607411897
167	0.445123815346989
167	0.444006923409779
167	0.443541063010855
167	0.444333260822275
167	0.444007433980205
167	0.442798531634636
167	0.441981070919227
167	0.444236705943737
167	0.442954174189666
167	0.442042042042042
167	0.443853964139123
167	0.441354031910306
167	0.443805902432701
167	0.443767025554547
167	0.444255800792303
167	0.444763395963813
167	0.443078913324709
167	0.44345406322014
167	0.443389683571738
167	0.441970486111111
167	0.442795968683767
167	0.445116158562916
167	0.44615116076104
167	0.445217088965188
167	0.445730508844726
167	0.444030012577525
167	0.444005041067316
167	0.443615185504745
167	0.442864574302063
167	0.445872682756208
167	0.443598020228104
167	0.44250490944796
167	0.444569207514576
167	0.441509271608656
167	0.44379360840727
167	0.444964059928986
167	0.442507658454502
167	0.445953002610966
167	0.443430342689857
167	0.444888387040737
167	0.442635021005674
167	0.443615221069987
167	0.444304621392927
167	0.443716652930204
167	0.44260226283725
167	0.443389743149214
167	0.444003661885871
167	0.445434782608696
167	0.442404078810923
167	0.443361067776044
167	0.442372881355932
167	0.44314526645223
167	0.442395716383107
167	0.444032455068923
167	0.441345613352359
167	0.441083560517547
167	0.442813721233174
167	0.445588932465629
167	0.443826086956522
167	0.44356875380998
167	0.443803786574871
167	0.442301082660251
167	0.443250214961307
167	0.443318171973143
167	0.443530487008748
167	0.44431295200526
167	0.444191441828493
167	0.442320113680403
167	0.446051022191158
167	0.443442445263386
167	0.443912835457353
168	0.444554754607847
168	0.444530945893344
168	0.443804788695538
168	0.442050710981669
168	0.442586832555728
168	0.443606742059881
168	0.442638540676061
168	0.444126942893016
168	0.444492403314917
168	0.444790046656299
168	0.443541023522762
168	0.443339701285168
168	0.443364857278577
168	0.443893743750272
168	0.442642694309433
168	0.441967750280245
168	0.44336458243743
168	0.442347826086956
168	0.444324230752586
168	0.443102927859946
168	0.44569206571129
168	0.446017389784594
168	0.441816380164577
168	0.44170161255458
168	0.443311000648368
168	0.442922964302631
168	0.444026751759409
168	0.442799636410856
168	0.442655330842887
168	0.442724458204334
168	0.444181950947124
168	0.442033664815532
168	0.442720970537262
168	0.442822384428224
168	0.442816635160681
168	0.442879431394643
168	0.44459851800494
168	0.443576238991539
168	0.443040166204986
168	0.444642701714684
168	0.44345020434502
168	0.442562179404285
168	0.445638404752544
168	0.442503575917819
168	0.444299561003173
168	0.442158719228783
168	0.443844307270233
168	0.443006857290723
168	0.443374858437146
168	0.443543842919683
168	0.443565127140633
168	0.444033222877308
168	0.443551539898354
168	0.442768488191691
168	0.445129630433839
168	0.444852623390094
168	0.442620132382017
168	0.44225061298232
168	0.442779822472397
168	0.443278404163053
168	0.443177400544253
168	0.443398648070506
168	0.444862643305213
168	0.443744879037475
168	0.44440562494541
168	0.446025837530107
168	0.442794759825328
168	0.442965126266964
168	0.442032730404823
168	0.441884501098144
168	0.444048962583558
168	0.446511830580853
168	0.442802833938137
168	0.441704131877542
168	0.443345479784834
168	0.441491420461876
168	0.444190361133883
168	0.443131462333826
168	0.442790976927695
168	0.442288621566852
168	0.442658875091308
168	0.442256313022494
168	0.442732520289918
168	0.442201362993442
168	0.443028196214755
168	0.444021621621622
168	0.443998619380447
168	0.443873807776963
168	0.442642850949449
168	0.443037974683544
168	0.444463811059305
168	0.445848454374535
168	0.444290657439446
168	0.443341604631927
168	0.444188472572372
168	0.442988317454843
168	0.442667354572424
168	0.444189569357282
168	0.444264519234977
168	0.443082085699535
169	0.442600395562817
169	0.442442957625665
169	0.441855438353796
169	0.444309507286607
169	0.441475607653853
169	0.443323416548096
169	0.444173913043478
169	0.4419245169342
169	0.443653464492191
169	0.442760288465691
169	0.442357737682165
169	0.44376743188157
169	0.441709621993127
169	0.442847246276411
169	0.443376441803565
169	0.442433144683976
169	0.44527062078506
169	0.442355077162495
169	0.443355496071151
169	0.442241938974248
169	0.442740549828179
169	0.446190579552854
169	0.444043321299639
169	0.443231908246673
169	0.442452708234584
169	0.442903156538544
169	0.442933609600276
169	0.443720328010358
169	0.443408040765211
169	0.442280346447193
169	0.443035244381174
169	0.444030819842438
169	0.442686387479577
169	0.442863916548127
169	0.443759696604034
169	0.444228527011271
169	0.442891545540552
169	0.443636678350426
169	0.442974922706974
169	0.441481800559983
169	0.445087711661516
169	0.440795934924634
169	0.443360386807114
169	0.444872516341284
169	0.442508410247563
169	0.444030967962702
169	0.443393771146005
169	0.444754148338487
169	0.442284534663685
169	0.444535495557664
169	0.441395328831348
169	0.443150329061309
169	0.443474880124411
169	0.445004782192853
169	0.443048938934604
169	0.442047359147363
169	0.442983207676491
169	0.442297026323649
169	0.443513198254633
169	0.445653116061368
169	0.444367687060144
169	0.444140743633129
169	0.441643364164336
169	0.443353148961833
169	0.444673628120837
169	0.442542576982625
169	0.441760995420375
169	0.444746494066882
169	0.44310759711241
169	0.444965173273712
169	0.442649924226023
169	0.443890488674947
169	0.444787947400505
169	0.442058242419036
169	0.443016687508085
169	0.444339419978518
169	0.444439636520987
169	0.442532453529995
169	0.444291194345071
169	0.443524745645801
169	0.442769523151348
169	0.442740549828179
169	0.441957380993298
169	0.443849574716118
169	0.443675294522315
169	0.442345838723588
169	0.444189866851115
169	0.44429059755095
169	0.442607422715922
169	0.44450658177751
169	0.443286089691121
169	0.441904761904762
169	0.441403748452376
169	0.441366613863082
169	0.444131292546503
169	0.442891964829808
169	0.444954931303054
169	0.443395818000779
169	0.443935531262153
169	0.441971452123736
170	0.443454331018215
170	0.443093780764457
170	0.443887818454292
170	0.441308531109686
170	0.442367601246106
170	0.44189444730961
170	0.443823146944083
170	0.442216018896285
170	0.443265761896581
170	0.442659469648289
170	0.441809322582036
170	0.443528654217643
170	0.443002063273728
170	0.444041137326074
170	0.44296226171522
170	0.44351788170564
170	0.442536896002754
170	0.445682813651936
170	0.44369252125629
170	0.444555401180966
170	0.442579201101928
170	0.442333261848595
170	0.442288664228866
170	0.443286987215359
170	0.444267310095222
170	0.443821919579365
170	0.443269604246688
170	0.443651308674021
170	0.442883085437565
170	0.444347826086956
170	0.444367687060144
170	0.443206838492423
170	0.441524987120041
170	0.441208385780633
170	0.441800643086817
170	0.443577922357706
170	0.444207409987374
170	0.443882185026599
170	0.445580146390056
170	0.44197996060632
170	0.4449444035824
170	0.441601302987442
170	0.443341746160756
170	0.444473387166797
170	0.44244171040179
170	0.444420526950232
170	0.441384363416947
170	0.44199700021427
170	0.443018480492813
170	0.441807811207384
170	0.445051870345659
170	0.443092774578986
170	0.442560553633218
170	0.445419780983835
170	0.444650881437954
170	0.443889200017232
170	0.444391900606165
170	0.442685542685543
170	0.44257149000215
170	0.441735343097485
170	0.44170722253327
170	0.442801255320064
170	0.443225025924646
170	0.443314888688714
170	0.443934738390964
170	0.442193292525218
170	0.444085833914864
170	0.445288753799392
170	0.442325942541627
170	0.442488161859664
170	0.444110603091661
170	0.443224699828473
170	0.443446269678303
170	0.442872640486006
170	0.442051683633516
170	0.441888463688352
170	0.442687405487146
170	0.442842296700442
170	0.441788743253662
170	0.442476361613828
170	0.44369262595354
170	0.443337807993764
170	0.442584864260207
170	0.44427560456736
170	0.443845923645847
170	0.442783926956372
170	0.441524764456738
170	0.4446892142888
170	0.445004958392618
170	0.444358411838087
170	0.44323510432351
170	0.443865242116147
170	0.444300350149138
170	0.444096581893039
170	0.442256542256542
170	0.44345045161848
170	0.443839405332988
170	0.44068159438284
170	0.443512665032469
170	0.443073519400953
171	0.443569892473118
171	0.442862672573223
171	0.442521578563147
171	0.443902230212748
171	0.443860178440584
171	0.444911581137309
171	0.4441518069168
171	0.441588080781983
171	0.441886435873207
171	0.445518377253814
171	0.441733602508483
171	0.444286697642402
171	0.442756000690727
171	0.442759568709996
171	0.443458024478538
171	0.4420634234857
171	0.443594237592442
171	0.442807107466257
171	0.445228611014894
171	0.442268968767405
171	0.444906985820216
171	0.442449613741315
171	0.443435391800726
171	0.446346882760423
171	0.444010755486165
171	0.442572938598376
171	0.444166594809002
171	0.443384004145794
171	0.442665753541925
171	0.442919844888567
171	0.444098707809326
171	0.444176430048243
171	0.444820994091067
171	0.444568965517241
171	0.442853446045027
171	0.44177861710803
171	0.443946381621482
171	0.442620139752218
171	0.44389339313438
171	0.443366114561767
171	0.443314452454514
171	0.443473394179439
171	0.442123697249274
171	0.441841401328846
171	0.443567075787486
171	0.442404221545326
171	0.443206743795966
171	0.443521666164637
171	0.443306479259513
171	0.444882230689297
171	0.442961427152175
171	0.443288778097735
171	0.442675159235669
171	0.443700600354166
171	0.442374051069703
171	0.442008547008547
171	0.444295418162939
171	0.441533381930449
171	0.441349162130888
171	0.443147186333004
171	0.442317596566524
171	0.442488514876991
171	0.441864472493861
171	0.44093007351684
171	0.44224950289617
171	0.443050483351235
171	0.443283388747355
171	0.442351524534469
171	0.444623843602723
171	0.444387007840096
171	0.445179706760088
171	0.44286636539703
171	0.44405744754042
171	0.441295025728988
171	0.442979053529868
171	0.443213054670797
171	0.44279615334857
171	0.443763487268019
171	0.444805757891086
171	0.444838933148597
171	0.443436774692685
171	0.44195092758827
171	0.443507443421392
171	0.444305056884544
171	0.442794684212805
171	0.441474893139329
171	0.443271541366289
171	0.445613123836731
171	0.441529913425507
171	0.442948415591098
171	0.442867006127557
171	0.44401092469762
171	0.443575754972293
171	0.44520072834475
171	0.44336820353868
171	0.443607404218683
171	0.444803655329971
171	0.442348188577077
171	0.444794952681388
171	0.441792832093063
172	0.445564254509278
172	0.441917036531239
172	0.443597430406852
172	0.445248158961175
172	0.442579201101928
172	0.443964772923502
172	0.44462824307853
172	0.443241399889168
172	0.442010419335554
172	0.442480540145358
172	0.442769787270692
172	0.443596706754601
172	0.443861853793821
172	0.444123977615153
172	0.44312459651388
172	0.441650159331668
172	0.44296455424275
172	0.444001041034094
172	0.442508859570471
172	0.441636068653403
172	0.443602222317929
172	0.440984451507602
172	0.441936035573799
172	0.443559497158602
172	0.443146551724138
172	0.442171922468016
172	0.44190800681431
172	0.443750534690735
172	0.441784781398535
172	0.444214787064548
172	0.442115598053445
172	0.441705472721835
172	0.44183459547341
172	0.445303724185604
172	0.442285519067344
172	0.441132446649275
172	0.444775217879023
172	0.442963154715679
172	0.44433360801492
172	0.444791577505778
172	0.441884456671252
172	0.442997300886851
172	0.443252865578326
172	0.442177749085431
172	0.443246262244372
172	0.442020863867575
172	0.44275832252486
172	0.439546708031713
172	0.44141924888716
172	0.44232169629471
172	0.442635592494216
172	0.445817490494297
172	0.44346069540551
172	0.443795238510508
172	0.443390557939914
172	0.440695384088379
172	0.443077055014794
172	0.442911023487056
172	0.443392572830156
172	0.443773975259687
172	0.442090700791146
172	0.443645600137765
172	0.444267515923567
172	0.444190262430939
172	0.44211204121056
172	0.44286636539703
172	0.444458779512321
172	0.443348062979965
172	0.443173511072888
172	0.443593073593074
172	0.441409767182609
172	0.44404973357016
172	0.442803948735712
172	0.442623655913979
172	0.444281524926686
172	0.442380932003937
172	0.444645550527903
172	0.44476227625363
172	0.442625070021976
172	0.44062540379894
172	0.444195273417285
172	0.443375657304091
172	0.443042862659287
172	0.443074940949109
172	0.443348908989583
172	0.443242307525858
172	0.442374257510363
172	0.440917634996582
172	0.441175205402848
172	0.444828480082952
172	0.441884590447374
172	0.442885341572262
172	0.441803490071349
172	0.442449119206431
172	0.441211502467245
172	0.442665178379771
172	0.445258321775312
172	0.442324371205551
172	0.444101940693787
172	0.444134437910461
173	0.443898019930115
173	0.443243476014125
173	0.442884055488954
173	0.443309148671275
173	0.444315744315744
173	0.442997023681146
173	0.44243646978022
173	0.441959254443
173	0.441776864809347
173	0.44494196409164
173	0.441430227067863
173	0.44281750266809
173	0.442560479554699
173	0.440834767641997
173	0.443121693121693
173	0.442632798421007
173	0.442383022685205
173	0.445098123416498
173	0.442935605241534
173	0.443974994610908
173	0.443491009443319
173	0.44226505202115
173	0.441602728047741
173	0.444434883620875
173	0.443029230171409
173	0.443423618634886
173	0.44150280598038
173	0.442858984828298
173	0.443667710254321
173	0.444468230861449
173	0.444411096342666
173	0.442412068891833
173	0.443494117136283
173	0.442688598002067
173	0.442352334279082
173	0.443631483245303
173	0.442369332022736
173	0.443514464760924
173	0.442720866277071
173	0.443370045963056
173	0.442050012801912
173	0.441261238009205
173	0.442092634645872
173	0.443064627019594
173	0.442521524683079
173	0.442179187061077
173	0.442320907060642
173	0.441414227365555
173	0.441856474928152
173	0.443671049239495
173	0.442103460089072
173	0.444250425894378
173	0.444674250258532
173	0.441299343507545
173	0.445175533526687
173	0.443011861784425
173	0.442367066895369
173	0.443362642075917
173	0.443825281838056
173	0.442543312841236
173	0.442627184298872
173	0.443486135667774
173	0.442792501616031
173	0.442436354157616
173	0.444940218333045
173	0.442556113471525
173	0.444043010752688
173	0.443124302993909
173	0.441577889017242
173	0.441579718892817
173	0.442901696073824
173	0.442122463020296
173	0.443122485662929
173	0.444109671587828
173	0.443887119989532
173	0.443416125005381
173	0.443501371742112
173	0.446485172159264
173	0.441201753631909
173	0.443729764731276
173	0.444554157901515
173	0.442672838712443
173	0.443276220145379
173	0.443337912087912
173	0.442844284428443
173	0.442537857663764
173	0.441678551363499
173	0.442708109732538
173	0.442584764041066
173	0.443236301369863
173	0.442705231816248
173	0.443163309044149
173	0.443185719189839
173	0.441478702085021
173	0.441839572192513
173	0.442565823438307
173	0.442854081851296
173	0.444348762109795
173	0.443796440297218
173	0.443202338980136
174	0.441811547542391
174	0.445145506052022
174	0.442464577071705
174	0.443740908701977
174	0.444203965024673
174	0.443902647675264
174	0.44165208857789
174	0.443031470777136
174	0.44258466329311
174	0.442493039194688
174	0.442283858284542
174	0.442451101546853
174	0.443169563904585
174	0.441454545454545
174	0.443181330702244
174	0.443102270787092
174	0.443118673271592
174	0.442885257123299
174	0.443820224719101
174	0.444204245752086
174	0.442683344756683
174	0.444482982874485
174	0.442248062015504
174	0.442337262942081
174	0.441520593151331
174	0.443544895661962
174	0.443485763589301
174	0.443904745529574
174	0.441931010573756
174	0.442725913266396
174	0.442896935933148
174	0.444311172035641
174	0.444305327691909
174	0.442553735926305
174	0.445030443358203
174	0.441273655752478
174	0.443530419880034
174	0.44412927625924
174	0.443443400293129
174	0.441556767902401
174	0.443516805095322
174	0.444526306665511
174	0.442222698991633
174	0.440498095767898
174	0.443468574611199
174	0.443302060574905
174	0.442074355542122
174	0.444124101725548
174	0.443171128025314
174	0.444181849432795
174	0.444252227315976
174	0.441637816814121
174	0.441966592044085
174	0.443074003795066
174	0.443140794223827
174	0.442875481386393
174	0.44322751775477
174	0.444070575039903
174	0.443223285965741
174	0.441200393852477
174	0.443788248384474
174	0.443643849716933
174	0.44401047255247
174	0.442794231931612
174	0.443172070681077
174	0.442838030296491
174	0.443832314711199
174	0.442936062695388
174	0.442756560699808
174	0.444468313641246
174	0.444785011224314
174	0.441685542117184
174	0.44327414986458
174	0.443861853793821
174	0.442533664979844
174	0.443152955357527
174	0.443215434083601
174	0.444035440654026
174	0.441201679952001
174	0.442999234889059
174	0.443751068558728
174	0.44407158836689
174	0.442362002567394
174	0.442862639476722
174	0.443369453044376
174	0.443106796116505
174	0.442492286595818
174	0.442583526582496
174	0.44234639263541
174	0.442042969252541
174	0.444348464561828
174	0.444731404958678
174	0.442391583269181
174	0.444731738849386
174	0.443633553704817
174	0.44366530436653
174	0.444112036073534
174	0.442645993951527
174	0.44393445435827
174	0.443997432056495
175	0.444487460747623
175	0.443469282395457
175	0.444739661452753
175	0.442888850947584
175	0.443970163411374
175	0.442449750901907
175	0.444243598020228
175	0.443307831169948
175	0.443010291595197
175	0.443278660442808
175	0.442658000513128
175	0.443407184340718
175	0.443148187861891
175	0.442264862086688
175	0.443136918055317
175	0.444463445917059
175	0.444338560166335
175	0.443379753843533
175	0.442802028696519
175	0.44351807853471
175	0.443016207385753
175	0.441997439180538
175	0.443505490734386
175	0.443194937358361
175	0.443244644091223
175	0.444117270515939
175	0.444454076546314
175	0.443277761110873
175	0.44196199280945
175	0.442289579587293
175	0.445150689670083
175	0.443646527628467
175	0.443176963171836
175	0.443506938495803
175	0.443494979705191
175	0.445727882327493
175	0.443837149251162
175	0.443029862861537
175	0.44304232122929
175	0.442884492661136
175	0.442841811547542
175	0.442602587166966
175	0.442109740535942
175	0.441936174769758
175	0.443025038323965
175	0.442664490637348
175	0.441927916400085
175	0.444053543847606
175	0.445018513734608
175	0.441772367412957
175	0.443626401849157
175	0.442592117637001
175	0.444525173091717
175	0.442310171458038
175	0.442597735526597
175	0.441977843363702
175	0.443164296727771
175	0.441127411145802
175	0.443837619334308
175	0.441426364572606
175	0.443132220795892
175	0.44361352078971
175	0.442087743257084
175	0.441426868721267
175	0.441819735155916
175	0.44187040519747
175	0.442170128415065
175	0.443748928142686
175	0.441960483733606
175	0.441883423469826
175	0.441790283504059
175	0.44159299630933
175	0.443083822007589
175	0.443552176327367
175	0.441930811179277
175	0.441519464928829
175	0.443118638268754
175	0.442785005135228
175	0.444477933261572
175	0.44372591006424
175	0.442137639369473
175	0.443555670236099
175	0.441128963699736
175	0.443065599726133
175	0.442363605267659
175	0.444329808271
175	0.442716123242596
175	0.443007275666936
175	0.442781348401846
175	0.442745164863253
175	0.442652253479168
175	0.44377990430622
175	0.442763101649996
175	0.444038824944168
175	0.444296398177598
175	0.441572889478413
175	0.443260749137086
175	0.442493377766385
175	0.44274940745529
175	0.443388109782328
176	0.441976466575716
176	0.442201362993442
176	0.443955574540795
176	0.443691389599318
176	0.442033002174562
176	0.442696725527173
176	0.443170103092783
176	0.442488866050017
176	0.44356024565349
176	0.441800178487952
176	0.440999914244061
176	0.441292960265747
176	0.442064846416382
176	0.443307391323043
176	0.443623473135731
176	0.44206026928831
176	0.442707666026052
176	0.442475217783118
176	0.442641107561235
176	0.442984715782243
176	0.442395721925134
176	0.442427848854508
176	0.442191544434858
176	0.441487998633296
176	0.444043631366486
176	0.444085187101224
176	0.44276875483372
176	0.443006962950228
176	0.44220572640509
176	0.442630636774359
176	0.444123729105635
176	0.443546306647175
176	0.444114610221993
176	0.442380932003937
176	0.442914392905866
176	0.442702980472765
176	0.441922962078232
176	0.443477147612342
176	0.441204179513532
176	0.44391724373771
176	0.441932700603969
176	0.443290117626857
176	0.442413631122689
176	0.443414675622821
176	0.443020004302
176	0.442692307692308
176	0.442756959084456
176	0.440362676655883
176	0.442091358445543
176	0.443474896836314
176	0.443534907641538
176	0.443228921840947
176	0.442290447926897
176	0.443277848911652
176	0.444191734969746
176	0.441801878736123
176	0.444080224282942
176	0.442492627259905
176	0.443416921157899
176	0.442294578929424
176	0.441972467288923
176	0.443021712132243
176	0.441586692258477
176	0.442694024725275
176	0.443498254279145
176	0.441754400920677
176	0.440889347611061
176	0.442573918988207
176	0.44145144076841
176	0.443348916277093
176	0.44317446624973
176	0.443266036289292
176	0.442911451881594
176	0.442086762688615
176	0.44366378202382
176	0.443065068493151
176	0.443763394770682
176	0.443466746401264
176	0.443549082133931
176	0.441852560016996
176	0.441040955631399
176	0.442706329871351
176	0.44295072141114
176	0.44220870379036
176	0.442847979474022
176	0.442878625134264
176	0.443345712064945
176	0.441912078531797
176	0.44290017211704
176	0.443378036762501
176	0.442441465897523
176	0.442665400716413
176	0.442369607211848
176	0.444295996207387
176	0.44433046971834
176	0.443566976863314
176	0.442701691745303
176	0.441854508196721
176	0.443140100742764
176	0.441840791811183
177	0.442669733367408
177	0.443381316475161
177	0.443212824010914
177	0.44184754742779
177	0.441909336535575
177	0.441629345276178
177	0.442887056108713
177	0.442457958213012
177	0.442237189871259
177	0.444564233041528
177	0.442509603072983
177	0.44358525227496
177	0.442823529411765
177	0.442227516378797
177	0.442008547008547
177	0.445428620808849
177	0.442945523285788
177	0.44334004541365
177	0.443623788583871
177	0.44171909539194
177	0.442822802197802
177	0.441684066987685
177	0.443595217762596
177	0.443349963754211
177	0.44442043391823
177	0.443898058667579
177	0.444721565254784
177	0.443183771703627
177	0.442651716168792
177	0.442285617108116
177	0.444411031875591
177	0.441329884228828
177	0.441459878911913
177	0.44218610769296
177	0.440335051546392
177	0.443102054707109
177	0.441702600008539
177	0.443872517479518
177	0.444396533137855
177	0.44112776527536
177	0.442409494535519
177	0.441791044776119
177	0.443104262351376
177	0.444434898406289
177	0.442402433277642
177	0.442331471453545
177	0.443914798591428
177	0.4433046971834
177	0.443173052198509
177	0.442704991659181
177	0.442625760562173
177	0.443215908116911
177	0.442583833993779
177	0.443632298563935
177	0.443426516546085
177	0.442922964302631
177	0.442743521765159
177	0.440996429178711
177	0.444105647412497
177	0.44385845525689
177	0.443364868320123
177	0.442804742813273
177	0.442841857479135
177	0.441232894231999
177	0.442282916774027
177	0.44303311879289
177	0.443862436134129
177	0.443454569043809
177	0.442458960328317
177	0.442159163644122
177	0.44461584608133
177	0.442690605854323
177	0.442286348501665
177	0.442037296631409
177	0.444634459170586
177	0.442112447743367
177	0.443962369517591
177	0.442542996491829
177	0.441717791411043
177	0.443941939096352
177	0.443794810515534
177	0.444210887563811
177	0.442183004852076
177	0.442863266180883
177	0.442430431452642
177	0.441610049993591
177	0.442400033994816
177	0.442823326877555
177	0.442252679219504
177	0.441501758549091
177	0.442245212038304
177	0.443401859592255
177	0.443254173119945
177	0.442592829979063
177	0.442381398518014
177	0.44137990290845
177	0.442296201451131
177	0.443827424177702
177	0.442066136887977
177	0.444301517880113
178	0.442873666623827
178	0.44313592109179
178	0.44169837944157
178	0.443443958494126
178	0.442781388983921
178	0.442353542234332
178	0.441535850657616
178	0.442723528402265
178	0.441882474404199
178	0.443602299340004
178	0.442780566663831
178	0.441664887940235
178	0.442986580049577
178	0.442341380046999
178	0.440752431325712
178	0.442681153220977
178	0.443000641162642
178	0.444153839557518
178	0.442677718103776
178	0.442883219425224
178	0.442046227056424
178	0.44339058361104
178	0.442334830019243
178	0.443341676016225
178	0.443283518177536
178	0.442808365343577
178	0.442811501597444
178	0.442367601246106
178	0.444430096418733
178	0.442140667574932
178	0.443660767718218
178	0.441876332622601
178	0.442597801073894
178	0.445217540694928
178	0.443415726466282
178	0.441903214774282
178	0.442625047972368
178	0.441488220400807
178	0.443409071568377
178	0.443939068869341
178	0.442453274025918
178	0.444115501780581
178	0.444673097534834
178	0.442144712746476
178	0.441812915317771
178	0.442651641268622
178	0.443675213675214
178	0.441824901236141
178	0.442523063720232
178	0.44184757111784
178	0.442978523547244
178	0.442926079344066
178	0.441704705430656
178	0.442233960978103
178	0.441072115590134
178	0.444401660035083
178	0.441514881331465
178	0.443400657585721
178	0.442398085633707
178	0.44234307475076
178	0.443465679390612
178	0.442104365620737
178	0.441935347201627
178	0.441589085760865
178	0.442699143607178
178	0.442050932047946
178	0.441926949991466
178	0.442800788954635
178	0.444663438879129
178	0.444829355914806
178	0.443519670513536
178	0.444166702581563
178	0.441203742729495
178	0.443306479259513
178	0.442652102121174
178	0.442476737704215
178	0.443018065887354
178	0.442857142857143
178	0.441194029850746
178	0.442926493963999
178	0.442306047386879
178	0.443486096807415
178	0.444201968335473
178	0.443007518796992
178	0.441992974038214
178	0.443072994254097
178	0.44201545122676
178	0.44206849548475
178	0.44330910645575
178	0.442315079602202
178	0.443527701778386
178	0.441850539883061
178	0.44154461852861
178	0.44247598719317
178	0.441996193698456
178	0.442662014382367
178	0.444178594317454
178	0.441541337411845
178	0.441801189464741
178	0.443953377529356
179	0.443371943371943
179	0.443276595744681
179	0.444094488188976
179	0.442552466902218
179	0.442687915459349
179	0.444043786220219
179	0.442648125239944
179	0.442370508632758
179	0.443033659991478
179	0.441490714830832
179	0.441598973920479
179	0.442853479227218
179	0.445253910434969
179	0.442615961800819
179	0.442696725527173
179	0.442903612395138
179	0.44243666965697
179	0.443822624743677
179	0.442068346092981
179	0.441881213357125
179	0.443938168036452
179	0.441610853511935
179	0.443374520664678
179	0.441809062314036
179	0.441616384804963
179	0.442414174972315
179	0.442559026438702
179	0.445616462043922
179	0.442295375944665
179	0.442314305364512
179	0.442837144190387
179	0.442228364873485
179	0.443069201650291
179	0.441341020713218
179	0.442559026438702
179	0.441790917246977
179	0.44245819612539
179	0.443062771484541
179	0.441166482723491
179	0.443091174200189
179	0.442493377766385
179	0.442666212650038
179	0.442516545053453
179	0.442521843412712
179	0.44170375079466
179	0.441897199453552
179	0.442575012714019
179	0.442806000681896
179	0.44359259893781
179	0.442290447926897
179	0.441430332922318
179	0.442370647506484
179	0.445106018419362
179	0.442383600016977
179	0.443890916899291
179	0.442245350622761
179	0.44425027704373
179	0.442813246841926
179	0.44139131912002
179	0.443874497734462
179	0.441789006486856
179	0.444155733515079
179	0.442868702355096
179	0.443706918560123
179	0.441399466305223
179	0.443877769682424
179	0.442826021955491
179	0.442153346994536
179	0.442680175386318
179	0.442973870116606
179	0.441272673208445
179	0.442686567164179
179	0.442004001191844
179	0.443401080524826
179	0.442347025737174
179	0.441400110445606
179	0.443659240746327
179	0.442687747035573
179	0.443757725587145
179	0.443647452967958
179	0.442747117143951
179	0.442735042735043
179	0.442950163850704
179	0.443169747185044
179	0.442241968557758
179	0.442803175007428
179	0.441230349763558
179	0.443346367034761
179	0.442152120874888
179	0.443298969072165
179	0.44343930019202
179	0.442716718922125
179	0.442653017701002
179	0.443173150266972
179	0.442296252230815
179	0.442380285871824
179	0.442482383903557
179	0.441567291311755
179	0.442463946909431
179	0.442991609523404
180	0.443147943105357
180	0.441446394586593
180	0.441924163314217
180	0.44315811874867
180	0.442240867870158
180	0.443252447850149
180	0.443464553510566
180	0.441495216323766
180	0.441725389707453
180	0.441772748703442
180	0.442642438651609
180	0.442846134086822
180	0.443052537389748
180	0.442485885445847
180	0.442174559354428
180	0.442852866977381
180	0.441687555763266
180	0.443127353646012
180	0.444600938967136
180	0.443056325416791
180	0.441580023862281
180	0.442425793244626
180	0.442660060650066
180	0.442650807136788
180	0.442733726798392
180	0.442450653678544
180	0.442530442530443
180	0.44249637402952
180	0.443388993014142
180	0.441466013211166
180	0.442091301929577
180	0.443243703199455
180	0.441639844147044
180	0.442622254322981
180	0.442320030796869
180	0.44290849952923
180	0.442738978425855
180	0.443888032871084
180	0.443014784201781
180	0.442424242424242
180	0.441492753007183
180	0.442241161083453
180	0.443011576438543
180	0.442167096310696
180	0.443097930445914
180	0.442510190217391
180	0.441747779147363
180	0.442144712746476
180	0.440250500575129
180	0.443489783705224
180	0.44189194906291
180	0.442692799318279
180	0.442137884190864
180	0.443742260557667
180	0.441594836737294
180	0.443259385665529
180	0.441279339260882
180	0.442324039442367
180	0.443264991653469
180	0.441287158019367
180	0.442723928479767
180	0.444568054426426
180	0.442191967905766
180	0.442546450894768
180	0.442705445861231
180	0.442477122792083
180	0.442716787697565
180	0.441531827690731
180	0.444615253224016
180	0.443031470777136
180	0.442263279445727
180	0.443338176224254
180	0.444278202881204
180	0.442197520307824
180	0.443342170529377
180	0.442658502359995
180	0.442279942279942
180	0.441896220371557
180	0.442274897680764
180	0.441570635936833
180	0.441539578794481
180	0.443663471778488
180	0.443177450352338
180	0.441153944345162
180	0.44320266177537
180	0.442246057860775
180	0.441436114044351
180	0.441065284798029
180	0.44414610237395
180	0.443353957755494
180	0.445081967213115
180	0.442602745548047
180	0.442585063128611
180	0.441938784210078
180	0.443268163578929
180	0.442390792795105
180	0.443116328708645
180	0.441135054405803
180	0.442909525027714
180	0.444163848820785
181	0.441496136537319
181	0.442394546229229
181	0.442690605854323
181	0.441630792605723
181	0.442065703910143
181	0.44391845786421
181	0.442229385816084
181	0.444255752738388
181	0.44193728282785
181	0.44185356340357
181	0.443614478401912
181	0.441887955418584
181	0.442272553435601
181	0.441820105820106
181	0.442657045840407
181	0.442846811588038
181	0.443121184957528
181	0.443818786792936
181	0.443898058667579
181	0.442390241829232
181	0.442484240808901
181	0.441805225653207
181	0.44169461306618
181	0.44222496699178
181	0.442803959725865
181	0.442272630909476
181	0.440783006368338
181	0.441115307897976
181	0.441768435385728
181	0.443057324840764
181	0.442649297919134
181	0.443232185475622
181	0.442803642863222
181	0.442640461439863
181	0.442590063172273
181	0.442130812468063
181	0.440538582811368
181	0.441216503615483
181	0.444373292349727
181	0.442439460356641
181	0.443190975020145
181	0.443786730261477
181	0.442053541172484
181	0.441294338335607
181	0.442324850235799
181	0.441273465246068
181	0.44380797674518
181	0.44221426745078
181	0.442837084627494
181	0.44434857635893
181	0.443778938872605
181	0.443008728392949
181	0.443504634969456
181	0.442472981022892
181	0.443099480010229
181	0.444382718687236
181	0.44166985178579
181	0.442677326075863
181	0.443072994254097
181	0.443468622100955
181	0.44136496753109
181	0.440844712068527
181	0.441464452958706
181	0.441556213271565
181	0.441485724055394
181	0.442385002750624
181	0.442060631757473
181	0.442784380305603
181	0.443589414732162
181	0.442064099294398
181	0.442236657750605
181	0.441468169873697
181	0.442114236999147
181	0.443251336898396
181	0.445885953191673
181	0.442396704743301
181	0.443417128248828
181	0.44379786915408
181	0.442734016551606
181	0.441893098609517
181	0.442470316904416
181	0.441568893218688
181	0.442838370565046
181	0.442457198691533
181	0.441633171144489
181	0.442990893933564
181	0.442018458383182
181	0.443066373179817
181	0.442475255900516
181	0.44287542662116
181	0.4414464179485
181	0.442374460157507
181	0.442186375375757
181	0.443753990210683
181	0.442255319148936
181	0.441828901047631
181	0.44281750266809
181	0.442321665170748
181	0.442406925668472
181	0.441443360456695
182	0.441924544298432
182	0.441923929728808
182	0.442727349919334
182	0.443284974972427
182	0.443289748285702
182	0.442078076043695
182	0.440438871473354
182	0.442736779711249
182	0.441238683475759
182	0.441548518549962
182	0.442675698560542
182	0.442149461362287
182	0.442603348138025
182	0.441650630746205
182	0.442956139609566
182	0.443162956973231
182	0.444067509117123
182	0.442913469283928
182	0.441456701249206
182	0.443813266134199
182	0.441478091363675
182	0.44111176918521
182	0.442322383498854
182	0.442167962149375
182	0.441825902335456
182	0.442914392905866
182	0.442477498613659
182	0.441980533220482
182	0.442401183682097
182	0.441540226953972
182	0.442753963844609
182	0.443184231765855
182	0.442751340767856
182	0.441462070135267
182	0.44404100811619
182	0.442878433042367
182	0.441887080366226
182	0.443813751013614
182	0.442815249266862
182	0.442310138659204
182	0.443131715251916
182	0.442161242288875
182	0.441576664682371
182	0.441541393182299
182	0.442584745762712
182	0.443277489582448
182	0.443812595484638
182	0.442362804226015
182	0.442673543586708
182	0.441457435117085
182	0.443497165267062
182	0.443160990580112
182	0.444019870080245
182	0.442225998300765
182	0.441377553186972
182	0.442591024555461
182	0.443114280862625
182	0.442089678510998
182	0.443459826160695
182	0.441449459631278
182	0.442817620770377
182	0.443230605738576
182	0.443577765396649
182	0.441335088538791
182	0.443991334267873
182	0.443972113586125
182	0.441140287617189
182	0.442327235772358
182	0.44143991887781
182	0.442328894919854
182	0.443130390231406
182	0.441041542774616
182	0.442070700609782
182	0.443237486687966
182	0.442584646756447
182	0.442662491536899
182	0.44307130420011
182	0.444160163745683
182	0.441020191285866
182	0.441229808949433
182	0.442892533743379
182	0.442736779711249
182	0.441806133718461
182	0.442912300055157
182	0.443304215079298
182	0.442811012916383
182	0.442753284299137
182	0.441175225434994
182	0.441938498131159
182	0.442442696439144
182	0.441936860068259
182	0.441747572815534
182	0.44057551506896
182	0.441817793898016
182	0.441577698695136
182	0.442678677657857
182	0.442293026014745
182	0.443755573485074
182	0.442694141689373
182	0.441702127659574
183	0.44222448460168
183	0.442851673827045
183	0.441693866304947
183	0.44234605101218
183	0.441713363898794
183	0.44343949044586
183	0.443126456259267
183	0.44281226118706
183	0.44325290437891
183	0.443539445628998
183	0.442151397812859
183	0.441924311539111
183	0.441332484617017
183	0.443404691706192
183	0.443063300838619
183	0.442107490478206
183	0.441782136005116
183	0.443661069093706
183	0.443258188005104
183	0.443169792151717
183	0.441995063409652
183	0.44178284748627
183	0.444211067769729
183	0.443234703898211
183	0.441483296025679
183	0.4438612213545
183	0.442669052793046
183	0.442272630909476
183	0.442714978310794
183	0.443230788923497
183	0.441702127659574
183	0.441192641150349
183	0.441617908929026
183	0.441916932907348
183	0.441181441730753
183	0.442184653192661
183	0.442774664628969
183	0.441686400541272
183	0.442244785250011
183	0.441674764459842
183	0.441599661447313
183	0.444231750893313
183	0.441201570233828
183	0.441845657526106
183	0.444079928422308
183	0.441035637103267
183	0.442662593865343
183	0.441074007987085
183	0.442243943901402
183	0.442820219482225
183	0.441483493168124
183	0.441706121068651
183	0.442653545978962
183	0.441607544925443
183	0.441927792915531
183	0.44248089810902
183	0.443242096329302
183	0.442634051377545
183	0.442152428456694
183	0.442542580617894
183	0.442783306992439
183	0.441507670080313
183	0.442721169371972
183	0.442445890207084
183	0.443066373179817
183	0.440660736975858
183	0.442620161633347
183	0.44377587163402
183	0.442284068284831
183	0.442210842608659
183	0.441085435658257
183	0.441193853427896
183	0.441841782588474
183	0.441519847166207
183	0.442712756922032
183	0.442052629348701
183	0.441995507141949
183	0.440846614385699
183	0.442756811643256
183	0.442038810270316
183	0.442034851518896
183	0.443268163578929
183	0.441910920151444
183	0.441913729482122
183	0.443418408789705
183	0.442178318998552
183	0.44376860910251
183	0.442470353211204
183	0.442517553506472
183	0.442404714461356
183	0.441838689082784
183	0.440826018742314
183	0.442661712548556
183	0.442823108993448
183	0.441482609799441
183	0.443354751437267
183	0.441779513520397
183	0.443720177232447
183	0.442709217450348
183	0.442360495078782
184	0.442744197908697
184	0.441989417989418
184	0.441596283783784
184	0.44275621382363
184	0.442573328785812
184	0.442620176032498
184	0.440968247912162
184	0.442629195412029
184	0.440655654167905
184	0.442948717948718
184	0.440740426973907
184	0.441496598639456
184	0.441800507185123
184	0.442709879947397
184	0.444482245375292
184	0.440609781918272
184	0.440773671568834
184	0.441592434668806
184	0.442920241229933
184	0.441967489972556
184	0.442376672152593
184	0.442063157894737
184	0.442936850114126
184	0.441837814948126
184	0.444160925406141
184	0.44242501270971
184	0.442043388167632
184	0.443397427734624
184	0.44231336677486
184	0.442477876106195
184	0.442293846088687
184	0.44135828605301
184	0.44228813559322
184	0.443418600711503
184	0.442594327570054
184	0.443403058833553
184	0.443057324840764
184	0.442632003738159
184	0.444980571330971
184	0.442183517417162
184	0.442489160928335
184	0.443436996864672
184	0.44091621152462
184	0.442595108695652
184	0.443619233544116
184	0.440375546964612
184	0.442227869546802
184	0.443306010928962
184	0.44281226118706
184	0.442273307790549
184	0.442306051036955
184	0.441751070051278
184	0.442978561461373
184	0.441200050635048
184	0.443006829847707
184	0.440531421341206
184	0.441743041412084
184	0.443044953350297
184	0.442096760479551
184	0.443109960531341
184	0.44276008492569
184	0.44387711684112
184	0.44288687821248
184	0.441836821147166
184	0.4423525420854
184	0.441924896636972
184	0.441597970830691
184	0.441948510853104
184	0.441412043903886
184	0.442971496336453
184	0.442099016615802
184	0.442773778591813
184	0.441883213541445
184	0.443191417469167
184	0.441984506624899
184	0.441822103793935
184	0.442048172189956
184	0.44294790343075
184	0.44225007384901
184	0.44191247837279
184	0.442341884683769
184	0.442655078391275
184	0.442786490256584
184	0.441311779850589
184	0.442940450346912
184	0.443026085471545
184	0.441790411540093
184	0.442714553830404
184	0.442678289108234
184	0.442374904100247
184	0.441700902121892
184	0.443238449193344
184	0.441545281823939
184	0.442600042345967
184	0.442164179104478
184	0.442681374628765
184	0.44206983592764
184	0.442269395364603
184	0.442668696093354
184	0.442404501036423
185	0.440814433858865
185	0.441089276638997
185	0.441106685874078
185	0.441895766571091
185	0.442169647028841
185	0.443717888836992
185	0.442101259403263
185	0.443458320947811
185	0.442738729594857
185	0.44228648969553
185	0.442545593674276
185	0.441928137651822
185	0.442544026352464
185	0.442118174512541
185	0.441605220781422
185	0.442353139770425
185	0.442458053336714
185	0.441315545047707
185	0.442739679579554
185	0.44242191172072
185	0.441955969517358
185	0.441038433892859
185	0.44242347155092
185	0.442497772875748
185	0.442687579482832
185	0.443606780816083
185	0.442644446324338
185	0.441983345310056
185	0.440571259559725
185	0.443544625821497
185	0.441659610499577
185	0.442738978425855
185	0.443116817084022
185	0.442024670353041
185	0.442080278048574
185	0.443220014466238
185	0.441404930766633
185	0.441106685874078
185	0.442302793580708
185	0.441880196843713
185	0.442761654962349
185	0.442431425668811
185	0.443906376109766
185	0.44196768462905
185	0.443254727002337
185	0.444326436976932
185	0.443195316477176
185	0.442212122499257
185	0.442198868229588
185	0.44270789093689
185	0.442903062087633
185	0.442483133194721
185	0.441931514405737
185	0.442623641418822
185	0.443202033036849
185	0.442347652771299
185	0.44156284430884
185	0.441938355873998
185	0.441541448590241
185	0.441500169319336
185	0.442048975088062
185	0.441975832096672
185	0.443549071168038
185	0.441323504490764
185	0.44140774429379
185	0.442258159861504
185	0.442704778156997
185	0.442310945694468
185	0.441668073611346
185	0.442328801823862
185	0.442382318204825
185	0.441887031944151
185	0.4419517188433
185	0.442255203002388
185	0.442815249266862
185	0.442391626763846
185	0.442270972122035
185	0.440565359062249
185	0.44287287202507
185	0.441800178487952
185	0.443033674466007
185	0.442280003387821
185	0.441802199668776
185	0.442141258918394
185	0.441789912779674
185	0.442502222034113
185	0.441776761517615
185	0.444761499148211
185	0.443234042553191
185	0.441981251583481
185	0.441066576086957
185	0.442462916789925
185	0.444587906176028
185	0.442295430393199
185	0.441866351670604
185	0.444174239515338
185	0.442542891116018
185	0.440713892068337
185	0.443252447850149
185	0.441817260597872
186	0.44271186440678
186	0.442127874652515
186	0.443303779748017
186	0.442154368108567
186	0.44335373108958
186	0.442305245748696
186	0.441415509651202
186	0.443800349516218
186	0.441698808968762
186	0.442857142857143
186	0.443158611300204
186	0.442250200008421
186	0.443095985742171
186	0.442357103744577
186	0.440265673914883
186	0.442002957954786
186	0.442219969589458
186	0.442360611320435
186	0.441005313317028
186	0.442133739115733
186	0.443245758768033
186	0.441420369976611
186	0.442263476113429
186	0.441170253244832
186	0.441813088871912
186	0.441067049970407
186	0.442681895093063
186	0.441915660097478
186	0.440778913576075
186	0.441730752978957
186	0.443015805211448
186	0.441948991244766
186	0.442042143490562
186	0.442198970551008
186	0.442360047643355
186	0.442197505898214
186	0.442327997634835
186	0.441854583772392
186	0.443117562663516
186	0.441806331471136
186	0.443396226415094
186	0.442547241759173
186	0.443838050514025
186	0.440470171890799
186	0.442144553783509
186	0.441532001526912
186	0.44217801753203
186	0.442006932115986
186	0.441654046777722
186	0.44239748705323
186	0.44138715658183
186	0.441537617620997
186	0.442737726481945
186	0.442883736672872
186	0.443012842176411
186	0.442624342216941
186	0.442803959725865
186	0.442563277744857
186	0.442735187220015
186	0.440921823274764
186	0.441920364818646
186	0.441915359973023
186	0.441977289037106
186	0.442540921041472
186	0.442359817042182
186	0.442223264140488
186	0.441522198731501
186	0.443892708598591
186	0.442402737295653
186	0.441586325937776
186	0.441127975309686
186	0.442607663614785
186	0.441634900465904
186	0.442111022263373
186	0.441059490564441
186	0.441787633839773
186	0.442338607327185
186	0.440399865024464
186	0.441859483195406
186	0.44197562214322
186	0.441945827356341
186	0.441855530090824
186	0.442838929026774
186	0.441330628117339
186	0.441415854175498
186	0.442107041777553
186	0.442765490460915
186	0.442528979661161
186	0.44235403542891
186	0.441978226010634
186	0.441771136718585
186	0.442295484362436
186	0.443215182332667
186	0.44245981117632
186	0.441852617370397
186	0.442121645495079
186	0.442678822476888
186	0.442144553783509
186	0.442270224481152
186	0.442604153395337
187	0.442079878151972
187	0.442695294267408
187	0.442705469311789
187	0.442918128407794
187	0.442876572594356
187	0.44187820485655
187	0.440358021549164
187	0.441721155874288
187	0.44319240870965
187	0.441747777356424
187	0.441018483272004
187	0.44253772348789
187	0.441216216216216
187	0.441962589199003
187	0.442022887916526
187	0.442910384550229
187	0.443094250148192
187	0.442774761123037
187	0.442003886119794
187	0.442897763442686
187	0.443609343639236
187	0.441421173274472
187	0.441934796505434
187	0.442386744077637
187	0.442330458312193
187	0.442154171066526
187	0.44235970250169
187	0.441372615228769
187	0.441741627602517
187	0.441617715420699
187	0.442795535261289
187	0.442212542817271
187	0.441596638655462
187	0.442625031733943
187	0.442121777476255
187	0.441746754341595
187	0.442198250233585
187	0.44108569737454
187	0.441965606118224
187	0.442677045435316
187	0.442648614343135
187	0.441986839312248
187	0.442079375848033
187	0.441656158049601
187	0.441409728996141
187	0.442307692307692
187	0.443875810303651
187	0.44165322922855
187	0.441851664984864
187	0.442157318567987
187	0.44139294275981
187	0.443027246917242
187	0.442667458533067
187	0.441117007834218
187	0.441834877914604
187	0.443206937595647
187	0.442988037668618
187	0.441899700535662
187	0.441520467836257
187	0.441338898022849
187	0.442248982360923
187	0.443360203648706
187	0.443102647468648
187	0.442177446664409
187	0.442773882929301
187	0.442092836966145
187	0.443877984535644
187	0.442583428498921
187	0.443223598022229
187	0.442034184427094
187	0.441592545531554
187	0.442061351761335
187	0.441768937790944
187	0.441054852320675
187	0.440655073442512
187	0.44093023255814
187	0.44254651803501
187	0.442663847780127
187	0.442477502218091
187	0.442563123276045
187	0.44109346699802
187	0.441211300964304
187	0.442793021680217
187	0.445203445203445
187	0.440779736986765
187	0.441781977725278
187	0.441808528569021
187	0.442293058256532
187	0.441588093526701
187	0.441635561588056
187	0.441847688276562
187	0.442365746842978
187	0.441645069465098
187	0.441823966065748
187	0.441320293398533
187	0.442170818505338
187	0.440849810685738
187	0.441443351424695
187	0.442449083072763
187	0.442740979163137
188	0.442047037959718
188	0.442353239722551
188	0.44254921928038
188	0.441721659451053
188	0.442765587199185
188	0.442021678850517
188	0.442096365173288
188	0.443090462892443
188	0.44274388434307
188	0.442516545053453
188	0.442182890855457
188	0.440922311680647
188	0.442878244355349
188	0.442117288651942
188	0.443413021363174
188	0.443780968110786
188	0.442759088212863
188	0.441662809778264
188	0.441746960070686
188	0.44165510281317
188	0.441860465116279
188	0.441585917996023
188	0.441647019198383
188	0.442056987557858
188	0.441917277398703
188	0.441874233517994
188	0.441465782918901
188	0.441891778170496
188	0.442075218267294
188	0.443583883528018
188	0.442715161767816
188	0.441860465116279
188	0.441491387701553
188	0.442120416631383
188	0.441607384823848
188	0.441796478157806
188	0.442354830529964
188	0.442459897574808
188	0.441918235021683
188	0.443101115995942
188	0.441711049116578
188	0.440956525412987
188	0.441182691087517
188	0.44211501220847
188	0.441275591878002
188	0.441827206191638
188	0.443347259146727
188	0.442229558151346
188	0.441448641372928
188	0.441572748072197
188	0.441919298393557
188	0.442521944632005
188	0.441758611976754
188	0.441622649482358
188	0.441879115313186
188	0.441571002060468
188	0.441734646434761
188	0.442589696995309
188	0.44159411714986
188	0.442061351761335
188	0.443762174980944
188	0.442390478602178
188	0.442528735632184
188	0.442248535670642
188	0.441921213397936
188	0.442988204456094
188	0.441545366835857
188	0.44098775854791
188	0.441360521050615
188	0.442904234637816
188	0.441374379678695
188	0.441717533150916
188	0.442525816827493
188	0.442052279840961
188	0.441744705981608
188	0.441544179760095
188	0.442333671057075
188	0.44136532612369
188	0.4429876501438
188	0.442565008836152
188	0.442574173255122
188	0.442338607327185
188	0.442079878151972
188	0.443706367675058
188	0.441554068274614
188	0.441820252203619
188	0.442203619144258
188	0.442212751592894
188	0.44188012511624
188	0.440581060477723
188	0.443109211695511
188	0.442294636795655
188	0.44220683868261
188	0.441278430709394
188	0.441739790752616
188	0.441639979774145
188	0.442712524884578
188	0.443262261031749
188	0.442177732725123
188	0.441629723453663
189	0.442305245748696
189	0.442336938154782
189	0.441830175202723
189	0.441523424334344
189	0.442125636386586
189	0.441444866920152
189	0.442553908355795
189	0.442047717930245
189	0.441846750073718
189	0.442222788249278
189	0.44114921223355
189	0.441909679603843
189	0.442017089699878
189	0.44175205778599
189	0.442077680571404
189	0.442504007424281
189	0.441436114044351
189	0.44206008583691
189	0.441761303668679
189	0.441727411425665
189	0.441704602933738
189	0.442096828609987
189	0.441530470036741
189	0.441738763452205
189	0.441897834912043
189	0.44336004091374
189	0.442667904151198
189	0.441124632815778
189	0.441359844974303
189	0.442017373703298
189	0.441311585956927
189	0.440956840906214
189	0.441604305053393
189	0.4414779197773
189	0.44238657025667
189	0.441835108613604
189	0.442746802853163
189	0.441723717921794
189	0.443331777485467
189	0.441591947217053
189	0.441925988225399
189	0.441331367179271
189	0.442357540475078
189	0.442159057313004
189	0.441608759738892
189	0.441540925566889
189	0.441969370965701
189	0.441264615254738
189	0.440826153066396
189	0.441691944725312
189	0.442735477310283
189	0.442547241759173
189	0.442076112952629
189	0.441790792860458
189	0.442566285882898
189	0.44170924291686
189	0.442557484551684
189	0.441628845184065
189	0.441539178709158
189	0.442664525127858
189	0.441600135175094
189	0.441821176669342
189	0.442508417508418
189	0.441944725311763
189	0.442504872468435
189	0.44179469863245
189	0.44275099214726
189	0.440991180176396
189	0.442227378190255
189	0.441228439209087
189	0.441967489972556
189	0.441993153290224
189	0.442076271186441
189	0.443264511761719
189	0.442207245155855
189	0.442211903756859
189	0.441587502638801
189	0.442274506502799
189	0.441755107177314
189	0.442114129290377
189	0.441211300964304
189	0.442753255538644
189	0.441546422110976
189	0.442996191282268
189	0.443127962085308
189	0.441846750073718
189	0.442237655628017
189	0.441621371086673
189	0.44294364229157
189	0.442237809515761
189	0.441921103541088
189	0.442183476168362
189	0.443204868154158
189	0.441606608505079
189	0.441980814540559
189	0.441941731222634
189	0.441778375425474
189	0.443011296577306
189	0.441411843989554
189	0.441837814948126
190	0.442321511603331
190	0.441575972327681
190	0.44170234197935
190	0.441457435117085
190	0.441468463520764
190	0.442054655870445
190	0.441510386006223
190	0.44129810938555
190	0.442698432813754
190	0.441358414341624
190	0.4429902583651
190	0.442157648348868
190	0.442160030210213
190	0.44158365693061
190	0.44164316679995
190	0.442436779668172
190	0.442255062944718
190	0.441491821889585
190	0.441035756253148
190	0.442412698412698
190	0.441971048645009
190	0.442159707329381
190	0.441399662731872
190	0.442166786667231
190	0.442063525540979
190	0.44299272247521
190	0.442143007804261
190	0.441962219697926
190	0.441647693734716
190	0.441919191919192
190	0.441787022611478
190	0.442497354497355
190	0.442375886524823
190	0.441878012995179
190	0.441898664869646
190	0.441791675470104
190	0.442487965543451
190	0.44153651329675
190	0.441581987603828
190	0.44212211874763
190	0.441849701253892
190	0.441491371709283
190	0.44238683127572
190	0.443908016770423
190	0.440713802435724
190	0.442198970551008
190	0.44217514482642
190	0.44154695201584
190	0.440697233800682
190	0.442374022040885
190	0.44083624279645
190	0.441676817742681
190	0.442197505898214
190	0.44205773126266
190	0.441171512852929
190	0.442110138093634
190	0.442156243419667
190	0.441743892165122
190	0.442562404482934
190	0.441542550947217
190	0.441932903986194
190	0.441857527787134
190	0.442920634920635
190	0.441592808837737
190	0.44113809503767
190	0.441555696470091
190	0.441160418153575
190	0.4422065807327
190	0.443240956209012
190	0.442588374251244
190	0.441837034549347
190	0.442783981193854
190	0.442542065533674
190	0.441574829645832
190	0.441413801798773
190	0.441917072351855
190	0.442420133886959
190	0.441966741420895
190	0.442249240121581
190	0.441437649930558
190	0.440902774853678
190	0.442237279575775
190	0.442613326623894
190	0.44138046996511
190	0.441476200461313
190	0.441684122329284
190	0.441265694783854
190	0.441688810156481
190	0.441407398077004
190	0.443201559255964
190	0.441764878580716
190	0.442276010645039
190	0.442503270456176
190	0.441796825664127
190	0.442553908355795
190	0.441596283783784
190	0.441297935103245
190	0.442531155271135
190	0.441863406408094
190	0.442370232715293
191	0.441631623212784
191	0.442443160248028
191	0.442555340459557
191	0.442178583417254
191	0.441608141637579
191	0.442096828609987
191	0.441690164555364
191	0.44162671376903
191	0.442583530205872
191	0.441920473773266
191	0.441752253196395
191	0.441762854144806
191	0.442812526377986
191	0.44239437213025
191	0.441787287602266
191	0.442037840798955
191	0.441682760937106
191	0.442106594703997
191	0.44212299915754
191	0.442852930024856
191	0.442562157606405
191	0.442294779251301
191	0.44158515595483
191	0.44247936668351
191	0.442293154136917
191	0.442106149248706
191	0.442518286753203
191	0.44151558191996
191	0.441464131301683
191	0.442323058160562
191	0.441486224618755
191	0.442102611470317
191	0.442078293010753
191	0.441060325995631
191	0.441406908171862
191	0.441522316348464
191	0.442247266328711
191	0.442456869145013
191	0.441453170936581
191	0.442495044494117
191	0.442137753160543
191	0.441825286776755
191	0.442497999747337
191	0.442795981518376
191	0.442268737339635
191	0.442449083072763
191	0.441546989166037
191	0.441862416107383
191	0.441182637869574
191	0.440881427072403
191	0.441371495719322
191	0.441497659906396
191	0.441672997383304
191	0.441409209529422
191	0.441614304389997
191	0.441833038497178
191	0.441490255376344
191	0.441699521852194
191	0.442075218267294
191	0.441133263378804
191	0.442180871172344
191	0.441391009329941
191	0.441573175343502
191	0.441837978727877
191	0.441572609407125
191	0.441725040087771
191	0.442443621676203
191	0.441820105820106
191	0.442909489112581
191	0.441792171833704
191	0.442981713511683
191	0.440934296756848
191	0.44244770842978
191	0.442670046472328
191	0.441805724853936
191	0.441729638958858
191	0.441295206055509
191	0.441627779879766
191	0.44166314900802
191	0.441960338512063
191	0.44251709293492
191	0.441272910711283
191	0.441692553102174
191	0.442299586951024
191	0.442143368270405
191	0.442093728927849
191	0.442469676549865
191	0.441381054761604
191	0.440877384654173
191	0.441525743779111
191	0.441801725952431
191	0.441337950840443
191	0.441340782122905
191	0.441948510853104
191	0.441566087724463
191	0.44177044766072
191	0.441904441736353
191	0.440988567585743
191	0.442146663283431
191	0.441261951897561
192	0.44172037575298
192	0.442197986577181
192	0.441572089113073
192	0.440658098547327
192	0.442899283607248
192	0.441004500904387
192	0.441332323996972
192	0.441220925350575
192	0.441402477430191
192	0.441777516679955
192	0.441615636272125
192	0.440788094739048
192	0.441777065226563
192	0.442560175054705
192	0.442331906320826
192	0.441795938958255
192	0.441444835091244
192	0.441595561346728
192	0.440948185441577
192	0.441496284478777
192	0.441749620381306
192	0.441275308745694
192	0.442391075563039
192	0.442750348439414
192	0.441943476252467
192	0.44262364319804
192	0.441681716997774
192	0.441536142055449
192	0.440225153322692
192	0.441911609219708
192	0.442041740005029
192	0.440521615162061
192	0.441736577181208
192	0.442036014000759
192	0.440518256772674
192	0.44205520956068
192	0.441558986407115
192	0.441208560637851
192	0.442174865229111
192	0.442465983537712
192	0.442230740069921
192	0.441405101054666
192	0.441785279422261
192	0.442118537200504
192	0.441452829393671
192	0.440931640460775
192	0.44182602809274
192	0.442190839374764
192	0.441302521008403
192	0.442992072862203
192	0.442056468605141
192	0.442460400823495
192	0.441625429841483
192	0.441348295717228
192	0.441316733488078
192	0.441292323164599
192	0.441768587399655
192	0.441644618033682
192	0.441612876184089
192	0.44182627688172
192	0.441363979531918
192	0.44181161246954
192	0.442527523516261
192	0.44228422337247
192	0.441540404040404
192	0.441464650730636
192	0.442201757705731
192	0.442012483130904
192	0.441659318973842
192	0.441564997896508
192	0.441419522630983
192	0.441094970190612
192	0.442241451734857
192	0.442220543806647
192	0.442819710928916
192	0.441343126967471
192	0.441087613293051
192	0.441795054783594
192	0.441325568729314
192	0.441928844457513
192	0.442446498670381
192	0.442638179284719
192	0.44119623655914
192	0.441415751069362
192	0.441450558718111
192	0.442002442002442
192	0.441607525301306
192	0.441822242825235
192	0.441839912465281
192	0.443299839567677
192	0.441612876184089
192	0.440609009311299
192	0.442173437631424
192	0.441668066521082
192	0.442245199409158
192	0.442327107521454
192	0.442121645495079
192	0.44108226567768
192	0.441998484720936
192	0.441935755129499
193	0.441788029295395
193	0.4415986608077
193	0.441487575554063
193	0.441769599193345
193	0.441806527789491
193	0.441284864729039
193	0.441663522408083
193	0.441830175202723
193	0.442058278591881
193	0.441734758013828
193	0.44169640982574
193	0.441504997060553
193	0.442118537200504
193	0.441768918296411
193	0.442097258016815
193	0.442569131697462
193	0.442289080580686
193	0.441839875205531
193	0.441454361396997
193	0.442204923206396
193	0.441543700340522
193	0.44181550745955
193	0.441489361702128
193	0.441737377131815
193	0.441528448456855
193	0.440877880281393
193	0.441117262204328
193	0.442476014139034
193	0.442318206670312
193	0.44193902542015
193	0.441778523489933
193	0.44134477825465
193	0.442676372254433
193	0.442377933582434
193	0.441523156662765
193	0.441256658697202
193	0.441431624827124
193	0.440972659695099
193	0.442110138093634
193	0.441853625745736
193	0.44117770590953
193	0.441549738219895
193	0.442199208554349
193	0.441865337076298
193	0.441530054644809
193	0.441680672268908
193	0.442210419828022
193	0.441778226824956
193	0.441117177656447
193	0.442962087308959
193	0.441609050911376
193	0.441374097093902
193	0.441493601846025
193	0.44181459566075
193	0.440762672714292
193	0.441948351879068
193	0.441727040495833
193	0.44132147823522
193	0.441633507853403
193	0.443012925771546
193	0.441100242454644
193	0.442187171398528
193	0.441911239870681
193	0.441402155226634
193	0.441410837107868
193	0.441493150111023
193	0.442181726570373
193	0.441690472189548
193	0.442168573351279
193	0.441985470121362
193	0.441909235802366
193	0.441792929292929
193	0.443353697071835
193	0.441831268831604
193	0.441764878580716
193	0.441904521343774
193	0.441808528569021
193	0.442060447666821
193	0.441594963273872
193	0.441828196611025
193	0.441170288788936
193	0.440653006269197
193	0.443131775067751
193	0.441660009250305
193	0.441249007231534
193	0.442326305601145
193	0.441596039271629
193	0.441729638958858
193	0.440960724315714
193	0.442077790873884
193	0.441411646502282
193	0.442039018250472
193	0.442733316502567
193	0.441437667560322
193	0.441811524054043
193	0.44145051624276
193	0.441556805777143
193	0.441732712710194
193	0.441517033059238
193	0.441775347076146
194	0.441375847351243
194	0.441767742477022
194	0.441816421867766
194	0.441729638958858
194	0.441972920696325
194	0.443784489658368
194	0.440515007106429
194	0.440993788819876
194	0.442444379021744
194	0.441524033811346
194	0.441755933627389
194	0.441658993889679
194	0.441354140448024
194	0.441066397544258
194	0.441531244764617
194	0.442310117271237
194	0.440925341745531
194	0.442446194667902
194	0.441829298936259
194	0.440922793501926
194	0.441967846199051
194	0.441463312544473
194	0.442041814196594
194	0.441649519170201
194	0.441808716097069
194	0.441834170854271
194	0.442304457527334
194	0.441900448693756
194	0.441512752858399
194	0.44146106480124
194	0.440966686246539
194	0.440953775360803
194	0.441709028273747
194	0.441969716035401
194	0.440822824584189
194	0.441567705929252
194	0.44206512173658
194	0.443086518605925
194	0.44151924205584
194	0.441793933274433
194	0.441378731969138
194	0.441427853192559
194	0.441528044804815
194	0.442021678850517
194	0.441372376523816
194	0.4420964360587
194	0.441579101603383
194	0.442089326267979
194	0.44116046385063
194	0.441339143551496
194	0.441649899396378
194	0.4414150706699
194	0.440218075068148
194	0.442145110410095
194	0.441825350222297
194	0.442446951835635
194	0.441496940742603
194	0.441709573443844
194	0.441324815063887
194	0.441357245095563
194	0.44157654613045
194	0.441862412594733
194	0.440881847520852
194	0.442728226652676
194	0.441890811129351
194	0.441570438799076
194	0.442295564431364
194	0.442091580006709
194	0.442353731782099
194	0.441389169189371
194	0.442765760457874
194	0.441636531830796
194	0.440693622202628
194	0.442054507337526
194	0.442106584121141
194	0.442564296838826
194	0.441684210526316
194	0.442417331812999
194	0.441963159222811
194	0.442124280492416
194	0.44145164673799
194	0.443430117070284
194	0.441514961288973
194	0.441462904911181
194	0.442190327875752
194	0.442015888361145
194	0.441167846521175
194	0.441445601074547
194	0.441710603397774
194	0.442318206670312
194	0.444081874814595
194	0.441877044368028
194	0.441716759846988
194	0.441753075017841
194	0.44103872208748
194	0.440362716153522
194	0.441956047643013
194	0.441364247311828
194	0.4420615268393
194	0.440724133595944
195	0.442001929773042
195	0.441395564159758
195	0.44111358014339
195	0.441547518923465
195	0.442990417493351
195	0.441597114457073
195	0.4423213911586
195	0.442062062900456
195	0.442066389693231
195	0.441061768775947
195	0.441366921502277
195	0.441088880499979
195	0.441677478759469
195	0.441792171833704
195	0.441491587846321
195	0.441299439752488
195	0.441390019725521
195	0.441455430585865
195	0.441151884978684
195	0.441148165195196
195	0.441366845998655
195	0.44123806332719
195	0.441652381151482
195	0.440904333263555
195	0.441626274444259
195	0.441470168666611
195	0.441011471154651
195	0.442250200008421
195	0.441545934176367
195	0.441532849775691
195	0.441620965378658
195	0.442091580006709
195	0.441786283891547
195	0.443355348954609
195	0.441830120380503
195	0.441270240792013
195	0.441329310200319
195	0.442076112952629
195	0.441769763053051
195	0.441570400133936
195	0.441499811896501
195	0.441941438040104
195	0.4419268210809
195	0.441775653923541
195	0.441445217537094
195	0.4413356264944
195	0.441054440300071
195	0.441756949693458
195	0.442263327880542
195	0.441413930140138
195	0.441886887729338
195	0.441261586209789
195	0.442609864717251
195	0.441686615429843
195	0.441031221227086
195	0.441030598520511
195	0.441611807622961
195	0.441839041956285
195	0.442026250681427
195	0.441900520920854
195	0.441557356504303
195	0.441588981271521
195	0.440748179763997
195	0.441798941798942
195	0.441041091304712
195	0.441919932928107
195	0.441749403041347
195	0.442150321037391
195	0.441577000672495
195	0.441376131411331
195	0.441979450618578
195	0.441299439752488
195	0.441376131411331
195	0.441117262204328
195	0.441707235185496
195	0.442285090664876
195	0.440891757113523
195	0.443794453095408
195	0.440987529915607
195	0.440764651630754
195	0.441662829153933
195	0.441364338496222
195	0.441946308724832
195	0.441551918972084
195	0.441709301350331
195	0.442144951822371
195	0.441677863621095
195	0.442572547698269
195	0.441015347300631
195	0.441670869053622
195	0.441316714070604
195	0.441891721617876
195	0.441739857800084
195	0.441850718746071
195	0.441652684563758
195	0.442027152373725
195	0.441321063910248
195	0.441598188831125
195	0.441434262948207
195	0.441591730397512
196	0.440524573679139
196	0.441781253942223
196	0.440647482014388
196	0.441970451596702
196	0.441343345848978
196	0.441257630236642
196	0.440667335674862
196	0.441117430578789
196	0.442240764811942
196	0.44189353071551
196	0.440516226668909
196	0.441557356504303
196	0.442325464168697
196	0.441567148543893
196	0.443064008394544
196	0.441308262490054
196	0.441884816753927
196	0.442335093454027
196	0.442213372458604
196	0.441514195583596
196	0.441301154249738
196	0.4413035272407
196	0.441597114457073
196	0.441215876737565
196	0.441741249632338
196	0.442319788652661
196	0.441262419637639
196	0.441383058784179
196	0.441502488810809
196	0.440913272560007
196	0.442341586235837
196	0.441866288289792
196	0.44156223893066
196	0.440996905578322
196	0.441734984105739
196	0.441846774871752
196	0.442476390346275
196	0.44160262063752
196	0.441656893952086
196	0.441245396719116
196	0.44193453752986
196	0.441361388213597
196	0.441891721617876
196	0.441880914496273
196	0.441496940742603
196	0.441257745771228
196	0.442090277196215
196	0.441337742246034
196	0.441790420414139
196	0.441251623172622
196	0.440458207452165
196	0.441081669387584
196	0.443123582290179
196	0.441738620169335
196	0.440728338216827
196	0.441859490274983
196	0.441361758938629
196	0.442092467619567
196	0.441407884824642
196	0.441423380528756
196	0.441899417947322
196	0.442045692726892
196	0.441747775596307
196	0.441621395737568
196	0.440890823844608
196	0.442139737991266
196	0.441760826647625
196	0.441561154987255
196	0.44176017417518
196	0.441654419483519
196	0.441517166394848
196	0.441574209755076
196	0.442600859092058
196	0.44165516087193
196	0.441661422278162
196	0.443237990620643
196	0.441377002551554
196	0.440714853722848
196	0.441309255079007
196	0.440827782665159
196	0.441434296209718
196	0.44164156626506
196	0.441443704727212
196	0.440889892527077
196	0.441830175202723
196	0.44208761265982
196	0.441476892163429
196	0.441435426663885
196	0.441121025512128
196	0.441901408450704
196	0.441547554176971
196	0.440855704697987
196	0.44069640914037
196	0.441519856048876
196	0.441612255148167
196	0.442269812665018
196	0.441424083769633
196	0.441363446256796
196	0.441460256463807
196	0.440896311527003
197	0.441616077035797
197	0.441344987662582
197	0.44110254691689
197	0.441550296847563
197	0.441749602743163
197	0.440604209381146
197	0.441546499477534
197	0.441471571906354
197	0.441751237104756
197	0.441662829153933
197	0.441778671021228
197	0.441445964603991
197	0.441829298936259
197	0.441781396910678
197	0.440955089069165
197	0.441010413617164
197	0.441515443610913
197	0.44141131223611
197	0.442369823354173
197	0.441268910028077
197	0.441268647361163
197	0.441251730357817
197	0.441623091403472
197	0.44104474488301
197	0.441010649404886
197	0.441664923656139
197	0.441256317086414
197	0.441438800720238
197	0.442086723140149
197	0.441836136915223
197	0.441122355105796
197	0.441788420479759
197	0.441926701570681
197	0.441854626103695
197	0.441476892163429
197	0.441279799247177
197	0.442513537337867
197	0.44198338786811
197	0.441449736335482
197	0.441588296760711
197	0.442291596919987
197	0.441365141922771
197	0.441634567074192
197	0.441349893363442
197	0.441640905672989
197	0.440952778938571
197	0.441181392235609
197	0.44166213787049
197	0.441379022496765
197	0.441198627270444
197	0.441901408450704
197	0.44090244411949
197	0.44145164673799
197	0.44220137376445
197	0.441542704328932
197	0.441856568364611
197	0.442231910790643
197	0.442395540840702
197	0.441942530667115
197	0.441358541074117
197	0.44069213408008
197	0.441256430632816
197	0.441309255079007
197	0.441863390498553
197	0.44138219895288
197	0.441503131524008
197	0.441665969724847
197	0.441036156678942
197	0.441923736972082
197	0.441427916093248
197	0.441394317278319
197	0.441301983097649
197	0.441957924733887
197	0.442248094480275
197	0.44114940605655
197	0.441225790223862
197	0.441470735367684
197	0.441272498953537
197	0.442275469168901
197	0.44123185070505
197	0.442201141705843
197	0.441326530612245
197	0.441825413439397
197	0.441332101461448
197	0.441944269851247
197	0.441572609407125
197	0.442388385364216
197	0.4418410041841
197	0.441733963764174
197	0.441320242322958
197	0.441375257126065
197	0.440906435189049
197	0.441954937599464
197	0.44122207786765
197	0.441589958158996
197	0.441351057603879
197	0.441896537268383
197	0.441360601001669
197	0.44212380473075
197	0.44180314171123
198	0.440845835596974
198	0.441322590072225
198	0.441062094919507
198	0.441738040526426
198	0.441847780481665
198	0.441114748593973
198	0.441431624827124
198	0.441207119336418
198	0.441088117489987
198	0.441102861433219
198	0.441590443971098
198	0.441512274685291
198	0.441262297815574
198	0.44152144772118
198	0.441291993982952
198	0.441709844559586
198	0.441296728971963
198	0.441389109448786
198	0.441743714178137
198	0.441467090939541
198	0.443066091111018
198	0.441161742613921
198	0.441114836546521
198	0.441739422431162
198	0.441398074508162
198	0.441612255148167
198	0.441381044163245
198	0.441989874900632
198	0.441476039405577
198	0.441999581677473
198	0.441273555341996
198	0.442083246182807
198	0.441409028155462
198	0.442138866719872
198	0.441095547773887
198	0.441707786234005
198	0.44119370500586
198	0.441424515698063
198	0.441648933950849
198	0.4413035272407
198	0.441284710605554
198	0.440509500939653
198	0.441611635877288
198	0.441295546558704
198	0.441194929082465
198	0.441406413311593
198	0.440615590498494
198	0.441160509288249
198	0.44226743699238
198	0.44145841182134
198	0.441642350979575
198	0.441396613004391
198	0.441327489041954
198	0.441333555870817
198	0.441574724172518
198	0.441377870563674
198	0.441793414674912
198	0.440950471895097
198	0.441520467836257
198	0.441389109448786
198	0.441339848807585
198	0.441299439752488
198	0.441729087333138
198	0.441331437651585
198	0.442131278012818
198	0.440788925027104
198	0.441060821551075
198	0.441032710866023
198	0.441510065709622
198	0.441385360962567
198	0.441449348044132
198	0.441575290868
198	0.441212222827682
198	0.441527446300716
198	0.44135828251608
198	0.442264150943396
198	0.441418487114156
198	0.441118764349823
198	0.44171445314135
198	0.441387108933283
198	0.441610569887528
198	0.441604157063236
198	0.441612701065385
198	0.441102756892231
198	0.442201141705843
198	0.440719712782834
198	0.442020185099879
198	0.441619270659083
198	0.442211896688853
198	0.441117681352544
198	0.441400875547217
198	0.441492250490872
198	0.441995650719304
198	0.441478439425051
198	0.441600200442644
198	0.442922374429224
198	0.441561154987255
198	0.441999581677473
198	0.441077864386891
198	0.441216977588581
199	0.44125882893802
199	0.441597462755081
199	0.441094290837816
199	0.441892570281124
199	0.44110902647488
199	0.441844919786096
199	0.44144407345576
199	0.441790420414139
199	0.44131769028433
199	0.441601733405559
199	0.441593179253563
199	0.441391406021631
199	0.441627975070063
199	0.441298082946999
199	0.441574724172518
199	0.441473385616553
199	0.441362916006339
199	0.44143955860224
199	0.441215709163679
199	0.441266384689476
199	0.441370388916708
199	0.440965563245226
199	0.44089163466355
199	0.441094290837816
199	0.44134450977939
199	0.44094816793256
199	0.441983166534065
199	0.44122315982956
199	0.441121261419096
199	0.441635377555277
199	0.440881262754571
199	0.442273906132352
199	0.441400050121126
199	0.4413997330664
199	0.441488030694804
199	0.441107676885807
199	0.441123679926535
199	0.44110516636014
199	0.440752168112075
199	0.441027994492887
199	0.441445200050065
199	0.441640246954781
199	0.441696260706079
199	0.441170315181449
199	0.442503456076411
199	0.44161118787422
199	0.441215820720796
199	0.441412452987881
199	0.441680924759003
199	0.441332387193722
199	0.441073072737926
199	0.440922550777829
199	0.4412206729565
199	0.441424515698063
199	0.441491802594802
199	0.441468502294535
199	0.441217092872389
199	0.441661090665775
199	0.441467384499812
199	0.441362916006339
199	0.441279652522553
199	0.441523156662765
199	0.441876984790239
199	0.441073219658977
199	0.440916666666667
199	0.441591516366065
199	0.442139601020451
199	0.441294530858003
199	0.441586638830898
199	0.441368960773688
199	0.441646448590312
199	0.441039112667834
199	0.441607821835959
199	0.441284556919736
199	0.441728064300067
199	0.44158341345149
199	0.441796287004516
199	0.441544362908606
199	0.441560616208975
199	0.441670146137787
199	0.44180225281602
199	0.441273417615889
199	0.44084495282625
199	0.441175244842676
199	0.441289460497745
199	0.441550853470222
199	0.441530740276035
199	0.440978746502986
199	0.441621824552622
199	0.441519368183528
199	0.440983675003131
199	0.441230486685032
199	0.442513537337867
199	0.441078284092806
199	0.441426428928512
199	0.441785684456694
199	0.441059878990194
199	0.441716508427789
199	0.441145768090526
199	0.441402337228715
200	0.441001839772537
200	0.441147049016339
200	0.44128795767901
200	0.441264808943768
200	0.441550853470222
200	0.441243808017317
200	0.441295715778474
200	0.440994825571691
200	0.441067333750261
200	0.441748789042926
200	0.441649225617413
200	0.441320038382911
200	0.441246402202478
200	0.441327489041954
200	0.440905490474007
200	0.441743923828614
200	0.441242608478388
200	0.441417007427189
200	0.441769246818277
200	0.44135828251608
200	0.44090776354762
200	0.441785684456694
200	0.440939625318146
200	0.441167883211679
200	0.441665274761984
200	0.441269576807731
200	0.441312403714036
200	0.441090757701915
200	0.441284403669725
200	0.441672229639519
200	0.441232899566233
200	0.44109566230955
200	0.441715741552855
200	0.440870979852334
200	0.441379022496765
200	0.441352220968618
200	0.441693756772526
200	0.442261879884649
200	0.441749801728096
200	0.442028985507246
200	0.441063527840387
200	0.441387061859962
200	0.441470735367684
200	0.441348483582588
200	0.44133472367049
200	0.441377585056704
200	0.440936354548484
200	0.441285589228396
200	0.442273088672218
200	0.442046262600912
200	0.440946193569882
200	0.441250208925288
200	0.441309255079007
200	0.441262419637639
200	0.441629450310948
200	0.441045490489866
200	0.441031838639773
200	0.441800267201069
200	0.441030558219035
200	0.440640507068096
200	0.440885775053172
200	0.44123161534936
200	0.442320562154927
200	0.441138475642789
200	0.441166652758074
200	0.441646832853146
200	0.441208333333333
200	0.441328659656151
200	0.441645115541837
200	0.440988602680249
200	0.441285744103527
200	0.441625636318117
200	0.441435426663885
200	0.441198564393623
200	0.44116176348029
200	0.440847655598198
200	0.441057672288153
200	0.44108067479539
200	0.441629450310948
200	0.441385064664164
200	0.441510695187166
200	0.441202217683105
200	0.440992754226701
200	0.441296558620115
200	0.441014516936426
200	0.441323762624155
200	0.441445200050065
200	0.441155655468132
200	0.441116434076234
200	0.441205904428321
200	0.441281880313386
200	0.441684755384872
200	0.441620764480053
200	0.441521077429846
200	0.441435059794158
200	0.441301449758374
200	0.441044932079415
200	0.441671188279978
200	0.440937330609181
200	0.44111268662941
201	0.440754937088576
201	0.441177695414984
201	0.441396820111546
201	0.440791666666667
201	0.441408039991668
201	0.441112776944861
201	0.441274468971262
201	0.44145233231898
201	0.441880841121495
201	0.44135519853492
201	0.44118014751844
201	0.441430178772347
201	0.441609339170315
201	0.441147090651794
201	0.44100596404888
201	0.441143380974207
201	0.441262297815574
201	0.44112017310253
201	0.441025641025641
201	0.441262176338357
201	0.441312596422466
201	0.440979026810658
201	0.441199750052072
201	0.441420760465796
201	0.441169123157632
201	0.441004916256979
201	0.441115185864311
201	0.441027135009156
201	0.441235225570168
201	0.441485809682805
201	0.441022225921918
201	0.441149521032903
201	0.441395678061373
201	0.441241408039992
201	0.441366382003749
201	0.441223027576439
201	0.441041666666667
201	0.441359182822597
201	0.441473807335617
201	0.44135892418502
201	0.44129284851514
201	0.441562773631322
201	0.440927830758339
201	0.440981625765593
201	0.441254895425381
201	0.441544362908606
201	0.4413997330664
201	0.441231693578671
201	0.441019660113296
201	0.441685791779679
201	0.44134799633425
201	0.441044216837372
201	0.441307516135748
201	0.441072394987719
201	0.441405761454121
201	0.441408039991668
201	0.44129537781853
201	0.441155655468132
201	0.441665624609228
201	0.441361496479607
201	0.441360601001669
201	0.441076038977263
201	0.441216920191707
201	0.441385915962187
201	0.441257400150088
201	0.441484260996456
201	0.44127090022099
201	0.441275938374181
201	0.442105263157895
201	0.441055303566227
201	0.441262297815574
201	0.441312403714036
201	0.441137290816751
201	0.441234186464031
201	0.441470735367684
201	0.441044029352902
201	0.441436187937354
201	0.441262297815574
201	0.441018375765657
201	0.441358024691358
201	0.44128795767901
201	0.441067488238478
201	0.441371542985859
201	0.441449697979588
201	0.441450085520003
201	0.44134799633425
201	0.441007493755204
201	0.441284250853669
201	0.441307701930695
201	0.441446708987638
201	0.441340782122905
201	0.440976707362807
201	0.441181371323836
201	0.441140953570685
201	0.441240297137134
201	0.441499353007472
201	0.441115272575947
201	0.441156887224303
201	0.441377585056704
201	0.441149444490853
202	0.441238915948545
202	0.441361496479607
202	0.441123829344433
202	0.44129284851514
202	0.441153222115905
202	0.4411348697895
202	0.441149521032903
202	0.441263491269742
202	0.441200966103106
202	0.441258595540738
202	0.441068753121358
202	0.441166680535907
202	0.441238915948545
202	0.441230333805045
202	0.441126244325045
202	0.441027135009156
202	0.4411348697895
202	0.4411348697895
202	0.441137290816751
202	0.441373848526531
202	0.441371266713875
202	0.441432438059546
202	0.44121686295726
202	0.441345672836418
202	0.441262176338357
202	0.441260983633865
202	0.441118927694293
202	0.441349156777014
202	0.441235225570168
202	0.441126244325045
202	0.441112776944861
202	0.441161784287616
202	0.44104912572856
202	0.441105469075169
202	0.441207075962539
202	0.441355451817272
202	0.441074776088315
202	0.441148325358852
202	0.441422681271084
202	0.441142191142191
202	0.440957025551248
202	0.441202181242975
202	0.441214443380117
202	0.441045490489866
202	0.441052763086661
202	0.441510848290509
202	0.441044216837372
202	0.441238915948545
202	0.441158118058156
202	0.440967164676016
202	0.441373848526531
202	0.441165452653486
202	0.440967164676016
202	0.44104912572856
202	0.441238915948545
202	0.441248699271592
202	0.441110371233561
202	0.441077300919952
202	0.441176470588235
202	0.441231537341377
202	0.441076038977263
202	0.441351971625287
202	0.441176470588235
202	0.441308691308691
202	0.441172795801924
202	0.441172795801924
202	0.440858870127163
202	0.440793035944854
202	0.441373848526531
202	0.44108220603538
202	0.441192389358425
202	0.441262176338357
202	0.441022225921918
202	0.441165452653486
202	0.441176470588235
202	0.441331945889698
202	0.441158118058156
202	0.441105469075169
202	0.441069866266717
202	0.441308691308691
202	0.440967164676016
202	0.441129971709103
202	0.441312403714036
202	0.441012405295146
202	0.441243808017317
202	0.441022225921918
202	0.441096916482876
202	0.441084593277521
202	0.44104912572856
202	0.44104912572856
202	0.441312403714036
202	0.441158118058156
202	0.441148325358852
202	0.441022225921918
202	0.441022225921918
202	0.441260983633865
202	0.441156887224303
202	0.441063847498543
202	0.441203395472703
202	0.441084593277521
203	0.441158118058156
203	0.441158118058156
203	0.441158118058156
203	0.441158118058156
203	0.441158118058156
203	0.441158118058156
203	0.441158118058156
203	0.441158118058156
203	0.441158118058156
203	0.441158118058156
203	0.441158118058156
203	0.441158118058156
203	0.441158118058156
203	0.441158118058156
203	0.441158118058156
203	0.441158118058156
203	0.441158118058156
203	0.441158118058156
203	0.441158118058156
203	0.441158118058156
203	0.441158118058156
203	0.441158118058156
203	0.441158118058156
203	0.441158118058156
203	0.441158118058156
203	0.441158118058156
203	0.441158118058156
203	0.441158118058156
203	0.441158118058156
203	0.441158118058156
203	0.441158118058156
203	0.441158118058156
203	0.441158118058156
203	0.441158118058156
203	0.441158118058156
203	0.441158118058156
203	0.441158118058156
203	0.441158118058156
203	0.441158118058156
203	0.441158118058156
203	0.441158118058156
203	0.441158118058156
203	0.441158118058156
203	0.441158118058156
203	0.441158118058156
203	0.441158118058156
203	0.441158118058156
203	0.441158118058156
203	0.441158118058156
203	0.441158118058156
203	0.441158118058156
203	0.441158118058156
203	0.441158118058156
203	0.441158118058156
203	0.441158118058156
203	0.441158118058156
203	0.441158118058156
203	0.441158118058156
203	0.441158118058156
203	0.441158118058156
203	0.441158118058156
203	0.441158118058156
203	0.441158118058156
203	0.441158118058156
203	0.441158118058156
203	0.441158118058156
203	0.441158118058156
203	0.441158118058156
203	0.441158118058156
203	0.441158118058156
203	0.441158118058156
203	0.441158118058156
203	0.441158118058156
203	0.441158118058156
203	0.441158118058156
203	0.441158118058156
203	0.441158118058156
203	0.441158118058156
203	0.441158118058156
203	0.441158118058156
203	0.441158118058156
203	0.441158118058156
203	0.441158118058156
203	0.441158118058156
203	0.441158118058156
203	0.441158118058156
203	0.441158118058156
203	0.441158118058156
203	0.441158118058156
203	0.441158118058156
203	0.441158118058156
203	0.441158118058156
203	0.441158118058156
203	0.441158118058156
203	0.441158118058156
203	0.441158118058156
203	0.441158118058156
203	0.441158118058156
203	0.441158118058156
203	0.441158118058156
