"samples"	"taxon_otu_prop"
1	0.0284738041002278
1	0.0611656087709175
1	0.0445601851851852
1	0.0532574974146846
1	0.0447667087011349
1	0.0513833992094862
1	0.055297157622739
1	0.0477436232831916
1	0.0291519434628975
1	0.0377104377104377
1	0.0625305324865657
1	0.105691056910569
1	0.0268292682926829
1	0.0268292682926829
1	0.0423131170662905
1	0.0240700218818381
1	0.0358880778588808
1	0.111111111111111
1	0.0590537175382426
1	0.0716860232278734
1	0.0566311713455954
1	0.0220635950681376
1	0.0454935622317597
1	0.0656495607951919
1	0.0558751027115859
1	0.0303217821782178
1	0.0715321411309812
1	0.0195439739413681
1	0.0661764705882353
1	0.085024154589372
1	0.0376515634971283
1	0.0585987261146497
1	0.014722536806342
1	0.0995423340961098
1	0.0283185840707965
1	0.0735744941753525
1	0.0716577540106952
1	0.0580254041570439
1	0.0293577981651376
1	0.0672811059907834
1	0.0679478380233356
1	0.0377104377104377
1	0.0375505488157135
1	0.0233183856502242
1	0.02
1	0.068
1	0.0280054644808743
1	0.0279452054794521
1	0.0604545454545455
1	0
1	0.0636408485446473
1	0.0594059405940594
1	0.0563636363636364
1	0
1	0.0430167597765363
1	0.0539944903581267
1	0.0508399646330681
1	0.0195439739413681
1	0.0539944903581267
1	0.0293333333333333
1	0.0279329608938547
1	0.0590405904059041
1	0.0207667731629393
1	0.07209136331192
1	0.0691056910569106
1	0.0554382259767687
1	0.0747893258426966
1	0.0564352415753147
1	0.0280054644808743
1	0.0238372093023256
1	0.0384833050367855
1	0.0411361410381978
1	0.0661764705882353
1	0.0618629173989455
1	0.0447667087011349
1	0.0293333333333333
1	0.0380434782608696
1	0.0408950617283951
1	0.0590405904059041
1	0.0276647681041497
1	0.0749659245797365
1	0.0712166172106825
1	0.0437556973564266
1	0.0576540755467197
1	0.0743295019157088
1	0.0679478380233356
1	0.0716860232278734
1	0.0457481162540366
1	0.0279452054794521
1	0.0594059405940594
1	0.0540132770066385
1	0.0563636363636364
1	0.0655097613882863
1	0.0812112869924295
1	0.0766045548654244
1	0.0766045548654244
1	0.0434782608695652
1	0.0556826849733028
1	0.0457481162540366
1	0.0615533354817918
2	0.062406015037594
2	0.0541843971631206
2	0.0500221336874723
2	0.0578034682080925
2	0.0387430047352561
2	0.0589347620548377
2	0.0519373454245672
2	0.0548066298342541
2	0.0383076043453402
2	0.0485256559089854
2	0.0490485124631466
2	0.0494672754946728
2	0.06609749380336
2	0.0515595162316996
2	0.0477536914860195
2	0.0517114011327259
2	0.0478589420654912
2	0.0423676012461059
2	0.0412284392090871
2	0.065989847715736
2	0.0671387359034881
2	0.0374683544303797
2	0.0495382031905961
2	0.0603389830508475
2	0.0662634039043167
2	0.0555271238485159
2	0.0574931304164025
2	0.0287958115183246
2	0.0381406436233611
2	0.050862688713156
2	0.048264182895851
2	0.0609874152952565
2	0.0348053892215569
2	0.0341810226961991
2	0.0596614368290669
2	0.0261348005502063
2	0.0456194919647486
2	0.0591087508658508
2	0.0625877069884928
2	0.0306085703997119
2	0.0563106796116505
2	0.0541784702549575
2	0.0533495736906212
2	0.059904912836767
2	0.0396706586826347
2	0.046556741028128
2	0.062374245472837
2	0.0539519827353655
2	0.0449326010983525
2	0.0635734427069982
2	0.0522727272727273
2	0.052051282051282
2	0.0563874590547497
2	0.0687868080094229
2	0.0650102110279101
2	0.0581292416642077
2	0.0459976105137395
2	0.0525850640742377
2	0.0579337899543379
2	0.0600477652678267
2	0.0582159624413146
2	0.0404820766378245
2	0.0596646942800789
2	0.0382313829787234
2	0.0745357415415925
2	0.0614163972965031
2	0.0419265419265419
2	0.0546387972130546
2	0.0478136493665713
2	0.0628448069081314
2	0.0224071702944942
2	0.0450487012987013
2	0.0622541078454062
2	0.0670028818443804
2	0.0462653288740245
2	0.0551001821493625
2	0.0522250827510114
2	0.0496338486574451
2	0.0572715572715573
2	0.0297805642633229
2	0.0597586105387106
2	0.0482142857142857
2	0.0637497059515408
2	0.0363372093023256
2	0.0567455843667794
2	0.0695841261212286
2	0.0411392405063291
2	0.0407869481765835
2	0.0752990851513019
2	0.0454990215264188
2	0.0507963839862247
2	0.0359147025813693
2	0.0440140845070423
2	0.0366113239676458
2	0.0489589195272932
2	0.0619003404518725
2	0.0447481243301179
2	0.0311149524632671
2	0.0362433028679483
2	0.0314617618586641
3	0.0765822784810127
3	0.0630975143403442
3	0.0438162544169611
3	0.058348851644941
3	0.0494263018534863
3	0.0527681660899654
3	0.0293470286133529
3	0.0419292956974514
3	0.0438814747794617
3	0.0370947630922693
3	0.0470127326150832
3	0.0536926558321333
3	0.0592361652377241
3	0.0525618374558304
3	0.0511838440111421
3	0.0380383527192707
3	0.0573008293541091
3	0.0376229157759726
3	0.0589430894308943
3	0.0522815444300757
3	0.0537634408602151
3	0.0502290317485389
3	0.0473246135552913
3	0.0575104634940319
3	0.0617868076816031
3	0.047853624208304
3	0.056548203416454
3	0.061050840246756
3	0.0580583756345178
3	0.0602155081343757
3	0.0617389446699423
3	0.0523024445707789
3	0.0382890651948948
3	0.0515549989563765
3	0.0360476343739942
3	0.0587007565875294
3	0.061063385186905
3	0.0525439407955597
3	0.0464716006884682
3	0.0365278868813826
3	0.038098830629951
3	0.0514231045204497
3	0.0395446375074895
3	0.0562051282051282
3	0.0564672666313746
3	0.0505050505050505
3	0.0557550158394931
3	0.0489925768822906
3	0.0445995145631068
3	0.0606569168065212
3	0.0522262334536703
3	0.0576599326599327
3	0.061964241978937
3	0.0604306552442695
3	0.0560300649128801
3	0.0576881835728072
3	0.0477582846003899
3	0.0414364640883978
3	0.0336842105263158
3	0.0503059143439837
3	0.0543478260869565
3	0.0426949654491609
3	0.0511137629276054
3	0.0541525012141816
3	0.0496548652861278
3	0.0572576594676042
3	0.0605547321617616
3	0.0532303069328182
3	0.0576649264356906
3	0.0439003799071338
3	0.0497572815533981
3	0.0493252675663099
3	0.0512689054088695
3	0.0500505561172902
3	0.0421522921522922
3	0.0480556433765413
3	0.0494117647058823
3	0.0539922616953922
3	0.0560767146133
3	0.0461916461916462
3	0.047834958059397
3	0.0291840381179273
3	0.0520882214922572
3	0.0486127578847522
3	0.0621321124918247
3	0.0477206595538312
3	0.0569744597249509
3	0.0455486542443064
3	0.0573411249086925
3	0.0448324681453516
3	0.0562393486082181
3	0.0496083550913838
3	0.0538238800885709
3	0.0526050843191543
3	0.0554592720970537
3	0.0562383612662942
3	0.0435075885328836
3	0.0556107249255213
3	0.0539853921879962
3	0.040127557799628
4	0.0563630490956072
4	0.0415778251599147
4	0.0546303818034119
4	0.0591335859001812
4	0.0514448336252189
4	0.0582417582417582
4	0.0346200980392157
4	0.0436232999743392
4	0.0356004250797024
4	0.0591859185918592
4	0.043956043956044
4	0.0560079773973741
4	0.0454995054401583
4	0.0541114925617133
4	0.0545797922568461
4	0.047542627883651
4	0.0630289532293987
4	0.0552966101694915
4	0.0513638538841921
4	0.0531757754800591
4	0.0534516765285996
4	0.0495321959273528
4	0.0596330275229358
4	0.0564562002275313
4	0.0560037968675842
4	0.0498923889649775
4	0.0539868584620849
4	0.0432569974554707
4	0.0552904393615271
4	0.0543011755924613
4	0.0455538221528861
4	0.0554954397897666
4	0.0450771055753262
4	0.0438882843670656
4	0.0326601844926452
4	0.059460418885339
4	0.0561176098640531
4	0.0536002583144979
4	0.0402645959160196
4	0.0576680482969904
4	0.0481222872240045
4	0.0502861815208504
4	0.0519691433211531
4	0.032312925170068
4	0.0416666666666667
4	0.0569869657471961
4	0.0579098429849738
4	0.0530060476698684
4	0.0536145548220898
4	0.0529317151630355
4	0.0582084349947717
4	0.0556016597510373
4	0.049721706864564
4	0.0582381729200653
4	0.0479486746581124
4	0.0510114335971856
4	0.0412471581682364
4	0.0462134043067989
4	0.0583367811336367
4	0.0454369682907966
4	0.0631514408338443
4	0.0458304617505169
4	0.0491567256273139
4	0.0559954751131222
4	0.042
4	0.03510226644555
4	0.0583853083853084
4	0.0404086265607264
4	0.029420873335398
4	0.0413473174667204
4	0.0476190476190476
4	0.0574748743718593
4	0.046157059314954
4	0.0467814371257485
4	0.0584837545126354
4	0.058476077968104
4	0.0540920266947664
4	0.0612244897959184
4	0.0569982034950188
4	0.0484022556390977
4	0.0548995235135695
4	0.0555555555555556
4	0.049747656813266
4	0.0661875945537065
4	0.0417556807147019
4	0.0420462508759636
4	0.04375
4	0.0420718025430067
4	0.0538992757284824
4	0.0532165712361064
4	0.0368177136972194
4	0.0520383693045564
4	0.0555455038899946
4	0.0469994689325544
4	0.0546191593770002
4	0.0498452012383901
4	0.043537948617376
4	0.0481036077705828
4	0.0461720599842147
4	0.0518767705382436
5	0.0497868453105968
5	0.0558752552441062
5	0.0569573283858998
5	0.0419469026548673
5	0.0633457540694254
5	0.0521307960332351
5	0.0535602748282324
5	0.0531870860927152
5	0.0552754771335974
5	0.0480848947106616
5	0.0535272727272727
5	0.0575692963752665
5	0.0526734563971992
5	0.0495730056238284
5	0.0522064617809299
5	0.0485060863150129
5	0.0514322916666667
5	0.0511887748473431
5	0.0564093903056916
5	0.0510613032507051
5	0.0416874273376516
5	0.0624203821656051
5	0.0471586089906701
5	0.0516129032258065
5	0.055889520714866
5	0.0579010856453559
5	0.054017187286864
5	0.0540882778581766
5	0.05
5	0.0570542635658915
5	0.0516925129231282
5	0.0526084407971864
5	0.0551089022072796
5	0.0494563311118906
5	0.0532492555613943
5	0.0499455634186173
5	0.0589612894338063
5	0.0468972051160587
5	0.0535186794092094
5	0.0402492421690805
5	0.0494538834951456
5	0.0357791029297381
5	0.0604694543758744
5	0.0485252140818268
5	0.0520138703654308
5	0.0515885498584461
5	0.0509084676037024
5	0.0601941747572816
5	0.0509016870273415
5	0.0520633042449342
5	0.0494862087614927
5	0.0470459518599562
5	0.054739652870494
5	0.0350567465321564
5	0.0513712648383136
5	0.0538234328848047
5	0.0493031619961037
5	0.0503296349895482
5	0.0491395397055774
5	0.0569568755085435
5	0.0626580500140489
5	0.0494033412887828
5	0.0483641536273115
5	0.0474900686168292
5	0.0467625899280576
5	0.0483083046860865
5	0.0523542410334863
5	0.0563482818870122
5	0.0522055847834885
5	0.0536924413553432
5	0.0501150600869343
5	0.0462227652209326
5	0.0473056355409297
5	0.0505584950029394
5	0.0532856920925897
5	0.0448270513417093
5	0.0601719197707736
5	0.0588025659301497
5	0.0532932495217272
5	0.050341603739662
5	0.0521376433785193
5	0.0489175116470266
5	0.0431859849256468
5	0.0476190476190476
5	0.0486805441730864
5	0.0580104712041885
5	0.046875
5	0.0448988195615514
5	0.0554619015509103
5	0.055159590951348
5	0.052128991859737
5	0.0535205088835271
5	0.0557839107457428
5	0.043224648519294
5	0.0483430133242228
5	0.0415679124886053
5	0.0527922656150617
5	0.052768338996602
5	0.0523952095808383
5	0.0433503638334107
6	0.0553935860058309
6	0.054601425793908
6	0.0519516217702034
6	0.0500957713275379
6	0.0561781609195402
6	0.0507770632368703
6	0.0477675640183848
6	0.0494313874147081
6	0.0492394542888506
6	0.0565320665083135
6	0.0555877243775333
6	0.0411966650318784
6	0.0549128919860627
6	0.0538423886441508
6	0.0547120418848168
6	0.0473467216385158
6	0.0359214218896165
6	0.0521713354083296
6	0.053831231813773
6	0.0534433285509326
6	0.0531474957880227
6	0.0450126035289881
6	0.0529059960128815
6	0.0498872604284104
6	0.0461757889106793
6	0.05175
6	0.0512185047501033
6	0.0499111374407583
6	0.0527027027027027
6	0.0459674742781281
6	0.0463706373914468
6	0.0408950617283951
6	0.0488794776777837
6	0.0521022258862325
6	0.0496232048912271
6	0.0492739232965123
6	0.0480225988700565
6	0.0540885860306644
6	0.0487693710118505
6	0.0507459036439227
6	0.044021584777052
6	0.0478747203579418
6	0.0521074887464193
6	0.0535191877473757
6	0.0562445918661667
6	0.0515519086692829
6	0.0586513839775637
6	0.0530578050823792
6	0.0405569007263923
6	0.0495614035087719
6	0.048947983635301
6	0.0598499923465483
6	0.0485135576608951
6	0.0382689556509299
6	0.0409215401965523
6	0.0520076481835564
6	0.0559897501601537
6	0.0494366197183099
6	0.0533177335784723
6	0.0542862722124585
6	0.0506853681861651
6	0.0535174794993526
6	0.0499915268598543
6	0.0522475189725628
6	0.0463917525773196
6	0.037221269296741
6	0.0517902813299233
6	0.0521438279995057
6	0.0484798685291701
6	0.0459433040078201
6	0.0539197415828053
6	0.0481177899210686
6	0.0426392207314832
6	0.0479218362282878
6	0.0458978772231784
6	0.0597722960151803
6	0.0463608364402658
6	0.0508996595882639
6	0.0476310483870968
6	0.0513763968383756
6	0.0524800418793352
6	0.0591176470588235
6	0.0602681721947777
6	0.0595365965935246
6	0.0516682554814109
6	0.0499084249084249
6	0.0583452211126961
6	0.048070092351409
6	0.0522357996508661
6	0.0542587726078219
6	0.0574903261470426
6	0.0489833641404806
6	0.0574784651527016
6	0.045196092724887
6	0.0553756476683938
6	0.0554285714285714
6	0.0520160049245922
6	0.048818407960199
6	0.0564426877470356
6	0.0525085416292034
7	0.0489227280090718
7	0.0464684014869888
7	0.0542025727488448
7	0.0542797494780793
7	0.0477564943584361
7	0.0554072944465625
7	0.0558025448413307
7	0.0522867076758492
7	0.0546929640509162
7	0.0581937963217129
7	0.0488914990456614
7	0.0494077306733167
7	0.0494078460399704
7	0.047016515716569
7	0.0520504731861199
7	0.0571526940953693
7	0.0523996852871755
7	0.0594370860927152
7	0.0514886642993718
7	0.0553113553113553
7	0.0553779069767442
7	0.0486605409602692
7	0.0512973456606024
7	0.0504635761589404
7	0.0455815578064967
7	0.0437142857142857
7	0.0552562335546924
7	0.0391036246052038
7	0.0554068943806076
7	0.0439068100358423
7	0.0487607322209623
7	0.0487226022616222
7	0.0510816468946267
7	0.0522105263157895
7	0.0527958740499457
7	0.0557396806266948
7	0.052922165364934
7	0.0528507827086026
7	0.0567971354488208
7	0.0560044580663137
7	0.058759521218716
7	0.0459161779430697
7	0.0468059701492537
7	0.053997081238852
7	0.041980198019802
7	0.0551254258284299
7	0.0486398580721467
7	0.0564000568262537
7	0.0467741935483871
7	0.0532684630738523
7	0.0422556619547044
7	0.0509771764384311
7	0.0554666666666667
7	0.0394456289978678
7	0.0560770750988142
7	0.0496187976502937
7	0.0558497226424609
7	0.0533791523482245
7	0.0481439249968326
7	0.0514043455219926
7	0.0519541858542921
7	0.0514432029795158
7	0.0513643659711075
7	0.0403638430926663
7	0.0494111276566942
7	0.0485466443463704
7	0.051371635610766
7	0.0502921005842012
7	0.0473316391359593
7	0.0507319535588087
7	0.0520567375886525
7	0.0485190409026798
7	0.052617697481208
7	0.0508351488743646
7	0.050752688172043
7	0.0482842392954752
7	0.0359160613397902
7	0.0571097260472532
7	0.0554349399334202
7	0.0525928108426635
7	0.0466359905484392
7	0.0481680353758686
7	0.0545536519386835
7	0.0443709761614756
7	0.0461282726139354
7	0.0529852675109848
7	0.0610903466941616
7	0.0530312308634415
7	0.0595924104005622
7	0.0545750116117046
7	0.0490001169453865
7	0.0473692100134912
7	0.0538622615169846
7	0.0462816455696203
7	0.0552703110842646
7	0.0498707617454767
7	0.0553127731302285
7	0.0546741838206372
7	0.0522796352583587
7	0.0489872821479039
8	0.0540182708857408
8	0.0516552879041608
8	0.0458846403110823
8	0.052917068466731
8	0.053405017921147
8	0.0515714112365004
8	0.0498732037193576
8	0.0544732597096414
8	0.0460385438972163
8	0.0480473081187631
8	0.0587673196368849
8	0.0519361139836838
8	0.0495224619738238
8	0.0524723676556137
8	0.0497717567368576
8	0.0490317775571003
8	0.0443264764432648
8	0.0508190840607438
8	0.0468474815075731
8	0.0475334018499486
8	0.0460785860817422
8	0.0513728963684677
8	0.051527937603887
8	0.0508238276299113
8	0.0468085106382979
8	0.0539249146757679
8	0.0510492084918395
8	0.0517557952719761
8	0.0494629359501392
8	0.0491950917482832
8	0.0488721804511278
8	0.0499337748344371
8	0.0506329113924051
8	0.0453797319539149
8	0.0518743947987273
8	0.0513196480938416
8	0.0535790219702339
8	0.0496626180836707
8	0.0483815228660293
8	0.0481520345109012
8	0.0456005138086063
8	0.0446988280185337
8	0.0483757062146893
8	0.0527435780513756
8	0.056598748168864
8	0.0558990536277603
8	0.0479723679160803
8	0.0474550325296594
8	0.0473282442748092
8	0.0507594693328206
8	0.0476590636254502
8	0.0495037521181312
8	0.0436129352000991
8	0.0512973101642466
8	0.0475968992248062
8	0.052456183658356
8	0.0490663232453316
8	0.0467022245349291
8	0.0527608797379504
8	0.0454073689673067
8	0.0485466443463704
8	0.0523923444976077
8	0.049684924866699
8	0.0559982044663899
8	0.0491065338971491
8	0.0442320155541154
8	0.0493254637436762
8	0.0501684311838306
8	0.0546050236621769
8	0.0545834421519979
8	0.0506077606358111
8	0.0544477611940299
8	0.050629290617849
8	0.0420588824354096
8	0.0491755857680069
8	0.0561768188396264
8	0.0525830258302583
8	0.0449517120280948
8	0.0537547583342946
8	0.049832144355854
8	0.0527961097603334
8	0.0496847414880202
8	0.0405151208218782
8	0.0497496871088861
8	0.048208546601595
8	0.0512975988357992
8	0.0514220416455053
8	0.0546480197438007
8	0.0489852167376597
8	0.0508608971454463
8	0.0567707053330057
8	0.0539641943734015
8	0.0467764271426373
8	0.0447365095412612
8	0.0488765346305305
8	0.0535331905781585
8	0.0452863696906911
8	0.04781405644715
8	0.0498172465141465
8	0.0534712700984669
9	0.0439180196965664
9	0.0454824077479465
9	0.0539076923076923
9	0.0517633674630262
9	0.0500567536889898
9	0.0566958698372966
9	0.054932735426009
9	0.0490233144297417
9	0.0465457455321419
9	0.0532049076940718
9	0.0506489031813483
9	0.0477469063740369
9	0.0507361508314797
9	0.0502549162418063
9	0.0541765372334947
9	0.0458940011648224
9	0.0454981499246266
9	0.0504721223021583
9	0.0496295260729764
9	0.0452311956658687
9	0.0510259179265659
9	0.0488810365135453
9	0.053639441388066
9	0.0441458733205374
9	0.0471786623776974
9	0.051211219719507
9	0.0557219892150989
9	0.0490387935996316
9	0.0507246376811594
9	0.0450625869262865
9	0.0463970969414204
9	0.0428455941794664
9	0.045069384747636
9	0.0522682445759369
9	0.0489792095898108
9	0.0500260552371027
9	0.0524754734200319
9	0.0541763096991374
9	0.0542921776401953
9	0.0530559167750325
9	0.0515859949511579
9	0.0562383115148277
9	0.0527918781725888
9	0.0488206818415903
9	0.0481883164900173
9	0.0426694419149213
9	0.0480961923847695
9	0.0509852216748768
9	0.0544487068432125
9	0.0514686424980153
9	0.0504704875962361
9	0.055921052631579
9	0.0510688836104513
9	0.0472578037557518
9	0.0483486550902281
9	0.0485496558505408
9	0.0501030257022015
9	0.0464773640503616
9	0.0461350443018637
9	0.0485175202156334
9	0.0501710376282782
9	0.0476782284487628
9	0.0530598595474306
9	0.0501611170784103
9	0.0490459725957229
9	0.0512848196933708
9	0.046773495019489
9	0.0521385848098409
9	0.0463107378524295
9	0.0538867232286173
9	0.0460639851320855
9	0.0455791143804991
9	0.051948051948052
9	0.0503885095361432
9	0.0372946573923339
9	0.0478537154714045
9	0.0519350811485643
9	0.0465380249716232
9	0.0480722303562714
9	0.0525595401040241
9	0.0457508147405365
9	0.054925673973293
9	0.0500118793062485
9	0.0512602360948633
9	0.0458398393932634
9	0.0537665324899367
9	0.0490184123887331
9	0.0487096024180423
9	0.0530497779855106
9	0.0508356545961003
9	0.0516587677725118
9	0.0476190476190476
9	0.0561604584527221
9	0.0459602649006623
9	0.0514370297273961
9	0.0542462845010616
9	0.0472406181015453
9	0.0515475520540236
9	0.0545573770491803
9	0.0500443430888129
10	0.0498228283045206
10	0.0543205103421612
10	0.0404014075329076
10	0.0491150442477876
10	0.0398295120517343
10	0.0469394975822621
10	0.0515155007491068
10	0.0490361445783133
10	0.0511506381268214
10	0.0519261213720317
10	0.0447680690399137
10	0.053352654459228
10	0.0542138364779874
10	0.046702978328891
10	0.0498054474708171
10	0.0498897464167585
10	0.0523333676728134
10	0.0507308684436801
10	0.051750772399588
10	0.0517286197036652
10	0.0514077282571526
10	0.0509331727874774
10	0.0494582536647546
10	0.0509648127128263
10	0.0548035655331793
10	0.0464550509731233
10	0.0490953094387461
10	0.0500332921145249
10	0.0479936160510716
10	0.0482230315207836
10	0.0501943745712326
10	0.055039637599094
10	0.0513528437327443
10	0.0479770501533287
10	0.0484401588201929
10	0.0498228283045206
10	0.0509788333498957
10	0.0519923290006392
10	0.0486540158870256
10	0.0460087994971716
10	0.0502921005842012
10	0.0485283257727608
10	0.050878702224407
10	0.0498435870698644
10	0.0570022023578184
10	0.0521321961620469
10	0.043572044866264
10	0.0498320268756999
10	0.0510816020561148
10	0.0522278623801466
10	0.0450267844216013
10	0.0460701330108827
10	0.0520632033647834
10	0.0488134759621296
10	0.0509474639736752
10	0.0538252508361204
10	0.0489983412019906
10	0.0552280110696667
10	0.0548933500627353
10	0.0522589345920432
10	0.052231338803282
10	0.049915931063472
10	0.0425940571686815
10	0.0483007760235483
10	0.0514398768960211
10	0.0491803278688525
10	0.0514782157676349
10	0.0502735978112175
10	0.050589125499946
10	0.048869956218199
10	0.0455882352941176
10	0.0555948174322733
10	0.0471924841599301
10	0.0517635728903335
10	0.0455321570859419
10	0.051009564293305
10	0.0497657338229707
10	0.0522218229728111
10	0.0506597549481621
10	0.0361427936601985
10	0.0434279096699479
10	0.0503655564581641
10	0.0466819722313327
10	0.0493330266789328
10	0.0488186920767524
10	0.0507170339279468
10	0.0508969094445645
10	0.0533079008131714
10	0.0515016424213984
10	0.0479256080114449
10	0.0482456140350877
10	0.0469421149519329
10	0.052712627339493
10	0.0509795876500154
10	0.0511932731544454
10	0.0473856209150327
10	0.0482084690553746
10	0.0519645120405577
10	0.0518448834535382
10	0.0510477039679001
11	0.0512468093461614
11	0.0504805153659309
11	0.050529921849909
11	0.0482666666666667
11	0.0530838681605569
11	0.0487954267047775
11	0.0535733769776323
11	0.0535465924895688
11	0.0518227706113292
11	0.0505339435545385
11	0.0517940401378471
11	0.0428506478745169
11	0.0497017892644135
11	0.0514311270125224
11	0.045945945945946
11	0.0473036896877956
11	0.050536892916954
11	0.0541428397615282
11	0.051909491143647
11	0.0483707295072725
11	0.0512765036780614
11	0.0429034971758202
11	0.0501222493887531
11	0.0478592013174146
11	0.0495527911997533
11	0.0497588776852258
11	0.047877145438121
11	0.043267712390778
11	0.049058414297709
11	0.0498921780043129
11	0.052063841496973
11	0.0487586669648848
11	0.0473448496481126
11	0.045024816828173
11	0.0498522167487685
11	0.0512769153730596
11	0.0515141717857528
11	0.0530982905982906
11	0.0450540079590677
11	0.0415487522510934
11	0.0518949841659005
11	0.0482154038822793
11	0.0430823593367763
11	0.0493058879846817
11	0.0510145482388974
11	0.0469372375928518
11	0.0481563336047458
11	0.0508403799979121
11	0.0449075105861377
11	0.0500339597011546
11	0.0451856385148919
11	0.0535024820739106
11	0.0529837056220999
11	0.0526729559748428
11	0.0497747747747748
11	0.0481790158693915
11	0.0462346052897234
11	0.0462446012851575
11	0.0484457478005865
11	0.0491363587597897
11	0.0495080594515386
11	0.0547033611549741
11	0.0511245200219419
11	0.0496023856858847
11	0.0475747714241438
11	0.049406663623916
11	0.047926069202665
11	0.0500119645848289
11	0.0488980716253444
11	0.0456100342075257
11	0.046516290726817
11	0.0415816326530612
11	0.0510126821881507
11	0.047276243687547
11	0.0479061255248143
11	0.0513812154696133
11	0.0511121628017037
11	0.0505492042143017
11	0.0506859756097561
11	0.0493257629524485
11	0.052888182299947
11	0.0470158025336294
11	0.0496653751320888
11	0.0489404051047887
11	0.0501256281407035
11	0.0488580843086013
11	0.0437112910909957
11	0.0513959390862944
11	0.0579677708146822
11	0.0496567996567997
11	0.0495379325166559
11	0.04994708994709
11	0.0500112132765194
11	0.0467482136369141
11	0.0467963273768388
11	0.0507817091806747
11	0.0422863485016648
11	0.0517478086387158
11	0.0500170901219095
11	0.047987784927473
12	0.0536563779179113
12	0.0508756481753253
12	0.0447300771208226
12	0.0492393092105263
12	0.0505070993914807
12	0.0501359820267234
12	0.052686737804878
12	0.0476704055220017
12	0.0499272903538536
12	0.0512466843501326
12	0.0468822708236389
12	0.0504908835904628
12	0.0491739172939681
12	0.0489413767422066
12	0.0425008781173165
12	0.0443903922164792
12	0.0482484517977632
12	0.0488178633975482
12	0.0495049504950495
12	0.0496832691591107
12	0.0461454346637507
12	0.0459821830288851
12	0.0486043754714948
12	0.047735891144323
12	0.0526884891379141
12	0.0523300649994492
12	0.0489109667558273
12	0.0495859104727959
12	0.0437677469891315
12	0.0500140752557005
12	0.0513422476268245
12	0.0496224379719525
12	0.039519137764267
12	0.0487106017191977
12	0.0470508343034536
12	0.0494172494172494
12	0.0514823932355774
12	0.0472620599739244
12	0.0454158689640502
12	0.0538845890075438
12	0.0482434190771695
12	0.0510733543595483
12	0.0529206718073307
12	0.0519609794943261
12	0.0527207494518637
12	0.0510041077133729
12	0.0475081037277147
12	0.051123595505618
12	0.0539155029167403
12	0.0506596306068602
12	0.0545824058840608
12	0.0430762536712716
12	0.0550172625013921
12	0.0443117536140792
12	0.0466048322455056
12	0.0550234741784038
12	0.0464374688589935
12	0.0496461282264779
12	0.0517475221700574
12	0.0487878483049995
12	0.0534062237174096
12	0.0483937397034596
12	0.0497139475241665
12	0.0455868089233754
12	0.0543588701483438
12	0.0529941219691403
12	0.0472847408631014
12	0.0493368700265252
12	0.0460553923625682
12	0.0491281659666539
12	0.043453401943968
12	0.0467591099645276
12	0.0469199769717904
12	0.0446969696969697
12	0.0512794680636712
12	0.0499665615744722
12	0.0518604202814729
12	0.0515203671830178
12	0.0461355293183848
12	0.0511074887333397
12	0.0512569376428338
12	0.047945205479452
12	0.0478029937228392
12	0.0483195423434467
12	0.0490679494888755
12	0.0522859922178988
12	0.0508004268943437
12	0.0479899209712519
12	0.0510144247683828
12	0.0420560747663551
12	0.0515953150242326
12	0.0489077274209325
12	0.047449935878465
12	0.0486561138850526
12	0.0509225759768452
12	0.0483448662801571
12	0.0508027038445289
12	0.0494593512214658
12	0.0510194314157174
12	0.050587084148728
13	0.0497369204804924
13	0.0461054458667824
13	0.0483131179288554
13	0.0513785640350052
13	0.0520718370623056
13	0.051962478400395
13	0.0464259395725866
13	0.0456818181818182
13	0.0492925604746691
13	0.0495181464014763
13	0.0455453455852976
13	0.0441176470588235
13	0.0423445749380455
13	0.0462866356824433
13	0.046689628779181
13	0.0474112279309661
13	0.0484752891692955
13	0.0509386446886447
13	0.0478864912799291
13	0.0524213193023482
13	0.0476880222841226
13	0.0487684119321698
13	0.0455641578880569
13	0.045398773006135
13	0.0499745547073791
13	0.048577087459606
13	0.0457262716308338
13	0.0497765862377122
13	0.0500459136822773
13	0.0450570342205323
13	0.0518629872221626
13	0.0514252130473112
13	0.0488222698072805
13	0.0500904568068747
13	0.0486340438306815
13	0.0476603119584055
13	0.052707192242076
13	0.0505503900822913
13	0.0535995279307632
13	0.0465376782077393
13	0.0494871333453302
13	0.0508890251379522
13	0.0494224578678281
13	0.053941908713693
13	0.0439273789649416
13	0.0489619695021128
13	0.0513544608304571
13	0.0516217005941366
13	0.0460133473832104
13	0.0510706638115632
13	0.0534673006190006
13	0.0500157944614089
13	0.0511237092528852
13	0.0463140004248991
13	0.0501774447949527
13	0.0497037126617487
13	0.051009839461419
13	0.0525054693197208
13	0.0483487199010184
13	0.0458875345692922
13	0.0521206409048068
13	0.0505207381691942
13	0.0467345123999605
13	0.0525326567051969
13	0.0473209549071618
13	0.0463447961739923
13	0.0519642250650968
13	0.0517028744900863
13	0.0443693448163087
13	0.0477071766399342
13	0.0456694497535459
13	0.0485550361240969
13	0.050478997789241
13	0.0474124573907654
13	0.052647412755716
13	0.0515701261626301
13	0.0491085073866531
13	0.0490599294947121
13	0.0487520410543504
13	0.0523166023166023
13	0.0502283105022831
13	0.0451864335369707
13	0.0458160130128321
13	0.0529750479846449
13	0.0450848478762928
13	0.047513918218468
13	0.0507994333130945
13	0.0461444521981856
13	0.0516212992083288
13	0.0492144417854542
13	0.0503193342365009
13	0.045710043482872
13	0.0529947292764734
13	0.0488888888888889
13	0.0489442338927991
13	0.0522648083623693
13	0.0495230363304242
13	0.0514189967535868
13	0.0491323648103309
13	0.0473051121906084
14	0.046893718979976
14	0.0483494159471813
14	0.0497630331753555
14	0.0490071051193296
14	0.053902014933006
14	0.0479518540089303
14	0.0482908924065153
14	0.0448464090763138
14	0.0510472581833491
14	0.0462999216914644
14	0.0547673098751419
14	0.0483394833948339
14	0.0465330994368018
14	0.0501281686129308
14	0.0453336171118442
14	0.0467975600457491
14	0.0469024819230018
14	0.0517588421355315
14	0.0479935237654678
14	0.0495860787295151
14	0.0447692165387106
14	0.0500638336677002
14	0.0524248969173375
14	0.0444268930792773
14	0.0471679876280688
14	0.051665243381725
14	0.0544012089157537
14	0.0466759447596617
14	0.0532799831525745
14	0.0529283735654927
14	0.0508308022154726
14	0.0501376887285158
14	0.0483552631578947
14	0.051397743992153
14	0.0440153638534205
14	0.0503933659366362
14	0.0480591497227357
14	0.0491528579407931
14	0.0524320909665193
14	0.0464470407967822
14	0.0452140932228765
14	0.046468592577362
14	0.0493273542600897
14	0.0501087171377743
14	0.0494180841539839
14	0.0432253535252231
14	0.0489783020855277
14	0.0472230188318516
14	0.0483036227717079
14	0.045997191011236
14	0.047194218931216
14	0.0470273370292487
14	0.0439406333995559
14	0.0472130546387972
14	0.0477759472817133
14	0.0486825854261013
14	0.0512947222771299
14	0.0475553857906799
14	0.052655225087609
14	0.0515278041374075
14	0.0467348876463762
14	0.0505307483112554
14	0.0504939626783754
14	0.0532971150243537
14	0.0476875642343268
14	0.0497105577506202
14	0.0499620781190747
14	0.0506671643183727
14	0.0470366886171214
14	0.0493371212121212
14	0.0481940472407584
14	0.053923582580115
14	0.0488173572825894
14	0.0474015891862271
14	0.0489023912191298
14	0.0486681353895454
14	0.0468678555098308
14	0.0465918895599655
14	0.0506113164628945
14	0.050209952648977
14	0.0506586508708337
14	0.0499208344975319
14	0.0501911577296343
14	0.0447636020547227
14	0.0472533963378618
14	0.0496911847276811
14	0.0502882767456758
14	0.0468027734976888
14	0.0431272154391493
14	0.0491143317230274
14	0.0486551828346933
14	0.0474176094441712
14	0.0486140724946695
14	0.0523012552301255
14	0.04735400653768
14	0.0470911589555657
14	0.049832197701617
14	0.0517972350230415
14	0.048918069169595
14	0.0459816476757084
15	0.0477428048897873
15	0.0492610837438424
15	0.0455679201841903
15	0.0482667108973296
15	0.0501953456769152
15	0.0536734693877551
15	0.0484380810710301
15	0.0543893129770992
15	0.0532282348773359
15	0.0526017029328288
15	0.0477469670710572
15	0.0456831947438661
15	0.0458542014468559
15	0.0463333333333333
15	0.0466222645099905
15	0.0520911127707244
15	0.0465695668838636
15	0.0500462439625938
15	0.0436806301467956
15	0.0499293452661328
15	0.0473938418192795
15	0.0474126003136242
15	0.0478349370836417
15	0.0410913509333922
15	0.0503849527336517
15	0.0491894913359419
15	0.0544409718721645
15	0.0478509223710085
15	0.0502338634237605
15	0.0468620116375727
15	0.0508428493746601
15	0.0519416518825153
15	0.0489741302408564
15	0.0460180148042451
15	0.0533607436539149
15	0.0524336957626257
15	0.0483211262246742
15	0.0475146198830409
15	0.0518785038908878
15	0.0501518438177874
15	0.0489516864175023
15	0.0497626004382761
15	0.051313435646361
15	0.0506723661946745
15	0.0465116279069767
15	0.0546413310300936
15	0.0509029662206419
15	0.0479648556571634
15	0.0489065606361829
15	0.0460970464135021
15	0.0476230827895941
15	0.047930105331918
15	0.0528654334421473
15	0.0528134692069118
15	0.0492396813902969
15	0.0541294106335929
15	0.0484070375653828
15	0.047409350698023
15	0.0490395680269098
15	0.0464514794123733
15	0.0495082793981676
15	0.0459437086092715
15	0.0483741648106904
15	0.0490204465737018
15	0.0471561928592051
15	0.0489633469085524
15	0.0496534700465205
15	0.046242181892751
15	0.0515975391942846
15	0.0481864743388732
15	0.0489407695633377
15	0.0520340586565752
15	0.046873526360464
15	0.0473383852558705
15	0.0464351359195124
15	0.0497227183005922
15	0.0447592067988669
15	0.0472286911970191
15	0.0499050718741524
15	0.0511874775098956
15	0.0474452554744526
15	0.0452402538531278
15	0.0439396760379818
15	0.0448882548739895
15	0.0418671307196233
15	0.046958477832974
15	0.0487435664547381
15	0.0529971455756422
15	0.0457429390094147
15	0.0503553995032971
15	0.0528113747576401
15	0.0500885652430624
15	0.0560999730288591
15	0.049606227935186
15	0.0516476932294787
15	0.0534328358208955
15	0.0485236220472441
15	0.0480735551663748
15	0.0465400526513727
15	0.0505249343832021
16	0.047653882328352
16	0.0502903081732917
16	0.0508831794460056
16	0.0433595800524934
16	0.0485631138595853
16	0.046745027124774
16	0.0424494032174364
16	0.0483995372155804
16	0.0451546003016591
16	0.0456551103106709
16	0.0475608609831751
16	0.0471741320875698
16	0.0492970439798125
16	0.0559968998256152
16	0.0491142463137796
16	0.0499026720934348
16	0.0488921252470613
16	0.0497792805485113
16	0.0516622156736348
16	0.0447899940843404
16	0.0501369863013699
16	0.0487257717157215
16	0.0436040710437039
16	0.0481446076301382
16	0.0526053767009625
16	0.0481644915970331
16	0.0484413341815868
16	0.0473915893977709
16	0.0470731283654681
16	0.0505736576411198
16	0.049934296977661
16	0.0518567765219869
16	0.0448953162097993
16	0.0442217623352576
16	0.0521418539325843
16	0.0445412253786004
16	0.0469914040114613
16	0.0509443770577023
16	0.0479435185945325
16	0.0483361890161421
16	0.050981988399308
16	0.0529979035639413
16	0.0494710327455919
16	0.0469851213782302
16	0.0464366944655042
16	0.0483449477351916
16	0.0500911537459849
16	0.0514562282414876
16	0.0506124532153794
16	0.04614370468029
16	0.0481525829627095
16	0.0495456134218805
16	0.0491007194244604
16	0.0500768326855283
16	0.0447544069827144
16	0.0477665892073328
16	0.0501297179680308
16	0.0437511710698895
16	0.0507802614930409
16	0.0481653644545544
16	0.0481669099338886
16	0.050829475308642
16	0.0468675274988044
16	0.0481765437215085
16	0.0515984296130118
16	0.0489784227611228
16	0.0506035283194058
16	0.049167761717039
16	0.0432274099059116
16	0.0487563011321378
16	0.0499643747773424
16	0.0452032810271041
16	0.0505601268960048
16	0.0461965574680733
16	0.0484012649332396
16	0.0501884364371725
16	0.046605504587156
16	0.0484094052558783
16	0.044561060215245
16	0.0479790908242322
16	0.046935442276283
16	0.0451872181925113
16	0.0471976401179941
16	0.0487167070217918
16	0.0479464783497491
16	0.0471801423617448
16	0.0463531669865643
16	0.0477051990097124
16	0.0472414087149314
16	0.051584567688598
16	0.0476745228067031
16	0.0510407993338884
16	0.0514331636753282
16	0.0511258004544516
16	0.0489299708630564
16	0.05015758667267
16	0.0467453439055873
16	0.0495639409377429
16	0.048784911135292
16	0.0511971231191445
17	0.0480713316534212
17	0.049248265227448
17	0.0483359027840755
17	0.0487783595113438
17	0.0466943243004678
17	0.0537330867322107
17	0.0475665748393021
17	0.0468151757744518
17	0.0523116596058206
17	0.0468523878437048
17	0.0493704139867742
17	0.0471955622083297
17	0.0487387387387387
17	0.048828125
17	0.0459558823529412
17	0.0499794153972828
17	0.0483829895594601
17	0.0477944253787562
17	0.0483660130718954
17	0.0484687083888149
17	0.0513728198929373
17	0.0480853296030775
17	0.0472264539833318
17	0.0485193818527152
17	0.0516947709078522
17	0.0489762785243979
17	0.0466634429400387
17	0.0495339547270306
17	0.0476344782890473
17	0.047883064516129
17	0.0513313203403788
17	0.0489054494643689
17	0.0493122242408513
17	0.0477871534355089
17	0.0507054296707995
17	0.0472418934029072
17	0.0508432743726861
17	0.0488403819918145
17	0.0493526805109045
17	0.0481622306717364
17	0.0516330451488953
17	0.0506730007917656
17	0.0473847470317681
17	0.0495161712143667
17	0.0516920473773266
17	0.0498121835701454
17	0.0480205572954308
17	0.050554528650647
17	0.0436932391523713
17	0.0504754937820044
17	0.0478264734643079
17	0.0476101915566301
17	0.0510624279360896
17	0.0483526268922529
17	0.0502354788069074
17	0.0472390387084939
17	0.048
17	0.0487432675044883
17	0.0488833079199928
17	0.0506392163373734
17	0.049451017107839
17	0.0496985497800228
17	0.0455910455910456
17	0.0472426470588235
17	0.0456785443517817
17	0.0485500162919518
17	0.0495916477224888
17	0.0497880475438451
17	0.0490650339235479
17	0.0515222482435597
17	0.0483488569009314
17	0.0520145156787941
17	0.0470365265334252
17	0.0471723161341712
17	0.0472124989328097
17	0.0459168559296929
17	0.0461826697892272
17	0.0493793355239138
17	0.0473367770344652
17	0.0516095624406663
17	0.0476070740088844
17	0.0456009913258984
17	0.0438669786096257
17	0.0511424404472533
17	0.0506759781538186
17	0.0454232028960524
17	0.0471377459749553
17	0.0463332310524701
17	0.04661487236404
17	0.0543240164724437
17	0.0514110525902052
17	0.0517556852836107
17	0.0473561632019322
17	0.0498266897746967
17	0.0475386779184248
17	0.0496782496782497
17	0.0463142356305932
17	0.0493848112006788
17	0.0463157894736842
17	0.0458161602607112
18	0.0489604292421194
18	0.0447081158044613
18	0.0510333192745677
18	0.0455802336990456
18	0.0489555094881199
18	0.0456612169875206
18	0.048270240898388
18	0.0504748505100246
18	0.043943661971831
18	0.0467740546128004
18	0.0485656565656566
18	0.0494431319608505
18	0.0474592521572387
18	0.051153372072548
18	0.047493198600855
18	0.0462580247999296
18	0.0494447596660452
18	0.0453277545327755
18	0.0492816437916366
18	0.0501454128844629
18	0.0490575355996378
18	0.0497153055154245
18	0.0485055935882451
18	0.0498189967247026
18	0.0470408491476359
18	0.0496917970602181
18	0.0474293654469662
18	0.0483075637275387
18	0.0499095543496135
18	0.0508394419484512
18	0.0460976295324651
18	0.050730273960764
18	0.0448521021679979
18	0.0451934448386552
18	0.0497983373117129
18	0.0499502030184632
18	0.0479386385426654
18	0.0504874651810585
18	0.0487251610561655
18	0.0517422434367542
18	0.0524406047516199
18	0.0475344291426033
18	0.0509608138658628
18	0.0472486553578817
18	0.0474823683778908
18	0.0442942275193454
18	0.046453959332121
18	0.0485946078833074
18	0.0474793912492074
18	0.0469487672670047
18	0.0493374902572097
18	0.0482201464276698
18	0.0513642269380684
18	0.0492907164661519
18	0.0489267402450682
18	0.0475439761035513
18	0.046771778384568
18	0.0453932227600984
18	0.0476658476658477
18	0.0480509928904143
18	0.0503443752049852
18	0.047635819318482
18	0.0481390878909663
18	0.0461798227100042
18	0.0471079874631969
18	0.0470557762044552
18	0.0450473509086255
18	0.0475903095094405
18	0.0496736765772299
18	0.0463169642857143
18	0.0493938845666727
18	0.0497910863509749
18	0.0493448564259827
18	0.0499791753436068
18	0.0461625373254782
18	0.0478122033313196
18	0.0509636767976279
18	0.0489354678989932
18	0.0502670436694942
18	0.0515805574439157
18	0.0471525817698821
18	0.0496846770069882
18	0.0462085308056872
18	0.0515802556818182
18	0.0503776017682815
18	0.0454881961010118
18	0.0466586113951111
18	0.0480028658427369
18	0.0467970847717683
18	0.0510085978835979
18	0.0475285171102662
18	0.0479737518843664
18	0.045227952506118
18	0.0503759398496241
18	0.0508995173321632
18	0.0501933895921238
18	0.0511179453079545
18	0.0499211356466877
18	0.0490745457632875
18	0.0503740648379052
19	0.0435317913991733
19	0.0486578610992757
19	0.046831955922865
19	0.0482828969738184
19	0.0508658008658009
19	0.0479102956167176
19	0.0501874573960464
19	0.0483256934193147
19	0.0492478510028653
19	0.0491709000287549
19	0.0460403663775634
19	0.0480667754005565
19	0.0526270232839955
19	0.0489690721649485
19	0.0466908833170905
19	0.0469093574395309
19	0.0494001411432604
19	0.0469426152398871
19	0.047152528872959
19	0.0476977763081756
19	0.0482554417413572
19	0.0494582043343653
19	0.0493504150126308
19	0.0494436543127248
19	0.0455993294216262
19	0.051921996629484
19	0.0470577228926934
19	0.0489221960255978
19	0.0488954616877715
19	0.0465844062947067
19	0.0507583591864874
19	0.048038293871271
19	0.0468503246183541
19	0.0454095854689327
19	0.0461389451439641
19	0.048526998515277
19	0.047538745683771
19	0.045629466739967
19	0.0468112717834631
19	0.0499564838990426
19	0.0471591974498406
19	0.0464338781575037
19	0.048198716894226
19	0.0459372684613485
19	0.0476871721506915
19	0.0479834895519821
19	0.0490113941018767
19	0.0505530591081922
19	0.0450827291318089
19	0.0484263401616828
19	0.0505026888005611
19	0.0483593813926847
19	0.0452679121330322
19	0.0476913458962222
19	0.0470884840598569
19	0.0466813186813187
19	0.0477483791834589
19	0.0466240576860046
19	0.0451218382284814
19	0.0459111664591117
19	0.0494970461440204
19	0.0483519900497512
19	0.0480667048148451
19	0.04984
19	0.0496343692870201
19	0.0445965951147298
19	0.0464691397251569
19	0.0496078788984133
19	0.0494832159517058
19	0.0491348351289585
19	0.0486282096377067
19	0.0447316103379722
19	0.0458450355195771
19	0.0503597122302158
19	0.0478380864765409
19	0.048170243077197
19	0.0492872674559072
19	0.0475849090420289
19	0.0496397751563613
19	0.0474594692509736
19	0.0499135356076089
19	0.0471998043531426
19	0.0507770298346215
19	0.0505033969059507
19	0.048788043057384
19	0.0454114524080394
19	0.0482212793733681
19	0.0469411658707992
19	0.0490339044841415
19	0.0503954231869426
19	0.0534167881334134
19	0.0477720121900997
19	0.0506709205217228
19	0.0493949941985745
19	0.0445964669206789
19	0.0434782608695652
19	0.046163173393383
19	0.0519331151021853
19	0.0451236098887911
19	0.0485510289794204
20	0.0484437751004016
20	0.0479007942940509
20	0.0454746919599326
20	0.0513410569750833
20	0.0483991064780342
20	0.0492659865638218
20	0.049245634853365
20	0.0467274369713394
20	0.0495456341367049
20	0.048813079704449
20	0.0448046550290939
20	0.048846471781769
20	0.0464065351525159
20	0.0504813336463959
20	0.043413033286451
20	0.0497938471297177
20	0.0508461235733963
20	0.0470896601590745
20	0.049329888583885
20	0.0482221139795421
20	0.0493947823471919
20	0.0486046511627907
20	0.0459099868593955
20	0.0490847237971813
20	0.0491867528904566
20	0.0506997402162072
20	0.0495429317662422
20	0.0474411951684679
20	0.0505010652568453
20	0.0433697616384132
20	0.0484519996715119
20	0.0481646013560907
20	0.0492069947132981
20	0.0477081384471469
20	0.0509327548806941
20	0.0468737522957758
20	0.0478155339805825
20	0.0497756708710742
20	0.0477541754499757
20	0.0487763995977204
20	0.0462171317954509
20	0.0466583644665836
20	0.0488412658858709
20	0.0506943282583236
20	0.0502899601304821
20	0.0452269834535426
20	0.0492253066494513
20	0.052355623100304
20	0.0476877310015325
20	0.0474370690371355
20	0.0474033327940463
20	0.0461641205442858
20	0.0474512163672312
20	0.0502751992113694
20	0.0452546100490611
20	0.0488754668997854
20	0.0494526525300467
20	0.048363694986297
20	0.0463648603163918
20	0.053580808965155
20	0.0497789421974783
20	0.046714238300697
20	0.0514711713855183
20	0.0482922954725973
20	0.0453516713091922
20	0.0466126970600767
20	0.050166930240731
20	0.0481481481481481
20	0.05
20	0.0475276482954026
20	0.0492380796329674
20	0.0470458591167246
20	0.0459711185166197
20	0.0510345955671874
20	0.0502046612647231
20	0.0498581621249893
20	0.0494501083728024
20	0.045829589085859
20	0.0483406576754054
20	0.0510096504744141
20	0.0467826521268626
20	0.0516673054810272
20	0.0486573498207361
20	0.0451644178718591
20	0.0458305757776307
20	0.044889445139758
20	0.0433993099691302
20	0.0482202492465586
20	0.0491725768321513
20	0.0434253246753247
20	0.0443373493975904
20	0.0499802916830903
20	0.0498793868181465
20	0.0480746422076382
20	0.0500201369311317
20	0.0510843005497862
20	0.0476839237057221
20	0.0469110484491156
20	0.0487784187309128
20	0.0498856610485305
21	0.0445599386555338
21	0.0503551696921863
21	0.0507438016528926
21	0.0499235863474274
21	0.0483164849160232
21	0.0481747220689111
21	0.0450346420323326
21	0.0485756886133564
21	0.0461847389558233
21	0.0492137696557586
21	0.0485855841457568
21	0.045672490857375
21	0.0476418482164233
21	0.0489688534329118
21	0.0489386268762768
21	0.0447486391290426
21	0.050241935483871
21	0.0492188812363514
21	0.0456009050561309
21	0.0501718775577017
21	0.0486701923813904
21	0.0500791480788603
21	0.0463817181548879
21	0.0501437510569931
21	0.0499435210585767
21	0.0501951182186854
21	0.0512755958375294
21	0.0468800257317465
21	0.0468737195771532
21	0.0468677133530235
21	0.049281468663005
21	0.047808764940239
21	0.0501638321110938
21	0.0494686138083951
21	0.046880241529688
21	0.047123376099411
21	0.0427521103748752
21	0.0478843669250646
21	0.0487586487586488
21	0.0484813564902461
21	0.0489369926555856
21	0.0502508623392913
21	0.0517694328542729
21	0.0477108062278403
21	0.0487642506449197
21	0.0488192388242941
21	0.0498541058774489
21	0.0471936473560729
21	0.0472148112216024
21	0.0482475308102439
21	0.0443792244752757
21	0.0464779671920232
21	0.0518650616733541
21	0.0469282600079271
21	0.0459221160911095
21	0.0486888391429485
21	0.0503538599202798
21	0.0455285947011918
21	0.0453673588524727
21	0.0509227352783521
21	0.0496701590997284
21	0.0457983884229567
21	0.0493120246132809
21	0.0466289152362414
21	0.0470747003254743
21	0.0471744072750893
21	0.0483970406905056
21	0.0470342724135163
21	0.0500127366901588
21	0.0434853820325936
21	0.0525123075720872
21	0.0494270566102275
21	0.049164288626172
21	0.0486729277256023
21	0.0459295466037418
21	0.0466873458999443
21	0.0473362883666472
21	0.0471014492753623
21	0.0492089991255267
21	0.0497685185185185
21	0.0479811421184701
21	0.0512214983713355
21	0.0484159220146223
21	0.0464101893047195
21	0.0497715797066603
21	0.0483265306122449
21	0.0485104997558196
21	0.0459016393442623
21	0.0493217282208108
21	0.048814053266413
21	0.0485731122148329
21	0.0497394599715775
21	0.0489805483946567
21	0.0482005141388175
21	0.0477263245723821
21	0.0475550327676021
21	0.04926182585116
21	0.0477659094328268
21	0.0479572228256329
21	0.0488271900430828
22	0.0463190686997869
22	0.0475653742110009
22	0.0468366093366093
22	0.046639231824417
22	0.0453595479526279
22	0.0457484642741675
22	0.0501309390198279
22	0.0522954391764971
22	0.0503185226997823
22	0.0499264648966638
22	0.0486194960959511
22	0.0476312638960151
22	0.0489138807579726
22	0.0491626148028093
22	0.0487685532539553
22	0.0482845188284519
22	0.0476190476190476
22	0.0508916212034851
22	0.0510263442200615
22	0.0476577748861418
22	0.0476153487649526
22	0.0488947902835273
22	0.0456466610312764
22	0.0475614366729679
22	0.0477768359405101
22	0.0450995212899975
22	0.0469051779637635
22	0.048229600067929
22	0.049092440836333
22	0.0517200661261119
22	0.0477539139328141
22	0.0474077533862681
22	0.0498901277773256
22	0.0483790936156136
22	0.0499532418952618
22	0.0489329404411108
22	0.0492886573894115
22	0.0482250502344273
22	0.0487548228691687
22	0.0509087984558469
22	0.0468255290784869
22	0.0486538799929615
22	0.0480060195635816
22	0.0480515675358922
22	0.0465735733311809
22	0.049658414750606
22	0.0472908949952623
22	0.0478468899521531
22	0.0513215501864764
22	0.045326689705055
22	0.0463802704852824
22	0.0442041660041342
22	0.0476963011031798
22	0.0467552775605942
22	0.0512216661760377
22	0.0478691858002203
22	0.0504822650902302
22	0.0471226021684737
22	0.0500039497590647
22	0.0486273364485981
22	0.0499307718933887
22	0.0469160104986877
22	0.0506706408345753
22	0.0480071786435355
22	0.0466171617161716
22	0.0459401709401709
22	0.0433682078974013
22	0.0465007412030896
22	0.049549213918486
22	0.0444164435344149
22	0.0498050048748781
22	0.048329724713888
22	0.0478106889890534
22	0.0477219520979651
22	0.0461788366336634
22	0.0504964975752444
22	0.050271107668474
22	0.0475812846946868
22	0.0465590099607606
22	0.0465817694369973
22	0.0471596171657919
22	0.05098264945317
22	0.04946183551064
22	0.0481403719256149
22	0.0470724254686597
22	0.0482404692082111
22	0.0452584631132558
22	0.0469389459617473
22	0.0445834335658728
22	0.0497335701598579
22	0.0480866915001693
22	0.0494924798103282
22	0.0489396411092985
22	0.0469123982766874
22	0.0479569557080474
22	0.045607476635514
22	0.0481538461538462
22	0.0500667032880797
22	0.0497310780263466
22	0.0485232067510548
23	0.0445929148539465
23	0.0486149916181049
23	0.0482325735051206
23	0.0510449088483771
23	0.0472955974842767
23	0.0477857375447737
23	0.0479523454951601
23	0.0458441138421734
23	0.0487468383536445
23	0.0476118841669801
23	0.0498789701459693
23	0.0493560515158787
23	0.0488815244407622
23	0.0448823617563315
23	0.0470342724135163
23	0.0502969425910991
23	0.0455589889866096
23	0.0478352521485325
23	0.0457706614911855
23	0.0475613695090439
23	0.0501970699784339
23	0.0502635097931251
23	0.047730429062203
23	0.0515463917525773
23	0.0486644151059257
23	0.045555470484649
23	0.0492640432562331
23	0.0461625831575531
23	0.0474458326743634
23	0.0474086929084168
23	0.0497069167643611
23	0.0459527164552998
23	0.0451037144235408
23	0.0464594928880643
23	0.0488019991180362
23	0.046756071040232
23	0.0462724935732648
23	0.0489421930870083
23	0.0496317643291707
23	0.0476388427003658
23	0.0493433538298034
23	0.0475535168195719
23	0.0486935866983373
23	0.0486419176589618
23	0.0498612881457599
23	0.0465172330682092
23	0.0470038910505837
23	0.0510858835143139
23	0.0483755031627372
23	0.0449696372886919
23	0.0494349134075941
23	0.0506112469437653
23	0.0442219440967877
23	0.0495874083129584
23	0.0479100648860721
23	0.0456895886393455
23	0.0493612994795774
23	0.0482948213091612
23	0.0464985994397759
23	0.0499388192107678
23	0.0471231005634284
23	0.0460580912863071
23	0.0501579778830964
23	0.0463337182448037
23	0.0449465698670365
23	0.0481475300400534
23	0.0463298222514812
23	0.0467168650311716
23	0.0472968002942258
23	0.047255369928401
23	0.0472365805168986
23	0.043684540327634
23	0.0462006982099086
23	0.0481575793888556
23	0.0485576516369174
23	0.0467474647538956
23	0.0461442202408885
23	0.0489936653035041
23	0.0466854959295564
23	0.0468443427076521
23	0.0455510801904064
23	0.0474632996120788
23	0.0487958941966048
23	0.0510422445906317
23	0.0494976721391816
23	0.045794318986545
23	0.0476743221955062
23	0.0467989806162638
23	0.0453464404629776
23	0.0487749887268901
23	0.0466454170877711
23	0.0478988168094655
23	0.0451386177274502
23	0.0491383325570564
23	0.0480333644927015
23	0.0485581833896441
23	0.0479910714285714
23	0.0474541923499113
23	0.050449314204635
23	0.0509604699158597
24	0.049084595959596
24	0.047441998810232
24	0.0475103903512346
24	0.0473446893787575
24	0.0487303219681987
24	0.0477358056853881
24	0.0467368100030497
24	0.0474534521480837
24	0.0484330484330484
24	0.0457654249126892
24	0.0500605283771274
24	0.0475612368778119
24	0.0469575107644813
24	0.0469942924912905
24	0.0491533043608572
24	0.0494998147462023
24	0.0473651676711482
24	0.0499093217265143
24	0.0486532115724043
24	0.0456286711500809
24	0.0518646757556085
24	0.0493924231593996
24	0.0483638296256928
24	0.050330369524431
24	0.0472089563923902
24	0.0488267901890804
24	0.0475757575757576
24	0.0481810711884664
24	0.0484631879914224
24	0.047776552737964
24	0.049112426035503
24	0.0465190377568902
24	0.0481481481481481
24	0.0484719930866525
24	0.0451289398280802
24	0.0483575916646783
24	0.0457897444692163
24	0.0501772351319417
24	0.0475618544319001
24	0.0485284391534392
24	0.0452318745917701
24	0.0489073881373569
24	0.0503276760208368
24	0.0484296331814913
24	0.0488718929254302
24	0.0470970668279407
24	0.048602853745541
24	0.0466744457409568
24	0.0476827445117633
24	0.0515401498524181
24	0.0457865389146313
24	0.0466524216524217
24	0.0491150442477876
24	0.0493116590184335
24	0.047751722002941
24	0.0473386356684001
24	0.0488862311257288
24	0.0468062509482628
24	0.0474640423921272
24	0.0469664182095055
24	0.0462830995424199
24	0.046656649135988
24	0.0455359227835292
24	0.0443510737628385
24	0.0504145691442108
24	0.0487568855143665
24	0.0468575083959699
24	0.0503554502369668
24	0.0468217513705734
24	0.0497516126640469
24	0.0495960323174146
24	0.0487335437678035
24	0.0467048036987697
24	0.0486116394066185
24	0.044931050159115
24	0.0485197368421053
24	0.0472142801947299
24	0.0471311475409836
24	0.0500257864878803
24	0.0472060050041701
24	0.0477408354646206
24	0.047977057820493
24	0.0479876160990712
24	0.0482476819110482
24	0.0491411501120239
24	0.0476155753244859
24	0.0479070132725988
24	0.04799021855418
24	0.0494528100057599
24	0.0459898154042011
24	0.0536987169333122
24	0.0447843137254902
24	0.0501868659903897
24	0.0453398577872926
24	0.0491624180626366
24	0.0500316656111463
24	0.0479827200493713
24	0.0474089523503931
24	0.0473085670962851
24	0.0468354430379747
25	0.0462603016638159
25	0.048613251155624
25	0.045519632225488
25	0.049752315313375
25	0.0482201834862385
25	0.0484105706625814
25	0.0491513437057991
25	0.0465268676277851
25	0.047812166488794
25	0.0484682551428149
25	0.0488790605459814
25	0.0464703795672224
25	0.0497014809645654
25	0.0462899412796462
25	0.0475149806133239
25	0.0467844833907751
25	0.0493089279043706
25	0.0469665769047996
25	0.0473402356301321
25	0.0495622705450438
25	0.0482897384305835
25	0.0477203431893923
25	0.0456249501475632
25	0.0496654035314037
25	0.0489879730126137
25	0.0496774193548387
25	0.0474250576479631
25	0.0489114445425125
25	0.046539284864822
25	0.0483464566929134
25	0.0501053617419808
25	0.0476118728341118
25	0.04601110350597
25	0.0451469004768497
25	0.0469940042132556
25	0.0466129866292384
25	0.0462745673217952
25	0.0469503074621905
25	0.0510117719473725
25	0.047306655004009
25	0.0450608029318674
25	0.0504545454545455
25	0.0461155903850501
25	0.0479571029378446
25	0.0458324137423674
25	0.0481311975591152
25	0.052608975735452
25	0.0497062461348176
25	0.0487589854875899
25	0.0491012372578009
25	0.0456475583864119
25	0.0460287383546502
25	0.0494667574313592
25	0.045754397834912
25	0.047622558053815
25	0.0467087898904263
25	0.0507465121971119
25	0.04720608688538
25	0.0464079907798694
25	0.0466011466011466
25	0.0499330938798507
25	0.0454131227217497
25	0.0465395706504326
25	0.0481974921630094
25	0.0486202365308804
25	0.048106836634039
25	0.0498492928356133
25	0.0493352554861445
25	0.0461423779351472
25	0.0496060694484972
25	0.0485720546344314
25	0.0457770656900893
25	0.0481983015836585
25	0.0450767502807937
25	0.0477276301305237
25	0.0486059890839357
25	0.0471725541503125
25	0.0468810538550949
25	0.0475285171102662
25	0.0486877139596805
25	0.0484393404004711
25	0.0517268820627089
25	0.0452795318034807
25	0.045791443457841
25	0.0482344225862211
25	0.0506479081821548
25	0.0476458752515091
25	0.0479391043809215
25	0.0490433424443577
25	0.0476538517760561
25	0.0494610955263546
25	0.0462483350599378
25	0.0481927710843374
25	0.050210419387607
25	0.0482769207153273
25	0.0480980823640365
25	0.045890144137125
25	0.0485873124666819
25	0.0483870967741935
25	0.0489526764934057
26	0.050003918802414
26	0.041875757051393
26	0.0453276520717014
26	0.0484355536015241
26	0.0466142910587355
26	0.0477959927140255
26	0.0481570788839132
26	0.0487516619884769
26	0.0464813205907906
26	0.0475739472533877
26	0.0486780715396579
26	0.0478904515173945
26	0.0466656743078297
26	0.0489929232444202
26	0.0475816806962477
26	0.0466860012732546
26	0.046117874707732
26	0.0463286713286713
26	0.0472121970980334
26	0.0497029416026663
26	0.045493629328539
26	0.0467102331798604
26	0.0484216978240883
26	0.0489900512511305
26	0.0505565135601191
26	0.0491889063317635
26	0.0459628287190561
26	0.0475037821482602
26	0.0475589225589226
26	0.0478994039831371
26	0.0488997555012225
26	0.047724039829303
26	0.0468931574270285
26	0.0473069250498718
26	0.0472022740873728
26	0.0475812846946868
26	0.0443310757322544
26	0.0466231297015789
26	0.0497751352999466
26	0.0484775940749607
26	0.048711943793911
26	0.0471431840720116
26	0.0476897545637174
26	0.0459310344827586
26	0.046126812124762
26	0.0461049284578696
26	0.05104319039187
26	0.0464168788650418
26	0.0459881129271917
26	0.0467787696353194
26	0.0480808632700451
26	0.0473753586105296
26	0.0474064151224232
26	0.0461219155968945
26	0.0465934065934066
26	0.0425622654384169
26	0.0471471252641551
26	0.0461873638344227
26	0.0463757396449704
26	0.0468111359605152
26	0.0496241698898051
26	0.0449846105279773
26	0.045555470484649
26	0.0489749430523918
26	0.0490981213980989
26	0.0470936102697245
26	0.048202291584354
26	0.0490276188919758
26	0.0491620111731844
26	0.0479325241719811
26	0.0466483432585127
26	0.0449964846496368
26	0.0465429512122119
26	0.048566493955095
26	0.0507687844502466
26	0.0491745697225149
26	0.0482914430951709
26	0.0451433300729817
26	0.0486459014012924
26	0.0486136647789954
26	0.0482452727414209
26	0.0458831390600639
26	0.0482596139230886
26	0.0479982625063346
26	0.0470021090689967
26	0.0495949277914759
26	0.0522455089820359
26	0.0469798657718121
26	0.0466932026944274
26	0.0460659531385594
26	0.0470674486803519
26	0.047004677833107
26	0.0486202365308804
26	0.045651501083256
26	0.046690048224463
26	0.0490683690891545
26	0.0496539915816509
26	0.0475621593369671
26	0.0510624801776086
26	0.0468920392584515
27	0.0464866413580689
27	0.0488689714041827
27	0.0495603517186251
27	0.0468965517241379
27	0.0485054452768981
27	0.0473269725882175
27	0.0463083959490363
27	0.0480370143566714
27	0.0459150207710808
27	0.0502626721567514
27	0.0471607314725698
27	0.0469270360278535
27	0.0462871475260318
27	0.0475036354823073
27	0.0444684564874075
27	0.0468649689706826
27	0.0471568389549462
27	0.0492946948788715
27	0.0490943070730305
27	0.047823555102635
27	0.0456761795496917
27	0.0479543930248156
27	0.046643161451447
27	0.0480706580757258
27	0.0469674292637731
27	0.0488313556274721
27	0.0470352378749325
27	0.0505222609082154
27	0.0492882940301678
27	0.0455809972180612
27	0.0500342179301954
27	0.0482764188261887
27	0.0469592570401438
27	0.0495829826306527
27	0.0484895539243365
27	0.0476153727427072
27	0.0446540417065802
27	0.0455330979036742
27	0.0467891923555686
27	0.0483696825739581
27	0.0475
27	0.0464259395725866
27	0.0470615068805596
27	0.0488726972779764
27	0.0469831503880305
27	0.0472509843955082
27	0.0463799283154122
27	0.0492994291645044
27	0.0480469047437752
27	0.0497245275123788
27	0.0481099656357388
27	0.0454086052555588
27	0.0493038610592795
27	0.0457292055203282
27	0.0474426038942168
27	0.0490597512890507
27	0.0494559841740851
27	0.0477648946255378
27	0.0478292862398823
27	0.0475070555032926
27	0.0467166834248588
27	0.0469708890637293
27	0.048054587688734
27	0.0483234005887844
27	0.0486319903788334
27	0.0461810414671872
27	0.0473706471168758
27	0.0479307586006255
27	0.0471835856451241
27	0.0491493383742911
27	0.048169278544089
27	0.0458062307428963
27	0.0445954389253358
27	0.0455468523353641
27	0.0483176410480987
27	0.0492531003382187
27	0.0460204885736801
27	0.0461111111111111
27	0.0450861195542047
27	0.0479805424528302
27	0.0496151834416797
27	0.0473976301184941
27	0.0486703816040065
27	0.0465929361398502
27	0.0472876798987822
27	0.0467411260709914
27	0.0476341193226776
27	0.0479126429950973
27	0.046594982078853
27	0.0455067800505631
27	0.0492665375034597
27	0.0451981539813933
27	0.044107667948428
27	0.0450156489312113
27	0.0469902626143405
27	0.0483253255344335
27	0.0473105318668073
27	0.048367420165052
27	0.0499289931982958
27	0.0474225256997074
28	0.0471902017291066
28	0.047833468664649
28	0.0444778685002149
28	0.047727429477895
28	0.0456859777074446
28	0.0458003293859305
28	0.0478468899521531
28	0.0477355325691921
28	0.0493172008773792
28	0.0444939620471535
28	0.0491707459633229
28	0.0474076303709835
28	0.0472279260780287
28	0.0461597838672327
28	0.0469639126989844
28	0.0480696701638895
28	0.0483143799205975
28	0.0463345660213183
28	0.0478131949592291
28	0.046953350554627
28	0.0471478463329453
28	0.0467804915396983
28	0.0454830833623997
28	0.0476117924887636
28	0.0449733518288676
28	0.0476516187870497
28	0.0479612992398065
28	0.0467768210379334
28	0.048218336138143
28	0.0469970183160585
28	0.0462007504690432
28	0.0487533856517814
28	0.0463899046389905
28	0.0493531036487862
28	0.0480884320214039
28	0.0470333410690802
28	0.0456576791300462
28	0.0492364778079064
28	0.0483180879315432
28	0.0470208183776023
28	0.0492927561080154
28	0.0477266308952273
28	0.0488337623839613
28	0.0504300521943689
28	0.0457822370865849
28	0.0485161097405995
28	0.0474714748556135
28	0.0470293486041518
28	0.0470417070805044
28	0.0467648495847002
28	0.0462248503641739
28	0.0510173323285607
28	0.0486126048612605
28	0.0480860718729415
28	0.0457738828130658
28	0.0477548583935796
28	0.0491719930273097
28	0.0488472951380963
28	0.0470922639625106
28	0.0473242243097068
28	0.046104333507971
28	0.0483719474013776
28	0.0470372632864997
28	0.0493863669968949
28	0.0476913071753739
28	0.0461814377522045
28	0.0466747798697115
28	0.0452118191527234
28	0.0447945404385073
28	0.0471425220858416
28	0.0487333619579219
28	0.0472144951507405
28	0.0487003286525246
28	0.0498657182260289
28	0.0456450506743885
28	0.0485838941063374
28	0.0445050662509743
28	0.0472629796839729
28	0.0481246125232486
28	0.0459719142645972
28	0.0506672532629418
28	0.0510579909005561
28	0.0456246401842257
28	0.0498223120340046
28	0.0475118053033055
28	0.0506598552575564
28	0.0450864351347142
28	0.0488170347003155
28	0.0482730206688182
28	0.046814528133373
28	0.0473840795297874
28	0.047386909455875
28	0.0510714552378108
28	0.0461482558139535
28	0.045832474403903
28	0.0491181067202501
28	0.0472895917281229
28	0.0481204122488322
28	0.047134670487106
28	0.0499365213711384
29	0.0485415274994433
29	0.0482266584345201
29	0.0481377371749824
29	0.0467691505992705
29	0.0470958712386284
29	0.0462251847558325
29	0.046233148295004
29	0.0447645600991326
29	0.0493809987480874
29	0.0449760765550239
29	0.0484121383203952
29	0.0467559943582511
29	0.0483781918564527
29	0.0467645836220036
29	0.0463480240016553
29	0.0464527027027027
29	0.0446723074716765
29	0.0440387541036112
29	0.0499759069319199
29	0.0486165725316365
29	0.0474144317676693
29	0.0464275383280301
29	0.0490326185653419
29	0.0464327830188679
29	0.0461390816477189
29	0.047554347826087
29	0.0497994896099161
29	0.0467861827721906
29	0.0477141145937313
29	0.045301757066463
29	0.04713199723566
29	0.0455429255160036
29	0.0488773274917853
29	0.0481779323335507
29	0.0483412322274882
29	0.048959954719117
29	0.0499423464975497
29	0.0449891637396308
29	0.0474725582045725
29	0.0460643054865498
29	0.0469246318221195
29	0.0467611811702044
29	0.0463753060770201
29	0.0464306442251886
29	0.0449861417098998
29	0.0483308420528151
29	0.0491178546224418
29	0.0496188401851348
29	0.0442959843148646
29	0.0487568391162823
29	0.0495699871334733
29	0.0478637498164734
29	0.0451807228915663
29	0.0473172169811321
29	0.0468682814963451
29	0.0424738591229634
29	0.047010624262204
29	0.0487406881873005
29	0.0479203025014543
29	0.0468013231050742
29	0.0474767134714306
29	0.0479412611575007
29	0.0478356670694435
29	0.0486237250244516
29	0.0489396411092985
29	0.0485355648535565
29	0.0457323353704594
29	0.0467386788533444
29	0.0497737556561086
29	0.044832059968286
29	0.0453118310261167
29	0.0467812047195198
29	0.047697143638103
29	0.0467660998048509
29	0.0444510739856802
29	0.0464249159233806
29	0.0462636182292466
29	0.0435668048585352
29	0.0478984108124165
29	0.047525329834536
29	0.0457202505219207
29	0.0463566459172464
29	0.0469176213857065
29	0.0467819676779132
29	0.0465967834577829
29	0.04995904995905
29	0.0459705676243868
29	0.045807007466973
29	0.0491115686723099
29	0.0498363582267182
29	0.0485558502799882
29	0.0469277020090922
29	0.0478395061728395
29	0.0469069619806729
29	0.0477207977207977
29	0.0472813238770686
29	0.048732660323916
29	0.0481500627723211
29	0.0450631856686571
29	0.0494697079761732
30	0.046741674847089
30	0.0461240578106632
30	0.0488365412237863
30	0.0477850697292863
30	0.0479071753986333
30	0.0484408992023205
30	0.0485043225460944
30	0.0464028509911649
30	0.0472895040369089
30	0.04418762746431
30	0.0480109739368999
30	0.0471900769177465
30	0.0487566359318245
30	0.0474299740109731
30	0.044636028644928
30	0.0446735395189003
30	0.0453952338438294
30	0.045150140419097
30	0.0475609756097561
30	0.0479930772815017
30	0.0464861709114792
30	0.0477131564088086
30	0.046488774661728
30	0.0484100310237849
30	0.0464857651245552
30	0.0483827493261456
30	0.048773987206823
30	0.0492821645499724
30	0.0480632298490459
30	0.048780487804878
30	0.0461964038727524
30	0.0462538791192552
30	0.0466056607788891
30	0.0500920810313076
30	0.0500175623463295
30	0.0472348425505248
30	0.0468836565096953
30	0.0491215741391427
30	0.0447372452888004
30	0.0475566236982011
30	0.0449890270665691
30	0.0461483848065318
30	0.0456199272320179
30	0.0460531442375127
30	0.0452612393681653
30	0.0490102389078498
30	0.0452127659574468
30	0.0477306626891114
30	0.0472638600014344
30	0.0468619827825604
30	0.0466700121872536
30	0.0474969553233767
30	0.0479516844939242
30	0.0447559130365533
30	0.048025763091571
30	0.0448636056211017
30	0.0454989113296794
30	0.0468555722793011
30	0.0476551724137931
30	0.0477882270985719
30	0.0477218893688171
30	0.0462970204113553
30	0.0473365231259968
30	0.0474687982050203
30	0.0458804078258473
30	0.0496564859533365
30	0.0477307214788247
30	0.0483472774653683
30	0.0452695829094608
30	0.0482683392418871
30	0.0469461240573409
30	0.0466352624495289
30	0.045045045045045
30	0.0478206230570805
30	0.0462505916559605
30	0.047275204359673
30	0.0467021425570648
30	0.0476434801729825
30	0.0479527849502029
30	0.0487332232828537
30	0.0483969777414744
30	0.0459635056676804
30	0.0484733361474603
30	0.0469394893319342
30	0.0488176410851589
30	0.0455994661525914
30	0.0475508254877882
30	0.0483400867278027
30	0.0475901174564601
30	0.045030719190459
30	0.0458510561603345
30	0.0471211298207496
30	0.0452910518975262
30	0.0439906913895353
30	0.0485866334922939
30	0.0485266193121879
30	0.0479796086663168
30	0.0480364414383325
30	0.0461548812487385
30	0.0488094452872502
31	0.046873932353946
31	0.0471718558116015
31	0.0453015427769986
31	0.0480673934588702
31	0.0461147178903688
31	0.049534085335949
31	0.047351806383725
31	0.0476877570160883
31	0.0480963271895601
31	0.0454026270702456
31	0.0468932372124957
31	0.0472574944364446
31	0.047324964758005
31	0.0459169831795985
31	0.0455277719408839
31	0.0481217438990951
31	0.0480830875753302
31	0.0477538838294941
31	0.0474732006125574
31	0.0470079202112056
31	0.0460319725949186
31	0.0454609929078014
31	0.0451863470012697
31	0.047808764940239
31	0.0470342128348741
31	0.0489164518152045
31	0.0476811594202899
31	0.0437437205348172
31	0.047467497291441
31	0.0448133426856831
31	0.0469531144439941
31	0.0476061488453985
31	0.0463258785942492
31	0.0470803176164711
31	0.0480909153904788
31	0.0465034473054735
31	0.046169027983365
31	0.0458041244129858
31	0.0468801584681413
31	0.0460287595753259
31	0.0449344705637612
31	0.0474922645175218
31	0.0489525287437399
31	0.0472055681896492
31	0.0471908545936149
31	0.0489395336582795
31	0.0458661027030599
31	0.0484147093063069
31	0.0477437133999311
31	0.0481975967957276
31	0.0504263748069563
31	0.0434106334841629
31	0.0475164987843001
31	0.0456491712707182
31	0.0497674418604651
31	0.0469035247858447
31	0.0455066405986651
31	0.0453060335438902
31	0.0460773872914448
31	0.0466549295774648
31	0.0466812545587163
31	0.048445614284698
31	0.0462587934342358
31	0.0460489313835771
31	0.0479567713610267
31	0.047077365860344
31	0.045765273080521
31	0.0463391349048983
31	0.0442310490324458
31	0.0459322151854687
31	0.0458647629310345
31	0.0467707594038325
31	0.0480974334273722
31	0.0466966447595988
31	0.0467038944085866
31	0.0439064423471481
31	0.0486644464079386
31	0.0468785557156945
31	0.0475546380009967
31	0.0472536348949919
31	0.048121021288247
31	0.0454681647940075
31	0.0461538461538462
31	0.0443786982248521
31	0.0467987166968894
31	0.0454514008993428
31	0.0461993941063068
31	0.0496597749280293
31	0.0477953781800727
31	0.0472109135061781
31	0.0458528229791159
31	0.0484306206504758
31	0.047362314884324
31	0.0469985738363801
31	0.0474596297755022
31	0.0498716042708474
31	0.0483514967581735
31	0.0487080887809485
31	0.0470129336891809
31	0.0465420947390195
32	0.0459128065395095
32	0.0493326354357498
32	0.0467314429241853
32	0.0453806460733724
32	0.0478584217049993
32	0.0464328558323336
32	0.0457542726416364
32	0.0462618462618463
32	0.04737830420338
32	0.0479054192578419
32	0.0484645916022561
32	0.0494238511731223
32	0.0459762120052862
32	0.0491181364392679
32	0.0466439925036441
32	0.0441467914986674
32	0.0477582846003899
32	0.046357176064289
32	0.045769660827432
32	0.0484856716012495
32	0.0473889209463358
32	0.0486625845955527
32	0.0485691969040687
32	0.0471443406022845
32	0.0464987544976474
32	0.047225314040388
32	0.0474886502846437
32	0.0478475554628277
32	0.0450089741819688
32	0.0477820280518086
32	0.0478809012875537
32	0.0452580560649725
32	0.0473467680078098
32	0.0442559863169897
32	0.0453178543954123
32	0.0481845481845482
32	0.0452632356198774
32	0.0468198468198468
32	0.0466822045516863
32	0.0451637764932563
32	0.0465467527117946
32	0.0464653397391901
32	0.0467277571976344
32	0.0460308172420519
32	0.0468801803593926
32	0.0483507477975825
32	0.0477702792113272
32	0.0449422568526506
32	0.0459534093322948
32	0.0496224379719525
32	0.0451085424302227
32	0.0466847561399847
32	0.0484876625099496
32	0.0468275862068966
32	0.0474288916911868
32	0.0468495382944052
32	0.0466798607793626
32	0.04622818404731
32	0.044724937983365
32	0.0477782147070389
32	0.0460006637902423
32	0.0483305274971942
32	0.0448546856465006
32	0.0482731294987783
32	0.0466387449421452
32	0.0482828282828283
32	0.0467528672656878
32	0.047136376523958
32	0.0461807835412563
32	0.0502220703792279
32	0.0444459432117084
32	0.0465004464592348
32	0.0464960021501041
32	0.0463125548726953
32	0.0486679253199077
32	0.0461377140859839
32	0.0464584920030465
32	0.0469424341013213
32	0.0444247001332741
32	0.048596537250787
32	0.0461896838602329
32	0.047880091596697
32	0.0487447559432643
32	0.0473345588235294
32	0.0448088204113365
32	0.0473658086931858
32	0.0487140061504054
32	0.0461336637271336
32	0.0451905369032441
32	0.044557519081345
32	0.0462119528993557
32	0.0454480183802412
32	0.0459976517715312
32	0.0457235072619688
32	0.045673917605092
32	0.0462287104622871
32	0.0452732488979078
32	0.0456875851774937
32	0.0484864720064291
32	0.049366116019977
33	0.0468330134357006
33	0.0468771638277247
33	0.0444413774066662
33	0.0466140191487875
33	0.0476983961674651
33	0.0456588929474572
33	0.0494353148035437
33	0.0491628310319525
33	0.0468821416911525
33	0.0470540920973256
33	0.0446549391069012
33	0.0469979156861427
33	0.0473448929829315
33	0.0452298236237306
33	0.0478128179043744
33	0.046697187704382
33	0.045473393227367
33	0.0456292026897214
33	0.0471952535059331
33	0.0494180110271595
33	0.0464785085447954
33	0.0469861101880774
33	0.0452827497682379
33	0.0445635216713016
33	0.0464914041072981
33	0.0456675245825909
33	0.0468453260181473
33	0.0471515394376544
33	0.0465071025491341
33	0.0464747821494587
33	0.0485125545851528
33	0.0458516860423135
33	0.0469246318221195
33	0.0469927296761401
33	0.0481461360858346
33	0.0478348113146482
33	0.0490448448719686
33	0.049996644520502
33	0.0479942693409742
33	0.0485201676270299
33	0.0454477723141112
33	0.0476879608572807
33	0.0480337820005278
33	0.0512508934953538
33	0.0448439484060683
33	0.050187265917603
33	0.0435657800143781
33	0.045632
33	0.0468037330713634
33	0.046053062561415
33	0.0435091205905316
33	0.0476809413052401
33	0.0475897014516571
33	0.046234153616704
33	0.0479749115900447
33	0.0452240646841168
33	0.0467528967933172
33	0.0466683784824753
33	0.0477784107091997
33	0.0474892069984095
33	0.0461087047645662
33	0.0474353769116254
33	0.0479141676662668
33	0.0466875681570338
33	0.0490470660564246
33	0.0459005145797599
33	0.0491026075177785
33	0.047488
33	0.0474963875102092
33	0.0480388753904894
33	0.0473556646572618
33	0.0477552966823353
33	0.0465226518588745
33	0.0470731049366064
33	0.0469144220934197
33	0.0478255157009591
33	0.0458316606449886
33	0.0481642053922233
33	0.0473501017928679
33	0.0452872354410411
33	0.0460869565217391
33	0.0454455900702699
33	0.0472612359550562
33	0.0455469133207203
33	0.0483893077450308
33	0.0475984109786927
33	0.0451850337354324
33	0.0470967299650374
33	0.0491251682368775
33	0.0485564304461942
33	0.044594877521111
33	0.0457734486751584
33	0.0467872738615097
33	0.0471704696113321
33	0.0488223924404038
33	0.0470265710670603
33	0.0484253301727057
33	0.0468956867117274
33	0.048343592226295
33	0.0451666207656293
34	0.0468587069864442
34	0.0495997900537987
34	0.0469973890339426
34	0.047109634551495
34	0.0492031456607976
34	0.0466335352985227
34	0.0448924731182796
34	0.0472054909651212
34	0.0443856765063255
34	0.050152490681125
34	0.046155994693108
34	0.0458649331888768
34	0.0471470326598043
34	0.0479517091698318
34	0.0477582846003899
34	0.0482807652533609
34	0.0467991756963372
34	0.04474287585981
34	0.0453598854614083
34	0.0463168912730603
34	0.0480015673981191
34	0.0472859541130386
34	0.0473280369389557
34	0.0456192709443615
34	0.0455300304456131
34	0.0456972470702448
34	0.0482062780269058
34	0.0447017328630578
34	0.0456503613118399
34	0.0478347768154564
34	0.0489159528907923
34	0.0468739897847029
34	0.0472537810261235
34	0.0474721737964329
34	0.0468149913918686
34	0.0483848891322201
34	0.0479396164830681
34	0.0489339160376109
34	0.0489092852203432
34	0.0468229898661144
34	0.047368780288035
34	0.0468125
34	0.0454678576658369
34	0.0454454985736084
34	0.0469374167776298
34	0.0468623208006492
34	0.0448865619546248
34	0.0482374768089054
34	0.0478228881011304
34	0.047538089321912
34	0.0478329809725159
34	0.0468706729437829
34	0.0459295929592959
34	0.0455451181326502
34	0.0468310759008433
34	0.0461435726210351
34	0.0463499420625724
34	0.0478778467908903
34	0.0491493383742911
34	0.0467144795503004
34	0.0470431986579058
34	0.046281851274051
34	0.0471760310599956
34	0.0463941203491043
34	0.047839617862054
34	0.047818739437942
34	0.0471820858727659
34	0.0479108271950981
34	0.0483647450110865
34	0.0460699263932702
34	0.0467778218869922
34	0.0485778841041999
34	0.0482564028360585
34	0.0428871758934828
34	0.0456985124980831
34	0.0459261133603239
34	0.0467587672688629
34	0.0454019467701314
34	0.0454513123266235
34	0.0425913472315624
34	0.046923387639693
34	0.0480870712401055
34	0.0483781535902412
34	0.0451989939340139
34	0.0490196078431373
34	0.0485118840175646
34	0.0475052705551651
34	0.0475758632717126
34	0.0470638723982548
34	0.0470203012442698
34	0.049678510998308
34	0.0457260419431909
34	0.0474009161521609
34	0.047828439994588
34	0.0462758620689655
34	0.0483304603205005
34	0.0463160796746847
34	0.0476569759723882
34	0.0486545256863278
34	0.0455263535832256
35	0.0471190091545503
35	0.0443828910074723
35	0.0463162008989642
35	0.0471673079474592
35	0.0449305737490176
35	0.0449845221629454
35	0.0456036965110828
35	0.047792681338716
35	0.0470319960094064
35	0.0464340330877242
35	0.0467864216925073
35	0.0440972475724611
35	0.0470489392984667
35	0.0467494521548576
35	0.0456177683202554
35	0.0467886528306521
35	0.0478362877997914
35	0.0465878330246474
35	0.047945205479452
35	0.0465299167704306
35	0.046766864732611
35	0.0450557424632232
35	0.0471573990720864
35	0.0449958748492733
35	0.0446813016164326
35	0.0483975187386922
35	0.0483059820010588
35	0.0462676189874218
35	0.0482647512922065
35	0.0475799835931091
35	0.0476650341449955
35	0.0483243464609924
35	0.0463734462505122
35	0.0465593747930327
35	0.047267874701503
35	0.0466361394857344
35	0.0451977401129944
35	0.0450981706091269
35	0.045708446866485
35	0.0463279646788135
35	0.0453373150536175
35	0.044928522804629
35	0.0484138022385588
35	0.047283771657348
35	0.0473357306309251
35	0.047402376910017
35	0.0468924191750279
35	0.0490202336120508
35	0.0463338125735198
35	0.0487899824823201
35	0.0450260399498978
35	0.0473887182168769
35	0.0475187574042385
35	0.0476060191518468
35	0.0484151397619366
35	0.0461838984233292
35	0.0461405778352738
35	0.0494814031842505
35	0.0469611548231212
35	0.0461568550752983
35	0.0476088660822465
35	0.0467936420937243
35	0.0438277031269622
35	0.0444266705446085
35	0.0447341337907376
35	0.0461601307189543
35	0.0476922049295304
35	0.045966766409881
35	0.0461649592855267
35	0.0466530099781934
35	0.0475531252163079
35	0.0482664411630781
35	0.0467659543852076
35	0.0461913043478261
35	0.0459664745940283
35	0.0474200960935868
35	0.0453416149068323
35	0.0465191511387164
35	0.0477927063339731
35	0.0492047070994439
35	0.0469193639977286
35	0.0475459141229923
35	0.0466578193755675
35	0.0467655541821178
35	0.0491060342686864
35	0.0463285495332312
35	0.0481968318166498
35	0.0462667517549458
35	0.0465192788524806
35	0.0474848527546851
35	0.0467003725385844
35	0.0473640856672158
35	0.0456110154905336
35	0.0463740842798575
35	0.0448020297789945
35	0.0468020771708407
35	0.046813611240594
35	0.0438975050573163
35	0.0486131386861314
35	0.0469401479488904
36	0.0468554396423249
36	0.0453775183581246
36	0.0463787375415282
36	0.048870765370138
36	0.0454483324220886
36	0.0476850019786308
36	0.0475533661740558
36	0.0453617749687274
36	0.0492035637149028
36	0.0455429395897372
36	0.0458509683211492
36	0.0466838814895352
36	0.0445191661062542
36	0.0463731263383298
36	0.0462337662337662
36	0.0457100291189815
36	0.0477646159724876
36	0.0472011533880775
36	0.0457989673439281
36	0.0484685511903981
36	0.0463981258541029
36	0.0475661548513558
36	0.0472487644151565
36	0.0473578940576811
36	0.0474174428450466
36	0.0456943256344454
36	0.0470439076471373
36	0.0474025539880992
36	0.0454692661441803
36	0.0456288850681127
36	0.0471497584541063
36	0.0473232581967213
36	0.0487587523870146
36	0.0468538238141336
36	0.046866295264624
36	0.0464740482192489
36	0.0475529100529101
36	0.04754970241864
36	0.0455025756174878
36	0.0467578587399711
36	0.0467361915797605
36	0.047276165539312
36	0.0473190348525469
36	0.0460062646828504
36	0.0471810481736368
36	0.0481313307719176
36	0.0474589421957843
36	0.0476028561713703
36	0.0455642914628862
36	0.0457309014010045
36	0.0466449511400651
36	0.0467530792545302
36	0.0460690715704492
36	0.0455340328221684
36	0.0469406512605042
36	0.0469970626835823
36	0.0466585035767223
36	0.0485211939484803
36	0.0459710743801653
36	0.0474998308410583
36	0.0452562349417204
36	0.0478782711353053
36	0.0469725022286224
36	0.0470541975227734
36	0.0476251276813075
36	0.0465456479819137
36	0.0477093000457486
36	0.048447789275635
36	0.0482822655524605
36	0.047368065409825
36	0.0444678331798448
36	0.0484793345463998
36	0.0480360428961229
36	0.0460124802852637
36	0.0480583150561218
36	0.0457528595537221
36	0.0466474215982155
36	0.0469947559499798
36	0.048760884125921
36	0.047230812482429
36	0.0466905771111836
36	0.0452408093473924
36	0.045824
36	0.0488937448784485
36	0.0469194626431077
36	0.0465511142553944
36	0.0453383094892529
36	0.0465377995498477
36	0.0446651800797351
36	0.0493563663042753
36	0.0482425024185747
36	0.0454049194014514
36	0.0482170438519911
36	0.0461323392357875
36	0.0458163463405164
36	0.0436718391933477
36	0.0456892607359958
36	0.0448067873003248
36	0.046008757157292
36	0.0442713814635515
37	0.0461738847281016
37	0.0456779605478734
37	0.0459568733153639
37	0.046714276354583
37	0.0483190591844561
37	0.0470588235294118
37	0.0460328623489547
37	0.046773775589531
37	0.0473732357553581
37	0.0440565253532835
37	0.0451569806279225
37	0.047183874522004
37	0.0462832156071308
37	0.046717250893585
37	0.0440891148725497
37	0.0462907617719333
37	0.0473198255963067
37	0.0470724787206603
37	0.0462334101813197
37	0.0466368294739573
37	0.0467716029553485
37	0.048521705376205
37	0.0478621569878749
37	0.0478942473761127
37	0.0463559103785733
37	0.0440247433535141
37	0.0474459417110624
37	0.0474171164225135
37	0.046422935297212
37	0.0470154562504042
37	0.0479066022544283
37	0.0452746663089409
37	0.044997700847402
37	0.0480756854163985
37	0.0478755236385398
37	0.0467586996628284
37	0.0479366127434797
37	0.0468052544318327
37	0.046375
37	0.0461025982678215
37	0.0484883796206383
37	0.0470420042208455
37	0.049100292927884
37	0.0481462735669999
37	0.0490146217418945
37	0.0479579022902589
37	0.0452802260647245
37	0.0478814364430933
37	0.0477743668457406
37	0.0475589505147791
37	0.0459770114942529
37	0.0484640335813776
37	0.0464528151204579
37	0.0455437769925402
37	0.0478323070224544
37	0.0467530833123584
37	0.0474541490316788
37	0.0473936899862826
37	0.0465824425008098
37	0.0463213503414508
37	0.0483062738023652
37	0.0439209423038531
37	0.0449481865284974
37	0.0473884469041854
37	0.0460592369477912
37	0.044965535012562
37	0.0453459035984597
37	0.0463390170511535
37	0.0481737413622902
37	0.0462678134220604
37	0.0470737019602333
37	0.0470426409903714
37	0.0461738847281016
37	0.0470516717325228
37	0.0459150111827391
37	0.0487388583349137
37	0.0482991918812253
37	0.0482689075630252
37	0.0459177008491182
37	0.0466736786747305
37	0.04675043051215
37	0.0482271342451546
37	0.0464973371569029
37	0.0456722660729947
37	0.0483076332458891
37	0.0445062586926286
37	0.0467246606036642
37	0.0464795213989876
37	0.0475011402880042
37	0.0483085513927667
37	0.0475485780465835
37	0.0476160243794045
37	0.0468667371760973
37	0.0474056756932268
37	0.0475717302198485
37	0.0458330724438044
37	0.0468966385496664
37	0.0473880597014925
37	0.0482520271168417
37	0.0484093145293539
38	0.0465251338968833
38	0.0473256257146487
38	0.046905160211041
38	0.0483920745632986
38	0.0472206006356619
38	0.0468912591050989
38	0.0460706372996221
38	0.0483172921645889
38	0.0482486371326524
38	0.0464345978376351
38	0.0461714747910488
38	0.045979964038017
38	0.0454948502830639
38	0.0483830845771144
38	0.0450850901701803
38	0.0467181467181467
38	0.0471380471380471
38	0.046368567270803
38	0.0463736684314601
38	0.0466337838703478
38	0.0474247832738399
38	0.0481177094379639
38	0.0450892857142857
38	0.0470193115029387
38	0.0483504373579448
38	0.0476222965136112
38	0.046707603867259
38	0.0482090997095837
38	0.0470549951187764
38	0.0476959383927462
38	0.0460728952772074
38	0.0452693526482571
38	0.045896716067115
38	0.0460560456668396
38	0.0487869724160851
38	0.0445618312339158
38	0.047563972820587
38	0.0451161310849507
38	0.0469239443678737
38	0.0482871950448742
38	0.0478875023753721
38	0.0469396853703586
38	0.048818407960199
38	0.0479530672108149
38	0.0475459098497496
38	0.0468056934789805
38	0.0478816746051642
38	0.0464270029487421
38	0.0465040224998365
38	0.0461967085655047
38	0.0459963802034575
38	0.0464652956298201
38	0.0480853061498223
38	0.0446354883081155
38	0.0476377180944913
38	0.0474172845660166
38	0.0479038024049399
38	0.0475478079875114
38	0.0470907142406859
38	0.0483104717296755
38	0.0461022101196884
38	0.0471291072021241
38	0.0439691817215728
38	0.046792548795219
38	0.0479590547200809
38	0.0464830970556161
38	0.0470487070818746
38	0.0472640041493776
38	0.0463325418725534
38	0.0458046209971625
38	0.046533521619259
38	0.0469596628537026
38	0.045771663297907
38	0.0468638746844456
38	0.0478798814280191
38	0.0454946098040545
38	0.0474040632054176
38	0.0470772852098862
38	0.0467664350614645
38	0.0466295344187375
38	0.0449304960801107
38	0.0447721358510709
38	0.0460826531268076
38	0.0461901330013759
38	0.0473492249576658
38	0.0456697298802562
38	0.0474426463898096
38	0.045775748858733
38	0.0465913674868899
38	0.045822102425876
38	0.0447559642466722
38	0.0473369011213048
38	0.0485061753950183
38	0.0452892090435775
38	0.0457336574133299
38	0.0478984012377514
38	0.0442496061374067
38	0.0467479674796748
38	0.0457947740881873
38	0.0472559973710154
39	0.0443993984175767
39	0.046927793767989
39	0.0442050277505713
39	0.047762727097644
39	0.0457132136826965
39	0.0464400519800287
39	0.0481698017285206
39	0.0470413628444215
39	0.0457846542469214
39	0.0447541203269463
39	0.0478931004829
39	0.0457471408036998
39	0.0468897584671434
39	0.0487123178279098
39	0.0462251571528351
39	0.0457028990165199
39	0.0474835609509358
39	0.0490012484394507
39	0.0476675364347992
39	0.0450535389588524
39	0.0454750112561909
39	0.045716133204009
39	0.0490473993012064
39	0.0468699213417409
39	0.0480071882420897
39	0.0455314085300933
39	0.0463855037325337
39	0.0462033462033462
39	0.0451657940663176
39	0.0456878524808314
39	0.0483116226128747
39	0.0465055858664588
39	0.046345236560526
39	0.0447857511615901
39	0.0466002540616434
39	0.0464984939759036
39	0.0455737043758822
39	0.045793864876733
39	0.045483664317745
39	0.0462206664073642
39	0.0475802407221665
39	0.0474212744854947
39	0.0479123443983403
39	0.0481840828635112
39	0.0459938759887726
39	0.0468864958865628
39	0.0457985888389994
39	0.0452726199068303
39	0.0482117918513571
39	0.0457213245416999
39	0.0453420195439739
39	0.047463719877513
39	0.0475486731349997
39	0.0458709635501267
39	0.04712282081531
39	0.0473400052673163
39	0.0470077029429192
39	0.0472664047910361
39	0.0489109667558273
39	0.0476751394916305
39	0.045606608861883
39	0.0472664047910361
39	0.0464883152684669
39	0.0469621727668445
39	0.0481896327168534
39	0.0482366174816383
39	0.0491273432449903
39	0.0454185692541857
39	0.0464178244445867
39	0.0457660149619664
39	0.0449220014240404
39	0.0456727375405901
39	0.0463309940723581
39	0.0432946853428054
39	0.0463397299218195
39	0.043082389518099
39	0.0466729147141518
39	0.0455260055024237
39	0.0484656754191711
39	0.0450854284414994
39	0.047750591949487
39	0.0473324556454141
39	0.0436723202636819
39	0.0461016498137307
39	0.0470514033427941
39	0.0466209349593496
39	0.0466235821682933
39	0.0488949336960218
39	0.0476013847675569
39	0.0479925880172946
39	0.0492121060530265
39	0.0478052472250252
39	0.0453072336012445
39	0.0467077930253053
39	0.0463200620784337
39	0.0474283569015142
39	0.0469880996196786
39	0.0467924528301887
39	0.0469009584664537
39	0.0461723853618317
40	0.0468850353243417
40	0.0474334412367048
40	0.047292846792254
40	0.047748717623963
40	0.0476435745557559
40	0.0443818014946899
40	0.0464263897373244
40	0.0461061604029446
40	0.0444776313226414
40	0.0447648429138072
40	0.0469483568075117
40	0.0473069074268753
40	0.0471086739780658
40	0.0470783532536521
40	0.0460588494738832
40	0.0473018395159812
40	0.0467621419676214
40	0.0474290780141844
40	0.0477462437395659
40	0.0482983623336745
40	0.0460382844681367
40	0.0463206086312529
40	0.045599084202493
40	0.0477023278253528
40	0.045763534838553
40	0.0447651006711409
40	0.0479124748490946
40	0.04827156649019
40	0.0465822784810127
40	0.0464137632279225
40	0.0478664192949907
40	0.0453295782203447
40	0.0462242291010635
40	0.0476253472681572
40	0.0452999679178697
40	0.0459476707083599
40	0.0447106572401152
40	0.045955159302478
40	0.0456594906966406
40	0.0462734686136924
40	0.0476012925677355
40	0.0474118625631838
40	0.0454844655081622
40	0.0477314785272159
40	0.0474965367108648
40	0.0458414315394411
40	0.04749907828438
40	0.0480707188024261
40	0.0485086244473504
40	0.0490705836474717
40	0.0479112433370522
40	0.0460343521091185
40	0.0461959905366704
40	0.0457235772357724
40	0.0457761383564129
40	0.0468849942433159
40	0.0478752675022929
40	0.0482896090534979
40	0.0478250123578843
40	0.0453605663805526
40	0.0456985890872768
40	0.0477682568103338
40	0.0476449603966383
40	0.0479083166332665
40	0.0458548039919118
40	0.0447684169784544
40	0.0464611947164356
40	0.0449822438511114
40	0.0463479415670651
40	0.046181647814738
40	0.0473984771573604
40	0.048788125508862
40	0.0469609881374587
40	0.0446578167289599
40	0.0486269256530476
40	0.0449393517597932
40	0.0448303182358378
40	0.0476786384682768
40	0.0474556889651229
40	0.0469489574005373
40	0.0482616798406272
40	0.0476666458424439
40	0.0465343949875995
40	0.0478513213139047
40	0.0481088678763097
40	0.0454099967330938
40	0.0465333001988072
40	0.0476310642861649
40	0.0472672635071683
40	0.047037037037037
40	0.0478390179079922
40	0.0464975845410628
40	0.0458751213199612
40	0.045021319287685
40	0.0460861364350833
40	0.0450479233226837
40	0.044551282051282
40	0.0470276744625859
40	0.0463571970655199
40	0.0444989720803767
41	0.0469350469350469
41	0.0465015747545236
41	0.0472837022132797
41	0.0458490566037736
41	0.0452015413786776
41	0.0466553480475382
41	0.0465145915636549
41	0.0482745848509167
41	0.0443166441136671
41	0.0468366383380548
41	0.0455524375122365
41	0.0463825214899713
41	0.0462739621683382
41	0.0466683461393123
41	0.0458576966033769
41	0.0467140206053625
41	0.0474286417322835
41	0.0479934582966411
41	0.0466362252663623
41	0.0451220301676701
41	0.046061613343622
41	0.0468900675024108
41	0.0481734737879628
41	0.0465814696485623
41	0.0467641171832353
41	0.0466357456001017
41	0.047104496926561
41	0.0477638640429338
41	0.0462811914687934
41	0.0445832302745486
41	0.0469297965950392
41	0.0449200522615566
41	0.0452810989570084
41	0.0467586996628284
41	0.0456964580657001
41	0.045460543679071
41	0.0461871541977388
41	0.046958174904943
41	0.0440463100705
41	0.0468653775095455
41	0.0463177687245378
41	0.0470236643083679
41	0.0477921133926949
41	0.0454315042453428
41	0.0475372279495991
41	0.0452807405916683
41	0.0473321324305858
41	0.0475958315558535
41	0.0437252964426877
41	0.0444140090001957
41	0.0479250826294528
41	0.0471692437278142
41	0.0471454648454711
41	0.0466599318095719
41	0.0453026603264362
41	0.0455479892072466
41	0.0471353360173428
41	0.045521198597386
41	0.04749209498419
41	0.0474865516601744
41	0.0469657328823942
41	0.0478166496424923
41	0.0452514318081692
41	0.0446200917899031
41	0.0475895785630299
41	0.0471401634192332
41	0.0504755865567533
41	0.0462580426684727
41	0.0460796454409177
41	0.0465216058841557
41	0.0467038011874885
41	0.0465527029584306
41	0.0444000997755051
41	0.0460118900173396
41	0.047206875383671
41	0.0461741424802111
41	0.0473779854620976
41	0.0477581608027436
41	0.0457660303475281
41	0.0451045810342615
41	0.0457109885882806
41	0.0465929316043732
41	0.04613247992271
41	0.0444054352772902
41	0.0451943153499023
41	0.0484956452889945
41	0.0486392588303416
41	0.0444400553031799
41	0.0477953781800727
41	0.0475609756097561
41	0.0471281296023564
41	0.0465250965250965
41	0.045919035765754
41	0.047665428867109
41	0.0459562512542645
41	0.0467213670577067
41	0.046370710549815
41	0.0474145862724652
41	0.0455657098725705
41	0.0449553001277139
42	0.0473924628854206
42	0.0481837473473973
42	0.0460078656595293
42	0.047905293504263
42	0.047039897039897
42	0.0467949518930401
42	0.0459639126305793
42	0.0466106926781084
42	0.0444458375125376
42	0.0447011551983928
42	0.0478645066273932
42	0.0476220712426186
42	0.0471635001337972
42	0.0462563216972986
42	0.0463101896057837
42	0.046170962358613
42	0.0464156136619542
42	0.0474350433044637
42	0.0466149459584908
42	0.0450897974780283
42	0.0461054007486186
42	0.0464321862348178
42	0.0467703115852469
42	0.0470748652684891
42	0.0468621366601229
42	0.0475784343588182
42	0.0458902838765539
42	0.0463506296564911
42	0.0465314574578233
42	0.0465445237774485
42	0.04673715823062
42	0.0458101346113186
42	0.0468082471673581
42	0.0449408844470573
42	0.0464087000505817
42	0.0472868217054264
42	0.0471142520612485
42	0.0488373599326381
42	0.048172863044169
42	0.0477896526597037
42	0.0460962435551191
42	0.0478059222261862
42	0.0455120943559672
42	0.0454516397110529
42	0.0461644177911044
42	0.0466888689637505
42	0.0458726700556766
42	0.0476709673511418
42	0.045151786857948
42	0.0476102145551227
42	0.0458404074702886
42	0.0480195003046923
42	0.0458568969756577
42	0.0466354480723587
42	0.0454903863650149
42	0.0461260362775042
42	0.0472222222222222
42	0.0445313485555696
42	0.0470905634925501
42	0.0467237527922561
42	0.0452680014923517
42	0.0463848121718056
42	0.0435095524731746
42	0.0446089597570235
42	0.0480432512133686
42	0.0465234523960849
42	0.0479153702551338
42	0.0464385052606119
42	0.0441070137382502
42	0.0439379550490662
42	0.0452674897119342
42	0.0474594858048008
42	0.0486773842310895
42	0.0474336057201226
42	0.0464363610778864
42	0.0466848770797119
42	0.0456335119086039
42	0.0453109815354713
42	0.0441712485327732
42	0.0471515308099729
42	0.0464764659479358
42	0.0468889816858558
42	0.0461436250528477
42	0.047136563876652
42	0.0454163162321278
42	0.0462845778340264
42	0.0463715935191508
42	0.0471372006787757
42	0.0475894245723173
42	0.0458010251018531
42	0.0469300686329067
42	0.0456333104438479
42	0.0445871559633028
42	0.0461407353299245
42	0.0444402420574887
42	0.045990635927221
42	0.0463802943826975
42	0.0470690511674118
42	0.0447048611111111
42	0.0455167267752767
43	0.0454743661620881
43	0.047201285061164
43	0.0448293428425879
43	0.0468957660907538
43	0.0474591306551768
43	0.0456843287773825
43	0.0444500889001778
43	0.0458467482292337
43	0.0474578396338788
43	0.0447576172767012
43	0.0442833648047755
43	0.0466650074664012
43	0.0462676962676963
43	0.046724970949789
43	0.0452298113898553
43	0.0463426256850131
43	0.0475459180539345
43	0.0464189354917832
43	0.046707603867259
43	0.0459785890749382
43	0.0460800403989395
43	0.0456014143754191
43	0.0452768318829613
43	0.048538195535995
43	0.0470535080358872
43	0.0448051948051948
43	0.0471811515807188
43	0.0465281477535074
43	0.0450859356088114
43	0.0438996935776374
43	0.0462424167388882
43	0.0480485898129773
43	0.0468768380190566
43	0.0497409973163577
43	0.0458467157881479
43	0.0463974151857835
43	0.0467389136360614
43	0.0460296965784377
43	0.0455806329592737
43	0.0458879252014517
43	0.0461642074328047
43	0.0473512336719884
43	0.0464380614956346
43	0.0470857567132781
43	0.0466210987877225
43	0.0465710116731518
43	0.0453634085213033
43	0.0458349182198555
43	0.0475893469718705
43	0.046332284533284
43	0.0451522362560254
43	0.0475486573047549
43	0.0451916124367317
43	0.0475290963378222
43	0.046078243665837
43	0.046289097542013
43	0.0473810957254666
43	0.0458263095461073
43	0.0456823062406455
43	0.0455624423051563
43	0.0471099015033696
43	0.0464757000321854
43	0.0453981318178849
43	0.0448701789765566
43	0.0458830139209689
43	0.0478837109876015
43	0.0465087046697253
43	0.0441398307863842
43	0.0465572939760562
43	0.0480268056589725
43	0.0457682291666667
43	0.0478769767152285
43	0.0480248917748918
43	0.04925923610677
43	0.0474074074074074
43	0.0480679193457769
43	0.046408019305736
43	0.0456668396471199
43	0.0463827667787324
43	0.048441583274906
43	0.0450766124242784
43	0.0480733944954128
43	0.04623014701541
43	0.0461075638506876
43	0.0466334164588529
43	0.0453291761602111
43	0.0471564709498924
43	0.0465273509526736
43	0.0463576158940397
43	0.0465174597203937
43	0.0458411243138911
43	0.0468396619450065
43	0.0458516718123891
43	0.0466679111442972
43	0.0444254069269367
43	0.0478677110530896
43	0.0492374727668845
43	0.0472179380709455
43	0.0444747274529237
43	0.0456231454005935
44	0.0465997234080933
44	0.0469984668003302
44	0.0480178017216139
44	0.0465014119861939
44	0.0456229284460909
44	0.0464436892625052
44	0.0466546561471082
44	0.0454356723411828
44	0.0457651557896057
44	0.0450690274252461
44	0.0468221362977284
44	0.046243865609664
44	0.0487439070116235
44	0.0459808580416304
44	0.0459740757295192
44	0.0458949198857285
44	0.0476669229404459
44	0.0462584177733023
44	0.0450617283950617
44	0.0465490523304327
44	0.0465739759336617
44	0.0463757749165475
44	0.0450629982000514
44	0.0456152970089313
44	0.0473182134057742
44	0.0463949843260188
44	0.0473790322580645
44	0.0453700260319821
44	0.0469554680399879
44	0.0489283259388865
44	0.0464946445959104
44	0.0455188534169896
44	0.0468815403934701
44	0.0445730272779297
44	0.0461377356166071
44	0.0460673439396844
44	0.0456400742115028
44	0.0471808086385668
44	0.0471657819269022
44	0.0450264482002322
44	0.0458521870286576
44	0.0464771322620519
44	0.0460069444444444
44	0.0467821933745637
44	0.0449387491940683
44	0.0455665024630542
44	0.0480471360019438
44	0.0467160617857591
44	0.0460832276378571
44	0.0468673218673219
44	0.0461846094304328
44	0.0489795918367347
44	0.0468594836146971
44	0.0473546103618722
44	0.0461866098762146
44	0.0466852226720648
44	0.0459776969407836
44	0.0464998094270105
44	0.0451424752415092
44	0.0459980478282089
44	0.0484855669492028
44	0.0471028274375555
44	0.0452667283379587
44	0.0453703703703704
44	0.0454096132460151
44	0.0450551504954197
44	0.0452565343659245
44	0.0475531844826451
44	0.0464281367895826
44	0.0465867158671587
44	0.0460067356266538
44	0.0476250791640279
44	0.0476071784646062
44	0.0458511342439377
44	0.0460732984293194
44	0.0466647076109315
44	0.0437820512820513
44	0.0473880376264568
44	0.0472565617197491
44	0.0466785290628707
44	0.0453873629757359
44	0.0463714351959193
44	0.0445280652242082
44	0.0469608145634064
44	0.046648443071072
44	0.0462257506882643
44	0.0453576864535769
44	0.0478677110530896
44	0.0484374044400954
44	0.0454343549717622
44	0.0466324301989257
44	0.0458657954259864
44	0.0443561310172425
44	0.0477712558842332
44	0.0458994467748799
44	0.0468498576556505
44	0.0453968253968254
44	0.0463095238095238
44	0.0446653095437672
44	0.0460053132897039
45	0.045907936311257
45	0.0459053202769288
45	0.0450629145230273
45	0.0472004816375677
45	0.0476869249708436
45	0.0486111111111111
45	0.0466637592673354
45	0.0453847138650621
45	0.0452741255271645
45	0.0466563944530046
45	0.046648324162081
45	0.0455536709474194
45	0.0468353683713797
45	0.0448940500419011
45	0.0467753366406804
45	0.0452834769940512
45	0.0476071160110248
45	0.0477023278253528
45	0.0460963455149502
45	0.0457570225546199
45	0.0478986970086254
45	0.0461432506887052
45	0.0451382474290289
45	0.0468065213580319
45	0.045366129133463
45	0.0477776432118203
45	0.0467532467532468
45	0.0461409395973154
45	0.0474674384949349
45	0.0453172205438066
45	0.0431546647515832
45	0.0477767555964428
45	0.0453348382242287
45	0.0453254046911133
45	0.0462996941896024
45	0.0469761075161772
45	0.046530612244898
45	0.0475665748393021
45	0.0453159041394336
45	0.0480603576308442
45	0.0448640116561438
45	0.0473021582733813
45	0.0472420999303401
45	0.0473792202947211
45	0.0450913595540415
45	0.0454212900865748
45	0.045724066263219
45	0.0471555528686295
45	0.0461015757717767
45	0.0462794348508634
45	0.046514318773503
45	0.0462974486621033
45	0.0465130798526566
45	0.0471842676541949
45	0.0455912426320221
45	0.0461203244159303
45	0.0462908783564138
45	0.0468009478672986
45	0.0443851851851852
45	0.0465324652051849
45	0.0468674407353653
45	0.0464991344833761
45	0.0452474370332869
45	0.046317680266872
45	0.0474423696855422
45	0.0458648001473568
45	0.0463318112633181
45	0.0434697855750487
45	0.0447139753801593
45	0.0466104342393002
45	0.0464589235127479
45	0.0462254526906401
45	0.0483734939759036
45	0.0446780551905388
45	0.0443568260226713
45	0.0471951729493996
45	0.0454461934219391
45	0.0469550194360462
45	0.0465102535311152
45	0.0467689674145626
45	0.046403855659911
45	0.0483717989250711
45	0.0463592381652275
45	0.0457516339869281
45	0.0476247528904331
45	0.0452197206454493
45	0.046110765401369
45	0.0464608668537574
45	0.0470160557406846
45	0.0452166754865644
45	0.0448250728862974
45	0.0460019267822736
45	0.0487071172555044
45	0.0464468484809225
45	0.0456500956022945
45	0.0476973684210526
45	0.0444632392919712
45	0.0444101297096973
45	0.0462619224398881
45	0.0466383625879222
46	0.0466350710900474
46	0.0487066093172593
46	0.0456606625519587
46	0.0454629005575639
46	0.0447841404430644
46	0.0456098924998447
46	0.0441111601235112
46	0.0474055092889174
46	0.046000603682463
46	0.0443340577460416
46	0.0470187597084478
46	0.0454439930354034
46	0.0466686765149231
46	0.0495783744991328
46	0.0472947876686889
46	0.0455617628801986
46	0.0462531373252062
46	0.0456575682382134
46	0.0466450486405587
46	0.0474269005847953
46	0.0457859614434009
46	0.0468077366155339
46	0.0451564549372307
46	0.0465504893769396
46	0.0448384364032434
46	0.0453625942499847
46	0.0474040632054176
46	0.0461796288250264
46	0.0455153949129853
46	0.0455196463042531
46	0.0446589137993046
46	0.0470242468772961
46	0.0482007461788422
46	0.0461693071648144
46	0.0457832730666045
46	0.0481498774366756
46	0.0468808135929555
46	0.0455736306586243
46	0.0457427815058795
46	0.0474981870920957
46	0.0457754906653901
46	0.0469131169074873
46	0.0452656479764721
46	0.0454463044660664
46	0.0445297965552422
46	0.0459514302546311
46	0.0465543243066028
46	0.0465870829507193
46	0.0460935143288084
46	0.04604676066393
46	0.0437294241878378
46	0.0492017330405365
46	0.0460188611674824
46	0.0461736571008094
46	0.0459514656415185
46	0.0459776969407836
46	0.0467776096822995
46	0.0472576750603656
46	0.0468049988210328
46	0.0485310634273216
46	0.0458416379778945
46	0.045111441307578
46	0.0456894526661969
46	0.0458694261961514
46	0.0453170413429029
46	0.0463320463320463
46	0.0478314455073655
46	0.0470997406272106
46	0.0472610096670247
46	0.0468779181970989
46	0.0464165464165464
46	0.0459470421229503
46	0.0466808318846179
46	0.0458686969545681
46	0.045943482224248
46	0.0472552015986834
46	0.0466724286949006
46	0.0449555671719812
46	0.0482942232679091
46	0.0473724029564104
46	0.0452036110930701
46	0.0446913426128207
46	0.0459988144635448
46	0.0440650304437888
46	0.046860586679786
46	0.045929939516129
46	0.047246956205706
46	0.0461548215304634
46	0.0456124549665466
46	0.0466383284439921
46	0.0471400163761843
46	0.045172454946891
46	0.0462805912284953
46	0.0464901477832512
46	0.0453577245959153
46	0.0461014475124681
46	0.0461804554626694
46	0.0481913085700413
46	0.0452672439534189
46	0.0468012832609926
47	0.0458111264147554
47	0.047754854368932
47	0.0455095618494311
47	0.0478343645882913
47	0.0466802340371407
47	0.0476864385921733
47	0.043581667416597
47	0.0471686294161864
47	0.0456816130003009
47	0.0459560981335838
47	0.0452542057235086
47	0.0449651290835678
47	0.046602966176212
47	0.045385038840296
47	0.0473060982830077
47	0.0461124401913876
47	0.0468528995756719
47	0.045594504973946
47	0.0458902838765539
47	0.0472960697632169
47	0.0449609565641776
47	0.046109682435261
47	0.0448744339234253
47	0.0470595360668645
47	0.0451047709245886
47	0.0464812173086067
47	0.0467801802863371
47	0.0458387903321824
47	0.0466324301989257
47	0.0451312092773029
47	0.0453398915373944
47	0.0439001018146973
47	0.044935358353207
47	0.0455488929889299
47	0.0472401478604097
47	0.0458253664754621
47	0.0487428842504744
47	0.0462827097089753
47	0.0457759137207909
47	0.0460200507307646
47	0.0456532010394519
47	0.0455419370343667
47	0.0444744763191842
47	0.046237965054083
47	0.0455197356113986
47	0.0452097757263743
47	0.0455982797875032
47	0.0447788585061479
47	0.0464682860160278
47	0.0458006393490264
47	0.0464079556495399
47	0.0460124518233027
47	0.0456028026093259
47	0.0473568281938326
47	0.0456444669536592
47	0.0466335852035638
47	0.0453131419850913
47	0.0453954294915464
47	0.0465469110328923
47	0.0478162879941524
47	0.0466079138818241
47	0.0461368788677164
47	0.0464211015570532
47	0.0473643549058061
47	0.0462458550450024
47	0.0475961827021187
47	0.0468603561387067
47	0.0466225481428486
47	0.0451165721487083
47	0.0459387087176436
47	0.0451132265121504
47	0.0458825646254423
47	0.045478551728185
47	0.047676282051282
47	0.0454545454545455
47	0.0447026738602004
47	0.0469492034866246
47	0.0463055343623452
47	0.0454928390901432
47	0.046417883100226
47	0.0467289719626168
47	0.0456868049293658
47	0.0443790686029044
47	0.0469790531541349
47	0.0459407329475715
47	0.04688696471697
47	0.0463070438023092
47	0.0477370233850988
47	0.0437872996714276
47	0.0469318247416729
47	0.0467896763809852
47	0.0457949662369552
47	0.0471449487554905
47	0.0467306868921647
47	0.0474463961992874
47	0.0471715610510046
47	0.0472436312290404
47	0.0455007473841555
47	0.0456144465290807
47	0.046576336801355
48	0.0450797793463432
48	0.0461687350563589
48	0.0465380967435979
48	0.04527213443692
48	0.0456255009556693
48	0.0443516669692019
48	0.0476423460338817
48	0.0452251797653589
48	0.0465723859828477
48	0.0478061558611657
48	0.0466423488608503
48	0.0480837056195627
48	0.0462469298508357
48	0.0466911986487302
48	0.0479773657596918
48	0.0451581743540208
48	0.0465005649045609
48	0.046020974706971
48	0.044873371035161
48	0.0478998237189229
48	0.046145360951097
48	0.0467888276107454
48	0.0453268173488088
48	0.0467139367216827
48	0.0469583778014941
48	0.0473354803427113
48	0.0468513560703061
48	0.0449308755760369
48	0.0473282442748092
48	0.0457433290978399
48	0.0453002530395606
48	0.0464140229601284
48	0.0456618300266509
48	0.0447302856480677
48	0.0445621132793908
48	0.0458677191723478
48	0.0459351503759398
48	0.0470766434413814
48	0.0476702103596471
48	0.0459189735059998
48	0.0453323088743757
48	0.047007021301916
48	0.0464300828244967
48	0.0458639488030339
48	0.0473627556512379
48	0.0463980463980464
48	0.0460644542949563
48	0.0450593349782634
48	0.045443258008443
48	0.0472791105909889
48	0.046321365509123
48	0.0464544816288322
48	0.0466480771465087
48	0.0455635491606715
48	0.046908315565032
48	0.0461997019374069
48	0.0457453228726614
48	0.0454236450157592
48	0.0463929757949691
48	0.0475568181818182
48	0.0454291911992563
48	0.0469491927825261
48	0.0462912993943755
48	0.0477170658682635
48	0.0473644447027373
48	0.0452799801783944
48	0.0468482845092899
48	0.0453028135431569
48	0.0457834114718991
48	0.0460652591170825
48	0.0467722289890378
48	0.046338002097859
48	0.047465661845144
48	0.0470845215702931
48	0.0455181646686545
48	0.0461618257261411
48	0.0470737913486005
48	0.0461279055762977
48	0.0476954145877881
48	0.0445407279029463
48	0.0441827931918862
48	0.0468095153768963
48	0.0471300836458033
48	0.0466085874299938
48	0.0473556861389561
48	0.0474874371859296
48	0.0461852207293666
48	0.0473566990974095
48	0.0463745684010001
48	0.0474986454758895
48	0.0471923188827466
48	0.0459456319702602
48	0.047062423500612
48	0.0460915967864892
48	0.0443558282208589
48	0.0456276099238516
48	0.045513963161022
48	0.0471249211718168
48	0.0481039325842697
48	0.0464717025811035
49	0.0452215857702743
49	0.0449526813880126
49	0.047355623100304
49	0.0462591456219023
49	0.0464798765285528
49	0.0481292815738626
49	0.0467082628724707
49	0.0451118677042802
49	0.0454462714641102
49	0.0467225347262082
49	0.0469419324131366
49	0.0449092393693863
49	0.0467110391557235
49	0.0461354819456879
49	0.0468087577675823
49	0.0463050686878257
49	0.0477617201268946
49	0.0458319922755069
49	0.0443355640535373
49	0.0457859434237387
49	0.0457243608580664
49	0.0455053389620065
49	0.0464815250647211
49	0.0465875370919881
49	0.0459901406757244
49	0.0463001485884101
49	0.046799928821401
49	0.0460885737533419
49	0.0457473458189192
49	0.0457089002768451
49	0.0465665112530939
49	0.0448977199460758
49	0.0455059860623027
49	0.0468998879122176
49	0.0451261327455302
49	0.0451346478217879
49	0.0454987834549878
49	0.0462116830537883
49	0.0448472720852216
49	0.0466189706900531
49	0.0450611585506577
49	0.0451666865814315
49	0.0466932926113004
49	0.0456024166376205
49	0.0449110527850685
49	0.045227326826946
49	0.0477863242686694
49	0.0457707799340901
49	0.0444072835377183
49	0.0450939457202505
49	0.0454351665753091
49	0.0484943765872536
49	0.0485477178423237
49	0.0466627288836385
49	0.0444993037093303
49	0.0475938033810449
49	0.0472874963736583
49	0.0470999466793056
49	0.0460755899923109
49	0.0452100939660777
49	0.047935368043088
49	0.0479759198967996
49	0.0467786776260123
49	0.0459515911045583
49	0.0490651350360503
49	0.0468306242069007
49	0.0457482404522903
49	0.0472179683511996
49	0.0451663546887265
49	0.0470743247289932
49	0.0474148201096021
49	0.0464951616709936
49	0.0459937944880453
49	0.0460388639760837
49	0.0463224893917963
49	0.0460205739036275
49	0.0465675692345649
49	0.0465226118786161
49	0.0458429984128922
49	0.0451840942562592
49	0.0450893691225011
49	0.0466333294569136
49	0.0446189541317152
49	0.0463476652797041
49	0.0462751233602118
49	0.0449544540399858
49	0.0465551526494327
49	0.0470990177536453
49	0.0465954125135103
49	0.0470161673799334
49	0.0466014418125644
49	0.046458141674333
49	0.0464182365794602
49	0.0456367007596148
49	0.0458571262090665
49	0.0475081509082441
49	0.0469880859592473
49	0.0444203683640303
49	0.0427063056686132
49	0.0459811085368027
50	0.0458468176914779
50	0.0451693072382728
50	0.0465060957478442
50	0.046092413006275
50	0.0459078195305849
50	0.0468490624039348
50	0.0461584099673687
50	0.0450684285040113
50	0.0468651768874664
50	0.0476245454020666
50	0.0464631604756651
50	0.0450133968442989
50	0.0476218198754148
50	0.0452359138799817
50	0.0462984054669704
50	0.0455065172650354
50	0.0456020077125543
50	0.0454545454545455
50	0.0459286476235629
50	0.046759739072121
50	0.0466150646950092
50	0.0462957344821309
50	0.047945205479452
50	0.0454652810581011
50	0.0452192538823109
50	0.046033825631253
50	0.0461033833444694
50	0.0473347285485658
50	0.0464304725853197
50	0.0450551394704252
50	0.0464209780297661
50	0.0463834122370708
50	0.046479600619728
50	0.046821008984105
50	0.0482412646561279
50	0.0446134499071801
50	0.046884997964051
50	0.0462382912714039
50	0.0470263605941408
50	0.0468972051160587
50	0.0447288393309681
50	0.0457351125742167
50	0.0470286702032545
50	0.0461088215970853
50	0.0452188940092166
50	0.0480346820809249
50	0.0469013674716322
50	0.0449700598802395
50	0.0482165262591862
50	0.0484169101425079
50	0.0467780429594272
50	0.0459008773458834
50	0.0457800354978885
50	0.0453177660086663
50	0.0469998250626859
50	0.0439932318104907
50	0.0446757499561429
50	0.0465238456599148
50	0.0468768661172817
50	0.0451172809956917
50	0.045650301464255
50	0.0470627503337784
50	0.0453510768691998
50	0.0454438149197356
50	0.0485702870840705
50	0.0456014573661633
50	0.0465368617758756
50	0.0461863439141356
50	0.0460472697636512
50	0.0454363376251788
50	0.0479104132994689
50	0.0455505987320967
50	0.0457139424520935
50	0.0458742402992052
50	0.0451908396946565
50	0.0468153047841706
50	0.0462138763565419
50	0.0486213687838503
50	0.0469165798912415
50	0.0455450181477579
50	0.0457105973477291
50	0.0455339321357285
50	0.047056800596091
50	0.0471201089208548
50	0.0459851851851852
50	0.0460285132382892
50	0.0437906891045326
50	0.0456478091413724
50	0.0453662842012357
50	0.0474548049476689
50	0.0447638603696099
50	0.0456486437721778
50	0.0457609927808603
50	0.0464919183969974
50	0.0458470522457601
50	0.0473904202440127
50	0.045031504711255
50	0.0463850578267054
50	0.0451620591039085
50	0.0470712524944242
51	0.046539027982327
51	0.0452440327752048
51	0.0443748849199043
51	0.0441053760877339
51	0.0464945897204689
51	0.0451778467414657
51	0.0457586754366069
51	0.0464363486551704
51	0.0456529432582281
51	0.0457270910302223
51	0.0472638200745978
51	0.0477432661975249
51	0.0473311452755225
51	0.0462627103526194
51	0.0475730362623622
51	0.0450396348786933
51	0.0454361990428415
51	0.0454875393176869
51	0.0465331635605973
51	0.0456551156086368
51	0.0446476600322754
51	0.0462542234649889
51	0.0471981615697366
51	0.0452875674434623
51	0.0460850624785051
51	0.0461003719739008
51	0.0473454240737415
51	0.0449324109919401
51	0.0456992393212405
51	0.0450466512153087
51	0.0468246663598711
51	0.04688995215311
51	0.046407986214273
51	0.0463263499557392
51	0.0467133201746516
51	0.0447129538763494
51	0.046479579052869
51	0.0419322584676915
51	0.0464526540257046
51	0.0455533936133684
51	0.0478937248732739
51	0.0443560358648536
51	0.0447639559927819
51	0.0453535411087687
51	0.0453913849004169
51	0.0456280567815818
51	0.0457691189299215
51	0.0458969190901238
51	0.0461004811457984
51	0.0459136253795155
51	0.0473133618640038
51	0.0470380086632908
51	0.0468640708789928
51	0.0460253423489971
51	0.0465560117980452
51	0.0456107648395177
51	0.0455228817126706
51	0.0451008995866764
51	0.045916884626562
51	0.0451053892951515
51	0.0444765865123847
51	0.0467569835751109
51	0.0466696873584051
51	0.046442750015754
51	0.0446288945025863
51	0.046629953310188
51	0.0457153101470061
51	0.0456773747044236
51	0.0471145804293281
51	0.0468849608809041
51	0.0464337003350886
51	0.0463523994183228
51	0.0457047140464226
51	0.0470676778787703
51	0.047254004576659
51	0.0439479499140683
51	0.0443334937439846
51	0.0475690800979363
51	0.0459245742092457
51	0.0466099241503098
51	0.0463785394932936
51	0.0460883262353422
51	0.0468377261883982
51	0.0479418590448272
51	0.0469833867677062
51	0.0458952441053296
51	0.0464346833998859
51	0.0456119040388703
51	0.0468055635713049
51	0.0456338691632809
51	0.0451593684837653
51	0.0459836682689523
51	0.04542269967305
51	0.0451084113236064
51	0.0469618106322007
51	0.0471533985242066
51	0.0474257134451309
51	0.046115347950429
51	0.0440864773208987
51	0.0462503564299971
52	0.0453795379537954
52	0.0472501478415139
52	0.045586148169174
52	0.0442864634928034
52	0.0460794147147324
52	0.0455128205128205
52	0.0475415356982488
52	0.0476000228297472
52	0.046872193953906
52	0.0470400755474237
52	0.0482166832058841
52	0.0450771055753262
52	0.0459370314842579
52	0.045868367642795
52	0.0466508595139301
52	0.0464694136866945
52	0.045869478936327
52	0.0449939197405756
52	0.0459414561493957
52	0.0469749588740632
52	0.0458460840983792
52	0.0465867700622724
52	0.0453043321516554
52	0.0461973782987815
52	0.0466461974492206
52	0.0455352224738356
52	0.0451366815003179
52	0.0466237942122186
52	0.046689009592049
52	0.046167097329888
52	0.0460861917326297
52	0.0452084773093757
52	0.0468373958654736
52	0.0461028584955909
52	0.0453374549201443
52	0.0466372400975723
52	0.0461220743460303
52	0.0467843114263939
52	0.0449619552686189
52	0.0455572737004877
52	0.0436425697915397
52	0.046523488411628
52	0.0463302485303533
52	0.0472914378215876
52	0.0452555608140085
52	0.046795827123696
52	0.0466919265520256
52	0.0467437270933183
52	0.0451469971857973
52	0.0444064398183641
52	0.0445382648510436
52	0.0471576981440411
52	0.0456407255705091
52	0.0458113649677797
52	0.0450669914738124
52	0.0469239979474314
52	0.0477523276403724
52	0.0455348727615457
52	0.046773544791128
52	0.0445219412961348
52	0.045669577874818
52	0.0459051215482653
52	0.045428538734409
52	0.0450333580429948
52	0.0465953985591448
52	0.0453235377225205
52	0.0454467988411066
52	0.046148507980569
52	0.0452982688943845
52	0.0451297928078114
52	0.0455669984465796
52	0.0455570055759877
52	0.04740697333724
52	0.0451416878526694
52	0.0471753057658707
52	0.0465975917110053
52	0.0469472575074636
52	0.0459021960606747
52	0.0466318165617203
52	0.0451868765773345
52	0.0461792842801464
52	0.0454676924856829
52	0.0454122572392139
52	0.0438487484466537
52	0.0484545186929644
52	0.0463286713286713
52	0.0443329150982852
52	0.0445003216186188
52	0.0462677000174815
52	0.0458407079646018
52	0.0460364063417499
52	0.0458534317428953
52	0.0462604678024834
52	0.0483778186838472
52	0.0459908499879605
52	0.04604676066393
52	0.0458440948579479
52	0.0466732869910626
52	0.0450343683337284
52	0.0452931245269838
53	0.0457371999767536
53	0.046488451166608
53	0.0466005912015302
53	0.0444794217092223
53	0.0476744186046512
53	0.046653497559842
53	0.0461891050126344
53	0.0443071182883461
53	0.0451101321585903
53	0.0447349484288798
53	0.0444003037915523
53	0.0471670302458581
53	0.0465628076678056
53	0.0469240609373183
53	0.0457437867691199
53	0.0448931116389549
53	0.0453655728267127
53	0.0438324055083504
53	0.0445654720074959
53	0.0443395139928596
53	0.0470040103798066
53	0.048754257035311
53	0.0460706254178569
53	0.0453050152940497
53	0.045527298595056
53	0.0470500800365882
53	0.046148507980569
53	0.0457992653157957
53	0.046560545764639
53	0.0446387216303844
53	0.0474214923653126
53	0.0454624528848942
53	0.0471610660486674
53	0.0441533811414686
53	0.0464570086498253
53	0.0447340612891863
53	0.0459253712716835
53	0.0467882632831086
53	0.0465564577370174
53	0.0450631458094145
53	0.045472407792062
53	0.0454220314735336
53	0.0454570963578203
53	0.045645821157218
53	0.0462925030725113
53	0.0449048087494937
53	0.0444927370467803
53	0.0451741761146684
53	0.0460565212250207
53	0.0463222908478383
53	0.0480088883691012
53	0.0448118719326946
53	0.0468304519259933
53	0.046386690543585
53	0.0458882326215357
53	0.046387258036389
53	0.0455853064837353
53	0.0473160573808422
53	0.0463693068141697
53	0.0459596253417884
53	0.0465012545302481
53	0.0451937712211685
53	0.0478393183201461
53	0.0453790485229565
53	0.0463299743605032
53	0.0484416740872663
53	0.0461018585566015
53	0.0456746193781718
53	0.0463109205776173
53	0.0452969593634555
53	0.0454545454545455
53	0.0458283704838069
53	0.0467733427114472
53	0.046031654008928
53	0.0456026058631922
53	0.0474035393095445
53	0.0466670609806589
53	0.0471138489618982
53	0.0455693229197252
53	0.045137464095199
53	0.0465738161559889
53	0.0460446598580578
53	0.0450795169197656
53	0.0472846441947566
53	0.044563383559253
53	0.0445235975066785
53	0.0435971961018978
53	0.046456835618921
53	0.0454259756585338
53	0.0452246701156775
53	0.0466300260341336
53	0.0464771040310609
53	0.0454287658802178
53	0.0462394910247671
53	0.0462211477580153
53	0.0467685614517145
53	0.0458111264147554
53	0.0465608465608466
53	0.0435082872928177
53	0.0449890487184041
54	0.047240438744124
54	0.0469220575834237
54	0.0461937308508131
54	0.0460912788070493
54	0.0458263240327165
54	0.043604990089775
54	0.0455096736933295
54	0.0457564575645756
54	0.046992371746346
54	0.0464196381827701
54	0.0471736956649609
54	0.0456266796970437
54	0.0453551283527109
54	0.0448489720914207
54	0.0452417148069322
54	0.0452742520398912
54	0.0451918347270044
54	0.0459248189447063
54	0.04434817306048
54	0.0452241041594654
54	0.047478773176226
54	0.0453638497652582
54	0.0459104717143348
54	0.044548585624753
54	0.0454252765907627
54	0.045467398065939
54	0.0450707505968672
54	0.0448626011129597
54	0.0456429078853895
54	0.046018523912157
54	0.046398891966759
54	0.0462612743671807
54	0.0455236058747397
54	0.0457330659536542
54	0.0464954490115369
54	0.0462275729063176
54	0.0459174866217849
54	0.044180269694819
54	0.0463087248322148
54	0.0450353977036112
54	0.0451501154734411
54	0.0455043192602506
54	0.0450345069598783
54	0.0474435196195006
54	0.0468054814023848
54	0.0459616502033701
54	0.0462508759635599
54	0.0464263552772607
54	0.0464591790708164
54	0.0470478630487947
54	0.0449412699313397
54	0.0466552315608919
54	0.0450419592395958
54	0.04648827455845
54	0.0469051941207472
54	0.0467242254951752
54	0.0451008236296507
54	0.0449491930663479
54	0.0488332384746727
54	0.0469326568265683
54	0.0468043150446584
54	0.0470082955815732
54	0.0460210381888864
54	0.0444172779136104
54	0.0457638652602926
54	0.0456489855780983
54	0.046890812998988
54	0.0438021454112038
54	0.0460816137259448
54	0.045069467976957
54	0.0450828729281768
54	0.0460593654042989
54	0.0455445544554455
54	0.0459743692891213
54	0.0458818893204977
54	0.0471341286005237
54	0.0465493283927744
54	0.0454061922624713
54	0.0464198121672549
54	0.0458237633746009
54	0.0469067084130573
54	0.045973116457698
54	0.0454545454545455
54	0.0470793865584123
54	0.0461415616266469
54	0.0456505490714655
54	0.0468330572848249
54	0.0466737299949813
54	0.044866565668337
54	0.0437004708854944
54	0.0468712682111297
54	0.04525470426168
54	0.04642166344294
54	0.0463224494407412
54	0.0465984278685743
54	0.0446914164104989
54	0.0450836044056383
54	0.0457629067494538
54	0.046457088614663
54	0.0446378121821675
55	0.046756006848102
55	0.0446807338438654
55	0.0461269656377402
55	0.0455883201569623
55	0.0464263897373244
55	0.0465541101577636
55	0.04483808469416
55	0.0459679685304861
55	0.0452053261720935
55	0.0463814474210316
55	0.0459508378583523
55	0.0455625990491284
55	0.0475535351118555
55	0.0473523421588595
55	0.0449340231354996
55	0.0449728032299669
55	0.0453534143419476
55	0.0458416690482995
55	0.046916813756192
55	0.0468233246301131
55	0.0465169438253615
55	0.0458183990442055
55	0.0469467401285583
55	0.0465129716299763
55	0.0453061224489796
55	0.046674305011156
55	0.0459302972942879
55	0.045719563585984
55	0.0455983726974799
55	0.0464101091326824
55	0.046103053885155
55	0.0468798898416474
55	0.0457415059687787
55	0.0467892098352829
55	0.0454986031130623
55	0.0451834862385321
55	0.0446930752948292
55	0.0468741207585392
55	0.0460669274228596
55	0.0462352138307552
55	0.0454443948191157
55	0.0461297888975762
55	0.0463226330759854
55	0.0460009246417013
55	0.0477620560207912
55	0.0462073931829093
55	0.0460590707582475
55	0.0461317227494967
55	0.0465209430075532
55	0.0462124821343497
55	0.0462838036018068
55	0.0470893371757925
55	0.0456778570593052
55	0.0472242867760563
55	0.0443669876528623
55	0.0468706303484535
55	0.0464299648849005
55	0.0457430384813311
55	0.0458632584968614
55	0.0448802999711566
55	0.0446127448079995
55	0.0441552537364323
55	0.0475445004928393
55	0.0467368185380051
55	0.0460131805497833
55	0.0451529464687359
55	0.0454262248654772
55	0.0449846971184385
55	0.04666818804199
55	0.0468329034107194
55	0.0465328988738353
55	0.0452852852852853
55	0.0457379246052555
55	0.0468506298740252
55	0.0452838775742405
55	0.0449236298292902
55	0.0456007675376714
55	0.0453829551420405
55	0.0458419205703782
55	0.0445900498666357
55	0.0445511456877165
55	0.044465734896303
55	0.0441069699903195
55	0.0448772709152002
55	0.0439313680331644
55	0.0463649635036496
55	0.047438548127728
55	0.044921875
55	0.046016713091922
55	0.0441125188887597
55	0.0443871874451016
55	0.0462294305670652
55	0.0459248602888286
55	0.0457858769931663
55	0.0455920365176264
55	0.0444958104594048
55	0.0438263073024649
55	0.0451234778650279
55	0.0449733902567402
55	0.0468826705940108
56	0.044407707216965
56	0.0459051481356314
56	0.0458338162011821
56	0.0439369348481335
56	0.0455480626357298
56	0.0464720884103145
56	0.0469696079007701
56	0.0451251273921413
56	0.0478399374056894
56	0.046430382599876
56	0.0440878280516772
56	0.046130703660371
56	0.0463221601489758
56	0.0461671969916112
56	0.0454327786424039
56	0.0453519855595668
56	0.046904422253923
56	0.0462822030554146
56	0.0462874217736934
56	0.0467961280361067
56	0.0454894094046846
56	0.0450707575217029
56	0.045828837526265
56	0.0463040915979121
56	0.0458094144661309
56	0.0460906263882719
56	0.0451538015089959
56	0.0474106491611962
56	0.0464401570770019
56	0.0451204342417732
56	0.0449527260374795
56	0.045462422736988
56	0.0463735077089207
56	0.0453671229777124
56	0.0456499604027605
56	0.0465634399019717
56	0.0455866961274567
56	0.0450749342180529
56	0.0466887609744753
56	0.0448531971683881
56	0.0455201509936716
56	0.0451250351222253
56	0.0468813935815748
56	0.0456353849754271
56	0.0459246275197195
56	0.0464007888681933
56	0.0455747482135824
56	0.0468324155959731
56	0.0458250213736107
56	0.0470456454774573
56	0.0468087544402429
56	0.0441982438564441
56	0.0459776444028413
56	0.0460477574514162
56	0.0451724716274389
56	0.0460071380771805
56	0.0453014287373679
56	0.0453749223032152
56	0.0444444444444444
56	0.0464157389409201
56	0.0459986699179783
56	0.0455003258486877
56	0.0452547339945897
56	0.0453383330492586
56	0.0459078302944474
56	0.0467554548030604
56	0.0458579034751245
56	0.0456971514242879
56	0.0463400900900901
56	0.0466482377332412
56	0.0464866089122926
56	0.0481880178098405
56	0.0466573816155989
56	0.0457993167737826
56	0.0473899177530353
56	0.0459070481824905
56	0.0455244176421899
56	0.0450814934689631
56	0.0444047619047619
56	0.045457062178174
56	0.0457856982739296
56	0.0469928983577452
56	0.0450760002329509
56	0.0465049436652104
56	0.0445535870899842
56	0.0481415522490952
56	0.0455623306233062
56	0.0457755052349647
56	0.0463860667634253
56	0.0454410630598564
56	0.0473212776744972
56	0.0469810040705563
56	0.0454149422783707
56	0.0464634009640175
56	0.0452677246260989
56	0.047681022243256
56	0.0469847692912943
56	0.0479528064949477
56	0.0465870964193389
56	0.0450898869824911
57	0.0454989684004778
57	0.0453232111495099
57	0.0444508009153318
57	0.0463841574821713
57	0.046307250295758
57	0.0455150078075299
57	0.0466027132883011
57	0.0449654547513875
57	0.046771476698484
57	0.0452693786218372
57	0.0449321994943691
57	0.0461257673801228
57	0.0457756590661076
57	0.0455201509936716
57	0.0455529106254058
57	0.0440793063724004
57	0.0468250342622202
57	0.0458314657104437
57	0.0454913294797688
57	0.043866546843406
57	0.046135831381733
57	0.0474145144195906
57	0.0456118094798754
57	0.047640373957342
57	0.0435968918678451
57	0.0439396546779097
57	0.0440197428833792
57	0.0454341485304016
57	0.0458115183246073
57	0.0462720546385885
57	0.0455864777189688
57	0.0466257668711656
57	0.0441044104410441
57	0.0452363877089425
57	0.0445541644624699
57	0.0462591850367401
57	0.0459267359212685
57	0.0456718600596209
57	0.0454519789961041
57	0.0468514696859836
57	0.0454545454545455
57	0.045279990829369
57	0.0456207557025945
57	0.0462669683257919
57	0.0465437279151943
57	0.0452424311404507
57	0.0458460683523201
57	0.0460956894606184
57	0.0440978456014363
57	0.045
57	0.0443776921333031
57	0.0440735734853382
57	0.045172315579607
57	0.0469605301065975
57	0.0461868335651368
57	0.0439515659564559
57	0.044763700909696
57	0.0443884690736076
57	0.0461340055102878
57	0.0456324087927264
57	0.0461410788381743
57	0.0460225370969541
57	0.0458049379957547
57	0.0463235294117647
57	0.0449224220019044
57	0.0446371413606471
57	0.0452941845908729
57	0.045847404269933
57	0.0457651803719471
57	0.0442761962447002
57	0.0453087643594379
57	0.044663475077443
57	0.0467615778515559
57	0.0449223278460468
57	0.0453192950331884
57	0.0480361684091551
57	0.0456055034989918
57	0.0463713056595341
57	0.0475849928484982
57	0.0452205059323931
57	0.0472371292091762
57	0.0470073324617746
57	0.0470961044637491
57	0.0460974922513384
57	0.0468524609081992
57	0.0449039382500423
57	0.0466173005721979
57	0.0453750145806602
57	0.0443950532854619
57	0.0467483180955667
57	0.0443049221109992
57	0.0477325614393552
57	0.0466781214203895
57	0.047091910004787
57	0.0470328457079768
57	0.0477590007347539
57	0.0453019145802651
57	0.0447291654750329
57	0.0461069250089702
57	0.0460552436050139
58	0.04619953800462
58	0.0463872035300607
58	0.0455200230481129
58	0.0453880797800784
58	0.0462513324647637
58	0.0459922672975936
58	0.0453645661497855
58	0.0458234697328373
58	0.0434439178515008
58	0.0460695124795895
58	0.045779352814733
58	0.0463835585329851
58	0.0468101805135105
58	0.0451271663290569
58	0.0468630563885459
58	0.0460736505801244
58	0.0452415389065664
58	0.0461088489992545
58	0.0464258596377047
58	0.0437611562158116
58	0.0453544949026877
58	0.0463256028083098
58	0.0463711974478751
58	0.0444538271307075
58	0.0469454109862529
58	0.0450883866636832
58	0.0447168709865733
58	0.0430561174362827
58	0.0456461858451852
58	0.0458439453577217
58	0.0457730812013348
58	0.0446651532349603
58	0.0453984979262415
58	0.0462667880719326
58	0.0456832701984508
58	0.0476005763049983
58	0.0468380017326018
58	0.043982683982684
58	0.0466172073967445
58	0.0460690455468523
58	0.0456263198844059
58	0.0479143179255919
58	0.0461607746003152
58	0.0459351904491188
58	0.0460171201134071
58	0.0443639387100606
58	0.0448588983742048
58	0.045714915179555
58	0.045317389360751
58	0.045355037889419
58	0.0438153210060871
58	0.0455198574630726
58	0.046244868389278
58	0.0467673027627457
58	0.0446473871131405
58	0.0445326032295916
58	0.0458947121309936
58	0.0464884608998838
58	0.0471038990308767
58	0.0458286267548814
58	0.0464713119337882
58	0.0451860771833247
58	0.0465324384787472
58	0.0466303798888951
58	0.0450938980535419
58	0.0457090618215061
58	0.0440269694001037
58	0.046218487394958
58	0.0467651779290498
58	0.0458212149481425
58	0.0469019701208261
58	0.0449975001388812
58	0.0476323275140833
58	0.0458293599596118
58	0.0452399685287175
58	0.0456676506337906
58	0.0447120477225846
58	0.0471405182634223
58	0.0467091295116773
58	0.0464146904748493
58	0.0452107721584684
58	0.0447943909632185
58	0.045397798206787
58	0.0449937350495501
58	0.0449310716514438
58	0.0445690502341176
58	0.0459560981335838
58	0.0451459606245757
58	0.0450162574279628
58	0.0456585146959838
58	0.0462130937098845
58	0.0462367364890868
58	0.0449486998534281
58	0.0467085181132293
58	0.0471033178614406
58	0.0457005747447129
58	0.045700918582758
58	0.0451938119242135
58	0.0453047775947282
58	0.0473494595985589
59	0.0473211238766921
59	0.0455016075418233
59	0.0461041679124559
59	0.0462911936514934
59	0.04650107746399
59	0.0448602475448893
59	0.0453980801806889
59	0.0466379895856916
59	0.0452836541159306
59	0.0446852482824108
59	0.0457322295175564
59	0.0450352093454883
59	0.0455221005119172
59	0.0455568053993251
59	0.0443984357027835
59	0.0456501089568084
59	0.047433947383246
59	0.0455106720762039
59	0.0459679685304861
59	0.0450231736923416
59	0.044578313253012
59	0.0454855195911414
59	0.0468610863757792
59	0.0461486638221424
59	0.0463252648334157
59	0.0465414413912268
59	0.0454147036266024
59	0.0447149780752366
59	0.044380606202732
59	0.0444884924567779
59	0.0450298845238786
59	0.0446403815227638
59	0.0442201938885424
59	0.0450324457373014
59	0.0462155563306592
59	0.0455887362325423
59	0.0471910112359551
59	0.0457800078931048
59	0.0451114922813036
59	0.0454419813146111
59	0.0459043269512267
59	0.0465610966674545
59	0.0454496208017335
59	0.0463516913614761
59	0.0451221493960241
59	0.0441236157012814
59	0.045527247800754
59	0.0453314168831887
59	0.0461704056197598
59	0.0462677359654534
59	0.0468819351975144
59	0.0462287104622871
59	0.0472758229284903
59	0.0438015568723132
59	0.0454241444654999
59	0.044428855372384
59	0.0476377290814325
59	0.0466163720301768
59	0.044132740335272
59	0.0453301402668491
59	0.0471145804293281
59	0.0456080114449213
59	0.0455921938088829
59	0.0438556677635311
59	0.0450803822993205
59	0.0446702144815352
59	0.0464864248231805
59	0.0470547025512289
59	0.0461736262507686
59	0.0460529939954828
59	0.0449606386517352
59	0.0468994267847837
59	0.0441735629613062
59	0.0449832684184541
59	0.044528964306612
59	0.0473587326379205
59	0.0458420369220347
59	0.0449515509431799
59	0.0440923387336063
59	0.044714740805097
59	0.0464267948930526
59	0.0457142857142857
59	0.0462674961119751
59	0.0456858407079646
59	0.0479735781459919
59	0.0458804156493101
59	0.0454221686482932
59	0.045764201736073
59	0.04490628008381
59	0.0460390803317931
59	0.0452593326726131
59	0.0456497175141243
59	0.0462189553402383
59	0.0448078026391279
59	0.0441767068273092
59	0.0454846910578092
59	0.0466220467936617
59	0.0463649441186234
59	0.0467047223663726
59	0.0465707027942422
60	0.0440810321412404
60	0.0445598219889314
60	0.0458171625700733
60	0.04526503871352
60	0.0445207375823689
60	0.0441143747218514
60	0.0461870177031321
60	0.0466607202586687
60	0.0444394187821564
60	0.0458829505051075
60	0.0443428445521648
60	0.0433626271970398
60	0.0454621614074281
60	0.0456029545576192
60	0.0450455613502206
60	0.0464196154917804
60	0.0454389770521749
60	0.0452693786218372
60	0.0467726847521048
60	0.046654285553492
60	0.0447688564476886
60	0.0461511464670098
60	0.0471094502010079
60	0.0455199115044248
60	0.0446658273578193
60	0.0450147019513499
60	0.0469522240527183
60	0.0465168288046517
60	0.0449794284443456
60	0.0450555555555556
60	0.0462154893243317
60	0.0452866099417824
60	0.0458891013384321
60	0.0454167359840293
60	0.046162310866575
60	0.0452953926526983
60	0.0444703530979347
60	0.0459292470884138
60	0.0458446251129178
60	0.0451631046119235
60	0.0468260415457816
60	0.0454206572231462
60	0.0446163690303066
60	0.0458802049590671
60	0.0452983988355167
60	0.0459111287668123
60	0.0448057316065032
60	0.0467874435558457
60	0.0450177035913
60	0.0446248600223964
60	0.0470073790653184
60	0.0462225235915692
60	0.0452803328953132
60	0.0456424388563555
60	0.0458810692853246
60	0.0455798059964727
60	0.0457850047172429
60	0.0465621099473599
60	0.0472169567465104
60	0.044942554629421
60	0.0443176831943835
60	0.046112215595317
60	0.0450522928399035
60	0.0446148483792262
60	0.0448970145799583
60	0.044891292103188
60	0.045139866043789
60	0.0453596924766612
60	0.044597474995901
60	0.0463623007019644
60	0.0456342482774201
60	0.0466700444744694
60	0.0452371574860744
60	0.0457378204086056
60	0.0461564568131682
60	0.0466504532390007
60	0.0455039686854409
60	0.0450829111008752
60	0.0434709445815571
60	0.0441407125252073
60	0.0460806270996641
60	0.0449357269503546
60	0.043800055233361
60	0.0452612884128949
60	0.0457673778389539
60	0.0455322198335263
60	0.0448163540379647
60	0.0466670474667276
60	0.0462473723083916
60	0.0447243730498093
60	0.0453568732214414
60	0.0453397612488522
60	0.0462487153134635
60	0.0444158891558188
60	0.0475409836065574
60	0.0462672074027532
60	0.0452847277255745
60	0.0438023162481367
60	0.0436215800461488
60	0.0446808510638298
61	0.0455632883862549
61	0.0450332570057791
61	0.0444168173598553
61	0.0469025041167452
61	0.0459906936478736
61	0.0458920976046564
61	0.0457523476741647
61	0.0463937621832359
61	0.047939262472885
61	0.0466644392471322
61	0.04535356272013
61	0.0462046204620462
61	0.0434681947097297
61	0.044748648337743
61	0.0443162020905923
61	0.0454368716325057
61	0.0438934494890266
61	0.0465530107341714
61	0.0449801474758934
61	0.0448488241881299
61	0.0456833351570194
61	0.045756702858409
61	0.0468776442714503
61	0.0471698113207547
61	0.0455310081866098
61	0.0450252580716011
61	0.0459203244013371
61	0.0453741224815935
61	0.0450883866636832
61	0.0453529040766011
61	0.0452720785013381
61	0.0451136494750202
61	0.0459628718407515
61	0.0438663328616523
61	0.045099492559439
61	0.0466866617622093
61	0.04564434021621
61	0.0439272063437732
61	0.0447516930022573
61	0.0460434075486512
61	0.0456755228942906
61	0.0465761020238425
61	0.0455990914253265
61	0.0450036841806949
61	0.0464623955431755
61	0.0454289257129974
61	0.046234073436912
61	0.0470412234042553
61	0.0459563822265731
61	0.04380461572933
61	0.0459993151466728
61	0.0442965995678381
61	0.0453367875647668
61	0.0463460063547716
61	0.0464070151463387
61	0.0459287882969914
61	0.0446149474282467
61	0.0453524921418949
61	0.0456987726938522
61	0.0464312709210668
61	0.0464654061022776
61	0.0445264865469598
61	0.0448831054256727
61	0.0469267471232108
61	0.0467651779290498
61	0.0476470588235294
61	0.0471962113873641
61	0.045578540577404
61	0.0466017268098295
61	0.0466277634384469
61	0.0429651162790698
61	0.0443865707977127
61	0.044339241383292
61	0.0440376051459673
61	0.0461987981696896
61	0.045766974015088
61	0.0470038482682793
61	0.0471473631785734
61	0.0469536686089269
61	0.0450250455373406
61	0.0462988480405666
61	0.0462000333574248
61	0.0453105020292433
61	0.0460629921259843
61	0.044889579402952
61	0.0432812145932472
61	0.0450318732089596
61	0.0446464763448955
61	0.0469611720795499
61	0.0458096790512057
61	0.0463496774930076
61	0.0473156920396385
61	0.045716822015091
61	0.0457560051273477
61	0.0457810657231693
61	0.0464385674301708
61	0.0470501641943155
61	0.0450102295976358
61	0.0453866990988999
61	0.046985517009094
62	0.0456814236111111
62	0.0473223307510946
62	0.0447029307788801
62	0.0452684130812812
62	0.0459958236920819
62	0.0470929583751813
62	0.045644052195571
62	0.0468696739006931
62	0.0468055103590411
62	0.044847692223857
62	0.0452468762041063
62	0.0465178956446744
62	0.0457396613932834
62	0.045772266065389
62	0.0447228205418887
62	0.0468716172331674
62	0.0473211238766921
62	0.0453737165146561
62	0.0462196392346072
62	0.0449036581960346
62	0.0444866707651037
62	0.0452555574506794
62	0.0458565345561743
62	0.0458216489063376
62	0.0461210044379529
62	0.0454346398073133
62	0.0449653062339507
62	0.0450400663166621
62	0.0456855690708697
62	0.04565726390902
62	0.0441511151570323
62	0.0452535059331176
62	0.0468682271348071
62	0.0464463661875036
62	0.0456186412865113
62	0.0448974981645677
62	0.0465193923543487
62	0.0456802383316783
62	0.0455822118197776
62	0.0463190359243817
62	0.0453481894150418
62	0.0451373746184038
62	0.045044034329949
62	0.0443472483667368
62	0.0458394160583942
62	0.0445167077820139
62	0.0464058234758872
62	0.0459047407077676
62	0.0441594614982882
62	0.0453892876863611
62	0.0463286228872264
62	0.04438217988232
62	0.0464609191546461
62	0.0450563920535868
62	0.0461574235554005
62	0.0455913499052503
62	0.045929018789144
62	0.0464584920030465
62	0.0450469798657718
62	0.0459385974849892
62	0.0451357969723954
62	0.0455686735402532
62	0.0466677857982206
62	0.0444815123714206
62	0.0467679149076155
62	0.0458755348534908
62	0.0458406795960891
62	0.0466190214403518
62	0.0472741346898153
62	0.0445614035087719
62	0.045959318306762
62	0.0461640650946529
62	0.0453591160220994
62	0.0467656872241955
62	0.0452065023838245
62	0.0460632327610157
62	0.047010446765948
62	0.0441830207090968
62	0.0471100336106673
62	0.0454317688324704
62	0.0457127400595077
62	0.0475229769110065
62	0.0464505310229178
62	0.0456772648083624
62	0.0464818763326226
62	0.045211150979851
62	0.0448615621731711
62	0.0460494684545115
62	0.0454793325335369
62	0.0466724757651672
62	0.0464947126951267
62	0.0453303596320045
62	0.0459649316886996
62	0.0446216491347133
62	0.0457781733229503
62	0.0466829074839952
62	0.0469858156028369
62	0.0454294241184923
62	0.0442892927570218
62	0.0463270777479893
63	0.045814479638009
63	0.0457718725368765
63	0.0460613415710503
63	0.0443847823603336
63	0.0448503127792672
63	0.0460889321648815
63	0.0456022470672468
63	0.0451140244574199
63	0.0449105084001318
63	0.0444759361203466
63	0.0461789502311667
63	0.0461629406706793
63	0.0456738677486567
63	0.0455185867562588
63	0.0458281725030965
63	0.0462341122273408
63	0.046535235347545
63	0.0456950722081358
63	0.0442274554853532
63	0.044866120823191
63	0.0451800492059942
63	0.0454742312689476
63	0.046214141854009
63	0.0453960257486706
63	0.0460280500351979
63	0.0453406115969476
63	0.0450361060581004
63	0.044430065782379
63	0.0465166948090855
63	0.0448813260642106
63	0.0458951749822006
63	0.0441727252698832
63	0.0438668224299065
63	0.0466417910447761
63	0.045273492286115
63	0.0443593785183517
63	0.0444731086310358
63	0.046842414844126
63	0.044917922194738
63	0.0451658819664951
63	0.0454788943646882
63	0.0457045647859371
63	0.0447597052677884
63	0.0454243664933053
63	0.046990975596732
63	0.0460508108706481
63	0.0453216374269006
63	0.0458546126263175
63	0.0450929867801927
63	0.0462496461930371
63	0.0470517514618285
63	0.0456707382985623
63	0.0463557348179288
63	0.0449857234426898
63	0.0455807874530305
63	0.0455520139090119
63	0.0462469067913115
63	0.0457439678284182
63	0.0453182461103253
63	0.0463256974370606
63	0.0458611769777969
63	0.0456901619195212
63	0.0468835578924307
63	0.0464401294498382
63	0.0451866404715128
63	0.0453771356369829
63	0.047163730124624
63	0.0454367191439296
63	0.0467634185671504
63	0.0452508470871133
63	0.0458751177350546
63	0.0465257800398318
63	0.0458912625748841
63	0.0461538461538462
63	0.0449413204293898
63	0.0457330415754923
63	0.0458644962604487
63	0.0455990354050203
63	0.0446890111722528
63	0.0443363682633037
63	0.0454619168603708
63	0.0444941307993292
63	0.0465541101577636
63	0.0454133635334088
63	0.0459859271981827
63	0.0461178264183818
63	0.0455463834208855
63	0.0441895049925643
63	0.046148846278843
63	0.0453624493471409
63	0.0451491534533727
63	0.0464535180873417
63	0.0459457991636344
63	0.0463936789279804
63	0.0463299218664026
63	0.0452080536912752
63	0.0454746136865342
63	0.0454892133362388
63	0.0458194527879417
63	0.0440058976976296
64	0.0457207940123658
64	0.0467022388470213
64	0.044580961505946
64	0.0457793777873301
64	0.0471882110737891
64	0.0447417714744447
64	0.0451570680628272
64	0.0468420768274893
64	0.0466216216216216
64	0.0455598892092024
64	0.0452674897119342
64	0.046737749295619
64	0.045515171723908
64	0.0445102168592407
64	0.0464855633239046
64	0.0455510297745396
64	0.0462395850576615
64	0.0462450155073106
64	0.0455205030364916
64	0.0458106637649619
64	0.0460624895943171
64	0.046689628779181
64	0.0467845924946272
64	0.045081280375398
64	0.0459473122507443
64	0.0448686030428769
64	0.0457793657882983
64	0.044789383257302
64	0.0454425223509496
64	0.0447918399024336
64	0.0448190325854099
64	0.0448015851175078
64	0.0459498932704191
64	0.0465256136897928
64	0.0459689964061578
64	0.0454070119434201
64	0.0454957507082153
64	0.0459800177852173
64	0.0452898550724638
64	0.0463568994428517
64	0.0464700625558534
64	0.0461874370171313
64	0.0459945504087193
64	0.0442968492699528
64	0.0459469555472544
64	0.0457776820336062
64	0.0451123595505618
64	0.0456734761667497
64	0.0458950348432056
64	0.0453848680608781
64	0.0446695095948827
64	0.0455591841104984
64	0.0451956147893379
64	0.04513406983845
64	0.0453621482828715
64	0.0454800673778776
64	0.0458877320553077
64	0.0452770388816571
64	0.0445806161457162
64	0.0455389319646172
64	0.046669540849321
64	0.0464909353798243
64	0.0461555654894949
64	0.0452314556609035
64	0.0451050743208611
64	0.045254761517174
64	0.0455620976173444
64	0.0458183380781007
64	0.0461950579488301
64	0.0458351457155285
64	0.0453999781730874
64	0.0464107211512056
64	0.0453359615050148
64	0.0462352107300583
64	0.0444835939220436
64	0.0476375980855918
64	0.0462135922330097
64	0.0456954358641575
64	0.0452982590187196
64	0.0452589641434263
64	0.0454617792159567
64	0.045505366726297
64	0.0464098073555166
64	0.0447971399165809
64	0.0445753187810676
64	0.0450567965650307
64	0.0441152353359208
64	0.0468382794993715
64	0.044890630101208
64	0.0457152044589742
64	0.045578953248059
64	0.0455026455026455
64	0.0444518530866255
64	0.0464460853390452
64	0.0450435365036839
64	0.0444642063139173
64	0.0448997625227812
64	0.0468073593073593
64	0.0477731461167179
64	0.0454171014333571
65	0.0460081910536674
65	0.0456959504315114
65	0.0459167117360736
65	0.0468767213837171
65	0.0462795415912705
65	0.0456511029613006
65	0.0447497654913646
65	0.046451473837366
65	0.0452588585936638
65	0.0455148267996393
65	0.0452558782849239
65	0.0447127937336815
65	0.0455666345019835
65	0.0443314355204245
65	0.0458924125987661
65	0.04484662227534
65	0.0461438121637045
65	0.0437109723461195
65	0.0450797141286421
65	0.0454810186901043
65	0.0441266826788806
65	0.0460038159847361
65	0.0449646162221013
65	0.0452852918628847
65	0.0467193030220528
65	0.0446817785527463
65	0.0451846965699208
65	0.0450724477380821
65	0.0464399574920298
65	0.0449639312252536
65	0.045755237045204
65	0.0457383873794917
65	0.0448045757864633
65	0.0454812991599337
65	0.0453028135431569
65	0.046379348063881
65	0.0461470523294325
65	0.0451815377955738
65	0.0453688297282307
65	0.0460736962066533
65	0.0459200528576148
65	0.0449639312252536
65	0.0467516354613129
65	0.0450414855788226
65	0.0447381248984455
65	0.0449200758602005
65	0.046461137646548
65	0.0459361997226075
65	0.0454375167246454
65	0.0440873964529938
65	0.0453651132722469
65	0.046951724137931
65	0.0470528569818551
65	0.0448543170275327
65	0.0453443122215329
65	0.0454519979824021
65	0.0451216885634288
65	0.0438362260792167
65	0.0457136592852445
65	0.0461993868273602
65	0.0455088519604649
65	0.0460878885316184
65	0.0449387455541128
65	0.046440138332327
65	0.0444712858240914
65	0.0460018173557474
65	0.0473915431081823
65	0.044717870887311
65	0.0453240916228949
65	0.0452501249236578
65	0.0454058926257676
65	0.0466688123591889
65	0.045141545524101
65	0.0451237263464338
65	0.047464016449623
65	0.045848134991119
65	0.0461170449488206
65	0.0457877461706783
65	0.0448124695567462
65	0.0456460299685384
65	0.0456313917296576
65	0.0441914422921276
65	0.0464015151515152
65	0.0456795679567957
65	0.0437879040783397
65	0.0451899085112282
65	0.0455957993999143
65	0.0453945196434467
65	0.0446927374301676
65	0.0446804923284438
65	0.0437227074235808
65	0.0447744834767359
65	0.0457306970065172
65	0.0457320396816745
65	0.0453061901864247
65	0.0451203385347792
65	0.0457994432010481
65	0.045964065433092
65	0.0454320444419999
65	0.0447344935296743
66	0.044672420344135
66	0.0447778092272856
66	0.0462198391420912
66	0.0443204202232436
66	0.0453415477734544
66	0.0459546925566343
66	0.0445812937523028
66	0.0456036745406824
66	0.0454696868754164
66	0.0447926471402469
66	0.0462304409672831
66	0.0451744218917849
66	0.0469281848111155
66	0.0458445317345462
66	0.0468978993649243
66	0.0454668178627356
66	0.0463705188154086
66	0.0437381298178974
66	0.0466760961810467
66	0.0440562513733245
66	0.0441402033744248
66	0.0453582486827095
66	0.0466437271287345
66	0.0449836423118866
66	0.0455611938669722
66	0.0448253487617606
66	0.0458497148236336
66	0.0448180786073417
66	0.0444159726670937
66	0.0457317073170732
66	0.0459606208523008
66	0.0459080776987581
66	0.0461326727222681
66	0.0456852791878173
66	0.0454742547425474
66	0.0465116279069767
66	0.0446969696969697
66	0.0446139494045986
66	0.0448312531482622
66	0.0449997266116245
66	0.0459156145462393
66	0.0451148180242634
66	0.0447655010124227
66	0.0442511346444781
66	0.0459216789268715
66	0.0439484705508138
66	0.0450907886748717
66	0.0467738454898576
66	0.045946935998744
66	0.0456041622425143
66	0.0446294307196563
66	0.0453222677301142
66	0.0451230878885904
66	0.0452264140303389
66	0.0455965683418948
66	0.0457684718263539
66	0.0445943006308462
66	0.0465824989116239
66	0.0455990354050203
66	0.0449645310841758
66	0.0457347594709943
66	0.0448970770976282
66	0.0463920406908502
66	0.0452797486865623
66	0.0451094486007204
66	0.0469470678673402
66	0.0451298521512819
66	0.0450010962508222
66	0.0449655765920826
66	0.0446045452137522
66	0.0453775080640752
66	0.0454840103716508
66	0.0446887649053714
66	0.0450013329778726
66	0.0445541867911217
66	0.0448841698841699
66	0.0446995198940456
66	0.0453141091658084
66	0.0454173262732682
66	0.0452367688022284
66	0.0452724781279646
66	0.0460365023154454
66	0.044947488708712
66	0.0466380842831747
66	0.045828437132785
66	0.0461174191465318
66	0.0455573505654281
66	0.0457107774739075
66	0.0443268276546477
66	0.0466138019717102
66	0.046013422818792
66	0.0464671835754068
66	0.0442733397497594
66	0.045258972822831
66	0.0445806631373642
66	0.0464522986978475
66	0.0442655935613682
66	0.0468050687516851
66	0.0453582486827095
66	0.0456708417655746
67	0.0461570923669357
67	0.0443146500910942
67	0.0465967177831585
67	0.0456361724500526
67	0.0456940985695257
67	0.0459428193686994
67	0.0453086354786086
67	0.0449162255089232
67	0.0444591174204908
67	0.0455875975715525
67	0.0452931213462274
67	0.0454545454545455
67	0.0453839146975299
67	0.0446507029876977
67	0.0459551037695892
67	0.0444874274661509
67	0.0452012038791662
67	0.045784477945282
67	0.0455911031465767
67	0.0460983359362378
67	0.0467547946689782
67	0.0455813953488372
67	0.0446852810848326
67	0.0440439895470383
67	0.0453320653035346
67	0.044690841206087
67	0.0465428387373846
67	0.0443895776423618
67	0.0453216374269006
67	0.0448134546809303
67	0.0463199002006834
67	0.0461149020471054
67	0.0459306131355008
67	0.0457596420200298
67	0.0466315676372623
67	0.044784453875363
67	0.045346062052506
67	0.0443440883617172
67	0.0453151068295571
67	0.0452630441827806
67	0.045093286736937
67	0.0458996010982749
67	0.044905869324474
67	0.0459578585250484
67	0.0451827945611343
67	0.0447183290614604
67	0.0443880086125987
67	0.0458985458985459
67	0.0457310565635005
67	0.0451482110569284
67	0.0457145912420467
67	0.0467609745144269
67	0.04549875715984
67	0.0451203385347792
67	0.0441601541590836
67	0.0460569550930997
67	0.044227265197946
67	0.0459023492475912
67	0.0467791827210072
67	0.0453501415522675
67	0.0461907298881193
67	0.046037900715417
67	0.0450030519948948
67	0.0461716681376876
67	0.0449557334464295
67	0.045966627696886
67	0.0452597750401714
67	0.0459703383121338
67	0.0455507899451653
67	0.0457065217391304
67	0.0456979271589885
67	0.0444815873187038
67	0.0462370880472209
67	0.0453388223823195
67	0.0447451126618015
67	0.0468184601681234
67	0.0446212569216709
67	0.0461324637836104
67	0.0455538746007732
67	0.0446214270128737
67	0.0454520829947451
67	0.0455215326674308
67	0.045846394984326
67	0.044213474069686
67	0.0457444005270092
67	0.0456613671644987
67	0.04521625163827
67	0.044391355075282
67	0.0457063711911357
67	0.0441152172715757
67	0.0460951573593303
67	0.0461596670450246
67	0.0446346351768593
67	0.0436705060319886
67	0.0453178694158076
67	0.0448605315176807
67	0.0459279038718291
67	0.0444567627494457
67	0.0472655823600044
67	0.0468521229868228
68	0.0462608124384102
68	0.046540607899442
68	0.0460076045627376
68	0.0450907150480256
68	0.0471818839370166
68	0.046640876151038
68	0.0443386243386243
68	0.045489804964539
68	0.0460955026172417
68	0.0449555127738176
68	0.0459455102369821
68	0.0456226209896683
68	0.0463046357615894
68	0.044675740592474
68	0.0450987904329265
68	0.043816631130064
68	0.046352341510035
68	0.0437814172206908
68	0.0465164898343177
68	0.0449100128155123
68	0.0455316587314617
68	0.0451859015688803
68	0.043969298245614
68	0.0447475079417242
68	0.0450236966824645
68	0.0445164123394445
68	0.0456315789473684
68	0.0465746005957216
68	0.0462080173347779
68	0.0456327597473317
68	0.0460311513140288
68	0.0452420611466337
68	0.0445151921358356
68	0.0458108900858621
68	0.0445942302507414
68	0.0435132093671293
68	0.0453352291370447
68	0.0443591960233413
68	0.045124593716143
68	0.0460855080510827
68	0.0451602715932417
68	0.0452143596448221
68	0.0444924645390071
68	0.045876369737325
68	0.0456479057591623
68	0.045339915222407
68	0.045735205726463
68	0.0450641443792129
68	0.0444259104809564
68	0.0456997949714039
68	0.046525137304605
68	0.0456336528221512
68	0.0460371715445418
68	0.0454321258289034
68	0.0460805084745763
68	0.044945575751263
68	0.0441976801715134
68	0.0467013795694884
68	0.0448970531106055
68	0.0462861036850658
68	0.0453058817221597
68	0.0443201140913828
68	0.045883865198681
68	0.043863393810032
68	0.045375502662754
68	0.0449280069286565
68	0.0461834157056562
68	0.0458451220790108
68	0.0470246422038093
68	0.0463382851185822
68	0.0444178974804518
68	0.0456981969787211
68	0.045305138599759
68	0.0468375136314068
68	0.044432102193835
68	0.0466340933767644
68	0.0455959721672229
68	0.0449250320494956
68	0.044362292051756
68	0.0452712026324169
68	0.0450400663166621
68	0.0460877135705735
68	0.0459715888242386
68	0.0458953839631141
68	0.0452473779583768
68	0.0450041062140706
68	0.0465337634181164
68	0.0455968055255774
68	0.0458469623036088
68	0.0471615720524017
68	0.0463485367782758
68	0.0466095007627966
68	0.0451782929059323
68	0.0457269340819522
68	0.0457070306300587
68	0.0456064061091372
68	0.0452887703445648
68	0.0457669561511002
68	0.0451836602015386
68	0.0445232675101911
69	0.0461141567236375
69	0.0453140552150453
69	0.0451252328710412
69	0.0456328943832303
69	0.0453113514648745
69	0.0457519788918206
69	0.045177308792573
69	0.0452704807392794
69	0.0435840707964602
69	0.0458206646396757
69	0.0454303931987248
69	0.0444504748982361
69	0.0443304535637149
69	0.0463194925643622
69	0.0460420895203504
69	0.0444165752207765
69	0.0450638047947034
69	0.0453246680486302
69	0.0458877320553077
69	0.044451690033692
69	0.0448504103786074
69	0.0461479993484988
69	0.045628773956419
69	0.0460652591170825
69	0.0460260315702022
69	0.0452605570530099
69	0.0458349286222174
69	0.0459782376786857
69	0.0455909837458232
69	0.0466396943133288
69	0.0451385116784356
69	0.0464671835754068
69	0.0459398069278819
69	0.0431304723813642
69	0.045145868419623
69	0.0450179749959757
69	0.0452522255192878
69	0.0453580605518936
69	0.0454865054897507
69	0.0457452041318249
69	0.0447322594688724
69	0.0451532275592263
69	0.0449550977284733
69	0.0454828660436137
69	0.0439185470555861
69	0.0469605769752183
69	0.046001300390117
69	0.0451544195953142
69	0.0454078598843181
69	0.0453458083036521
69	0.046938557054164
69	0.0453949524745985
69	0.045516415310067
69	0.044034169192615
69	0.0444444444444444
69	0.0477244506829347
69	0.0452442435980202
69	0.0445459101286263
69	0.0460291734197731
69	0.0448981862690553
69	0.044251650570197
69	0.0458149779735683
69	0.0462219308310113
69	0.0441089242383392
69	0.0462541061778107
69	0.0451148034629241
69	0.0446961665085654
69	0.0458642205749027
69	0.0457902511078287
69	0.0449232814490666
69	0.0455912361722694
69	0.0454619787408013
69	0.045862143474503
69	0.0461604599924768
69	0.0457468411552347
69	0.0450157397691501
69	0.0459669475757907
69	0.0454569820423479
69	0.0444017504536236
69	0.0456417861262152
69	0.0455886296594261
69	0.0455224677126694
69	0.0452549271636675
69	0.0460526315789474
69	0.0450963222416813
69	0.046294790480837
69	0.0457208563762799
69	0.0449351366271046
69	0.0447679808059327
69	0.0462750796400827
69	0.0454740224959829
69	0.0450023685457129
69	0.0457578646329838
69	0.0451605831415105
69	0.0458745694133085
69	0.0456002101392172
69	0.0459061686414112
69	0.0463695379411925
69	0.0444936358605423
69	0.045012503473187
70	0.0463895436040283
70	0.0449839718324662
70	0.0459494076208774
70	0.044168682300978
70	0.0457870495800596
70	0.0448911403319681
70	0.0455321874666382
70	0.0459997857984363
70	0.0447561790247161
70	0.045365930765583
70	0.0446336006984231
70	0.0438007201590799
70	0.0451807228915663
70	0.0448635976129582
70	0.0460104520230591
70	0.0444518346081366
70	0.0441254935439121
70	0.045281806990312
70	0.0459078676586987
70	0.0464365138197607
70	0.044785600847009
70	0.0447800882837845
70	0.0457167271950438
70	0.043528243716361
70	0.0457851499136623
70	0.0457359376667734
70	0.0449880350970487
70	0.0446516959308081
70	0.0450795985919193
70	0.0456041622425143
70	0.0453553367048177
70	0.0462173464400152
70	0.0469220835126991
70	0.0450843668494171
70	0.0450750369900655
70	0.0441801646666308
70	0.0469269102990033
70	0.0455905554648822
70	0.0454497242257106
70	0.0451561248999199
70	0.0441138084051162
70	0.0447217314487632
70	0.0445115257958288
70	0.0459630080850593
70	0.0448218551989197
70	0.0469638208574616
70	0.0448303934871099
70	0.0456855596066733
70	0.0458948705732889
70	0.0462074058444984
70	0.0446227400120899
70	0.0456299541093033
70	0.0456451612903226
70	0.0445272020725389
70	0.045116888791785
70	0.0436407664771531
70	0.0451959376827777
70	0.0452568408302593
70	0.0460635646032405
70	0.044851209591094
70	0.0461471484545059
70	0.0454711372998905
70	0.0452803328953132
70	0.0456924754634678
70	0.0472114413312776
70	0.0456514675620058
70	0.0465800310177015
70	0.0459284606747581
70	0.0456382348186864
70	0.0458308533088036
70	0.0450623202301055
70	0.0454885210891618
70	0.0442223817147905
70	0.0448320834691881
70	0.0448975223417349
70	0.0451433342610632
70	0.0447712771709744
70	0.0465053326836663
70	0.0454918705863032
70	0.0442820064622067
70	0.0449782363372562
70	0.0458326624805453
70	0.0458241344031016
70	0.0463860206513106
70	0.0450148185427501
70	0.0442269640087705
70	0.0462465396515226
70	0.0449366414652327
70	0.0454180709356444
70	0.0468290634187316
70	0.0452063769381961
70	0.046876657121646
70	0.0456874466268147
70	0.0451787994891443
70	0.0452374704801889
70	0.0454520320707769
70	0.0460096862497368
70	0.045429785379671
70	0.0463007672085412
70	0.0463878735755751
71	0.04495841995842
71	0.0448253487617606
71	0.0449931412894376
71	0.0434282584884995
71	0.0455179069268711
71	0.0449775902979172
71	0.0453728186144897
71	0.0437506693798865
71	0.0441184520225519
71	0.0447706804102244
71	0.0444516723586491
71	0.0456007169592493
71	0.046100410483107
71	0.0456291528239203
71	0.0452759084791386
71	0.0450068027210884
71	0.0455487615296922
71	0.0461088977423639
71	0.0447513238500675
71	0.0460651576052465
71	0.046149910463034
71	0.0453820809862897
71	0.0452287857973159
71	0.0453716614823555
71	0.0454064352243861
71	0.0460989128117672
71	0.043835918953238
71	0.0468889942574153
71	0.0443205801179717
71	0.0445870003180999
71	0.0439476553980371
71	0.0451432785503582
71	0.0444764862466726
71	0.0451704082187313
71	0.0448174616364744
71	0.0454332552693208
71	0.0460701716967047
71	0.0456601788532351
71	0.0444595282538605
71	0.0456487754038562
71	0.0464976832924503
71	0.0451585352834419
71	0.0453645833333333
71	0.0453219533275713
71	0.0465582535085765
71	0.0451595309517317
71	0.0447056297965974
71	0.0456538969616909
71	0.0454094681350801
71	0.045783005432776
71	0.0443994889267462
71	0.0442586936719713
71	0.0441384365673595
71	0.0454745408556032
71	0.0432142276202353
71	0.0460964129199805
71	0.0434073107049608
71	0.0445602467297671
71	0.0452886885597768
71	0.0459428452231957
71	0.0457127252867286
71	0.0441301573798384
71	0.0458933375534104
71	0.0447596532702916
71	0.0451855836471221
71	0.0434047052603754
71	0.0453399180413996
71	0.045355799289991
71	0.044608078544368
71	0.0455827067669173
71	0.0449761767631813
71	0.0457664695945946
71	0.0459776238678743
71	0.0459234434727968
71	0.0454111405835544
71	0.0448463307547564
71	0.044211657265646
71	0.0451602460343153
71	0.0451322751322751
71	0.0442496456878904
71	0.0459019901562166
71	0.0442552741500555
71	0.0445207375823689
71	0.0463572525784507
71	0.0441143747218514
71	0.0464228079612695
71	0.0450033778516863
71	0.044955044955045
71	0.0456599411517444
71	0.0452491122350156
71	0.0454040852575488
71	0.0471195909977336
71	0.0450455219140377
71	0.0459042135566606
71	0.0444137491366945
71	0.0460424211070874
71	0.0455112219451372
71	0.0456785543956335
71	0.0440599645371017
71	0.0448788546255507
72	0.045845877568267
72	0.0451056671222795
72	0.0453280530878733
72	0.0456360828585122
72	0.0453660646696226
72	0.0451334591534106
72	0.0448522967469196
72	0.0458047493403694
72	0.0442718033310275
72	0.0465029164659924
72	0.0451605949558094
72	0.0452368281000532
72	0.045984793250703
72	0.0442869324237902
72	0.0447310647639956
72	0.0453634643214962
72	0.0452828180705582
72	0.044239730062664
72	0.0462005453516489
72	0.0459851240566806
72	0.0458832256013564
72	0.0460191833953561
72	0.0459984046796065
72	0.0448126320471478
72	0.0444961158378693
72	0.0459439292186334
72	0.0455449803731785
72	0.0454714081297366
72	0.045147954743255
72	0.0457569863855052
72	0.0451860296403772
72	0.0434071729957806
72	0.0462104253277902
72	0.0459903790241582
72	0.045353582313136
72	0.0466837006281273
72	0.045802343624592
72	0.0453559251988842
72	0.045661616696684
72	0.0454496383461082
72	0.0444142543630473
72	0.0448154194533677
72	0.0437790509134148
72	0.0456547427220969
72	0.0443047918303221
72	0.045950936428383
72	0.0439327127225216
72	0.045275487157939
72	0.0443284840818048
72	0.0451743197278912
72	0.0447983014861996
72	0.0463181623014169
72	0.0461490163248221
72	0.045728889130553
72	0.045641358425265
72	0.0458852336846588
72	0.0452830188679245
72	0.0458908061047884
72	0.0453962143086301
72	0.0447184589331075
72	0.0457429226422136
72	0.0441862989903376
72	0.0454331818893937
72	0.0453990983823919
72	0.0452715202960061
72	0.0457229535727829
72	0.0450847998298687
72	0.045437908496732
72	0.0450841082436527
72	0.0456592956592957
72	0.0444865120681495
72	0.0460029374737726
72	0.0446573653835379
72	0.0447696711130313
72	0.0455212124504319
72	0.0469791500026662
72	0.046477653933557
72	0.0451317658197885
72	0.0456053504660593
72	0.0457478621268559
72	0.0452546234963701
72	0.0465324149534676
72	0.0462458613692193
72	0.0465459140690817
72	0.0455412104374353
72	0.045481393975192
72	0.0447360101169776
72	0.0459284606747581
72	0.0445718613079461
72	0.0456689536878216
72	0.0456157061967508
72	0.0462925030725113
72	0.0446864438603079
72	0.0448812276644944
72	0.0453282018387855
72	0.0452890792291221
72	0.0451305168256631
72	0.0451827945611343
72	0.044568550153307
72	0.0453934276340558
73	0.0465141791454117
73	0.0445595295894697
73	0.0446828955797566
73	0.0465387469521891
73	0.0459799772938384
73	0.0452635498111803
73	0.0453178694158076
73	0.0452655402915943
73	0.0459376973268786
73	0.0452021789231092
73	0.0449146828484
73	0.0455198604126039
73	0.0456433637284701
73	0.0461714642652647
73	0.0450641556291391
73	0.0446039340776183
73	0.045522627581042
73	0.0451035938454702
73	0.0458690245924289
73	0.0457145802195537
73	0.046564420574719
73	0.0441922493593431
73	0.0437839565356344
73	0.0452750723874704
73	0.0462720903482171
73	0.0450511589058259
73	0.045517388067638
73	0.0436858956965323
73	0.0458152958152958
73	0.0457723399606729
73	0.043859649122807
73	0.0443376068376068
73	0.0459437312209779
73	0.0457547929756726
73	0.0460397350993378
73	0.0450231969633066
73	0.0458759336759019
73	0.0457116172884346
73	0.046629418829304
73	0.0445883343861866
73	0.0458441840277778
73	0.0458003252714968
73	0.0461940577159012
73	0.046620792660159
73	0.0454114923174069
73	0.0459976411466079
73	0.0439074942729355
73	0.045548985136647
73	0.0462494127472986
73	0.046293350302259
73	0.0448541552008806
73	0.0462866823323679
73	0.0448564925331705
73	0.0443224989447024
73	0.0453128247765537
73	0.045536775727503
73	0.0458531831961888
73	0.0467713051722322
73	0.045438172181341
73	0.0439664218258132
73	0.0448612073099259
73	0.0450368141022196
73	0.0462734789989595
73	0.0454545454545455
73	0.0469298482475563
73	0.0460731352586744
73	0.0454643048845947
73	0.0445769894835975
73	0.0454521033686133
73	0.045848164479626
73	0.0464501110993546
73	0.0456804483451412
73	0.0454375567302045
73	0.0460908336789714
73	0.0435198469631755
73	0.0453947368421053
73	0.0445945945945946
73	0.045989640558782
73	0.0455479100338913
73	0.0468567793914979
73	0.0472642111986374
73	0.0443974630021142
73	0.0450568449730183
73	0.045433424544375
73	0.0450719522128699
73	0.0456094364351245
73	0.0452503209242619
73	0.0454711372998905
73	0.0459885690093141
73	0.0453069264760688
73	0.0458207452165156
73	0.0449237243556023
73	0.0464688894723024
73	0.0441020191285866
73	0.0449486998534281
73	0.0452543901533238
73	0.0461628153487386
73	0.0452683541644785
73	0.0444813278008299
73	0.0469580473708654
74	0.0453585954795861
74	0.0446687370600414
74	0.046048891415577
74	0.0435961507788825
74	0.0455506835181842
74	0.0461898680289485
74	0.0438582467359446
74	0.0444561219127693
74	0.0440507667900582
74	0.0452794342709378
74	0.04601259181532
74	0.0449570815450644
74	0.0445883539466001
74	0.0456618582944421
74	0.0450763559768299
74	0.0467334541191517
74	0.0457021462032901
74	0.0452364986846856
74	0.0469086515732521
74	0.0461417734763275
74	0.0448000828672053
74	0.0444084109216445
74	0.0431187241582989
74	0.0447265830787061
74	0.0458248472505092
74	0.0463895663238257
74	0.0455605108453274
74	0.0442796610169492
74	0.0456026058631922
74	0.0451980326171369
74	0.0459592185331483
74	0.0453025394503083
74	0.0452853923161591
74	0.0451405121811854
74	0.0450250425982341
74	0.0461279815067773
74	0.0462442916382342
74	0.046028880866426
74	0.0448801289718654
74	0.046493860845839
74	0.0444918644971993
74	0.0460403186995348
74	0.0457421429312312
74	0.0448943200293701
74	0.0446790360418
74	0.0448931997667886
74	0.0442473203442632
74	0.0456618610747051
74	0.0451929676363444
74	0.0452788222210454
74	0.044176919813322
74	0.0465738758029979
74	0.0462822060135383
74	0.0458358911397585
74	0.0461817240486668
74	0.0460338499184339
74	0.0452263933911952
74	0.044209744188515
74	0.0450331852339422
74	0.0460974053594215
74	0.045875984779463
74	0.0451522197588277
74	0.0450588297367171
74	0.0444866118490407
74	0.0452213964199728
74	0.0447800052069773
74	0.0452707315792238
74	0.0463049579045837
74	0.0446447285684343
74	0.0451036379018613
74	0.0448855803694513
74	0.0454050127134036
74	0.0460090440635188
74	0.0462669204737733
74	0.0463692946058091
74	0.0442178755471824
74	0.0448318804483188
74	0.0442007129147244
74	0.0450986533041027
74	0.0465875524692957
74	0.0458928289161705
74	0.0454943582873924
74	0.0448975388734425
74	0.0454719562243502
74	0.0453624318004677
74	0.0449201898188093
74	0.0453792817965435
74	0.0444397641112047
74	0.0452717960015421
74	0.0468860100818473
74	0.045006132352157
74	0.0468733688276438
74	0.0459203244013371
74	0.0456766517951986
74	0.0446176378282247
74	0.0458468176914779
74	0.0454639709694142
74	0.0458091199413643
74	0.0453064227898665
74	0.04565726390902
75	0.0461403327477524
75	0.0465639049454078
75	0.0448493342676945
75	0.0443077893409019
75	0.0439217758985201
75	0.0447154471544715
75	0.0450304893938604
75	0.0436809947475614
75	0.0457315429002858
75	0.044016719128954
75	0.0460529851147294
75	0.0447446636044312
75	0.0461137779593504
75	0.044680518668958
75	0.0458136698658465
75	0.0444330161995372
75	0.0465977136635819
75	0.0444316214656665
75	0.0449270733524965
75	0.0438587187102249
75	0.0456725644851844
75	0.045501497779155
75	0.0460763520678685
75	0.0451977401129944
75	0.0453058554138044
75	0.0456833960464254
75	0.0448019549943998
75	0.0458911419423693
75	0.0453889003507324
75	0.0449013848090642
75	0.0465253239104829
75	0.0444830490629606
75	0.0456039655622228
75	0.0459550271387956
75	0.0443011861784425
75	0.0439433665443104
75	0.0447130555704124
75	0.0463565810719308
75	0.0453424298084492
75	0.0465676015069067
75	0.0445080273406454
75	0.0458784035807535
75	0.0446002076843198
75	0.0466554833298385
75	0.0452092128466841
75	0.0457139892071399
75	0.044687029468703
75	0.0462502701534472
75	0.0448303499866417
75	0.0458515283842795
75	0.0457151959222682
75	0.0440505532539724
75	0.0454714871412598
75	0.0462270912255554
75	0.0455744658838136
75	0.0461439863277078
75	0.0458244777357317
75	0.0444865120681495
75	0.0458687098778215
75	0.0448506748857477
75	0.0448914001347779
75	0.0451736629021948
75	0.0446502057613169
75	0.0464528361510507
75	0.0466029723991507
75	0.045679012345679
75	0.045211342964152
75	0.0453574962245482
75	0.0446583986074848
75	0.0455666289941436
75	0.0462409562755584
75	0.0447784480965259
75	0.0458902275769746
75	0.0458105740492631
75	0.0442250118178476
75	0.0467202801028503
75	0.0454042665262049
75	0.0446758656599844
75	0.044207237698516
75	0.0465698275393069
75	0.0451663201663202
75	0.0446230741485031
75	0.046828689982217
75	0.0452237130485914
75	0.0453345999577792
75	0.0456383593298671
75	0.0454425641836681
75	0.0450441045983611
75	0.0464512106411722
75	0.0459562616051166
75	0.0451895043731778
75	0.0443047677449027
75	0.0451735615786971
75	0.0459488272921109
75	0.0453447408152994
75	0.044460794618457
75	0.0444980846932886
75	0.0450233156456022
75	0.0453972257250946
75	0.0443153705496397
76	0.045809225542757
76	0.0451415851322669
76	0.044020195645314
76	0.0457600827300931
76	0.045643153526971
76	0.0454712137880455
76	0.0449647741400746
76	0.0443851693785009
76	0.0438017837352895
76	0.0447614617253321
76	0.0465912628411331
76	0.045394771448109
76	0.045191134607564
76	0.0450770436145208
76	0.0456191926085359
76	0.0459496428390496
76	0.0443404753043756
76	0.0463569221098947
76	0.0458296105534241
76	0.0455285406711127
76	0.0461102799743535
76	0.0455169500475235
76	0.0445352839931153
76	0.0452493494078283
76	0.0459207102403184
76	0.0463155648044395
76	0.045478443743428
76	0.045099281791297
76	0.0454811115243611
76	0.0467715451030245
76	0.0450441045983611
76	0.0451612903225806
76	0.0453616887538631
76	0.0438647241361174
76	0.0462285833681571
76	0.0459928103193064
76	0.0443080414710889
76	0.0447008680284838
76	0.0448922065041499
76	0.0453826433207877
76	0.0446798468718863
76	0.045353982300885
76	0.0456361724500526
76	0.044788882950294
76	0.0446191492684959
76	0.0442878182200715
76	0.045562536296922
76	0.0454758800521512
76	0.0451716626905923
76	0.0453436356242375
76	0.0461570484466878
76	0.0455598862319604
76	0.0455634215148773
76	0.0441485634197617
76	0.0454159141612663
76	0.0459641255605381
76	0.0459075651949393
76	0.0447556866048863
76	0.0456127399282852
76	0.0470293149396457
76	0.0436541737649063
76	0.0463706461047594
76	0.0436871996505024
76	0.0457383702778645
76	0.0450913242009132
76	0.0446090710440761
76	0.0455087955996056
76	0.0458862392897698
76	0.0451910135624806
76	0.0455072902477171
76	0.0468387951009599
76	0.0444203123384011
76	0.0443198920545955
76	0.0454763044518909
76	0.0452436799583008
76	0.0452295703454086
76	0.0462564102564103
76	0.0448836839595146
76	0.0464291471868451
76	0.0461570376516959
76	0.0457030627952651
76	0.045100105374078
76	0.0445882962195754
76	0.0463688879719414
76	0.0455494104142753
76	0.0444806217834261
76	0.0455543933054393
76	0.0456192274327703
76	0.0442577030812325
76	0.045123802544103
76	0.0455591589078355
76	0.0459928833182856
76	0.0448040797210803
76	0.0454426606703969
76	0.0449636552440291
76	0.046051966434132
76	0.0449348577505982
76	0.045685817256731
76	0.045312580001024
76	0.0445773022865534
77	0.0449673336055533
77	0.0447753423231114
77	0.0442051117183733
77	0.0465490399584847
77	0.0461482178321313
77	0.0457166823948831
77	0.0461625456227831
77	0.0454070435782213
77	0.0444375227119348
77	0.0458301620093509
77	0.0450079239302694
77	0.0451884564034097
77	0.0452661945974298
77	0.0455059646236117
77	0.0441138219840816
77	0.0450216908263676
77	0.0453635757171448
77	0.046431862393775
77	0.0444835118001172
77	0.0456672666495243
77	0.044109232769831
77	0.0460068983815336
77	0.0461665718864706
77	0.0456642550068156
77	0.0449882843009633
77	0.0459079751397086
77	0.0441168864753039
77	0.0445167137601962
77	0.0442427970880755
77	0.0454545454545455
77	0.0458290422245108
77	0.0458485639686684
77	0.0452070276379328
77	0.0452526519308147
77	0.0441692466460268
77	0.0443604741446245
77	0.0454008525499461
77	0.045568454968547
77	0.0462603587538026
77	0.0460321645135776
77	0.04620182904266
77	0.0449221800010411
77	0.0458139890821897
77	0.0458888098383982
77	0.0465248373437984
77	0.0447201689545935
77	0.0465579802729085
77	0.0438941164305656
77	0.0451759856825207
77	0.045824900098604
77	0.0455619813930098
77	0.0445444668632625
77	0.0448593215882198
77	0.0462112062175077
77	0.0439531307990032
77	0.0445730204650166
77	0.0454424802250889
77	0.0446265011194789
77	0.0440871369294606
77	0.045166649361437
77	0.044924246423481
77	0.0461953700820098
77	0.0456495260287031
77	0.043218366483284
77	0.0438334642576591
77	0.0454187450774481
77	0.0451363870303654
77	0.0449848336846435
77	0.0456389452332657
77	0.0453565985178956
77	0.0462466836601987
77	0.0431639379119711
77	0.045136851091074
77	0.0455551551963762
77	0.0455399299385693
77	0.0451022212974041
77	0.0458211143695015
77	0.0441767068273092
77	0.0443868459420055
77	0.0458635405419302
77	0.0457852614073381
77	0.0459752401499974
77	0.0457606366697276
77	0.0437701675861351
77	0.045456880168473
77	0.046329543187712
77	0.0450530497046987
77	0.044284672293425
77	0.0443280062876605
77	0.0450422593279736
77	0.0460278710202421
77	0.045449887271982
77	0.0456306719690017
77	0.0443755907992858
77	0.0445118059987237
77	0.0453206552632939
77	0.0439356106890506
77	0.0454008801116239
77	0.0432583960864069
77	0.0445736434108527
78	0.0449549926732259
78	0.0461209529627367
78	0.0452623981853799
78	0.0451703972575116
78	0.0457929627740949
78	0.0449750721595382
78	0.0460509256858373
78	0.0454336147352264
78	0.0454968462413401
78	0.0455880080358523
78	0.0451262586325057
78	0.0452601003432796
78	0.0458815591425754
78	0.0458570524984187
78	0.0462214506591439
78	0.0439776655144908
78	0.0448361950374484
78	0.0443462438263582
78	0.0448137228625034
78	0.0454147120985618
78	0.0440258228383956
78	0.0458477956794281
78	0.0445337869182001
78	0.044897110787778
78	0.0441319854261816
78	0.0452419736219852
78	0.0456072482948183
78	0.0457009677255915
78	0.0446261195584253
78	0.044655287990512
78	0.0457762851976234
78	0.0448375154257507
78	0.0459992860421235
78	0.0434039827024718
78	0.0445049022124121
78	0.0449555127738176
78	0.045681322107889
78	0.0440275443257604
78	0.0460439269648055
78	0.044647631269383
78	0.0462448746561478
78	0.0455374355233679
78	0.045409519837339
78	0.0458272783890388
78	0.0462392108508015
78	0.044568097509274
78	0.0445766012315141
78	0.0451061167022996
78	0.0429221300508429
78	0.044461738002594
78	0.044113794729397
78	0.0460560322547297
78	0.0455688246385921
78	0.0454054609965547
78	0.0444139677181137
78	0.0447542556953074
78	0.044532741627535
78	0.0449166495163614
78	0.0454522318929099
78	0.0447942528128467
78	0.0447318210727157
78	0.0456000826275563
78	0.0456948442816017
78	0.0451217528065513
78	0.0451546918946561
78	0.0463930930462371
78	0.0454807138744963
78	0.0442198357548958
78	0.0454688814129521
78	0.0452902292914687
78	0.0464852022106296
78	0.0447848831002455
78	0.0466944547037408
78	0.0453341642000312
78	0.0449794108330694
78	0.0466504649196957
78	0.0464291223199136
78	0.0449508676562827
78	0.044633092026457
78	0.0450505669629176
78	0.0454521652615594
78	0.0444732745199792
78	0.0462046204620462
78	0.044981432083268
78	0.0449643019899742
78	0.0444573663900196
78	0.0457313925880045
78	0.0460151802656546
78	0.0446442824455914
78	0.0438927299392416
78	0.0460894585404133
78	0.0442430703624733
78	0.0456243060462299
78	0.0453155265572434
78	0.0453047345017002
78	0.0448405156916123
78	0.0460406145911679
78	0.0438833306865703
78	0.0452017754196214
78	0.0453215623877226
79	0.045605135107154
79	0.0454128907443234
79	0.044227307791206
79	0.0446556304925404
79	0.0450920085492363
79	0.0457506361323155
79	0.045685539756686
79	0.0437252170185403
79	0.0447235652722304
79	0.0458640037061821
79	0.045463864684777
79	0.0459936810483244
79	0.0465379083624409
79	0.0462564102564103
79	0.0446719160104987
79	0.0444305381727159
79	0.046038818046807
79	0.0448996271134495
79	0.04471814790208
79	0.0455735180908391
79	0.0449982163787392
79	0.0461247835441045
79	0.0445859872611465
79	0.0457748263800882
79	0.0451179158569253
79	0.0452549465309707
79	0.0465727502102607
79	0.0455830018840276
79	0.0456937425102902
79	0.0457426579336573
79	0.0455268498710987
79	0.0454689647879877
79	0.045498597296608
79	0.0454918453174685
79	0.0443959243085881
79	0.045948289050946
79	0.0444083950116597
79	0.0454202883987339
79	0.0454569095542726
79	0.0450037325370588
79	0.045463864684777
79	0.044807152510656
79	0.045218189233279
79	0.0451535533656604
79	0.0456001708671508
79	0.0454684162343607
79	0.0450319430738067
79	0.0448668812918391
79	0.0457822638788753
79	0.0451833341832832
79	0.0446094750320102
79	0.045397479033797
79	0.0444467849807783
79	0.0441784087297383
79	0.0453637510513036
79	0.0449812999090266
79	0.0446682946682947
79	0.0458169341003128
79	0.0458847736625514
79	0.04444558101473
79	0.044530190843675
79	0.0454177215189873
79	0.0458131840162891
79	0.0455344221624974
79	0.0445936101571443
79	0.0456937425102902
79	0.0456346143952256
79	0.044409239574816
79	0.0444272045513318
79	0.0453808752025932
79	0.0465697765275824
79	0.0454198278934773
79	0.0450825999691215
79	0.0460580485796624
79	0.0467857513760515
79	0.0459136822773186
79	0.0459812688502037
79	0.0441889896646277
79	0.0444696072880745
79	0.045638685195631
79	0.0458678108080499
79	0.0446775039328789
79	0.0443037974683544
79	0.0457254364221296
79	0.0457496449584094
79	0.0433926099456927
79	0.0452389452746468
79	0.0466006533278889
79	0.0447644795674327
79	0.0448092046234232
79	0.0456359357413281
79	0.0446646262385226
79	0.0458115183246073
79	0.0460380932337157
79	0.0455852593460432
79	0.045696227929374
79	0.0450226129376493
79	0.0453422542460113
79	0.0446601941747573
79	0.044509000363127
80	0.0452171241294551
80	0.0451834630546851
80	0.045518462580074
80	0.0449532612120576
80	0.0450987700335445
80	0.0461452457183514
80	0.045807014841062
80	0.0455011272801804
80	0.0450708711578277
80	0.0466752246469833
80	0.0449890270665691
80	0.0448163877092181
80	0.0467394062420705
80	0.0446730119742094
80	0.0448812116914037
80	0.0457740977972192
80	0.0453728891854437
80	0.045689917758148
80	0.046025974025974
80	0.0447139659570038
80	0.0464877623274668
80	0.0451663201663202
80	0.0450393368182058
80	0.0455297598154741
80	0.0449350242680445
80	0.0440277633896198
80	0.0447566325464801
80	0.0442839352428393
80	0.0444591566510491
80	0.0452905182783327
80	0.0449402891263356
80	0.0458663353522804
80	0.0451189923080894
80	0.0454686530105525
80	0.045667991124413
80	0.045534857892877
80	0.0448076194599275
80	0.0468050048916122
80	0.045638209697472
80	0.0456446532761915
80	0.0449909109270854
80	0.0451372968566916
80	0.0443037974683544
80	0.0457552648856118
80	0.0440326244063597
80	0.0451909513609529
80	0.0450007679311934
80	0.0456186935740839
80	0.0443429046160237
80	0.0440612046466404
80	0.0454866364094806
80	0.0448340055848588
80	0.0447120851855681
80	0.044377180381695
80	0.0445046641304914
80	0.0432920068541478
80	0.0455678177287291
80	0.0438795503764051
80	0.0441744323739896
80	0.0459254677593938
80	0.0461593027969193
80	0.0456029381758825
80	0.0457903284958349
80	0.0448711204629143
80	0.0453785027185278
80	0.0449861907796898
80	0.0456712286636937
80	0.04576218242399
80	0.0449309951229636
80	0.0456613920777743
80	0.0452498058503754
80	0.044629510997224
80	0.045526149968494
80	0.0457809237663594
80	0.046732309576042
80	0.0457894198301443
80	0.0455506835181842
80	0.0450792686015297
80	0.0459009719607145
80	0.043898924399156
80	0.0449173813009831
80	0.0454018139632989
80	0.04521625163827
80	0.0461783439490446
80	0.0446213573148558
80	0.0438884331419196
80	0.0449293304446508
80	0.0452651317845609
80	0.0443604535508255
80	0.0456090049909738
80	0.0458388509728023
80	0.0452557025309864
80	0.0449775112443778
80	0.0444021739130435
80	0.0455401211011042
80	0.0438120585525642
80	0.0458339734726276
80	0.045924347362813
80	0.0454194345743859
80	0.0454639281659614
81	0.0451471965047332
81	0.0458552898256992
81	0.0454476054761057
81	0.0436398386069229
81	0.0457296570275723
81	0.0437311833443894
81	0.0437765603399724
81	0.0451186511240633
81	0.0439983138370745
81	0.0458797094633433
81	0.0456842214929416
81	0.0461932837733914
81	0.0451392379611943
81	0.0440615947552981
81	0.0449229818144351
81	0.0446666666666667
81	0.0456391995586539
81	0.0448319460541566
81	0.0457087655074232
81	0.0450888968591484
81	0.0444455732209072
81	0.0450282398051713
81	0.0467195312894591
81	0.0460604189182235
81	0.0458023213449227
81	0.0436910899338645
81	0.0441085110788983
81	0.045617816091954
81	0.0451436388508892
81	0.0443216131838886
81	0.0464782964782965
81	0.0448583822403674
81	0.0431092134369052
81	0.0451764225984091
81	0.046321945213912
81	0.0469066937119675
81	0.0460418375717801
81	0.0453731648677682
81	0.044978593903131
81	0.0456852791878173
81	0.044393735089721
81	0.0452762746363501
81	0.0443117378431274
81	0.0460038379752088
81	0.0440872441596031
81	0.0461004273504274
81	0.0451782402637544
81	0.0449050086355786
81	0.0465235435773941
81	0.0447816043679126
81	0.0452873205865589
81	0.0464293150114512
81	0.0455990972507181
81	0.0440551201270427
81	0.0446703153505343
81	0.0455686931045307
81	0.0451549788899187
81	0.0453493054157439
81	0.0454475585387098
81	0.0449695518659241
81	0.0454683084376262
81	0.0451025056947608
81	0.0444409382560219
81	0.0460084684498606
81	0.0458734075230374
81	0.0452234973536656
81	0.0452956376348989
81	0.0452135952603679
81	0.0463086559194989
81	0.0438430878959513
81	0.0459288052373159
81	0.0444512725969171
81	0.0440679701095301
81	0.045512210593086
81	0.0447258245685694
81	0.0449438202247191
81	0.0445456448911223
81	0.0442846134086822
81	0.0453084341037808
81	0.0454900327902982
81	0.0452881497751281
81	0.0460620146849084
81	0.0450704225352113
81	0.044767563060246
81	0.0460755285439717
81	0.0451219512195122
81	0.0450046396535725
81	0.0446433244360706
81	0.0442634009651808
81	0.0441192010990172
81	0.0459053266537164
81	0.0465909669535109
81	0.045641468243895
81	0.0453176753989762
81	0.0442644661776691
81	0.0462792532211412
81	0.0444536552510233
81	0.0462454686690834
81	0.0446360639107279
81	0.045792327776662
82	0.046265697290152
82	0.0450811254877798
82	0.0450119794056176
82	0.0448041775456919
82	0.0449981980126654
82	0.0445839369064864
82	0.0454847108070856
82	0.0449466734382935
82	0.0454104306073454
82	0.0452670807453416
82	0.0454780629139073
82	0.0459993853088823
82	0.0455427346063515
82	0.0450876561616369
82	0.0449758779893137
82	0.0455883846075744
82	0.0451754834748798
82	0.0451506736603929
82	0.0441651892793826
82	0.0436915529664265
82	0.0447073283146413
82	0.0456057736602344
82	0.0448698470576319
82	0.0450298667483535
82	0.0453288260602336
82	0.0442316461468308
82	0.0446525027007562
82	0.0456089776588078
82	0.0447267844230968
82	0.0460238418590614
82	0.0444433000308992
82	0.0451951257134043
82	0.0454496673105817
82	0.0449014916255155
82	0.0455863647926736
82	0.0454226411310538
82	0.0454042081949059
82	0.0442477876106195
82	0.044647909058176
82	0.045512210593086
82	0.0449500836162773
82	0.0450058814504168
82	0.044767823758274
82	0.0457217504898759
82	0.0439871922733715
82	0.0446586264318514
82	0.043586035942987
82	0.0444100042753313
82	0.0455288707204905
82	0.0459109730848861
82	0.044020394770054
82	0.0450758163846194
82	0.0450473509086255
82	0.0456564404503667
82	0.0446428571428571
82	0.0451240912509401
82	0.0445738431412965
82	0.0444895410552607
82	0.0439634240843106
82	0.04460424157157
82	0.0438484024821786
82	0.0459387483355526
82	0.0455558434827676
82	0.0452756911441566
82	0.0458823529411765
82	0.0450840812957805
82	0.0461928408855783
82	0.045376933823149
82	0.0455129192993271
82	0.0462867190732313
82	0.0454591941092248
82	0.0456081933303062
82	0.0454010941254665
82	0.0444228606481955
82	0.04396482813749
82	0.0455805358792732
82	0.045383173783113
82	0.0449047475052918
82	0.0455504657985486
82	0.0446323941509146
82	0.0451939115929942
82	0.0453639846743295
82	0.0445701240076791
82	0.0444734464411204
82	0.0451057652426379
82	0.0438044914134742
82	0.0442395838698048
82	0.0453925087196077
82	0.0444376652430344
82	0.0432426906563075
82	0.0447731260967661
82	0.0448475289169296
82	0.0452601568068425
82	0.0460402262727844
82	0.0448866498740554
82	0.04500431756997
82	0.0447745580081598
82	0.0440582673140813
82	0.0454780629139073
82	0.0460311707140268
83	0.0458780996995774
83	0.045320197044335
83	0.0451572392862749
83	0.0440749273765401
83	0.0448300427437411
83	0.0446113989637306
83	0.0445174330469934
83	0.0459764197085929
83	0.045343075922126
83	0.0460186934981358
83	0.0442854888760322
83	0.04490083559851
83	0.0463378176382661
83	0.0443347271902867
83	0.0451101585086233
83	0.0452212298531978
83	0.0460927152317881
83	0.0450520028833282
83	0.0436324937921249
83	0.0455633049941455
83	0.0465281657946868
83	0.0460188795403242
83	0.0455312835729268
83	0.0450418463099163
83	0.0458083050404805
83	0.0460027479517582
83	0.0450537198459355
83	0.0454382459914963
83	0.045937106918239
83	0.0458672995562893
83	0.0451633231803382
83	0.0443262411347518
83	0.044535240040858
83	0.0460671278503715
83	0.045993031358885
83	0.0456218178151938
83	0.0458199356913183
83	0.0457479217225177
83	0.0462460309331148
83	0.0443484076760817
83	0.0449712570585542
83	0.0444195405226428
83	0.0449759787386282
83	0.0445381138591235
83	0.0446235709393604
83	0.0446602939664919
83	0.0448714698575267
83	0.0447158679225753
83	0.0450844091360477
83	0.045007316211716
83	0.0439810139365785
83	0.044857433808554
83	0.0450606585788562
83	0.0450560032436268
83	0.0435956200662083
83	0.0450771659960271
83	0.044805790600469
83	0.0462848297213622
83	0.0456800330715172
83	0.0450927045546151
83	0.0457543070395174
83	0.0446437620350664
83	0.0468965517241379
83	0.0451325642582473
83	0.0454997123581403
83	0.0448947368421053
83	0.0454339850228678
83	0.0442662064064166
83	0.0460169954778115
83	0.0461007520346142
83	0.0453355239513272
83	0.044386288998358
83	0.0463843714840953
83	0.045010183299389
83	0.045561584928842
83	0.0442347689342059
83	0.0449609149572425
83	0.0457686991245584
83	0.0443645699614891
83	0.0443386773547094
83	0.0452465422386755
83	0.0434270497260204
83	0.0447669350289729
83	0.0462024349243543
83	0.0462589257994412
83	0.0444545362801494
83	0.0456669714517932
83	0.0447415517422887
83	0.0455761316872428
83	0.0451521870590607
83	0.044812800669316
83	0.0454405263698982
83	0.0449747590637907
83	0.0440206917537276
83	0.0454072790294627
83	0.0433944571785789
83	0.0448950406047296
83	0.0456152939367536
83	0.0450710022638403
83	0.0444626156283539
84	0.0455128534044846
84	0.0460365853658537
84	0.0455089820359281
84	0.0465593272484873
84	0.0442477876106195
84	0.045621368131308
84	0.0442383703253268
84	0.0451890562557639
84	0.0440113971710593
84	0.0437225457145776
84	0.0453059556645214
84	0.0457406843334349
84	0.0455837614084086
84	0.0460502646862312
84	0.0454545454545455
84	0.0441380017429641
84	0.0430492807810147
84	0.0461116004352106
84	0.0443303779748017
84	0.0456860548028929
84	0.045335254464056
84	0.0443967060508414
84	0.0453668933319801
84	0.0453317322125488
84	0.045942036214895
84	0.0451745379876797
84	0.0449314204635031
84	0.0456667863923239
84	0.0442729083665339
84	0.0444305381727159
84	0.0461137603854284
84	0.0442847089574746
84	0.0447692307692308
84	0.0448210326259107
84	0.0441729323308271
84	0.0448471816925204
84	0.0434301799537549
84	0.0452245899126169
84	0.0455147808358818
84	0.0445478723404255
84	0.0450712708291508
84	0.0465000249463653
84	0.0459428110343436
84	0.0445783732629377
84	0.0448103588907015
84	0.0453838044078518
84	0.0466016411209166
84	0.0443628575799296
84	0.0442383703253268
84	0.0463271051958024
84	0.045178865131579
84	0.0441340782122905
84	0.0453170656687343
84	0.0458119141215603
84	0.0451383599898451
84	0.0456802383316783
84	0.0448021324584786
84	0.0445193240414561
84	0.0461491129114963
84	0.0457049581718017
84	0.0451188263075918
84	0.0449784973437895
84	0.0446122860020141
84	0.0457356022280137
84	0.0453969059092062
84	0.0454753315380316
84	0.0448567641961464
84	0.0450445753610344
84	0.0446294668252573
84	0.044992440435848
84	0.0450048695473884
84	0.0449088029428294
84	0.0445938317852928
84	0.0450796578044158
84	0.0461069805865345
84	0.0458594187407747
84	0.0452294655163612
84	0.0446075949367089
84	0.0453184268317029
84	0.0448717948717949
84	0.0444444444444444
84	0.0442842430484037
84	0.0444735780556676
84	0.0462056303549572
84	0.0459385457864314
84	0.0452031860382528
84	0.045355587808418
84	0.0447188213322266
84	0.0436220798015299
84	0.0463289354416356
84	0.045427435387674
84	0.0439192721949179
84	0.0445135631246176
84	0.0448602922327608
84	0.0451791167773523
84	0.045674704442477
84	0.0443895776423618
84	0.0448109692483482
84	0.045320197044335
84	0.0449092891840983
85	0.0455823293172691
85	0.0446707260911835
85	0.0447675928330304
85	0.0437866173296331
85	0.045203365360681
85	0.0451546918946561
85	0.0460857936426294
85	0.0456761611496023
85	0.0450042315925723
85	0.0453845006710742
85	0.0445257381761171
85	0.0454001794079538
85	0.0451261701261701
85	0.0444795108240051
85	0.0443900915903414
85	0.0447106806015804
85	0.0449759787386282
85	0.0440187487263094
85	0.0450970632155301
85	0.0458816473410636
85	0.0445214202027406
85	0.0454274945447332
85	0.0454662346345729
85	0.0441085431283533
85	0.0451085568326948
85	0.0461239517283698
85	0.0440923357294725
85	0.0452970421332798
85	0.0457051217800942
85	0.04636204589894
85	0.0444225074037512
85	0.0452383362007894
85	0.0456941104231694
85	0.0450352965424847
85	0.0433371611163812
85	0.0446852064506466
85	0.0458803868942118
85	0.0452149229521492
85	0.0458656007994004
85	0.0449985099831131
85	0.0446184941889843
85	0.0451180824814945
85	0.0456142137148093
85	0.0452808756712102
85	0.0458261084964082
85	0.0461154134399201
85	0.046530612244898
85	0.0438890582139592
85	0.044853683148335
85	0.0451116321745336
85	0.0452465154982317
85	0.0455604452498058
85	0.0454430953700438
85	0.0446744068652196
85	0.045134847948186
85	0.0457241344350383
85	0.045
85	0.0448047683992524
85	0.04359197907585
85	0.0458788480635551
85	0.0456292998785917
85	0.0452636968766001
85	0.0451576109498134
85	0.0454984494941792
85	0.0448085693074557
85	0.0437342304457527
85	0.0452702017641691
85	0.0435842730874733
85	0.0455092824887105
85	0.0454291660321811
85	0.045256699354974
85	0.0446878535431451
85	0.0450955414012739
85	0.0453647916561187
85	0.0445002879430396
85	0.0460228121731334
85	0.0453487195060229
85	0.0465495289024701
85	0.0443248782987446
85	0.0452837956054135
85	0.0454430443803451
85	0.045344338405984
85	0.0451061626100466
85	0.045184892228594
85	0.0462399128669736
85	0.0440772776713109
85	0.0454750790543593
85	0.0449391877963307
85	0.0447706993152106
85	0.0453567035670357
85	0.046286273903407
85	0.0460478229090529
85	0.0450686834388023
85	0.0440053652496905
85	0.0454659886209154
85	0.04364694471387
85	0.0454711563560428
85	0.0444364717338937
85	0.0445983097444252
85	0.0447821681864235
86	0.0447941279975868
86	0.0462825942746339
86	0.044877007521854
86	0.0437888198757764
86	0.0439689510775202
86	0.0447307029110457
86	0.0443950617283951
86	0.0448844884488449
86	0.0444701429772918
86	0.0452330185805666
86	0.0435519234602352
86	0.0455766845804051
86	0.0441423552772262
86	0.0440869520948939
86	0.0446577418540035
86	0.0456374471552997
86	0.0441377218261793
86	0.0452286786329987
86	0.044506329113924
86	0.046450437686586
86	0.044132601179581
86	0.0450081833060556
86	0.0454734651404787
86	0.0451870324189526
86	0.0456521739130435
86	0.0461953700820098
86	0.0450914973207967
86	0.0452541428064663
86	0.0446066910036505
86	0.0453787457678508
86	0.0450037009622502
86	0.0444331727111337
86	0.0447509426473507
86	0.0452587299173889
86	0.0449807445442875
86	0.0453153704837722
86	0.0449577873310198
86	0.0450718177315503
86	0.0430607187112763
86	0.04445813440115
86	0.0444310716614011
86	0.0453777208706786
86	0.044283777677361
86	0.0455727863931966
86	0.0451247748906612
86	0.0438525007639808
86	0.0456551514229189
86	0.0449489331580544
86	0.0449864498644986
86	0.0450823667024076
86	0.0454893551845612
86	0.0454683084376262
86	0.0453267923756963
86	0.0445699304225068
86	0.0460284722571558
86	0.0452678968980359
86	0.0460635255155803
86	0.0456541721989582
86	0.0441288359117423
86	0.0450534366114325
86	0.0445179343678453
86	0.0454835385898631
86	0.0440890748767
86	0.0446551460467961
86	0.0450815520210718
86	0.0452263854383207
86	0.0453409496608354
86	0.0456261962650665
86	0.0442400124037418
86	0.044104274022431
86	0.0448666127728375
86	0.0435030002069108
86	0.0445350318471338
86	0.0449807731228496
86	0.0451465067524743
86	0.0450733213275019
86	0.0445235975066785
86	0.0452349131284055
86	0.044848846459825
86	0.0453737106854327
86	0.0460266278344082
86	0.0449602993981692
86	0.0467533797623925
86	0.0456446348429213
86	0.0446203488958354
86	0.0454452300440619
86	0.0442102031417899
86	0.0449769023808315
86	0.0440413202317964
86	0.0454077959477528
86	0.0452213755665123
86	0.0452589558815905
86	0.0450432826331491
86	0.0445098039215686
86	0.044893495130462
86	0.0446150757803874
86	0.0448323240547555
86	0.0444285932643807
86	0.0454875895731644
86	0.0449960443037975
87	0.0451460459504298
87	0.0445882592743579
87	0.0441008018327606
87	0.0442886891157499
87	0.0456972994760177
87	0.0455723436506772
87	0.0446774674485638
87	0.0449694743634288
87	0.0462380440898164
87	0.0448788822997286
87	0.0452991888996582
87	0.0440180003103502
87	0.0444790671960597
87	0.0453868665605586
87	0.0456454354564544
87	0.0439576963560724
87	0.0448785905396537
87	0.0444410507025046
87	0.0444975362102434
87	0.0451272440323535
87	0.0439259105960265
87	0.0451946227929374
87	0.0451135193448732
87	0.0457011258955988
87	0.0440804772014963
87	0.0454823577401591
87	0.0442755149211567
87	0.0444192517778007
87	0.0443640808842255
87	0.0456951658010388
87	0.0454731667349447
87	0.0448293172690763
87	0.0450436878577885
87	0.045082376435347
87	0.0447844652297682
87	0.0449699358294174
87	0.0447396549091464
87	0.0445539625647153
87	0.0441915308110325
87	0.044558612853826
87	0.0456416772554003
87	0.0445579969340828
87	0.0452361480269883
87	0.0444498658209319
87	0.0453113888042264
87	0.0460435339308579
87	0.045707289700556
87	0.0451367146733459
87	0.044570339917778
87	0.0445265209808146
87	0.0457292506043513
87	0.0455811597872879
87	0.0452646581805672
87	0.0454707833631028
87	0.0451750471089953
87	0.043496038844876
87	0.0465127922695639
87	0.0452527494702855
87	0.0450387051372273
87	0.0436328541677249
87	0.044980443285528
87	0.0447334863555216
87	0.0447662601626016
87	0.044807720714954
87	0.044916903728103
87	0.0450208100700437
87	0.0451676837219006
87	0.043987965556593
87	0.0441694335446222
87	0.0454028389138929
87	0.044339478896846
87	0.0453269153630164
87	0.0449050086355786
87	0.0449056980341283
87	0.0465340995778874
87	0.0447821274026366
87	0.0446282679738562
87	0.0456995894950294
87	0.0449133675346046
87	0.0442509061619009
87	0.0442499752793434
87	0.0449585114407845
87	0.0451229941143921
87	0.0453908517665899
87	0.0448095593726662
87	0.0453838044078518
87	0.046315061044931
87	0.0437436932391524
87	0.0455155330787491
87	0.0450463858709133
87	0.0440307328605201
87	0.0460072963113093
87	0.0457483589717893
87	0.0451648517087369
87	0.0446107935865662
87	0.0436009879530218
87	0.0456602635019612
87	0.0442540680285903
87	0.0443230115361263
87	0.0448486670675486
88	0.0453911310413553
88	0.0457503050020333
88	0.0442215524482435
88	0.0442019235560871
88	0.0448192038893953
88	0.0452994883114277
88	0.0445236422045979
88	0.0444722988217598
88	0.045689527842056
88	0.0440515126737531
88	0.0461229611041405
88	0.0451472962066182
88	0.0449358059914408
88	0.0451518514781556
88	0.0455026988851334
88	0.0442589782498735
88	0.0456322063709205
88	0.0459253271358561
88	0.0448142764048323
88	0.045166482245247
88	0.0457285918659309
88	0.0451847788140242
88	0.0462334790693
88	0.0446482260974143
88	0.0448717948717949
88	0.0443423549385798
88	0.0445666044959262
88	0.0446171705445919
88	0.0452654516640254
88	0.0452699959399107
88	0.0449252058665887
88	0.0451037984766267
88	0.0442396313364055
88	0.044918419500688
88	0.0452127659574468
88	0.0449095712253607
88	0.0453530844155844
88	0.0442190466673329
88	0.0445415704955066
88	0.0448721095782807
88	0.0453345517311402
88	0.045228449823086
88	0.0451293340671436
88	0.0447431781701445
88	0.0450445885691123
88	0.044320317394028
88	0.0451172750361038
88	0.0450758930852967
88	0.0447641886490807
88	0.0455831817262988
88	0.0452534191472245
88	0.0449086939261612
88	0.0439312291506287
88	0.045520411732374
88	0.0455696202531646
88	0.0450752086352506
88	0.046239837398374
88	0.0448270743654446
88	0.0444867311252829
88	0.0450017697325176
88	0.045920641997325
88	0.0440610075489139
88	0.0461789114607199
88	0.0460446859903382
88	0.0457446808510638
88	0.0448692152917505
88	0.0467168569576706
88	0.0462921122659035
88	0.0445379002837454
88	0.0452358513962601
88	0.0444300711478183
88	0.0452432135179723
88	0.0450813479071173
88	0.045974703874724
88	0.0450728022660637
88	0.0453071204031735
88	0.0452101175064728
88	0.0449758331213432
88	0.0449304174950298
88	0.0443284867521151
88	0.0447919829942302
88	0.0448930869835997
88	0.0456735698175108
88	0.0453342653152928
88	0.044432199569203
88	0.0453619516072937
88	0.0452019084157198
88	0.0451625853071056
88	0.045741799578694
88	0.0452830188679245
88	0.0445953478943901
88	0.0456491463351731
88	0.0451301638355614
88	0.0441067640238788
88	0.0453406690573267
88	0.0452057571457531
88	0.0453763658437879
88	0.0448151125401929
88	0.0439768647786199
88	0.044120623355596
89	0.0448048656867714
89	0.0455132023029581
89	0.0442135189451498
89	0.0459294303173665
89	0.0454954504549545
89	0.0446653959095358
89	0.0452437968105161
89	0.0449997511075713
89	0.0452804243198114
89	0.0455352738036507
89	0.0450625591944569
89	0.045380957199231
89	0.0454066529526868
89	0.0446473871131405
89	0.0441841761335076
89	0.0446039603960396
89	0.0452308762860977
89	0.0453296703296703
89	0.0454128440366973
89	0.0450734786468093
89	0.0447510260594373
89	0.0445111277819455
89	0.0454683852633716
89	0.0453178263485061
89	0.0458116468624178
89	0.0451994539663279
89	0.0443034736788254
89	0.0447477626118694
89	0.0459896983075791
89	0.0454106280193237
89	0.0439910243698795
89	0.0438454536259735
89	0.0447207460142384
89	0.0443060054821829
89	0.0459086949838602
89	0.0456598342349496
89	0.0444478309458498
89	0.0459319563797176
89	0.0453993319161859
89	0.0460882647943831
89	0.044820568819179
89	0.0452444182157962
89	0.045086938940558
89	0.0447927788022906
89	0.0440565253532835
89	0.0444088015638314
89	0.0447738150378262
89	0.0436541212450057
89	0.045784477945282
89	0.0463378176382661
89	0.0451226267814876
89	0.0433802534689175
89	0.0440386680988185
89	0.0441101737981502
89	0.0448016932923449
89	0.0457160006002101
89	0.0451839562798868
89	0.0448593477719691
89	0.042961104140527
89	0.0462014403083477
89	0.0444988773219024
89	0.0443895154230393
89	0.0457119943862463
89	0.044659415568142
89	0.0449883565376802
89	0.0449064655386295
89	0.0457768865848291
89	0.0439240893786348
89	0.045361328125
89	0.0455559411094037
89	0.0458360232408005
89	0.0448610149371847
89	0.0451295799821269
89	0.0455578564573968
89	0.0444818098440844
89	0.044327836081959
89	0.0439593451159065
89	0.0451949341941892
89	0.0451717335221812
89	0.0473520566797492
89	0.0449202140963434
89	0.0454382276014155
89	0.0449201085318058
89	0.0453051160879392
89	0.0454868154158215
89	0.0461754667737402
89	0.0459927585869459
89	0.0443776781756391
89	0.0447635553354791
89	0.0453363251568157
89	0.0447402662396157
89	0.0457881136950904
89	0.0446335790984215
89	0.0442128143061799
89	0.044654596945484
89	0.0452011150935882
89	0.0446704556785323
89	0.0443124938659338
89	0.0442057942057942
89	0.0447521865889213
90	0.0445169385194479
90	0.0455081001472754
90	0.0453922911367638
90	0.0455688562518861
90	0.0443396226415094
90	0.0462445065920895
90	0.0445539575580811
90	0.0447015774118578
90	0.0454748769941852
90	0.0448408396570415
90	0.0453873974835719
90	0.0441809266486541
90	0.04518555667001
90	0.0444161790892903
90	0.0452783300198807
90	0.0453087211884902
90	0.0448654531064503
90	0.0447070656273573
90	0.0451400985417807
90	0.0455096792974625
90	0.0451223226068419
90	0.0452436194895592
90	0.0452071363773813
90	0.0444197667962243
90	0.0461999289231863
90	0.0449756888168558
90	0.0446787148594378
90	0.0447202420636956
90	0.0448563674535306
90	0.045799645040426
90	0.0445461479786423
90	0.0450150902859481
90	0.0452975624405626
90	0.0442093427374016
90	0.0447588940739626
90	0.0448208149239077
90	0.0449426854516992
90	0.0441005411419613
90	0.044816253361219
90	0.0444990718908343
90	0.0450320924261874
90	0.0456107619795758
90	0.0456117487845221
90	0.0443118458378167
90	0.0453845771885397
90	0.0448834853090172
90	0.0447903590258599
90	0.0456073453414279
90	0.0459868321857566
90	0.0447067060059009
90	0.0452850822687279
90	0.044340959708443
90	0.0454500737825873
90	0.0457315537647948
90	0.0447912444264289
90	0.0459659436448409
90	0.0445090241664117
90	0.0465162508696949
90	0.0443562565931582
90	0.04510599909788
90	0.0453259172521468
90	0.0447395006494444
90	0.0450614474283113
90	0.0449712570585542
90	0.0447962445065921
90	0.0456279490011043
90	0.0467247139819783
90	0.0440301077384759
90	0.0455784762590668
90	0.0450777456222102
90	0.0459307810715527
90	0.0438738077769626
90	0.0465892670287508
90	0.0455427803494102
90	0.0448891563847929
90	0.0452502099491182
90	0.0455849056603774
90	0.0432675136486555
90	0.0450821731919385
90	0.0442160141648633
90	0.0446938373695609
90	0.0455226405064515
90	0.0441154176562737
90	0.0453625973500556
90	0.0453453453453453
90	0.0445681079483896
90	0.0450566299025669
90	0.044192549685409
90	0.0462266500622665
90	0.0444389027431421
90	0.0435407884949169
90	0.0448080029177304
90	0.0453669384729429
90	0.0435221140753442
90	0.0437967041124363
90	0.0442151805453206
90	0.0439817166074149
90	0.0447252801500716
90	0.0453143653004377
90	0.0445625714143773
91	0.0449534356909137
91	0.0443192581883444
91	0.0454321231254933
91	0.0454013459475276
91	0.0453144115488133
91	0.0442504069853485
91	0.0438722456053479
91	0.0460650729767735
91	0.0442990560855017
91	0.0444287373150906
91	0.0461361591522543
91	0.0449704142011834
91	0.0457584830339321
91	0.0455645161290323
91	0.0443352224284066
91	0.0443942040900216
91	0.0453596979332273
91	0.0437394499056697
91	0.0455145441212417
91	0.0449832115346632
91	0.0440654228980143
91	0.0449761715647339
91	0.0459109756706799
91	0.0448603683897802
91	0.0452309236947791
91	0.0438529004462225
91	0.0440526369898221
91	0.0455519561425368
91	0.0446005880300992
91	0.0448685919856101
91	0.0442005638340717
91	0.0452622257207517
91	0.0442473338802297
91	0.0453151281290195
91	0.045523893892416
91	0.0448184851352024
91	0.0457404788608768
91	0.0446020794869303
91	0.0449101796407186
91	0.0456179556937427
91	0.0440526446486218
91	0.0443473136234162
91	0.0450512960301333
91	0.0439956547501481
91	0.0436064556176288
91	0.0451857691928649
91	0.0443714868427598
91	0.0458199356913183
91	0.0455913554053387
91	0.0456822578245127
91	0.0450924468922109
91	0.0436659305360369
91	0.044061397844121
91	0.0449593979005744
91	0.0441861655829195
91	0.0439229249011858
91	0.0442713567839196
91	0.0459990181639666
91	0.0447363319115936
91	0.0440203562340967
91	0.0464493077266637
91	0.0440105070129355
91	0.0453212861056375
91	0.043939912903068
91	0.0453222244529211
91	0.0450658541379988
91	0.0452142389607774
91	0.0443610902725681
91	0.045281887245102
91	0.0444771001714426
91	0.0441110501918955
91	0.0453868308670176
91	0.0441796971953338
91	0.0446082043723901
91	0.0460503536627591
91	0.0461951022060312
91	0.0447482297403619
91	0.0456880918799113
91	0.0447723986638081
91	0.0445711978193933
91	0.0448888888888889
91	0.0455698721456644
91	0.0451015531660693
91	0.0449755846826009
91	0.0443910335017413
91	0.0453924248340492
91	0.044807720714954
91	0.0459475448629462
91	0.0440815072701208
91	0.0451638103608222
91	0.0457174194834979
91	0.044125786163522
91	0.0449295917333603
91	0.0451974622534796
91	0.0455328200972447
91	0.0442517124131474
91	0.0445793323050898
91	0.0447015774118578
91	0.044817088386485
91	0.0446309553196742
92	0.0458853618173612
92	0.0461763273258646
92	0.0452108033649825
92	0.0441939789411241
92	0.0453273642977057
92	0.0438257151583019
92	0.0444598132687843
92	0.0445542157005182
92	0.0451679131837513
92	0.0447932237169905
92	0.0453878459748014
92	0.0445144570354185
92	0.0447976160913832
92	0.0449466734382935
92	0.0457751689439156
92	0.0435683598685873
92	0.045905086103324
92	0.0442774449070783
92	0.0436119794292629
92	0.0453817405232248
92	0.0461342977226078
92	0.0451843618614991
92	0.044383149448345
92	0.0451050492188648
92	0.0433034181746849
92	0.0455571919489445
92	0.0449149188761377
92	0.0454950054396202
92	0.0450656585754079
92	0.0439005054008522
92	0.0444411488457165
92	0.0444024092787097
92	0.0453588612670409
92	0.045380555418537
92	0.0453276483427237
92	0.0447731058502852
92	0.0452826382935808
92	0.0445413563308506
92	0.0451736315479694
92	0.0447761194029851
92	0.0446534653465347
92	0.045461372853352
92	0.0451349059897262
92	0.0450445986124876
92	0.0441234862021044
92	0.0446899322119006
92	0.0442647801920162
92	0.0450369928993495
92	0.0447278077488965
92	0.0449029126213592
92	0.0444731225492629
92	0.0451200324823631
92	0.044409239574816
92	0.044058942388251
92	0.0439004855583921
92	0.0453278933227187
92	0.0446781920433243
92	0.0450279601264284
92	0.0449657869012708
92	0.0445682451253482
92	0.0455032641527818
92	0.044716262281933
92	0.044915968469585
92	0.0438365685349749
92	0.045628718362408
92	0.0431331436273776
92	0.0447900772751883
92	0.0450874498340187
92	0.0462713387241689
92	0.0450750422423218
92	0.0457446290251863
92	0.0446361402276945
92	0.0440191865694014
92	0.044480567459731
92	0.0454545454545455
92	0.0458041784526822
92	0.045249096022499
92	0.0446378865327193
92	0.0447537793743452
92	0.0447867782085289
92	0.0457969267851763
92	0.0452444660666505
92	0.044697676703178
92	0.0445454545454545
92	0.0451716522786589
92	0.0452390359541683
92	0.0447963800904977
92	0.0444741268427822
92	0.0445409554590445
92	0.0449499185868653
92	0.0439041721652624
92	0.0449410729131009
92	0.0443466653482968
92	0.0461475493707152
92	0.044529262086514
92	0.0445856685348279
92	0.0447543612420429
92	0.0454704093333998
92	0.0458710899503404
92	0.0449975111996018
93	0.0445935868754661
93	0.0451739195904231
93	0.045281173594132
93	0.0454751701537686
93	0.045246868091378
93	0.044745214888137
93	0.0453172205438066
93	0.0456738016279771
93	0.0449438202247191
93	0.0455523852430295
93	0.0446820313681981
93	0.0438838457294749
93	0.0443143390703074
93	0.0440752163963785
93	0.0456935095563308
93	0.0445483020931736
93	0.0455448495082944
93	0.0457204133359329
93	0.0446327405290901
93	0.044619820913644
93	0.0452365649873931
93	0.0448498483811014
93	0.0448565464342929
93	0.0437406483790524
93	0.0442258048804247
93	0.0447033054559936
93	0.0440337322627885
93	0.0448388372552897
93	0.0447739139001084
93	0.0452826382935808
93	0.0449533081661037
93	0.0448201297424808
93	0.0439679873530284
93	0.0443094250148192
93	0.0441759209432024
93	0.0445644493792268
93	0.0444290177021867
93	0.0440096569761593
93	0.0447851218899221
93	0.0437648691514671
93	0.0457473905009239
93	0.0462893459440524
93	0.0448993550908736
93	0.044472049689441
93	0.0444574722751478
93	0.0457049277951466
93	0.0451902227478809
93	0.0442597603401624
93	0.0451657390533419
93	0.0449704142011834
93	0.0455635491606715
93	0.0443518380711415
93	0.0445704621200816
93	0.0450609203504179
93	0.044811320754717
93	0.0446889299970792
93	0.0452952825877215
93	0.045255899776634
93	0.0455469703131354
93	0.0458304617505169
93	0.0446968219925911
93	0.0450230008808848
93	0.0449242988334574
93	0.0455856034997017
93	0.0448673357845573
93	0.0458679319889284
93	0.0449335167354425
93	0.0449811763555469
93	0.0453178164603777
93	0.0440366044794985
93	0.0446474130013267
93	0.0446004646934034
93	0.0451802722784621
93	0.0446776611694153
93	0.0454364684827998
93	0.0454114476770298
93	0.0447928878468152
93	0.0464680247288943
93	0.045109423849933
93	0.0454793433516838
93	0.0447468912170763
93	0.0443340153951086
93	0.044920049200492
93	0.045542340144353
93	0.0450811751063007
93	0.0452081364698861
93	0.0445143222129416
93	0.0460664806383708
93	0.044136581346243
93	0.0442631919232108
93	0.043992984507454
93	0.0439484469902721
93	0.0454150579150579
93	0.0455308641975309
93	0.0449165552419155
93	0.0457490673473395
93	0.0453279929663459
93	0.0456819773841689
93	0.0461331740818155
93	0.0448165476483625
94	0.0435343757756267
94	0.0444541400038782
94	0.0460519765010455
94	0.0442661013527155
94	0.0455241742460507
94	0.0451361483820047
94	0.0441382765531062
94	0.0454678505220021
94	0.0450459301468782
94	0.0450737933785401
94	0.045432195889468
94	0.0439588169980822
94	0.0458525003709749
94	0.045067231443629
94	0.0454657771188535
94	0.0447368421052632
94	0.0451914729429922
94	0.0444838106485582
94	0.0445709797761634
94	0.0453859999027095
94	0.0448857994041708
94	0.0442021803766105
94	0.0435704548896855
94	0.0452857070167404
94	0.0443381337541921
94	0.0461546104928458
94	0.0453135004679111
94	0.0450781517957764
94	0.0460490863665311
94	0.043766109061505
94	0.0452766908887647
94	0.0454411764705882
94	0.0443785520138374
94	0.0447924980047885
94	0.0434476161707698
94	0.0449025560669866
94	0.0447517905655717
94	0.0452649781304038
94	0.0450116238808923
94	0.0445251480025869
94	0.0455597338733005
94	0.0454279586664067
94	0.0449984950336109
94	0.0446252465483235
94	0.0448577146483136
94	0.0440270323991254
94	0.0447634290287086
94	0.0439887056026155
94	0.0448365490352894
94	0.0444990176817289
94	0.0457693465823547
94	0.0455912070580117
94	0.0444587628865979
94	0.0439835245660488
94	0.044156890388198
94	0.044154689583642
94	0.0459662288930582
94	0.0447542556953074
94	0.0453354427250705
94	0.0444956656812146
94	0.0454908618795566
94	0.0446943623054923
94	0.0457842024766885
94	0.0461235017448035
94	0.0448053907271447
94	0.0435190673779885
94	0.0458270864567716
94	0.0441930180833575
94	0.0451568761606881
94	0.0446432985613289
94	0.0448821598314469
94	0.0450230008808848
94	0.0453446489366951
94	0.0453217797682796
94	0.0449249554820656
94	0.0454143754909662
94	0.0451799710448804
94	0.0448105113497083
94	0.0439024390243902
94	0.0447591226419765
94	0.0454567864714293
94	0.0443037974683544
94	0.043392699006199
94	0.04478134694286
94	0.0442732408834104
94	0.0454729592870164
94	0.0453279929663459
94	0.0447307824212434
94	0.0449499185868653
94	0.0457496902106568
94	0.0440593332354237
94	0.0458182882794964
94	0.0459223681631053
94	0.0447514641838114
94	0.0445186968699327
94	0.0450038880248834
94	0.04513110439614
94	0.0447326888932728
94	0.0450402404731892
94	0.0441290824261275
95	0.0453090618123625
95	0.0450437246567981
95	0.0459516404133641
95	0.0451936174352987
95	0.0445473097406799
95	0.0453018476435135
95	0.0456589415427188
95	0.0452376314764316
95	0.0458607483060002
95	0.0437040464805388
95	0.044680641669127
95	0.0448279233476731
95	0.0457538491333398
95	0.0453985310790161
95	0.045066931085771
95	0.0448258950465915
95	0.0447020705715587
95	0.0445727034629935
95	0.0454635499207607
95	0.045581806572032
95	0.0449872109935303
95	0.0453908517665899
95	0.0439839702863845
95	0.0443813069462134
95	0.0447620465485584
95	0.045230100730792
95	0.0441824053234172
95	0.0438145616048705
95	0.0446718243074619
95	0.0452558370591157
95	0.0444203683640303
95	0.044416114227435
95	0.0440961031350718
95	0.0454344515938897
95	0.0452401052788399
95	0.0451718160497604
95	0.0445964842189373
95	0.0449821925159779
95	0.0446577418540035
95	0.0446349828515434
95	0.0460007880220646
95	0.0447077971618941
95	0.0438879125170865
95	0.0454031186974273
95	0.0442512265021616
95	0.0454434757196435
95	0.0445875408556515
95	0.0453600270806132
95	0.0451199838677153
95	0.0453598255391325
95	0.0451431070508771
95	0.0449226305609284
95	0.0448808537595634
95	0.0454997019670177
95	0.0431947840260799
95	0.0447156432395929
95	0.0453072795383214
95	0.0451244553513297
95	0.0446728401343238
95	0.0441036911243195
95	0.044939931774361
95	0.0447827154431623
95	0.0455616653574234
95	0.0446855095541401
95	0.0452175607854602
95	0.0456973293768546
95	0.0457548565230253
95	0.0457011997809529
95	0.0443992459569402
95	0.0439821693907875
95	0.0448439551560448
95	0.0441475890152456
95	0.0453114237921873
95	0.0444173573866407
95	0.0436101442068623
95	0.0448364209696492
95	0.0450890434611021
95	0.04381932647147
95	0.0450916394677379
95	0.04460858156373
95	0.0439923840064135
95	0.0453952769594823
95	0.0458242813115748
95	0.0459196161942527
95	0.045040610386414
95	0.0441271578528431
95	0.0447170364578243
95	0.0447608864696734
95	0.044214998517933
95	0.0452760797177079
95	0.0446899817491245
95	0.044443323412198
95	0.0448520420640743
95	0.0437697160883281
95	0.0447024971739801
95	0.0457189509133585
95	0.0441307137920821
95	0.0436572474080098
95	0.0435477427087495
95	0.0454634241625159
96	0.0445182404466262
96	0.0452479843635475
96	0.0458365910867866
96	0.0453390658589017
96	0.044836690788187
96	0.0444806477093207
96	0.0450570623981029
96	0.044468387286351
96	0.0446239471999212
96	0.0459089778662024
96	0.0445004198152813
96	0.044822256568779
96	0.0446738710922424
96	0.0449313966929688
96	0.0446388402899275
96	0.0453990724920674
96	0.0447018235584032
96	0.0446753751274705
96	0.0429148600709499
96	0.0444952078263892
96	0.0437593984962406
96	0.044752774974773
96	0.0447311190193752
96	0.0448378154938482
96	0.0443438013238441
96	0.0450944242363845
96	0.0445297696220205
96	0.0455601126649207
96	0.0453256405241541
96	0.0437675587756913
96	0.0452888121281904
96	0.0453292646914066
96	0.0437999408108908
96	0.0450781517957764
96	0.0450552147239264
96	0.0449654491609082
96	0.0444679458125598
96	0.0457445230206221
96	0.0447055382215289
96	0.0445291990687998
96	0.0443072363546555
96	0.0445995733953849
96	0.0452035886818496
96	0.0460645098326258
96	0.0448831270870163
96	0.0450366748166259
96	0.0456360802649523
96	0.0447557225828493
96	0.0446628393500049
96	0.0441561004489615
96	0.0447140381282496
96	0.0439905734485467
96	0.0440486880175596
96	0.0445024887881327
96	0.0451723295037888
96	0.0441914125200642
96	0.0440047842121001
96	0.0434933372962798
96	0.0448792294891836
96	0.0440882764130218
96	0.0433381266425348
96	0.0437661820354511
96	0.0445682451253482
96	0.0445478394297877
96	0.044610585730554
96	0.0443395308089166
96	0.0454635303419648
96	0.0441921053925183
96	0.0443959964324646
96	0.0459575316518792
96	0.0446283434313581
96	0.0454876097182484
96	0.0456963850629009
96	0.0445843954615884
96	0.0457177382810533
96	0.0447016660209221
96	0.0450319581638582
96	0.0446908602150538
96	0.0448274168998871
96	0.044648527184798
96	0.0441922962078232
96	0.0446475823911475
96	0.0438212516234547
96	0.0454367218900108
96	0.0453856311439331
96	0.04585
96	0.0439960139511709
96	0.0447162523521838
96	0.0454211737066223
96	0.045546508758944
96	0.0441336903699296
96	0.0453430169790951
96	0.0443687741410856
96	0.0448852820358681
96	0.0455725267046022
96	0.0448290951524286
96	0.0453246625283279
96	0.0454898157129001
96	0.0451683276315137
96	0.0447877576879965
97	0.0447702643063796
97	0.0446120477176378
97	0.0447035020954767
97	0.0435056136275648
97	0.0454206999255398
97	0.0450724993855984
97	0.0453077600547999
97	0.0452982508596203
97	0.0446868402533427
97	0.044156890388198
97	0.0458762361096952
97	0.0444906856916369
97	0.0449025015725553
97	0.0446184141011479
97	0.0441535168500174
97	0.0448949320148331
97	0.04451820755638
97	0.0456021251475797
97	0.0452591411872675
97	0.0447717086144905
97	0.0445098133770555
97	0.0446767136606709
97	0.0447645375624424
97	0.0453462940461725
97	0.0439435786151115
97	0.0439533027339852
97	0.0451091192517537
97	0.0451870134801595
97	0.045070562512423
97	0.0458030082484231
97	0.0449572905739547
97	0.0445752733389403
97	0.0443591487707706
97	0.0445081845606053
97	0.0453640293360532
97	0.0455952439443817
97	0.0454982223503411
97	0.0447493454862795
97	0.0447021508573694
97	0.0439810239177703
97	0.0449935105513628
97	0.0437941370726007
97	0.0447975447975448
97	0.0448172500483465
97	0.0453478133255063
97	0.0444477405319885
97	0.0448557857107879
97	0.0457769181173436
97	0.0454567412202309
97	0.0451525292206218
97	0.0443322942951858
97	0.0454119156917913
97	0.0448603683897802
97	0.0440829565559269
97	0.0443806032988261
97	0.0443085939473551
97	0.0450072431190369
97	0.0448594437033743
97	0.0448840048840049
97	0.0455931536494196
97	0.0449585333915321
97	0.0449977942257732
97	0.0450719389253205
97	0.0454212454212454
97	0.0439029154661327
97	0.0447404371584699
97	0.0456837733610205
97	0.0446450353744816
97	0.044351630867144
97	0.0447935411701765
97	0.0451002500122555
97	0.044348719956924
97	0.0455986344793953
97	0.0445500445500445
97	0.0442981587804395
97	0.0446779897395029
97	0.0445821369200544
97	0.0450636221898104
97	0.0447761194029851
97	0.0449489102531837
97	0.04444778512728
97	0.044779861598636
97	0.0439232833151148
97	0.0448396793587174
97	0.0450252043263348
97	0.0458793542905692
97	0.0449901768172888
97	0.0463102592790777
97	0.0452316076294278
97	0.0456096957704675
97	0.0456109737773254
97	0.0446415445680404
97	0.0447207998049256
97	0.0454659507201285
97	0.0447918232376372
97	0.045088012587275
97	0.0436258115286248
97	0.0445934700670615
97	0.0458865316309878
97	0.0448500783738686
98	0.0445701467791486
98	0.0446415300004955
98	0.0451113262342691
98	0.0447860328304393
98	0.0447863920161251
98	0.045025919526043
98	0.0446335790984215
98	0.0448469585432003
98	0.0445062586926286
98	0.0450841409904046
98	0.0453551115648243
98	0.0446383789748219
98	0.0455036855036855
98	0.0459787035673978
98	0.0446665306954926
98	0.0450091101590585
98	0.0432424508941659
98	0.0441401809104839
98	0.0451223699053411
98	0.0449340484128135
98	0.0453699167074963
98	0.0444825055052606
98	0.0440438949302349
98	0.044219186131923
98	0.0451235821486948
98	0.0449788249038602
98	0.044999045619393
98	0.0450352685838307
98	0.0447637198846699
98	0.0448049057910093
98	0.0447005497154981
98	0.0448852283249671
98	0.0449173712528824
98	0.0444999759719352
98	0.0456618788819876
98	0.0457041977245979
98	0.0443457898331545
98	0.0444728685984159
98	0.0446161274746499
98	0.0446258370399335
98	0.0446517166104386
98	0.045566853558871
98	0.0452989332671794
98	0.0440749667962025
98	0.0452905616224649
98	0.0446656089235059
98	0.0445247882720024
98	0.0455324357405141
98	0.0444315376796864
98	0.0456050200108701
98	0.0454363290251478
98	0.0435622955694321
98	0.044994700838231
98	0.0441161842236148
98	0.0446235502260664
98	0.0434333497294638
98	0.045298026092439
98	0.0449603291213635
98	0.0452637889688249
98	0.0445459456804676
98	0.0449652607887269
98	0.0437301901743265
98	0.0443423549385798
98	0.0454017424975799
98	0.0453906212113864
98	0.0449895719535207
98	0.045148802322768
98	0.0451568761606881
98	0.0448520420640743
98	0.0451788227301402
98	0.044526005698556
98	0.0449256941728588
98	0.044185362986186
98	0.0440560802258787
98	0.0443951712244395
98	0.043878763866878
98	0.0446217494089835
98	0.0455452289426305
98	0.044806517311609
98	0.043740795287187
98	0.0445972495088409
98	0.0446848770074232
98	0.044091621580624
98	0.0457701711491443
98	0.0455227613806903
98	0.0445986124876115
98	0.0444158670491641
98	0.0447282793453451
98	0.0443478260869565
98	0.0448318192978149
98	0.0435311876126016
98	0.045421352417117
98	0.0456363905763817
98	0.0448489580791567
98	0.0451729352651349
98	0.0441204865804209
98	0.0445193594764761
98	0.0453214197071234
98	0.0453562653562654
98	0.045109445868665
99	0.0443187407771766
99	0.0454390989853876
99	0.0449287188595018
99	0.0446496572734197
99	0.0440712517594525
99	0.0453495799145089
99	0.045828437132785
99	0.0442921933802953
99	0.0457211538461538
99	0.0449898760432614
99	0.045220015576324
99	0.0437981097145084
99	0.0448155078930953
99	0.0436878727634195
99	0.0451381984489958
99	0.0448461162677088
99	0.0433228901507734
99	0.0454434519451359
99	0.0452079566003617
99	0.0443944255543317
99	0.0442294402211472
99	0.0452024539877301
99	0.0454209202544755
99	0.045220377790498
99	0.0452895921033532
99	0.045360127530071
99	0.0446965621790797
99	0.0450785973397823
99	0.0443511850827412
99	0.0445280805513466
99	0.0447394296951819
99	0.0441755214482487
99	0.0442339615271946
99	0.0458337422710767
99	0.0452338605008893
99	0.0445357999314834
99	0.0448784336933471
99	0.045875152998776
99	0.0456094236760125
99	0.0449224465905765
99	0.0452501954652072
99	0.0448333497197916
99	0.0445921217374555
99	0.043295684911671
99	0.0450108199086319
99	0.0445225259915287
99	0.0454009433962264
99	0.0441660525669369
99	0.0453316288903093
99	0.0452634666145273
99	0.0458862292857835
99	0.0447636381523931
99	0.0454545454545455
99	0.0445825319327317
99	0.0457658012709986
99	0.0429704608496764
99	0.0450397980974568
99	0.0434998510279074
99	0.0439692817346785
99	0.0451827562927958
99	0.0452427184466019
99	0.0447419668938656
99	0.0460037851215606
99	0.0440318302387268
99	0.0456214205296392
99	0.0443707640548052
99	0.044641989701739
99	0.0463054675118859
99	0.0447194556749827
99	0.0447433835356046
99	0.0448428290766208
99	0.0451246605776352
99	0.0445090909090909
99	0.0452392460125665
99	0.0448323745288633
99	0.0449038128678107
99	0.0447915131869751
99	0.0454115891569261
99	0.044757665677547
99	0.043881245474294
99	0.0452109519633635
99	0.0457038391224863
99	0.0449858471492115
99	0.0451537563254185
99	0.0446065710228664
99	0.0449660773535384
99	0.0455741860011698
99	0.0450007234843004
99	0.0450342380166942
99	0.0444184116756968
99	0.0439686009538951
99	0.0449702980018656
99	0.0453317617012917
99	0.0442592949335388
99	0.0444101081592982
99	0.0451569093466557
99	0.0452808282134391
99	0.0459168411606342
99	0.0443344878772885
99	0.0450946643717728
100	0.0454180467730603
100	0.0436710691217584
100	0.0436058074781225
100	0.0454700854700855
100	0.0440729483282675
100	0.0443908323281062
100	0.0446138711264142
100	0.0450565666502705
100	0.0449832043230612
100	0.0450073782587309
100	0.0451076653866719
100	0.0452844670440372
100	0.0448034723896793
100	0.0445429908844543
100	0.0446846499059017
100	0.0443679291687162
100	0.0443209208519849
100	0.0443122018393744
100	0.0439108061749571
100	0.044705318639195
100	0.0445535026943803
100	0.0453312669507943
100	0.0452656792296036
100	0.0446114798906677
100	0.0450119868878125
100	0.0444248740153628
100	0.0440951864807607
100	0.0444681263321062
100	0.0451743402041996
100	0.0448949320148331
100	0.0441227163047225
100	0.045101842870999
100	0.0450497893527384
100	0.0456476102133477
100	0.0454913157268618
100	0.0443081792107606
100	0.0440453594198666
100	0.0455024427627167
100	0.0435496330629587
100	0.0441646396718653
100	0.0452271071168326
100	0.0448469167744718
100	0.0454812493880349
100	0.0446773570324575
100	0.0444915254237288
100	0.0444924406047516
100	0.0450415241817294
100	0.045366702096821
100	0.0446172933765986
100	0.0454789965279476
100	0.0442806206032572
100	0.044176115446915
100	0.043879331837447
100	0.0438245065468048
100	0.0450943668059357
100	0.0451650260567458
100	0.0444292215100064
100	0.0449699554177166
100	0.0451380435311876
100	0.0447470817120623
100	0.0441520467836257
100	0.0458979611745196
100	0.0450921895632611
100	0.0451456541367676
100	0.0452763622108977
100	0.044311493749696
100	0.0438919130989162
100	0.0447775628626692
100	0.0450337512054002
100	0.0453928225024248
100	0.0443922995881621
100	0.0453933448740142
100	0.0447651663405088
100	0.0451662874570364
100	0.0445608141487995
100	0.0449331262836247
100	0.0445878701285904
100	0.0457063020807345
100	0.0451080359310512
100	0.0453856311439331
100	0.0443594456311162
100	0.0453253626029008
100	0.0449944836187461
100	0.0448243766227404
100	0.0442379362083152
100	0.0446341936735882
100	0.0455722920464358
100	0.0455705958861217
100	0.0451776402358789
100	0.0446921958313136
100	0.0446750679515691
100	0.045626814982527
100	0.0444282945736434
100	0.045142580956984
100	0.0445611986767854
100	0.0448399284151919
100	0.0451152999712946
100	0.0440686156076347
100	0.0448214371776953
100	0.0437223042836041
101	0.0442754047201092
101	0.0450327095694508
101	0.0445985647546116
101	0.0448547537338682
101	0.0450787784477728
101	0.0448387252302203
101	0.0449712643678161
101	0.0438631193749382
101	0.0441670667306769
101	0.0457227138643068
101	0.0448099556241559
101	0.0441614209730152
101	0.0448210556985383
101	0.045108348484104
101	0.0444216890969378
101	0.0451943951055852
101	0.0453222863342704
101	0.044526005698556
101	0.0439695406534021
101	0.0441677782718245
101	0.0436123560310347
101	0.0447682752030578
101	0.0456235697940503
101	0.0447561150734766
101	0.0450360192738896
101	0.0453310453310453
101	0.0451985559566787
101	0.0444627219507475
101	0.044241810199257
101	0.044589153452304
101	0.0449202555723553
101	0.0443910641364401
101	0.043612485911697
101	0.0442529860975132
101	0.0453821271665138
101	0.0449368300153139
101	0.0434188701336716
101	0.0441198097945978
101	0.0456736621707163
101	0.0448260806287294
101	0.044721513503105
101	0.0441339436280414
101	0.0446829268292683
101	0.0453520298097666
101	0.0447689035002901
101	0.0438089593520028
101	0.0450366291361424
101	0.0460003873716831
101	0.0449632511889321
101	0.0436923977178524
101	0.0446888965280165
101	0.0449340484128135
101	0.0436037975922482
101	0.0448717948717949
101	0.0457460044023352
101	0.045302905768022
101	0.0436602579703091
101	0.0445280502905039
101	0.045332936979786
101	0.0440951652971527
101	0.0445105304212168
101	0.0452038076641445
101	0.0443155226209048
101	0.0449313213387502
101	0.0449259277131689
101	0.0451665157939873
101	0.0444100430554884
101	0.0439740197257638
101	0.0451080964479172
101	0.0443643900513225
101	0.0436277358125121
101	0.0449953638182617
101	0.0450915465523958
101	0.0452821128451381
101	0.0451847127508218
101	0.0449317214037492
101	0.0448194430778313
101	0.0450316706254949
101	0.0451493626544711
101	0.0441956962269613
101	0.0445157214365554
101	0.0451594146719643
101	0.0437798219292636
101	0.0452718223583461
101	0.0452464956612949
101	0.0456029232643118
101	0.0458883640219801
101	0.0448346810852194
101	0.0440106215578285
101	0.0456774832796631
101	0.0441154917191851
101	0.0445295086733211
101	0.0445019784084803
101	0.0450748100250153
101	0.0449939393939394
101	0.0446355248538718
101	0.0452442902572998
101	0.045090804542623
101	0.0456092579986385
101	0.0450713833260245
102	0.0450141892553087
102	0.0447134863978391
102	0.0449640287769784
102	0.0459399653646334
102	0.0447462473195139
102	0.045410203882548
102	0.0452819164475606
102	0.0441549734208132
102	0.0441161989167898
102	0.0443381024464085
102	0.0447273600768676
102	0.0442766177994965
102	0.0454064454064454
102	0.0447373484702713
102	0.0448443579766537
102	0.0442949795820322
102	0.0443707335833093
102	0.0443004045031434
102	0.0441988950276243
102	0.044805443741614
102	0.04503582395087
102	0.0448002350176263
102	0.0450697333007096
102	0.0450178022728381
102	0.0451574569221628
102	0.0451218337667341
102	0.0439571294512767
102	0.0452959984497626
102	0.0444662095984329
102	0.045225406884632
102	0.0450916831970584
102	0.0440778014321657
102	0.0451907336673446
102	0.0448081044223651
102	0.0444626427091864
102	0.0449936628643853
102	0.0444497837578087
102	0.0449662145739147
102	0.0444540561322568
102	0.0447746929803603
102	0.0453416451565772
102	0.044254993055223
102	0.0439
102	0.0454342763712035
102	0.0448953893839597
102	0.045162536830411
102	0.045249745651858
102	0.0443130763773942
102	0.0445949214026602
102	0.0445108145864444
102	0.0447482297403619
102	0.0451375049820646
102	0.0441747572815534
102	0.0456776325380242
102	0.0448676725204056
102	0.0437584803256445
102	0.0447888027993002
102	0.0448157248157248
102	0.044453109767986
102	0.0446654870642246
102	0.0453491741524196
102	0.0445192307692308
102	0.0440276213330721
102	0.0452850293020778
102	0.0440617634325845
102	0.0456455869416479
102	0.0446828404113971
102	0.0448014755848947
102	0.0440562833575934
102	0.0449832043230612
102	0.0438357497324122
102	0.0442108294930876
102	0.04518222666001
102	0.0444887441046336
102	0.0451802796173657
102	0.0455663812616868
102	0.0446454069490719
102	0.0435865504358655
102	0.0443760984182777
102	0.0445865953790338
102	0.0449295843282491
102	0.0452101661779081
102	0.0446385715657099
102	0.0445714839397316
102	0.0444882860665845
102	0.0453707298136646
102	0.0440814393939394
102	0.04423828125
102	0.0439320388349515
102	0.0436953807740325
102	0.04535403434486
102	0.0442941089328922
102	0.0447573426235061
102	0.0444742643534937
102	0.0454412195836998
102	0.0449319793063805
102	0.0447123235039862
102	0.0438010393466964
102	0.0449256941728588
102	0.0454411185506105
103	0.0441310064546976
103	0.0442831392799727
103	0.0436349656398674
103	0.0448095957872154
103	0.0447190350102971
103	0.0438600723763571
103	0.0445863000245519
103	0.0454610572561005
103	0.044298605414274
103	0.0446008250424654
103	0.0441363769961791
103	0.0443235572374645
103	0.044485454810354
103	0.0448845204086573
103	0.0442267591290432
103	0.0448309178743961
103	0.0444747214247482
103	0.0446555146016445
103	0.0450094987578547
103	0.045429801553917
103	0.0448066140834363
103	0.0442744323790721
103	0.0436174858085488
103	0.045220015576324
103	0.0457601075578604
103	0.0445966660279747
103	0.0442647269943054
103	0.0449443661629658
103	0.044459285407623
103	0.0436331690175216
103	0.0446550048590865
103	0.0454480964767084
103	0.0445530185758514
103	0.0441646489104116
103	0.0442723553477499
103	0.0449362521048833
103	0.0448456610366919
103	0.0451116982944992
103	0.0443532629933568
103	0.0454746136865342
103	0.0450200141276195
103	0.0444185820967898
103	0.044189930804104
103	0.0440208312862337
103	0.0448486002666159
103	0.0452495271351666
103	0.0450021845720666
103	0.0442440066460954
103	0.045065493923488
103	0.0445594852194107
103	0.0441597515407386
103	0.0454871917644242
103	0.0452639190166305
103	0.0448859087269816
103	0.0444217885231576
103	0.0443053450046457
103	0.0443303549390334
103	0.0455516705516706
103	0.0439955324624873
103	0.0446648923300266
103	0.0436869899183869
103	0.0438924804355223
103	0.0445624117274631
103	0.0445691805795433
103	0.0446398212464176
103	0.0432734765969974
103	0.0450795807453416
103	0.0446159007044616
103	0.045007306380906
103	0.0439986095247554
103	0.0448773448773449
103	0.0441804989563662
103	0.0447570332480818
103	0.0449992742052548
103	0.0453631926500144
103	0.0443173002327386
103	0.043731077898986
103	0.0460791850855276
103	0.0444739462329904
103	0.0446557188130222
103	0.0451106352605282
103	0.0444571646632322
103	0.0448335388409371
103	0.0454938508839354
103	0.0453893932154802
103	0.0446730416304453
103	0.0444595118171251
103	0.0441356964013943
103	0.0442076845200791
103	0.0447525699258905
103	0.0446788857017842
103	0.0446990007311723
103	0.0455230776713195
103	0.0437995236011861
103	0.043948581130245
103	0.0443672839506173
103	0.0450463499420626
103	0.0440270176995513
103	0.0450007234843004
103	0.0447581422239352
104	0.0447996936773082
104	0.044396030016945
104	0.0440168313554915
104	0.04503046458492
104	0.0449599083619702
104	0.0443499095398758
104	0.0459957749183791
104	0.0451040302633493
104	0.0452469106121075
104	0.0446130794141814
104	0.0441949694472076
104	0.0450734260650414
104	0.0447478379166262
104	0.0446628811375674
104	0.0448574486717914
104	0.0447126991791405
104	0.0437800320341698
104	0.0451483795392425
104	0.0439189189189189
104	0.043570199164003
104	0.044652278177458
104	0.0456377771379211
104	0.0442430181283684
104	0.0453127250036001
104	0.0444720734506503
104	0.0440208978328173
104	0.04480494399382
104	0.0443636020032127
104	0.044650059311981
104	0.0442042743780731
104	0.0456405260594252
104	0.0446354849677012
104	0.044896411131655
104	0.0451010886469673
104	0.0449323337552332
104	0.0449858963135882
104	0.0442760461347822
104	0.0454631738800304
104	0.0444103400316532
104	0.0444629231070241
104	0.0447098976109215
104	0.0451080964479172
104	0.0450079087379571
104	0.0437184493761311
104	0.0447005497154981
104	0.0450141110065851
104	0.0442998312846469
104	0.0454997395956631
104	0.0453974693325606
104	0.0441434187467437
104	0.043852065321806
104	0.043830464342543
104	0.0444760457019566
104	0.0447553143824364
104	0.0446094873023479
104	0.0437284234752589
104	0.0447055452070497
104	0.0441782648756122
104	0.0449571272916765
104	0.0439147397468836
104	0.0450797677708933
104	0.0448087431693989
104	0.0454632282712512
104	0.0443289959215382
104	0.0446943623054923
104	0.0454721362229102
104	0.0454348766767633
104	0.0454087748741309
104	0.0454656563187485
104	0.0443435416867935
104	0.0450068985203863
104	0.0442382994592579
104	0.0447879117080638
104	0.0455994116204952
104	0.0447164150673842
104	0.044522021902348
104	0.0449368890576065
104	0.0444972826086957
104	0.0448743320799525
104	0.0445053064019172
104	0.04484262419416
104	0.0440999470415483
104	0.0455066921606119
104	0.0447444551591128
104	0.0448022571386876
104	0.0457187136768694
104	0.04402096236303
104	0.0436218454258675
104	0.0453763851738632
104	0.045083541386595
104	0.0432388038069472
104	0.0443921799206233
104	0.0444967166519651
104	0.0445563366901007
104	0.0447252113758647
104	0.0451050492188648
104	0.0443707335833093
104	0.0450677442357975
104	0.0451952822892498
104	0.0441487317448117
105	0.0448372182623772
105	0.0457142857142857
105	0.0444045423663011
105	0.0450892642317502
105	0.0447350641829939
105	0.0447238351168482
105	0.044374161395438
105	0.0453125750804863
105	0.0433875272991992
105	0.0451439022042545
105	0.0454166870804958
105	0.0442126417531939
105	0.0445290826162599
105	0.0447512730121426
105	0.0450708255830591
105	0.0445130641330166
105	0.0456504238291424
105	0.045389931866085
105	0.0457179336083284
105	0.0450286052475833
105	0.0450887229710075
105	0.0442724312078161
105	0.0445738283859884
105	0.0453147911640887
105	0.0447632711621234
105	0.0442628532516173
105	0.0446479953961251
105	0.0449443591711435
105	0.0456441482475907
105	0.0449748027003898
105	0.0447688800504438
105	0.0437782536283607
105	0.0444327024690172
105	0.0452333927453153
105	0.0441371193173459
105	0.0445257555597795
105	0.0452773472359213
105	0.0450510325183954
105	0.0452936327045245
105	0.0447267240959751
105	0.0454319267515924
105	0.0447917161449675
105	0.0453068246989103
105	0.0446587894863757
105	0.0442918048318333
105	0.0463478467761123
105	0.044665982505009
105	0.0442678774120318
105	0.0449911453596899
105	0.0450230008808848
105	0.0450299401197605
105	0.0450611476952023
105	0.0446124763705104
105	0.0453835596990204
105	0.0451331719128329
105	0.0452423352745825
105	0.0441197673859759
105	0.0443311102393095
105	0.0437266960437751
105	0.0453968563897296
105	0.0451439726695949
105	0.04509539410291
105	0.0445302571121322
105	0.0443113203061855
105	0.044313857713983
105	0.0443210549799217
105	0.0452346395742622
105	0.0448345908299478
105	0.0446093118371617
105	0.0449798416476417
105	0.0434947768281102
105	0.0441570881226054
105	0.044226393629124
105	0.0448887393665593
105	0.0437359192869037
105	0.0441147954236959
105	0.0444402330980244
105	0.0448147084171215
105	0.0437346437346437
105	0.0444444444444444
105	0.045534065506852
105	0.0448644520809469
105	0.0455772966314493
105	0.0453855638812482
105	0.0446346088394029
105	0.0451600331271009
105	0.0450514874141876
105	0.0452861460466023
105	0.0437043752087409
105	0.0458741927768476
105	0.0454234972677596
105	0.0447133336484379
105	0.0450968084592729
105	0.0453156336548563
105	0.044989676861766
105	0.0440830721003135
105	0.0446644133268952
105	0.0451866404715128
105	0.0443811271550683
105	0.0441147859922179
106	0.0443144595226954
106	0.0451783992285439
106	0.0439072753883197
106	0.0454806587514362
106	0.044556617968257
106	0.0444708115804461
106	0.044047099869167
106	0.0450064294899271
106	0.0452404738119024
106	0.0442520442520443
106	0.0445316989082551
106	0.0448240067943758
106	0.0442240812106401
106	0.0446903082423423
106	0.0447239031770045
106	0.0450863149773363
106	0.0433734939759036
106	0.0452625515983489
106	0.0455894516615579
106	0.0448819274800019
106	0.0445086422171082
106	0.0436238354037267
106	0.0446420081772369
106	0.0442528191035724
106	0.044223697406753
106	0.0444047158871279
106	0.044374631847634
106	0.0440777899291522
106	0.0447996183206107
106	0.044832059968286
106	0.0447444551591128
106	0.0446557883557015
106	0.0438470385278896
106	0.044579241286347
106	0.0448426196521822
106	0.0454047358139978
106	0.0454632374031934
106	0.0445753932424084
106	0.0443247330120026
106	0.0441447835344216
106	0.0443256540044468
106	0.0441075458738102
106	0.0453849572818411
106	0.0447897185057306
106	0.0447697555429221
106	0.0442125697646202
106	0.0459664556044275
106	0.0451231714871111
106	0.0446590800420771
106	0.0448985397307036
106	0.0448247758761206
106	0.0453130894002263
106	0.0445797807551766
106	0.0438138035461339
106	0.0449165834878084
106	0.0449969277307747
106	0.0442755577347389
106	0.0452954992091262
106	0.0444339399669109
106	0.044648435622627
106	0.0445277142440021
106	0.0455751373886678
106	0.045186087934752
106	0.0451650542077884
106	0.0450708325247429
106	0.0443809523809524
106	0.0448423999613844
106	0.0443428793698643
106	0.0451791167773523
106	0.0447661042944785
106	0.0445450214387804
106	0.0445738283859884
106	0.0446813551291163
106	0.0452534384918727
106	0.0453476654350017
106	0.044270462633452
106	0.0444262216005017
106	0.0451939613988152
106	0.043607532210109
106	0.045238893947381
106	0.0438127090301003
106	0.0435364704715625
106	0.0432406051732552
106	0.0443961649270297
106	0.0432950748220253
106	0.0449464810078621
106	0.0448662640207075
106	0.0450416171224732
106	0.0442149350340298
106	0.0449611655169087
106	0.0442465023962821
106	0.044614713156491
106	0.0457156420602896
106	0.0455604698720692
106	0.0452769802795689
106	0.0452508312852393
106	0.0442790342589942
106	0.0447099633840817
106	0.0454589232399114
106	0.044330735019846
107	0.0454480011517973
107	0.044197014635095
107	0.0452909849829679
107	0.0452385478045999
107	0.0446466657187544
107	0.0440355391561878
107	0.0444772143468747
107	0.0452983293556086
107	0.0445899744787403
107	0.0445570842384745
107	0.0454353833903227
107	0.045016077170418
107	0.0449654112221368
107	0.044563531236779
107	0.0434845212383009
107	0.0444444444444444
107	0.0447375833255093
107	0.0440785979819437
107	0.0444788242119513
107	0.0441923387288176
107	0.0450819672131148
107	0.0440743422640599
107	0.0456255190269161
107	0.0448434753693411
107	0.0450116913484022
107	0.0442473679218439
107	0.0443474925687985
107	0.0442644293360336
107	0.0454199923983276
107	0.0450577851465353
107	0.0444465685337412
107	0.0446735395189003
107	0.0443965517241379
107	0.0450574494350014
107	0.0441581899420097
107	0.0443892892940671
107	0.0443761406204976
107	0.0446606549596583
107	0.0451250540060487
107	0.0436083586775238
107	0.0447179881713709
107	0.0442482077576793
107	0.0452757793764988
107	0.0447281323877069
107	0.0448863636363636
107	0.0446476079910995
107	0.0456899031546649
107	0.0452364962103041
107	0.0451217192848992
107	0.045310092449923
107	0.0449137560322997
107	0.0442118344326546
107	0.044872402997818
107	0.0445077105575326
107	0.0452007064101952
107	0.0444101177833559
107	0.0443966547192354
107	0.0439852898480596
107	0.0455215015443098
107	0.0446307423919364
107	0.0451289049173936
107	0.045565383695912
107	0.0446364290856731
107	0.0448010698762956
107	0.0441140628808189
107	0.0441388595057217
107	0.044434919274182
107	0.0452232077940963
107	0.0455210059459986
107	0.0448517940717629
107	0.0449388753056235
107	0.0451649709993344
107	0.0441590099381211
107	0.0446559297218155
107	0.0442002442002442
107	0.0450437317784257
107	0.0450202044212028
107	0.0447639977068603
107	0.0447319957351943
107	0.0438075939595696
107	0.0444082882710437
107	0.0451182358914841
107	0.0443792672372344
107	0.0449566625392895
107	0.044890896856676
107	0.0453444433678907
107	0.0447617673926631
107	0.0444072657743786
107	0.0440453686200378
107	0.0447015892831421
107	0.0446683140087436
107	0.0445596850091232
107	0.0456253865550216
107	0.0444846637454753
107	0.0442349528643945
107	0.0445613196270619
107	0.0444359683417565
107	0.0449516874387341
107	0.0436668453628344
107	0.0449077786688051
108	0.044308669296642
108	0.0443062572872134
108	0.0445805843543827
108	0.0443934175277459
108	0.044982206405694
108	0.0438310899460615
108	0.0437243526248762
108	0.0436158302098038
108	0.0432742939205361
108	0.0452882193603574
108	0.0445933014354067
108	0.0452540747842761
108	0.044577962980909
108	0.0443377845364254
108	0.0450871969374734
108	0.0442651131697068
108	0.0451084056846292
108	0.0445881066692019
108	0.043557168784029
108	0.0447301525224873
108	0.0444308040983994
108	0.0448032967559538
108	0.0445539861598256
108	0.0449019977384093
108	0.0445371302555252
108	0.0439085318985396
108	0.0453507185685733
108	0.0447824250105619
108	0.0444710961861358
108	0.0440003842828322
108	0.0453267241790191
108	0.0445606293169609
108	0.0452869931542917
108	0.0443901738255998
108	0.0446322586771758
108	0.0438099926162934
108	0.0448678837940583
108	0.0450867052023121
108	0.0455575488622415
108	0.0448091639794003
108	0.0454221504252387
108	0.0452667167543201
108	0.0449561928472255
108	0.0438892640108035
108	0.044917715392062
108	0.0443701847210619
108	0.0446475072203021
108	0.0453508271534512
108	0.0441703714326689
108	0.0437586585773659
108	0.0454239569313594
108	0.0448629320619785
108	0.043592758053139
108	0.0452888390353337
108	0.0443655723158829
108	0.0449525285797326
108	0.0448564873343634
108	0.0435731915701538
108	0.0456010618126659
108	0.0443460083615369
108	0.0443897591216696
108	0.0444487390085999
108	0.0450758487840116
108	0.0456565851773118
108	0.0439052570768342
108	0.0440554059253559
108	0.0444777128507268
108	0.0450911875927433
108	0.0440127265715388
108	0.0449110388368089
108	0.0452672902631706
108	0.0445279745554431
108	0.045648869466084
108	0.044739336492891
108	0.0448565464342929
108	0.0458241653113939
108	0.0447212001132182
108	0.0454415274463007
108	0.0448840572948257
108	0.0448733184389409
108	0.0442529012375403
108	0.0448383733055266
108	0.0441978559337973
108	0.0443225190839695
108	0.0436283440406559
108	0.0451215939056549
108	0.0444033740877642
108	0.0446780551905388
108	0.0439161380913185
108	0.0444949031354172
108	0.0450253831190397
108	0.0452655452655453
108	0.0445277938065013
108	0.0449836946096298
108	0.0444591278081933
108	0.0447136881580845
108	0.0448492342813659
108	0.04587022789955
108	0.0444947936752796
108	0.0451452437937022
109	0.0440463746080015
109	0.044023961205667
109	0.0451477996388176
109	0.0450049690028868
109	0.0447649020620978
109	0.0445086705202312
109	0.0445588999669234
109	0.0438843093343498
109	0.0444444444444444
109	0.0456843199319696
109	0.044509250848592
109	0.0442620548145977
109	0.0441662400521245
109	0.04381234190808
109	0.0442541728798884
109	0.0448948301470941
109	0.0451359287676423
109	0.0447333205887976
109	0.0450331125827815
109	0.04456419868791
109	0.0442107266929996
109	0.0439716312056738
109	0.0438755980861244
109	0.0451887542686064
109	0.0442423671315492
109	0.0444018221050108
109	0.0431111740012264
109	0.0459188637026948
109	0.044577857615581
109	0.0434470548830088
109	0.0447063407032239
109	0.0455405208788011
109	0.0442636060021638
109	0.0446551315477601
109	0.0443074003795066
109	0.0448862275449102
109	0.043961306388277
109	0.0453689759036145
109	0.0452536510376633
109	0.0449921192147872
109	0.0445359825539133
109	0.0446858177314087
109	0.0441544934524654
109	0.0443361521188668
109	0.0455339851683907
109	0.0441148775894539
109	0.0447797399573064
109	0.0443880189965675
109	0.0444972664606608
109	0.0442382492150523
109	0.0446176653435991
109	0.044593246901268
109	0.0449001152516327
109	0.045042492917847
109	0.0445929816185247
109	0.04502052897928
109	0.0447037357149717
109	0.0448035610605767
109	0.0433187190240183
109	0.0441280467681863
109	0.0448678837940583
109	0.0450232469873802
109	0.0450145438939488
109	0.0440980802128873
109	0.0445978995827938
109	0.0452537593984962
109	0.046115929664913
109	0.0452287959882347
109	0.0441141441570197
109	0.0453870117421519
109	0.0452510470322053
109	0.0446988933071432
109	0.0434950892641153
109	0.0446951104398716
109	0.0444287063267233
109	0.044758934996402
109	0.044011544011544
109	0.0443411753315907
109	0.0441099414090411
109	0.0447983116696244
109	0.0441454087806767
109	0.044137084592145
109	0.0449395591372363
109	0.0445013529184383
109	0.0448509743981658
109	0.0445136559655007
109	0.043901736877459
109	0.043921530730576
109	0.0441720740206681
109	0.044291151284491
109	0.0447865967802321
109	0.0454737039291903
109	0.0438132148596276
109	0.0442176870748299
109	0.0438136965425279
109	0.0443837165473049
109	0.0435444724694237
109	0.0453635757171448
109	0.0450328565906455
109	0.0453407778205622
110	0.0456040028591851
110	0.0438914891584679
110	0.0446377638334284
110	0.0446012702893437
110	0.0442415399821151
110	0.044592516658124
110	0.044186701728024
110	0.0443563789152024
110	0.0438218390804598
110	0.0450134511913912
110	0.044752138367752
110	0.0450686760778329
110	0.044419846960874
110	0.0445220016035467
110	0.0456857710382249
110	0.0438806671364811
110	0.0452375210995901
110	0.0451195740027576
110	0.0437508975156766
110	0.0441782462865357
110	0.0451982799808887
110	0.0446660884648742
110	0.0441832573758695
110	0.044017094017094
110	0.0440444274224435
110	0.0441571114906075
110	0.0451091890858699
110	0.0451884464657216
110	0.0438445337928394
110	0.0429618276737392
110	0.0447046553522329
110	0.0445606293169609
110	0.0443686006825939
110	0.0456901060238673
110	0.0448926164735541
110	0.0433050324906323
110	0.0444285714285714
110	0.0447923051534726
110	0.0441880505553428
110	0.0442482011027007
110	0.0449337121212121
110	0.0447839831401475
110	0.0449448745015247
110	0.0448187268055952
110	0.0443062200956938
110	0.0441964720787448
110	0.043347208267547
110	0.0443992623764717
110	0.0446080554352534
110	0.0445647445502441
110	0.0446885415199737
110	0.0444878886133893
110	0.0441738299904489
110	0.044824578406668
110	0.0451163906887449
110	0.0445853931536237
110	0.0438529299119111
110	0.0436361920935937
110	0.0461047010584533
110	0.045336413514294
110	0.0444714345774747
110	0.044937917860554
110	0.0445324805498544
110	0.0446313375065705
110	0.0443589505886716
110	0.0457364708110411
110	0.0450411845926772
110	0.0446041795591946
110	0.0449823691985133
110	0.0446562032884903
110	0.0449830297815383
110	0.0436668594563331
110	0.0451145286437764
110	0.0447627994363551
110	0.0437186879667265
110	0.0444487204156244
110	0.0446262017506098
110	0.0439523967569105
110	0.0452411438326931
110	0.0448869389132636
110	0.0446432732186961
110	0.0442885026489451
110	0.0436895539623731
110	0.0446126743798505
110	0.045200439581442
110	0.0449059114236837
110	0.044403286318089
110	0.0445122241814802
110	0.0450089546611368
110	0.0453069865913903
110	0.0445217055386547
110	0.0434823841813268
110	0.0453594831993308
110	0.0443723460088745
110	0.0439427632215025
110	0.0440532825880114
110	0.0446806509265356
110	0.0452084586553144
110	0.0445567724421979
110	0.0442995812714123
111	0.0448130019483914
111	0.0442589901073656
111	0.0448135529055461
111	0.0441322080248951
111	0.0446647780925401
111	0.0444153536864744
111	0.0453962676290422
111	0.0450362064938099
111	0.0448595451939614
111	0.0443047020151493
111	0.0441609895153887
111	0.0452328583723821
111	0.0443671368661838
111	0.0452712433989438
111	0.0444847501312587
111	0.044733383402178
111	0.044027877913963
111	0.0439208564328044
111	0.044049716653174
111	0.0445470726896618
111	0.0434948675101456
111	0.0439151649838156
111	0.0436418359668924
111	0.044632714880727
111	0.0447600299962505
111	0.0444941467593033
111	0.0447435775902929
111	0.044766231307969
111	0.0439637779758833
111	0.0449648937193421
111	0.0445938856297992
111	0.0430789941824126
111	0.0450897974780283
111	0.0449379676105692
111	0.0441548522602511
111	0.0449622579586478
111	0.0444507629608568
111	0.0443540669856459
111	0.0439455911728336
111	0.0451615983195684
111	0.0439819359905753
111	0.0442173667357318
111	0.0445291393284446
111	0.04477683264838
111	0.0438325372295589
111	0.0440054947657619
111	0.0444037214547505
111	0.0457798208615705
111	0.0444252956101297
111	0.0445551601423488
111	0.0453131528854636
111	0.0453333333333333
111	0.0448666319230587
111	0.04441810855653
111	0.0444601603017445
111	0.0449485897556834
111	0.044744617982271
111	0.0445666603451546
111	0.045343430954321
111	0.0445546938972111
111	0.0448675339473934
111	0.0441862635311683
111	0.0453249714937286
111	0.0449097541333081
111	0.0440626626910881
111	0.0453697056712132
111	0.0443026093486015
111	0.0438579654510557
111	0.044330334008574
111	0.0447697352787415
111	0.0451149020160722
111	0.0446112651812183
111	0.0444805039851095
111	0.0443154466940394
111	0.0452956667464688
111	0.0441598794783673
111	0.0450654097729896
111	0.0443253320904218
111	0.0449163510857581
111	0.0441476007768462
111	0.045245038096134
111	0.0453173630104687
111	0.0445269016697588
111	0.0444603972242163
111	0.0449858088930937
111	0.0457867685198284
111	0.0451261799267964
111	0.0441205243592252
111	0.0443777110443777
111	0.0447105041623796
111	0.0446986446217437
111	0.0448552526626941
111	0.0448572941233094
111	0.0447491192992478
111	0.0440011318619128
111	0.0450233611779697
111	0.0448199157555966
111	0.043892760356175
111	0.0450006966052106
111	0.0443148964405896
112	0.04537387884311
112	0.0457494353404777
112	0.0438473783223192
112	0.0443155452436195
112	0.0447404211414904
112	0.0450995332888847
112	0.0451244813278008
112	0.0443115464305896
112	0.044160756501182
112	0.0437674418604651
112	0.0448139123787683
112	0.044529499626587
112	0.0438314755337238
112	0.0447008949599623
112	0.0449139499090528
112	0.0445162779958439
112	0.0450125168496052
112	0.0442878232296776
112	0.0444234404536862
112	0.0449833662793501
112	0.0453115462271681
112	0.0447290452069196
112	0.0449560366833696
112	0.0444600938967136
112	0.0452328583723821
112	0.0445471437419601
112	0.0440689043462023
112	0.045301775147929
112	0.0449200376293509
112	0.0435783047663771
112	0.0435768748190329
112	0.0445411612186314
112	0.0440520446096654
112	0.0445923460898503
112	0.0442019862917891
112	0.0450899425696521
112	0.0440210555736712
112	0.0447988574149012
112	0.0448807854137447
112	0.0445917159763314
112	0.044802952169182
112	0.0452058738842499
112	0.0449785816277963
112	0.0438892319384411
112	0.0446792381313371
112	0.0446869561127052
112	0.044651782739087
112	0.0443019527834451
112	0.0457442288627673
112	0.0450759892721028
112	0.0446597353497164
112	0.0442373202119606
112	0.0442942233147395
112	0.0448532549428666
112	0.0451092781583485
112	0.0452794739314232
112	0.0441274054412741
112	0.045266910591988
112	0.0439374735952683
112	0.044688782973904
112	0.0448470012239902
112	0.0452258875882751
112	0.0441211887674004
112	0.0454763044518909
112	0.0435204973771129
112	0.0441120966220042
112	0.0452432893863227
112	0.0447627150690112
112	0.0447027691144504
112	0.0441023211747987
112	0.0444884301804986
112	0.0453138713104531
112	0.0443624668936814
112	0.043480315704901
112	0.0450755970043804
112	0.0440353041662712
112	0.0447834164466608
112	0.0448574021879329
112	0.0442089538303534
112	0.0446386395843174
112	0.0444000760600875
112	0.0446315195409867
112	0.0433472960888596
112	0.0446478610125163
112	0.0439365671641791
112	0.0449183731244692
112	0.0443309791945028
112	0.0450306920950284
112	0.0440879838632216
112	0.0446466657187544
112	0.044182896641913
112	0.0451437042704797
112	0.0439061678849553
112	0.0454720802391745
112	0.0449968984110321
112	0.0455042556226523
112	0.0449517867271696
112	0.04482395713739
112	0.0444641855245932
112	0.0440076701821668
113	0.0447535958500354
113	0.0448106525639815
113	0.044155595909395
113	0.0454290521592821
113	0.0438103473122928
113	0.0443188295648869
113	0.0446191739295188
113	0.0453360640476634
113	0.0456104091314763
113	0.0447479090866134
113	0.0439285038774352
113	0.0449348702089776
113	0.0442933371110167
113	0.0442662618019642
113	0.0446643109540636
113	0.0434323051792063
113	0.0442261597029656
113	0.0451149563792356
113	0.0445131077101337
113	0.0451956298440564
113	0.0440771349862259
113	0.0450497149050469
113	0.0442297674859118
113	0.0450783259293898
113	0.0447349655336344
113	0.0449671720750083
113	0.0439838694551252
113	0.0449166982203711
113	0.0443323727185399
113	0.044712595294888
113	0.044047120175071
113	0.0452879827116415
113	0.0452839154193395
113	0.0439680578001711
113	0.0449004280662572
113	0.0449267085474967
113	0.0433125268023062
113	0.0441644810790558
113	0.0439983309379202
113	0.0432665027425761
113	0.045763351575769
113	0.0443491375247431
113	0.0451485334965397
113	0.0436876997186054
113	0.0435096500938538
113	0.0451410069916944
113	0.0454695377656316
113	0.0444497041420118
113	0.0445957210336205
113	0.0455802422046343
113	0.0438407494145199
113	0.0443495400788436
113	0.0448723985309351
113	0.0454674758202162
113	0.0442128977752746
113	0.0447872489164375
113	0.0440752832725178
113	0.0445725534308212
113	0.0445955067013788
113	0.0445245563930896
113	0.0445603223512681
113	0.0446678363127697
113	0.0444770052464905
113	0.0449775827530287
113	0.0452320995866394
113	0.0454349181979561
113	0.0439486464393903
113	0.0450566795810016
113	0.0438571153475833
113	0.0435313453862409
113	0.0449939574230733
113	0.0444433836165744
113	0.0441768994627782
113	0.0450608993655351
113	0.0447001759475011
113	0.0445516724444861
113	0.0442963727652386
113	0.0454155137868524
113	0.0443838450326767
113	0.0450821590749497
113	0.0445636957536164
113	0.0458970138725605
113	0.044138196887197
113	0.0445094063840822
113	0.0434741111906466
113	0.0443628143543374
113	0.0439622909659387
113	0.0453720508166969
113	0.0446265511589792
113	0.0440230910029568
113	0.0451113890046779
113	0.0446922004901725
113	0.0448240067943758
113	0.044760745388145
113	0.0450301772915881
113	0.044256120527307
113	0.0438168511915932
113	0.0439052025304504
113	0.0448073901242798
113	0.0440155908356308
114	0.0448321140498968
114	0.0447691299054041
114	0.04434620753839
114	0.0453102042750841
114	0.043684710351377
114	0.0445055987853483
114	0.044061029516612
114	0.044393744949855
114	0.0448078650092168
114	0.0440744368266405
114	0.0444202658593122
114	0.0446517354041385
114	0.0438807803126919
114	0.0447249345082162
114	0.0452597133244227
114	0.0447102979122684
114	0.0441197467992956
114	0.0451134871506284
114	0.0443095454328187
114	0.0454226176539452
114	0.0453236391105236
114	0.0444454852004496
114	0.0434214979933272
114	0.0452562960183839
114	0.0446076762173469
114	0.0438877290651821
114	0.0442825377300468
114	0.0443586362780185
114	0.0448140337423313
114	0.0446100116414435
114	0.0447796259750023
114	0.0448744916561492
114	0.0450948612832491
114	0.0442329227323628
114	0.0444423739867698
114	0.0444423608832216
114	0.0437292948414576
114	0.0447465307278391
114	0.0436987534954263
114	0.04473582722715
114	0.0441176470588235
114	0.0440741094451342
114	0.0445614364952524
114	0.0448801946836391
114	0.0447580457361092
114	0.0447001131648435
114	0.0450806186245475
114	0.044689058236899
114	0.0452769802795689
114	0.0449622579586478
114	0.0444004524886878
114	0.0448633982035928
114	0.0448252816497995
114	0.0449549507052219
114	0.0438001233806292
114	0.0449018669219722
114	0.0454824251002595
114	0.0445700824499411
114	0.0452899402718337
114	0.0437900736167181
114	0.0437391589705124
114	0.0442800973600449
114	0.0439431599681096
114	0.0444613700195173
114	0.0447873896833263
114	0.0438087145352405
114	0.04503582395087
114	0.0440797186400938
114	0.0450929653057313
114	0.0440545081202165
114	0.0444602948169282
114	0.0454984544049459
114	0.0443703880028565
114	0.0446374657438803
114	0.0446005022788578
114	0.0451520229830022
114	0.0452418096723869
114	0.0445787684170759
114	0.0448535252067467
114	0.0443711728685822
114	0.0453641443318496
114	0.0443844441286533
114	0.0448200550754914
114	0.0448298739455976
114	0.0439271721594838
114	0.0447030006123699
114	0.0448175319789315
114	0.043672433245581
114	0.044208539749941
114	0.0448159595391964
114	0.0443394862403007
114	0.043584932890749
114	0.0445062586926286
114	0.0450059031877214
114	0.044071651976116
114	0.0453094187247629
114	0.0448020266466504
114	0.0446669771774569
114	0.044295175912443
114	0.0451148888473753
115	0.0444194017936799
115	0.0452801945925718
115	0.0442326838287584
115	0.0442891543510081
115	0.0451248233631653
115	0.0442938284568756
115	0.0445829791253424
115	0.0455779397056722
115	0.0441872452087531
115	0.0445646093604326
115	0.0443319743193214
115	0.045034965034965
115	0.0436752014494827
115	0.0444064507185435
115	0.0447278353415538
115	0.0445461337317893
115	0.0445043511161559
115	0.0436260623229462
115	0.0438893593000282
115	0.0444714914333864
115	0.0449432847202364
115	0.044852976562876
115	0.0446636270587141
115	0.0444434167321833
115	0.0448018648018648
115	0.0443855581318317
115	0.0447585947773812
115	0.0446983459221723
115	0.0452313017447027
115	0.0443305330105843
115	0.0449264499203598
115	0.0442785368831291
115	0.0449448833798552
115	0.045067625082758
115	0.0451216076626913
115	0.0447473628437937
115	0.0437161069355913
115	0.0446669771774569
115	0.0449023455751799
115	0.0439938791124713
115	0.0452547919588593
115	0.044522833444561
115	0.0433692773363602
115	0.0436135602810128
115	0.0445551468876577
115	0.0446503398826706
115	0.0446475072203021
115	0.0439026668534865
115	0.0436610299035063
115	0.0451749236910073
115	0.04503582395087
115	0.0448374584410787
115	0.0453245639119245
115	0.0450014107025299
115	0.0451468344774981
115	0.0448917148730698
115	0.0456110560822603
115	0.0441327243918352
115	0.0432785299806576
115	0.0448272624859181
115	0.0447491192992478
115	0.0447208507406001
115	0.044262757259656
115	0.0444780206808631
115	0.0447093889716841
115	0.0445671840777069
115	0.0449818849103656
115	0.0446647824676829
115	0.0452126428802814
115	0.0443953772432585
115	0.0451673738802452
115	0.0437114380635975
115	0.0439869190732808
115	0.043636707842302
115	0.0447501878287002
115	0.0449432914490094
115	0.0431401939200899
115	0.0448033707865169
115	0.0447059918124302
115	0.0437959623401564
115	0.043702040052405
115	0.0440321643092424
115	0.0444872457368347
115	0.0448639487807174
115	0.0437277685558454
115	0.0440351129658944
115	0.044983667755483
115	0.0451828166272765
115	0.0444765275707899
115	0.0447640363826849
115	0.0449219676485935
115	0.0440557787757031
115	0.0441280135344706
115	0.0446349117137371
115	0.044361254094525
115	0.0453370918487198
115	0.0450944836800916
115	0.0440594289972521
115	0.0445945945945946
115	0.0450433471541651
116	0.0442494664453403
116	0.0438948411761929
116	0.0447460800374444
116	0.044295744781113
116	0.0447189097103918
116	0.0444122729183206
116	0.0439159136663701
116	0.0450787125706545
116	0.0442654028436019
116	0.0447768192048012
116	0.0448250046790193
116	0.0445296786566257
116	0.0443717888836992
116	0.0448977690838806
116	0.0444609114486847
116	0.0447039121737917
116	0.0439422764604891
116	0.0453781512605042
116	0.0450168179514353
116	0.0443370554565075
116	0.0436553863247072
116	0.044223614185466
116	0.0447017510558535
116	0.0451191827468785
116	0.0441446100324385
116	0.0446662917135358
116	0.0450175849941383
116	0.0457693747660052
116	0.0448751117173903
116	0.0441932168550874
116	0.0452807025827471
116	0.0451364426283406
116	0.044809207112872
116	0.0435482344031052
116	0.0444454700696912
116	0.0452049007182087
116	0.0445874946750603
116	0.0444768673224455
116	0.0448336740382828
116	0.0446964017991004
116	0.0441398865784499
116	0.0453741623231571
116	0.0442219440967877
116	0.0445764535291641
116	0.044267770616738
116	0.0438983209830222
116	0.0449501072461065
116	0.0443905224093634
116	0.0440392306227385
116	0.0443654871080809
116	0.0449333890358817
116	0.0450285821385062
116	0.0444237050863276
116	0.0442173667357318
116	0.0439035806225135
116	0.0448898927159797
116	0.0445207089464529
116	0.0443550318532356
116	0.0439405344373353
116	0.044459034845003
116	0.0443377576955662
116	0.0451461016479712
116	0.0448284137269018
116	0.0451357412090271
116	0.043880014858841
116	0.043638055361712
116	0.0450218922520464
116	0.0450571309617431
116	0.0443061840120664
116	0.0446416063506888
116	0.0440573298308678
116	0.0455252368160611
116	0.0446586569805346
116	0.0450458887432103
116	0.0450729327892688
116	0.0443126634292118
116	0.0446323147404714
116	0.0456261510128913
116	0.0449792293367712
116	0.0446041151495358
116	0.0447503477385006
116	0.045348781993447
116	0.0440642104778989
116	0.0447325769854133
116	0.0449658782836309
116	0.0448206257454812
116	0.0447195786750439
116	0.044775426874536
116	0.0445890345421491
116	0.0434292160180485
116	0.0443340340149054
116	0.0438178077066966
116	0.0445853843241197
116	0.0449807754667161
116	0.0438307817045834
116	0.0449014243939251
116	0.0440039831191616
116	0.045151670472019
116	0.0445154019534185
116	0.0440421759820845
117	0.0444804267073055
117	0.045070818872526
117	0.0450408182415314
117	0.0444173733776882
117	0.0441044951753354
117	0.0442323575295953
117	0.0440695392092719
117	0.0452747661811921
117	0.0444076613856704
117	0.0453601434909846
117	0.0446335202966061
117	0.04463662993444
117	0.0444175997769828
117	0.0444278164897348
117	0.0450344242195605
117	0.0447423069662073
117	0.0448672440721284
117	0.0449079293498685
117	0.0446159466617956
117	0.045014139353762
117	0.0452334175320423
117	0.0446601026993923
117	0.0444237918215613
117	0.0450138179774228
117	0.044741047090892
117	0.0443692423387855
117	0.0450757575757576
117	0.0451166012468252
117	0.0447839081550358
117	0.0452357119023786
117	0.0440401212969442
117	0.0446769404778736
117	0.0446140161977436
117	0.043342644320298
117	0.0446223720560004
117	0.0452046426389737
117	0.0448231153917392
117	0.0439042952956286
117	0.044562870400147
117	0.0447341273562787
117	0.0446689961280574
117	0.0446714366409339
117	0.0445590994371482
117	0.0450292119887902
117	0.0436532656092769
117	0.045397635056805
117	0.0444759876981311
117	0.044304675576932
117	0.0439364841444564
117	0.0443043840949115
117	0.0448996971990916
117	0.0443848253788948
117	0.0457674595261834
117	0.0441211093845647
117	0.045133199119809
117	0.0437859144227573
117	0.0445428993378114
117	0.0441100642197534
117	0.0447320298213532
117	0.0448118746770633
117	0.0445247255325138
117	0.044897198004569
117	0.04460378061272
117	0.0448134345959715
117	0.0444706994328923
117	0.0444988005080201
117	0.0451588573583483
117	0.0440813666620118
117	0.0435484636937835
117	0.0443494026312119
117	0.044734998832594
117	0.0448436706230084
117	0.0452842873607376
117	0.0450130743369443
117	0.0443513847910917
117	0.0452270795958833
117	0.0436402589539379
117	0.0444753300903405
117	0.0439077417525286
117	0.0447311827956989
117	0.0446816550160589
117	0.0451200888518673
117	0.044291201925302
117	0.0444301055445453
117	0.0442146633603144
117	0.0443646202649748
117	0.0446432754016958
117	0.0452301099310602
117	0.0442138717517293
117	0.0439937891121253
117	0.0449175888313022
117	0.0447099453959957
117	0.0451560715645223
117	0.0443127293254304
117	0.0451194891778957
117	0.0444570832740888
117	0.0452746848256188
117	0.0443592292761445
117	0.0444827425590386
117	0.0440446937734712
118	0.0445267299236288
118	0.0447844228094576
118	0.0444032444959444
118	0.0440998416689951
118	0.0438412387481927
118	0.044000739508227
118	0.043414863593603
118	0.0437420629321293
118	0.0441578005837492
118	0.0447817657350924
118	0.0447880816557447
118	0.0442790697674419
118	0.044206890112968
118	0.0449676780068891
118	0.0450109725918663
118	0.0445994009734182
118	0.0449224193997956
118	0.0447479981158738
118	0.0439585944390289
118	0.0444889015909307
118	0.0446653598431812
118	0.0448971892095831
118	0.043490356083086
118	0.0448888267375192
118	0.0447520927237605
118	0.0443860554591095
118	0.0447621717596486
118	0.043566124635774
118	0.0445569855503415
118	0.0446524188666946
118	0.0434050514499532
118	0.0449712313003452
118	0.0447754069406654
118	0.0441030956980634
118	0.044258540916951
118	0.0443589038584914
118	0.0438546423135464
118	0.0451452437937022
118	0.0449228761824875
118	0.0439067681816059
118	0.044616967542793
118	0.0438925119097174
118	0.0448170165335315
118	0.0452748493975904
118	0.0445544554455446
118	0.0441761363636364
118	0.0440487347703843
118	0.0445556237315335
118	0.0450662603315325
118	0.0443421485274085
118	0.0447122318894524
118	0.0441842900302115
118	0.0443223443223443
118	0.0443506797937178
118	0.0448667439165701
118	0.0446216254021541
118	0.0449935460077448
118	0.0451483110320951
118	0.0445570339504711
118	0.044539554134136
118	0.0444434209920324
118	0.0435169988276671
118	0.0455273392816289
118	0.0440944881889764
118	0.0449015601783061
118	0.0450458931513297
118	0.0444659925197396
118	0.043686833403195
118	0.0442403224294686
118	0.0445560824451852
118	0.04429937048263
118	0.0445542247285268
118	0.0447167630057803
118	0.0441295354034904
118	0.0448189647189555
118	0.0451106620929468
118	0.044783275795934
118	0.0440977250432102
118	0.0450479677434305
118	0.0441478439425051
118	0.0446626239291558
118	0.0446808510638298
118	0.0450420800225681
118	0.0443610785463072
118	0.0444341372912802
118	0.0451732101616628
118	0.0435089038199502
118	0.0441822043898985
118	0.044468243620786
118	0.0450145663001598
118	0.0437275651484779
118	0.0440320580097319
118	0.0448291998128217
118	0.0447917161449675
118	0.0441183321686466
118	0.0450488538143555
118	0.0448392948509233
118	0.0438451746735185
118	0.0448483140790833
118	0.0447171875743304
119	0.0452537091298079
119	0.0442004504504505
119	0.0445954752816311
119	0.0440306379855983
119	0.0450693733122265
119	0.0446927374301676
119	0.0449136454137149
119	0.0450132391879965
119	0.0448482595157318
119	0.0441986393298468
119	0.045231760257667
119	0.0424364896073903
119	0.0444671370219087
119	0.0444633650253063
119	0.0449344125034887
119	0.0434823221708468
119	0.0453024811820463
119	0.0446778130901386
119	0.044525004647704
119	0.045192263306098
119	0.0441590099381211
119	0.0448046201853663
119	0.0446896035901271
119	0.0447829889078106
119	0.0447255796453934
119	0.0437829194883371
119	0.0444517154342339
119	0.0442813055269803
119	0.0446858242815894
119	0.0432249577147153
119	0.0445472818211565
119	0.0441463188190512
119	0.044624461509646
119	0.0450669914738124
119	0.0447678190749838
119	0.044647482692036
119	0.0442946106662921
119	0.0445815550194841
119	0.0448748228625413
119	0.0448061362892288
119	0.0440216377541503
119	0.0444863336475024
119	0.0443106449033351
119	0.0437526293647455
119	0.0439632239697578
119	0.0446199130962949
119	0.0445504795200076
119	0.0439858050056033
119	0.0445650157670191
119	0.0435748381303464
119	0.0448479132280123
119	0.0445289670207338
119	0.04410189540353
119	0.0447526451243923
119	0.0445945320812324
119	0.0448246606334842
119	0.0448149352157154
119	0.0448061362892288
119	0.0445674740484429
119	0.0444653349001175
119	0.045398773006135
119	0.0442216704923408
119	0.0447885756676558
119	0.0439832089552239
119	0.0448231153917392
119	0.0454587410005538
119	0.0456883651328096
119	0.0440260409348508
119	0.0449396471680594
119	0.0443758352149671
119	0.044923671142174
119	0.0450089546611368
119	0.044551724137931
119	0.0432606865587878
119	0.0440917945550435
119	0.0453215695379615
119	0.0448807203193168
119	0.0447559612518629
119	0.044112201444177
119	0.0448084910013844
119	0.0444465021528774
119	0.0446457759305095
119	0.0443381772598542
119	0.0445138435722942
119	0.0447935661850657
119	0.0441874395244897
119	0.0436474449132677
119	0.0448403235610418
119	0.0440583165230149
119	0.0437402890908235
119	0.0436837582354626
119	0.0448521435645899
119	0.0447663244738199
119	0.0446510771496962
119	0.0447932442975814
119	0.043924620288768
119	0.0434903047091413
119	0.0448521916411825
119	0.0449995278118803
119	0.0443214606688425
120	0.0444886810795797
120	0.0440003752697251
120	0.0450651769087523
120	0.0453663844079663
120	0.0446320868516285
120	0.0441148686945022
120	0.0439060614499211
120	0.0444577812658695
120	0.0444571374172974
120	0.044694548654532
120	0.0446483180428135
120	0.044487336409001
120	0.0450530448193672
120	0.0438842203548086
120	0.0442320007318635
120	0.0442914301665581
120	0.0439151982378855
120	0.0443770415305646
120	0.0447351568932394
120	0.0446135552913199
120	0.0443597135683065
120	0.0446001763586578
120	0.0445729205520328
120	0.0444800732936326
120	0.0443985544656686
120	0.044413407821229
120	0.0440031697198527
120	0.0441386293551802
120	0.0447028304071895
120	0.0450086018505603
120	0.0450582080407221
120	0.0445052905142009
120	0.0437432603497585
120	0.0433571627518336
120	0.0443708300284608
120	0.0448117625023413
120	0.0445045717484605
120	0.0443088854210999
120	0.0445961106955871
120	0.0442519759572152
120	0.0449934859482598
120	0.0435003229080173
120	0.0447486906183957
120	0.0444318930622235
120	0.0447148785377908
120	0.044778156996587
120	0.0444771181768057
120	0.0451535773404451
120	0.0440997851069794
120	0.045284255877119
120	0.0441045371369587
120	0.0450306920950284
120	0.0446681200426736
120	0.0446323147404714
120	0.0445065176908752
120	0.0443854501420521
120	0.0437316402918601
120	0.044817272642303
120	0.044884549534959
120	0.0451556536533775
120	0.0443417793865498
120	0.0447796149702562
120	0.0452612112806288
120	0.0450442066077245
120	0.0440018527095878
120	0.0443246759280769
120	0.0445302684844819
120	0.0451241385820825
120	0.04410189540353
120	0.0449280777134317
120	0.0438600524113834
120	0.0445039471861872
120	0.0445073078736445
120	0.0439601728348676
120	0.0449349442379182
120	0.044774737232023
120	0.0449333457630279
120	0.0437331135229198
120	0.0444729136163982
120	0.0443377576955662
120	0.0440022421524664
120	0.0449645259375288
120	0.0447003976415741
120	0.0440912101428707
120	0.0440437208873311
120	0.0439189189189189
120	0.0440427817476998
120	0.0446242774566474
120	0.0445494118736686
120	0.04453537612409
120	0.0442400147928994
120	0.0446353139960574
120	0.0439985101033616
120	0.0443037974683544
120	0.0447850501703029
120	0.0447900176925226
120	0.0445342291628836
120	0.044690952250525
120	0.0438021174927387
120	0.0443169968717414
121	0.0443204353641101
121	0.0444097616345062
121	0.0448629188590418
121	0.0436947942116144
121	0.0449187935034803
121	0.0449217815624552
121	0.0444150444150444
121	0.04366631390052
121	0.0445951595670553
121	0.0444802949988477
121	0.0449074734789021
121	0.0447293313994292
121	0.0444486033780939
121	0.044914317302377
121	0.0449740356083086
121	0.0449237983587339
121	0.0439239332096475
121	0.0443183914406936
121	0.0452690166975881
121	0.04434620753839
121	0.044114921223355
121	0.0441935926145971
121	0.0440304041527623
121	0.0443754057312436
121	0.0439193884642113
121	0.0450909771270873
121	0.0448553643354083
121	0.0449086642433166
121	0.0435831979577628
121	0.0440111420612813
121	0.0448226820204615
121	0.044089752486699
121	0.0445372303409882
121	0.0443326813821365
121	0.0447323051115978
121	0.044005998687787
121	0.0440822111977321
121	0.0437749512580076
121	0.0448418156808803
121	0.0456542855821268
121	0.0443367935409458
121	0.0443711378525299
121	0.0444919190042727
121	0.0439818070989825
121	0.0439979295091996
121	0.0439306902721537
121	0.0447070914696814
121	0.0435294117647059
121	0.0447878956650886
121	0.0446676541381226
121	0.0445692711450803
121	0.0442819891972434
121	0.0445719121726456
121	0.0437942514183898
121	0.0436906627338925
121	0.0447789012627557
121	0.0438336856941508
121	0.043839581679817
121	0.0442879644213842
121	0.0435130680480339
121	0.0443602421329883
121	0.0440379084350983
121	0.0445745367382686
121	0.0447001131648435
121	0.0446247464503043
121	0.0441996589390238
121	0.0448587779213587
121	0.0450092290217237
121	0.0441273740905225
121	0.0440122824974411
121	0.0447213053786435
121	0.0440479509339281
121	0.0446917099636765
121	0.0449872063270528
121	0.0443180750070495
121	0.044389121142374
121	0.0448463596936422
121	0.0452386550670115
121	0.0433554124785771
121	0.0444475342973674
121	0.0437135526008864
121	0.0447857571145242
121	0.0442494312114036
121	0.0444743310300051
121	0.0446607367391608
121	0.0440771349862259
121	0.044122473859427
121	0.044123787871758
121	0.043352195669457
121	0.0446553820256242
121	0.0447726641355681
121	0.045392922257024
121	0.044416597048176
121	0.0448361307213989
121	0.0443559718969555
121	0.0450220139184775
121	0.0439189189189189
121	0.0450009240436149
121	0.0442740190081867
121	0.045266917118872
122	0.0447575234809277
122	0.0442222120280747
122	0.0445640371996412
122	0.0439870294656704
122	0.0449073014419776
122	0.0444237050863276
122	0.0441649196366177
122	0.0439641636649118
122	0.0438078407664047
122	0.0449183512975899
122	0.0445336656052425
122	0.0451546488231716
122	0.0438899253731343
122	0.0444702602230483
122	0.0445773561983085
122	0.0436099333737129
122	0.0445722171113155
122	0.0443642344770869
122	0.0444741450824961
122	0.04412248929865
122	0.0445027404319108
122	0.0447698744769875
122	0.0448614505048642
122	0.0451261844450699
122	0.0446250290225215
122	0.0450088710430479
122	0.0444083526682135
122	0.0449947838708214
122	0.0449940130791195
122	0.0444867096534768
122	0.0442680364230679
122	0.044396672586223
122	0.0441368991958107
122	0.0442277474812829
122	0.0446760640984435
122	0.044314652574978
122	0.0441757621377493
122	0.0445328962772185
122	0.0451209184153571
122	0.0445639466916063
122	0.0444994953665474
122	0.0442636514065086
122	0.0447019867549669
122	0.045264817734904
122	0.0442846675215241
122	0.0447651099534369
122	0.0448183166481275
122	0.043825432518012
122	0.0443107723390578
122	0.0438937405697042
122	0.0442685564401086
122	0.0444506181414085
122	0.0444876963714723
122	0.0453194650817236
122	0.0439816976375012
122	0.0440716911764706
122	0.0432918588937043
122	0.0445912469033856
122	0.0437795420127576
122	0.0445912850607643
122	0.0447017576232874
122	0.0437915485100646
122	0.0444351191308808
122	0.044825191016439
122	0.0449160447761194
122	0.0445830657737822
122	0.0434225577671013
122	0.0442219440967877
122	0.0446686539784453
122	0.0453361852506277
122	0.0440245761537396
122	0.0440187392736212
122	0.0444619592934304
122	0.0447308213101742
122	0.0445414847161572
122	0.0448514296393198
122	0.0444805949337671
122	0.0446015899426881
122	0.0442277801328246
122	0.0448619809788912
122	0.0446416063506888
122	0.0440709617180205
122	0.0441466660547933
122	0.0447209617813538
122	0.0447829889078106
122	0.044562870400147
122	0.0445510623714873
122	0.0449745083758194
122	0.044420058208884
122	0.0444714345774747
122	0.0446749654218534
122	0.0438458695250416
122	0.0437026361058162
122	0.0443693796503401
122	0.045380724792353
122	0.044828072816219
122	0.0443603047725892
122	0.0444714914333864
122	0.0446801671488267
122	0.0439116255569335
123	0.0447616854708727
123	0.0444618143362913
123	0.0446179587283882
123	0.0455069390013371
123	0.0447845009125368
123	0.0447795503655004
123	0.043731644640235
123	0.0443570767807586
123	0.0446695832373935
123	0.0443178660739094
123	0.0448985330646295
123	0.0439278850553674
123	0.0451254262624375
123	0.0446524188666946
123	0.0429895113117915
123	0.0441484655148326
123	0.0444568973568693
123	0.0444250470896311
123	0.0451431986392681
123	0.0438983601988201
123	0.0447062097110792
123	0.0440184263179936
123	0.0447649722261121
123	0.04393623078383
123	0.0446691176470588
123	0.0440666853985202
123	0.0445493642483171
123	0.0443789749345305
123	0.0443814480899712
123	0.0448784151722843
123	0.0459370509433088
123	0.0447823273870043
123	0.0442680364230679
123	0.0439784746706254
123	0.0440366972477064
123	0.0439040389841627
123	0.0438096128670282
123	0.0445590130730989
123	0.0449133452857077
123	0.0438503168509182
123	0.0444195071772572
123	0.0448420181207745
123	0.0442747376311844
123	0.0437765436131983
123	0.044169941980161
123	0.0443778801843318
123	0.0435045598362181
123	0.0445966727247309
123	0.0445192840007381
123	0.044362292051756
123	0.0446058574288774
123	0.043919872096304
123	0.0444229172432881
123	0.0442498378278195
123	0.0442663436000186
123	0.0450054884742042
123	0.0448068905484034
123	0.0447594701371136
123	0.0435144124168514
123	0.0447983608084195
123	0.0444516099313649
123	0.0439830941433282
123	0.0448362021099389
123	0.0443819706885427
123	0.0438131254900152
123	0.0446863905325444
123	0.0448780037821134
123	0.0445295556273361
123	0.0448824727003517
123	0.0446834152220265
123	0.0447070914696814
123	0.0450590004100415
123	0.044814162572991
123	0.0452457823655132
123	0.0442889369734358
123	0.0438010051178016
123	0.0446963713237002
123	0.044201210992082
123	0.0430718647252231
123	0.0443896997304081
123	0.0447206678286396
123	0.0438388073608199
123	0.0441956393635828
123	0.0447533715130242
123	0.0443049919788619
123	0.0442885026489451
123	0.0441224130746794
123	0.0445290890128327
123	0.0441761495050421
123	0.0450815935819127
123	0.0440444630482303
123	0.0450534138411519
123	0.044561616350147
123	0.0437255267574119
123	0.0442307692307692
123	0.0442390692437606
123	0.0440550802872959
123	0.0440682708449916
123	0.0452140005570513
123	0.045
124	0.0430974558598638
124	0.0449216055910617
124	0.0448617871246212
124	0.0440106804161679
124	0.0444227369987906
124	0.0445599190655753
124	0.0446058574288774
124	0.0440213605758068
124	0.0443848536686856
124	0.0441122691534101
124	0.0436600313554088
124	0.0443408849720851
124	0.0449777859203957
124	0.0443619573582002
124	0.0446076181734741
124	0.0436795306627555
124	0.0436558231235037
124	0.0440602342442833
124	0.0445631157351993
124	0.0437674909391201
124	0.0447287285444756
124	0.044094055094651
124	0.0444648598989435
124	0.0441591550578166
124	0.0445592508879561
124	0.0440345552183049
124	0.0437895514804379
124	0.0446101885730369
124	0.0444599303135889
124	0.0441748471939248
124	0.0452725452725453
124	0.0448927078068281
124	0.0443426520589346
124	0.0444640617014357
124	0.0445827095808383
124	0.0446803600276944
124	0.0445865820066296
124	0.0448472390918434
124	0.0443592057761733
124	0.0433925974574283
124	0.0445227715425285
124	0.0437369277248431
124	0.0435785104911229
124	0.0443619489559165
124	0.0452605003442736
124	0.0444177115624855
124	0.0450727498049295
124	0.0441826900693701
124	0.0441584891686725
124	0.044245715891001
124	0.0451007326007326
124	0.0447235482226445
124	0.0443936140416394
124	0.0449469832035282
124	0.0434822961622349
124	0.0444095651371065
124	0.0438024668198659
124	0.0444331422230442
124	0.0446819291538072
124	0.0442425076873652
124	0.044330657809761
124	0.044364007610562
124	0.0448922863099375
124	0.0432317831958335
124	0.0452809093450107
124	0.0440798391997382
124	0.0440274768337098
124	0.0442346155635146
124	0.0448825503355705
124	0.0449791763072652
124	0.0451637184794881
124	0.0447064262598243
124	0.0441280135344706
124	0.0447836450311698
124	0.0449407474931632
124	0.0440520531567573
124	0.045045460839064
124	0.04446973145198
124	0.0448112120234199
124	0.0449479598415769
124	0.0445437376203418
124	0.0447029147982063
124	0.0446318104751867
124	0.0440198949472412
124	0.0436777304433313
124	0.0442941203725154
124	0.0440124270382226
124	0.0439116255569335
124	0.0442114858705561
124	0.045139695969504
124	0.0447357565201448
124	0.0449149373714713
124	0.0445942202936017
124	0.044362292051756
124	0.0449515588410854
124	0.0447250843439409
124	0.0442254705085696
124	0.0450272607633014
124	0.0446634128372778
124	0.0432457353619179
125	0.0441203618238878
125	0.0450280562965688
125	0.0447980191663992
125	0.0433672284905047
125	0.0448717948717949
125	0.0447912350964416
125	0.0440242763772176
125	0.0444371605169507
125	0.0443084567958038
125	0.0438415277969058
125	0.0439062716642788
125	0.0442547300415321
125	0.0438259904766308
125	0.0437558685446009
125	0.0445523941707148
125	0.0440234048481471
125	0.0444516547696301
125	0.0448983389940911
125	0.0441100642197534
125	0.0442930932029072
125	0.0443568711909453
125	0.0448652653023428
125	0.0445903433182875
125	0.0441731512977028
125	0.0447788669519996
125	0.0451445274439753
125	0.0444990951695977
125	0.04467904609294
125	0.0448323380799265
125	0.0443424374569658
125	0.0444997236042012
125	0.0441019451278956
125	0.0444222836680114
125	0.0441217407441774
125	0.0442379182156134
125	0.0452132527915065
125	0.0436626861542717
125	0.0447402477352561
125	0.0448793809740555
125	0.0441950356261351
125	0.0449047685249548
125	0.0438636781186846
125	0.0447687249470792
125	0.0447836450311698
125	0.0451703219785348
125	0.0445192840007381
125	0.0441004536313894
125	0.0448148654187731
125	0.0450135638420157
125	0.0445453711349665
125	0.0438796964987659
125	0.0449566408032862
125	0.0443931702814952
125	0.0436981027044579
125	0.0445959642495163
125	0.0439862223049711
125	0.0441446100324385
125	0.0444690469600517
125	0.0437639821029083
125	0.0443274691785566
125	0.0447322494718472
125	0.0449940677192662
125	0.0449417840800979
125	0.0453140141202529
125	0.0447637468914065
125	0.0440738534842168
125	0.0448573140934028
125	0.0449967661461702
125	0.0435793684014697
125	0.0449329906370479
125	0.0442457482601281
125	0.0448240551107801
125	0.0440248676030394
125	0.0451023796347537
125	0.0442406768445432
125	0.0448867536032944
125	0.0447087776866284
125	0.0445856895826518
125	0.0444934730649016
125	0.0444465150950429
125	0.044905952543608
125	0.0449364416717482
125	0.0442622187019522
125	0.0449866740189321
125	0.0446917014371813
125	0.04436735439109
125	0.0439150269572831
125	0.0440792786194901
125	0.043755988502076
125	0.0444710431820274
125	0.0434394665163896
125	0.0444034156473575
125	0.0444434102755026
125	0.0443580495573563
125	0.0449291573452647
125	0.0443075519050878
125	0.0440825688073394
125	0.0438821268417681
125	0.0447287285444756
125	0.0447939113291458
126	0.0451514309530425
126	0.0441770843124354
126	0.0441258094357077
126	0.0447583779088374
126	0.0438674602802643
126	0.0442702328798709
126	0.0449645259375288
126	0.0446302133296789
126	0.0439867902027337
126	0.0447355070792787
126	0.0439108216885995
126	0.0444506439763798
126	0.0442369020501139
126	0.0445738239403819
126	0.0440041995709134
126	0.04490704967956
126	0.0437180704371807
126	0.0442120711796001
126	0.0444848146077883
126	0.0445214852659429
126	0.0445396342867671
126	0.0446568763276993
126	0.0437623671253049
126	0.0440350069092584
126	0.0451079467156638
126	0.044038221852929
126	0.0447543523835566
126	0.0444362835108336
126	0.0447456705050322
126	0.0448333179425616
126	0.0445316105214582
126	0.044023165324405
126	0.0444973448086431
126	0.0445590130730989
126	0.0448299791811242
126	0.0437393975516941
126	0.0448964632582005
126	0.0446589387151896
126	0.0433621800773338
126	0.0441923235280662
126	0.0443963692799699
126	0.043256880733945
126	0.0445072248981104
126	0.0442771647652889
126	0.0433836466339476
126	0.0437100703221952
126	0.0444301942103335
126	0.0449031903693871
126	0.0448557380090918
126	0.0447132123877588
126	0.0441293462492396
126	0.0448966408268734
126	0.0442251461988304
126	0.0444434145889332
126	0.0442579871836245
126	0.0446883755109539
126	0.044208786668503
126	0.0440482192785443
126	0.0448767597612647
126	0.0443046692071071
126	0.044699931018625
126	0.045087670470359
126	0.0436834798704304
126	0.0451927542963307
126	0.0448039535642687
126	0.044971381847915
126	0.0451803129961443
126	0.0438620563483352
126	0.0447349042709867
126	0.0444220553214874
126	0.0444556590356471
126	0.0438507130950176
126	0.0438362573099415
126	0.0436808118081181
126	0.0441315825098145
126	0.0447253054752355
126	0.0446088219277546
126	0.0441680764482648
126	0.0449276706231454
126	0.0451100521896982
126	0.0440600522193211
126	0.0440280386677051
126	0.0439092172301992
126	0.0451481857630874
126	0.0442862426035503
126	0.0446619052035989
126	0.043452380952381
126	0.04476263607209
126	0.0443081429944615
126	0.0450892439958882
126	0.0443686006825939
126	0.0448670605612999
126	0.0447960263073173
126	0.0449551364219008
126	0.0444434273160015
126	0.044848428920777
126	0.0442320007318635
126	0.0443457965310512
126	0.0446187004172972
126	0.0444034156473575
127	0.0448767953012435
127	0.045073664825046
127	0.0449537037037037
127	0.044949070180357
127	0.0449015196731096
127	0.0450250138966092
127	0.0455274126322539
127	0.0440524565940155
127	0.0444109037687523
127	0.0448285423791478
127	0.0440423976608187
127	0.0449291573452647
127	0.0439323835265014
127	0.0442527657978624
127	0.0452194608448899
127	0.0445692544614548
127	0.0432032739617728
127	0.0436662946428571
127	0.0446152446789158
127	0.0442433383609854
127	0.0446658097686375
127	0.0448143405889885
127	0.0439409857031928
127	0.0450605799337478
127	0.0452339529347129
127	0.044148080018395
127	0.044865907421014
127	0.044767173812817
127	0.0445093031740241
127	0.0445659223570833
127	0.0443145736505453
127	0.0446880661494867
127	0.0441374966255737
127	0.044713941862618
127	0.0440260153727202
127	0.0447227191413238
127	0.0441438559612485
127	0.0449817518248175
127	0.0444384107159019
127	0.0444556359307756
127	0.0446371810008174
127	0.0441433164905834
127	0.0439539798074665
127	0.0451196632041367
127	0.0438855560682972
127	0.0445634416409512
127	0.0454213123743374
127	0.0441039925719591
127	0.0441189931350114
127	0.0439706556625401
127	0.0439272927568163
127	0.0432
127	0.044848428920777
127	0.044227295882925
127	0.045043398812243
127	0.0436498502211022
127	0.0448148148148148
127	0.0439166174667333
127	0.0441491841491842
127	0.0446045790385843
127	0.0445403618330425
127	0.0447148849859402
127	0.043327796234773
127	0.0434762520790981
127	0.0439550439095418
127	0.0443325165623015
127	0.0436151495508843
127	0.0441590835604416
127	0.0446863754384367
127	0.0456713132795304
127	0.0447872142724401
127	0.0445877475817596
127	0.0439820178894193
127	0.0451657458563536
127	0.0443436400666543
127	0.0448368943587867
127	0.0445958926039427
127	0.0448729834971259
127	0.0446955719557196
127	0.0441318884021213
127	0.0440491711678152
127	0.0445038238275131
127	0.0446026642168121
127	0.0441582336706532
127	0.044778825235678
127	0.0438649312149706
127	0.0442814835707235
127	0.044020875879283
127	0.0452497096399535
127	0.0449165967756966
127	0.0451200441541717
127	0.044861033389293
127	0.0451858301636039
127	0.0440835266821346
127	0.0449520664189716
127	0.043824889140485
127	0.0446783520057824
127	0.0437564693704714
127	0.0438167156108703
127	0.0444402950238073
128	0.044774741506647
128	0.0442172170789001
128	0.0442802734823108
128	0.044830146649341
128	0.0443518857561333
128	0.0451234596179394
128	0.0446436739548074
128	0.0438033694899608
128	0.0443770672546858
128	0.0446677323589861
128	0.0445660672400313
128	0.0449346405228758
128	0.0446559970566593
128	0.0441129217351389
128	0.0449100411636835
128	0.0447016837481698
128	0.0443698560853373
128	0.0446077983745777
128	0.0443906007131755
128	0.0441618497109827
128	0.0444850422470884
128	0.043889450004591
128	0.0447265447265447
128	0.0440027732840305
128	0.0432551319648094
128	0.0434463794683776
128	0.0445443589505887
128	0.0445800961894192
128	0.0441739914356547
128	0.0447485207100592
128	0.0435000227510579
128	0.0451428311912439
128	0.0445164275798242
128	0.0442090720699977
128	0.0442502427521154
128	0.0443863052009563
128	0.0443189124644071
128	0.0443210775391336
128	0.0443912322711365
128	0.0447691734921817
128	0.0450388345052622
128	0.0438280166435506
128	0.0445544554455446
128	0.0440878066777347
128	0.0441693692047686
128	0.0441667810883793
128	0.0439037775541937
128	0.044550408719346
128	0.0447351568932394
128	0.0442983057039777
128	0.0445195960344668
128	0.0450137236962489
128	0.0441347270615563
128	0.0449366511712697
128	0.0448703392524638
128	0.0447768126712806
128	0.0442097563205779
128	0.044973544973545
128	0.0447740694959484
128	0.0446440912232205
128	0.044250645994832
128	0.0438905942181702
128	0.044767173812817
128	0.0439215329297711
128	0.0439372193157091
128	0.0437418012394264
128	0.0441588785046729
128	0.0447575631993369
128	0.0446457161154568
128	0.0447017576232874
128	0.0439053636489416
128	0.0447889360932839
128	0.0440040934040376
128	0.0441312384473198
128	0.0439903174750954
128	0.0434641281634548
128	0.0444244199143951
128	0.0437747170325924
128	0.0448099043747401
128	0.0442441245458308
128	0.0445952057892356
128	0.0446212225117725
128	0.0439756555164051
128	0.0439888078528508
128	0.0446644357687302
128	0.0444769167541897
128	0.0451923943408128
128	0.0443641752338613
128	0.0435594842119652
128	0.0445474147818507
128	0.0455429047486809
128	0.0445603440387959
128	0.0443098501753267
128	0.0449299822104639
128	0.0438926966547138
128	0.0437319123524278
128	0.0446033210332103
128	0.0439271721594838
128	0.044925435930999
128	0.0446578959348113
129	0.0443160792454533
129	0.0453148649268449
129	0.043646635382022
129	0.0446275006789174
129	0.0451406357191859
129	0.0449730618208383
129	0.0445506257110353
129	0.0444911383153663
129	0.0453181965019152
129	0.044869470630892
129	0.0446891488873595
129	0.044139329155916
129	0.0443715548266594
129	0.0440864186132398
129	0.0443201774655698
129	0.0444263112561766
129	0.044145344296936
129	0.0452886983489921
129	0.0445712165483976
129	0.0440638741032168
129	0.0440917923568058
129	0.0441932644647241
129	0.0445401640471063
129	0.0437885176775868
129	0.0441730186426669
129	0.0439040237620086
129	0.0449107223783196
129	0.0444759985342616
129	0.0451403009353396
129	0.0446842709529277
129	0.0445349626612356
129	0.04515278283012
129	0.0441485954799158
129	0.0441958805074342
129	0.0446646755362476
129	0.0446253029125326
129	0.0443977527063445
129	0.0445384650379874
129	0.0447191837485063
129	0.0444092349479402
129	0.0440332430322788
129	0.0443826773065543
129	0.0442465627018548
129	0.0447422212128094
129	0.0449289272818685
129	0.0442523364485981
129	0.0443611804977334
129	0.0440248676030394
129	0.0437853746887027
129	0.0441700198880718
129	0.0441351524585661
129	0.0447713169386348
129	0.0436765722183829
129	0.0441708243694786
129	0.0444121520366922
129	0.0444789478491186
129	0.0434085874534571
129	0.0444535258593289
129	0.0447248225026003
129	0.0443755979771288
129	0.0440435857522205
129	0.0435952138020592
129	0.0435064034398262
129	0.0444587926024997
129	0.0441399604579521
129	0.0445264788989153
129	0.0438564860722978
129	0.0445280940139552
129	0.0439846533296794
129	0.0441347791020701
129	0.0448841256755519
129	0.04459098035599
129	0.0446055199330917
129	0.0451127819548872
129	0.0447024408081177
129	0.0440787949015064
129	0.0440787949015064
129	0.0442698706099815
129	0.0438737538475674
129	0.0438933041015803
129	0.0443744499513641
129	0.0436701087203748
129	0.0436023391812866
129	0.0449799935611461
129	0.0441547711938312
129	0.0445918982877825
129	0.0446743259944157
129	0.044077892325315
129	0.0443135478024468
129	0.0447141488342383
129	0.0441798818769474
129	0.044542205114105
129	0.0447427293064877
129	0.0446277205040092
129	0.0451440720133894
129	0.0436128436128436
129	0.0451467268623025
129	0.044839333394715
129	0.0440650332865359
129	0.0448451013590811
130	0.0445576066199873
130	0.0441644682980078
130	0.0448557232073665
130	0.0441643239321665
130	0.0449781261392636
130	0.0441359017976185
130	0.0441701851250406
130	0.0444270160546226
130	0.0442679301374954
130	0.0441765241128298
130	0.0443290918278286
130	0.0439963751699139
130	0.0449463631014348
130	0.0439655961204136
130	0.043868486125103
130	0.0442780846304834
130	0.0445279215722204
130	0.0444087256027555
130	0.0439960003636033
130	0.0446322521699406
130	0.0444568712428352
130	0.0440780158041383
130	0.0443624625317039
130	0.0441095132743363
130	0.044527578812902
130	0.0442918375812324
130	0.0443342971224012
130	0.0446060938786714
130	0.0437842064112588
130	0.0444302235224208
130	0.0446873713580021
130	0.0446660292309794
130	0.0445408140217735
130	0.0441046202620169
130	0.0446195428100234
130	0.0448288519776085
130	0.0448378937686825
130	0.0440111166795754
130	0.0451472389854349
130	0.0441129069392642
130	0.044466902475998
130	0.0447802450935225
130	0.0439530189025509
130	0.0446927374301676
130	0.0444106253458771
130	0.0441027061974693
130	0.0447427293064877
130	0.04368688022666
130	0.0449391783337159
130	0.0438409575191549
130	0.0439195339523029
130	0.0444697833523375
130	0.0439990785533287
130	0.0446376289356335
130	0.0441938293678082
130	0.044839793047109
130	0.0440281251474683
130	0.0446142024137775
130	0.044822185369449
130	0.0448229700410839
130	0.0449231335726779
130	0.0442351860358291
130	0.0451185779712511
130	0.043691771077149
130	0.0446577441305034
130	0.0438134810710988
130	0.0447223971924773
130	0.0442675159235669
130	0.0444912344944386
130	0.0445560521586877
130	0.045018281535649
130	0.0437344210287786
130	0.0446750902527076
130	0.0450154827379027
130	0.0439545392304532
130	0.0444934730649016
130	0.0442325158946412
130	0.0443630443630444
130	0.0441156447147461
130	0.0440271637573493
130	0.0442792649003603
130	0.0444134727061556
130	0.043919846280538
130	0.0443247721623861
130	0.0443995963673058
130	0.0443942133815552
130	0.0439312220531969
130	0.0427286706118075
130	0.044855239907571
130	0.0447291734122762
130	0.0443336477563671
130	0.0436697081120341
130	0.0448006576243321
130	0.0445687560181576
130	0.0444920078327793
130	0.0453260373917009
130	0.0437912964228754
130	0.0442284987739533
130	0.0453429143169001
130	0.0443424374569658
131	0.044370443704437
131	0.0441644682980078
131	0.0439825343400346
131	0.0448569218870843
131	0.0442704756672618
131	0.0449784629335752
131	0.0439489861455179
131	0.0442319187089062
131	0.0442497855239987
131	0.0441242280497628
131	0.0443924161043015
131	0.0450291604502916
131	0.0438668490652075
131	0.0448883557852002
131	0.0441699334488103
131	0.0444976508854355
131	0.0444576441560815
131	0.0439214232765011
131	0.0445145941989203
131	0.0440565253532835
131	0.043959592232114
131	0.0449422822466578
131	0.0453318695393623
131	0.0436322360953462
131	0.0443736436256176
131	0.0444464893714917
131	0.0445851107747351
131	0.0433325682809272
131	0.0442014335600074
131	0.0448569218870843
131	0.0447605672088071
131	0.0440413296554304
131	0.0441396848462831
131	0.0444344095732671
131	0.0439605965752164
131	0.0438900018211619
131	0.0443354229126919
131	0.0445318215069495
131	0.0442219440967877
131	0.0439813768476246
131	0.0439316316815523
131	0.0446807539591986
131	0.0432302054826291
131	0.0443037974683544
131	0.0450791622941096
131	0.0445926805866496
131	0.0439774893346646
131	0.043878954607978
131	0.0447574479914748
131	0.0446115062573152
131	0.04492276757152
131	0.0437619786437894
131	0.0441490085757067
131	0.0439220395344541
131	0.0442289391398921
131	0.0450951549140388
131	0.0441415417945478
131	0.0444903581267218
131	0.0449535434505374
131	0.043277368589597
131	0.0443988135979922
131	0.0447538538040776
131	0.04464892797244
131	0.0442676178716788
131	0.0446594715295869
131	0.0432714510021243
131	0.0438993193549861
131	0.0441988950276243
131	0.0436714888213686
131	0.0447041702669517
131	0.0448901623686724
131	0.0446498009973009
131	0.0445205479452055
131	0.0441378678155651
131	0.0441269841269841
131	0.0444444444444444
131	0.0441958805074342
131	0.0441202632983455
131	0.0436786855317207
131	0.0440948472412221
131	0.0444743935309973
131	0.0433822514606431
131	0.0438198165470893
131	0.0442559468928637
131	0.0439062716642788
131	0.0440375371938659
131	0.0433970005014359
131	0.0446028699387625
131	0.0440185244623779
131	0.0448539161446665
131	0.0444014554833955
131	0.044111713811808
131	0.0449223199234589
131	0.0444260485651214
131	0.0447815755803327
131	0.0437072629828128
131	0.0439760959810228
131	0.0444544838491077
131	0.0446881425633996
131	0.044429347826087
132	0.0437201176903273
132	0.0443363194033923
132	0.0446579730038893
132	0.0438608552179293
132	0.0443546556498842
132	0.0446367570029606
132	0.0440642584861136
132	0.0443773446792936
132	0.0435992995375152
132	0.0437973154985834
132	0.0450614474283113
132	0.0436188134589992
132	0.044429347826087
132	0.0440968580418624
132	0.0445770604457706
132	0.0445716903344022
132	0.0432659704326597
132	0.0443636363636364
132	0.0452790291440655
132	0.0439170758319695
132	0.0445327486982735
132	0.0449675909254591
132	0.0439961220626933
132	0.0446235321206539
132	0.0456284153005464
132	0.0441136792877057
132	0.0434058306339658
132	0.0438308729724804
132	0.0448811700182815
132	0.0435063139459858
132	0.0447680447229611
132	0.0445443400081733
132	0.0441617446615175
132	0.0442147043891632
132	0.044009009009009
132	0.0442245743212149
132	0.0444854264123786
132	0.0452640402347024
132	0.0446973145197997
132	0.043715350358993
132	0.0439530563233495
132	0.0442231257709352
132	0.0444645687117953
132	0.0441297021586665
132	0.0442255961336798
132	0.0447884606550599
132	0.0435849656864973
132	0.0445457895706652
132	0.0441701704417017
132	0.0442689199118295
132	0.044886079403338
132	0.0449620801733478
132	0.0446232626188734
132	0.044266498717891
132	0.0449007529089665
132	0.0444485008898827
132	0.0443939049351831
132	0.0445539992628087
132	0.0446073108939558
132	0.0443268879970814
132	0.0446206115515289
132	0.0443684491028602
132	0.0447132372927426
132	0.0445912469033856
132	0.0448185696591587
132	0.0445528896118567
132	0.044456591054022
132	0.0443372177713037
132	0.0435990002777006
132	0.0448422302388237
132	0.0454146048189428
132	0.0434148785932304
132	0.043644996347699
132	0.0442974452554745
132	0.0447632058287796
132	0.0448105734848142
132	0.0437721274541358
132	0.0447679708826206
132	0.0435041989812308
132	0.0445578077739154
132	0.0441660570592538
132	0.0437828371278459
132	0.0443418013856813
132	0.0447288679842612
132	0.0438848592673692
132	0.0445630420280187
132	0.0444150271602684
132	0.0439360929557008
132	0.0442974907147387
132	0.0442884024048832
132	0.0443409325032472
132	0.0449346032903432
132	0.0446200219218122
132	0.0450793359625791
132	0.0440526627488497
132	0.0442362854069559
132	0.0442184696084296
132	0.0443015038956333
132	0.0450875442257099
132	0.0438636571324134
133	0.0446845526966395
133	0.0440814499888118
133	0.0443528064146621
133	0.0447917139871894
133	0.0437088514996342
133	0.0443124092888244
133	0.0438041907514451
133	0.0442864953526517
133	0.0445360824742268
133	0.0441431571259016
133	0.0447579554674119
133	0.0445380816455983
133	0.0442648544402608
133	0.0451577553536368
133	0.0440984565540206
133	0.0442381212452212
133	0.0446098331078033
133	0.0441310282074613
133	0.0444860154218187
133	0.0450321987120515
133	0.0441831626326184
133	0.0446235590778098
133	0.0442606561846769
133	0.0446105176287195
133	0.043941781774358
133	0.0443995963673058
133	0.0440716390841079
133	0.0446178563231581
133	0.0441971526401153
133	0.0446975541135363
133	0.0445909444673351
133	0.0439206068038334
133	0.0448901623686724
133	0.0447869446962829
133	0.0445070166674236
133	0.0444756130666908
133	0.0447329785281703
133	0.0449844180479653
133	0.0445737321911219
133	0.0443873642467667
133	0.0448866475852983
133	0.0438887123859665
133	0.0442794403948024
133	0.0435001372244076
133	0.044372491791317
133	0.0446444891244745
133	0.0438208900833599
133	0.0443777708118759
133	0.0439755741888443
133	0.0445898292501856
133	0.0447106153424157
133	0.0444921055033312
133	0.0444515510073553
133	0.044400749919978
133	0.0448868778280543
133	0.0448201825013419
133	0.044427370514327
133	0.0443939049351831
133	0.0437133844073907
133	0.0447767978907173
133	0.0443792325056433
133	0.0445909444673351
133	0.0438221656514229
133	0.0437240687548443
133	0.0448154657293497
133	0.0447241931792172
133	0.0449839670178653
133	0.0445923764362575
133	0.0443309684124904
133	0.0444800732936326
133	0.0440687235109146
133	0.0441532800861527
133	0.044152635431918
133	0.0449956996061745
133	0.0448570266973845
133	0.0431094103001522
133	0.0445754611639644
133	0.0443712547458945
133	0.0445630359423463
133	0.044433304470674
133	0.0442042318307268
133	0.0443020719738277
133	0.0432491368344539
133	0.0440139232389851
133	0.044793642192721
133	0.0441716123771123
133	0.0448212648945921
133	0.0446839210027956
133	0.0449094865503033
133	0.044630277689406
133	0.0440274599542334
133	0.0445772687867865
133	0.0444285202436403
133	0.0442449503045848
133	0.0441958805074342
133	0.044536978365167
133	0.0445535633840887
133	0.0443843898864053
133	0.0444333499750374
133	0.0442307692307692
134	0.0446540880503145
134	0.044047836406792
134	0.0445492900240439
134	0.0442688108182192
134	0.044750430292599
134	0.044102284598265
134	0.043850122183003
134	0.0443896424167694
134	0.0449147933284989
134	0.0444763915719484
134	0.0442481904675195
134	0.0440027106392591
134	0.0441282097324475
134	0.0440133595644416
134	0.0433146737634211
134	0.044311595856341
134	0.0433818872704243
134	0.044609496035724
134	0.0445503712530938
134	0.0437078187411046
134	0.0440745251951098
134	0.0450771591011642
134	0.0441309051568698
134	0.0446668182851944
134	0.0441169802765813
134	0.0443185452551743
134	0.0447617739942331
134	0.0434289344708659
134	0.0442301598080493
134	0.0440665734518064
134	0.0444850158079886
134	0.0440206092380005
134	0.044622014724367
134	0.0446084724005135
134	0.0452494873547505
134	0.0437952877910951
134	0.044551282051282
134	0.0443857213239575
134	0.0438218064574724
134	0.0434545702220406
134	0.0439809566991612
134	0.0445705024311183
134	0.0443180792490297
134	0.0444018964259664
134	0.0439335306168905
134	0.0448630448630449
134	0.043476285662366
134	0.0442481946552596
134	0.0438052095130238
134	0.0439167797376753
134	0.0444141689373297
134	0.0448563231476843
134	0.0444122834788115
134	0.0445739059748002
134	0.0442421772404112
134	0.0437768240343348
134	0.0447882003777318
134	0.0442817766933261
134	0.0444414365637971
134	0.0447459454602633
134	0.0448400180261379
134	0.044803441490092
134	0.0447045108062057
134	0.0438993482983345
134	0.0452558732471317
134	0.0446388515029161
134	0.0444947893067512
134	0.0448283598833296
134	0.0448930678466077
134	0.0447895162014182
134	0.0444595821980018
134	0.0436619071667967
134	0.0443889141299409
134	0.0440817433764355
134	0.0433170555254115
134	0.0441076371556927
134	0.0443668993020937
134	0.0445116087374639
134	0.0442594017287415
134	0.0449222323879231
134	0.0442601523414612
134	0.0443274380090905
134	0.0435361653272101
134	0.0447815423744209
134	0.0452236233330309
134	0.0441314135425489
134	0.0451503483681701
134	0.0437360332010763
134	0.0439426166447934
134	0.0448680483747696
134	0.0444282592862345
134	0.0454298887984812
134	0.0444585582724674
134	0.0444606082647634
134	0.044242534928317
134	0.0448338537540197
134	0.0446100031799391
134	0.0443343033830484
134	0.0440189231808966
134	0.0450876955678795
135	0.0439701369486557
135	0.0443017946747435
135	0.0443699913976547
135	0.043956043956044
135	0.0455202312138728
135	0.0446290747298647
135	0.0439996393472185
135	0.0442438126038719
135	0.0441956658573869
135	0.0445353328788912
135	0.0447991294096309
135	0.0449514961060254
135	0.0438940767808003
135	0.0437681422351234
135	0.0447015395696408
135	0.0446732318710833
135	0.0441016333938294
135	0.0453394810595787
135	0.0448255252632063
135	0.0438165438165438
135	0.043316382128587
135	0.044518843595892
135	0.044166741856898
135	0.0448309871783377
135	0.0443855883830312
135	0.0442227315626264
135	0.0439788684697702
135	0.044245769283401
135	0.0439874710608743
135	0.0442330985599569
135	0.0452849080648098
135	0.0436842345009794
135	0.0441424638067324
135	0.0446912119419287
135	0.0443903099201516
135	0.0445945945945946
135	0.0443999636065872
135	0.0445388020598067
135	0.0447476125511596
135	0.0448363405567141
135	0.044168391994479
135	0.0439923013472642
135	0.0438687547953243
135	0.0444118859026601
135	0.0440652290144359
135	0.0445296103659093
135	0.0432932469935245
135	0.0445851232195343
135	0.0442222822660542
135	0.0440690248652566
135	0.0444616013442936
135	0.0445211702707614
135	0.0442597777978502
135	0.0438743597878802
135	0.0441787003610108
135	0.0449173647271904
135	0.043757399143976
135	0.043895997450025
135	0.0443003536773374
135	0.0444163624450061
135	0.0438735356642091
135	0.0439540314088183
135	0.0442147443194754
135	0.0441551469601396
135	0.043864039677845
135	0.0448157473105974
135	0.0447152629909845
135	0.0446668182851944
135	0.0444220553214874
135	0.0445062586926286
135	0.0443290918278286
135	0.0442784256559767
135	0.0444960604818509
135	0.0443870148712368
135	0.0443552067171671
135	0.044214614759281
135	0.0433469126195816
135	0.0444505044995909
135	0.0439885365964609
135	0.0443922002489282
135	0.0443307757885763
135	0.0447924752294416
135	0.0441297021586665
135	0.0439419599945073
135	0.0438200216841344
135	0.044413319477703
135	0.0436151079136691
135	0.0444505544862982
135	0.0440453089038314
135	0.0445955815227314
135	0.0448446809478328
135	0.0444504921304486
135	0.0443537414965986
135	0.0437066130800146
135	0.0444363669407969
135	0.0442867742533853
135	0.0438908126096146
135	0.0450511945392491
135	0.0439920601948022
135	0.0437048016889009
136	0.0436999271667881
136	0.0435141455362465
136	0.0438948306595365
136	0.044400324880426
136	0.0441533891439373
136	0.0437613019891501
136	0.0445972228504229
136	0.0444565168183259
136	0.0446304668964591
136	0.0445619335347432
136	0.0445070166674236
136	0.044189852700491
136	0.0442522655135931
136	0.0444974354359759
136	0.0440442225392297
136	0.0446194225721785
136	0.04355259605867
136	0.0443380609368708
136	0.0448493027440396
136	0.0443988135979922
136	0.0440003625158601
136	0.0444264943457189
136	0.0446440976242301
136	0.0441389290882779
136	0.0447647270114943
136	0.0438763484724866
136	0.0446222704462227
136	0.0440098919215974
136	0.0446574595675086
136	0.0443659740142152
136	0.0446573856445489
136	0.0445690005876237
136	0.0434782608695652
136	0.0445562671546203
136	0.0451510333863275
136	0.0445053217766201
136	0.0444925770497721
136	0.0440014367816092
136	0.044593138135441
136	0.0440691560466982
136	0.0448154265053787
136	0.0441792389101554
136	0.0437516844847723
136	0.0446713752305547
136	0.0445244497106139
136	0.0440893691053933
136	0.0441103210905303
136	0.0439829509386052
136	0.0448875575624804
136	0.0447727680977187
136	0.0440587449933244
136	0.0447046060660851
136	0.0440254409310298
136	0.0446488973075362
136	0.0445658554205987
136	0.0441015838339705
136	0.0436783683783052
136	0.0442742556758961
136	0.0450143227390533
136	0.0444123487994223
136	0.0445115901506269
136	0.0447328516635447
136	0.044526401007466
136	0.0444188722669735
136	0.0438473060687214
136	0.0447976227995138
136	0.0443760188371672
136	0.0445016716363965
136	0.0442812739312582
136	0.0444524430846756
136	0.0447229610928272
136	0.0442721247914882
136	0.043668720054757
136	0.0438173893094747
136	0.0445560374343757
136	0.0440613889013907
136	0.0443448843375697
136	0.044427370514327
136	0.044263775971093
136	0.044640446404464
136	0.0436550491510277
136	0.0448237143498765
136	0.0444648177859271
136	0.045268046350151
136	0.043800009250266
136	0.0447108667237572
136	0.0442039201418891
136	0.0446007259528131
136	0.0442704756672618
136	0.0445757250268528
136	0.044344793223717
136	0.044482852724461
136	0.0442196661146668
136	0.0436899831611523
136	0.0440061382921105
136	0.044575847168524
136	0.0439074967317315
136	0.0447876447876448
136	0.0439898624185373
136	0.0443380892179881
137	0.0446334176051482
137	0.0448686055452531
137	0.0440349089620343
137	0.0443396654123408
137	0.0440765135793558
137	0.0445460782071804
137	0.0446624557631143
137	0.0434959533390605
137	0.0442633285302594
137	0.0434898731359893
137	0.0444746376811594
137	0.0440812963471574
137	0.0442135564251338
137	0.0445221022056821
137	0.0451377961605898
137	0.0447288679842612
137	0.0443784319020614
137	0.0451725997842503
137	0.0438179658229005
137	0.0444424573012608
137	0.0440428623320015
137	0.0443890274314214
137	0.0440751445086705
137	0.0431233845735274
137	0.0443289652056033
137	0.0444694751070061
137	0.0443718097967225
137	0.0438218064574724
137	0.0442046326816273
137	0.0446732318710833
137	0.0447505080153534
137	0.0453445649251725
137	0.0428994757237292
137	0.0446448602324225
137	0.0443475916606758
137	0.0445028510334996
137	0.0437667590783075
137	0.0441009320300068
137	0.0447266953957814
137	0.0434489878360788
137	0.0449463528987467
137	0.0442989038977578
137	0.0444850158079886
137	0.0444153262244714
137	0.0435196518427853
137	0.0444125431788614
137	0.043618373275236
137	0.0445808140059561
137	0.0451127819548872
137	0.0445717924227953
137	0.0444109037687523
137	0.0439257821317322
137	0.0447037291237703
137	0.044469577018774
137	0.0444424206547971
137	0.044230595463992
137	0.0445168295331162
137	0.044527069919289
137	0.0438166359260426
137	0.044531672983216
137	0.0440915542938254
137	0.0444334398775492
137	0.0439715024731134
137	0.0450727124920965
137	0.0444223737077333
137	0.0445128019542206
137	0.0437007517435015
137	0.0449505406027145
137	0.0443215807124082
137	0.044256078518849
137	0.0436992776241862
137	0.0436999271667881
137	0.044951933926073
137	0.0439268336637232
137	0.0438532445012321
137	0.0429162833486661
137	0.043525571273123
137	0.0441774407236512
137	0.0436079352885354
137	0.044632306153986
137	0.0437996167533534
137	0.0443780283475977
137	0.0439975137630971
137	0.0443495251510883
137	0.0435789376186727
137	0.0441575150484768
137	0.0443425076452599
137	0.0443135478024468
137	0.0438580360426627
137	0.044688480502017
137	0.0444525248852325
137	0.0443407763032746
137	0.0442216981132075
137	0.043964899713467
137	0.0442834503056373
137	0.0447374403273471
137	0.0439342786405582
137	0.0449747383616023
137	0.0447187192558805
137	0.0451226108907321
138	0.0445961319681456
138	0.0447506620584407
138	0.0439035184775393
138	0.0446588067166845
138	0.0445406883975382
138	0.0440506329113924
138	0.0445969125214408
138	0.0436736161035226
138	0.0442900956160924
138	0.0449861098664755
138	0.0451270041433976
138	0.0444243383849808
138	0.0435417496349396
138	0.0445742529768591
138	0.0438812519589845
138	0.0443950662071467
138	0.0442314614830814
138	0.0452628237108259
138	0.0442129105322763
138	0.0438308031893328
138	0.0435716202916704
138	0.0445405501805698
138	0.0435077870336835
138	0.0444823102103045
138	0.0448064254128689
138	0.0442256042972247
138	0.044619303192941
138	0.0449242322649859
138	0.0445598194130926
138	0.0441502101315017
138	0.0438456268554464
138	0.0446375212614352
138	0.0450047019837893
138	0.0443693693693694
138	0.0445258114094566
138	0.0442577789820711
138	0.0444775580240224
138	0.0435454545454545
138	0.0447463768115942
138	0.04485559566787
138	0.0443004023245418
138	0.0446071298654056
138	0.0442995277715314
138	0.0434959902134022
138	0.0439711897563578
138	0.0446837146702557
138	0.0445515297540574
138	0.045046258870026
138	0.0441308646413806
138	0.0438636571324134
138	0.0440048445700444
138	0.0444593088071349
138	0.043906405275996
138	0.0438014689517027
138	0.0445708654363017
138	0.0440391459074733
138	0.0448291366906475
138	0.044116982326086
138	0.0435078795585631
138	0.0440884476534296
138	0.0444168073198898
138	0.0440079115346579
138	0.0445793503375164
138	0.0437319102749638
138	0.0435594842119652
138	0.044353201281415
138	0.0440490348549995
138	0.0438961278994548
138	0.0440699639219984
138	0.0445491251682369
138	0.0439105592297656
138	0.0444114470842333
138	0.044833609531061
138	0.0444803881924788
138	0.0436706859955742
138	0.0444226394897641
138	0.0439259059437101
138	0.0441737865842574
138	0.0443724404842266
138	0.0437765884451763
138	0.0438997870701762
138	0.0441602424134397
138	0.0440086752213989
138	0.0442897817146473
138	0.0440387649312599
138	0.0438639724001971
138	0.044445445129914
138	0.0444820070281571
138	0.0445401660819752
138	0.0441003881917487
138	0.0445429313277823
138	0.0441156691324815
138	0.0447917139871894
138	0.0444504921304486
138	0.0441354563803543
138	0.0441242886821425
138	0.0447554941381001
138	0.0442876649977242
138	0.0443666082895505
138	0.0441518202943455
139	0.0443839346494214
139	0.0446346822926204
139	0.043880966573433
139	0.0446424553350434
139	0.0440540540540541
139	0.0445727691058378
139	0.0443799065208513
139	0.0439380872407063
139	0.0444925770497721
139	0.0438325498097157
139	0.0445013247114823
139	0.0447681172370655
139	0.0437989027790269
139	0.0450373436515792
139	0.0437690788292333
139	0.0444853436279571
139	0.0443442992338891
139	0.0446749281609195
139	0.0444484515169274
139	0.044170009465002
139	0.0443174660307748
139	0.0441018286124059
139	0.0435822242273855
139	0.0449528936742934
139	0.0441367567325357
139	0.0443427846725247
139	0.043991944506601
139	0.0447189289095253
139	0.043992622913949
139	0.0443086671192578
139	0.044603797411266
139	0.0442209233836256
139	0.0447847829969637
139	0.0450578074304254
139	0.0439402770927678
139	0.0446464737386921
139	0.0446269189575152
139	0.0438989428417846
139	0.0444563232215243
139	0.0439309974973186
139	0.0440228901004821
139	0.0447134275777968
139	0.0441243297282559
139	0.0445007235890014
139	0.043678469241774
139	0.0438470514316489
139	0.0441063608866417
139	0.0442977896307011
139	0.0438153624233682
139	0.0448659905831221
139	0.044683360551624
139	0.0447232069811835
139	0.0436554132712456
139	0.0447005021520803
139	0.044059162607802
139	0.0443198263386397
139	0.0444878669453785
139	0.0444864694493223
139	0.044136815137759
139	0.0443817457118545
139	0.0442506019717414
139	0.0444312525686104
139	0.0436877756057644
139	0.044495099156599
139	0.0437874083074569
139	0.0441049816418113
139	0.0443327649645517
139	0.044407300325262
139	0.0446140566080596
139	0.043623393845169
139	0.0438857348833018
139	0.0443552025990434
139	0.0440667296191376
139	0.043444811512875
139	0.0439052570768342
139	0.0440189231808966
139	0.0437190454750113
139	0.0446281726452416
139	0.04419021982952
139	0.044661236910409
139	0.0443985080663281
139	0.0442068376836336
139	0.0440016230106848
139	0.0442989038977578
139	0.0447073699421965
139	0.0448499011324825
139	0.0438384850002276
139	0.044500609288261
139	0.0442326710419851
139	0.0437058957432279
139	0.0428382023499291
139	0.0446881798404641
139	0.0440257228942753
139	0.0435855263157895
139	0.0441662941439428
139	0.0440335240122389
139	0.0441038052978351
139	0.0438939006328262
139	0.0434958983142522
139	0.0444696282864914
140	0.0438476917484551
140	0.0440909090909091
140	0.0443475916606758
140	0.0442026368069352
140	0.0434429190751445
140	0.0447505852692238
140	0.0445905774254572
140	0.0444645277903299
140	0.044588001445609
140	0.0434762815259947
140	0.0447285778375953
140	0.0445839732586503
140	0.0448694869486949
140	0.0442105263157895
140	0.0442373801338882
140	0.0438958707360862
140	0.0447042027304363
140	0.0445409373740991
140	0.0442044113642552
140	0.0443539158694558
140	0.044363701610371
140	0.0442160075414104
140	0.0439815849461404
140	0.0437956204379562
140	0.0450374573341017
140	0.0442690615503243
140	0.0444234829088622
140	0.0439510647938378
140	0.0441169883996954
140	0.0442252766868975
140	0.044266498717891
140	0.0443550210245513
140	0.0441918617867697
140	0.0431399317406143
140	0.0446477334789732
140	0.043729557775886
140	0.0452443557892828
140	0.0441322165180582
140	0.0446917266024336
140	0.0449413029841384
140	0.0443159922928709
140	0.0439619594473354
140	0.0448142831509062
140	0.044468794229101
140	0.0440538586661847
140	0.0450536029311983
140	0.0441317996425462
140	0.0441176470588235
140	0.0436409539696136
140	0.0447446369266673
140	0.0445922862537085
140	0.0436398241718403
140	0.0444197914355447
140	0.0445086444273913
140	0.0445331419858283
140	0.0442441807807264
140	0.0439111111111111
140	0.0442590820000912
140	0.0444155611330226
140	0.0443009393063584
140	0.0445528896118567
140	0.0436669500246074
140	0.0445737301409711
140	0.0443644544431946
140	0.0443747198565666
140	0.0439849453589081
140	0.044010785613089
140	0.0446356907161331
140	0.0437975697689945
140	0.044777454708119
140	0.0443338712569482
140	0.04398377647589
140	0.0440043505846098
140	0.0439004561672914
140	0.0446300287356322
140	0.0435533733406074
140	0.0445163901254553
140	0.0433417085427136
140	0.0448997973429408
140	0.0442077945321938
140	0.0442912498873569
140	0.0445822659655746
140	0.0446384376546821
140	0.0443376552724635
140	0.0440593397781441
140	0.0437731753640228
140	0.0443519188993483
140	0.0445727889956794
140	0.0442426411380514
140	0.0439962095573304
140	0.0445318787445229
140	0.0439241917502787
140	0.0446452416985667
140	0.0443707422015059
140	0.0442367043878875
140	0.0441477525589675
140	0.0444644060184146
140	0.0442545881927493
140	0.0439692348730716
140	0.0442461926646842
141	0.0444071486891046
141	0.0442258224649127
141	0.0439989235737352
141	0.044463620673994
141	0.0445098483133348
141	0.0444612914734213
141	0.0436950412473937
141	0.0444654683065279
141	0.0446094980868782
141	0.0444394213381555
141	0.044042505087045
141	0.0442329481078631
141	0.0440254429804634
141	0.0444245810055866
141	0.0447106690777577
141	0.0442521520803443
141	0.0440376051459673
141	0.0444691742710884
141	0.0431220741807706
141	0.0443435287832243
141	0.0440538485621003
141	0.0445908742158234
141	0.0441818992420865
141	0.0433850140744381
141	0.0447627973401169
141	0.0442006269592476
141	0.0442333045415284
141	0.0442995578975573
141	0.0437170873433812
141	0.0433843384338434
141	0.0436145441518897
141	0.0445386106477934
141	0.0441954280591663
141	0.0437246241020836
141	0.044469525959368
141	0.0444464519625999
141	0.0443908538763844
141	0.0445777777777778
141	0.0441274793848897
141	0.0439247765971636
141	0.0444135705642451
141	0.0436089550899547
141	0.0444115801738819
141	0.0449760336872284
141	0.0439958823792687
141	0.0439233370913191
141	0.044068252048905
141	0.0438381770439272
141	0.0450293182937201
141	0.0442410029764589
141	0.0446812320916905
141	0.0447174669135914
141	0.0447995690622615
141	0.0435755721006715
141	0.0441368739010865
141	0.0448964961018012
141	0.0438833917557794
141	0.0437136098981077
141	0.0438522215785017
141	0.0437351163216706
141	0.0443125529921014
141	0.0447828235188429
141	0.0438861575932524
141	0.043903965663701
141	0.0442068376836336
141	0.0443544759334233
141	0.043864394554143
141	0.0435112121617404
141	0.0442123272252488
141	0.0435803639976516
141	0.0445362305827422
141	0.0439525904642184
141	0.0446175318535861
141	0.0443111111111111
141	0.0442880981373743
141	0.0440807174887892
141	0.0435766324268066
141	0.0444543231829295
141	0.044157002676182
141	0.0435804701627486
141	0.0447274352100089
141	0.0436807596653855
141	0.0444633121816069
141	0.0445762559539858
141	0.0447037701974865
141	0.0436093609360936
141	0.0448159345545083
141	0.0445559948469637
141	0.0446376289356335
141	0.0445237151539173
141	0.0444625186390131
141	0.0444867425080784
141	0.0443917922124369
141	0.0445834264016082
141	0.0448389872729743
141	0.0442767973415959
141	0.0432659704326597
141	0.0449793121857899
141	0.044000714732422
141	0.0446515325501281
142	0.0445691202872531
142	0.0442033174723173
142	0.0442736425746134
142	0.0446155888992166
142	0.0441573381708774
142	0.0447216717708521
142	0.0445719922873414
142	0.0446286119482361
142	0.0445492200581652
142	0.0443207126948775
142	0.0445020329743979
142	0.0448069749674172
142	0.0442593426384511
142	0.0441196072333052
142	0.0449664429530201
142	0.0445280652242082
142	0.0440014367816092
142	0.043928923988154
142	0.0445513677269892
142	0.0449839343091753
142	0.0441035910973556
142	0.0442698873955685
142	0.0440357985662763
142	0.0441805011922437
142	0.0441441441441441
142	0.0442401738815432
142	0.0441763425253991
142	0.0445636851439225
142	0.0443830488837396
142	0.0443818718155001
142	0.0444315700343153
142	0.0441581920903955
142	0.0449661758853959
142	0.0441986476199006
142	0.0440558189462385
142	0.0449463327370304
142	0.0438368444643658
142	0.0443502952179204
142	0.0443308136949755
142	0.0440276847510605
142	0.0444434518492049
142	0.044950327437965
142	0.0442820866930993
142	0.044139894989766
142	0.04461249328799
142	0.0450344858675562
142	0.0440360456341279
142	0.0438619833244634
142	0.0430248306997743
142	0.044147935882511
142	0.0447794779477948
142	0.0442895683453237
142	0.0440212300967843
142	0.0445549028468143
142	0.0437784958611837
142	0.0444483954129256
142	0.0444037843627276
142	0.0441946894729772
142	0.0441805441805442
142	0.0446128323543918
142	0.0446464198625582
142	0.0433532503706366
142	0.044691490311635
142	0.0442253896363394
142	0.0442056032738229
142	0.0447593846705835
142	0.0443071726957604
142	0.0448122729107792
142	0.0439061657379112
142	0.0444846292947559
142	0.0443627890302922
142	0.0436416696144323
142	0.0438812519589845
142	0.0436225061645371
142	0.0447734490316232
142	0.0438093531625157
142	0.0442933937536097
142	0.0435805765488528
142	0.04423900789177
142	0.0442729488220959
142	0.0446912363978326
142	0.044288622483601
142	0.0437731471152559
142	0.043677130044843
142	0.044043642841238
142	0.0442792933113791
142	0.0441732708933718
142	0.0432627309598918
142	0.0444653834073675
142	0.0445197840924299
142	0.0444955369218285
142	0.0440809413442681
142	0.0437375745526839
142	0.0442728211575592
142	0.0446972053139023
142	0.0450587918499237
142	0.044447440564469
142	0.0442035398230088
142	0.0451267530858736
142	0.044857816741578
143	0.0442984597629722
143	0.0446476360392507
143	0.0444643256542161
143	0.044409589961909
143	0.0443624625317039
143	0.043521221648327
143	0.0438886900501074
143	0.043991944506601
143	0.0445936870382807
143	0.0442683854796115
143	0.0443149478249085
143	0.0441378698487335
143	0.0445569162637263
143	0.0439853975603241
143	0.0448577190230786
143	0.0441379925916008
143	0.043944217748083
143	0.0443400912087416
143	0.044156555058845
143	0.0446819930226317
143	0.0449169375225713
143	0.0440554405544055
143	0.0435424684507294
143	0.0440406529103788
143	0.0439050508656077
143	0.0439373601789709
143	0.0448839360436947
143	0.0436619092081277
143	0.0448566460070451
143	0.0443281445696905
143	0.0443400447427293
143	0.0446952801420054
143	0.0445021489971347
143	0.0448412341459027
143	0.0446242055202453
143	0.0446400643460387
143	0.0446204797708557
143	0.043884096438841
143	0.0433404284226258
143	0.0448249239293338
143	0.044431465923896
143	0.0450735621934909
143	0.0438012411106582
143	0.044684266856939
143	0.0442513548618265
143	0.0445307560292657
143	0.0443040809926981
143	0.0435968541164704
143	0.043859649122807
143	0.0441097843521654
143	0.0438860378694036
143	0.0439702988012167
143	0.0440661435474576
143	0.0439958823792687
143	0.0449488009220267
143	0.0445489142601298
143	0.0444334621259772
143	0.0443075519050878
143	0.0438743597878802
143	0.0435959924180883
143	0.0444711004487094
143	0.0444035379158623
143	0.0447814611014182
143	0.044368753641375
143	0.0446242055202453
143	0.0442720014353638
143	0.0444845477103542
143	0.0441707273055405
143	0.0446795215140154
143	0.0442294713160855
143	0.0452619240825895
143	0.0441036344661736
143	0.0438420794943695
143	0.0443923125507534
143	0.0445328031809145
143	0.0443369609028618
143	0.0438895364475926
143	0.044322327823071
143	0.045043830074174
143	0.0441718881926854
143	0.0447373139680832
143	0.0439924737926709
143	0.0436281179138322
143	0.0447754616367723
143	0.0443578733011643
143	0.0443797581728616
143	0.043765227021041
143	0.0443823711980137
143	0.0438480782351603
143	0.0447343474924389
143	0.044258966839612
143	0.0445779890573146
143	0.0439908891965522
143	0.0443535842851429
143	0.0439911747489756
143	0.0446974395322052
143	0.0441724321447578
143	0.0440522699717096
143	0.0441261509719319
143	0.0440949056687138
144	0.0445560087856919
144	0.044409519533004
144	0.0447002743175788
144	0.0445604175030108
144	0.0447361489156203
144	0.0443768453073276
144	0.0447169130905157
144	0.0445924938929603
144	0.0440176070428171
144	0.0442325519798702
144	0.0444900142653352
144	0.0444823102103045
144	0.0448629064722458
144	0.0443230659025788
144	0.0441596713698875
144	0.0438972162740899
144	0.0437890974084004
144	0.0440452428476381
144	0.0443224424209962
144	0.0448012029543143
144	0.0445509089280917
144	0.043932771594647
144	0.0448452680820439
144	0.043990114580993
144	0.0450507044781477
144	0.0439316618593299
144	0.0443114307410551
144	0.044564152791381
144	0.044216326711994
144	0.0436675403136245
144	0.0445436286543182
144	0.0433277102015449
144	0.0443420287261175
144	0.0443431227929015
144	0.0445548987999284
144	0.0446484270564121
144	0.044022635120082
144	0.0441602424134397
144	0.043947708918931
144	0.0444730191105396
144	0.0446436535545446
144	0.0438592529021184
144	0.0440953316076051
144	0.0439382343672624
144	0.0447589052033891
144	0.0441319968065289
144	0.0441509937308257
144	0.0447308567096285
144	0.0440530608586538
144	0.0444770283479961
144	0.0445060100987533
144	0.0444801714898178
144	0.0439984048916656
144	0.0448546419338746
144	0.0446193052264497
144	0.0439184688485279
144	0.0443856027286599
144	0.0448272751871561
144	0.0437082530147487
144	0.0443856165894551
144	0.0443690577154845
144	0.0441235281048656
144	0.0446483993970027
144	0.0444274051689144
144	0.0436958874458874
144	0.0443314601730443
144	0.0444534158704526
144	0.0436121552465921
144	0.0443127542897577
144	0.0439659851637416
144	0.0441248063730914
144	0.0443516131899387
144	0.0444384715316042
144	0.044065963773993
144	0.0443535703051274
144	0.0440155823221242
144	0.0445665175209321
144	0.0447095206538546
144	0.0434977377592617
144	0.0441282097324475
144	0.0440243139358184
144	0.0445676274944568
144	0.0445307147750628
144	0.044076639381128
144	0.0442116477272727
144	0.0436262653408582
144	0.0442967390819467
144	0.0445110494766037
144	0.0442568774562344
144	0.0438846359266512
144	0.0444108223567106
144	0.0441677118795915
144	0.0438264938804896
144	0.0442784502542411
144	0.0433287175592978
144	0.0439069685178635
144	0.0446280249629596
144	0.0438891128129339
144	0.0441050976869526
144	0.0442847000354988
145	0.0440316632184942
145	0.0445021489971347
145	0.0443773652910434
145	0.0439192208024305
145	0.0437466690353526
145	0.0440293234410881
145	0.044571224817258
145	0.0439701836897684
145	0.0446997017051779
145	0.0443813243387183
145	0.044169925346605
145	0.0442481863650701
145	0.0439196744040431
145	0.0441820946248099
145	0.0436946659031846
145	0.0448620658869744
145	0.0444226394897641
145	0.044712750431206
145	0.043398505659702
145	0.0447714464621165
145	0.0441478439425051
145	0.0445052761711334
145	0.0436490225832366
145	0.0439239946973045
145	0.0443276744812719
145	0.044377251100538
145	0.0444276101777996
145	0.0442189036931056
145	0.0446086724245392
145	0.044185319215476
145	0.0441768865813267
145	0.0450825111710835
145	0.0438526052819415
145	0.0443698231475263
145	0.0448908840392906
145	0.0438103796899573
145	0.0437337400197363
145	0.0441124469589816
145	0.0447193990278392
145	0.0439795237035388
145	0.0443204641821022
145	0.0444474345174022
145	0.0445304066210867
145	0.04412489360749
145	0.0445167327659195
145	0.0442143178748312
145	0.043868349864743
145	0.0441876874228259
145	0.0437248039693439
145	0.0445704665278455
145	0.0442631719711153
145	0.0437768620674376
145	0.0438199254128929
145	0.0442884267231863
145	0.0446143467506184
145	0.0442256042972247
145	0.0436906255601362
145	0.0443877093971155
145	0.0443728752907497
145	0.0437519672647151
145	0.0444474466360443
145	0.0440993788819876
145	0.0447553076646276
145	0.0441524779907941
145	0.0440507007051683
145	0.0453973390866595
145	0.0437104519140152
145	0.0439364172173602
145	0.0439327775572317
145	0.0436522208235929
145	0.044035299914886
145	0.0447519769949676
145	0.0444671948722514
145	0.0443987197073617
145	0.0440579198304785
145	0.0436685162629133
145	0.0448278969183637
145	0.0428325636149597
145	0.0442473892689953
145	0.0447181684295086
145	0.0442375373101083
145	0.0438071225969114
145	0.0444534705298312
145	0.0445897204688909
145	0.0447125621007807
145	0.0435405841247088
145	0.0437036375011172
145	0.0444642857142857
145	0.0444593088071349
145	0.0439663655067537
145	0.0443592057761733
145	0.0444862155388471
145	0.0446905016008538
145	0.0444572237459082
145	0.0442446363393572
145	0.0443851456526573
145	0.0444027517198249
145	0.0440217635685058
145	0.0442230536897624
145	0.0446850218301702
146	0.0438984734892964
146	0.0440101110408955
146	0.044247009148487
146	0.0440378492309072
146	0.0440184593539226
146	0.0443598370816363
146	0.0439501779359431
146	0.0444276774222183
146	0.0442521083000444
146	0.0441176470588235
146	0.0441163390554123
146	0.0441512752858399
146	0.0444613253496582
146	0.0441976630095442
146	0.0439276485788114
146	0.0443037974683544
146	0.0440276669326949
146	0.0434976379356449
146	0.0439855169639265
146	0.0446464737386921
146	0.0440855909960408
146	0.0446532961597266
146	0.0442156818284885
146	0.0444839857651246
146	0.0450961282891822
146	0.0448087919942816
146	0.0441374360814569
146	0.0441123836793128
146	0.0439765458422175
146	0.0445658554205987
146	0.0444032046349522
146	0.0443512404069249
146	0.0445153852975082
146	0.0444255927133098
146	0.0441846820417927
146	0.0437320362591201
146	0.043970241012162
146	0.0443433261955746
146	0.0443934691674538
146	0.044200114805493
146	0.0438170726276885
146	0.0444177671068427
146	0.0442378514326776
146	0.0441665558068378
146	0.0438877043354655
146	0.0437214714042782
146	0.0429727220478359
146	0.044341614627791
146	0.04486354559574
146	0.0438916037316748
146	0.0445354947893471
146	0.0446597665712398
146	0.0438148943788042
146	0.0438494546754872
146	0.0440343423614799
146	0.0447101285810963
146	0.0437051242028275
146	0.0441039720143471
146	0.0439205844126742
146	0.0450002241047017
146	0.0440936549230566
146	0.0438845097865557
146	0.0445273963471537
146	0.0443226869793755
146	0.0443288426481704
146	0.0444001770694998
146	0.0444870822364018
146	0.043989180080706
146	0.0442948263642806
146	0.0443043674020711
146	0.0444825408282956
146	0.0443505338078292
146	0.0445729537366548
146	0.044964913064855
146	0.044251373008013
146	0.0449802406642689
146	0.0442274813281742
146	0.0448858795569705
146	0.0438483706495234
146	0.0439501058224884
146	0.0445993654198507
146	0.0440693025322079
146	0.0437611408199644
146	0.0441934471785218
146	0.0448382809038547
146	0.0441984056687334
146	0.0441189525077674
146	0.0445011213227211
146	0.0436553617285044
146	0.0443704197201865
146	0.0439747436299315
146	0.0438537309404939
146	0.0442335961512762
146	0.0445335114673792
146	0.0441673044887668
146	0.0439692348730716
146	0.0441553844792496
146	0.0444346678398592
146	0.0448822723859169
146	0.0439284593661751
147	0.0443334374024352
147	0.0442092991974174
147	0.0438846359266512
147	0.0441019244476123
147	0.0445367383908452
147	0.0438828002683963
147	0.0442878042292858
147	0.044387799947262
147	0.044147481697098
147	0.044172103685417
147	0.0445489142601298
147	0.0442211500154929
147	0.0433037506132097
147	0.0441616432239339
147	0.0444753612781617
147	0.0441804591564335
147	0.0438486370157819
147	0.0441066643236832
147	0.0441505049602288
147	0.0445544554455446
147	0.0449398285891913
147	0.043621325981591
147	0.0443251397639542
147	0.0439211535917449
147	0.0444888888888889
147	0.0443410852713178
147	0.0438635553972212
147	0.0440863079381993
147	0.0438927067169142
147	0.0440719210490739
147	0.0449658741133961
147	0.0436103663985702
147	0.0438997870701762
147	0.0435480276353911
147	0.0438709106202134
147	0.0434393593701069
147	0.0438115612604181
147	0.0438729874776386
147	0.044113064767416
147	0.0443837787856105
147	0.0440078236130868
147	0.0441111209727523
147	0.0445650240170788
147	0.044513913349771
147	0.0443378204273846
147	0.04437239051257
147	0.0441998757433212
147	0.0443999109329771
147	0.0440032197477864
147	0.0442006269592476
147	0.0443530358579987
147	0.0433911882510013
147	0.0439232788927952
147	0.0441361350574713
147	0.0438655386956716
147	0.0445234392357254
147	0.0445362106478398
147	0.0448046625990347
147	0.044406336025994
147	0.0439184688485279
147	0.0441163270801544
147	0.0436936534856735
147	0.0442293174652516
147	0.0438345124026149
147	0.0441681151669118
147	0.0436593229446534
147	0.0441550332277775
147	0.0442097726865939
147	0.0444582482917739
147	0.0444796758708768
147	0.0441788639720693
147	0.0437815840078708
147	0.0445216152442011
147	0.0448534667619728
147	0.0445333333333333
147	0.0443874618683408
147	0.0438659058487874
147	0.0439389217824868
147	0.0437975579543444
147	0.0441564245810056
147	0.0444355839092681
147	0.0438867325335215
147	0.0443773652910434
147	0.0448329276388582
147	0.0441574579505614
147	0.0443742211144739
147	0.0441747356209004
147	0.0442708333333333
147	0.0442239858906526
147	0.0445876861524783
147	0.0441497173884018
147	0.0448488642461098
147	0.0447364927651666
147	0.0440832192234639
147	0.04456627464851
147	0.0443646678189957
147	0.0445044725887875
147	0.0435490435490435
147	0.0442646993466957
147	0.0435927181866857
148	0.0445210017225388
148	0.044400088711466
148	0.044401374328253
148	0.0444713153298401
148	0.0441986496090974
148	0.0437374860956618
148	0.0439681838267786
148	0.0443660083996068
148	0.0445288686663427
148	0.0435538516405135
148	0.0437255599004621
148	0.0442454217350622
148	0.0441033783187792
148	0.0438030862275982
148	0.0439996433666191
148	0.044499822000712
148	0.0442501681237391
148	0.0437052110059276
148	0.044473482629658
148	0.0445458977882186
148	0.0440842498998085
148	0.0443694976128947
148	0.0443171806167401
148	0.0441255364806867
148	0.0444757585098419
148	0.0440137736182236
148	0.0441922024316928
148	0.0440296191194076
148	0.044009670487106
148	0.0444947209653092
148	0.0437795136590317
148	0.044138480609173
148	0.0444681607968694
148	0.0443726774022297
148	0.0440674963461624
148	0.0440495278817032
148	0.0443819974129087
148	0.0442733825754205
148	0.0449554031643584
148	0.0443244208364951
148	0.0445167817709937
148	0.044044581710756
148	0.0443307757885763
148	0.0437907920268125
148	0.0445072412575062
148	0.0444395410414828
148	0.0441540091840339
148	0.0443767386408796
148	0.0438794977594392
148	0.0441827519036657
148	0.0441045705139605
148	0.0440949056687138
148	0.0442387742449739
148	0.0441235103885173
148	0.0451583913727252
148	0.0448888888888889
148	0.0446043804700342
148	0.0445930387033921
148	0.0447642240425061
148	0.0439068100358423
148	0.0443634423897582
148	0.0435833184177555
148	0.0441078191133883
148	0.0440981725081663
148	0.0439575033200531
148	0.0440794398696552
148	0.0436871408045977
148	0.0439951908091018
148	0.0448674677107241
148	0.0441841895129092
148	0.0445899594636732
148	0.044745103240925
148	0.0443971819752758
148	0.0447081920399786
148	0.044147481697098
148	0.0437361664453298
148	0.0443032389021269
148	0.044485964678144
148	0.0451265146115467
148	0.0443119063397393
148	0.0438243488258966
148	0.0445452120565484
148	0.0446314490901881
148	0.0439594909481986
148	0.0443290734824281
148	0.0443043594069076
148	0.0437136465324385
148	0.0441505952642446
148	0.0437962715190438
148	0.0444444444444444
148	0.0442223499756777
148	0.0446967009577864
148	0.0438615923087147
148	0.0444464119704281
148	0.044527230796523
148	0.0443408261118198
148	0.0442331726477415
148	0.0442345046794985
148	0.0441777660556508
148	0.0443137254901961
149	0.0439309405614374
149	0.0437798197561407
149	0.0441727202995984
149	0.0442185850052798
149	0.0442815900510771
149	0.0441443435908789
149	0.0438452312202923
149	0.0441813201378457
149	0.0440972997098862
149	0.0445284697508897
149	0.0443099919921701
149	0.0444493489295961
149	0.0447328516635447
149	0.044780085928157
149	0.043798843216036
149	0.0431764231647781
149	0.044430621584396
149	0.0440575122015565
149	0.0442735949098621
149	0.0444056100730385
149	0.0444934892959612
149	0.0442333904937783
149	0.0444157348420724
149	0.0445938771898779
149	0.0449915862191126
149	0.044132664387515
149	0.0448454292158684
149	0.0443035167856668
149	0.0444276438672952
149	0.0442438525501356
149	0.0445342331942101
149	0.0445984828668585
149	0.0441690639522018
149	0.0440514899113625
149	0.0443582542017743
149	0.0445094649111141
149	0.0428757231914607
149	0.0442141932026261
149	0.0444079677032962
149	0.0441235281048656
149	0.0445654098070455
149	0.0441105611283893
149	0.0441468035423184
149	0.0439228238641415
149	0.0441261253270655
149	0.0441215794634103
149	0.044425780213951
149	0.0436142561346315
149	0.0444424692235901
149	0.0443766038403681
149	0.0441894209207229
149	0.0444052085632311
149	0.0445952496364518
149	0.0445367383908452
149	0.0441710188545632
149	0.044170243204578
149	0.0440008871146596
149	0.0433624783631441
149	0.0436572566051393
149	0.0441979143554471
149	0.0439676863991524
149	0.0445060750132066
149	0.043965784691752
149	0.0444590739521615
149	0.0442657713376922
149	0.0439429404230888
149	0.0449602122015915
149	0.0444883835887296
149	0.0444248567650948
149	0.0447562383447296
149	0.0444286159462227
149	0.0447873043861583
149	0.0442671809256662
149	0.0446456587027657
149	0.0444623367328681
149	0.044097995545657
149	0.0437997724687144
149	0.0435905427668195
149	0.043908719587995
149	0.0442269187986652
149	0.0440822869356131
149	0.0440812720848057
149	0.0433922447902928
149	0.0436925243102917
149	0.0438604201459084
149	0.0441571224051539
149	0.0443983035872062
149	0.0447741305023764
149	0.0440811625022151
149	0.0441629277733791
149	0.0439168079978577
149	0.0447005021520803
149	0.0439062980705841
149	0.0440693025322079
149	0.0436787725599752
149	0.0439307382312564
149	0.0443376308341943
149	0.0441379310344828
149	0.0442591689210165
149	0.0444873426051858
150	0.0443518315420048
150	0.0443325610408127
150	0.0445542351003694
150	0.0441242481371757
150	0.0441984095602126
150	0.0442567866301176
150	0.0441503064759705
150	0.0441986496090974
150	0.044338456103162
150	0.0438357368976433
150	0.0439920336357601
150	0.0445657917914391
150	0.043908719587995
150	0.0443728199920526
150	0.0446629337330805
150	0.0441575492341357
150	0.0446994730731446
150	0.0442407684850621
150	0.0449008624522095
150	0.0437795136590317
150	0.0442410714285714
150	0.0440751766117208
150	0.0442553191489362
150	0.043687817820031
150	0.0448352626892253
150	0.0444276438672952
150	0.0439658241367035
150	0.0439395278932013
150	0.0446037435284747
150	0.0437025930499206
150	0.0440096724554847
150	0.0443205944798301
150	0.0441940311647152
150	0.0444098688597466
150	0.0434590388611344
150	0.0448384659823135
150	0.0434725620412443
150	0.0441804591564335
150	0.0443767386408796
150	0.0447174230038443
150	0.0436677378174935
150	0.0443141956396252
150	0.0446989123706782
150	0.044153430960492
150	0.0440068719439672
150	0.0441692191592311
150	0.0443871080596493
150	0.0444574043335875
150	0.0444218528995757
150	0.0443523223678345
150	0.0442990071679801
150	0.0437005423668534
150	0.0442325519798702
150	0.0443416996917657
150	0.0435529328870883
150	0.0442166258078895
150	0.0444965908084654
150	0.0434245911034696
150	0.0441156988297637
150	0.043803466654723
150	0.044692005242464
150	0.0434859388106485
150	0.0443040770352047
150	0.0447395392362194
150	0.0446420670737103
150	0.0444999780788285
150	0.0449906824030526
150	0.0444994913080019
150	0.0445947750233655
150	0.0432886951105575
150	0.0445161001388329
150	0.0441619418851878
150	0.044173140954495
150	0.0440722785368004
150	0.0436451267404498
150	0.0442744039984077
150	0.0442815900510771
150	0.0443071491615181
150	0.0440451653373958
150	0.0438835634508838
150	0.0443649373881932
150	0.0437969094922737
150	0.0441962117532783
150	0.0443921080696765
150	0.0442626575281893
150	0.044215573115511
150	0.0434432823813355
150	0.0447311255929423
150	0.0442311143010946
150	0.0433389011782764
150	0.0443801468951703
150	0.0436811233558478
150	0.0435202670062799
150	0.0442649719758154
150	0.0441300769607189
150	0.0444138787825007
150	0.0444742129939719
150	0.0443338712569482
150	0.0444385663272054
150	0.0435013497366907
151	0.0449119069808725
151	0.0443500722385185
151	0.0440309668338172
151	0.0447258878752989
151	0.0439198218262806
151	0.0444199867928681
151	0.0448408658315258
151	0.0437604139261598
151	0.0443660418963616
151	0.0435269356499933
151	0.0438600323271155
151	0.0444255547602004
151	0.0443785673200301
151	0.0441294822498435
151	0.0439116497606815
151	0.0436537533453253
151	0.0442181428380008
151	0.044078947368421
151	0.0438784903344584
151	0.0443375601224311
151	0.0438542310067943
151	0.0444766420793818
151	0.0438947229667384
151	0.0444267797208974
151	0.0439405923191845
151	0.0439647577092511
151	0.0438917015188202
151	0.0443641876226146
151	0.0440528634361234
151	0.044179523141655
151	0.0435209570146855
151	0.0447957839262187
151	0.0445454946801466
151	0.0439013746454288
151	0.0442559957599046
151	0.0441325295903551
151	0.0439112124934199
151	0.0444035733053074
151	0.0442685299840792
151	0.0440495612681335
151	0.0443666593743163
151	0.0440456769983687
151	0.0447313913005156
151	0.0441156929618638
151	0.043825228164543
151	0.0446044428834841
151	0.04448699679373
151	0.0441040538756107
151	0.0440204459328457
151	0.0445665175209321
151	0.0440988025275065
151	0.0441839893852278
151	0.0442255014579836
151	0.0442722251915197
151	0.0443102155989595
151	0.0439302778269333
151	0.0443082933759545
151	0.044319627890649
151	0.0444109564754898
151	0.0441034209832029
151	0.0443830488837396
151	0.044364026269937
151	0.0443725342435392
151	0.0440987457341666
151	0.0439762196188145
151	0.0444847733711048
151	0.0445686127854283
151	0.0442778390297685
151	0.0440579198304785
151	0.043284307230246
151	0.044492747194251
151	0.0440243257535695
151	0.0440464666021297
151	0.0441156691324815
151	0.0438915041470522
151	0.0446880269814503
151	0.0443334647566478
151	0.0440056667256951
151	0.0440853604988144
151	0.0439463075355513
151	0.0441602424134397
151	0.0441000664157627
151	0.0438875572020048
151	0.044095041503799
151	0.04386316117265
151	0.0442035398230088
151	0.0438723236569027
151	0.0438701656231961
151	0.0438441098317095
151	0.0440054676132105
151	0.0442661258321943
151	0.0442188879082083
151	0.0441957428132543
151	0.043594696637106
151	0.0445568506707719
151	0.0439941985672219
151	0.0445022714241609
151	0.0443788286104623
151	0.0446905016008538
151	0.0434064740386704
152	0.044502847130968
152	0.0442773600668337
152	0.0447287163652404
152	0.0441429137847482
152	0.0442794759825327
152	0.0440559749260584
152	0.0437532946758039
152	0.0442841974871704
152	0.0437502793046432
152	0.044602484744721
152	0.0438388625592417
152	0.0434321565855167
152	0.0442809305604512
152	0.0448142278570171
152	0.044379742368096
152	0.0443627016486439
152	0.0440386211717419
152	0.0443325826820329
152	0.0438693667744937
152	0.0438806234502302
152	0.0440165061898212
152	0.0444307584022523
152	0.0442343708195844
152	0.0442861567048622
152	0.0446611452489091
152	0.0440728812811576
152	0.0445402931209014
152	0.0441848208011244
152	0.0444151854290103
152	0.0448142278570171
152	0.0440268103561572
152	0.0436921168077281
152	0.0449920368076447
152	0.0433869839048285
152	0.0440257188783711
152	0.0437532946758039
152	0.0445632011306422
152	0.0439199544598678
152	0.0443341095830221
152	0.0434993817346759
152	0.0441093143878307
152	0.0434261887863733
152	0.0441462982642579
152	0.0443021201413428
152	0.0445735574577549
152	0.043600934620641
152	0.0444669692829756
152	0.0441195954599655
152	0.0437635791247284
152	0.0437362637362637
152	0.0440231935771632
152	0.0437530384054448
152	0.0448110086887487
152	0.0447386943515749
152	0.0442537514601492
152	0.0447142046198856
152	0.0444039470175127
152	0.0443447274646958
152	0.0439102279783554
152	0.043721380767876
152	0.0440015872316035
152	0.0441189407935251
152	0.0442719816562307
152	0.044667314659362
152	0.0442318662512616
152	0.0442419147900721
152	0.0443377700196378
152	0.0442427180187723
152	0.0442013129102845
152	0.0436857080323922
152	0.0442473991484131
152	0.0445306644327852
152	0.0441176470588235
152	0.0439958823792687
152	0.043602573266619
152	0.0441693010186161
152	0.0444523155937306
152	0.0446239406779661
152	0.0439324116743472
152	0.0437330534417913
152	0.0438974991194082
152	0.0438767378021783
152	0.0433670033670034
152	0.0442284542333586
152	0.0440193491644679
152	0.043778801843318
152	0.0443254630035987
152	0.0438661710037175
152	0.0439507471188817
152	0.0438462545264168
152	0.0436735601512119
152	0.044052666815443
152	0.0432679506523476
152	0.0435919018296195
152	0.0439448811942408
152	0.0445295983086681
152	0.043395390070922
152	0.0439229054674184
152	0.0435647064021561
152	0.0442298363981126
153	0.0438396919845992
153	0.0442877168389697
153	0.0440899329447342
153	0.044245035760295
153	0.0437441829543944
153	0.04346870604782
153	0.0438627210646121
153	0.0444087747458534
153	0.0446688420495635
153	0.0438631259083102
153	0.044086681874013
153	0.0439668242218853
153	0.0444027244149494
153	0.0446882881288439
153	0.0442466117459474
153	0.044601862783681
153	0.0447023520586029
153	0.0437687788690076
153	0.0445209959447085
153	0.0442088593674394
153	0.0442347915090561
153	0.0436669619131975
153	0.0438635553972212
153	0.0441448585778483
153	0.044200114805493
153	0.0443973696985745
153	0.0437253074088871
153	0.0442666434752359
153	0.0437056737588652
153	0.0442406620442854
153	0.0445916114790287
153	0.044143298000805
153	0.0444785949506037
153	0.043966737438075
153	0.0441554983580367
153	0.0443468715697036
153	0.0434590192954505
153	0.0442788250767207
153	0.0440072827390204
153	0.0439987630869815
153	0.0439642983386356
153	0.0434492276187508
153	0.0441466298778084
153	0.0437807417911109
153	0.0437975462820456
153	0.0442766962433232
153	0.0440917107583774
153	0.0436229852838122
153	0.0443551907797084
153	0.0445328031809145
153	0.0436950531426322
153	0.0443697918938964
153	0.0441725978647687
153	0.0438197784740303
153	0.0443090678003243
153	0.0441775965969514
153	0.0432394428088061
153	0.0435466259008517
153	0.043927304964539
153	0.04414358793438
153	0.0444825765575502
153	0.0448368963838357
153	0.0439565294221594
153	0.0446589164290415
153	0.0443015677294346
153	0.0441209108260464
153	0.0442833435234518
153	0.0444610252808989
153	0.0439262713746391
153	0.0438748720687047
153	0.0444375111428062
153	0.0442579000571353
153	0.0444237753565418
153	0.0441905101995268
153	0.0435450594793907
153	0.0440022790024981
153	0.043811903274739
153	0.0443735245256623
153	0.0440906307409675
153	0.0437824518173018
153	0.0442113648433351
153	0.044424778761062
153	0.0441935766167848
153	0.0449213543055185
153	0.0444571983576884
153	0.0439381252478956
153	0.0434036939313984
153	0.0433780849838274
153	0.04352801373179
153	0.0448575293450277
153	0.0444836716681377
153	0.0443726774022297
153	0.0438808196937119
153	0.0436266903125693
153	0.0442779895399344
153	0.0446618271954674
153	0.0441633377718597
153	0.0437629069818533
153	0.0445929900171511
153	0.044380503967216
154	0.0442111682202282
154	0.0437377516479601
154	0.0442907785898726
154	0.0443944804479125
154	0.0445363943762235
154	0.0442001051340459
154	0.0438703493944411
154	0.0435071551991493
154	0.0441493338023834
154	0.0440215471564818
154	0.0445404179208655
154	0.0444571227946985
154	0.0446042530662667
154	0.0442458492136505
154	0.0441157104604714
154	0.0447655663087189
154	0.0441582336706532
154	0.0447839831401475
154	0.0437019125082436
154	0.0442317067765811
154	0.0440886159245449
154	0.0435243224154675
154	0.04372857519557
154	0.0441500132053878
154	0.0439152283154905
154	0.0446813235620697
154	0.0439570198028594
154	0.0440859742428904
154	0.044479606188467
154	0.0439123520056547
154	0.0441517525051416
154	0.0441073307611364
154	0.0437795136590317
154	0.0440682461103253
154	0.0444081127656754
154	0.0443631878056302
154	0.0445879458794588
154	0.0442407684850621
154	0.0441214863806457
154	0.0440380586592179
154	0.0443792244752757
154	0.0444864912435096
154	0.0442489670798347
154	0.0442931659446556
154	0.0443253774963468
154	0.0443468715697036
154	0.0442725405358157
154	0.044102833618009
154	0.044044665012407
154	0.044685618876049
154	0.0440711198253197
154	0.0442544188301671
154	0.0444171348314607
154	0.0441689944134078
154	0.044835588248172
154	0.0445748314213154
154	0.0439880112834979
154	0.0440578696621356
154	0.0445065672701455
154	0.0446649029982363
154	0.0437024735600035
154	0.0442951239998232
154	0.0438770005394713
154	0.0444688805806026
154	0.0438600342450718
154	0.0439187700982336
154	0.0441572191097975
154	0.0442434936038818
154	0.0438020925696045
154	0.0440764107956537
154	0.0439331471383606
154	0.0449358690844759
154	0.0441389608678466
154	0.0445197939143071
154	0.0440165667959112
154	0.0438917015188202
154	0.0441710188545632
154	0.0443740801855238
154	0.0447267434166998
154	0.0447538319645132
154	0.0444240196078431
154	0.0448788184248587
154	0.0438974991194082
154	0.0442188879082083
154	0.0443684510500241
154	0.0440734852499558
154	0.0441053603623411
154	0.0440024373259053
154	0.043674237451315
154	0.044294888712941
154	0.0438234778031234
154	0.0440952422408915
154	0.0435882891923731
154	0.0435908691834943
154	0.0436446830040917
154	0.0442662948762635
154	0.0436530729465824
154	0.0443785673200301
154	0.0429401920197305
154	0.0437218741727698
155	0.0445387062566278
155	0.0440320392174027
155	0.0436627728923306
155	0.0438362163345741
155	0.0439643652561247
155	0.0445946539086161
155	0.0440819925060613
155	0.0448796767960653
155	0.0439382678266952
155	0.0442586350304251
155	0.0440220994475138
155	0.0444727928562002
155	0.0439579917578765
155	0.0439492689800951
155	0.0436999597441517
155	0.0438662366921412
155	0.0445407962160032
155	0.0439762196188145
155	0.0440631616090332
155	0.0432581275537396
155	0.0446549984647103
155	0.0443792244752757
155	0.0433147509069994
155	0.0437608511774919
155	0.0437411723163842
155	0.0449561403508772
155	0.0440746079587647
155	0.0442087806581129
155	0.0444228561335335
155	0.0439363469441287
155	0.0436882546652031
155	0.0439968542467669
155	0.0439594220719336
155	0.0443166740380363
155	0.0433395373570859
155	0.0439922650962468
155	0.0442167936257771
155	0.0443032427695004
155	0.0438650576940016
155	0.0444336797604368
155	0.0445149631980255
155	0.0439802573594218
155	0.0434782608695652
155	0.0442115460830508
155	0.0443618881118881
155	0.043738186293903
155	0.0440783615316118
155	0.0440627333831217
155	0.0444139396891467
155	0.0440070765148165
155	0.043810024996711
155	0.0442963027937371
155	0.0442298363981126
155	0.0439507259128905
155	0.0448489645165545
155	0.0442854634831461
155	0.0442752767204795
155	0.0437585552170265
155	0.0436185989706011
155	0.0442493492742754
155	0.0440934371523915
155	0.0438013984783852
155	0.043563213286558
155	0.0440756837437991
155	0.0443973696985745
155	0.0446780551905388
155	0.0440877332625807
155	0.0435053935990015
155	0.0442470168103824
155	0.0439334209373631
155	0.044345605073102
155	0.0446152486968813
155	0.0436849659131683
155	0.0439483780955703
155	0.0443403659283901
155	0.044322056123787
155	0.0443129520052597
155	0.0444744522367905
155	0.0440638075313808
155	0.0441163546884612
155	0.0437543798177996
155	0.0442345046794985
155	0.0443115340958701
155	0.0441385435168739
155	0.0441286134140457
155	0.0445001980720982
155	0.043408929836995
155	0.0444347063978966
155	0.0442395906845448
155	0.044625192349967
155	0.0444602525342344
155	0.0442322080894327
155	0.0438450048326158
155	0.0446096654275093
155	0.0437549372421662
155	0.0438195768838426
155	0.0441504971310937
155	0.0444743935309973
155	0.0447826467243943
155	0.044291597301323
156	0.0445285975450509
156	0.0440389507851566
156	0.0442536038207072
156	0.043040007136167
156	0.0440528634361234
156	0.0445175818465269
156	0.0442435149014616
156	0.0437282229965157
156	0.0440803844473569
156	0.0436614155952433
156	0.0443462897526502
156	0.0442505043417244
156	0.0440411108681391
156	0.0443698073183666
156	0.0443419028784882
156	0.0439256034823902
156	0.0441677588466579
156	0.0442145694208022
156	0.0444798160675598
156	0.0441208527706326
156	0.0439493758668516
156	0.0442857768627623
156	0.0442260442260442
156	0.0441378090310026
156	0.0440248797917861
156	0.0436262376237624
156	0.0442949502009436
156	0.043598040930558
156	0.044061135371179
156	0.0442796331241497
156	0.0441214863806457
156	0.0446085149652947
156	0.0446939483266863
156	0.0440990814505246
156	0.0440429385519283
156	0.0443380058882981
156	0.0444200351493849
156	0.0442791511704222
156	0.0438848295059151
156	0.0444336583859154
156	0.0439253965487188
156	0.0444943226828624
156	0.0434074400176095
156	0.0444123566990461
156	0.0437374880320306
156	0.0437012360831069
156	0.0441325742530562
156	0.0443395393982176
156	0.0441889942742253
156	0.0440116409223192
156	0.0442202237332748
156	0.0441680583633647
156	0.0447453764571829
156	0.0441041748462243
156	0.044263300902796
156	0.0439238011823954
156	0.0442176870748299
156	0.0439259357461664
156	0.0446057173201168
156	0.044417188663542
156	0.043859649122807
156	0.043780705186731
156	0.0441325295903551
156	0.0441319107662464
156	0.0443666593743163
156	0.0437486218302095
156	0.0441545851143524
156	0.0444209878172142
156	0.0435625247764613
156	0.0442207990240927
156	0.0443723418248783
156	0.0433594782761964
156	0.0443063086893268
156	0.044241204270961
156	0.0438836839314124
156	0.0438833260774924
156	0.0441839100573078
156	0.0440058029630281
156	0.0442996457777583
156	0.0439872450093915
156	0.0440395861448493
156	0.0436092891331324
156	0.0446827133479212
156	0.044261496923826
156	0.0440511046047378
156	0.0436606791661204
156	0.0441694556984323
156	0.0441926345609065
156	0.0441678551363499
156	0.0442353355025943
156	0.0444909709500131
156	0.0443389108339621
156	0.0437074456402372
156	0.0441402307928568
156	0.0444956722195642
156	0.0438753659922213
156	0.0443834661788405
156	0.0435540069686411
156	0.0443872206703911
156	0.0430600703566817
157	0.0437775816416593
157	0.0439222813622398
157	0.0444934892959612
157	0.0442376898095322
157	0.0439855984036785
157	0.0441717791411043
157	0.0444570729148453
157	0.0441981689955758
157	0.0443250796978034
157	0.0443137943137943
157	0.0444551930349134
157	0.0443294035759342
157	0.0435891796789092
157	0.0440268103561572
157	0.0445427470217239
157	0.0442044953724108
157	0.0442621512546061
157	0.0440254330190748
157	0.0434163701067616
157	0.0440130018448564
157	0.0441849318053074
157	0.0443974630021142
157	0.043596253173422
157	0.0442450495049505
157	0.0443644030571905
157	0.0436473261097518
157	0.0439235421356995
157	0.0437800087298123
157	0.0440819925060613
157	0.0434498102342625
157	0.0442968371970264
157	0.0444706293095924
157	0.0438967033924139
157	0.0443184296619411
157	0.0443421052631579
157	0.043774148226203
157	0.0446225258363987
157	0.0439281017097764
157	0.0445938771898779
157	0.0441208527706326
157	0.0439079856555585
157	0.0448604733309785
157	0.0440672002814671
157	0.0447885593963853
157	0.0435776790818346
157	0.0441317836231757
157	0.0440413358761698
157	0.045037166593791
157	0.0440154779702753
157	0.0437387129454257
157	0.0437981779957954
157	0.0446279539664412
157	0.044137510348133
157	0.0440376707786179
157	0.0444405563817689
157	0.0440692830519623
157	0.0440788591354106
157	0.0437456078706957
157	0.044184224273028
157	0.0443049014477586
157	0.0445013465189175
157	0.0444669247009149
157	0.0443015677294346
157	0.0444694380758749
157	0.0442078513845075
157	0.0442970822281167
157	0.0445896176780077
157	0.0440628969383733
157	0.0433557815044676
157	0.0446986361636604
157	0.0441137507727634
157	0.044114435466259
157	0.044491987949177
157	0.0440008773853915
157	0.0445253553254957
157	0.044547930761796
157	0.043985833588387
157	0.0440209367870085
157	0.0438171569490928
157	0.0442400350416119
157	0.0441131330848498
157	0.0448516579406632
157	0.0438611713665944
157	0.0442791511704222
157	0.0439093484419263
157	0.0437764865219101
157	0.0441040944398122
157	0.0438795054849382
157	0.043875121262898
157	0.0436322301403401
157	0.0438642526021167
157	0.0437844458052664
157	0.0432998690528154
157	0.0444569988266481
157	0.0445701849836779
157	0.0443035225643921
157	0.0445753472832777
157	0.0440495939928403
157	0.0434267666798263
157	0.0443649847702291
158	0.0437872937872938
158	0.044081596918228
158	0.0444707325622152
158	0.0437677984665936
158	0.0444386806726322
158	0.0441847330234175
158	0.0438773717498243
158	0.0442191732937167
158	0.0442540725287407
158	0.044559676568817
158	0.0440596229723805
158	0.0439975410555897
158	0.0432382704691812
158	0.044278195815754
158	0.0433973137107141
158	0.0440698797296111
158	0.044134321849106
158	0.0439224589591338
158	0.0441550469174779
158	0.0440834248079034
158	0.0441118377737787
158	0.044488275257506
158	0.0443394988849534
158	0.044138418079096
158	0.04454304232459
158	0.0437103915270423
158	0.0435679185679186
158	0.043905865823674
158	0.0438530899494172
158	0.0443248446661416
158	0.043858498403953
158	0.0436073159020472
158	0.0444512568976088
158	0.0444628315115621
158	0.0443663804319542
158	0.0438689217758985
158	0.0436259143155695
158	0.0444775857531362
158	0.0438634776536313
158	0.0445679992939723
158	0.0442117255279993
158	0.0442508559788497
158	0.0443766346992153
158	0.0438876965529324
158	0.0434553825915369
158	0.0438808196937119
158	0.0442404006677796
158	0.0437107752143552
158	0.0438546631104893
158	0.044402393944728
158	0.0442672774523191
158	0.0441955104362666
158	0.0439469320066335
158	0.0443632567849687
158	0.043625340479747
158	0.0435372363700009
158	0.0441150675320119
158	0.0448650543287767
158	0.0447237269772481
158	0.0436054240893379
158	0.0438577255383536
158	0.0441163546884612
158	0.0442264745807243
158	0.0443441662689287
158	0.0442056523828244
158	0.0441518542901031
158	0.0444208945997262
158	0.044154256016072
158	0.044249726177437
158	0.0438204731372983
158	0.0445241427571728
158	0.0438918631918942
158	0.044148289633617
158	0.0441286792286307
158	0.0440482433141059
158	0.0441026550241567
158	0.0442167936257771
158	0.0444784605291931
158	0.0442532267977873
158	0.0439105948609644
158	0.0435238136814074
158	0.0444923645645381
158	0.0446190788037546
158	0.044197672875282
158	0.0443291261708958
158	0.0443747003182076
158	0.0443243718151467
158	0.044233944555488
158	0.0448967113595668
158	0.0441330539549502
158	0.0440738020135678
158	0.0436809923899177
158	0.0440582762857644
158	0.0447898423817863
158	0.0441576683346502
158	0.0447159812552008
158	0.0443229052723693
158	0.0438908145580589
158	0.0435891796789092
158	0.0441343714460677
159	0.0434763495691929
159	0.0442669907126118
159	0.0438407864133058
159	0.0441426146010187
159	0.0440314386208693
159	0.0443934341028195
159	0.0438259197762824
159	0.044344247942567
159	0.0437045203969129
159	0.0440740094257287
159	0.0446491228070175
159	0.0444415254608345
159	0.0444870900209351
159	0.0441627927374792
159	0.0447616530090757
159	0.0446556437963807
159	0.0444444444444444
159	0.0439288811795317
159	0.0440213119049699
159	0.0441549357348955
159	0.0437139360027977
159	0.0444657152801949
159	0.0441916429665281
159	0.043898615103214
159	0.0440683864793144
159	0.0440085065752355
159	0.0441273326015368
159	0.0437790035898783
159	0.0441144449767017
159	0.0440099943014948
159	0.0444512168575036
159	0.0440888017118402
159	0.043973301923832
159	0.0439431477376451
159	0.044460960041969
159	0.0436481798621174
159	0.0437679644630259
159	0.0439430449069003
159	0.0442862104897534
159	0.044336271543218
159	0.0444492816717458
159	0.0440542205791744
159	0.0445192013631002
159	0.043614931237721
159	0.043953659912353
159	0.0442312700755274
159	0.0441265713047247
159	0.0447168658930285
159	0.0445672676229328
159	0.0441388343156516
159	0.0437151324965133
159	0.0442458492136505
159	0.0433277102015449
159	0.0441904261376078
159	0.0437348143005901
159	0.044234635894746
159	0.044585152838428
159	0.0445111604229213
159	0.0442222901296547
159	0.0444687842278204
159	0.0438842612889084
159	0.0443874445700374
159	0.0438585041117348
159	0.0442590003495281
159	0.0437072143233281
159	0.0440412263987528
159	0.0440957306916805
159	0.0435897435897436
159	0.044463013457648
159	0.043788630625925
159	0.0443515008931294
159	0.0443197633959638
159	0.0440182083351748
159	0.0440718142311575
159	0.0442170896636515
159	0.0439084183338441
159	0.0446116165150455
159	0.0445271453590193
159	0.0441550469174779
159	0.0443222963835449
159	0.0438998820600183
159	0.0443859649122807
159	0.0441612846919183
159	0.0444357571019025
159	0.0443181818181818
159	0.0444561588473028
159	0.0440323936805771
159	0.0442853354547865
159	0.0442797995205927
159	0.0445029624753127
159	0.0441433566433566
159	0.0445199512110124
159	0.0440685317718499
159	0.0440648648648649
159	0.044143792550193
159	0.0442239858906526
159	0.0446491228070175
159	0.0438165616170398
159	0.0441998602375961
159	0.0437969017422214
160	0.044491987949177
160	0.0435674684594229
160	0.0440569269963981
160	0.0436622175695717
160	0.0446296134717738
160	0.044188071397475
160	0.044099136247233
160	0.0444318725793115
160	0.0438033715322331
160	0.0446190788037546
160	0.0444356713602667
160	0.0436304756903418
160	0.0436126070451134
160	0.0441291670293324
160	0.0441556168220209
160	0.0439344262295082
160	0.0437366190413772
160	0.0438955664157091
160	0.0443530938987451
160	0.0441073614268229
160	0.0439555633310007
160	0.0433011600106261
160	0.0438585041117348
160	0.0443494523109805
160	0.0443541338926761
160	0.0443375601224311
160	0.0440270935960591
160	0.0441943333912741
160	0.0440827252709296
160	0.0443726252347469
160	0.0440971617621452
160	0.043809357083461
160	0.0438145462535706
160	0.0443922183052618
160	0.0438886472379295
160	0.0447303921568627
160	0.0441420221582483
160	0.0438165616170398
160	0.0434457916007732
160	0.0435895173387453
160	0.0442297464988477
160	0.0439646884013635
160	0.0442954204535428
160	0.0435927828262874
160	0.0442833095947171
160	0.0439111342985088
160	0.0444503241169467
160	0.0442658557775847
160	0.04395316322964
160	0.043788630625925
160	0.0441176470588235
160	0.043816347035953
160	0.043946462048219
160	0.0444250871080139
160	0.0440522875816993
160	0.0440149352075555
160	0.0447041445825007
160	0.0441434332807294
160	0.0440526726154379
160	0.0443295323963582
160	0.0436462632826908
160	0.0437692876081193
160	0.0440939392619058
160	0.0439966562541247
160	0.0442543534238205
160	0.0434309113085903
160	0.0442297695373419
160	0.0444900454069158
160	0.0440477219676666
160	0.0442318662512616
160	0.0435409836065574
160	0.0442555428972045
160	0.044291295377727
160	0.0442648022722307
160	0.0438734486977801
160	0.0440323936805771
160	0.0439397248307491
160	0.0440267989210824
160	0.043979560641132
160	0.0432582291850026
160	0.0441630636195182
160	0.0438456773736837
160	0.044265069652389
160	0.0446190788037546
160	0.0442999301675978
160	0.0442462475527518
160	0.0444367146397669
160	0.0437244142496298
160	0.0443095996856856
160	0.0439912280701754
160	0.0433759100222329
160	0.0439268611232042
160	0.0439739413680782
160	0.0433904259991216
160	0.0441259256051617
160	0.0443864229765013
160	0.043963712491277
160	0.0443617254215021
160	0.043831665428484
160	0.0443786982248521
161	0.0440828142819546
161	0.0439116497606815
161	0.0443627772673579
161	0.0439555614104422
161	0.0435488827428772
161	0.0441797081062071
161	0.0443683008258654
161	0.043729875554782
161	0.0440555750967288
161	0.0441285161514717
161	0.0435272207544718
161	0.0446164550356584
161	0.0439708894408855
161	0.044440564019732
161	0.0440298182135228
161	0.0440273483429865
161	0.0448146204966772
161	0.044719356530862
161	0.0440557601262493
161	0.0447741710904186
161	0.0442354580285615
161	0.0441696884966578
161	0.0434991693625951
161	0.04369274136716
161	0.0439120017425398
161	0.0440542071549959
161	0.0439269762803001
161	0.0442987858525427
161	0.0439894147759316
161	0.0438350248326495
161	0.043999300209937
161	0.0436273658621288
161	0.0435481768003825
161	0.0441074222144968
161	0.0443617254215021
161	0.0446288209606987
161	0.0443543111343713
161	0.0433587786259542
161	0.0438309564307209
161	0.0435455349248453
161	0.0443767674570372
161	0.0447533554122364
161	0.0446335078534031
161	0.0442181311746529
161	0.0438657811953862
161	0.044314489928525
161	0.044504207512796
161	0.0442578006005483
161	0.0441176470588235
161	0.0441909257802255
161	0.0442946557534906
161	0.0443388411736496
161	0.0442130940453892
161	0.0439431477376451
161	0.0444010416666667
161	0.0440712155762147
161	0.0441195780627654
161	0.0440936549230566
161	0.0443560721933313
161	0.043980877879183
161	0.0440159114493255
161	0.0435623543892039
161	0.0442905670237784
161	0.0440819160013884
161	0.0439178792807843
161	0.0446580729735635
161	0.0438322938322938
161	0.0443214503617188
161	0.0443914081145585
161	0.0440075316372553
161	0.0445945945945946
161	0.0445393532641855
161	0.0442265795206972
161	0.0440363007778738
161	0.0445453751419338
161	0.0441969570745824
161	0.0441214863806457
161	0.0437604875033118
161	0.0437763026595514
161	0.043929331076095
161	0.0444561127154984
161	0.0437282229965157
161	0.0442825356659832
161	0.0439714448386108
161	0.0441592342832282
161	0.0440251572327044
161	0.044461983688503
161	0.0435009343357525
161	0.0442176870748299
161	0.0444811977715877
161	0.0436029833620195
161	0.0441195780627654
161	0.0443294035759342
161	0.0441004799169873
161	0.044524721448468
161	0.0441016254848128
161	0.0437629069818533
161	0.0436499327461275
161	0.043883852319012
161	0.0441266509227674
162	0.0435332606324973
162	0.0443731854227153
162	0.0443686006825939
162	0.0438148788927336
162	0.0440771349862259
162	0.0444250109313511
162	0.0442243364177419
162	0.0444991645413772
162	0.043939261715682
162	0.043796894084802
162	0.0441311275044742
162	0.0441763582711335
162	0.0440202231520223
162	0.0441581131251365
162	0.0442245380506174
162	0.0439869989165764
162	0.0436968961331715
162	0.0442462550870205
162	0.0438266199649737
162	0.043398130677081
162	0.0441503995807677
162	0.0440860686270213
162	0.0433027197302454
162	0.0440672002814671
162	0.0443139813002827
162	0.0439426834563613
162	0.0442128121606949
162	0.0432866084810015
162	0.0439120017425398
162	0.0433948275110123
162	0.044241664143926
162	0.0444444444444444
162	0.0444147675871279
162	0.0442454798331015
162	0.0433895066018068
162	0.0441708283106595
162	0.0444006999125109
162	0.0443837787856105
162	0.0443399102748378
162	0.0436090881339671
162	0.0441756622014133
162	0.0437521724018074
162	0.043731271985061
162	0.044447329697914
162	0.0444570729148453
162	0.0442149854381785
162	0.0443874445700374
162	0.0440882634002259
162	0.0439607893941357
162	0.043910521955261
162	0.0440513354144988
162	0.044111889328751
162	0.0444396082698585
162	0.0433544996715568
162	0.0438856445567855
162	0.0442397509081474
162	0.0435329315353597
162	0.0441358024691358
162	0.0439938957924569
162	0.0440333507034914
162	0.044102833618009
162	0.0437177429847769
162	0.0444907890163365
162	0.0443057448024263
162	0.0437064479139102
162	0.0442990736269043
162	0.0438974991194082
162	0.0440754585760236
162	0.0435009570210545
162	0.0437604875033118
162	0.0444135413497892
162	0.0442289292859007
162	0.0441047652417659
162	0.04437144108629
162	0.0440972222222222
162	0.0440747354209311
162	0.0444249726177437
162	0.0436499232287782
162	0.0442195909580194
162	0.044365920691009
162	0.0438328681088625
162	0.044081314203979
162	0.0442946557534906
162	0.0437223172389598
162	0.0439047785141263
162	0.0438638647385207
162	0.0440190543401553
162	0.043859649122807
162	0.044047099869167
162	0.0437575444042076
162	0.0444338270425227
162	0.0443013014328908
162	0.0439296776163678
162	0.0437153739612188
162	0.0441266242260399
162	0.0442139974834035
162	0.0442012939082107
162	0.0444308925382236
162	0.0444376608085125
162	0.0444947537985981
163	0.0442082429501085
163	0.0441765320334262
163	0.0436116589962744
163	0.0441784548422198
163	0.0443448365899299
163	0.0438727208976157
163	0.0440473084616054
163	0.043633357984948
163	0.0443760984182777
163	0.0441221307548238
163	0.0443981963232744
163	0.0439713230501847
163	0.0440469487634804
163	0.0440852314474651
163	0.04380318804268
163	0.0440770141660453
163	0.0441273037692072
163	0.0442722017866527
163	0.0436352562429305
163	0.043831665428484
163	0.0440322440842507
163	0.0441055055838005
163	0.0439627404892487
163	0.0439380911435942
163	0.0439641676813359
163	0.0437394649263085
163	0.0442489495798319
163	0.0438679245283019
163	0.0440902594308978
163	0.0439994787820875
163	0.0443332758323271
163	0.0434820231038809
163	0.0442458587619878
163	0.0439522557848925
163	0.0438817101725783
163	0.0444992215879606
163	0.0439236111111111
163	0.0439920641766583
163	0.0440735428347894
163	0.043975719463732
163	0.0441157333101982
163	0.0441445363517632
163	0.0448637678656246
163	0.0440107322139519
163	0.0436897458369851
163	0.0442432304853452
163	0.043778801843318
163	0.044050023636598
163	0.0443508101298814
163	0.0441132124240727
163	0.0434136317929436
163	0.0439070813686897
163	0.0442904753552008
163	0.0436761487964989
163	0.0439531971849229
163	0.0444840631386703
163	0.044007858546169
163	0.0441608996539792
163	0.0439213992658173
163	0.0440591490833622
163	0.0439670573881215
163	0.0437480879332197
163	0.044400121406582
163	0.0448080279232112
163	0.0438307465533686
163	0.0435937636094417
163	0.043819008443386
163	0.0439193583351398
163	0.0437282229965157
163	0.0441632118699542
163	0.0437551444786206
163	0.0440717628705148
163	0.0438825165102537
163	0.0441984171604031
163	0.0441099930603747
163	0.0441674628680622
163	0.0440595563658462
163	0.0444065275407971
163	0.0442796331241497
163	0.0442535467916179
163	0.0443018769777624
163	0.043580273734521
163	0.0439797813971573
163	0.0443379790940767
163	0.0440927077444884
163	0.0440542071549959
163	0.0441828134503432
163	0.0441660887656033
163	0.0441974558242522
163	0.0436893203883495
163	0.0445489046058306
163	0.0442773963674285
163	0.0438645435426413
163	0.0445781545083227
163	0.0439450141828497
163	0.0435931307793923
163	0.044069711851884
163	0.0442780470914127
163	0.0442820479359694
163	0.0435413005272408
164	0.0441413569218702
164	0.0438638026774568
164	0.0439056072743018
164	0.0441079945740165
164	0.0439127801332526
164	0.0440657281087913
164	0.0438466886841648
164	0.0435387760427994
164	0.0441597323118919
164	0.0436832316941309
164	0.0446214792564538
164	0.044389966291643
164	0.0433444584109922
164	0.0441955632134396
164	0.0442500754017838
164	0.043859649122807
164	0.0437739422373348
164	0.043967412388465
164	0.0436347673397717
164	0.0442508559788497
164	0.0447489376463446
164	0.0436766623207301
164	0.0439780545153705
164	0.0446219289868912
164	0.0442719625357731
164	0.0435917515009136
164	0.0441950498064292
164	0.04421016096143
164	0.0443018769777624
164	0.0437325418994413
164	0.0439268611232042
164	0.0442527984668322
164	0.043848167539267
164	0.0437965690521573
164	0.0438128552689112
164	0.0437761213322418
164	0.0441539327301848
164	0.0440845314394596
164	0.044275802254987
164	0.0446062614458882
164	0.0442173913043478
164	0.0437873435387501
164	0.0439827893433004
164	0.0441163699522362
164	0.043885774351787
164	0.0442294402211472
164	0.0441073919107392
164	0.0436371546660866
164	0.0438820023323111
164	0.0441035474592522
164	0.0446839954794401
164	0.0439713230501847
164	0.0442355183917508
164	0.0435817536570588
164	0.0441876568856574
164	0.0441567653839333
164	0.043898841799332
164	0.0440842362810206
164	0.0442131521224894
164	0.0438955664157091
164	0.0440036380960631
164	0.0441029647957633
164	0.0437786028840342
164	0.0434876489894628
164	0.0437313955524427
164	0.0444731738849386
164	0.0436717062634989
164	0.04420274091799
164	0.0442431858560471
164	0.0440698531004897
164	0.0442388635566468
164	0.0438217450133124
164	0.0434726131197229
164	0.0441278364801663
164	0.0436797691399589
164	0.0437268164957451
164	0.044019389492991
164	0.0442677787914332
164	0.0442810810810811
164	0.0442558351015459
164	0.0441513513513513
164	0.0441112748071757
164	0.0437349189934505
164	0.0442226016900915
164	0.0437997477273716
164	0.0441220912662436
164	0.0440645526121188
164	0.0442821963969413
164	0.0438215897257897
164	0.043937035115032
164	0.0436352562429305
164	0.0443450312717165
164	0.0441056122668734
164	0.0437179821133976
164	0.0441604728995523
164	0.0446440249378733
164	0.044330663865914
164	0.0442566103164283
164	0.0431222231901734
164	0.0441363576536656
165	0.0438859226461779
165	0.0442748749784446
165	0.0439098396185522
165	0.0433212996389892
165	0.0438696146115529
165	0.0432997709692753
165	0.0442783460092665
165	0.0442887418364258
165	0.0442225392296719
165	0.0441924129839656
165	0.0440297861286691
165	0.043940314045285
165	0.043951752863589
165	0.0442378378378378
165	0.0441361370041188
165	0.0439193583351398
165	0.0441557320441989
165	0.0436245954692557
165	0.0442817294281729
165	0.0439612486544672
165	0.0442163613529081
165	0.044585709931641
165	0.044049995660099
165	0.0439255176005903
165	0.0443051653339097
165	0.044384255821065
165	0.0437846431487131
165	0.0443458980044346
165	0.0442355183917508
165	0.0443926242604828
165	0.0439796884413461
165	0.0439555671266163
165	0.0439819874961745
165	0.0443100842150723
165	0.0441387092574107
165	0.0439051579985422
165	0.0442278535845787
165	0.0445382907396926
165	0.044700319600718
165	0.0436880654890134
165	0.0446595199861117
165	0.0443189224418857
165	0.0438767129209355
165	0.0441943333912741
165	0.0435531072473748
165	0.0441170097508126
165	0.043994625287157
165	0.0439348007556786
165	0.043855484093754
165	0.0442041937312001
165	0.0434763837319748
165	0.0440551556673315
165	0.0439873827939334
165	0.0434463081445616
165	0.0439034992392958
165	0.0438278348263054
165	0.0430252246776364
165	0.0443356158446737
165	0.0437308868501529
165	0.0441118377737787
165	0.0437637706830259
165	0.0436441793139749
165	0.0438878277478729
165	0.0444309190505173
165	0.0442921975912027
165	0.0432085281139412
165	0.0437730928059118
165	0.044160346695558
165	0.0439939616131119
165	0.0448590021691974
165	0.043767674570372
165	0.0441511750263066
165	0.0443631669535284
165	0.0444864307798008
165	0.0435970848516398
165	0.0444154147615937
165	0.044173418376142
165	0.0440115751738436
165	0.0441864494888234
165	0.0439565236369986
165	0.0446971011977087
165	0.0443207319178319
165	0.0437017994858612
165	0.0442905670237784
165	0.0442703825514973
165	0.0438627210646121
165	0.0441253263707572
165	0.0446649049083741
165	0.044114463829603
165	0.0441125690607735
165	0.0444716799439727
165	0.0441784739945437
165	0.0445962408632092
165	0.0437842064112588
165	0.0437622468974526
165	0.0440160853221435
165	0.044249333857511
165	0.0440163862982655
165	0.0438250465993324
165	0.0444502322351001
166	0.0441608996539792
166	0.0440254292263115
166	0.0442512160475227
166	0.0440229532612029
166	0.0434125269978402
166	0.0444377267230955
166	0.043592093205917
166	0.0436151855047455
166	0.0443490701001431
166	0.0438562513449537
166	0.0444164092748075
166	0.043921568627451
166	0.0441176470588235
166	0.0439340554178085
166	0.0436758722188555
166	0.0439726738152888
166	0.0436658386717218
166	0.044330701830485
166	0.0438353795607816
166	0.0439398535338216
166	0.0439867341595392
166	0.0440324950306802
166	0.0443213296398892
166	0.044483908693204
166	0.044057643892699
166	0.0441955370322133
166	0.0440966668107734
166	0.0443343330290781
166	0.044288133385437
166	0.0440120151495364
166	0.0438543639180582
166	0.0439853236655892
166	0.0438786097181394
166	0.0445790954338888
166	0.0438649252448874
166	0.0439193583351398
166	0.0439404372525392
166	0.0430303820576346
166	0.0436838452195037
166	0.0439622559464278
166	0.0442949502009436
166	0.0439331452138051
166	0.0440676507294401
166	0.0434991483600472
166	0.044034461752676
166	0.0438977746870654
166	0.0445063798284196
166	0.0441941074523397
166	0.0438837789048397
166	0.0437968790412967
166	0.0440959889110283
166	0.0435944978655513
166	0.0440641247833622
166	0.0443703735769014
166	0.0443207319178319
166	0.0438003639199376
166	0.0440347071583514
166	0.0439427360408287
166	0.0437608318890815
166	0.0440072482526534
166	0.0437975233543341
166	0.0435234957516907
166	0.0444434752267969
166	0.0440446917734351
166	0.044255061429313
166	0.0442251936474966
166	0.0439384774907111
166	0.0441246175722842
166	0.04416528057428
166	0.0442036836403034
166	0.0445620326234311
166	0.0441372776988331
166	0.044095924928317
166	0.04453125
166	0.0438015818431912
166	0.0437053804631726
166	0.0443762692822884
166	0.0441163774497108
166	0.0436855335009101
166	0.0438512454276258
166	0.0437179821133976
166	0.044005544005544
166	0.044167025398192
166	0.0441112370325168
166	0.0440235253416364
166	0.0445166883398353
166	0.0442793203841307
166	0.0439650700328549
166	0.0440467399331046
166	0.0443879967279459
166	0.044057421218261
166	0.0443802294488053
166	0.0438382018616223
166	0.0443114810960805
166	0.0438200295318336
166	0.0438485941506236
166	0.0444851498102839
166	0.0440507644995019
166	0.043910021156254
166	0.04398548219841
167	0.0441330539549502
167	0.0443829216593849
167	0.0439739413680782
167	0.0434820419166884
167	0.0440886910367263
167	0.0438288464039537
167	0.043716560093958
167	0.0443081410311401
167	0.0440440011984762
167	0.0439005439005439
167	0.0445497630331754
167	0.0444763271162123
167	0.0443024310203377
167	0.0438619484491044
167	0.0441594215374021
167	0.0443191673894189
167	0.0445730574871507
167	0.0437445699391833
167	0.0443264707151798
167	0.0441974558242522
167	0.0440469487634804
167	0.0443439700895574
167	0.0439508506616257
167	0.0446781115879828
167	0.0443553601448338
167	0.0441036717062635
167	0.0441240148956439
167	0.0433856453506064
167	0.0441163811655333
167	0.0439817826935589
167	0.044236733287388
167	0.0443848416681087
167	0.0442156268927922
167	0.0435518888406426
167	0.0440846286701209
167	0.044172524516185
167	0.0444779982743745
167	0.0441412172406324
167	0.0444031302693588
167	0.0432868352223191
167	0.043841156477219
167	0.0440017323516674
167	0.0441774012276303
167	0.0445114076625054
167	0.0437464946719013
167	0.0436842562809702
167	0.0442829960214496
167	0.044487594390507
167	0.044140625
167	0.0434952467769241
167	0.0440496260753037
167	0.0439246263807667
167	0.0435557487502717
167	0.0438961038961039
167	0.044512062595088
167	0.0446837961761398
167	0.0444704759425572
167	0.0441562917330806
167	0.0439265291977127
167	0.0436891101970123
167	0.044226149622512
167	0.0442275299097309
167	0.0435931880227066
167	0.0434481264890622
167	0.0438293971275156
167	0.0439413540319103
167	0.0440156114483955
167	0.0440627981611588
167	0.0444978165938865
167	0.0439774696707106
167	0.044275203304505
167	0.0440821256038647
167	0.0445544554455446
167	0.0440683864793144
167	0.0440986291921717
167	0.0438330006075861
167	0.043962793962794
167	0.0438918918918919
167	0.043837163835426
167	0.0441266242260399
167	0.044134223532472
167	0.043910701876303
167	0.0443714050944947
167	0.0445002380849314
167	0.0440517128803378
167	0.0444799171664006
167	0.0444816196971647
167	0.0441991380068608
167	0.0439263171454335
167	0.0439699038837907
167	0.0437564856451055
167	0.0439413540319103
167	0.0439736591283251
167	0.0442790137269246
167	0.0442890442890443
167	0.0440501947209
167	0.0439001250592954
167	0.0436665937431634
167	0.0442802833938137
167	0.0437823834196891
168	0.0438539359993053
168	0.0437440388450533
168	0.044242397877061
168	0.0443290043290043
168	0.0440804948166217
168	0.0436920422687082
168	0.0438713566108408
168	0.0438283032677487
168	0.0443452251939833
168	0.0442347645429363
168	0.0436618492077312
168	0.0433567035141296
168	0.0442682236068145
168	0.0440227046232506
168	0.0440273184141575
168	0.0440425716016267
168	0.044499009218575
168	0.0442268882304951
168	0.0442409055560356
168	0.0445119305856833
168	0.0440183983149207
168	0.0444817637686776
168	0.0437263989014761
168	0.0441508778028855
168	0.044018643190057
168	0.0442754725179231
168	0.0436421260011135
168	0.0441513513513513
168	0.0445928018145248
168	0.0440736728060672
168	0.0442798070296347
168	0.0444722425915542
168	0.0442154968877441
168	0.0443343330290781
168	0.0439398535338216
168	0.0439730321638683
168	0.0440543796248494
168	0.0444100180738446
168	0.0442793334478612
168	0.0442635021005674
168	0.0442569312898226
168	0.0439318818710929
168	0.0438997070480786
168	0.044071171912204
168	0.0438959248729215
168	0.0444088211082709
168	0.0436583261432269
168	0.0438785167340618
168	0.0440783231260243
168	0.0441581940375668
168	0.0440050192549003
168	0.0440618871213772
168	0.0444682675814751
168	0.0440682346859654
168	0.0439863728491957
168	0.0444108761329305
168	0.0438205649521997
168	0.0437789014218419
168	0.0437637706830259
168	0.0435796657020688
168	0.0445269016697588
168	0.0441448813471726
168	0.0441176470588235
168	0.044182052382997
168	0.0441050283164579
168	0.0440544098288723
168	0.0441472718700441
168	0.043839068474105
168	0.0439414114513981
168	0.0440148442219729
168	0.0438868770477669
168	0.0437623592124495
168	0.0440216216216216
168	0.0440910266356349
168	0.0445267418826974
168	0.0439403758911212
168	0.0442557959148496
168	0.0439698492462312
168	0.0436604959832344
168	0.0441334768568353
168	0.0439285406058514
168	0.0444329407704586
168	0.0441385244138524
168	0.0438041594454073
168	0.0443258596204329
168	0.0437669785692726
168	0.0442850934376358
168	0.0442573402417962
168	0.0438070404172099
168	0.0445632030340904
168	0.0441436392636979
168	0.0438611789326822
168	0.0446751680165432
168	0.0438516983900902
168	0.0436838937139909
168	0.0441278364801663
168	0.0437097466723916
168	0.0441979448815512
168	0.0440240682221549
168	0.0439641356607615
169	0.0437101600104072
169	0.0435404831085476
169	0.0443992909947689
169	0.0435891891891892
169	0.044051724137931
169	0.0442109777015437
169	0.0441201939729823
169	0.0437877480586713
169	0.043851737319074
169	0.0437580437580438
169	0.0440699935191186
169	0.0438412448640615
169	0.0438802083333333
169	0.0437771190445504
169	0.0440798920847657
169	0.0441861458912012
169	0.043965105681177
169	0.0438377400740677
169	0.0441429062177946
169	0.0441838324389822
169	0.0441890719861232
169	0.0443341247571768
169	0.0442064681944742
169	0.0440200402517878
169	0.0441062677327831
169	0.0439588910959496
169	0.044367417677643
169	0.0440415634102865
169	0.0435084672166739
169	0.0436514736120631
169	0.043639340024986
169	0.0438729198184569
169	0.0444569499155881
169	0.044148775325068
169	0.0439778814584413
169	0.0443562305833621
169	0.044227307791206
169	0.0440809298321136
169	0.0438984579700185
169	0.0444094074366049
169	0.0440650196179882
169	0.0443185748875822
169	0.0442226619633485
169	0.0443688944355984
169	0.0442241379310345
169	0.0438233264320221
169	0.0441791302099047
169	0.0440778450831293
169	0.044141148015376
169	0.0439813807804411
169	0.0438177874186551
169	0.0440338456225177
169	0.0443638874503711
169	0.0437912417516497
169	0.0442172412286451
169	0.0438959248729215
169	0.0441043328303514
169	0.0434801532033426
169	0.043899485316379
169	0.0442622247027004
169	0.044100580270793
169	0.0443149946062567
169	0.0436782597480762
169	0.0440456062773659
169	0.0443485763589301
169	0.0440532417346501
169	0.0437965690521573
169	0.04420274091799
169	0.0444626530964292
169	0.0438879566283723
169	0.0432855729099436
169	0.0440629594395918
169	0.0437198483804273
169	0.0442194530979578
169	0.0440105176947282
169	0.043804810280455
169	0.0437374040564298
169	0.0440262356925451
169	0.0440382941688425
169	0.0442603245470937
169	0.044175843083276
169	0.0443195469366741
169	0.0430520770360135
169	0.044266804194602
169	0.0440048271700715
169	0.0444415254608345
169	0.0438661066123934
169	0.0442504515352197
169	0.0438236690989163
169	0.0439209595305894
169	0.044447335328043
169	0.0440281641168289
169	0.0437727759914255
169	0.0440088277294561
169	0.0449365168782771
169	0.0438019018114539
169	0.0446274577440497
169	0.0436916189574276
169	0.0440405602818596
169	0.0440034512510785
170	0.0441252365387924
170	0.0441680960548885
170	0.0442606795492523
170	0.043937564677475
170	0.0443860857585672
170	0.043813877269395
170	0.0436713226418348
170	0.0437320286682975
170	0.0437254986430018
170	0.044268911939586
170	0.0442043222003929
170	0.0439910468319559
170	0.0442727233915382
170	0.0442772516971505
170	0.0442569759896171
170	0.0438410653292403
170	0.0443737369394161
170	0.0440911044263
170	0.043485726550762
170	0.0442997023681146
170	0.0438072309874898
170	0.0442022144021972
170	0.0438516590761223
170	0.0440365391244398
170	0.044060475161987
170	0.044032992525131
170	0.0442230904641278
170	0.0436098024808748
170	0.0442336710497952
170	0.0443392165303487
170	0.0444721887377303
170	0.0439791926400413
170	0.04422019143315
170	0.0442355781667673
170	0.0441309303625962
170	0.0443571027512633
170	0.0437127815655476
170	0.0441969873537917
170	0.0438786097181394
170	0.0435555170321574
170	0.0442886456908345
170	0.0439692558718708
170	0.0433794941243283
170	0.0439313356682665
170	0.0439777959464693
170	0.0444205547194152
170	0.0440449051572111
170	0.0443734622523417
170	0.042815865510901
170	0.0438866120218579
170	0.0441879495240966
170	0.0442892465188913
170	0.044447335328043
170	0.0439091653380446
170	0.0440603067325188
170	0.043858899897506
170	0.0435402974749222
170	0.0438236690989163
170	0.0434838598901099
170	0.0443292287751134
170	0.0440354347639116
170	0.0440161479359292
170	0.0437459070072037
170	0.0435270264440706
170	0.04412465866239
170	0.0435987357665498
170	0.044276180698152
170	0.0443487621097955
170	0.044251232805606
170	0.0440127224275767
170	0.0443279927838151
170	0.0440115751738436
170	0.0437562092350222
170	0.0438551541549236
170	0.0437645236250968
170	0.0437615190090438
170	0.0439712628754436
170	0.044139768771221
170	0.0442038985682249
170	0.0438558402084238
170	0.0440210817349231
170	0.0438759221709306
170	0.0441953077655614
170	0.0437226465287909
170	0.0443109112917171
170	0.0440648648648649
170	0.0436276193747853
170	0.0436228566492463
170	0.0441391155002147
170	0.0438671942198521
170	0.0443751083376668
170	0.0439934505342985
170	0.0443404730222775
170	0.0437867774316372
170	0.0442767837896098
170	0.0439351351351351
170	0.0440638581694565
170	0.0442782219929499
170	0.0440647091989418
170	0.0441641727233861
171	0.044127776821078
171	0.0441513513513513
171	0.0440392224324789
171	0.0444234404536862
171	0.0438930481283422
171	0.0436126373626374
171	0.043747295543055
171	0.0443178358630888
171	0.0439078879532566
171	0.0440699935191186
171	0.0441081081081081
171	0.0439124311867879
171	0.0435679298788348
171	0.0433800859785488
171	0.0440381148596446
171	0.0443029807733666
171	0.0438100987452029
171	0.0438521066208083
171	0.0441372776988331
171	0.0441068577100686
171	0.0440131692947496
171	0.044455821494091
171	0.0439680391215125
171	0.0437432925520498
171	0.0440530513028274
171	0.0434405242372955
171	0.0433738097318075
171	0.0440473627556512
171	0.0439034898750539
171	0.0434953319954629
171	0.044127776821078
171	0.0446751680165432
171	0.0437795953508394
171	0.0436015292753125
171	0.0438660434801252
171	0.0439219739051802
171	0.0439108061749571
171	0.0436903682597246
171	0.0437763026595514
171	0.0445019404915912
171	0.0439716312056738
171	0.0443565904943957
171	0.0441860465116279
171	0.0439352984082035
171	0.0442893455689113
171	0.0444828330814079
171	0.0439003436426117
171	0.0444491978609626
171	0.0439683359146446
171	0.043892801924068
171	0.0436690616529708
171	0.0437934158864391
171	0.0439843649327778
171	0.0442173950373487
171	0.0436855670103093
171	0.0441889398944614
171	0.0437354287194543
171	0.0440281231244105
171	0.043746202586581
171	0.0438961038961039
171	0.0442786927653704
171	0.0441838324389822
171	0.0433295818543849
171	0.0440332945184802
171	0.0441113121392263
171	0.0438978158790333
171	0.0438069728258522
171	0.0441220782575008
171	0.0435843644303635
171	0.0436309141511454
171	0.0433217692974848
171	0.0439641038916214
171	0.0438866046310322
171	0.0432499892412962
171	0.044322751775477
171	0.0440910266356349
171	0.044184757111784
171	0.044105682353445
171	0.0442329947280442
171	0.0443228807718815
171	0.0440326928837349
171	0.0436924394945384
171	0.0439920641766583
171	0.0439735213204952
171	0.0440490954967284
171	0.043583850123596
171	0.0435436726272352
171	0.0438123192472051
171	0.0436686847868092
171	0.0443219216138821
171	0.0436216849689657
171	0.0442607422715922
171	0.044162129461585
171	0.0442241379310345
171	0.0445846206659801
171	0.0438072309874898
171	0.044250064316954
171	0.0444950775976957
171	0.0443744879037475
171	0.0439720567436678
172	0.0439915550002154
172	0.0435936964713943
172	0.0441415959544013
172	0.0439869989165764
172	0.0439665264709708
172	0.0438821129389296
172	0.0435642712768245
172	0.0440828275001076
172	0.0438312389342315
172	0.0440536230009914
172	0.0437569438509529
172	0.0439697950377562
172	0.0432594263895518
172	0.0438826923905086
172	0.0442652483486317
172	0.0441157389386272
172	0.0437079731027858
172	0.0437481272205813
172	0.0432673734815641
172	0.0443904976590948
172	0.0432550043516101
172	0.0438337399940071
172	0.0438453625921481
172	0.0446385882557482
172	0.0437416749022472
172	0.0440332945184802
172	0.0439024390243902
172	0.0441112935280394
172	0.04415966750368
172	0.0440536156407411
172	0.0439414114513981
172	0.0442895488786908
172	0.04421651439407
172	0.0441466129999144
172	0.0441503939705379
172	0.0438265786993402
172	0.0443735998621403
172	0.0438257282804847
172	0.0440097799511002
172	0.0441346277209939
172	0.0438212846239602
172	0.0440543649610157
172	0.0440488565488565
172	0.0438378471031882
172	0.0441094120180918
172	0.0437682905835772
172	0.0442412687407921
172	0.0439264123863785
172	0.0446114212108201
172	0.0438615259531858
172	0.0442003175556795
172	0.04407099374089
172	0.0439125193731703
172	0.0439068486074642
172	0.0440062004822597
172	0.0439565179880942
172	0.0440388981707578
172	0.0443921232876712
172	0.0441012441012441
172	0.0438407049067035
172	0.0439677145284622
172	0.0440351936513413
172	0.0438483363425329
172	0.0435584928332332
172	0.043754562239684
172	0.0441499203924437
172	0.0437339055793991
172	0.0444358244978881
172	0.0444281966367038
172	0.0439665264709708
172	0.0444002936984408
172	0.0443560589684839
172	0.0439984561945195
172	0.0438178618943393
172	0.043840797730594
172	0.0440073702703861
172	0.0437170284528237
172	0.0439246263807667
172	0.0442198903139439
172	0.0438967541436464
172	0.0438683092243637
172	0.0439164558047776
172	0.0439128726701296
172	0.0440385764274132
172	0.044222783509568
172	0.0447548214131281
172	0.0440286899412375
172	0.0436260379469087
172	0.0443362488689732
172	0.0437134819303181
172	0.0444377656605556
172	0.0438919845692242
172	0.044412915430586
172	0.0443654954291409
172	0.0441668812773629
172	0.0441808940440506
172	0.0439299879289533
172	0.0437564856451055
172	0.0439508506616257
172	0.043848280628996
173	0.0440647482014388
173	0.0437739422373348
173	0.0436559139784946
173	0.0437240375144533
173	0.0446509226997032
173	0.0443269272109721
173	0.0440022301325213
173	0.043676578166014
173	0.0441571961481739
173	0.0437314067148321
173	0.0438675405903269
173	0.0437371487320082
173	0.0439541571876207
173	0.0441371067571605
173	0.044043228407239
173	0.0438675405903269
173	0.0439202230323826
173	0.0438426821405545
173	0.0440752378082899
173	0.0438054054054054
173	0.0442945523285788
173	0.0439683842266661
173	0.0441189105593264
173	0.0439427882129933
173	0.0439612691276908
173	0.0438505895515965
173	0.043631669535284
173	0.0441075710859884
173	0.0441851486422719
173	0.0439366554780962
173	0.0436653043665304
173	0.0435133985538069
173	0.0437613175821333
173	0.0442401855510695
173	0.0436021412536695
173	0.0444662765366708
173	0.0439933044336667
173	0.0439824757323254
173	0.0439315285941053
173	0.0438082845369768
173	0.0443691859218931
173	0.0440440011984762
173	0.0439565179880942
173	0.0437779029951021
173	0.0438724647645239
173	0.0438202727544782
173	0.0437172661559105
173	0.0441722025709602
173	0.0441214304090558
173	0.0442086269118405
173	0.044275203304505
173	0.0431813269937324
173	0.0443391797891862
173	0.0438630078706658
173	0.0441810344827586
173	0.0440699658703072
173	0.0437247659135813
173	0.0437529548287274
173	0.0444281966367038
173	0.0438944463608141
173	0.0440321477428181
173	0.0440041619699991
173	0.0443368912320124
173	0.0437730666895545
173	0.0442602640235827
173	0.0440227214045959
173	0.0441246175722842
173	0.0438065817136483
173	0.0443836319322701
173	0.0437946774610283
173	0.0436668097896093
173	0.0444720284210076
173	0.0439424349831319
173	0.0441322242813429
173	0.0438619035380793
173	0.0438972162740899
173	0.0435265473495365
173	0.0441872472248516
173	0.0441271343168036
173	0.0437591523817728
173	0.043846451446503
173	0.0443043403671299
173	0.0437056890887083
173	0.0432458275382476
173	0.043937564677475
173	0.0439265476545524
173	0.043735782651616
173	0.0445589182227946
173	0.0438785167340618
173	0.0438898450946644
173	0.0437843406593407
173	0.0438175270108043
173	0.0441541755888651
173	0.0444138405921845
173	0.0443551833176652
173	0.0439659231987671
173	0.0441981858634263
173	0.0437068965517241
173	0.043815531497741
173	0.0443812478455705
174	0.0438145443546645
174	0.0437868295410555
174	0.0436380935905199
174	0.0437623592124495
174	0.0443946381621482
174	0.0440632791677414
174	0.043974358974359
174	0.0441922448628665
174	0.0443280531425652
174	0.04421943091515
174	0.0436640177732205
174	0.0440739304640041
174	0.0443149187845541
174	0.0439527518616794
174	0.0436728195860763
174	0.0442455022811397
174	0.0440308474430227
174	0.0440821256038647
174	0.0437850087655535
174	0.044203821656051
174	0.0436746987951807
174	0.0441483247477543
174	0.0440318984736752
174	0.0443636363636364
174	0.044031692427588
174	0.044056063584309
174	0.043695811586076
174	0.0438671942198521
174	0.0437614405517006
174	0.0442230904641278
174	0.0443825042881647
174	0.0440850119494708
174	0.0438993174061433
174	0.0435081094996996
174	0.0439343134726163
174	0.0440507849360899
174	0.0443631669535284
174	0.044076662521974
174	0.0437165489188611
174	0.0444539614561028
174	0.0435664064184963
174	0.0437604064381164
174	0.0439503619441572
174	0.044179462983615
174	0.0435925048460047
174	0.0440316036728593
174	0.0445747294908824
174	0.0436878577884905
174	0.0445674087419037
174	0.043564016808164
174	0.0441777433647352
174	0.0440197918443952
174	0.0442747436612467
174	0.0440289247357837
174	0.0436382305125353
174	0.0434782608695652
174	0.0441729323308271
174	0.0438236690989163
174	0.0436460298405076
174	0.0437946718648473
174	0.0430938277963774
174	0.0436800555218183
174	0.0429155020425715
174	0.0435563922642478
174	0.0441517205869733
174	0.0437940519167956
174	0.0441449613407628
174	0.0439245541251444
174	0.0441333847009974
174	0.044065173466317
174	0.0441763619971665
174	0.0442496885337458
174	0.0441437156816118
174	0.044054766121021
174	0.0438480276934912
174	0.0440930710888289
174	0.0441120061373226
174	0.0436219999141299
174	0.043912857753097
174	0.0439452289259735
174	0.0438093608282707
174	0.0440827252709296
174	0.0441132510569245
174	0.0438103411285132
174	0.0440111420612813
174	0.0437858591087529
174	0.0437219251336898
174	0.0441570798373843
174	0.0439881438206109
174	0.0441006794581428
174	0.0438277675631761
174	0.0441339354179092
174	0.043841604525585
174	0.043465253440465
174	0.0443347639484979
174	0.044007690664388
174	0.0440942169401025
174	0.0438150985624516
174	0.0439724798085552
174	0.0439867566754096
175	0.0436038989045113
175	0.043985408890397
175	0.0438808026871071
175	0.0438859393731803
175	0.0445309122351924
175	0.0437850087655535
175	0.0433295818543849
175	0.0442508262157174
175	0.0433772269558482
175	0.0442458868508097
175	0.0439621354255501
175	0.0444215319843622
175	0.0438802027861799
175	0.0438323455421481
175	0.0440761789076396
175	0.0437489266701013
175	0.0438344413467725
175	0.0440717128064696
175	0.044023536485848
175	0.0440165649148273
175	0.0444406314344544
175	0.0443091853239125
175	0.0440267765190525
175	0.0442394739089589
175	0.044063751811131
175	0.0438471809449972
175	0.0438408896492729
175	0.0438995367812673
175	0.0438776382124242
175	0.0443841749537216
175	0.0438911704312115
175	0.0436625144471555
175	0.044067067927773
175	0.0437934416442796
175	0.0439931594698589
175	0.0442114273485983
175	0.04430761281433
175	0.0436335470545204
175	0.0444147675871279
175	0.0440122824974411
175	0.0432837105240513
175	0.0443147427583225
175	0.0436455349890993
175	0.0440035991259266
175	0.0435042990974034
175	0.0440955689958392
175	0.044216816047802
175	0.0439442658092176
175	0.0445041816009558
175	0.0438131097039192
175	0.0441655243317341
175	0.0441439142638428
175	0.0437924804267401
175	0.0439621591541458
175	0.044199611147116
175	0.0440200402517878
175	0.044104991394148
175	0.0439729004218331
175	0.0443149187845541
175	0.0438431238225724
175	0.0441006300090001
175	0.0433200633534523
175	0.0438645197112715
175	0.0441069518716578
175	0.0436600293078183
175	0.0438398891006758
175	0.0443337056448148
175	0.044076662521974
175	0.0438113272508177
175	0.0440754846163721
175	0.0439541571876207
175	0.0439374918834682
175	0.0441456243514355
175	0.0441511542925928
175	0.0440498548745091
175	0.0439831553872985
175	0.044114510004693
175	0.043485726550762
175	0.0434801252090391
175	0.0442242525629477
175	0.0439654802284144
175	0.0441580756013746
175	0.0439527773059283
175	0.0441271343168036
175	0.0438070404172099
175	0.0441430545957153
175	0.0439972420925623
175	0.04384276487446
175	0.044226467045259
175	0.0438250428816467
175	0.0439499185318583
175	0.0440918616088611
175	0.0439051579985422
175	0.0442977915804003
175	0.0436692396264233
175	0.0440879177599037
175	0.0437884483937116
175	0.0439720567436678
175	0.0443539747160917
175	0.0439344821702781
176	0.0440691044712136
176	0.0437312794180573
176	0.0438532503754559
176	0.0443681613387685
176	0.0437440799104452
176	0.0438083862986819
176	0.0440824354369762
176	0.0443870967741936
176	0.0443284974972427
176	0.0437254231492563
176	0.0440030819279171
176	0.0438791190029025
176	0.0438716285421646
176	0.0438963390970635
176	0.0438562513449537
176	0.0444941692843926
176	0.0441252144082333
176	0.0442200257842716
176	0.0441662021354144
176	0.0441998452145498
176	0.0438318637102988
176	0.0439305364511692
176	0.0438471809449972
176	0.0438356164383562
176	0.0440235474788841
176	0.0435534047701348
176	0.0441446441531828
176	0.0441588684289965
176	0.0434577636823383
176	0.0443244170096022
176	0.0440632791677414
176	0.0437674318815705
176	0.0437830630940605
176	0.0439244310863031
176	0.044174653887114
176	0.0442951878932154
176	0.0445477022764089
176	0.0440018925545185
176	0.0440140845070423
176	0.0437884483937116
176	0.0441553996234811
176	0.0440656296611975
176	0.0440566320201891
176	0.0436369883606064
176	0.0440596605520315
176	0.0433981663953389
176	0.0443520740486801
176	0.0439105573098916
176	0.0440112369115519
176	0.0442541954169861
176	0.0439470744909356
176	0.0442436383785857
176	0.0440896503980616
176	0.0438668098818475
176	0.0438487560484734
176	0.0441207785017674
176	0.0439901669038685
176	0.0438338658146965
176	0.0441321393375894
176	0.0433253260123541
176	0.0437579889220281
176	0.044105682353445
176	0.0444339298004129
176	0.0440596605520315
176	0.0439569819050871
176	0.043783806806082
176	0.043918773880565
176	0.044388214607368
176	0.044390118373649
176	0.0439905396688884
176	0.0440074906367041
176	0.0437003648851685
176	0.0440127224275767
176	0.0437427702326378
176	0.0441720924294651
176	0.0436444864470123
176	0.0441132510569245
176	0.0439837572130797
176	0.0436837399412441
176	0.0440335411739411
176	0.0443320185216944
176	0.0439753361308555
176	0.0437473141383756
176	0.044065478480147
176	0.0439612081855855
176	0.04412838912044
176	0.044105682353445
176	0.043756124579268
176	0.0441107461285781
176	0.0438439969411165
176	0.0435232267517021
176	0.0442523545348987
176	0.0438968040046207
176	0.0442338072669826
176	0.0439617723718506
176	0.0441621552495844
176	0.0440017137960583
176	0.0442455133421853
176	0.0438452924455164
176	0.0440086206896552
177	0.0440219471736634
177	0.0440165649148273
177	0.0441125986955029
177	0.0444605173587474
177	0.0441436392636979
177	0.0438397257338762
177	0.0442031795269484
177	0.0439337759765457
177	0.0438206093803492
177	0.0443715101658071
177	0.0440577722538893
177	0.0441789505350466
177	0.0436250213638694
177	0.0441000171262202
177	0.0443168181038917
177	0.0442047828125666
177	0.0438914219968466
177	0.0441132510569245
177	0.0441201716738197
177	0.0437548023563562
177	0.0442837583433168
177	0.0432748035890611
177	0.044147445570166
177	0.0440160368506355
177	0.0442090819433129
177	0.0439494794333504
177	0.0440849169662729
177	0.0440609745653849
177	0.0435391470401018
177	0.044179462983615
177	0.0444922547332186
177	0.0436822172490962
177	0.0440611390999915
177	0.044136515268155
177	0.0440487347703843
177	0.0440618741211062
177	0.043818065342729
177	0.0439867566754096
177	0.0440559137923573
177	0.0441490725703052
177	0.0444273897842586
177	0.0443232185475622
177	0.0441195276866022
177	0.0440734700884044
177	0.0440986847760681
177	0.044332450670539
177	0.0437184208272673
177	0.044044558697515
177	0.0440029306555187
177	0.0440246195930928
177	0.0441422504397066
177	0.0438178618943393
177	0.0435171385991058
177	0.0438749840105743
177	0.0439728353140917
177	0.043957463297025
177	0.044253436023999
177	0.0440704098676603
177	0.0438292964244521
177	0.0441398988370585
177	0.0439933755148839
177	0.0439993151857559
177	0.0442262540021345
177	0.0440202906026997
177	0.0437837374689401
177	0.0438671574082
177	0.0440822294856356
177	0.0442978322337418
177	0.0437401221647943
177	0.044333092700327
177	0.0436653043665304
177	0.0441767068273092
177	0.0438648740639891
177	0.0439588688946015
177	0.0442837583433168
177	0.0437877943131621
177	0.0437077073668979
177	0.0440275814810056
177	0.0438182668196693
177	0.0442927245572861
177	0.0434670560948372
177	0.043583850123596
177	0.0436698032506416
177	0.0436450430483335
177	0.043923296190723
177	0.0439134508901951
177	0.0440406791200374
177	0.0440179142674344
177	0.043394777265745
177	0.0437813482955028
177	0.0439955962059621
177	0.0437233722081164
177	0.0442846811588038
177	0.0443855298041563
177	0.0440402311149155
177	0.0439167624154219
177	0.0443453274434962
177	0.0442946146624563
177	0.0440538101173336
177	0.043668493267066
178	0.0432994989078761
178	0.0437606837606838
178	0.0438828651925211
178	0.0440626063286832
178	0.0443721089600822
178	0.0440536156407411
178	0.044079958995387
178	0.0443272216786489
178	0.0440193007703378
178	0.0441927792915531
178	0.0438384095832802
178	0.0440262356925451
178	0.0438164376458387
178	0.0442259396415954
178	0.0441934796505434
178	0.0444274224435082
178	0.0438901032960439
178	0.0441226575809199
178	0.0439748470719083
178	0.0441232894231999
178	0.0440876656472987
178	0.043726559836345
178	0.0440184441977628
178	0.0439945327182641
178	0.0433943655932421
178	0.0440133321938296
178	0.0440103048518678
178	0.0441708906589428
178	0.0442599092543447
178	0.0436932868877134
178	0.0438454320566408
178	0.0441320553780618
178	0.0439845310441545
178	0.0438359686335004
178	0.0440738534842168
178	0.0441320137620524
178	0.0439110574851332
178	0.0441576086956522
178	0.0441314154396119
178	0.0436518156064898
178	0.0443760420674618
178	0.04405229875235
178	0.0438323455421481
178	0.0443108630313439
178	0.0442832764505119
178	0.0440492942731653
178	0.0440631785090894
178	0.0436978386475498
178	0.0438555246847617
178	0.0435711234515164
178	0.0438984579700185
178	0.0439565106599847
178	0.0440390326686466
178	0.0432138421345668
178	0.0435302661369559
178	0.0443347639484979
178	0.0442508115496327
178	0.0437330163043478
178	0.043859649122807
178	0.0437404450484118
178	0.0441410107776203
178	0.0436777702243372
178	0.0439951927204052
178	0.0440596605520315
178	0.0441732554142317
178	0.0435589708167847
178	0.0439780322704245
178	0.0438492231938195
178	0.0442500533390228
178	0.0436083796494228
178	0.0438652800958617
178	0.0441369944404363
178	0.0436177036561899
178	0.0439888960068332
178	0.0435321257689679
178	0.0437345178098573
178	0.0440394511149228
178	0.044253436023999
178	0.0440096761872427
178	0.0438211347457266
178	0.0442758561570443
178	0.0439504280056216
178	0.0440119760479042
178	0.0439163006974942
178	0.043517679057117
178	0.0434578642101672
178	0.0437489266701013
178	0.0443103005394297
178	0.0442874375323109
178	0.0441485034042735
178	0.0442853468232873
178	0.0441012918128155
178	0.0438521798365123
178	0.0440496575342466
178	0.0442342762627762
178	0.0439748470719083
178	0.0434838269181531
178	0.0441239043485661
178	0.0440472117687308
178	0.0438325613312747
179	0.0438603976448502
179	0.0437009218163196
179	0.0439364323956828
179	0.0442707226919319
179	0.0442254124705378
179	0.0434020354057983
179	0.0441801189464741
179	0.0439747018124708
179	0.0438423222260392
179	0.0443669851105947
179	0.0442297049934017
179	0.0437336534751104
179	0.044251166737378
179	0.044204071203475
179	0.0441794338581675
179	0.0440447710184552
179	0.0442447872520766
179	0.0438671209540034
179	0.0439607341015792
179	0.0441944040386755
179	0.0436341900777047
179	0.0443550113456351
179	0.0441082190024362
179	0.0438257173219979
179	0.0438238544588965
179	0.0440594270146013
179	0.0438326931284678
179	0.0441566213559032
179	0.0440173853758309
179	0.0434372049102927
179	0.0435580988170987
179	0.0440543649610157
179	0.0441101478837328
179	0.0434634395772967
179	0.0442530951462965
179	0.0435998474640905
179	0.0440640151027588
179	0.0440743113388853
179	0.0440843203489118
179	0.0442428887753364
179	0.0442530695770805
179	0.0441263657152537
179	0.0440472117687308
179	0.0441565083965561
179	0.0441402908468777
179	0.0441608168474793
179	0.0442900379385311
179	0.043740958216322
179	0.0441516214597416
179	0.0438648995297135
179	0.0442545920546775
179	0.0443636363636364
179	0.0439049366386483
179	0.0443094439016101
179	0.044285165749392
179	0.0440696876072777
179	0.0439654070634346
179	0.0432279133722929
179	0.043640897755611
179	0.0439186313728828
179	0.044072429108302
179	0.0437064441194184
179	0.0442504515352197
179	0.0441433380203673
179	0.0442793462109955
179	0.0439138776380303
179	0.0437037666865063
179	0.0443292787390783
179	0.0440713982150446
179	0.043824531516184
179	0.0440498548745091
179	0.0444146520780176
179	0.0435860182890351
179	0.0439038987688099
179	0.0436868254240192
179	0.0435931307793923
179	0.0441981858634263
179	0.0433905579399142
179	0.0439266615737204
179	0.0444701249785996
179	0.0440892926003685
179	0.0438675022381379
179	0.0435042990974034
179	0.0442697205367063
179	0.044043321299639
179	0.0440572015756123
179	0.0439161794204259
179	0.0439171920258988
179	0.0438045967263167
179	0.0441012441012441
179	0.0437216403036343
179	0.0440399045020464
179	0.0437869319389534
179	0.0439691027926322
179	0.0437371487320082
179	0.0442677326075863
179	0.0440741851201439
179	0.0441491641663095
179	0.044114510004693
179	0.0438386600581097
180	0.0441864421195883
180	0.0439802089059923
180	0.0439490174346733
180	0.0439532303490655
180	0.0438708578243462
180	0.0440851063829787
180	0.0440213903743316
180	0.0436155684533971
180	0.0438528806584362
180	0.044122039684233
180	0.0440054264880448
180	0.0441833737709105
180	0.0442134855390382
180	0.0441590579400973
180	0.0439607159559543
180	0.0440644804559568
180	0.0437019087701399
180	0.0439850263740003
180	0.0441257350763633
180	0.0438394683026585
180	0.044125805487987
180	0.0438502214006277
180	0.0440610596642564
180	0.0440683717181999
180	0.0440302309782609
180	0.0442639680244919
180	0.0441220269752798
180	0.0439522998296423
180	0.043716078697422
180	0.0439668014471164
180	0.0434281813915789
180	0.0439790129249669
180	0.0439059399670705
180	0.044430244941427
180	0.0439400428265525
180	0.0440442149289403
180	0.043941581047805
180	0.0437172440240317
180	0.0438727903094637
180	0.0439028568981025
180	0.0442111552084667
180	0.0439003619331488
180	0.0443687460080903
180	0.0442134855390382
180	0.0441828727396793
180	0.0443691859218931
180	0.0438879566283723
180	0.0438938660036864
180	0.0434450572761986
180	0.043959803292709
180	0.0440107156525067
180	0.0435242812989542
180	0.0440970304600875
180	0.0438719551077669
180	0.0441572889478413
180	0.0440487347703843
180	0.0441956143699368
180	0.0439253522914815
180	0.0439649647511216
180	0.0439392004087368
180	0.0438096049046322
180	0.0438982688608677
180	0.044289539677817
180	0.0432388594843777
180	0.044001872420103
180	0.0441641727233861
180	0.0433951037062224
180	0.043827580343479
180	0.044296788482835
180	0.0440256959314775
180	0.0444198612943029
180	0.044281226118706
180	0.0435838445807771
180	0.0440310606707057
180	0.0441363520732638
180	0.043989024181101
180	0.0437507941213841
180	0.0440444274224435
180	0.0439222388378552
180	0.0437931472618695
180	0.0439092881759775
180	0.0441226431119416
180	0.0440532380830888
180	0.0442024343369635
180	0.0442394739089589
180	0.0439302910221995
180	0.043865661411926
180	0.0441518858739364
180	0.043961168341176
180	0.0437921900367427
180	0.0433350444900753
180	0.0435413642960813
180	0.0440440864773209
180	0.0439696349368816
180	0.0439719328088454
180	0.043960244648318
180	0.044001360428535
180	0.0441063992521458
180	0.0441761965268954
180	0.0439938791124713
181	0.0436808137795444
181	0.0438842203548086
181	0.0441120061373226
181	0.0441270791465344
181	0.0440692455652917
181	0.0436146314584834
181	0.0442188429190383
181	0.044264737178123
181	0.0437962411769708
181	0.0440952219586581
181	0.0440206053897569
181	0.0438761546356483
181	0.0440926115083418
181	0.0441647109024963
181	0.0440328869299881
181	0.0436651487423926
181	0.0440348182283666
181	0.0438533123698636
181	0.0441038739889315
181	0.0437174784611448
181	0.0438798093292475
181	0.0441591784338896
181	0.0440859760989823
181	0.0441107859354456
181	0.0440539852304558
181	0.043915634642208
181	0.0440406791200374
181	0.0441563960900977
181	0.0438135593220339
181	0.043807095814744
181	0.0436371361801572
181	0.0438581608415338
181	0.0436344969199179
181	0.0440356032536945
181	0.0438570269462356
181	0.0441633661258038
181	0.0440924657534247
181	0.0442080984110712
181	0.0438080627290548
181	0.0443458980044346
181	0.0437184008157369
181	0.0440982420295407
181	0.0440139349137565
181	0.0441315360178587
181	0.0436058878584191
181	0.0438783334753344
181	0.0435924592247405
181	0.0438738202533798
181	0.0441714139954086
181	0.0438304766777522
181	0.0440088442894804
181	0.0436736770691995
181	0.0441996001191135
181	0.0442515530593141
181	0.0442266723476779
181	0.0438997544661756
181	0.0439068100358423
181	0.0437614405517006
181	0.0438240198383856
181	0.0439476368582115
181	0.0441057859659549
181	0.044
181	0.04439483062127
181	0.044050997500953
181	0.0441182745231898
181	0.0438851380223912
181	0.0442262540021345
181	0.0441051378019735
181	0.0437411552811013
181	0.0439831553872985
181	0.0441507670080313
181	0.0440224795640327
181	0.0441609421000981
181	0.0442021888174424
181	0.0439148936170213
181	0.044249289381019
181	0.0440874914559125
181	0.0438997309646838
181	0.0438015124479565
181	0.0441408079002256
181	0.04367894691854
181	0.04381049414162
181	0.0441988950276243
181	0.0440060698027314
181	0.0438648995297135
181	0.0438764643237487
181	0.0438939406815671
181	0.0439053304542953
181	0.0442846811588038
181	0.0440569849032532
181	0.0437216856141551
181	0.0438454320566408
181	0.043987894804143
181	0.0441899226462669
181	0.0432754045030391
181	0.0440131102881709
181	0.0442353542234332
181	0.0443267711491651
181	0.0440101954120646
181	0.0439263389085994
182	0.0440166228479349
182	0.0438170669391926
182	0.0440765517825387
182	0.0435025097601785
182	0.0435783728466655
182	0.0435058883334745
182	0.0441574936494496
182	0.0440676525582186
182	0.0436651487423926
182	0.0443051378711508
182	0.0441245169235996
182	0.0437468268742596
182	0.0436436693169189
182	0.0439769745195971
182	0.0439555781620888
182	0.0438268985999151
182	0.0437627464309993
182	0.0440769001236199
182	0.0440515560078012
182	0.0441239225057609
182	0.0440781908777309
182	0.0439686728526432
182	0.0438753734528382
182	0.0440586321970177
182	0.0441715698814701
182	0.0440331304935767
182	0.0438329529123341
182	0.0440144588560493
182	0.0440123692125217
182	0.0436731557377049
182	0.0439565124706886
182	0.0441151566469094
182	0.0435374149659864
182	0.0436891138809716
182	0.0438888888888889
182	0.0436575412344839
182	0.0440653572637995
182	0.0438603940217391
182	0.0433042367468597
182	0.0438317875746411
182	0.0441581556977582
182	0.0442047828125666
182	0.0439938791124713
182	0.0438477801268499
182	0.0440901360544218
182	0.0434356351236147
182	0.0440416701956466
182	0.0441712590080543
182	0.0435411789742498
182	0.0436306140763215
182	0.0442913385826772
182	0.0441996001191135
182	0.0441482361930636
182	0.0438912683940461
182	0.04418762746431
182	0.043742302628785
182	0.0440310606707057
182	0.0442012567862181
182	0.0438350340136054
182	0.0438086343761939
182	0.0438603904335333
182	0.0436707244402826
182	0.0435667925168625
182	0.043606737304234
182	0.0443443911141316
182	0.0437574927213564
182	0.0436610745381185
182	0.0441332035712775
182	0.0440914110950641
182	0.0438540739799161
182	0.044030482641829
182	0.0437332653321433
182	0.0441308531109686
182	0.0436144986449864
182	0.0436107653345924
182	0.0437683253303871
182	0.0440783048112446
182	0.0439119225730104
182	0.0439350119088125
182	0.0437701852796192
182	0.0442820109642599
182	0.0440492942731653
182	0.0440125871746896
182	0.0436874600809027
182	0.0442949018271647
182	0.0440710878466799
182	0.0436992738146091
182	0.0440604934099358
182	0.0438406259301782
182	0.0439113296316704
182	0.0438149843823542
182	0.0439880224368437
182	0.0441400949796472
182	0.0437814309259181
182	0.0439765684693098
182	0.0437646059060973
182	0.0441020865958437
182	0.0435543789230966
182	0.0440305187332168
182	0.0438989046583983
183	0.0440814594823929
183	0.0440807651434644
183	0.0443284974972427
183	0.0434653297076818
183	0.0438872807764345
183	0.0438603940217391
183	0.0439257878685191
183	0.0441418272271175
183	0.0437385876258015
183	0.0437646059060973
183	0.0439523428619543
183	0.0439527646331585
183	0.0438432835820896
183	0.044191865643157
183	0.043841692255203
183	0.0437502659914032
183	0.0442500316977304
183	0.0441439142638428
183	0.0440310208924863
183	0.0440515560078012
183	0.0441469304749396
183	0.0439071894317893
183	0.0439359850575201
183	0.0440976356523218
183	0.043843717001056
183	0.0442954728669014
183	0.0439751869476547
183	0.0441226144232393
183	0.043943854259994
183	0.0440881763527054
183	0.043980302258448
183	0.0437478617858365
183	0.0439150523504726
183	0.0433653927993872
183	0.0441226575809199
183	0.0437984166170086
183	0.0437640473262372
183	0.0441014332965821
183	0.0441069828946807
183	0.0442383767918669
183	0.0437050975025659
183	0.0434690595107085
183	0.0440790031363906
183	0.0438268985999151
183	0.043702566726358
183	0.0439180537772087
183	0.0436987575014792
183	0.0435281127908952
183	0.0434057475196716
183	0.0438937753721245
183	0.0440498548745091
183	0.0438867493334462
183	0.0441707368868125
183	0.0438503580053383
183	0.0441996001191135
183	0.0438797119864464
183	0.0438678444029217
183	0.0437616387337058
183	0.0443335040109234
183	0.0441867355144538
183	0.0439532412327311
183	0.0440193007703378
183	0.043651804670913
183	0.044193960017014
183	0.0441953631094443
183	0.0440361497143832
183	0.0439177709819912
183	0.0441515229076017
183	0.0440189751698791
183	0.0439383677615984
183	0.044070103794453
183	0.0438966236641546
183	0.0435563154520197
183	0.0439383677615984
183	0.0440420014453939
183	0.0440444274224435
183	0.0438858116744781
183	0.04435363725365
183	0.0440639075380301
183	0.0437817258883249
183	0.0441401598911379
183	0.0441132637853949
183	0.0436188773990383
183	0.0442735837100249
183	0.0434099307649832
183	0.0442485377638383
183	0.0438544405802019
183	0.0437766410912191
183	0.0437142124604735
183	0.0439644542710149
183	0.044185254554742
183	0.0437438591994532
183	0.0439984725699011
183	0.0440496883876712
183	0.0439644542710149
183	0.0439727707073697
183	0.0440062624296534
183	0.0440617877943783
183	0.0438355004023548
183	0.043807095814744
184	0.043956043956044
184	0.0442305245748696
184	0.0438864814342765
184	0.043788490125292
184	0.0438033285460843
184	0.0439690525514734
184	0.043830274257132
184	0.0441836821147166
184	0.0440291282569348
184	0.0441220017767249
184	0.0439952437574316
184	0.0437033265444671
184	0.0437353754520315
184	0.0432354069841811
184	0.0439845310441545
184	0.0436015747364856
184	0.0441044871521711
184	0.0437534514251731
184	0.0435669656139754
184	0.0439215019964319
184	0.0440852002715547
184	0.0437990051429053
184	0.0439700088956665
184	0.0439921488308585
184	0.0439504496860682
184	0.0441176470588235
184	0.0437361324458099
184	0.04338597384955
184	0.0439297124600639
184	0.0438238544588965
184	0.0442466624284806
184	0.043991870607164
184	0.044201238652753
184	0.044106431658334
184	0.0440826390069716
184	0.0439063556457066
184	0.0439952437574316
184	0.0439171920258988
184	0.0438868807144376
184	0.0439189189189189
184	0.0442297915607524
184	0.0439593047901653
184	0.0437306665536675
184	0.0441083273480079
184	0.0442173986772935
184	0.0441507670080313
184	0.0441601496089765
184	0.0438339904192632
184	0.0439374019254421
184	0.0435279671423127
184	0.0443284974972427
184	0.0435890899821565
184	0.0435668789808917
184	0.0439757492955341
184	0.043986283391897
184	0.0440494919001658
184	0.0442489215393158
184	0.0441605685038704
184	0.0438697073937232
184	0.0440182026963807
184	0.0439109078590786
184	0.0440427698574338
184	0.0439817771533189
184	0.0440937473270037
184	0.0438309619876832
184	0.0441008744138892
184	0.0439685757729346
184	0.043905746736735
184	0.0438867493334462
184	0.0440889416956632
184	0.0437468268742596
184	0.04396537090477
184	0.0441972467288923
184	0.0439467209637736
184	0.0439799974355687
184	0.0443282757448255
184	0.0441721408118578
184	0.0441763656443803
184	0.0441874258600237
184	0.0441802622149151
184	0.043917490912165
184	0.0438577905843468
184	0.0439452708750693
184	0.0437096161155454
184	0.0439672367695115
184	0.0439662840442204
184	0.0442189811879095
184	0.043711688860706
184	0.0437059245808876
184	0.0439276485788114
184	0.0437890974084004
184	0.0440483768300446
184	0.0438355004023548
184	0.0440653572637995
184	0.0438104081374246
184	0.0441220143396547
184	0.0440357685169563
184	0.0440847034954985
184	0.0436817472698908
184	0.0439213679587224
185	0.0437414733969986
185	0.0436872554024162
185	0.0440342725606377
185	0.0441008260961661
185	0.0438958058896018
185	0.0438730482009504
185	0.0433801617709664
185	0.0436984086460727
185	0.0434635976560853
185	0.0438309619876832
185	0.043648596857301
185	0.0439913709233958
185	0.0439928729000509
185	0.0436459171998814
185	0.0440171484358419
185	0.0440492942731653
185	0.0440134119943975
185	0.0443982698668476
185	0.0440543505781079
185	0.0440243592996701
185	0.0437925170068027
185	0.0440877519905133
185	0.043957441397143
185	0.0437787047570893
185	0.0439811872378289
185	0.0440259575009543
185	0.044005941014216
185	0.0437225413991213
185	0.0440251572327044
185	0.0440286186020914
185	0.0440429852766966
185	0.0436445539926055
185	0.0439490715282771
185	0.0438737519038754
185	0.0438488613714431
185	0.0440025386079966
185	0.0441778941588884
185	0.0437962411769708
185	0.0441956143699368
185	0.0439978043322214
185	0.0440099868816385
185	0.0439896395057535
185	0.0441663131098854
185	0.0439509306260575
185	0.0439202066833256
185	0.0438688994811659
185	0.0439463019250253
185	0.043971026842778
185	0.0439071894317893
185	0.0437072590578941
185	0.0443709171120726
185	0.0439368806090766
185	0.0436584219744543
185	0.0436664544875875
185	0.0439892688327726
185	0.0436947377457292
185	0.043705624760852
185	0.0439537150849828
185	0.0436187399030695
185	0.0441494550235379
185	0.0441026512576479
185	0.0435907221303481
185	0.0434929911489434
185	0.0439458086367485
185	0.0438135593220339
185	0.043918346603422
185	0.0439273217823869
185	0.0439667187565992
185	0.0438696589324204
185	0.0437903499830105
185	0.0443097014925373
185	0.043917490912165
185	0.0444397373437831
185	0.0440558550146428
185	0.0440696639688122
185	0.04428529050303
185	0.0440201089941278
185	0.0434212196876719
185	0.0438933716361793
185	0.0444040728378892
185	0.0439509306260575
185	0.043998815416508
185	0.0438600230169217
185	0.0439891405786035
185	0.0438273952918304
185	0.0440688069488206
185	0.0438718957566527
185	0.0438555644922321
185	0.0440771349862259
185	0.0438756082081659
185	0.0440131102881709
185	0.0440131912734652
185	0.0438890065664054
185	0.0438299313966291
185	0.0440976933514247
185	0.0439347303621875
185	0.0440752669944058
185	0.0439976194524741
185	0.0439565088632229
185	0.0440890242870441
186	0.0440677966101695
186	0.0440536084217647
186	0.0437791932059448
186	0.0441479735701359
186	0.0441083273480079
186	0.0435615738375064
186	0.0441878302369184
186	0.0438955720501664
186	0.0439032683071954
186	0.0441213867932525
186	0.0440868934317784
186	0.0437370709671972
186	0.0439280868385346
186	0.0436971235194585
186	0.04391006677373
186	0.043841512300097
186	0.0438699405011313
186	0.0438085591288934
186	0.0437996516419559
186	0.0439737343783097
186	0.0439897483299021
186	0.0438522159139056
186	0.0441813088871912
186	0.0441748393642205
186	0.0432370139570618
186	0.0438026981450253
186	0.0439199157007376
186	0.0438770765523946
186	0.0438381620069263
186	0.0437782130993953
186	0.043989510193723
186	0.0439240506329114
186	0.0438017926602401
186	0.0438076695166342
186	0.0437674773324295
186	0.0439565088632229
186	0.0437269607220033
186	0.0436590436590437
186	0.0440385764274132
186	0.043929173693086
186	0.0438726633038023
186	0.044034991336686
186	0.0440672226220209
186	0.0439077936333699
186	0.0438033285460843
186	0.044036385275865
186	0.0437962375819066
186	0.0434412989883533
186	0.0440712641718524
186	0.0439462643556384
186	0.0438943473267832
186	0.0444179206274777
186	0.0437547697786823
186	0.0441294690078274
186	0.0440416701956466
186	0.0438341138252542
186	0.0439658090724441
186	0.0441089402013025
186	0.0441164030115895
186	0.0439694271795733
186	0.0437204591492235
186	0.0439979654120041
186	0.0437773342957836
186	0.0437547376400236
186	0.0442241707967976
186	0.0436210131332083
186	0.0440187745782063
186	0.0438678444029217
186	0.0438499957673749
186	0.0435593220338983
186	0.0439579018555307
186	0.043627721427662
186	0.0439849146150261
186	0.0438199873230509
186	0.0440965482319183
186	0.0436975502246334
186	0.0435206373421476
186	0.0439467923892911
186	0.0440809771353704
186	0.0439630051944761
186	0.04396766958656
186	0.0440381692281709
186	0.0440878378378378
186	0.0438245333108592
186	0.0436308290703082
186	0.043678553147927
186	0.0443035281099715
186	0.0439969540570268
186	0.0442343407057234
186	0.0440366194795287
186	0.044052304176717
186	0.044189297970597
186	0.0438798093292475
186	0.0435978835978836
186	0.0438822485956836
186	0.0439034716342083
186	0.0441995947315096
186	0.0440101954120646
186	0.0440729483282675
186	0.0441778941588884
187	0.0442699490662139
187	0.0435226113566814
187	0.0438122573020429
187	0.0440686543246321
187	0.0439472464500906
187	0.0440403526619193
187	0.0439129334345735
187	0.0440209141507843
187	0.0434002563007262
187	0.0437922297297297
187	0.0440312698077329
187	0.0432700457704696
187	0.0439065817409766
187	0.0441294350926043
187	0.0437344782590394
187	0.0440427698574338
187	0.043889149035801
187	0.0438674266413342
187	0.0440511889175149
187	0.0435973041280539
187	0.0440902942171119
187	0.0440822530929359
187	0.0440909666258808
187	0.0438925665134713
187	0.0435021560835377
187	0.0438005676282459
187	0.0437258318106489
187	0.043725514975357
187	0.0435595597297182
187	0.0438956315811731
187	0.0437730412305606
187	0.0442152428456694
187	0.0439893818733409
187	0.0442755868743898
187	0.044106431658334
187	0.0438048615800135
187	0.0441393875395987
187	0.0436235931285436
187	0.0435464057271148
187	0.0439555817279381
187	0.0439003799071338
187	0.0438422187460364
187	0.0436670179135933
187	0.0439189189189189
187	0.0436311263608252
187	0.0439957939011567
187	0.0441693866304947
187	0.0440908126458731
187	0.0438452124741528
187	0.043860756829566
187	0.0440011857874899
187	0.0439984725699011
187	0.0440984090813183
187	0.0440816670885008
187	0.0437668010752688
187	0.0435462732000169
187	0.0438316524107409
187	0.0436610745381185
187	0.0442361523454067
187	0.0438430083048775
187	0.0440118493440542
187	0.0437621093420942
187	0.044112685560054
187	0.0438779418649189
187	0.0439016129715084
187	0.043830415524151
187	0.0439077936333699
187	0.0437190816455964
187	0.0440131912734652
187	0.0438231800441201
187	0.0441543076858072
187	0.0439736664415935
187	0.0438338658146965
187	0.0438778535428402
187	0.0438164921576048
187	0.0441095073870652
187	0.0436360567184335
187	0.0439393939393939
187	0.0442204244144182
187	0.04373572455799
187	0.0440352961140336
187	0.0439439946018893
187	0.0440270156184044
187	0.0441548582995951
187	0.0439810906635151
187	0.0439249175615118
187	0.0438969011478787
187	0.0441337488419102
187	0.0440025386079966
187	0.0436332767402377
187	0.0439973002615372
187	0.0441456298363567
187	0.0438814652446992
187	0.0436218871760122
187	0.0437322721307311
187	0.0440405748098056
187	0.043846705173068
187	0.0441320137620524
187	0.0438176033934252
187	0.0436142337925788
188	0.0438585372037014
188	0.0439750400539674
188	0.043978349120433
188	0.0439838220424671
188	0.0440005057529397
188	0.0438907159119656
188	0.0438441471009004
188	0.0439090485667104
188	0.0435479111335947
188	0.0441828079503735
188	0.0437599932676933
188	0.0441923467660007
188	0.0437017994858612
188	0.0440883462630887
188	0.0436184657162254
188	0.0438837081733406
188	0.0434892541087231
188	0.0440730762754672
188	0.0441350710900474
188	0.0439937333276877
188	0.0439806029938857
188	0.0437156157427
188	0.0439005768578215
188	0.044141966670907
188	0.0439713322091062
188	0.044030482641829
188	0.0436546507205342
188	0.0439412433183215
188	0.04391006677373
188	0.0439653350243078
188	0.0439444467896492
188	0.0436526364672605
188	0.0440474682207864
188	0.044046712363544
188	0.0433953468661271
188	0.0438919193200558
188	0.0439142023099378
188	0.0437811365363506
188	0.0439787485242031
188	0.0436681222707424
188	0.0437657961246841
188	0.044052491666315
188	0.0435167989194665
188	0.0438184663536776
188	0.0440137884647722
188	0.0440161588958088
188	0.0440872463401257
188	0.0439602284747197
188	0.0439327887586236
188	0.0440030492969676
188	0.0438169425511198
188	0.043977863208145
188	0.043802107579669
188	0.0434101304421481
188	0.04386223138063
188	0.044
188	0.0440225153322692
188	0.0438184663536776
188	0.043498478187352
188	0.0439112530464745
188	0.0437269607220033
188	0.043817147672214
188	0.0436328240721148
188	0.044223750106103
188	0.0441294350926043
188	0.0431452642328312
188	0.0440010124873439
188	0.044225007384901
188	0.044049328490582
188	0.0438193243642191
188	0.0436856322809387
188	0.0438696589324204
188	0.0440847979095545
188	0.0437746073409254
188	0.0439787485242031
188	0.0440238286366133
188	0.043892968684055
188	0.044084114517355
188	0.0440921581061086
188	0.0440699389087845
188	0.0438970805695213
188	0.0438500880355496
188	0.0438082388160391
188	0.0440102957930714
188	0.0439376152943149
188	0.0438781537423002
188	0.0440908898574028
188	0.0435443037974684
188	0.043727356980369
188	0.0440677966101695
188	0.043909468508943
188	0.0438941798941799
188	0.0439077936333699
188	0.0437851316512404
188	0.0436385205270516
188	0.0440634920634921
188	0.0437891725907542
188	0.0438622438199873
188	0.0441145281018028
188	0.0442863796096363
189	0.0439718107777356
189	0.0439157894736842
189	0.0439713322091062
189	0.0437278406213068
189	0.043985675163261
189	0.0439434951784808
189	0.0439476692493332
189	0.0440203883904124
189	0.0439310257599393
189	0.0440102957930714
189	0.0441133015323568
189	0.0439957939011567
189	0.0439736664415935
189	0.044139513148392
189	0.043854100780097
189	0.0437993164268535
189	0.0437389175040108
189	0.0439555799518642
189	0.0437202242927611
189	0.0438777660695469
189	0.0441736481340442
189	0.0438150876301753
189	0.0440699389087845
189	0.044164972899729
189	0.0438104081374246
189	0.044072500946213
189	0.0437149246803663
189	0.0439639183948744
189	0.0437126002631244
189	0.0437727542121751
189	0.0435788499558322
189	0.0436648157496214
189	0.0439172135285209
189	0.0440835266821346
189	0.0442534089946642
189	0.0438818565400844
189	0.0441238505019826
189	0.043883034996403
189	0.0437586948273682
189	0.0439885173927727
189	0.044011330486619
189	0.0438196555217832
189	0.0437368199072121
189	0.0436683075878459
189	0.0441981966798685
189	0.0439905068655704
189	0.0439658090724441
189	0.0443027282709688
189	0.0435663627152989
189	0.0442227201623473
189	0.0435166870081226
189	0.0439477332885173
189	0.0439250368498631
189	0.0441282040454373
189	0.0440858848939144
189	0.0438803953036574
189	0.044021190716448
189	0.0436066126855601
189	0.0442981901025187
189	0.0439194879568806
189	0.0436016949152542
189	0.0437688934304083
189	0.0441834924389626
189	0.0441684210526316
189	0.0439356174221621
189	0.0438810747073191
189	0.0442575136323287
189	0.0439310257599393
189	0.0439392654169141
189	0.043705703678704
189	0.0441846725185685
189	0.0438659510628407
189	0.0438477801268499
189	0.0439699020555719
189	0.0438985268667426
189	0.0440070951938508
189	0.0438829227205728
189	0.0437539365945832
189	0.0438615078187905
189	0.0440084388185654
189	0.0437767512819426
189	0.0441213867932525
189	0.0439115014355683
189	0.044219702098849
189	0.0441797600946106
189	0.0441269707088212
189	0.0439768942109036
189	0.0439786617381442
189	0.0438141066227681
189	0.0442661034846885
189	0.0436071126164268
189	0.0439551203933269
189	0.0439077936333699
189	0.0437489412163307
189	0.0438008515661228
189	0.0435626846770789
189	0.0441033447503066
189	0.0437186141705701
189	0.0441188887950688
189	0.0437613631558919
190	0.0437980891181196
190	0.043759720879398
190	0.0439260193358554
190	0.0437721818489099
190	0.0440413414891373
190	0.0442257328715046
190	0.0439606979501948
190	0.0438382649630128
190	0.0438870151770658
190	0.0437481525273426
190	0.0442049889699644
190	0.0439213374320967
190	0.0439213374320967
190	0.0439551132754605
190	0.0437211664620984
190	0.0438486069150722
190	0.0436045288101351
190	0.0441213760459809
190	0.0436829934832878
190	0.0438305554389353
190	0.0436928008097507
190	0.0439278658203371
190	0.0438967234380885
190	0.0439652640852456
190	0.0439680538041194
190	0.0439384355892895
190	0.0439096474561959
190	0.0440050483803113
190	0.0439996621906934
190	0.044045265239157
190	0.043998815416508
190	0.0436461306026523
190	0.0439892545332438
190	0.0438076000504987
190	0.0438884676943813
190	0.043938502898429
190	0.044064062367596
190	0.0438936116488511
190	0.0438806849257436
190	0.0440743544452856
190	0.0441592434668806
190	0.0438847708894879
190	0.0439277576166765
190	0.0437605396290051
190	0.0438341138252542
190	0.0442455458920882
190	0.0440005057529397
190	0.0440809771353704
190	0.0437632135306554
190	0.0438726633038023
190	0.0439994952256762
190	0.0441436883379712
190	0.0439458869002605
190	0.0438970805695213
190	0.0439509696918815
190	0.0439182096821598
190	0.0441474966170501
190	0.0436774844459391
190	0.0439925907215627
190	0.0439657716140454
190	0.0439384355892895
190	0.0438909656012432
190	0.0440114228120276
190	0.0437400016839269
190	0.0437602661837173
190	0.0439203442747447
190	0.0442084778746087
190	0.0436973366642673
190	0.0439891405786035
190	0.0435388513513514
190	0.0442720411519163
190	0.0437956204379562
190	0.0440193399201177
190	0.0440796988028258
190	0.043709167544784
190	0.0437558129703221
190	0.0440124547673146
190	0.0440219687367976
190	0.0436322246111041
190	0.0437900776240297
190	0.0439615967660435
190	0.043859649122807
190	0.0437723167401806
190	0.0440016956337431
190	0.0438925665134713
190	0.0439888870180165
190	0.0439979867460783
190	0.0438971265812181
190	0.044069801833777
190	0.0439902430818404
190	0.0439246045102659
190	0.0437983843823628
190	0.0435495397032242
190	0.0439718107777356
190	0.0439301493793394
190	0.0440106029368452
190	0.0441076870978666
190	0.0438919193200558
190	0.0438706968933669
190	0.0439283009341076
191	0.0438238633974009
191	0.0439519001131269
191	0.0442171119377748
191	0.043841512300097
191	0.0439671085752643
191	0.0440315172965912
191	0.0435480464625132
191	0.0439430928529337
191	0.0438290540824474
191	0.0441164101270082
191	0.0436635167060412
191	0.0436942246169389
191	0.0439629785443837
191	0.0439984886015366
191	0.0439115014355683
191	0.0441021312513188
191	0.0437775445960126
191	0.044066372610796
191	0.0441833038497178
191	0.0437673596498611
191	0.0438112874037288
191	0.0439920931993103
191	0.0436590436590437
191	0.0440816670885008
191	0.0438958631729716
191	0.043355879510986
191	0.0440243646292796
191	0.0436444593799882
191	0.0437830576777768
191	0.0440560328410005
191	0.044076669762729
191	0.0437250367878915
191	0.0440185341196293
191	0.0436646354276108
191	0.0436044066941384
191	0.0438670136848291
191	0.0439085762214301
191	0.0439509502338713
191	0.0440124547673146
191	0.0441951672078607
191	0.0440748089669439
191	0.0438985268667426
191	0.0438847708894879
191	0.0439848037146475
191	0.044151689885938
191	0.0439689532200545
191	0.0438297334849059
191	0.0439976444855725
191	0.0439518682710576
191	0.0440248927760491
191	0.0439726429740276
191	0.0441083805923125
191	0.04396068008269
191	0.0434709351305813
191	0.0438756082081659
191	0.0438839848675914
191	0.043809123397099
191	0.0440816670885008
191	0.0439269981120201
191	0.0439018271522348
191	0.0438272123707875
191	0.0436981163878471
191	0.0440065820007595
191	0.043850446896899
191	0.0439110811152824
191	0.0439974592420072
191	0.0439379202435827
191	0.0441963345270697
191	0.0435934084412309
191	0.0437778337954794
191	0.0437934668071654
191	0.0440254219453681
191	0.0438456364553556
191	0.0440946875395586
191	0.0438574423480084
191	0.0439089916883553
191	0.0439073769454637
191	0.0436628004706673
191	0.0435698634754762
191	0.0439311213775724
191	0.0436008585497243
191	0.0439843124024797
191	0.0440513792377343
191	0.0435002742500316
191	0.0439824576199713
191	0.0439954443835154
191	0.0436925929046937
191	0.0440005057529397
191	0.0439334062053309
191	0.0437586365730078
191	0.0438888654665036
191	0.0439652994188495
191	0.0437360696412801
191	0.0439384355892895
191	0.0437639526557432
191	0.044293374994722
191	0.0437977660199882
191	0.0439115014355683
191	0.0437492104930734
191	0.0438581750966224
192	0.0440978644694804
192	0.0440606571187869
192	0.0438633310946944
192	0.0438973063973064
192	0.0440049129642963
192	0.0441524421159371
192	0.0439583596746323
192	0.0439685277906341
192	0.043245521601686
192	0.043699315097273
192	0.0439818700688266
192	0.0438773791477177
192	0.0438300741739717
192	0.0439671085752643
192	0.0431566489136867
192	0.0440283188806502
192	0.0440095746021081
192	0.0438964966815089
192	0.044021190716448
192	0.0438206954335987
192	0.0440185341196293
192	0.044297673635943
192	0.0437471080637698
192	0.0438800050630775
192	0.0440106029368452
192	0.0440272750231501
192	0.0440928270042194
192	0.0442152428456694
192	0.0438585425339557
192	0.0441102335741892
192	0.04382202035495
192	0.0436429443205252
192	0.043977296615514
192	0.0439166385420182
192	0.0439875284402124
192	0.0438305554389353
192	0.0438589071223143
192	0.0440588012299398
192	0.0439620423244877
192	0.043825035681303
192	0.044003197173026
192	0.0438946528332003
192	0.0438977124320681
192	0.0439376853360064
192	0.0438445015372952
192	0.044092303812366
192	0.0438589106827174
192	0.0439615967660435
192	0.0440842105263158
192	0.0439796304869324
192	0.0440639556842503
192	0.0440799158780231
192	0.0439362148552245
192	0.0439092289522524
192	0.0438846508508676
192	0.0436339131533505
192	0.0439509696918815
192	0.0440660779923106
192	0.0438899175223026
192	0.0439184913302114
192	0.043968480174365
192	0.043989510193723
192	0.0434837674673872
192	0.0440085502326166
192	0.0439412433183215
192	0.0438555841091966
192	0.0439374735952683
192	0.0439796304869324
192	0.0441547518923465
192	0.0436134453781513
192	0.0440478689901323
192	0.0437717496121756
192	0.0439057182471325
192	0.0440389396940453
192	0.0440185341196293
192	0.0436968452804893
192	0.0438386133198704
192	0.0436887074371817
192	0.0439206163121755
192	0.0438128074675188
192	0.0439038736240652
192	0.0438640760366726
192	0.0439192020786187
192	0.0440011733646231
192	0.0436743813498588
192	0.0439653350243078
192	0.0439652994188495
192	0.0439001848428835
192	0.0434672838207448
192	0.0435533465313171
192	0.0438014446497564
192	0.0439005929103065
192	0.0438802958977808
192	0.0437582073113907
192	0.043788572148285
192	0.0438681429714141
192	0.0440248927760491
192	0.0440683646112601
192	0.0438375702659619
192	0.0439986513823331
193	0.0438210257055395
193	0.043821356615178
193	0.0437140094993905
193	0.0439578947368421
193	0.044050824638169
193	0.0438500880355496
193	0.0438185318489997
193	0.0440072156731132
193	0.0437864362706035
193	0.0439504925486234
193	0.0436831916505345
193	0.0439159431231911
193	0.043929611343208
193	0.0439320897086565
193	0.0438522870331515
193	0.0441034670691318
193	0.0439288411512965
193	0.0439348926733336
193	0.0438188597042436
193	0.0436748879862652
193	0.0439601964982995
193	0.044112685560054
193	0.0437513171759747
193	0.0438854359146649
193	0.0439933026370866
193	0.0433606626658778
193	0.0436506262915946
193	0.043978178766261
193	0.0440547117563145
193	0.0439114236677969
193	0.0440114228120276
193	0.0438082388160391
193	0.043851889296095
193	0.0439237423364408
193	0.0439348926733336
193	0.0439731205375892
193	0.0438991540047982
193	0.0437394957983193
193	0.0438971265812181
193	0.0439952937221615
193	0.0439786617381442
193	0.0440417767711086
193	0.0437916439676487
193	0.0438791333137756
193	0.0441406085158459
193	0.0435002529084471
193	0.0439329665252636
193	0.0439994952256762
193	0.0437610136779391
193	0.043963448014486
193	0.0440655073442512
193	0.043971750462418
193	0.0438555841091966
193	0.0438762228660201
193	0.0440230416684186
193	0.0439606623518534
193	0.0436203645505971
193	0.0440886802732492
193	0.0438471230575389
193	0.0440426518312471
193	0.0440454717060279
193	0.0436594813068373
193	0.0437919463087248
193	0.0438226866677903
193	0.0437314120554601
193	0.0436539675857714
193	0.0436948060101285
193	0.043619079666863
193	0.043779673122978
193	0.0439399026355548
193	0.043810323122115
193	0.04386295970143
193	0.0437589068656216
193	0.0439085762214301
193	0.0438155136268344
193	0.0441485339830295
193	0.0441016181772449
193	0.0440436241610738
193	0.0438298763880159
193	0.0440270032286469
193	0.0439186349499874
193	0.0438773791477177
193	0.0440006698484468
193	0.0441275450109372
193	0.0438810747073191
193	0.0440090619231415
193	0.043918777475403
193	0.0434690595107085
193	0.0438382649630128
193	0.0437747285125011
193	0.0439795404997484
193	0.0437596559355297
193	0.044095414076936
193	0.0438703695899532
193	0.0440030173497611
193	0.0440608198924731
193	0.0438688552117879
193	0.0439994952256762
193	0.0438566983432848
193	0.0437429159145292
194	0.0437904106138215
194	0.0439242944477012
194	0.0439523286281802
194	0.0439095856006697
194	0.0435566362035717
194	0.0439504925486234
194	0.043992451247641
194	0.0439976444855725
194	0.0438552400100528
194	0.0436512976840679
194	0.0436499600890644
194	0.0438960929959293
194	0.0438828115176663
194	0.0437181485069284
194	0.0439832285115304
194	0.0437873781941366
194	0.0438026575009431
194	0.0439459255848993
194	0.043931997980138
194	0.0435222672064777
194	0.0437594490173022
194	0.0437996052576324
194	0.0439735321216182
194	0.04352388147402
194	0.0439302481556003
194	0.0437907123345241
194	0.0438776794328621
194	0.0439698492462312
194	0.0438121616517689
194	0.0435944192358255
194	0.0439892545332438
194	0.0439956423363781
194	0.0440613832247215
194	0.043726395300042
194	0.0439155212872947
194	0.0439901126984792
194	0.044065238354786
194	0.0439106616097767
194	0.0441108641871777
194	0.0438023450586265
194	0.0439159431231911
194	0.0439020291559887
194	0.0437785125350521
194	0.0439071485539185
194	0.04382336967874
194	0.0438338926174497
194	0.043483751473312
194	0.0440817700008413
194	0.0438850430039857
194	0.043788572148285
194	0.0437560422008322
194	0.043926133746493
194	0.0441238327584756
194	0.0438035984530015
194	0.0440080395276777
194	0.043918777475403
194	0.0437867338371117
194	0.0440148947742772
194	0.0438026575009431
194	0.0437229619051619
194	0.0438659208478782
194	0.0439399026355548
194	0.0440979208584842
194	0.0439583420469279
194	0.0438076000504987
194	0.0439130982897004
194	0.0438526483807284
194	0.0437686394757844
194	0.0437652400571765
194	0.0438445739196043
194	0.0439118411128802
194	0.0439218979634684
194	0.0436442989634479
194	0.0440270032286469
194	0.0433282853777553
194	0.043826875446035
194	0.0437759946225266
194	0.044021190716448
194	0.0438983406847301
194	0.043658782083543
194	0.0435782694157501
194	0.0437699144725809
194	0.0438721583759752
194	0.0437441997806462
194	0.0437369082530373
194	0.0438993710691824
194	0.0441578084954414
194	0.0440270032286469
194	0.0436607892527288
194	0.0439675368139224
194	0.0437339831113725
194	0.0440635451505017
194	0.0437337362545119
194	0.0437980608492143
194	0.043726395300042
194	0.0438875407915656
194	0.0438088037634409
194	0.0439981474464233
194	0.0439136811229834
194	0.0438471230575389
195	0.0438140003357395
195	0.0439231870630843
195	0.044013053300979
195	0.0440608198924731
195	0.0438512071634796
195	0.0437484255605005
195	0.0438981562774363
195	0.0439942962590169
195	0.0440554462079652
195	0.0439042852937466
195	0.0437610136779391
195	0.0439118411128802
195	0.043906322007625
195	0.0439237423364408
195	0.043864774624374
195	0.0439786617381442
195	0.0439984886015366
195	0.0437604690117253
195	0.0437989857076994
195	0.0437996052576324
195	0.0438541273238491
195	0.043900397572714
195	0.0437907123345241
195	0.0439247244226497
195	0.0439620194921989
195	0.0438801974399732
195	0.0437676397489363
195	0.0436334621199395
195	0.0439981474464233
195	0.044076326273852
195	0.0436765259590846
195	0.0438350429139627
195	0.0439141011660096
195	0.043788572148285
195	0.0438515664265371
195	0.0439845844504021
195	0.0436151456636722
195	0.0439791456441305
195	0.0438273670123787
195	0.04382336967874
195	0.0438912133891213
195	0.0437334898737893
195	0.043784304688482
195	0.044095414076936
195	0.043746330005872
195	0.0440180586907449
195	0.0437137818090199
195	0.0440966686246539
195	0.0438335498470435
195	0.0439601806926552
195	0.0436506262915946
195	0.0438519263824257
195	0.0438928091397849
195	0.0439509890017982
195	0.0440172550990493
195	0.0437931756332426
195	0.0438273670123787
195	0.0439666373276332
195	0.0439726429740276
195	0.0438871473354232
195	0.043767800301558
195	0.0439228834870075
195	0.0439496044535599
195	0.0439661669876895
195	0.0439079782983556
195	0.0440072156731132
195	0.0439808997235486
195	0.0439173616058333
195	0.0439399026355548
195	0.0438860971524288
195	0.0439721663313213
195	0.043778801843318
195	0.0439301493793394
195	0.0436901361115779
195	0.0438053837150978
195	0.0438703183324246
195	0.0438981562774363
195	0.0439725798361478
195	0.0439748953974895
195	0.0440061968764393
195	0.044138046996511
195	0.0438297334849059
195	0.0439399640453196
195	0.0440536013400335
195	0.0439707419017764
195	0.044112086711759
195	0.0439440406671428
195	0.0439726429740276
195	0.043746330005872
195	0.0437662446549845
195	0.0437693530839401
195	0.0439018271522348
195	0.0438993710691824
195	0.0438188597042436
195	0.0439399026355548
195	0.043520228302837
195	0.0439307808058853
195	0.0439845844504021
195	0.0438394093216428
195	0.0438714562126693
196	0.0439891281622413
196	0.0438303556520287
196	0.0439956423363781
196	0.0438824219077129
196	0.0440539745260414
196	0.0438383669371706
196	0.0440406915895675
196	0.0440659524606629
196	0.0435676810073452
196	0.0440359306454982
196	0.0437870811398011
196	0.0440112119817596
196	0.0440775966816106
196	0.0439854496801438
196	0.0440602576476019
196	0.0440056889483812
196	0.0438975305018657
196	0.0439702689159846
196	0.0437633106443396
196	0.0437813021702838
196	0.0438783619860292
196	0.0439079309482112
196	0.0440293809024134
196	0.043971750462418
196	0.0440301633850021
196	0.0438248674819483
196	0.0433445661331087
196	0.0437256788986987
196	0.0438787472785128
196	0.0438930499184066
196	0.0435256625293526
196	0.0439320897086565
196	0.0439951442086316
196	0.0438989653583546
196	0.0440591364074214
196	0.0435368421052632
196	0.0438397581254724
196	0.0438944860164709
196	0.0439832285115304
196	0.0438011327879169
196	0.0437220199991632
196	0.0439468627287158
196	0.0438508485912549
196	0.0439606447561231
196	0.0438508485912549
196	0.04390448261416
196	0.0438600158882803
196	0.0437348288273207
196	0.0438323956671425
196	0.0438096833640476
196	0.043765690376569
196	0.0436864655969083
196	0.0439610904688348
196	0.0435422182994999
196	0.0439201907391141
196	0.0439201907391141
196	0.0441096463695334
196	0.0441121025512128
196	0.0438029705462784
196	0.044134921966773
196	0.0439509890017982
196	0.0436899315902128
196	0.0439242944477012
196	0.04401018831684
196	0.0439112530464745
196	0.04400752980548
196	0.043858182122251
196	0.044065238354786
196	0.0435512293362423
196	0.0437082756014611
196	0.0438534031413613
196	0.0439656975528132
196	0.0438592813115854
196	0.0438464118041583
196	0.0438655181065485
196	0.0438934494890266
196	0.0440817700008413
196	0.0436163101604278
196	0.0438277031269622
196	0.0438526483807284
196	0.0438618498076601
196	0.0437765711158816
196	0.0438298763880159
196	0.044029913452651
196	0.0439486706365848
196	0.0440606571187869
196	0.043814864412454
196	0.0440891880521666
196	0.0438997775632686
196	0.0437233775995991
196	0.0436509595685078
196	0.0437809276188879
196	0.043655462184874
196	0.0438413361169102
196	0.0441602013000629
196	0.044001677852349
196	0.0438243673537791
196	0.043978575613022
196	0.0436846305708405
196	0.0440880924468263
197	0.0438130309243838
197	0.0438398528920094
197	0.0438981562774363
197	0.0438828115176663
197	0.0440677966101695
197	0.0437076111529766
197	0.0434618924119468
197	0.0438475377599264
197	0.043914522020236
197	0.0437426606274115
197	0.0439532839382142
197	0.0437763933603713
197	0.0439177852348993
197	0.0439317451708457
197	0.0439160956042119
197	0.043744787322769
197	0.0439569605471682
197	0.0438798111078608
197	0.0439812881129396
197	0.0437337362545119
197	0.0438182046243258
197	0.0439500813890396
197	0.0439132618888145
197	0.0437709030100334
197	0.0438995864834385
197	0.0439385696949408
197	0.044020942408377
197	0.0439964869725231
197	0.0438566983432848
197	0.0438794255177021
197	0.0439376853360064
197	0.0438056985063386
197	0.0438430878959513
197	0.0439565035549979
197	0.0440966686246539
197	0.043703734682782
197	0.0438552609638152
197	0.0438372239218809
197	0.0439431913116124
197	0.0440001673010164
197	0.0437382395985783
197	0.0437270297360508
197	0.0438486594838386
197	0.0436911487758945
197	0.0440973240085431
197	0.0439440863815184
197	0.0440327841431797
197	0.0439104177151485
197	0.0438446456134496
197	0.0440067057837385
197	0.0439173616058333
197	0.0438526817440742
197	0.0438215389756872
197	0.0439193420448378
197	0.0438995864834385
197	0.044020942408377
197	0.0438285261092791
197	0.0438732364884665
197	0.043967066493919
197	0.0439514441188782
197	0.0439220279427759
197	0.0438123877542497
197	0.0438416851255903
197	0.0439620194921989
197	0.0438618498076601
197	0.0439537417246292
197	0.0438357313645707
197	0.0438629439505864
197	0.0438816449348044
197	0.0438416851255903
197	0.0439177852348993
197	0.043971750462418
197	0.0439496044535599
197	0.043945963975984
197	0.043977296615514
197	0.0437439825861275
197	0.0436805701110878
197	0.0437916439676487
197	0.0438060139040121
197	0.0438216881643628
197	0.043876828201175
197	0.0439170872085749
197	0.0438486594838386
197	0.0438423851597504
197	0.0438486594838386
197	0.0438460572050756
197	0.04390448261416
197	0.0436582611968385
197	0.0440333179858524
197	0.0439716312056738
197	0.0440056889483812
197	0.0438383669371706
197	0.0439703231755879
197	0.0440338528573823
197	0.0440565602316116
197	0.043900397572714
197	0.0438574423480084
197	0.0439252727044761
197	0.0439008042895442
197	0.0438285261092791
198	0.043894086201136
198	0.0440254201856343
198	0.0440061968764393
198	0.0439656975528132
198	0.0438068988557588
198	0.0438875407915656
198	0.0438240341551212
198	0.043694389907682
198	0.0439252727044761
198	0.0438666054509788
198	0.0439473134016308
198	0.0438879350056535
198	0.0439762561658724
198	0.043978575613022
198	0.0437837159703927
198	0.0439022348706788
198	0.0437645881960654
198	0.0439762561658724
198	0.0439812881129396
198	0.0437418977125413
198	0.0436769082449596
198	0.0440172550990493
198	0.0436316297820518
198	0.0439040723224375
198	0.0440469722930336
198	0.0439183536891417
198	0.0436681222707424
198	0.0437481649259679
198	0.0438699405011313
198	0.0440615436213474
198	0.043906510851419
198	0.0439500813890396
198	0.0439762561658724
198	0.0439207507820647
198	0.0436072010358799
198	0.0436998663101604
198	0.043740068579075
198	0.0439721050653527
198	0.0439032541041815
198	0.0439431913116124
198	0.0436642758273562
198	0.0438838688085676
198	0.0438188597042436
198	0.0439748953974895
198	0.0438698915763136
198	0.0437379898070014
198	0.0439689041210399
198	0.0437852517234176
198	0.0440436241610738
198	0.0438486594838386
198	0.0438893770135141
198	0.0439418011539426
198	0.0439124258377204
198	0.0440480676631914
198	0.0438860971524288
198	0.0438999916380968
198	0.0438351597983249
198	0.0436549499350622
198	0.0438548771812361
198	0.0439762561658724
198	0.0438068988557588
198	0.0439307808058853
198	0.0438629439505864
198	0.043876143913752
198	0.0438479493164388
198	0.0439024390243902
198	0.0437583668005355
198	0.0437837159703927
198	0.0439891281622413
198	0.043859649122807
198	0.0438428166193893
198	0.0439120090161539
198	0.043876143913752
198	0.0438977529028486
198	0.0438889817756228
198	0.0438633310946944
198	0.0441040704993705
198	0.0440120260564557
198	0.0439077476874137
198	0.0438578171337872
198	0.0437944003343084
198	0.0437507835025699
198	0.0438380208115676
198	0.0438248674819483
198	0.0438775936208408
198	0.043855985297803
198	0.0436599122623773
198	0.0438753805730492
198	0.0440020076961686
198	0.0438816449348044
198	0.0438688113641111
198	0.043589207278812
198	0.0438005108663791
198	0.0438303556520287
198	0.0437272689268843
198	0.0438618498076601
198	0.0439197659841204
198	0.0439110070257611
198	0.0437345820964168
198	0.043816047784136
199	0.0439189189189189
199	0.0439010140633477
199	0.0438157235853781
199	0.0438955186514228
199	0.0440010019203473
199	0.0438343571100247
199	0.0437089966988425
199	0.0439914612197062
199	0.0437505218335142
199	0.0438841425296937
199	0.0436931841983997
199	0.0438823137189532
199	0.0439836106697884
199	0.0440185781831876
199	0.0438193806860863
199	0.0439454758320789
199	0.0438355021688355
199	0.0438388131849815
199	0.0438014113324147
199	0.0439647613878335
199	0.043894086201136
199	0.0438190535751511
199	0.0439440863815184
199	0.0438376753507014
199	0.0438816449348044
199	0.0439069223378034
199	0.0438065835036923
199	0.0435635301481327
199	0.0438951185960232
199	0.0438691870190699
199	0.0439105911844579
199	0.0439565035549979
199	0.043975300400534
199	0.044003343083995
199	0.0439496288883329
199	0.0438908163691845
199	0.0439340154520777
199	0.0440020076961686
199	0.0439262472885033
199	0.0438720988478878
199	0.0437721677446276
199	0.0438318458587038
199	0.0438090460663824
199	0.043816047784136
199	0.0440030173497611
199	0.0439358503174073
199	0.0438859714928732
199	0.043877977434183
199	0.0439006086884016
199	0.0438592830613863
199	0.0439358503174073
199	0.0438948866013892
199	0.0439899833055092
199	0.0438483040594101
199	0.043877977434183
199	0.0439996657195387
199	0.0438969484742371
199	0.0438633135600301
199	0.0440967283072546
199	0.0439514615737459
199	0.0439042695130087
199	0.0438794255177021
199	0.0439179307174794
199	0.0438570892566807
199	0.0438853130485664
199	0.0438435175123297
199	0.0439285117755136
199	0.0439006086884016
199	0.0439349729053772
199	0.0438900246151279
199	0.0438464747601168
199	0.0435494021397105
199	0.0438102390787333
199	0.0439002040901329
199	0.0438987785050236
199	0.0437366592725903
199	0.0438123877542497
199	0.043875
199	0.0438987785050236
199	0.0438969484742371
199	0.0437604690117253
199	0.0439061001542759
199	0.0438050695285422
199	0.043938635984659
199	0.0438885872969474
199	0.0438977529028486
199	0.0438350429139627
199	0.0438680622159209
199	0.0438680622159209
199	0.0439344536409999
199	0.0439633917004472
199	0.0439155212872947
199	0.04395329441201
199	0.0438002008032129
199	0.0440309429228518
199	0.0437160751565762
199	0.0438808709435222
199	0.0439767354282606
199	0.0439757778241804
199	0.0439006086884016
200	0.0437565362894792
200	0.0437213183145599
200	0.0438680622159209
200	0.0437486954706742
200	0.0438062687562521
200	0.043769073199281
200	0.0438753805730492
200	0.0438622068563336
200	0.0437977537472339
200	0.0438336739375235
200	0.0439354111903868
200	0.0438717210892865
200	0.0438878006085108
200	0.0439170872085749
200	0.0437403206228287
200	0.043773710759995
200	0.04386914176309
200	0.0439266775230699
200	0.0438260289951675
200	0.0438435175123297
200	0.0437614832136295
200	0.0438914592972365
200	0.0437940967728468
200	0.0438977529028486
200	0.0439258178787247
200	0.0439899833055092
200	0.0438684364304199
200	0.0438717210892865
200	0.0438983756768013
200	0.0436960060097659
200	0.0438406401066844
200	0.0437852517234176
200	0.0437813021702838
200	0.0438475952529669
200	0.0438044429625307
200	0.0438658612789002
200	0.0438830897703549
200	0.0437883147754285
200	0.0437217856545728
200	0.0439248434237996
200	0.043894086201136
200	0.0439207507820647
200	0.043824203290981
200	0.0438753805730492
200	0.0438351597983249
200	0.0438483040594101
200	0.0438658612789002
200	0.043825534228244
200	0.0439111777694455
200	0.0438185318489997
200	0.0438625750500334
200	0.0438461217855208
200	0.0438914592972365
200	0.0438709677419355
200	0.0438987785050236
200	0.0438676887185469
200	0.0438625750500334
200	0.0439294794315009
200	0.0439771352276046
200	0.043750260666472
200	0.0437828371278459
200	0.0437489553735584
200	0.0436978297161937
200	0.043905088144373
200	0.0439789702077944
200	0.0437813021702838
200	0.0438530734632684
200	0.0438260289951675
200	0.0439002040901329
200	0.0438794255177021
200	0.0438680622159209
200	0.0438629439505864
200	0.0439028461731074
200	0.043903861373766
200	0.043908756684492
200	0.0439936555639035
200	0.0438431667292998
200	0.0438969484742371
200	0.043864774624374
200	0.0437700612780858
200	0.04393034618115
200	0.0439734657265635
200	0.0438804850606326
200	0.0439335781041389
200	0.0438808709435222
200	0.043936804368669
200	0.0437669659636667
200	0.043816047784136
200	0.0439578806618753
200	0.0438892358942328
200	0.0438790406673618
200	0.0438212094653812
200	0.0438512472410778
200	0.0439500813890396
200	0.0438556227832255
200	0.0437049084615705
200	0.0438303556520287
200	0.0438157235853781
200	0.0437998913361475
200	0.0438878006085108
201	0.0438764465906253
201	0.0438102390787333
201	0.0435800920117106
201	0.0438849221261848
201	0.04386914176309
201	0.0438402931012948
201	0.0437956204379562
201	0.0439258178787247
201	0.0438026173209969
201	0.0438603798733755
201	0.0438215389756872
201	0.043757292882147
201	0.0438662330080894
201	0.0439551274031444
201	0.0438640339915021
201	0.043856726364015
201	0.0437898420899129
201	0.0439230094776836
201	0.0438757618769308
201	0.0438315070205408
201	0.0439002040901329
201	0.0438695163104612
201	0.0439020326557814
201	0.0438123877542497
201	0.0439083434200092
201	0.0438184012317423
201	0.0438640339915021
201	0.0438388131849815
201	0.0438764465906253
201	0.0439697968378457
201	0.0437858986098393
201	0.0438413361169102
201	0.0439184966040252
201	0.043876828201175
201	0.0437536461371781
201	0.0438318458587038
201	0.0438871473354232
201	0.0438827013723773
201	0.0439093484419263
201	0.0438673159362384
201	0.0438178780284043
201	0.0438384679433805
201	0.0438212094653812
201	0.0439551274031444
201	0.0438863626882483
201	0.0438837538512782
201	0.0438333333333333
201	0.0438534328233774
201	0.0438603798733755
201	0.0438625750500334
201	0.0438625750500334
201	0.0437734277384423
201	0.0438563641659385
201	0.0438654902613617
201	0.0438727938727939
201	0.043903861373766
201	0.0439335781041389
201	0.0438914592972365
201	0.0438955186514228
201	0.043945963975984
201	0.0438910635462647
201	0.0439002040901329
201	0.0436000334420199
201	0.0439061001542759
201	0.0438991821064931
201	0.0438516048353481
201	0.0438102390787333
201	0.0438709677419355
201	0.0438117470507316
201	0.0438804850606326
201	0.0438819268079437
201	0.0437427095484086
201	0.0438245350679676
201	0.0437931895762218
201	0.0438786565547129
201	0.0438296808599283
201	0.0439130072493959
201	0.0437962305152744
201	0.0438735507548586
201	0.0439075192668194
201	0.0438904201119185
201	0.0438892358942328
201	0.0438874083944037
201	0.0439317451708457
201	0.0438965474157678
201	0.043936804368669
201	0.0438348180834235
201	0.0438472418670438
201	0.0437249666221629
201	0.043863664738441
201	0.0438819268079437
201	0.0437931895762218
201	0.0438965474157678
201	0.0438293444328824
201	0.0439097618948334
201	0.0438184012317423
201	0.0438983756768013
201	0.0439105911844579
201	0.0435453597497393
201	0.0440065132979834
202	0.0438454178626399
202	0.0438472418670438
202	0.0438819268079437
202	0.0438548998375744
202	0.0438892358942328
202	0.043858189081225
202	0.043938635984659
202	0.0438230383973289
202	0.0438454178626399
202	0.0438545394025131
202	0.0438472418670438
202	0.0438439438730899
202	0.043858553042609
202	0.0438764465906253
202	0.0438479493164388
202	0.0438369864155346
202	0.0438640339915021
202	0.043858189081225
202	0.0438746201556841
202	0.0438746201556841
202	0.0438508903311699
202	0.0437895437895438
202	0.0438391590890131
202	0.043858189081225
202	0.0438819268079437
202	0.0438746201556841
202	0.043863664738441
202	0.0437643139704351
202	0.0438454178626399
202	0.0438384679433805
202	0.0438077787957025
202	0.0439002040901329
202	0.043858553042609
202	0.0439331415947647
202	0.0439075192668194
202	0.0439299123904881
202	0.0438618393674573
202	0.0438622068563336
202	0.0439002040901329
202	0.0438673159362384
202	0.0438527147909299
202	0.0439551274031444
202	0.0437749667110519
202	0.0438709677419355
202	0.0438454178626399
202	0.0438819268079437
202	0.0438369864155346
202	0.0438512472410778
202	0.0438472418670438
202	0.043903861373766
202	0.0438220483582338
202	0.0437026554565887
202	0.0438589177019928
202	0.0438263625370085
202	0.0437643139704351
202	0.0438987785050236
202	0.04386914176309
202	0.0438369864155346
202	0.0438731719511687
202	0.0438442944069351
202	0.0438263625370085
202	0.0438421184111916
202	0.0438654902613617
202	0.0438764465906253
202	0.0438654902613617
202	0.043938635984659
202	0.0438384679433805
202	0.0438384679433805
202	0.0438618393674573
202	0.0438965474157678
202	0.0438556227832255
202	0.0438800999167361
202	0.0438673159362384
202	0.043858189081225
202	0.0438607462997707
202	0.0438454178626399
202	0.04386914176309
202	0.0438819268079437
202	0.0437445319335083
202	0.0439404677533664
202	0.0438618393674573
202	0.0438676887185469
202	0.0438508903311699
202	0.0437445319335083
202	0.0437773608505316
202	0.0438727938727939
202	0.04372837550544
202	0.043863664738441
202	0.043858553042609
202	0.0438508903311699
202	0.0438654902613617
202	0.043863664738441
202	0.0438348180834235
202	0.0438508903311699
202	0.043863664738441
202	0.0438278548514769
202	0.0437773608505316
202	0.043858553042609
202	0.0438731719511687
202	0.0438077787957025
203	0.0438454178626399
203	0.0438454178626399
203	0.0438454178626399
203	0.0438454178626399
203	0.0438454178626399
203	0.0438454178626399
203	0.0438454178626399
203	0.0438454178626399
203	0.0438454178626399
203	0.0438454178626399
203	0.0438454178626399
203	0.0438454178626399
203	0.0438454178626399
203	0.0438454178626399
203	0.0438454178626399
203	0.0438454178626399
203	0.0438454178626399
203	0.0438454178626399
203	0.0438454178626399
203	0.0438454178626399
203	0.0438454178626399
203	0.0438454178626399
203	0.0438454178626399
203	0.0438454178626399
203	0.0438454178626399
203	0.0438454178626399
203	0.0438454178626399
203	0.0438454178626399
203	0.0438454178626399
203	0.0438454178626399
203	0.0438454178626399
203	0.0438454178626399
203	0.0438454178626399
203	0.0438454178626399
203	0.0438454178626399
203	0.0438454178626399
203	0.0438454178626399
203	0.0438454178626399
203	0.0438454178626399
203	0.0438454178626399
203	0.0438454178626399
203	0.0438454178626399
203	0.0438454178626399
203	0.0438454178626399
203	0.0438454178626399
203	0.0438454178626399
203	0.0438454178626399
203	0.0438454178626399
203	0.0438454178626399
203	0.0438454178626399
203	0.0438454178626399
203	0.0438454178626399
203	0.0438454178626399
203	0.0438454178626399
203	0.0438454178626399
203	0.0438454178626399
203	0.0438454178626399
203	0.0438454178626399
203	0.0438454178626399
203	0.0438454178626399
203	0.0438454178626399
203	0.0438454178626399
203	0.0438454178626399
203	0.0438454178626399
203	0.0438454178626399
203	0.0438454178626399
203	0.0438454178626399
203	0.0438454178626399
203	0.0438454178626399
203	0.0438454178626399
203	0.0438454178626399
203	0.0438454178626399
203	0.0438454178626399
203	0.0438454178626399
203	0.0438454178626399
203	0.0438454178626399
203	0.0438454178626399
203	0.0438454178626399
203	0.0438454178626399
203	0.0438454178626399
203	0.0438454178626399
203	0.0438454178626399
203	0.0438454178626399
203	0.0438454178626399
203	0.0438454178626399
203	0.0438454178626399
203	0.0438454178626399
203	0.0438454178626399
203	0.0438454178626399
203	0.0438454178626399
203	0.0438454178626399
203	0.0438454178626399
203	0.0438454178626399
203	0.0438454178626399
203	0.0438454178626399
203	0.0438454178626399
203	0.0438454178626399
203	0.0438454178626399
203	0.0438454178626399
203	0.0438454178626399
