"samples"	"taxon_otu_prop"
1	0.0592972181551977
1	0.0635930047694754
1	0.0179007323026851
1	0.0183189655172414
1	0.023898431665422
1	0.0292275574112735
1	0.0348982135438305
1	0.0898985016916385
1	0.04019921736037
1	0.0139664804469274
1	0.0214143426294821
1	0.0705705705705706
1	0.0667134831460674
1	0.0769230769230769
1	0.128712871287129
1	0.0600828729281768
1	0.08837525492862
1	0.0273722627737226
1	0.0363795110593714
1	0.0251256281407035
1	0.0521739130434783
1	0.0076103500761035
1	0.0568019093078759
1	0.0483636363636364
1	0.0909090909090909
1	0.0323212536728697
1	0.016750418760469
1	0.0508829691709069
1	0.0268292682926829
1	0.0268292682926829
1	0.0285204991087344
1	0.040625
1	0.0666666666666667
1	0.0176553672316384
1	0.0113250283125708
1	0.0483636363636364
1	0.0976123595505618
1	0.0807453416149068
1	0.0675818373812038
1	0.0560747663551402
1	0.0151038388923851
1	0.0331452750352609
1	0.0560747663551402
1	0.0493462673977225
1	0.0544474393530997
1	0.0179007323026851
1	0.0373197625106022
1	0.0754975978037062
1	0.0268292682926829
1	0.0976123595505618
1	0.0268292682926829
1	0.0359712230215827
1	0.0560747663551402
1	0.0251256281407035
1	0.0292275574112735
1	0.0214143426294821
1	0.045021186440678
1	0.0650854936569222
1	0.0539772727272727
1	0.04019921736037
1	0.0512163892445583
1	0.0179007323026851
1	0.0801104972375691
1	0.0261958997722096
1	0.027686222808174
1	0.0699724517906336
1	0.0507987220447284
1	0.0599727396637892
1	0.0667134831460674
1	0.0261958997722096
1	0.053427065026362
1	0.0434782608695652
1	0.0343511450381679
1	0.0347721822541966
1	0.0888888888888889
1	0.053427065026362
1	0.053166897827092
1	0.0158730158730159
1	0.0575631595778702
1	0.0139664804469274
1	0.0151038388923851
1	0.0849840255591054
1	0.0133720930232558
1	0.0348982135438305
1	0.033596160438807
1	0.05
1	0.066200215285253
1	0.0368632707774799
1	0.0204207920792079
1	0.0363795110593714
1	0.0653436592449177
1	0.0176553672316384
1	0.0568682418902683
1	0.0129785853341986
1	0.0600828729281768
1	0.0251121076233184
1	0.0650854936569222
1	0.0557603686635945
1	0.0504567203131796
1	0.0323212536728697
2	0.02263296869106
2	0.05155010814708
2	0.0666111573688593
2	0.0294406280667321
2	0.0710227272727273
2	0.0512016718913271
2	0.0550052137643379
2	0.0417447150120417
2	0.0674521354933726
2	0.0278969957081545
2	0.0509878903760357
2	0.0585823081429408
2	0.0411817367949866
2	0.0206128133704735
2	0.0560646900269542
2	0.0551724137931034
2	0.0376084860173578
2	0.0441932168550874
2	0.0275689223057644
2	0.0471768202080238
2	0.0267175572519084
2	0.0782715042804729
2	0.042963370972184
2	0.0492241840556447
2	0.0458891013384321
2	0.0315442561205273
2	0.0589964719717758
2	0.0408684546615581
2	0.0689349112426035
2	0.0630769230769231
2	0.0601851851851852
2	0.0533707865168539
2	0.0519197207678883
2	0.0612736660929432
2	0.0544318857822725
2	0.0381165919282511
2	0.0408566721581549
2	0.0366184448462929
2	0.0291998483124763
2	0.0415512465373961
2	0.0449134199134199
2	0.050101557210562
2	0.0462365591397849
2	0.0694728238659583
2	0.0467638088783463
2	0.0431034482758621
2	0.0733569675484047
2	0.0681875156680872
2	0.0399084069349035
2	0.0590953307392996
2	0.0507131537242472
2	0.051507170032192
2	0.0697995853489979
2	0.0755977496483826
2	0.0414968506854391
2	0.053898670499461
2	0.0285215366705471
2	0.0596491228070175
2	0.0312151616499443
2	0.082019848219498
2	0.0596695226438188
2	0.047951176983435
2	0.0623100303951368
2	0.0548277535177098
2	0.0171597633136095
2	0.0317460317460317
2	0.06368
2	0.0313008130081301
2	0.0511727078891258
2	0.0510116842405244
2	0.0409090909090909
2	0.0306490384615385
2	0.0543051089674884
2	0.0336967294350842
2	0.04575
2	0.0404819277108434
2	0.0545209782364819
2	0.0486238532110092
2	0.0674033149171271
2	0.0549180327868852
2	0.0507227998985544
2	0.0598230088495575
2	0.0478078358208955
2	0.036911719470932
2	0.0435540069686411
2	0.0382066276803119
2	0.0632411067193676
2	0.0295109612141653
2	0.0589960886571056
2	0.0323551542513168
2	0.065848934796643
2	0.0237963475373547
2	0.0329588014981273
2	0.0310936383130808
2	0.0579447713897691
2	0.02602010644589
2	0.04865044985005
2	0.0573055028462998
2	0.053582554517134
2	0.0246753246753247
3	0.0579029733959311
3	0.0454946996466431
3	0.0670859538784067
3	0.0581570996978852
3	0.0432715168806467
3	0.0224052718286656
3	0.0750723991980397
3	0.0509277536517963
3	0.0689711934156379
3	0.0493033226152197
3	0.0474661774822288
3	0.0640748740100792
3	0.0438331854480923
3	0.0623162845385068
3	0.0257207461842849
3	0.0526113671274962
3	0.0521415270018622
3	0.0467343976777939
3	0.0625
3	0.064317482039001
3	0.0654401490451793
3	0.0528494885533366
3	0.0718799368088468
3	0.0519955030916245
3	0.0590062111801242
3	0.0552211462967809
3	0.0487071557426338
3	0.0231073274551535
3	0.063481381785554
3	0.0439445461679309
3	0.0600089565606807
3	0.0359515435717077
3	0.0483357452966715
3	0.0424132456339306
3	0.0456852791878173
3	0.052544704264099
3	0.0575959933222037
3	0.0503911224304166
3	0.0399862116511548
3	0.05
3	0.0348449910325391
3	0.0600970511384845
3	0.0444195595371407
3	0.0486663547028545
3	0.054959100204499
3	0.0555294117647059
3	0.049825378346915
3	0.0589339339339339
3	0.0506364139457665
3	0.0569671035036106
3	0.0745798319327731
3	0.0483289252224092
3	0.0312972156270235
3	0.055005753739931
3	0.0458333333333333
3	0.0328129134691717
3	0.0634828188701223
3	0.0473150582050319
3	0.0477290223248653
3	0.0472095472095472
3	0.05517578125
3	0.056848463314976
3	0.0546414787731058
3	0.0508751458576429
3	0.0497758905402218
3	0.0605167724388033
3	0.0642466148084126
3	0.0261760242792109
3	0.0597331073925016
3	0.0482434438396833
3	0.0455216016859852
3	0.0398143624816805
3	0.0509480942348209
3	0.0488385944014294
3	0.0435783879539415
3	0.052710843373494
3	0.0584642233856894
3	0.0529172320217096
3	0.0297999148573861
3	0.0381047881674605
3	0.0611866501854141
3	0.0528208586199146
3	0.0488663878494387
3	0.0217391304347826
3	0.0450052029136316
3	0.0513485477178423
3	0.0607983623336745
3	0.0497223624432105
3	0.0450829824126827
3	0.0449531163816878
3	0.0415276232851316
3	0.0627640313820157
3	0.0668157674028516
3	0.0649350649350649
3	0.0659660107334526
3	0.0717747519039926
3	0.0666027791087686
3	0.0312628547922666
3	0.0788194444444444
3	0.0296374702302196
4	0.0445189085686932
4	0.049079754601227
4	0.0317787866281469
4	0.0491803278688525
4	0.0600212464589235
4	0.0344736144258817
4	0.0338357428483544
4	0.0454456797347377
4	0.0602369980250165
4	0.0636626705250103
4	0.0601215942355325
4	0.0394954507857734
4	0.0628753753753754
4	0.0690631191621851
4	0.0532021682393094
4	0.0472065829363361
4	0.0620525059665871
4	0.0287194990282876
4	0.0634732899664893
4	0.0463880164290892
4	0.0383342526199669
4	0.0289643675765785
4	0.0634517766497462
4	0.050552599263201
4	0.0592013404077073
4	0.0572542581571927
4	0.0439686484419805
4	0.063413707993165
4	0.0526070763500931
4	0.0483732876712329
4	0.0671462829736211
4	0.0535570253266656
4	0.0481887670322366
4	0.0561169640937433
4	0.0504127876339364
4	0.0583838383838384
4	0.0508589511754069
4	0.0674480318443167
4	0.0489467162329616
4	0.0608618391825855
4	0.0566765578635015
4	0.0594466061392131
4	0.0569329660238751
4	0.0533576790424021
4	0.059263979608093
4	0.0229226361031519
4	0.0510003923107101
4	0.0607476635514019
4	0.0496277915632754
4	0.0463497453310696
4	0.0400379506641366
4	0.0535955272797378
4	0.0482827277252364
4	0.0486839841734044
4	0.0587701795755487
4	0.0495900039047247
4	0.0585664335664336
4	0.0441707368868125
4	0.0331151328455911
4	0.0616088716775216
4	0.0410060142154183
4	0.0569832402234637
4	0.0508166969147005
4	0.04916476841306
4	0.0566459627329193
4	0.0700474279460051
4	0.0614069952305246
4	0.044718983817644
4	0.0372366487016169
4	0.0657854288349216
4	0.0676946220383603
4	0.0474628926475665
4	0.040396881644224
4	0.0454618216744037
4	0.0502422393683833
4	0.0621761658031088
4	0.0756746186937818
4	0.0508707607699358
4	0.0482172547570663
4	0.0544384502206964
4	0.049777484753585
4	0.0385773428678961
4	0.0442942942942943
4	0.0473318713450292
4	0.054750054100844
4	0.0514035727305869
4	0.058299294467137
4	0.0478132789485611
4	0.050098231827112
4	0.0574763268002643
4	0.0522363695723147
4	0.0502399096810612
4	0.0466387906079125
4	0.0480602200347423
4	0.07703081232493
4	0.0591583655214474
4	0.0548643687538242
4	0.0588235294117647
4	0.050035739814153
4	0.0572760572760573
5	0.0674134419551935
5	0.0439798125450613
5	0.0611826697892272
5	0.0524743473178335
5	0.0682326621923937
5	0.057977269457632
5	0.0608646188850967
5	0.0473232230951946
5	0.0434782608695652
5	0.0466128029832194
5	0.0614505180421579
5	0.0291218637992832
5	0.0609806917627448
5	0.0481403960714861
5	0.0535170932521926
5	0.0587714639759249
5	0.0675675675675676
5	0.033167495854063
5	0.0609362389023406
5	0.048424289008455
5	0.0467097532314924
5	0.0419466134011258
5	0.071998612074948
5	0.0426841781243587
5	0.0582444626743232
5	0.0666666666666667
5	0.0484730974309258
5	0.0464077669902913
5	0.0597516435354273
5	0.0436586685910157
5	0.0536193029490617
5	0.0439954375101841
5	0.0569967809127059
5	0.0414876033057851
5	0.0535234552593511
5	0.0572027972027972
5	0.0585076837622662
5	0.0514018691588785
5	0.0583622104687215
5	0.0535862641927444
5	0.0500424088210348
5	0.0463499420625724
5	0.0739589807333748
5	0.0613414867188993
5	0.0486809045226131
5	0.0485127478753541
5	0.0541290770298404
5	0.0645419923832431
5	0.0432561307901907
5	0.0513846153846154
5	0.0652214891611687
5	0.0599624331743968
5	0.0627272727272727
5	0.0594391520193211
5	0.0620073568050447
5	0.0566697332106716
5	0.052263106479974
5	0.0480862013509167
5	0.0429809998155322
5	0.0661157024793388
5	0.0620749782040105
5	0.0566285392837052
5	0.0550170648464164
5	0.0532661508007918
5	0.048780487804878
5	0.0575670352976822
5	0.0593660908938454
5	0.0459877991553261
5	0.0449463837554187
5	0.051186943620178
5	0.0579866738699802
5	0.0420899854862119
5	0.0434399765189316
5	0.0601304525071341
5	0.0468290634187316
5	0.0479794373839783
5	0.0468636297482171
5	0.0456112852664577
5	0.0532698137721958
5	0.0694628961852344
5	0.0696312364425163
5	0.0575396825396825
5	0.0542440318302387
5	0.0612518628912072
5	0.0602750289165917
5	0.0406386066763425
5	0.06046588468528
5	0.0573345532174443
5	0.0502963075520438
5	0.0610766045548654
5	0.0665905010608781
5	0.0511785598966742
5	0.060549839770619
5	0.0428944423722492
5	0.0567449956483899
5	0.0638225255972696
5	0.0290072518129532
5	0.0453395953757225
5	0.0607310482150476
5	0.0455177206393329
6	0.0538028169014085
6	0.0438370293965962
6	0.0650581645842309
6	0.0609810645594155
6	0.0532879818594104
6	0.0458267716535433
6	0.0531931108062795
6	0.0586848635235732
6	0.051502772103881
6	0.0505050505050505
6	0.052301502780736
6	0.0510425354462052
6	0.0634517766497462
6	0.0604069520983468
6	0.064711705023509
6	0.0642201834862385
6	0.0701964901754912
6	0.0452892561983471
6	0.0546901456146292
6	0.0582716701902748
6	0.0600584639914961
6	0.0587676438653637
6	0.0655286343612335
6	0.0515480119440515
6	0.0511381853158063
6	0.0540055799123157
6	0.0405081495685523
6	0.0521013694317645
6	0.0439527129433162
6	0.0464087000505817
6	0.0596833130328867
6	0.0683760683760684
6	0.0495516035871713
6	0.0534562211981567
6	0.0539588616511693
6	0.0580123632905373
6	0.0468244508768943
6	0.0653734534901482
6	0.0548497056089247
6	0.0616830665295932
6	0.0605594405594406
6	0.0679086538461538
6	0.0522864538395168
6	0.0524035206499661
6	0.047675180091683
6	0.0489106910979657
6	0.0687610193941337
6	0.043360433604336
6	0.0597962251545014
6	0.0506101938262742
6	0.0648281836557898
6	0.0410334346504559
6	0.0587996755879968
6	0.0406860062032476
6	0.062104819446396
6	0.0495202193283071
6	0.059331345157746
6	0.0535378382289104
6	0.0475835322195704
6	0.0450253181880389
6	0.053284769998651
6	0.0632927610506086
6	0.0491463220041487
6	0.0583230198019802
6	0.0555643003305525
6	0.0679036715357284
6	0.0618782667341089
6	0.0473330978452844
6	0.0509398765963553
6	0.0536595394736842
6	0.0504549214226634
6	0.0639269406392694
6	0.0446251129177958
6	0.0668337510442774
6	0.0666083479130217
6	0.0507575757575758
6	0.0544363480497214
6	0.0387473460721868
6	0.057631160572337
6	0.0494446434969545
6	0.0681034482758621
6	0.0559583565718535
6	0.0400862068965517
6	0.054661487236404
6	0.0499729144095341
6	0.0472796043060809
6	0.055080294161789
6	0.0559860825557489
6	0.0581939799331104
6	0.0421883505715841
6	0.0577136514983352
6	0.0459298749231085
6	0.0621181262729124
6	0.0475541162433953
6	0.0583492757584039
6	0.0483992183977153
6	0.0558242644095123
6	0.0418968692449355
6	0.042573778422835
6	0.060139609808484
7	0.055340744320928
7	0.0550507749866382
7	0.0524771073021836
7	0.0473818818145107
7	0.0609892153216809
7	0.0618443522810442
7	0.0498462327011789
7	0.0611584827991767
7	0.0543655267443317
7	0.0518704809808236
7	0.0500183891136447
7	0.0485611510791367
7	0.0517305086833354
7	0.0324170899312817
7	0.0513403542364768
7	0.0637759406107643
7	0.0407002843034565
7	0.049266095044325
7	0.0504135486411973
7	0.0456413890857548
7	0.0610901109620778
7	0.0494207542519103
7	0.057209573847052
7	0.0553221288515406
7	0.0599070959474612
7	0.0581395348837209
7	0.0598373086998483
7	0.0465612449799197
7	0.0430180485818971
7	0.0473221422861711
7	0.0580757393282484
7	0.0494719288493608
7	0.0526249686008541
7	0.0548284887725582
7	0.0434349188265451
7	0.0476595744680851
7	0.0425531914893617
7	0.0605427974947808
7	0.0469996318566695
7	0.0580517390766184
7	0.0554047581031455
7	0.0504432895139101
7	0.0485541358439812
7	0.0502086030786937
7	0.0668604651162791
7	0.0583933264769741
7	0.0511192783160708
7	0.060471430334444
7	0.0483594864479315
7	0.0465116279069767
7	0.0547822182308038
7	0.0575588515444278
7	0.053972212326327
7	0.0573856014309137
7	0.0586734693877551
7	0.0417105263157895
7	0.0359133126934984
7	0.0580799045915325
7	0.0447171097477846
7	0.0600947306098283
7	0.0519922254616132
7	0.0539179562760992
7	0.0492182976259409
7	0.0353329450592118
7	0.0484873041599136
7	0.0451645399597045
7	0.0533579965850882
7	0.0658761528326746
7	0.0502631578947368
7	0.0559765338548032
7	0.0523031992566043
7	0.0591058694459682
7	0.044822256568779
7	0.0495243424734191
7	0.0544317763883781
7	0.0529683082874572
7	0.0447058823529412
7	0.048746901679978
7	0.0581047381546135
7	0.0675270108043217
7	0.0541490857946554
7	0.03986856516977
7	0.0470910138248848
7	0.0579638752052545
7	0.0580841492458322
7	0.0457581355691346
7	0.0624914908100749
7	0.0679667335818755
7	0.0542759407069555
7	0.0566769148509558
7	0.0684743905779239
7	0.050728779651329
7	0.0487665763581919
7	0.0403959763691522
7	0.0513205657779447
7	0.0582386363636364
7	0.0532818532818533
7	0.0506199522238653
7	0.0520833333333333
7	0.0488207901457113
8	0.0428108885957549
8	0.0530729917442013
8	0.0556283502084574
8	0.0450353519827851
8	0.0476807836358398
8	0.0496227139020335
8	0.0582779623477298
8	0.0582384504645989
8	0.0549980947542233
8	0.0376139817629179
8	0.0512820512820513
8	0.0524493459861503
8	0.0504212407454685
8	0.0549927641099855
8	0.0513386696108198
8	0.0485553772070626
8	0.0629409323557892
8	0.0590185676392573
8	0.0615904747905336
8	0.0661421194984018
8	0.0491373998767714
8	0.0682974085735045
8	0.0593011811023622
8	0.0627967529483841
8	0.0514469453376206
8	0.0479749932046752
8	0.0511257619106854
8	0.046761800219539
8	0.0535023348899266
8	0.0532803180914513
8	0.0534660766961652
8	0.0521410579345088
8	0.0522948539638387
8	0.0510719650416496
8	0.04860088365243
8	0.0476264834478451
8	0.0598660890114218
8	0.0583313966999768
8	0.0555088309503785
8	0.050212249848393
8	0.056760618262112
8	0.0658871859693475
8	0.0515372983870968
8	0.058493353028065
8	0.0546969331079449
8	0.0506039415130324
8	0.045315012425084
8	0.0591442953020134
8	0.052291256676975
8	0.0544176463458975
8	0.0531543624161074
8	0.0468232044198895
8	0.0591636412531935
8	0.048314470001217
8	0.0578223080637373
8	0.0466766753104954
8	0.0521985432964661
8	0.0565104488685545
8	0.0516145119062461
8	0.0514763231197772
8	0.056364712847839
8	0.0461007591442374
8	0.0525144054478785
8	0.0553784390128705
8	0.059810582664196
8	0.0557026124985614
8	0.0504990494296578
8	0.0547023733976393
8	0.0446753246753247
8	0.0557534078349503
8	0.0636021631789325
8	0.0512543835985972
8	0.0573751717819514
8	0.0606233588309168
8	0.0481972038263429
8	0.0495356037151703
8	0.0462505612932196
8	0.0503438432593746
8	0.0516922407226031
8	0.0511876881900301
8	0.0485257985257985
8	0.0513525905547914
8	0.0431719382401439
8	0.0542913249393554
8	0.0488711060302944
8	0.059601165135559
8	0.0581942661531878
8	0.054535709500201
8	0.0575249967536684
8	0.0578179291174427
8	0.051732155312718
8	0.0578345662407532
8	0.0523864959254948
8	0.056266318537859
8	0.0560686873943021
8	0.0520328865863273
8	0.0571752343669517
8	0.0510392002104709
8	0.0514777131782946
8	0.0504970178926441
9	0.0640938839990973
9	0.0500722195474242
9	0.0562898814949863
9	0.03999453999454
9	0.0522151898734177
9	0.0480162039795067
9	0.0522562400098365
9	0.0539526155289702
9	0.0630857142857143
9	0.0420198595301526
9	0.0556338028169014
9	0.0611105026831672
9	0.0398640700562018
9	0.0600180054016205
9	0.0537694634255629
9	0.0531394911643063
9	0.0459148446490219
9	0.0538085255066387
9	0.0568736519468725
9	0.0466254507985574
9	0.0614363307181654
9	0.0485349631493798
9	0.0463083284111045
9	0.0576969116590855
9	0.0652038399202094
9	0.0491924546911602
9	0.0456273764258555
9	0.0551353988777751
9	0.0517038777908343
9	0.0522334808049094
9	0.053875236294896
9	0.0550254452926209
9	0.0594652919314231
9	0.0579976985040276
9	0.0615149376617267
9	0.0528964862298196
9	0.0571657539735542
9	0.0513685302892723
9	0.0541310541310541
9	0.0492200674536256
9	0.0611482278337674
9	0.0496379196840026
9	0.0498611614149463
9	0.0448179271708683
9	0.0540699960676366
9	0.0523839796567069
9	0.0533515731874145
9	0.0526189332051898
9	0.0481806775407779
9	0.0612702366127024
9	0.0634969640835649
9	0.0566539484333449
9	0.0460701177066194
9	0.0542712325380146
9	0.0408508581097414
9	0.0603505073132165
9	0.0530236634531113
9	0.0477031802120141
9	0.0499943826536344
9	0.0487277353689567
9	0.0550997918452308
9	0.0567748091603053
9	0.049211356466877
9	0.0555484448995264
9	0.046875
9	0.0555264536406496
9	0.054750593824228
9	0.0535516707236114
9	0.0603368712505768
9	0.0499278499278499
9	0.0549512167769429
9	0.0519073721892829
9	0.047865595942519
9	0.055769760396585
9	0.047383397253495
9	0.0577308120133482
9	0.0502289077828646
9	0.051981409001957
9	0.0520115302669507
9	0.0533163265306122
9	0.0469993876301286
9	0.0558407543216344
9	0.0531781353417779
9	0.0450383568423657
9	0.0601276842716193
9	0.0607007945812166
9	0.0489249670908293
9	0.043874555847366
9	0.0474568307294726
9	0.0463860596392195
9	0.0558697127346754
9	0.0575499834309069
9	0.0602992462594218
9	0.0514180024660912
9	0.0464053859100745
9	0.0512401755639481
9	0.0496559025939651
9	0.054145319049837
9	0.0596196868008949
9	0.05460832240372
10	0.0593049460324991
10	0.0465066207342017
10	0.0600152488835639
10	0.0465001236705417
10	0.0553573625292164
10	0.0552946199829206
10	0.056873055048825
10	0.0568838675775092
10	0.0494843316144387
10	0.0574105212587077
10	0.0412810521188505
10	0.0471759359446007
10	0.0504684838160136
10	0.0562405364481938
10	0.0549081364829396
10	0.0564869193806727
10	0.0454062979124897
10	0.0563958260053934
10	0.0474058769513315
10	0.0470316114109483
10	0.0546264118158123
10	0.0581785634370105
10	0.0558604193049107
10	0.0417843026538679
10	0.0461498907314565
10	0.0519560529828524
10	0.0522469458987784
10	0.0512744222949519
10	0.0511453844409163
10	0.0526426394872334
10	0.0545454545454545
10	0.0515500234852043
10	0.0625849019988356
10	0.053034445051941
10	0.058406699592012
10	0.0538345515721081
10	0.0482180293501048
10	0.0564571428571429
10	0.0601814516129032
10	0.0544584815405372
10	0.0545275590551181
10	0.0555829430613754
10	0.0575215193332422
10	0.0566883262379565
10	0.0508689147197606
10	0.0569056785370549
10	0.0513028372900984
10	0.0515184381778742
10	0.0554136590782898
10	0.051632322296828
10	0.0511371467953136
10	0.0569564255695643
10	0.04860088365243
10	0.05775
10	0.0441664539188154
10	0.0543844450861488
10	0.0547327752736639
10	0.0548822318774297
10	0.0481635481635482
10	0.0551450465243569
10	0.0509876543209877
10	0.0608222901800883
10	0.0594604685895641
10	0.0627038400841662
10	0.0575366229760987
10	0.0505258068415327
10	0.0588829071332436
10	0.0598192958770381
10	0.0535733769776323
10	0.0467000238265428
10	0.0467829502136999
10	0.0466964729259811
10	0.0547182175622543
10	0.0582267313630348
10	0.0574209777972219
10	0.0521759205817846
10	0.0573762226479782
10	0.0533533072136437
10	0.0475350170949597
10	0.057860765329645
10	0.0667615320763667
10	0.0605957639596783
10	0.052340102074058
10	0.060276575530455
10	0.0493213138534867
10	0.0453011422637591
10	0.0614995787700084
10	0.0675931072818232
10	0.0538597205263872
10	0.054259582776693
10	0.0574234176539652
10	0.0576346474181011
10	0.0600476239776374
10	0.050212985671873
10	0.0600834178784804
10	0.051445017388176
10	0.054698138901498
10	0.0538891053109986
10	0.0487126798017648
10	0.0487778845127548
11	0.0588036878794693
11	0.0529853254172734
11	0.0527799706777941
11	0.0438056125941136
11	0.0593355270141174
11	0.0506329113924051
11	0.0551899808957758
11	0.0471882640586797
11	0.0509462817816861
11	0.0544430538172716
11	0.0454416089555071
11	0.0547651006711409
11	0.0561458333333333
11	0.0519772905246672
11	0.0548114800225099
11	0.0561213664332697
11	0.0533484676503973
11	0.0520299145299145
11	0.06040952469193
11	0.0618419707656138
11	0.0494064443188242
11	0.0558521999145664
11	0.0517357980162308
11	0.0609782608695652
11	0.0553887220553887
11	0.0598334532743909
11	0.0632183908045977
11	0.0516531225648447
11	0.0562980111543723
11	0.0564288137509895
11	0.0524917783961548
11	0.0488564081743132
11	0.0562871707731521
11	0.0661519198664441
11	0.0546472072862943
11	0.0563941299790356
11	0.0562822037257233
11	0.0502392344497608
11	0.0485977718017672
11	0.0551056893469345
11	0.0463797990208709
11	0.0513880059334605
11	0.0525987525987526
11	0.0445644834571236
11	0.0495213331757475
11	0.0500770416024653
11	0.0588464031108231
11	0.0570993914807302
11	0.0509477374821957
11	0.0477216748768473
11	0.0659390120400585
11	0.0597014925373134
11	0.055423676333987
11	0.061198221390124
11	0.0563230605738576
11	0.0529636909072101
11	0.0412986392933874
11	0.06156191369606
11	0.0567073170731707
11	0.054117169255762
11	0.0579499428808807
11	0.0581887431231485
11	0.0535016195688596
11	0.0698169846034666
11	0.050595603585902
11	0.0492340200739567
11	0.060980219226408
11	0.050653074227461
11	0.0506021550813438
11	0.0552340339120723
11	0.055461233729485
11	0.0571883289124668
11	0.0547024952015355
11	0.058590308370044
11	0.0535537190082645
11	0.0465301478953356
11	0.0586821112446727
11	0.0512853973639567
11	0.0560737643400879
11	0.0567448182127081
11	0.0609553478712357
11	0.0647119459397549
11	0.0561975428779954
11	0.0644369717349814
11	0.0518103008669046
11	0.0601641823287967
11	0.0546475995914198
11	0.0517327975891512
11	0.0461225952921496
11	0.0527971242417434
11	0.0572514816057252
11	0.0504960428045926
11	0.0532489936745256
11	0.0532612087797774
11	0.0581156442618139
11	0.0631751996242367
11	0.0494870247435124
11	0.0556150878696957
11	0.0571428571428571
11	0.0520675917021569
12	0.0537742150968604
12	0.0532822232870149
12	0.0571035067274076
12	0.0479360852197071
12	0.0531681507291263
12	0.0564809496457974
12	0.0580357142857143
12	0.055850200238121
12	0.0547457078069323
12	0.054589567327133
12	0.0600473787207745
12	0.0565195835399108
12	0.0573130649137223
12	0.0586413586413586
12	0.05917506444809
12	0.0476362324070733
12	0.0565898811402125
12	0.0521889400921659
12	0.0507282772476143
12	0.057242511284366
12	0.0572337042925278
12	0.0537078893552901
12	0.0614255994744334
12	0.0566117896972916
12	0.0473495784732648
12	0.0538172715894869
12	0.0459442976214678
12	0.0646064606460646
12	0.0609794298840973
12	0.0537084398976982
12	0.0561856752783029
12	0.0594462540716612
12	0.0537904394012554
12	0.0513775860378468
12	0.0553294467055329
12	0.0546952551121699
12	0.0597882499481005
12	0.0493706597222222
12	0.0541242937853107
12	0.0448329171126174
12	0.056187103988073
12	0.048942216608778
12	0.0496108949416342
12	0.0540624034599938
12	0.0602164363012965
12	0.0495478160477198
12	0.0529969149405024
12	0.0493141367191928
12	0.0561979648473636
12	0.0602669807616804
12	0.0554667199680192
12	0.0545454545454545
12	0.0468546637744035
12	0.059238958574892
12	0.0571691552464717
12	0.0541010618820945
12	0.0656131595970798
12	0.053241211135948
12	0.056461979630179
12	0.0517949826989619
12	0.0583588426977387
12	0.0598210570120682
12	0.0492518703241895
12	0.0557116104868914
12	0.0551629815363574
12	0.0586589172317296
12	0.0534849441987787
12	0.0545758113325681
12	0.0590021252909625
12	0.0566092230672957
12	0.0514426727410782
12	0.0561996462959324
12	0.0583653546578045
12	0.058829221093372
12	0.0499099819963993
12	0.0586262576077506
12	0.0572097691535631
12	0.0528619140849937
12	0.0526761159297652
12	0.0499515033947624
12	0.0473222979552093
12	0.0487640449438202
12	0.0481762597512123
12	0.0554190822442763
12	0.0506383589155071
12	0.0540434697474055
12	0.0583171938885302
12	0.0546655987184622
12	0.057205501295595
12	0.0635871114913031
12	0.0466019417475728
12	0.0579079032706384
12	0.0620338581744998
12	0.0459675199559593
12	0.0519108931126099
12	0.0492128151491798
12	0.05135045015005
12	0.0375755830693925
12	0.052206730265227
12	0.0445505171042164
13	0.0577483958778923
13	0.0523566029346376
13	0.0592592592592593
13	0.0606463036741921
13	0.0580089412277832
13	0.052159571178229
13	0.0570625056699628
13	0.0530945648759032
13	0.0550793181594246
13	0.0514505205701001
13	0.0514863258026159
13	0.0569061962134251
13	0.0605671376346211
13	0.0486117876278617
13	0.0566430260047281
13	0.0496534783752961
13	0.0622918054630247
13	0.0572241542839077
13	0.0587895142636854
13	0.0555821753713464
13	0.0489916479934814
13	0.0541746981840317
13	0.0502486260141324
13	0.0577697262479871
13	0.0538885486834048
13	0.0565321983715766
13	0.0516279541535653
13	0.0504054552156285
13	0.0523255813953488
13	0.0606997873574328
13	0.0573626169956445
13	0.0562252608852105
13	0.0557583803518088
13	0.0558011049723757
13	0.0574095682613769
13	0.0537378339200663
13	0.0532773651921214
13	0.0517809039209817
13	0.0519123090063585
13	0.0621802002224694
13	0.0493421052631579
13	0.0456144923758634
13	0.0537603385266397
13	0.0543085409929618
13	0.0536457390989687
13	0.0582459272483821
13	0.053941476621889
13	0.0555035567203295
13	0.0551449687322342
13	0.048702726473175
13	0.0452437507069336
13	0.0481085090600827
13	0.057746196957566
13	0.0506341094075336
13	0.0576768488745981
13	0.054014598540146
13	0.0593530517360768
13	0.0670261126969024
13	0.0614953271028037
13	0.0556489077789859
13	0.0409681227863046
13	0.0517493421693792
13	0.057475196715703
13	0.0581836327345309
13	0.0564263322884013
13	0.0583418628454452
13	0.0542865618510828
13	0.0541889170970848
13	0.0471813725490196
13	0.0590440487347704
13	0.0569893504749113
13	0.0589636121165936
13	0.0562862135565161
13	0.0536682843277191
13	0.0519595869878983
13	0.0587510660475694
13	0.0477006569551557
13	0.058008909548712
13	0.0529967819790829
13	0.0581659547396165
13	0.0570498301245753
13	0.0627858231707317
13	0.0601899827288428
13	0.0634053668962242
13	0.049547258113745
13	0.0583450210378682
13	0.0513300492610837
13	0.0549698795180723
13	0.0509547838131988
13	0.0512967748109867
13	0.0492330529440871
13	0.0458456401695133
13	0.0476671152983401
13	0.055115712545676
13	0.0525774256610762
13	0.0611328684688127
13	0.0538372215771139
13	0.0552768666795292
13	0.0504640371229698
13	0.0490943284173018
14	0.0479302832244009
14	0.055724033358605
14	0.0554094336314221
14	0.059915611814346
14	0.0615924373842705
14	0.053609844247483
14	0.0549845324817882
14	0.0527011903550717
14	0.0588235294117647
14	0.0561091225694109
14	0.0555024837600306
14	0.0592974238875878
14	0.0544374161395438
14	0.0582847626977519
14	0.060078705728028
14	0.0583902069114939
14	0.060316104228962
14	0.0537425955842757
14	0.0535824266064463
14	0.0525570695452132
14	0.0560608873213291
14	0.0611651458939136
14	0.0591242911592451
14	0.0569578680679366
14	0.0550897035881435
14	0.0567644276253548
14	0.0597489996362314
14	0.0555732653278079
14	0.0533276901915141
14	0.0622025832766825
14	0.0540807174887892
14	0.0549973084514624
14	0.053607455086944
14	0.0534274193548387
14	0.0539380365808137
14	0.0578399922231943
14	0.0552684316000422
14	0.0506365740740741
14	0.0566400323657328
14	0.0582095166447245
14	0.0490235153447589
14	0.063102541630149
14	0.0484287559190702
14	0.0610649731314118
14	0.0485090751944685
14	0.0533308206916046
14	0.0584935897435897
14	0.0578279266572638
14	0.0601066869879977
14	0.0574857253459789
14	0.0606771364470732
14	0.0592347661785546
14	0.0549828178694158
14	0.0597044530397699
14	0.0550155704444654
14	0.0444444444444444
14	0.0461815485647707
14	0.057969478592624
14	0.0501710376282782
14	0.0481340738575465
14	0.060126582278481
14	0.0567572564244777
14	0.058193108974359
14	0.0493614433407663
14	0.0579427083333333
14	0.0519655637382014
14	0.0526661043950895
14	0.0558155080213904
14	0.0524117354549975
14	0.0520208857087604
14	0.0519888991674376
14	0.0491124904715235
14	0.0532069970845481
14	0.059188858567799
14	0.0497760079641613
14	0.0555709151230301
14	0.0573732505329502
14	0.0611909295482084
14	0.0531327366215959
14	0.0521964817841007
14	0.0533170533170533
14	0.0517616785431512
14	0.0513063632532659
14	0.0599107142857143
14	0.053322166387493
14	0.0516934046345811
14	0.0571020019065777
14	0.0504972482379067
14	0.060312438204469
14	0.0545075456711676
14	0.0621621621621622
14	0.0530274888558692
14	0.048741992386965
14	0.0532479231308177
14	0.055941158189164
14	0.0648496240601504
14	0.0562925779849408
14	0.0605531295487627
14	0.0512948705129487
14	0.0594023652613524
15	0.0554997992773986
15	0.0498909228872238
15	0.0546832207412817
15	0.0521005142136412
15	0.0582613490167249
15	0.0530758781292451
15	0.0561166242206024
15	0.0530009427045145
15	0.0611623797368938
15	0.059030394373273
15	0.0538068334678504
15	0.0563312469908522
15	0.055259539360605
15	0.0568322432384656
15	0.0573870573870574
15	0.0572102367018954
15	0.0564274698357979
15	0.0522990886495443
15	0.0520525147928994
15	0.0575311038559958
15	0.060495957852666
15	0.0542338893446359
15	0.0615776528460998
15	0.0587912690578041
15	0.0595334803295811
15	0.0581142339075249
15	0.064687557265897
15	0.0575771533855366
15	0.0549927641099855
15	0.0562856883893773
15	0.0557360406091371
15	0.0523790483806477
15	0.04999054999055
15	0.0493506493506494
15	0.0541174426685198
15	0.0520449438202247
15	0.0518061317413741
15	0.0579736483416629
15	0.0579853909279466
15	0.0521067553035487
15	0.061444353145257
15	0.0620622251180974
15	0.0498203360202001
15	0.0569304839935805
15	0.0502260170768458
15	0.0474112279309661
15	0.0623084780388151
15	0.0574204946996466
15	0.0568742436935679
15	0.048548766669572
15	0.0536906351325577
15	0.0524552503110941
15	0.055010511562719
15	0.0540217282966211
15	0.0610983577609041
15	0.0534801862155104
15	0.0537351366070618
15	0.0554428668018932
15	0.061391157420445
15	0.0502729988667972
15	0.0602951763858891
15	0.0551563410370946
15	0.0536463447290904
15	0.0588594349494245
15	0.0541801561607313
15	0.0550067588645108
15	0.056664352655328
15	0.0568795959953929
15	0.0654353072210878
15	0.0529644268774704
15	0.0555456490727532
15	0.0537615939539677
15	0.0545853370454737
15	0.0600217273221076
15	0.0503075369503351
15	0.0542615140285866
15	0.0512954723894269
15	0.0479177377892031
15	0.0537602529894258
15	0.0616937745372967
15	0.051431383807727
15	0.0519886641258673
15	0.0583457070486505
15	0.061000369139904
15	0.0553973357831879
15	0.0552925582276084
15	0.049781976744186
15	0.05597162002365
15	0.0613502749857766
15	0.0574775265595206
15	0.0670926517571885
15	0.0600187027118932
15	0.0599231306778477
15	0.0570015859688404
15	0.0533633604229903
15	0.0527522935779817
15	0.0580731489741302
15	0.0564204263758057
15	0.0542594082417091
15	0.0561089280818788
16	0.0568133276377616
16	0.059645852749301
16	0.0534222045364107
16	0.0513256628314157
16	0.0583935328517372
16	0.0591010464916795
16	0.047401802603761
16	0.0573733345418291
16	0.0548158227232967
16	0.0569744597249509
16	0.0593108018555335
16	0.0589788732394366
16	0.0631290835246336
16	0.0597844112769486
16	0.0574233128834356
16	0.0573541347281089
16	0.0553830227743271
16	0.061173417369543
16	0.0516538287267784
16	0.0486297689414293
16	0.0618556701030928
16	0.0593811855401604
16	0.0606422958660745
16	0.055090234003972
16	0.055307070359539
16	0.0527128964827774
16	0.0593944790739092
16	0.0564176245210728
16	0.0594599770202987
16	0.0612154891064656
16	0.0525691338870129
16	0.0520566817555599
16	0.052368117058144
16	0.0562828475871954
16	0.0597868468936834
16	0.0517918507609229
16	0.0531607857741365
16	0.0567788745465283
16	0.05792
16	0.0520361990950226
16	0.0563115908024402
16	0.0637278858371616
16	0.0519759095784176
16	0.0601748511904762
16	0.0507260596546311
16	0.0526264967168791
16	0.0616702355460385
16	0.0574889270541444
16	0.0598706934726774
16	0.0508819538670285
16	0.0596013018714402
16	0.0534098037458554
16	0.055338904363974
16	0.0540171606864275
16	0.0582300374747766
16	0.0578554898431473
16	0.0658241658332576
16	0.0629359016937894
16	0.0557907213003725
16	0.0631900798369288
16	0.0598745812215445
16	0.0491479820627803
16	0.0539289761994711
16	0.0556835252879319
16	0.0635810682379776
16	0.0592166326341192
16	0.0521327014218009
16	0.0488646684831971
16	0.0586475164572113
16	0.0527428187145739
16	0.0598019421209499
16	0.0473711077080143
16	0.0453930244664237
16	0.0631989596879064
16	0.0533320747592977
16	0.0501049818667685
16	0.0552800072143566
16	0.057687171726164
16	0.0601170420287285
16	0.0567223274229644
16	0.0536690260729325
16	0.0536168665939658
16	0.0553517567457406
16	0.0533798517226341
16	0.0604480164158687
16	0.0532295006871278
16	0.0511932956822736
16	0.0543400924937745
16	0.0580263409047528
16	0.0593299644394535
16	0.0560007284647605
16	0.052880750334971
16	0.054953560371517
16	0.0550040518638574
16	0.0524534686971235
16	0.0501304509877003
16	0.0562427694224437
16	0.0564610011641444
16	0.0621756941283568
16	0.0479802768822302
17	0.049934296977661
17	0.0556595744680851
17	0.0597672778561354
17	0.0557103064066852
17	0.0521840315073398
17	0.0620519159456119
17	0.0539937075002537
17	0.0534928734823157
17	0.0587289578210706
17	0.0558765197896008
17	0.0633686461269317
17	0.0599787251452418
17	0.05601642008039
17	0.0569860359996771
17	0.0562981322474993
17	0.0539986965831859
17	0.0529386529386529
17	0.0498142519419115
17	0.0578155028827675
17	0.0564508868281264
17	0.0493760660741539
17	0.0487245123135316
17	0.0518859725360681
17	0.0551552581917996
17	0.0500839148485116
17	0.054090947871342
17	0.0558591866259444
17	0.0531276063386155
17	0.0519003931847969
17	0.0564924815153277
17	0.0584481021162244
17	0.0567944633637262
17	0.0617389082857873
17	0.0573861532765642
17	0.0527921597633136
17	0.0523665659617321
17	0.0507636620464377
17	0.0594411979547115
17	0.0583212364443685
17	0.0563970351272962
17	0.0545888172422931
17	0.0576247364722417
17	0.0643385515224497
17	0.0575698620445702
17	0.0546964961342326
17	0.0549613009826941
17	0.0633746323201711
17	0.057344929752461
17	0.0506139282032056
17	0.0693615884605111
17	0.0556310781135627
17	0.0559108350082222
17	0.0547208121827411
17	0.0576515081634536
17	0.0533927596871021
17	0.0537946608597468
17	0.057069916824508
17	0.0559749585711655
17	0.0546200529959826
17	0.0598210080075365
17	0.0505858816804801
17	0.0529411764705882
17	0.054715997915581
17	0.0488505747126437
17	0.0608612744319085
17	0.0531333968969403
17	0.0555461759243627
17	0.0568862275449102
17	0.0498094972586191
17	0.0600951145698227
17	0.0629209921546874
17	0.0581616913165774
17	0.0543156762570583
17	0.0580167899592719
17	0.0574556564542137
17	0.0528554620327631
17	0.054562828475872
17	0.0563148201996704
17	0.0522532485485209
17	0.0552435241847598
17	0.0527876631079478
17	0.058371298405467
17	0.0517098273572377
17	0.0528696886365652
17	0.0610298278231347
17	0.0667545015371102
17	0.0604724964739069
17	0.0585254372019078
17	0.0549314389558896
17	0.05166015625
17	0.0521928578194563
17	0.0544978165938865
17	0.0579739217652959
17	0.0546069168761376
17	0.0540352100400906
17	0.0526659209545116
17	0.0592771532100715
17	0.0565865024548556
17	0.0591664491429566
17	0.0573079473335228
18	0.0576373718702739
18	0.0532203093594337
18	0.0554183135704875
18	0.0585500258308937
18	0.0586522818734481
18	0.054397950469684
18	0.0480843653250774
18	0.056610256850786
18	0.057173201168245
18	0.060376243474835
18	0.0520797227036395
18	0.0501043841336117
18	0.05594215996385
18	0.05717427157779
18	0.0550833333333333
18	0.0580309167562206
18	0.057449494949495
18	0.0605070223478491
18	0.0627892760457602
18	0.0610190628897203
18	0.0600018209960849
18	0.0520366218236173
18	0.0544085687674635
18	0.0536864060941326
18	0.0610663117513505
18	0.0551059066643706
18	0.0569603866402002
18	0.0579497365921064
18	0.0502776064157927
18	0.0571503818804319
18	0.0551556745898895
18	0.06086015688396
18	0.0515287769784173
18	0.0521245948865682
18	0.0590941540414056
18	0.0589730108657553
18	0.0613929492691316
18	0.0578739204132698
18	0.0548700691718078
18	0.0534822482520657
18	0.0556231003039514
18	0.0549733999677575
18	0.0486832986832987
18	0.057737556561086
18	0.0562659846547315
18	0.0569692700537114
18	0.0581828083870382
18	0.0550952775476388
18	0.0565531129384125
18	0.0569296554037059
18	0.0512891856798368
18	0.0631526188288364
18	0.0579306855552745
18	0.0625459896983076
18	0.0642409470752089
18	0.0558832908163265
18	0.0527490039840637
18	0.053644993730969
18	0.0562403697996918
18	0.0539143279172821
18	0.0608786442855996
18	0.0546322651730787
18	0.0586977967773759
18	0.0494749787153533
18	0.0575689410980588
18	0.0560977679708054
18	0.0569744597249509
18	0.0510936284256938
18	0.0525099601593626
18	0.052045853903439
18	0.0579519006982157
18	0.0570703868103995
18	0.0543671260674727
18	0.0572565300121086
18	0.0476022255585975
18	0.0588335898751497
18	0.0554011809656131
18	0.0560926748541068
18	0.058649448479957
18	0.0539429323246444
18	0.057345168046275
18	0.0640462029135419
18	0.0614842686734449
18	0.0542740841248304
18	0.050104748603352
18	0.0523766816143498
18	0.0588438011544757
18	0.0556762410491592
18	0.0569112701560748
18	0.0463784183296378
18	0.0606798153587914
18	0.0562008882815169
18	0.0534581218274112
18	0.0597312095569935
18	0.0582161151313115
18	0.0570464135021097
18	0.0560329067641682
18	0.0561980778628441
18	0.0564734679604861
18	0.0537539654564681
19	0.058901338313103
19	0.0607523302263648
19	0.0570112752104177
19	0.0605828872461552
19	0.0582291744629893
19	0.057321082356908
19	0.0589561586638831
19	0.0546218487394958
19	0.0578088578088578
19	0.0607364074328975
19	0.0614397839480125
19	0.0547624808452295
19	0.0543954193331088
19	0.0522139056722879
19	0.0615028306742151
19	0.0637638617090672
19	0.0620167525773196
19	0.0564470607209096
19	0.0582342401042515
19	0.0553206179338914
19	0.0552789264916871
19	0.0510979032524352
19	0.0616743866872534
19	0.053457853634973
19	0.0501965280052407
19	0.0525503643377625
19	0.061384278108362
19	0.0581643999657856
19	0.0586215158533663
19	0.0566248702180337
19	0.056361299798054
19	0.0611292580494634
19	0.0584537513266389
19	0.0529920104353497
19	0.0592552111796393
19	0.0562378797672915
19	0.0443017656500803
19	0.0609289617486339
19	0.0590913070121684
19	0.0475903095094405
19	0.0607997377908882
19	0.0500449236298293
19	0.0567191689008043
19	0.0565146705891461
19	0.0561501868841318
19	0.0566903236974208
19	0.056687180376181
19	0.056353948005813
19	0.0552167738701863
19	0.0595963933018463
19	0.0545855717574827
19	0.0620428958829813
19	0.0513376036171816
19	0.0478997789240973
19	0.0513954797715756
19	0.0568288119738073
19	0.0645346925353502
19	0.0541683948569058
19	0.0578323826239579
19	0.0560038347846928
19	0.056450953121165
19	0.0627532109300922
19	0.0546723536254362
19	0.0601354042214257
19	0.0541282921312005
19	0.0586267325155329
19	0.0618261455525606
19	0.0584620494934396
19	0.0603259166405515
19	0.0586515028432169
19	0.0550148465852854
19	0.0612412284698806
19	0.0607594936708861
19	0.0615314076111875
19	0.0575452016689847
19	0.0555503861542756
19	0.0571130071391259
19	0.060451391658027
19	0.0556085918854415
19	0.0565834232141376
19	0.0517348478125832
19	0.0600965540203096
19	0.0547107697131212
19	0.0606346956453264
19	0.0566118533744433
19	0.0564274075979762
19	0.0595218329736012
19	0.0615257731958763
19	0.0603410960090036
19	0.0559859804464121
19	0.0555963752143032
19	0.0588281189045799
19	0.061233365225711
19	0.0590516481579411
19	0.0566763549324671
19	0.0509835053365088
19	0.056830158086745
19	0.0521081264875893
19	0.0596583876557472
19	0.0569948186528497
20	0.0539944453520667
20	0.0602788298815376
20	0.0570835495588998
20	0.0565120685394184
20	0.0583983572895277
20	0.0580292557466645
20	0.0584848990488904
20	0.0529524156127741
20	0.0576596467391304
20	0.0655438840177099
20	0.053982883475971
20	0.0608261858918257
20	0.0525021949078139
20	0.0576358930112166
20	0.0565358917252013
20	0.0574432953854176
20	0.0590252851559384
20	0.0580099259620861
20	0.0581858759764068
20	0.0564704054683859
20	0.0604048582995951
20	0.0548819990745025
20	0.0523801399078656
20	0.0561472267189231
20	0.0580779581560899
20	0.0550585556278465
20	0.0586544962812711
20	0.0534673536616268
20	0.0482440890125174
20	0.0577824971241483
20	0.0539811066126856
20	0.0544774171090419
20	0.0550982697799429
20	0.05947602714734
20	0.0491788321167883
20	0.0600228347740988
20	0.0586716164958438
20	0.0543292265571526
20	0.053447822658372
20	0.0525196486361535
20	0.0555264078349073
20	0.0561547962124331
20	0.058081216631613
20	0.0524448948568533
20	0.0525811856698316
20	0.0515759312320917
20	0.0525070955534532
20	0.0515182265240809
20	0.0616940581542351
20	0.0536779324055666
20	0.0618650367555959
20	0.060534875316227
20	0.0585209003215434
20	0.0599526066350711
20	0.055319490098613
20	0.0572512786668867
20	0.051551724137931
20	0.0589224241453847
20	0.0568542327600601
20	0.0618136439267887
20	0.058173356602676
20	0.0618159395714506
20	0.0612322708555742
20	0.060546715626275
20	0.0587440381558029
20	0.057808524173028
20	0.0613102383810667
20	0.0587298613713001
20	0.0546693110287143
20	0.0614595660749507
20	0.0543913350600424
20	0.0594428247489472
20	0.0579963315573413
20	0.0619476475044188
20	0.0563788659793814
20	0.0533191149026926
20	0.0525637485040965
20	0.0642246248184605
20	0.0595886513291602
20	0.0580015612802498
20	0.053948397185301
20	0.0511705376145091
20	0.0555749432908742
20	0.062975554476283
20	0.0497269890795632
20	0.0555605101221796
20	0.0577714466603355
20	0.0526178010471204
20	0.0544161429043996
20	0.0556674338319908
20	0.0492951341518872
20	0.0545694587061757
20	0.0604524886877828
20	0.0606485812285625
20	0.0557808491268725
20	0.0533028410590201
20	0.0639865996649916
20	0.055164131305044
20	0.0583193142674037
20	0.0516621743036837
21	0.0603434937335603
21	0.0560006103608759
21	0.0550233149639678
21	0.0542183520906925
21	0.0574260422183551
21	0.0489001840329507
21	0.0600481761871989
21	0.0622236514189244
21	0.0610744297719088
21	0.056792213288193
21	0.056672760511883
21	0.0521590807074244
21	0.0544794188861985
21	0.0569293154170311
21	0.0606060606060606
21	0.0587896727511922
21	0.0630685727390872
21	0.0561939109284576
21	0.0595352564102564
21	0.0572891662666027
21	0.0567938446894582
21	0.0505655355954757
21	0.0570913932179497
21	0.0578261217307846
21	0.0554939902821584
21	0.0597739573384273
21	0.0579080423447622
21	0.0568642160540135
21	0.0569935691318328
21	0.055074020096648
21	0.0563751751421742
21	0.0566518141311267
21	0.0561472915398661
21	0.0500768326855283
21	0.0577913715389569
21	0.06265974750213
21	0.063125355893598
21	0.0639858167459102
21	0.0615924684857188
21	0.0622017309714471
21	0.0573688592839301
21	0.0508209538702111
21	0.0630853375290327
21	0.0610477221620721
21	0.0564966965949517
21	0.0549583771114524
21	0.0568556222015713
21	0.0590077071290944
21	0.0590049829945424
21	0.0504749195384253
21	0.063472262987966
21	0.0606868194624229
21	0.0599399717514124
21	0.058659217877095
21	0.0567536889897843
21	0.0579383600225316
21	0.0571906608867594
21	0.0628494920059857
21	0.0533366616741554
21	0.0571092634584698
21	0.0544574756007545
21	0.0591141254291217
21	0.0580193927833413
21	0.0581005586592179
21	0.0579330175913396
21	0.0538551859099804
21	0.0588866864882722
21	0.0496267738495611
21	0.0520654715510522
21	0.0595069635808446
21	0.0594859051021201
21	0.0536199864038069
21	0.0553874600773239
21	0.0604444444444444
21	0.0553040390590324
21	0.0545595653861079
21	0.0574202040144784
21	0.0543363764044944
21	0.057061887254902
21	0.0541708820012876
21	0.0561778240861335
21	0.060663657242417
21	0.0642717688402968
21	0.0507324044301536
21	0.0475757300100064
21	0.055143071660966
21	0.051528740317978
21	0.0570512342456559
21	0.0670414152269158
21	0.0597217780620403
21	0.0562090471303387
21	0.0479021572957364
21	0.0582383102471876
21	0.0532923855116972
21	0.0581854043392505
21	0.0602082786383128
21	0.0580539656582175
21	0.0578110058245675
21	0.0556374035878326
21	0.0613931523022432
22	0.0541519434628975
22	0.0594402707834558
22	0.0567132467107951
22	0.0567436115185671
22	0.0530655074201769
22	0.0615254951538137
22	0.0544795259573715
22	0.0586422073528306
22	0.0606914407554066
22	0.0619869324845033
22	0.0596036946396147
22	0.0558520925195328
22	0.0539116691544473
22	0.0566769571756511
22	0.0585589269649137
22	0.0544450493894377
22	0.0586427656850192
22	0.0590530100206533
22	0.0548492844007356
22	0.0535714285714286
22	0.0565822895681878
22	0.0567669450809372
22	0.0625950714937633
22	0.0588812561334642
22	0.0600949729818241
22	0.0518703241895262
22	0.0623396226415094
22	0.060029046312732
22	0.0559666975023127
22	0.0631689064134546
22	0.0549944768818053
22	0.0603312302839117
22	0.0602786910912792
22	0.0593097571367703
22	0.0588654729836793
22	0.0625983956818352
22	0.0548462217939452
22	0.0551935607512457
22	0.0588280411105998
22	0.0661348430262481
22	0.0608016575025898
22	0.0541393916056989
22	0.0559165663858805
22	0.0586255479023168
22	0.0609935673874293
22	0.0605722779635823
22	0.0600875770353552
22	0.0553829423644555
22	0.0537342678423393
22	0.0635345666991237
22	0.0537359729951647
22	0.0544822568911163
22	0.0553141050967997
22	0.0584620233217775
22	0.0562937907707176
22	0.0575825266815587
22	0.0594888034381362
22	0.056884804309935
22	0.0566037735849057
22	0.0571517801374141
22	0.0513548387096774
22	0.0543460861213382
22	0.0596645367412141
22	0.0590256089943785
22	0.0535840742780707
22	0.0548622736265409
22	0.0588980902484367
22	0.0588235294117647
22	0.0499532418952618
22	0.0608837970540098
22	0.062798852406758
22	0.0600922091115105
22	0.0559837384602355
22	0.0633555239733712
22	0.0591815000760688
22	0.0562973373936129
22	0.0553669576462981
22	0.0452904496225796
22	0.0596553966189857
22	0.0610492845786963
22	0.0495172072295123
22	0.054679369145785
22	0.0557260137656522
22	0.0597539543057996
22	0.0574227581009797
22	0.0533628318584071
22	0.0546998271846119
22	0.050530612244898
22	0.0503220266208673
22	0.0607469015003262
22	0.0641598119858989
22	0.0567534931861308
22	0.0615983141514022
22	0.0616283599532528
22	0.0612305411415864
22	0.0604496253122398
22	0.056942898043582
22	0.0555643752976663
22	0.0591351037585256
22	0.0564161095711723
23	0.0618620958317102
23	0.0584356525693497
23	0.0582319925163704
23	0.0555911054231323
23	0.0585153542355122
23	0.0607118463990286
23	0.0588235294117647
23	0.0538158929976397
23	0.0550920598388953
23	0.0574819475226997
23	0.0591194968553459
23	0.0596205962059621
23	0.058998117851455
23	0.0619922706838079
23	0.0572560596643878
23	0.0582153292874803
23	0.0559664506290507
23	0.0553715097018457
23	0.0588413709432818
23	0.0553230666220288
23	0.0588191218342575
23	0.0567695777276616
23	0.0610739275935503
23	0.0618771124014213
23	0.0550231592397381
23	0.0590979782270607
23	0.0544830217474246
23	0.0559451104576642
23	0.0605312936919155
23	0.0644174185955277
23	0.0542490044330904
23	0.0586683222101506
23	0.0546944020560598
23	0.0509493670886076
23	0.060457647531112
23	0.0518700287696734
23	0.0554604029035152
23	0.055237505802259
23	0.0572785052454246
23	0.0580802134840279
23	0.0582680978129287
23	0.0556103170691638
23	0.0520468726221275
23	0.061378434175004
23	0.0548546790162887
23	0.0594533426183844
23	0.0609981515711645
23	0.0574655783658999
23	0.0567811386551437
23	0.0554479418886199
23	0.0594621268196398
23	0.0525164113785558
23	0.0633426406063023
23	0.0535547041294168
23	0.0586138613861386
23	0.0551955656179249
23	0.0596070843875577
23	0.0524389205754661
23	0.0639460876076376
23	0.0594185583432895
23	0.0585567977484169
23	0.0618036072144289
23	0.0593373731014402
23	0.0591959722328171
23	0.0560447003047748
23	0.0529681862905871
23	0.0589684494953509
23	0.0618439068918302
23	0.0568993506493507
23	0.0603114318268135
23	0.0597667638483965
23	0.053946132164109
23	0.056585292344786
23	0.05145076898684
23	0.0563391832048548
23	0.0580424584559116
23	0.0591422820870104
23	0.059608745684695
23	0.0606469002695418
23	0.0559006211180124
23	0.0611356932153392
23	0.0529371323810251
23	0.0632699619771863
23	0.0598960295336397
23	0.0580324513959947
23	0.0550734041690324
23	0.053792995131145
23	0.0562234540349867
23	0.0577525616055551
23	0.0593726661687827
23	0.0597245987126212
23	0.0560755269797347
23	0.0594668489405332
23	0.0520580164641317
23	0.059342547044585
23	0.0536641221374046
23	0.061112800243235
23	0.0557587519593939
23	0.0573700872519497
23	0.0598952224567988
24	0.0565995019243831
24	0.061377585814958
24	0.0583011583011583
24	0.0574013753166848
24	0.0534577224937065
24	0.0562324982971316
24	0.0573322031286122
24	0.0642390426547243
24	0.058444883329676
24	0.0554990215264188
24	0.0525296538368434
24	0.0576084461785632
24	0.0593040352883516
24	0.0576338074488202
24	0.0586999057902747
24	0.05375
24	0.058597266552091
24	0.0561122244488978
24	0.0540028422548555
24	0.0611438313701178
24	0.0549104801857817
24	0.054136966525309
24	0.0570092091799445
24	0.0579330660338761
24	0.0576687116564417
24	0.0596016420860575
24	0.0588858983769676
24	0.0552344782034346
24	0.0630693763139453
24	0.0580149286822851
24	0.0532983508245877
24	0.0603809373271161
24	0.0583585212741223
24	0.0556598813190115
24	0.0632128514056225
24	0.0555684186154202
24	0.0563239588135854
24	0.0574045801526718
24	0.0518553758325404
24	0.0592006033182504
24	0.0611547411285631
24	0.0581578355692123
24	0.056787792984112
24	0.0598705501618123
24	0.05796882094748
24	0.0560378847671665
24	0.0598317232782798
24	0.0597468770545694
24	0.0560006283380459
24	0.0524428150155416
24	0.0535574053714465
24	0.0590005599104143
24	0.059334637964775
24	0.0563804605121584
24	0.0615137122721005
24	0.054483541430193
24	0.0584817674489718
24	0.0547705985076996
24	0.0565670712729536
24	0.0582748948106592
24	0.0569175515302936
24	0.0563305668373654
24	0.0587931543228091
24	0.0559032716927454
24	0.0588380108321024
24	0.0511579675077774
24	0.0580931943592888
24	0.0561208010335917
24	0.0569926911390326
24	0.0519687549816675
24	0.0563677585802517
24	0.0618737658158414
24	0.0605588789641891
24	0.0596031393454761
24	0.0588500563697858
24	0.060533052251167
24	0.0594871794871795
24	0.0586621479867667
24	0.0633983961264942
24	0.058288334936016
24	0.0541838649155722
24	0.0597774010466573
24	0.0562510160949439
24	0.0528915086824916
24	0.0583217904789677
24	0.0557493932038835
24	0.0577864838393732
24	0.0552156072277014
24	0.0555758683729433
24	0.0562089382756103
24	0.0571532316630356
24	0.0603744745892243
24	0.0608235738571968
24	0.0634372243457807
24	0.057270958463751
24	0.0567179793752802
24	0.0566740703589597
24	0.0520160711723346
24	0.0596313157698336
24	0.0631633254716981
25	0.0560671922198482
25	0.0548394477919304
25	0.0533502462319057
25	0.0562553790783194
25	0.055536968885915
25	0.0535826032540676
25	0.0592538405267008
25	0.0611625114767992
25	0.0596051924110915
25	0.054608229988726
25	0.0631978242198683
25	0.0586145648312611
25	0.05443186255369
25	0.0572845156369184
25	0.0581678310699427
25	0.0601503759398496
25	0.0576719949299345
25	0.0546982429335371
25	0.0594939430865171
25	0.0596304365367546
25	0.0623910241831552
25	0.0585907670947588
25	0.0537568253479966
25	0.0582140727489565
25	0.0600959763750461
25	0.0570519288985485
25	0.0609894796701734
25	0.0578007518796992
25	0.0565897244973939
25	0.0564832292725425
25	0.0596914822266935
25	0.0616541353383459
25	0.0635933467163751
25	0.0564601236243027
25	0.0544492843808339
25	0.0597587281297435
25	0.0554259950248756
25	0.0573693012433651
25	0.0606332138590203
25	0.0609416251100029
25	0.0582998503111951
25	0.0551856902221866
25	0.0636010066346374
25	0.0585770983389681
25	0.0634701091132626
25	0.0591200403254843
25	0.0587677725118483
25	0.0567991472514086
25	0.0568024157349221
25	0.0609783673777041
25	0.0587234042553191
25	0.060588479071695
25	0.0588496557850322
25	0.0603552828707997
25	0.0589870290302656
25	0.060414788097385
25	0.0615655907383271
25	0.0640394088669951
25	0.0586098846318188
25	0.0543511685116851
25	0.0601582325720257
25	0.0608689468818886
25	0.0582314345362362
25	0.0686197263806318
25	0.0601000441371193
25	0.0564522072370845
25	0.0584707646176912
25	0.0623778855199363
25	0.0634873544463398
25	0.0582310124255569
25	0.058993592748867
25	0.0642195192586157
25	0.0575304022450889
25	0.0553938154064049
25	0.0557640348243771
25	0.0600411039342337
25	0.0589143865842895
25	0.060184485105096
25	0.0605690746815165
25	0.0594326879783881
25	0.0576386269332327
25	0.0551115170891376
25	0.055490739390404
25	0.0617093262724331
25	0.0561123766135156
25	0.0546435628514972
25	0.060362343379614
25	0.0523998238661383
25	0.0556657007777947
25	0.0546800382043935
25	0.0563159075611398
25	0.0587539157674904
25	0.0560703254929912
25	0.0603635853162069
25	0.0587871287128713
25	0.0661005782885587
25	0.0533088235294118
25	0.0567633746382726
25	0.0619127008184298
25	0.0542222222222222
26	0.0580955154338963
26	0.0565300651091536
26	0.0579907043260636
26	0.0585212674850128
26	0.0611885649908464
26	0.055892786756011
26	0.060575466935891
26	0.0625662778366914
26	0.0560594795539033
26	0.0539136083143878
26	0.0553893257254192
26	0.0576806773510735
26	0.0555680708868364
26	0.0591430295715148
26	0.0572228051766352
26	0.0587963319719504
26	0.0565915472676219
26	0.0509923017162229
26	0.0571560979377462
26	0.055333538272364
26	0.0537018904873089
26	0.0538945712037766
26	0.060697247706422
26	0.057857486428915
26	0.0597742992355297
26	0.0579842832074464
26	0.060406054953727
26	0.0633658690176322
26	0.0601459423601386
26	0.0663188737225756
26	0.0595051207296105
26	0.0610002891008962
26	0.0569312322997604
26	0.0562522918958563
26	0.052044060028092
26	0.0583956774729842
26	0.0564434113032108
26	0.059854520263249
26	0.0589076136021667
26	0.0537948967983098
26	0.060302677532014
26	0.0578307656576604
26	0.0555474770975716
26	0.0554250477169285
26	0.0555941143808995
26	0.0580685444706535
26	0.0555424990207599
26	0.0619448520892871
26	0.0533073053532548
26	0.0581282262287723
26	0.0566578175213078
26	0.0557493875733056
26	0.0614569156937182
26	0.0568245125348189
26	0.0559965362967239
26	0.0563480741797432
26	0.0618090801640826
26	0.0616667907946675
26	0.0627069834413247
26	0.056988082340195
26	0.0580937089475989
26	0.0559175198682609
26	0.0603278190924268
26	0.0520860781730347
26	0.0550293188994136
26	0.0609857347724357
26	0.0577689243027888
26	0.0633833922261484
26	0.0593476074148585
26	0.054714601072217
26	0.0550232685464002
26	0.060694072088174
26	0.0567470956210903
26	0.0566265971119679
26	0.060194026430372
26	0.054429876837505
26	0.0597014925373134
26	0.0609482446615997
26	0.0618370570977206
26	0.0601201037259451
26	0.0575823865641098
26	0.0570085218924478
26	0.0595771437554036
26	0.0637837837837838
26	0.0633158813263525
26	0.0600596233549044
26	0.053385518590998
26	0.0556947526666189
26	0.0608023555391976
26	0.0518181818181818
26	0.0592832915499189
26	0.0573874893857911
26	0.0584747646928037
26	0.0599340725202277
26	0.0596715197590189
26	0.0575746671464556
26	0.0552655131264916
26	0.0572667464114833
26	0.0537767147596636
26	0.0579754367228622
27	0.061706842140603
27	0.056466041651757
27	0.0559243044767688
27	0.0603557814485388
27	0.0598664517614552
27	0.0555634301913537
27	0.0552637419545757
27	0.0580238262088297
27	0.0617789356159285
27	0.0597093197482769
27	0.0529177515699188
27	0.0585403726708075
27	0.0500425400262975
27	0.0573687264287786
27	0.0591234941985071
27	0.0603236880823933
27	0.0544348857905666
27	0.0623727279583679
27	0.0578616352201258
27	0.0573410731983576
27	0.0541160284338454
27	0.057308908997278
27	0.0604942568743474
27	0.0517228492413484
27	0.0572811918063315
27	0.055069597626835
27	0.0530597288384023
27	0.0617184643510055
27	0.0637895960476606
27	0.0563964656165962
27	0.0550822561692127
27	0.0561797752808989
27	0.0571038643873007
27	0.0574920451258316
27	0.0593550282817895
27	0.0584153508461375
27	0.0564596716630978
27	0.0534031413612565
27	0.0559618197213455
27	0.0573234834493536
27	0.0585612815475291
27	0.0571113039362625
27	0.0610715073124127
27	0.0574971815107103
27	0.0601636337988433
27	0.0543430496557785
27	0.0586096256684492
27	0.0564010040790712
27	0.0602103735944868
27	0.0549952146064934
27	0.0543197102948784
27	0.0609664308294445
27	0.0555993408325571
27	0.0563915375446961
27	0.0536599382228288
27	0.0643688655558092
27	0.0657251908396946
27	0.054555817930136
27	0.0558851534461291
27	0.0561740890688259
27	0.0599701216475777
27	0.0529350104821803
27	0.0586590175690212
27	0.0600558659217877
27	0.0611510791366906
27	0.0537134756241632
27	0.0585362400906002
27	0.0618499514630426
27	0.0517174234753486
27	0.0636095737799181
27	0.0564199277070564
27	0.0549754954187087
27	0.0507066996726024
27	0.0588536335721597
27	0.0595111583421892
27	0.0624770034586798
27	0.0559935639581657
27	0.0618799514667047
27	0.061111521145472
27	0.0625092250922509
27	0.0641450091044529
27	0.0587562871513489
27	0.0636403766921719
27	0.0568971694733071
27	0.0604026845637584
27	0.0628008590683552
27	0.0572349240448059
27	0.0553535059645039
27	0.0606037505717335
27	0.0578236234200203
27	0.0564704054683859
27	0.0609773371104816
27	0.0589409850613814
27	0.0555993973742736
27	0.0575251341749187
27	0.0559088089330025
27	0.0558432785408692
27	0.0582597539808316
27	0.0593233431175653
27	0.0521964195844417
28	0.0668569911034391
28	0.0608347451101186
28	0.0584893291572584
28	0.057802668879209
28	0.0604595820629137
28	0.0536618041083656
28	0.0604060913705584
28	0.0594977754317171
28	0.0592026903944511
28	0.057161971307515
28	0.0604523050159467
28	0.0592709529276693
28	0.0535259133389974
28	0.0576632406287787
28	0.0619348356537965
28	0.0624681470695304
28	0.058330241187384
28	0.0567116060961313
28	0.0587834770767136
28	0.0569749039113724
28	0.0551798561151079
28	0.0537372843874392
28	0.0608547232981028
28	0.0630958686440678
28	0.0545179202423019
28	0.0576824910668709
28	0.0584832904884319
28	0.0606357652989777
28	0.0587578506629449
28	0.0542948628706669
28	0.0555032925682032
28	0.0605639242950946
28	0.0636214114832536
28	0.0557379495597672
28	0.0538974847840434
28	0.0598141695702671
28	0.054956594791375
28	0.0568237690524689
28	0.0579341317365269
28	0.0537222904180807
28	0.058411034907914
28	0.0604157320173471
28	0.0606860158311346
28	0.0610412926391382
28	0.0575438125293762
28	0.0565522332964193
28	0.0554147048170953
28	0.0535283591379445
28	0.059103840682788
28	0.0585098392669371
28	0.058138683459032
28	0.0549007444168734
28	0.0610351226888446
28	0.0574656531138852
28	0.056627783669141
28	0.0581297976273552
28	0.0589296452194829
28	0.057290560158629
28	0.0573192239858906
28	0.0557804404145078
28	0.0620350978551311
28	0.0574696990330927
28	0.0570123747790218
28	0.0611480865224626
28	0.0580238964012306
28	0.0551493628577397
28	0.060574644549763
28	0.058206309819213
28	0.0540279787747226
28	0.063437139561707
28	0.0621663388592301
28	0.0641008081084783
28	0.0569918583059563
28	0.0575082206795762
28	0.0599557995294789
28	0.0640190088255261
28	0.0498965462358746
28	0.0574761101742552
28	0.060679970436068
28	0.0639690568283249
28	0.0505525317499588
28	0.0520184628910543
28	0.0583166747087613
28	0.0591698113207547
28	0.0546401367946526
28	0.053034445051941
28	0.0586378621028267
28	0.0568014059753954
28	0.0597702730586698
28	0.0583759954493743
28	0.0552566225165563
28	0.0625735446805565
28	0.0556322897483118
28	0.0588151726097457
28	0.0661671037841888
28	0.0566883586406363
28	0.0599918655097614
28	0.0585845627539021
28	0.0633870847885859
28	0.0596739900779589
29	0.0639982077514749
29	0.0573855396726745
29	0.0574969378197276
29	0.060263053009167
29	0.0622216035634744
29	0.0613148788927336
29	0.0603977771278152
29	0.0602292462660646
29	0.0601725226172943
29	0.0563773374267374
29	0.0646050003443763
29	0.0654140570633264
29	0.0599129293068896
29	0.0621219329844355
29	0.062551895931359
29	0.0536157779401023
29	0.0581141177357353
29	0.0606219165794588
29	0.059772565742715
29	0.0615331010452962
29	0.0552722973472253
29	0.0614681402647019
29	0.0612786152987158
29	0.0533570820103771
29	0.0563390520500145
29	0.0542433499739215
29	0.0593086632243259
29	0.0608221171335031
29	0.0652976806027478
29	0.0653409090909091
29	0.0582687773661165
29	0.0577829333720003
29	0.0588188852044844
29	0.0605814039499963
29	0.0657470942445036
29	0.060840108401084
29	0.058862975933239
29	0.0589185913406505
29	0.0592935239697225
29	0.0577977780902827
29	0.061764908178004
29	0.0580388817936711
29	0.0631768953068592
29	0.0612727533323778
29	0.0602201597237211
29	0.0643925706439257
29	0.0594123577704162
29	0.0583122057225643
29	0.0581830790568655
29	0.0603165938864629
29	0.0589757559248161
29	0.0616117062241826
29	0.0580649915260482
29	0.0576212068364144
29	0.0573889130120133
29	0.0548125411094058
29	0.0594194961664841
29	0.0556489945155393
29	0.0595471443055086
29	0.0627492130115425
29	0.0593988719925751
29	0.0565293602103418
29	0.0575084798026519
29	0.0546017014694509
29	0.0590033411530532
29	0.0580207118853302
29	0.0553933620159803
29	0.0565075479396165
29	0.0604689123015284
29	0.0608550341178109
29	0.0593554869733726
29	0.0568778313079744
29	0.0630515121804058
29	0.0519747235387046
29	0.0597571073695832
29	0.0591515493753088
29	0.0619099001888319
29	0.0618098379463645
29	0.0590790616854909
29	0.0602987148315387
29	0.0580880251500429
29	0.0583982990786676
29	0.0591679716756315
29	0.0587440438091174
29	0.0584958217270195
29	0.0581492288453522
29	0.060587746468233
29	0.0537530932086885
29	0.0595166365401352
29	0.0605605605605606
29	0.0622374684962195
29	0.061354121553342
29	0.0638927097661623
29	0.0623512613041409
29	0.0608089260808926
29	0.0647663106333764
29	0.0608481868469576
29	0.0574257425742574
29	0.0521759660029905
29	0.0614310148232611
30	0.0589070742594346
30	0.0548872722034142
30	0.0571890827236916
30	0.054382597568778
30	0.0569984557068651
30	0.0606185851071158
30	0.0579126007636826
30	0.0573660113116079
30	0.0584610975784496
30	0.0601426365708404
30	0.0625045058034749
30	0.0669573968466957
30	0.059008160703076
30	0.0552287831334505
30	0.0613007900677201
30	0.0603502188868043
30	0.0594408008284432
30	0.0606372045220966
30	0.0622511003982394
30	0.0608853301102886
30	0.0609647010252529
30	0.0586577283461568
30	0.059572006940428
30	0.0561711295783318
30	0.0565935343825103
30	0.0603490231523326
30	0.0577813132774082
30	0.0608528279538052
30	0.0575014594279043
30	0.0617275747508306
30	0.0547790802524797
30	0.0572763205174272
30	0.0609002647837599
30	0.0633892999430848
30	0.0588443814250266
30	0.0542324246771879
30	0.0561847008109885
30	0.0534180573982264
30	0.0596425463551777
30	0.0606491834383682
30	0.0591153658025295
30	0.0588492034625737
30	0.0628810192478937
30	0.0586755507206962
30	0.059578304896657
30	0.0653330336405185
30	0.0591397849462366
30	0.0636257613062071
30	0.0538314554918627
30	0.0612539728402196
30	0.0594088381621305
30	0.0535293697808864
30	0.0579916091487346
30	0.0615288133231134
30	0.0609343263371699
30	0.0608239801061899
30	0.0528224086449595
30	0.0599848662034808
30	0.0579732550050244
30	0.0574992618836729
30	0.0620188502769983
30	0.0597747617672538
30	0.0586242654683719
30	0.0601232207350754
30	0.0600228115198175
30	0.0584108904014446
30	0.0585188296234075
30	0.0616658339875812
30	0.0567172940054296
30	0.0585329033143485
30	0.0536992840095465
30	0.0538682752332188
30	0.0560446009389671
30	0.0576602830974188
30	0.0591182364729459
30	0.0562029797905296
30	0.0602426837972877
30	0.0540028781337575
30	0.0594571908226077
30	0.0578927911275416
30	0.0587000629678864
30	0.0538557386127648
30	0.0550726606002988
30	0.0606816885339418
30	0.058974181490967
30	0.0639139029211509
30	0.0615406788210708
30	0.0622814097390369
30	0.0567103643079597
30	0.059072594413713
30	0.0622180324557269
30	0.0613400026326181
30	0.0547346679377185
30	0.0541428571428571
30	0.0600641254007838
30	0.058406699592012
30	0.0587263981621078
30	0.0573484213467449
30	0.0629346788490386
30	0.0615189695220666
31	0.0579485371871695
31	0.0640345056403451
31	0.0554560435623701
31	0.0625600219508849
31	0.0562459546925566
31	0.0598132124708144
31	0.0624637260591991
31	0.0570202754134662
31	0.0687715350537937
31	0.0591054313099042
31	0.0572783188108662
31	0.0616072620477907
31	0.056739084581312
31	0.060505036175344
31	0.0608305712614545
31	0.0575992255566312
31	0.0584063691710711
31	0.0595660749506903
31	0.0559504539376452
31	0.0564640111809923
31	0.057956204379562
31	0.0575191506517941
31	0.0615405242340953
31	0.0603556049451313
31	0.0580331202789076
31	0.0619178082191781
31	0.0581041868177422
31	0.05812160622109
31	0.0609634219468319
31	0.0577813132774082
31	0.0558313547737247
31	0.0587170021592255
31	0.0604367699339766
31	0.0574607422012534
31	0.0590587080030862
31	0.0597307908020191
31	0.0568055827300593
31	0.0589848143982002
31	0.0571642910727682
31	0.0585404395920126
31	0.060964762230585
31	0.0619025944469731
31	0.0579307396323215
31	0.0563606010016695
31	0.0595010905125409
31	0.0606099851065208
31	0.0613275121086022
31	0.0568496949528563
31	0.0614100563208251
31	0.0598864223025297
31	0.055992141453831
31	0.0505309134724
31	0.0587752870420995
31	0.0563002680965147
31	0.0588194444444444
31	0.0555886440341473
31	0.0609552994470721
31	0.0608553705517467
31	0.0605983772819473
31	0.0599127006477049
31	0.0564604434711196
31	0.054985549132948
31	0.0610132309590731
31	0.0595172413793103
31	0.0602300453119554
31	0.0619092286600765
31	0.0581233007568521
31	0.0565052571346828
31	0.0542714296065503
31	0.0542957293082481
31	0.0585420771179285
31	0.0567573207205954
31	0.0579779261479766
31	0.059256339508606
31	0.0602121108450222
31	0.0642648490749757
31	0.0587376616154595
31	0.0585292303474745
31	0.0635183650925159
31	0.0612298934268882
31	0.0602247826394289
31	0.0560168997668998
31	0.058511390972124
31	0.0557645996387718
31	0.0582956660462643
31	0.0590798685526504
31	0.0617156963587739
31	0.0589036431733061
31	0.060622914349277
31	0.0600834099102283
31	0.0594059405940594
31	0.0540963769663321
31	0.0548268238761975
31	0.0581763168752579
31	0.0580649384655669
31	0.0643076320428282
31	0.0569117756177191
31	0.0609130289903366
31	0.0666251987006704
31	0.0559518038916973
32	0.0549391690259392
32	0.0573479106579918
32	0.0587773782281791
32	0.0573258236247203
32	0.0573067836652042
32	0.0628135223555071
32	0.057924610682579
32	0.0530522741741529
32	0.0569582306308707
32	0.0544975095224143
32	0.057566019281822
32	0.0606902023006743
32	0.0635176961378011
32	0.0621445123235728
32	0.0618716163959783
32	0.0578558875219684
32	0.0621009476443309
32	0.0514939605848697
32	0.0581579992060341
32	0.0580309498399146
32	0.056033359395361
32	0.0613488890345415
32	0.0566989775594211
32	0.0552579213225165
32	0.0617587972263625
32	0.0557522123893805
32	0.0606612496497618
32	0.0590512433567351
32	0.0601456378658451
32	0.0628790066416402
32	0.060118664665094
32	0.0575227634051163
32	0.0598617542446816
32	0.0621109420390095
32	0.0601231190150479
32	0.0578970395216567
32	0.0634182011566842
32	0.060470399572364
32	0.0613885983263598
32	0.0577351140790206
32	0.0599891052703255
32	0.0615677994960158
32	0.0633463240636766
32	0.058388505423299
32	0.0626455026455026
32	0.0574850299401198
32	0.0539576047391335
32	0.0524861878453039
32	0.0573167279932069
32	0.0558538456174604
32	0.0587695133149679
32	0.06187624750499
32	0.061578947368421
32	0.0617838236279568
32	0.0575776269792309
32	0.0589433750175636
32	0.0619169373229217
32	0.0568542568542569
32	0.0606060606060606
32	0.0600527779758933
32	0.0572039942938659
32	0.0566931428987831
32	0.0587072139642711
32	0.057002561912895
32	0.0520930902802796
32	0.062448017743277
32	0.0595903165735568
32	0.0615201428854932
32	0.057307636151263
32	0.0592380825742969
32	0.0594926237418999
32	0.0584043593684505
32	0.0563237088247255
32	0.0639577624807859
32	0.0590348714336034
32	0.0625977027118874
32	0.0584948610057253
32	0.0567284991568297
32	0.0563967522492868
32	0.0604125083166999
32	0.0617981351664058
32	0.0563888495825669
32	0.0571328426218016
32	0.0604554865424431
32	0.0660502860183584
32	0.0580204778156997
32	0.0660744789887257
32	0.0573945162665151
32	0.0629192184310295
32	0.0580016357688113
32	0.0596623394094303
32	0.0638575749243882
32	0.0598425196850394
32	0.0590785149968538
32	0.0510668904339487
32	0.0569473054688019
32	0.0557853997063926
32	0.0577210376205351
32	0.0596330275229358
32	0.0549149205456335
33	0.0580946035976016
33	0.0612272330129713
33	0.0578280232956492
33	0.0559718219660583
33	0.0636266524235545
33	0.0594771241830065
33	0.0580663021662399
33	0.0577190034339154
33	0.0582273172095624
33	0.0567857142857143
33	0.056798503844289
33	0.0579158452858405
33	0.0573170731707317
33	0.0615244627983481
33	0.0661538461538462
33	0.0583550734587395
33	0.0629586713016609
33	0.0592664226013677
33	0.0601736555159184
33	0.0609827150903088
33	0.0586243526756075
33	0.0586345930431217
33	0.0539879871490432
33	0.0585558046328374
33	0.057920825694303
33	0.0568332750786438
33	0.0596594809831114
33	0.0619672131147541
33	0.0564049183527422
33	0.0572232645403377
33	0.0626927029804728
33	0.0581162324649299
33	0.0639005253008844
33	0.0568031704095112
33	0.0594122207343717
33	0.0611290428825506
33	0.0631374453618261
33	0.0628268648499862
33	0.0568134171907757
33	0.0601407978545089
33	0.0543567894447499
33	0.0559666642718586
33	0.0550426633095538
33	0.059032123487693
33	0.0597997531202853
33	0.0597461287964378
33	0.0594367722718657
33	0.0595444059976932
33	0.0554569653948536
33	0.0606144287193649
33	0.0527230993948668
33	0.0619021590598524
33	0.0607955301317015
33	0.0605478135511773
33	0.0571305841924399
33	0.0566189804553697
33	0.0621446515932831
33	0.0615113042297508
33	0.0640809443507589
33	0.0618645900930132
33	0.0587218149121594
33	0.0640125926411753
33	0.0607645875251509
33	0.0625134110578642
33	0.0548414738646101
33	0.0616777946717789
33	0.0560400189278713
33	0.0566237805740139
33	0.0513588850174216
33	0.0607442172309755
33	0.0640965784032548
33	0.0625131551252368
33	0.0612633439858571
33	0.0575145272054939
33	0.0619021590598524
33	0.0600412743454147
33	0.0568416968442835
33	0.064169291877825
33	0.0650240463798669
33	0.057194374323837
33	0.0605163511187608
33	0.0567428648721764
33	0.0556776053823974
33	0.0602248770203795
33	0.0619475090796957
33	0.0597671585217274
33	0.0582895365504061
33	0.0537502554669937
33	0.0602133117321453
33	0.064223117763705
33	0.0596296045044434
33	0.0570644718792867
33	0.0674391969278448
33	0.0670798147643694
33	0.0576395242451967
33	0.0623268698060942
33	0.0557774411238121
33	0.0605067267636413
33	0.0614363624416847
33	0.0605715815541128
34	0.0611893894291195
34	0.0562200148658693
34	0.0620602681534581
34	0.0612598215474764
34	0.06155269337508
34	0.0633502538071066
34	0.0596156448775206
34	0.0604439689756619
34	0.0630636604774536
34	0.0562812673707615
34	0.0560449469376431
34	0.0590902547862387
34	0.0549003379543417
34	0.056775338212464
34	0.0592811676203948
34	0.0610881948536633
34	0.0582811985512018
34	0.0574013855506857
34	0.0605725439167209
34	0.0591655960511191
34	0.0603267700041894
34	0.0595520990854756
34	0.0594893215657212
34	0.0601503759398496
34	0.0596638655462185
34	0.06163973668462
34	0.0553420445810915
34	0.0598015553767766
34	0.0571541190382341
34	0.0595339121352569
34	0.0601374570446735
34	0.0599435825105783
34	0.0587863463969659
34	0.0541238865846196
34	0.0583411121482864
34	0.057130170946496
34	0.0547846198323215
34	0.0589231290213342
34	0.0602283164938984
34	0.0611234528721041
34	0.0618515562649641
34	0.0564071122011036
34	0.0585024492652204
34	0.0611405465699944
34	0.0581069637157188
34	0.0630655146608613
34	0.0622816032887975
34	0.0582155241397706
34	0.0650192554557125
34	0.0582085525428302
34	0.0602002164502164
34	0.0593810060308834
34	0.0636794071227613
34	0.0614035087719298
34	0.0608414684449333
34	0.0583870967741935
34	0.0577801666218758
34	0.0582292306642092
34	0.0576710052617004
34	0.0605239997291991
34	0.0618204804045512
34	0.0612412098040554
34	0.0573132234303753
34	0.0598430141287284
34	0.0575899233865732
34	0.0603532555562797
34	0.0621084173249796
34	0.0558678365780093
34	0.0588842308932602
34	0.0616200919702865
34	0.0651353900040415
34	0.062671905697446
34	0.0629989356040447
34	0.0619370155715383
34	0.063758605159879
34	0.0617017220563004
34	0.0608672412641144
34	0.06010167838986
34	0.0546145638837023
34	0.0567348263550795
34	0.0586353203032622
34	0.0597442387105368
34	0.0539673875963703
34	0.0654070720986682
34	0.0602061584925481
34	0.0577059773828756
34	0.0569031166267099
34	0.0587985865724382
34	0.0629646687282058
34	0.0600867091180057
34	0.058212493028444
34	0.0632069194943446
34	0.0613352514222193
34	0.0616743057427878
34	0.0634941415199319
34	0.0606463625482112
34	0.0639085321525345
34	0.0602575896964121
34	0.060116644235083
34	0.0605595246043934
35	0.0605028275533147
35	0.0600641907381935
35	0.0596742582956005
35	0.0633156114064766
35	0.0564660606462743
35	0.0559633645363324
35	0.0588816439438846
35	0.0618636422219358
35	0.0605693519079346
35	0.0583215749512867
35	0.0637251688192487
35	0.0576885848873976
35	0.0645648604269294
35	0.0537726429895878
35	0.0581152888948678
35	0.0563119252975978
35	0.0573986308583465
35	0.062341504649197
35	0.0577945703890288
35	0.0586761603375527
35	0.058705987735134
35	0.0621806357422523
35	0.05582900681006
35	0.061699191799724
35	0.0593421710855428
35	0.0615456737208679
35	0.0603768487877355
35	0.0617604252357147
35	0.0589352322821295
35	0.0558508802209182
35	0.0558823529411765
35	0.0565158676569885
35	0.0608616068510165
35	0.0588734971249347
35	0.0573039966578471
35	0.0587500867031976
35	0.0591655266757866
35	0.0610997963340122
35	0.062159858369943
35	0.061356733040837
35	0.0603349700679357
35	0.06000521784503
35	0.0580945558739255
35	0.0620319438001193
35	0.0580621071628602
35	0.0596710615740111
35	0.060965392794999
35	0.0561437060310088
35	0.0630043033889188
35	0.0575335048057398
35	0.0571448124828908
35	0.0600126342387871
35	0.0598770382250735
35	0.0586049543676662
35	0.061691934107764
35	0.0616536458333333
35	0.0571718538565629
35	0.062196501031065
35	0.0584015019444817
35	0.0623578214906998
35	0.0598641381262383
35	0.0587446162536186
35	0.0667597579626305
35	0.0609297725024728
35	0.0568322374845388
35	0.0542098401152817
35	0.0605080195498038
35	0.0650198387303213
35	0.0598794373744139
35	0.0573737643601389
35	0.05555940422584
35	0.0601621584792533
35	0.0612469992863167
35	0.0620220349967596
35	0.0594012462747223
35	0.0551903677188415
35	0.0612118713932399
35	0.0523519410597903
35	0.0583171521035599
35	0.0595386103052908
35	0.0561813093043894
35	0.0605940068947229
35	0.0633401221995927
35	0.0617517328292376
35	0.0607441628168311
35	0.0596966970826372
35	0.0596730245231608
35	0.0584548303583595
35	0.0601259107307067
35	0.0576512929885364
35	0.0628710199676201
35	0.0614604071671697
35	0.0588465808895565
35	0.0618584367661858
35	0.0603368864324253
35	0.0636951162635752
35	0.0546996466431095
35	0.055459731988855
35	0.0591397849462366
35	0.0618262111962593
36	0.0607792890465865
36	0.0603664162383024
36	0.0563055186402742
36	0.060456223628692
36	0.0645203765883205
36	0.0586375197635251
36	0.0607603305785124
36	0.0647070559287092
36	0.0558473505750947
36	0.0620768208567993
36	0.0600660066006601
36	0.0626172456174397
36	0.0564479118861863
36	0.0566497461928934
36	0.0602802841236322
36	0.062219583003431
36	0.057669024405786
36	0.0595291841341503
36	0.0605361384458772
36	0.0558779862329599
36	0.0602832272313889
36	0.0595452209660843
36	0.0563335455124125
36	0.0620295698924731
36	0.0604035639412998
36	0.0610676640598436
36	0.0592966194111232
36	0.0572267057960381
36	0.0574476543864299
36	0.0605432164838105
36	0.0618239034943945
36	0.0655186064924782
36	0.0585658777817026
36	0.0607938044530494
36	0.0585181689476168
36	0.0619096907750032
36	0.0559878659984173
36	0.0576623376623377
36	0.0609123553664051
36	0.0612284692882678
36	0.0566760275721215
36	0.0633384502436094
36	0.0620294259860468
36	0.0608299075025694
36	0.0602543201825888
36	0.053174172544764
36	0.0595263958288073
36	0.0547620614756796
36	0.0548548548548549
36	0.0639074863055386
36	0.0624803174403225
36	0.0624910007199424
36	0.0610144735094941
36	0.0562114301046418
36	0.06073264781491
36	0.0583251873574454
36	0.0623786721884302
36	0.0647701812750356
36	0.0632895559724828
36	0.0585457979225685
36	0.0600498684028259
36	0.0658949818934299
36	0.0607690775054792
36	0.0656339720905388
36	0.0612682665236627
36	0.057567257427005
36	0.0598623555382418
36	0.0605487844619696
36	0.060709817607164
36	0.0636267929990788
36	0.0605226079159728
36	0.0595190111514174
36	0.0579919017225997
36	0.0590511097536143
36	0.060226595110316
36	0.059657287920457
36	0.0600474058467211
36	0.0617266978278801
36	0.0588121866563826
36	0.0625879943683604
36	0.0620389000670691
36	0.0584433256225337
36	0.0621084173249796
36	0.0614978427458304
36	0.0574720254254122
36	0.0638763683193818
36	0.0595964958853199
36	0.0609166884303996
36	0.058815331010453
36	0.0620120876353563
36	0.0640095024415996
36	0.059126508149298
36	0.0598544081962793
36	0.0574386036127461
36	0.0604607803968571
36	0.0620423108218063
36	0.0643603651276624
36	0.0602004393190555
36	0.0550477630403409
36	0.0612860013395847
37	0.0615586977967774
37	0.0608402695204122
37	0.0562024041789918
37	0.0561439239646979
37	0.0617226779571315
37	0.0592443998662655
37	0.0594234163561483
37	0.0600401103033342
37	0.0591925258591925
37	0.0669897190753716
37	0.0645327162874405
37	0.0603797875764403
37	0.0595469661793311
37	0.0623052959501558
37	0.0578560371517028
37	0.0634571801387267
37	0.062141821445833
37	0.0607581202956534
37	0.0617780330589061
37	0.0571751112291653
37	0.062567494600432
37	0.0575241601472619
37	0.05978898007034
37	0.057375015506761
37	0.0598472268349386
37	0.0591377336894315
37	0.062370867768595
37	0.058608762490392
37	0.0564625850340136
37	0.0562011811773671
37	0.055584722404515
37	0.0619968930941957
37	0.0615604867573371
37	0.0590017037925159
37	0.0583294755637855
37	0.0578912021490934
37	0.0575280898876405
37	0.0593688362919132
37	0.057535838822162
37	0.0621058051229244
37	0.0589567693502459
37	0.0556542332741267
37	0.0552399608227228
37	0.0636159956548306
37	0.0621693985502514
37	0.0534973735139618
37	0.0637104314144517
37	0.0589772566746716
37	0.0597710603879635
37	0.0580273298361505
37	0.0650449850049983
37	0.0660283263514861
37	0.0625433847008191
37	0.0598871505514234
37	0.051081609272862
37	0.0611630387052255
37	0.0634133779694843
37	0.0602865101472344
37	0.0586637345579199
37	0.0594026026565977
37	0.0592376145570461
37	0.0604734434056097
37	0.0602602602602603
37	0.0612828182120306
37	0.0592447091623368
37	0.0586705568945833
37	0.0575149912953769
37	0.0597083552285864
37	0.058234272739415
37	0.0588081204977079
37	0.0606600660066007
37	0.0558479532163743
37	0.0575530093507178
37	0.0620982257649781
37	0.0563371396126427
37	0.0545979033279392
37	0.0567691570225296
37	0.0608474692672207
37	0.056520577231427
37	0.065062623599209
37	0.0642507345739471
37	0.0633241937589764
37	0.0605546123372949
37	0.0609610009317184
37	0.0667361156325282
37	0.0600802796840606
37	0.0616971850232304
37	0.0592982924226254
37	0.0619024692207167
37	0.0606494436129368
37	0.0641049555431201
37	0.0563517915309446
37	0.0600423375457053
37	0.0546944961080113
37	0.0614315496872828
37	0.0608875776787396
37	0.0565416639772801
37	0.0583836263447914
37	0.0613916256157635
37	0.0598263312476057
38	0.0583163004598876
38	0.0591831250839715
38	0.0652299774847218
38	0.0619229754682142
38	0.0640939392086111
38	0.0595299255073208
38	0.0630175083749447
38	0.0618109985343784
38	0.0596113445378151
38	0.0584904486341858
38	0.0574860299312737
38	0.0602230001296512
38	0.0584972264246092
38	0.0627245998039856
38	0.0586075867843112
38	0.0590277777777778
38	0.0547704330836861
38	0.0605514042772481
38	0.0597987723849902
38	0.0586704665138467
38	0.058697298661954
38	0.0589771352143176
38	0.0614169045880088
38	0.05667107001321
38	0.0599427849111836
38	0.0619732918449371
38	0.0700123915737299
38	0.0602110885045778
38	0.0579770885722269
38	0.0620279393088697
38	0.0607273940607274
38	0.0594485201113079
38	0.0590489352346253
38	0.0617384240454915
38	0.0575295023088763
38	0.0600215040161913
38	0.0585663177421492
38	0.0619354838709677
38	0.0576237252080335
38	0.0565324907267482
38	0.0631188118811881
38	0.0588592233009709
38	0.0554655608112486
38	0.0616730981256891
38	0.0581884376373109
38	0.0564413903529255
38	0.0581155875917106
38	0.0626620010368066
38	0.0625
38	0.0629531747645185
38	0.0538546407392084
38	0.0628300855946094
38	0.0621841945698309
38	0.0591947913898485
38	0.064477724168181
38	0.0600302452495233
38	0.0614789337919175
38	0.0635171324589714
38	0.0599685039370079
38	0.0609847538115471
38	0.0558647701504844
38	0.0607409346773138
38	0.0593574969419945
38	0.0635838150289017
38	0.0604479090969148
38	0.058051689860835
38	0.0588160569105691
38	0.0599382988100485
38	0.056687898089172
38	0.0617973919188026
38	0.0572704329256455
38	0.055076882290562
38	0.0628454325281003
38	0.0623938324839932
38	0.0582561728395062
38	0.058542576419214
38	0.0617881005408845
38	0.0621720358684822
38	0.0625695560776555
38	0.058871989860583
38	0.0602259252324783
38	0.0602484088240746
38	0.0592923175007969
38	0.0585490293678447
38	0.060015690376569
38	0.0619426859982302
38	0.0596052122306799
38	0.061632051124493
38	0.061091827074787
38	0.0608061803002928
38	0.0563148135430259
38	0.0513302034428795
38	0.062211118051218
38	0.0609691513305971
38	0.0586384071933205
38	0.0605251722639518
38	0.0602852901310269
38	0.0637322617104106
38	0.0613439787092482
38	0.0608925619834711
39	0.0601283925506896
39	0.0595879556259905
39	0.0597762255053471
39	0.0634105641486426
39	0.0607070961248113
39	0.0599313960261472
39	0.061309249126508
39	0.055506329113924
39	0.061099286340303
39	0.0597722376115728
39	0.0576241134751773
39	0.0584936419954353
39	0.0627458444359853
39	0.0577373570345873
39	0.0612298934268882
39	0.0615403513081931
39	0.0583819849874896
39	0.0616057233704293
39	0.0588235294117647
39	0.059628356879216
39	0.057639640787211
39	0.0598082983193277
39	0.0584319048542434
39	0.0620384047267356
39	0.0635704663544807
39	0.0619721808246398
39	0.0615539224923058
39	0.062906026886216
39	0.0639604838198974
39	0.0592662871600253
39	0.0604510138336176
39	0.061184869739479
39	0.0598609355246523
39	0.0615216833461637
39	0.0606543315770126
39	0.0623012160898036
39	0.0591450322076908
39	0.0609065155807365
39	0.0585839598997494
39	0.0636422553467272
39	0.0594254230617867
39	0.0625117798580134
39	0.059004263857537
39	0.0596658711217184
39	0.0659408635407646
39	0.0636508442179038
39	0.0575377692060431
39	0.0616891712999735
39	0.0608988621193821
39	0.0607560477634103
39	0.0602048137760094
39	0.059725125087086
39	0.0594022181840967
39	0.0618945452181263
39	0.0573015354459327
39	0.0590148698884758
39	0.0635298924145445
39	0.0536630891273915
39	0.0600200904068307
39	0.0597950946910897
39	0.0624794691544577
39	0.0624604079564171
39	0.0607215614115792
39	0.063530432626751
39	0.0602524866105585
39	0.059544433750401
39	0.0576395242451967
39	0.0551025775907417
39	0.0609433962264151
39	0.0546769959664511
39	0.0577402018613187
39	0.059289790741915
39	0.0622640302041339
39	0.0592868217054264
39	0.0623831926274409
39	0.0617632612966601
39	0.0612603565151896
39	0.0600925462731366
39	0.0613858818953782
39	0.060689193710271
39	0.0630331159056698
39	0.0632794172120015
39	0.0591142876227373
39	0.0588075880758808
39	0.0582962575242083
39	0.0596209617589533
39	0.056209402533925
39	0.0629422260505753
39	0.055638706318735
39	0.0613118795821709
39	0.0569136504326953
39	0.0620470094154305
39	0.0576858505137331
39	0.0596839040621101
39	0.0599118942731277
39	0.0597397602717775
39	0.0552756977535739
39	0.0671622823738722
39	0.0609694521585458
39	0.0617417264816109
40	0.060280759702725
40	0.062077519379845
40	0.0595488908167059
40	0.064596511405022
40	0.0551441932969602
40	0.0581250410024273
40	0.0604706028434842
40	0.0606921813818366
40	0.0607014943806348
40	0.0645562983352995
40	0.0619206525769373
40	0.062495985612435
40	0.0638461046846041
40	0.0622118319371388
40	0.0616034320954552
40	0.062778916897841
40	0.061178731582319
40	0.0606388393993383
40	0.0631780894416512
40	0.0583497053045187
40	0.0602958658037247
40	0.0631517960602549
40	0.0593282667320422
40	0.0555373418136516
40	0.0595601322145945
40	0.0555591954399528
40	0.0607965070124372
40	0.0586901600051824
40	0.0613193492640486
40	0.0605401844532279
40	0.0642641129032258
40	0.0583154709368302
40	0.0584607943896983
40	0.0623963251244099
40	0.0594838709677419
40	0.05826028320971
40	0.060864886676979
40	0.0594850948509485
40	0.0641694225387942
40	0.0595134955014995
40	0.0608325736858098
40	0.058538789208726
40	0.0589593892346186
40	0.0594403385762112
40	0.0558180558180558
40	0.0590720084482872
40	0.0627076923076923
40	0.0588636645577472
40	0.0620174346201743
40	0.0633977216443784
40	0.0619507634777189
40	0.060354884263523
40	0.0595162720020261
40	0.0634839696602715
40	0.059814391050089
40	0.056996498508624
40	0.0631360723709009
40	0.0643848731450455
40	0.0598533394992403
40	0.0581813427469438
40	0.059956066675281
40	0.0607608549536228
40	0.0631340872374798
40	0.0572883513685551
40	0.0568576947842885
40	0.0620760932756282
40	0.0585153954260892
40	0.055245786066782
40	0.0579510402310166
40	0.0633654226559409
40	0.06062424969988
40	0.062033962027696
40	0.0552344673584658
40	0.0554541151011023
40	0.0645526613816535
40	0.0597986247544204
40	0.0609425785482123
40	0.0581037836481145
40	0.0592427616926503
40	0.0602314571278275
40	0.0629769768485859
40	0.05859806405509
40	0.0622754491017964
40	0.0555664509380924
40	0.0664351120934639
40	0.0604482824306305
40	0.0616874840683151
40	0.0608095022916532
40	0.0589731880748907
40	0.0604197714853453
40	0.0607581901267941
40	0.0600348388702252
40	0.058790628301535
40	0.060340414640389
40	0.0583206948848752
40	0.0633641267282535
40	0.0613621896880968
40	0.060619754680439
40	0.063873117748704
40	0.064542046063203
41	0.0587240969135416
41	0.0602553870710295
41	0.0604486123431758
41	0.0615869017632242
41	0.0594349016679114
41	0.0628360635238214
41	0.0594620967250107
41	0.0630433422978298
41	0.0522902310498581
41	0.0647482014388489
41	0.0600025451768898
41	0.0608497435572722
41	0.0621148459383754
41	0.0601799775028121
41	0.0597860289490245
41	0.0647816525290606
41	0.0592280246513137
41	0.060361001487999
41	0.0590736040609137
41	0.0631382233197624
41	0.060909637347225
41	0.0582065393331175
41	0.0580108808606883
41	0.058143963437857
41	0.060404807084124
41	0.0628935030140656
41	0.0638811277622555
41	0.0615522924782739
41	0.0613407609039691
41	0.0610224287734896
41	0.0615893618375008
41	0.0601036269430052
41	0.060484401737528
41	0.0612206096710818
41	0.0553887433718776
41	0.058772953386968
41	0.0617291799109981
41	0.058091035483286
41	0.0625334363668787
41	0.062047633776678
41	0.0615354813714728
41	0.0627593692140714
41	0.0604625415180219
41	0.0617788901776448
41	0.0629353233830846
41	0.0589917324547772
41	0.0611182519280206
41	0.056463890911498
41	0.0627572016460905
41	0.0599796463554255
41	0.0586701434159061
41	0.0597136757503453
41	0.0570471918630362
41	0.060623973727422
41	0.0578049084340351
41	0.0632788280347699
41	0.0596162484759032
41	0.0627402436640823
41	0.0594526371728444
41	0.0591614394189501
41	0.0594151735162859
41	0.0598200434377909
41	0.0593091725854428
41	0.0618399365118125
41	0.0616957083923404
41	0.0573917341076172
41	0.0623642172523962
41	0.0610673244690452
41	0.0596022486852445
41	0.0621791215059897
41	0.0602432902104653
41	0.0611742424242424
41	0.0582615211689771
41	0.0625307427447123
41	0.0608788718207001
41	0.0601542088829414
41	0.0610350584307179
41	0.0592526803273489
41	0.0619755911517925
41	0.063448275862069
41	0.0610878137322401
41	0.059542762529453
41	0.0591958302308265
41	0.060030534351145
41	0.0603037713991505
41	0.0644248900062854
41	0.0597773002539558
41	0.060210396039604
41	0.0646159676604346
41	0.0606854970836883
41	0.0574386786638728
41	0.059850863422292
41	0.0594909930123726
41	0.0612833453496756
41	0.0620959721531576
41	0.0607738167660299
41	0.0600591157788818
41	0.0616480793060719
41	0.0671101159114858
41	0.0575378292546236
42	0.0594669348755343
42	0.0604405607136355
42	0.0641581632653061
42	0.0626399601891018
42	0.0614775051124744
42	0.059021083400709
42	0.0634593785099214
42	0.0583354446414999
42	0.0607521697203472
42	0.0616925264264079
42	0.058498218016468
42	0.0590825446898002
42	0.0583564406352407
42	0.0626262626262626
42	0.0589600742804085
42	0.0628949744207042
42	0.0577850122081012
42	0.0620738913057594
42	0.0604293336642263
42	0.0605883877656817
42	0.0573478978788264
42	0.0600563232693693
42	0.0614796579424721
42	0.0598817461315889
42	0.062992125984252
42	0.0584458564998676
42	0.0633976589686808
42	0.0605085689537833
42	0.0647904191616766
42	0.0606060606060606
42	0.0629007633587786
42	0.0587060952024456
42	0.0603734184989559
42	0.060069774817634
42	0.0606782060356476
42	0.0605089766064196
42	0.0591521524811042
42	0.0605349898580122
42	0.0631636763090443
42	0.0583171521035599
42	0.0627937582252303
42	0.0627808063260049
42	0.060164818142388
42	0.0621547838232493
42	0.061435370741483
42	0.0575782694637506
42	0.0614508211623538
42	0.0654606490115628
42	0.060309542082374
42	0.059414815289071
42	0.0617129252553098
42	0.0627893329855904
42	0.0616055958416223
42	0.0587944358578053
42	0.0614631665925126
42	0.0568823831535696
42	0.06156597266573
42	0.061276332094176
42	0.0598066729030246
42	0.0632813006023706
42	0.059242149946938
42	0.0614218827008379
42	0.0593601355313742
42	0.0634575944022198
42	0.0647298674821611
42	0.0619133341905619
42	0.0612167779317294
42	0.0647141578206932
42	0.0581430378984154
42	0.0564115155607391
42	0.0607662685203316
42	0.0612779435950539
42	0.0623628147191737
42	0.0628067341740697
42	0.063115157480315
42	0.0567218409366169
42	0.061814937547795
42	0.0602048137760094
42	0.0583150384193194
42	0.0608267961648612
42	0.06009765869538
42	0.0585579604302218
42	0.0611218568665377
42	0.0588048315321043
42	0.0592753808731276
42	0.0601139775721552
42	0.0608946247337426
42	0.0639044511481869
42	0.062452877607439
42	0.0623460868520632
42	0.0644133036627173
42	0.0598636949714496
42	0.0662144501835833
42	0.0593124291650926
42	0.0588956263707909
42	0.0609388728505083
42	0.0635332868816115
42	0.0574124809741248
42	0.0551035973051989
42	0.0621788617886179
43	0.0626847290640394
43	0.0656562399226056
43	0.0561311475409836
43	0.06414794921875
43	0.0547819152199252
43	0.0628166160081054
43	0.0619781827046133
43	0.0591209383847917
43	0.0593508500772798
43	0.0572865554465162
43	0.0652160280930583
43	0.0586116975040358
43	0.0592332308464579
43	0.0638609448618362
43	0.0564726324934839
43	0.063403577554521
43	0.0625917182415619
43	0.0629685157421289
43	0.0628907909913191
43	0.0624738946237842
43	0.0613304962763627
43	0.0627465483234714
43	0.0618488407106293
43	0.0642355518330004
43	0.0582915801050959
43	0.0609279609279609
43	0.0567020128262112
43	0.0602856963060852
43	0.0621134020618557
43	0.0599667561692878
43	0.0616954882329996
43	0.0602034709754638
43	0.0596205962059621
43	0.0647270949208484
43	0.0630091335472723
43	0.0610231271995978
43	0.0617941885547519
43	0.0603805332643024
43	0.0653646628013427
43	0.061532677486058
43	0.0619974218893868
43	0.0604833607490826
43	0.0615305400012872
43	0.0581905620679291
43	0.0596335915406369
43	0.0597223102770557
43	0.0602678571428571
43	0.0612838008592368
43	0.0609218934177058
43	0.0610271516393443
43	0.0634783146693064
43	0.0623623011015912
43	0.0607948702437844
43	0.0608986035215543
43	0.0653431581511479
43	0.0646104759372507
43	0.0605166922260234
43	0.0593726661687827
43	0.0637928898798464
43	0.0561805276550154
43	0.0583761171325347
43	0.0564298413116481
43	0.0581068416119963
43	0.0623076923076923
43	0.0640490797546012
43	0.0612989540257845
43	0.0606767097082736
43	0.0564606392239771
43	0.0594551478709044
43	0.0601176614781223
43	0.0633004473313316
43	0.0573244438905851
43	0.0583062281652813
43	0.0616731762630717
43	0.0625254227439131
43	0.0597284504235177
43	0.0594053506524459
43	0.0630442781798111
43	0.0574793573577418
43	0.0601047521716914
43	0.0591936469150886
43	0.0626626998884344
43	0.0607066172164747
43	0.0608485299590622
43	0.0641305666788011
43	0.0630403458213256
43	0.0601605097102248
43	0.0603968938740293
43	0.0660503588371244
43	0.0616242946807836
43	0.0593785684235831
43	0.061619937694704
43	0.0565062964158863
43	0.0603785293205088
43	0.0610650027261162
43	0.0576698272502922
43	0.0601527096654044
43	0.0639238972370334
43	0.0600573796620975
43	0.05954476861167
44	0.0628199456487392
44	0.0652537646402677
44	0.061195851128737
44	0.0641379310344828
44	0.0563820956516187
44	0.0581223016946968
44	0.0641937461679951
44	0.0615491009681881
44	0.0647989210397254
44	0.065152827620344
44	0.0619971906525348
44	0.0633174428553966
44	0.0615269180266367
44	0.0586202483041085
44	0.0633950401676563
44	0.0643006263048017
44	0.0595501846257133
44	0.0600325855370347
44	0.0594167523124358
44	0.0653042048390886
44	0.0645757557688868
44	0.0628915662650602
44	0.0610271163616331
44	0.0555116554721454
44	0.0631267367403649
44	0.0638284913819356
44	0.055618047744032
44	0.0581626319056487
44	0.0611568218101437
44	0.0606003039513678
44	0.0614313250015544
44	0.0594223183611146
44	0.0592424151756328
44	0.0597568777991043
44	0.0635355823101681
44	0.0607002521846226
44	0.0609036144578313
44	0.0591089545655051
44	0.0637954721940147
44	0.0623479318734793
44	0.0586359942489217
44	0.059471809690209
44	0.0607152388577529
44	0.0614298864682418
44	0.0609098884572001
44	0.0605150488849128
44	0.0600828729281768
44	0.0614586512053708
44	0.056847383265434
44	0.0607943625880846
44	0.059075867140581
44	0.0597151763339649
44	0.0617873559787475
44	0.0602723146747352
44	0.059808162497649
44	0.0611628188081712
44	0.0587546960645439
44	0.0614477080004916
44	0.062829471619468
44	0.0624847894864931
44	0.0647646946443355
44	0.0642078997017832
44	0.0515621031242062
44	0.060646735814521
44	0.05845984749605
44	0.0610129997547216
44	0.0608045479824507
44	0.0594339003086622
44	0.0632180486933746
44	0.0645938780429019
44	0.0598399186888578
44	0.0637278680572399
44	0.0583125758446701
44	0.062774363476734
44	0.0627281163006495
44	0.0598306679209784
44	0.0612639854853341
44	0.0665224761793418
44	0.0594995731266829
44	0.0592751294411712
44	0.0610605249062667
44	0.0615403819747847
44	0.0653721278721279
44	0.059314292674015
44	0.0610968464020014
44	0.059387321807704
44	0.0619091186337298
44	0.0606486210418795
44	0.0623478149429707
44	0.0574913981857992
44	0.0584094368340944
44	0.0600150037509377
44	0.0644332975038815
44	0.0604659541251351
44	0.0609423321811897
44	0.0614489821722089
44	0.0651682571572074
44	0.0628915058882486
44	0.0619154508043397
44	0.0603294059589168
45	0.0590959614672101
45	0.0608966217932436
45	0.0623536299765808
45	0.06618815085015
45	0.0629710370601059
45	0.0599688958009331
45	0.0602336334874665
45	0.0597954857214116
45	0.0590030518819939
45	0.0606135729779981
45	0.0623921085080148
45	0.0580103678104172
45	0.0589072788752447
45	0.0636010749477456
45	0.0609298837645294
45	0.0570861255894763
45	0.062224461519083
45	0.0586080586080586
45	0.0632790028763183
45	0.0555445740264875
45	0.0621878426117676
45	0.0617147760004903
45	0.0583194624252512
45	0.0628949744207042
45	0.0614172281039461
45	0.0652992096349266
45	0.0597394343819511
45	0.0599810897057085
45	0.0583701125132094
45	0.0631011025099695
45	0.0569722602313721
45	0.0599338154185562
45	0.0607299621189345
45	0.0596561530506722
45	0.0614976720124159
45	0.0622191712431353
45	0.0632479692441248
45	0.0597153876845325
45	0.0634347275031686
45	0.061246040126716
45	0.0621774242516243
45	0.0611359051170753
45	0.0557680812910938
45	0.0651303222626163
45	0.0618872549019608
45	0.0580295269659536
45	0.063276700486282
45	0.0643053043123067
45	0.062157003101885
45	0.0614203454894434
45	0.0557025834908633
45	0.0619172405387287
45	0.0648277538125038
45	0.0626670457776514
45	0.0593323586744639
45	0.0588873485624736
45	0.0616542265914194
45	0.0598252722208154
45	0.0581556022829679
45	0.0605014070094653
45	0.0608128151883714
45	0.0656568778979907
45	0.0641033201627646
45	0.0617497834426432
45	0.063051481329983
45	0.058666824532323
45	0.0593555681175806
45	0.0624656865735375
45	0.0620520558279894
45	0.0611724723874257
45	0.0637438001347131
45	0.0606899734625591
45	0.0561237700673226
45	0.055991827874609
45	0.06176582038651
45	0.0600708911137367
45	0.0627633763248627
45	0.056352591443712
45	0.0611121306661773
45	0.0591815591815592
45	0.0628365149290259
45	0.0619575699132112
45	0.0541814703470894
45	0.0674008810572687
45	0.061687105165366
45	0.0567237471669605
45	0.0629046048613656
45	0.0621454522276754
45	0.0638843553275822
45	0.0607734806629834
45	0.0554667007868978
45	0.0601698043558509
45	0.0566649707453574
45	0.0594277329420396
45	0.0658791725434885
45	0.0632478632478632
45	0.0615933268858801
45	0.0567752164898158
45	0.0640033591266271
45	0.0636962465821526
46	0.0617905918057663
46	0.0607299621189345
46	0.0571222927435713
46	0.0604511278195489
46	0.0639647577092511
46	0.0572156302416599
46	0.058241622356869
46	0.0620353298043181
46	0.0609676072302094
46	0.057969253205323
46	0.0575028065361108
46	0.061750197917301
46	0.0623201174743025
46	0.0600426338228328
46	0.0628711355984083
46	0.0645505152197086
46	0.0636867555136219
46	0.063154533844189
46	0.0591825411503606
46	0.0619880180951217
46	0.0638655462184874
46	0.0595823832953318
46	0.0584805975587539
46	0.0607933145009416
46	0.0573478828134266
46	0.0617690058479532
46	0.0620554765291607
46	0.0642570281124498
46	0.0627632687447346
46	0.0593693147362038
46	0.0587794833395732
46	0.0655097874384532
46	0.0625866747060597
46	0.0613931523022432
46	0.0600562072336266
46	0.0634321543799842
46	0.0622859727337339
46	0.0635845091564095
46	0.0607441154138193
46	0.0603184713375796
46	0.0602679924816589
46	0.0628823529411765
46	0.057286563459403
46	0.0607734806629834
46	0.0601179011264811
46	0.0612767514175965
46	0.0599418745458949
46	0.0610274973010732
46	0.0610791238796225
46	0.057263262270699
46	0.0621764740881775
46	0.0620918984280532
46	0.0576664630421503
46	0.0613953488372093
46	0.0595916865918705
46	0.062038580614432
46	0.0627123695976155
46	0.0619403445933428
46	0.0640138408304498
46	0.0618428420332234
46	0.0627064725315062
46	0.0610438865811811
46	0.0592940578974099
46	0.0618766161802734
46	0.0613975785139205
46	0.063707900535096
46	0.0596150252289292
46	0.0595034808879548
46	0.0630619458051715
46	0.0593068953197571
46	0.0626562045916885
46	0.059306739685108
46	0.0667784817989812
46	0.0601960164400885
46	0.0593807616504546
46	0.058368886415631
46	0.0612370247527793
46	0.0617914168694723
46	0.0657152924594785
46	0.0595972050965886
46	0.0656929955290611
46	0.062179643641689
46	0.0586043156819138
46	0.0622530827247695
46	0.0623882621293385
46	0.0590645062671966
46	0.0604018622886547
46	0.0624702239161505
46	0.0582410824108241
46	0.0585284280936455
46	0.0587363350009264
46	0.0641527618818143
46	0.0573171468261158
46	0.0607634543178974
46	0.0633363608840448
46	0.0633675316837658
46	0.061257759107154
46	0.0620766793015597
46	0.0633254930341958
46	0.0623772394500327
47	0.061950146627566
47	0.0621294759307565
47	0.0596594466007262
47	0.0579727685325265
47	0.060947534229977
47	0.0598506743737958
47	0.0599608418991679
47	0.062856463878327
47	0.0589975738209361
47	0.0625073227885179
47	0.0612270320772345
47	0.0577085597005916
47	0.0598733795598432
47	0.0647174184346586
47	0.0637431387593697
47	0.0618495391019923
47	0.0632881416138772
47	0.0589280245022971
47	0.065431874583863
47	0.0623866521581429
47	0.0579582429501085
47	0.0596795962678247
47	0.0617134280106223
47	0.0569819229761593
47	0.0605969067182214
47	0.0623740068777422
47	0.0646364949446317
47	0.0628201354136002
47	0.0597428638829913
47	0.0630053302988561
47	0.061134026965462
47	0.0576816757786105
47	0.0629449940142398
47	0.0629236919867895
47	0.0611828687967369
47	0.0581615880642306
47	0.0625037562353507
47	0.0636206588431524
47	0.0612833453496756
47	0.0601369271572195
47	0.0613273422794341
47	0.0595311918640704
47	0.0636167406163809
47	0.0599367165632226
47	0.0623482272948033
47	0.0630450153193495
47	0.0544913906368854
47	0.0583192465588022
47	0.0666134577603143
47	0.0589411233636422
47	0.0600223685845657
47	0.0595009596928983
47	0.063435033572859
47	0.0559534467323187
47	0.0637487549071307
47	0.0626872827520077
47	0.0614948548893955
47	0.0607084665982741
47	0.0617132150594297
47	0.0614002478314746
47	0.0610240963855422
47	0.06372973641876
47	0.0649573698092376
47	0.0600744284954811
47	0.0605084138918725
47	0.0578207039605886
47	0.0622706355216404
47	0.0632420499970169
47	0.0644450883801797
47	0.0600172180543599
47	0.0604975615778752
47	0.0639743347801472
47	0.0640472964650819
47	0.0646041856232939
47	0.0607353714853569
47	0.063740228502706
47	0.0618489966456776
47	0.0589860643921192
47	0.0622449601071929
47	0.0621280213773837
47	0.0612384323955034
47	0.0599217296465003
47	0.0597069821614663
47	0.0641247833622184
47	0.0629998168609975
47	0.0630744278248333
47	0.062085308056872
47	0.0621639992584811
47	0.0628497632371933
47	0.0577650963722122
47	0.0626573754172279
47	0.0646692206529819
47	0.0604629192253189
47	0.0640674874601003
47	0.0597796640780206
47	0.0586967233308697
47	0.0613159009745173
47	0.0636549076073914
47	0.0631498109640832
47	0.0617555433388309
48	0.0623232731259738
48	0.063724360451717
48	0.059926695174099
48	0.0602979842243646
48	0.0626800729111542
48	0.0631180564033696
48	0.0596402269709043
48	0.0589894684052156
48	0.0626768089520337
48	0.0632163742690059
48	0.0585347895447294
48	0.0570931140061236
48	0.0594587960974412
48	0.0614634146341463
48	0.0624852489969318
48	0.0606508875739645
48	0.0609043371270378
48	0.0590989622880283
48	0.0614706422580053
48	0.0638900608763788
48	0.0601665967519626
48	0.0632413388138579
48	0.0642914380817358
48	0.0594865742106816
48	0.0598479273975963
48	0.0636748821388077
48	0.0627514561940791
48	0.066682458841644
48	0.0599662653405456
48	0.0611944523068214
48	0.0616249850424794
48	0.0631480834207154
48	0.0596223336053153
48	0.0606115107913669
48	0.0616099970938681
48	0.0604332261391906
48	0.0624733085229699
48	0.0575869461648404
48	0.0604777919517569
48	0.0617751190330851
48	0.062753036437247
48	0.0617744610281924
48	0.0586663427669136
48	0.0623105831009819
48	0.0597337171644476
48	0.0600097775604987
48	0.0564384554958004
48	0.0620827770360481
48	0.0631552195183938
48	0.0597562418648681
48	0.0587919623159025
48	0.0610248257307081
48	0.0652062879518756
48	0.0601927623204219
48	0.0598616742189363
48	0.0591063680075056
48	0.0640373451433359
48	0.0646381196183384
48	0.0625900144023044
48	0.0615013006317354
48	0.0617727088519655
48	0.0619163742342235
48	0.0640688081446375
48	0.0653393985939623
48	0.0642527511537096
48	0.0617428454380523
48	0.059287844237853
48	0.0606694560669456
48	0.0603519061583578
48	0.0635927221003971
48	0.060896339377352
48	0.0596461869471671
48	0.0599113362887904
48	0.0589065472172793
48	0.0609160933733169
48	0.0613112681721542
48	0.0602045560204556
48	0.0648065343110952
48	0.060646986944498
48	0.0610807956345714
48	0.0623723671159344
48	0.0615976900866218
48	0.0655083352899742
48	0.0609377023701593
48	0.0613572977998141
48	0.0636395308326559
48	0.0579138685231964
48	0.062941433839615
48	0.064376130198915
48	0.0609942413914679
48	0.0606806844730694
48	0.0638660399529965
48	0.0600600600600601
48	0.0608939227865059
48	0.0616780045351474
48	0.0628731106312714
48	0.0617038463928416
48	0.0610973322847983
48	0.0602766201606571
48	0.0636187569693057
49	0.0621573267155307
49	0.0603958619864857
49	0.0596251079047971
49	0.0619416671596758
49	0.0611852386104099
49	0.0561384133995951
49	0.0621222095876474
49	0.0599862495702991
49	0.0575221238938053
49	0.060943361416887
49	0.062131762185324
49	0.06281305774656
49	0.0644549182836506
49	0.0672708472720637
49	0.0618745929303097
49	0.0623921965146018
49	0.0574884723636146
49	0.0594244425065404
49	0.0584567420109119
49	0.0633941785890478
49	0.0602388882508327
49	0.0613917901384503
49	0.0651782499099748
49	0.0596812896080724
49	0.0594478564188182
49	0.0628676894682201
49	0.0605493863237873
49	0.0570988568382396
49	0.0595515255483397
49	0.0582072176949942
49	0.0645879732739421
49	0.0580028496794111
49	0.0641080749155665
49	0.0627251415175253
49	0.0591949486977111
49	0.0591407513931332
49	0.0606901544401544
49	0.0583617951944395
49	0.0630035356169941
49	0.0630542439249107
49	0.0596264813550909
49	0.060244470314319
49	0.0623133471169309
49	0.060366185267992
49	0.0624467299278368
49	0.0609376943166273
49	0.0607979734008866
49	0.06475296383222
49	0.0585790962082299
49	0.0596866596515842
49	0.0602711284807035
49	0.0594736842105263
49	0.063465945818887
49	0.060773138396729
49	0.0633655300826254
49	0.0654348593621278
49	0.0610968856070982
49	0.0634012493432191
49	0.0610336817653891
49	0.0622837370242214
49	0.0611240024902371
49	0.0605156496284621
49	0.0625109437926808
49	0.0621580079926222
49	0.0617373884538335
49	0.0623339926532919
49	0.0575495429167434
49	0.0564492369335926
49	0.0606542341791501
49	0.0607625790726017
49	0.0595916429249763
49	0.0615751789976134
49	0.0623407407407407
49	0.0602506611475221
49	0.0600879949717159
49	0.0618863433501934
49	0.0628241395568128
49	0.0628226695283949
49	0.0604198974114279
49	0.0614660140033459
49	0.0586988126968742
49	0.0604721626057316
49	0.0586679785991021
49	0.0583508245877062
49	0.0624748085449416
49	0.0574773502765031
49	0.0647256566577403
49	0.063475485929794
49	0.0606884057971014
49	0.0627855813166356
49	0.0602751297212502
49	0.060030534351145
49	0.0602695801912
49	0.0619738072965388
49	0.057702710825269
49	0.0601219512195122
49	0.0630151400011691
49	0.0617140764253449
49	0.0635934794291515
49	0.0601432283414665
50	0.0593301435406699
50	0.0644582043343653
50	0.0601970737533592
50	0.0639279813116062
50	0.063676504764118
50	0.0655495317890586
50	0.0642849015815224
50	0.0607537748186898
50	0.0604225874212282
50	0.0597094892249077
50	0.0640408546607185
50	0.062204071969697
50	0.0611916264090177
50	0.0642742673992674
50	0.0573977237772993
50	0.0611934180476665
50	0.0614457831325301
50	0.0621849724534052
50	0.0597321174123682
50	0.0579430226943506
50	0.0609843081312411
50	0.0624891007382433
50	0.0617079237237949
50	0.0627088776812299
50	0.0623906705539359
50	0.0632838236144021
50	0.0598055295220244
50	0.0650771216124869
50	0.0644314156589715
50	0.0609785783836417
50	0.0641946010086028
50	0.0598270347115271
50	0.0602206736353078
50	0.0598888188434867
50	0.0587133796436122
50	0.0671898270134036
50	0.0612400822803409
50	0.061508657222424
50	0.06456571867794
50	0.0638446737799545
50	0.0664573521716379
50	0.0596275516294616
50	0.060823988298391
50	0.0655180496952649
50	0.0586172961003813
50	0.0609148948632343
50	0.0594726014587619
50	0.0611710048245875
50	0.055527606590366
50	0.059063012699763
50	0.0633287891932086
50	0.0586604227001047
50	0.0630955904113643
50	0.0597896290828566
50	0.063180312352106
50	0.0610645933014354
50	0.063523042054898
50	0.0576958638969364
50	0.0634718769871091
50	0.061438444418414
50	0.0561224489795918
50	0.063100784336852
50	0.0613857855954362
50	0.0600506451223924
50	0.0650005866478939
50	0.0617047237232003
50	0.0612570079669519
50	0.060742270546073
50	0.0623725560753269
50	0.0631332357247438
50	0.0601583113456464
50	0.0595119082622758
50	0.0606218215441516
50	0.0623892236795463
50	0.0628290226596475
50	0.0643475230849643
50	0.0607375271149675
50	0.0620150550086856
50	0.0648253549817267
50	0.0637240741810619
50	0.0628321719617338
50	0.0675528040786599
50	0.0625965078988003
50	0.062852093228764
50	0.0587317438522032
50	0.0620600656968559
50	0.0616958706040926
50	0.0575962386129885
50	0.0637857649562544
50	0.0609640270687404
50	0.0629666068638231
50	0.0621334417281226
50	0.0603572043875266
50	0.0644047619047619
50	0.0638845955692942
50	0.0645917589824747
50	0.0632554864452529
50	0.0604188728085657
50	0.0616261626162616
50	0.0607931054562394
51	0.0591176470588235
51	0.0600309376487387
51	0.0683466064424106
51	0.0636631933987833
51	0.0569485762855929
51	0.0600377447511205
51	0.063341250989707
51	0.0592904389657246
51	0.0592399187699449
51	0.060760556621881
51	0.0641233766233766
51	0.0639084080445844
51	0.0634583914176617
51	0.0609532809639124
51	0.0600204683643369
51	0.0621202657430015
51	0.0633868341474762
51	0.0620980135465877
51	0.0610003379520108
51	0.0627688579218419
51	0.0608415357163414
51	0.0603853909926059
51	0.0627367424242424
51	0.0624962003769226
51	0.06072216417044
51	0.0604453252506412
51	0.0634929872548449
51	0.05889731796189
51	0.0636341785843048
51	0.063511484344586
51	0.0649104577959782
51	0.0612729483986796
51	0.0645584725536993
51	0.0608108108108108
51	0.0609095999502271
51	0.0621478873239437
51	0.0647850422770037
51	0.0601732615312573
51	0.062644736060804
51	0.065712078902026
51	0.0609294708905077
51	0.0616865427689327
51	0.060001167337886
51	0.0636135358125075
51	0.0636052321338348
51	0.0629542790152403
51	0.0578527168732126
51	0.0629464808525588
51	0.0611533405726696
51	0.0628544699760276
51	0.0621755613881598
51	0.0622708490950358
51	0.0642067253441661
51	0.0590895203177513
51	0.064525792343179
51	0.0610149253731343
51	0.0617488603398259
51	0.063143647384217
51	0.0618939789815944
51	0.0636304334934472
51	0.0598136459272618
51	0.0668177328452734
51	0.0616815784795876
51	0.0594558073828389
51	0.060548559599793
51	0.0611403709640485
51	0.0623820754716981
51	0.0620128182920492
51	0.0658351842360043
51	0.0625330280077506
51	0.0603529969201611
51	0.0618423373111516
51	0.0585663259022047
51	0.0606669597437669
51	0.0654537261307948
51	0.0626106826620965
51	0.0569670870501384
51	0.0625829917441256
51	0.0670442194382472
51	0.0600325127728751
51	0.0627845107892403
51	0.057393170033971
51	0.0596151504079893
51	0.063680358829084
51	0.0612132352941176
51	0.0571070533476549
51	0.0630693763139453
51	0.0613255459624175
51	0.0648334716131326
51	0.0635159368311448
51	0.0652173913043478
51	0.0622879162592742
51	0.0645064326079115
51	0.0612495397078679
51	0.0626670626670627
51	0.0623700623700624
51	0.0643830703012912
51	0.0613385018811994
51	0.0631323590320099
51	0.0625074272133096
52	0.0654652880354505
52	0.0602925024567894
52	0.0629916567342074
52	0.060384263494968
52	0.0613835271550174
52	0.0633934848839934
52	0.0588514757408397
52	0.0620935719629395
52	0.060466472303207
52	0.0622006704980843
52	0.0615920633045943
52	0.0622427411280454
52	0.0605213044513211
52	0.0623171445289643
52	0.0584961515689757
52	0.0628780098139906
52	0.0652967498822421
52	0.0627308436419066
52	0.06091823974275
52	0.0581899220007428
52	0.0619474277576693
52	0.0619572870218259
52	0.056494475962974
52	0.0629333646726995
52	0.0638214565387627
52	0.0647766120476247
52	0.0646569523921893
52	0.0640679953106682
52	0.0626102292768959
52	0.0603432915602542
52	0.0620851453421836
52	0.0622887775317562
52	0.0614535197743504
52	0.0649802738454398
52	0.0613765642775882
52	0.0595036319612591
52	0.0629704108014938
52	0.062115763832502
52	0.059096866436316
52	0.0598126490952464
52	0.0591002646280506
52	0.0638406248231366
52	0.0625280898876405
52	0.0641934377500857
52	0.0634693390598902
52	0.0602637648589509
52	0.0607510033536753
52	0.0620308653095538
52	0.0617881548974943
52	0.0600430158919823
52	0.0587956938365077
52	0.0610851808634772
52	0.0641070187630299
52	0.0573209484233684
52	0.0618507175884225
52	0.0628266102988668
52	0.0614356669820246
52	0.0653042841862298
52	0.0625073365418476
52	0.0623910966218875
52	0.0627924017811848
52	0.062765511876982
52	0.0618910852058343
52	0.062079546795704
52	0.062291824928417
52	0.0599502343614374
52	0.0627022653721683
52	0.0604483350091678
52	0.0621761658031088
52	0.0637563574715427
52	0.0625509755944539
52	0.0629662261380323
52	0.062093023255814
52	0.0616072465451167
52	0.0601752558367547
52	0.0629612275975167
52	0.0625442948263643
52	0.0597215722976135
52	0.06067492330417
52	0.0632167512979974
52	0.0608356156401142
52	0.0621300005979788
52	0.0588304784406379
52	0.0611014035285497
52	0.062167378209252
52	0.0593705293276109
52	0.0638547158758055
52	0.0638044126416219
52	0.0649454049135578
52	0.0614638817403794
52	0.0633695713400552
52	0.0616611219456235
52	0.061370348493798
52	0.0653154507728394
52	0.0620719178082192
52	0.0632775119617225
52	0.0619650804519
52	0.0629257591502136
52	0.0644146767617938
52	0.0626699909338169
53	0.0605111570941223
53	0.06051923751608
53	0.0583800841514727
53	0.0626761357231428
53	0.060041285756414
53	0.0627605505111073
53	0.0642773665757694
53	0.067161660479244
53	0.063963691376702
53	0.060264431590131
53	0.0657591003255401
53	0.0623104651828117
53	0.0647655042088988
53	0.0646851155904794
53	0.0614124293785311
53	0.0590131270511017
53	0.0657439446366782
53	0.0626279863481229
53	0.0620931397095643
53	0.0627308369793738
53	0.0616577963990488
53	0.0628215388133074
53	0.0625706534026679
53	0.0612805401384677
53	0.0670970034347981
53	0.0604672209966627
53	0.0625226750513968
53	0.0619766448305326
53	0.0638321492007105
53	0.0591894774262353
53	0.0637495072365828
53	0.0640444928616478
53	0.0633977502163253
53	0.0632851386584499
53	0.0618516233948298
53	0.0614269141531322
53	0.0637726560751846
53	0.0631965988739515
53	0.0619111709286676
53	0.066306906251794
53	0.0609088746133714
53	0.0615766529426011
53	0.0613661552820393
53	0.0638236813407565
53	0.0594172424151397
53	0.0642301532830016
53	0.0628066172276098
53	0.0629321457869448
53	0.0632627925204344
53	0.060576026119403
53	0.0671446057002973
53	0.0668780628423177
53	0.0596126047990749
53	0.0615615615615616
53	0.0642084123619324
53	0.0634522015737485
53	0.0591861898890259
53	0.0669367724263867
53	0.0629077926874308
53	0.0631925207756233
53	0.0628821968385831
53	0.0551707376351926
53	0.0629715612304121
53	0.0636462944862876
53	0.0628123580190822
53	0.0607294723603042
53	0.061401012917544
53	0.0577642656688494
53	0.0634504755937803
53	0.0593332530990492
53	0.0609713487071978
53	0.0627030162412993
53	0.0636116460858729
53	0.0641662901039313
53	0.0640238554639537
53	0.0626154414480975
53	0.0611297243284547
53	0.0623256872901133
53	0.0594047827866456
53	0.060512590432393
53	0.0615114235500879
53	0.0597440372309482
53	0.0621023755325979
53	0.0621525724423418
53	0.0634948918983131
53	0.0641744904969086
53	0.0611883989625088
53	0.0612946881696177
53	0.0589948168423505
53	0.0626202553786951
53	0.0629184881854906
53	0.0637325776415476
53	0.0613496932515337
53	0.0641447368421053
53	0.0603062426383981
53	0.061340206185567
53	0.062545587162655
53	0.0614811890123526
53	0.0618201595358956
53	0.0618367464005048
54	0.060126052763679
54	0.0608654584095873
54	0.0620569436374201
54	0.0597728631201435
54	0.063414923250163
54	0.0620985010706638
54	0.0627516392499712
54	0.0629407004970524
54	0.062756966651439
54	0.0625400337739475
54	0.0604965613707891
54	0.0622871327137332
54	0.0605823942876269
54	0.0616144394144277
54	0.0641692681234825
54	0.065614378708451
54	0.0639145496535797
54	0.0642570281124498
54	0.0629047699498789
54	0.0630804077010192
54	0.0605019507366214
54	0.0627487167656728
54	0.0613836038866585
54	0.0650044001173365
54	0.0618234303584316
54	0.0603135603135603
54	0.0615810902510744
54	0.062542030934768
54	0.0628104002337131
54	0.0629681779780344
54	0.0630857142857143
54	0.0636112208613196
54	0.0574606650913492
54	0.0634423224738367
54	0.0600438522516445
54	0.0650045537340619
54	0.0642885817514481
54	0.0629669156883671
54	0.060162507923702
54	0.060656027324657
54	0.0613148631770183
54	0.0609504132231405
54	0.0602597091735982
54	0.0632579291044776
54	0.065074279056219
54	0.0656435017531758
54	0.0613215963837507
54	0.0617924528301887
54	0.0654914712761709
54	0.061575068191051
54	0.0631454872025146
54	0.0618389423076923
54	0.0629934486813371
54	0.0594037211387581
54	0.0600790513833992
54	0.0626395581149371
54	0.0628400912761102
54	0.0638020094227167
54	0.0616868550919695
54	0.0600209986000933
54	0.0625945317044793
54	0.0655324864290111
54	0.0630266853932584
54	0.0632468316234158
54	0.0616623526028185
54	0.0625859286269353
54	0.0588341563290377
54	0.0603374808249531
54	0.0651899115150786
54	0.0620086823888302
54	0.0620582658162386
54	0.0633842671194114
54	0.0592716569515785
54	0.0628677970051856
54	0.0669234749611913
54	0.0650939530527425
54	0.0618355874659097
54	0.0637781629116118
54	0.0631186742297853
54	0.0625182247623491
54	0.0621282609975855
54	0.0647421992324378
54	0.0597228005472607
54	0.0653010478953289
54	0.0662820947856577
54	0.0595585659231578
54	0.0630060440187022
54	0.0614584564472285
54	0.0621831899092302
54	0.0594421847762929
54	0.0660047388017601
54	0.0622355430183357
54	0.0636868244230207
54	0.0631807036551292
54	0.0602354027232864
54	0.0667824527984761
54	0.06318347509113
54	0.0649357900614182
54	0.0620457365715299
54	0.0628698658229331
55	0.063189685213149
55	0.0640296949309825
55	0.0638730445586491
55	0.0622447218546856
55	0.0625703987384546
55	0.0674853666934466
55	0.0627603126604667
55	0.0608283489448144
55	0.065786491387126
55	0.0592039508495502
55	0.064339686477952
55	0.0604234808056464
55	0.0632303598287632
55	0.0603056106380497
55	0.0623458560367078
55	0.0631816897428652
55	0.0624604589635935
55	0.0592601319509896
55	0.0635905843775618
55	0.0593639165067736
55	0.0597653958944282
55	0.0607269254536262
55	0.0630729316805996
55	0.0577983282945047
55	0.0600394843804436
55	0.0596891923710855
55	0.0599882144961697
55	0.0633444970550872
55	0.0607800773254492
55	0.0626795357922555
55	0.0633661020964112
55	0.0642497364413728
55	0.0604902710011169
55	0.063046479521399
55	0.0628489208633094
55	0.0637422086322474
55	0.0629178810217727
55	0.0627661339379528
55	0.0612069459567884
55	0.0601890697544331
55	0.063755353157609
55	0.0616847353469766
55	0.0625746629501109
55	0.0671850525844708
55	0.0592450192240475
55	0.0591562301610204
55	0.060829756795422
55	0.0607533414337789
55	0.065799886941775
55	0.0632575971133788
55	0.0626193417949006
55	0.0618722378465247
55	0.0614946380697051
55	0.0615994029508009
55	0.0612399929877871
55	0.0598392210144928
55	0.0649888143176734
55	0.0618231822609294
55	0.0609196754086793
55	0.0642881375098948
55	0.0636363636363636
55	0.0588335124738361
55	0.0629334257975035
55	0.0617974354629159
55	0.0646112910689496
55	0.0614830311483031
55	0.0596187175043328
55	0.0611493706957967
55	0.063744557329463
55	0.0617999886292569
55	0.0614241924074511
55	0.0598700766664716
55	0.0604852889461962
55	0.0671211326691138
55	0.0629398410896708
55	0.0627340284578605
55	0.0614476145930776
55	0.0613013500202793
55	0.0603268945022288
55	0.0634614293012431
55	0.0630839798403081
55	0.0619109330819981
55	0.0662525879917184
55	0.061346605525109
55	0.062592888990511
55	0.0614482556435063
55	0.0602224997161993
55	0.062621637092158
55	0.0590388750072636
55	0.0606662254577542
55	0.0615438719887463
55	0.0627955253142659
55	0.0613827993254637
55	0.058952090642434
55	0.0598434328790954
55	0.0596758077051182
55	0.0608365019011407
55	0.0645943811350558
55	0.0588132736676934
55	0.0632080404345553
56	0.0628769773529077
56	0.0612685253534723
56	0.0557479021184203
56	0.05981106305486
56	0.0586829073937048
56	0.0623431439653206
56	0.0619086083544888
56	0.064521563342318
56	0.0653145602860655
56	0.0598010465183141
56	0.0630010803434355
56	0.0616205995217174
56	0.0616724533631495
56	0.0625071616821359
56	0.0611997226074896
56	0.0634975115840055
56	0.0631596489278969
56	0.0620874948893172
56	0.0615455013441629
56	0.0626805956879306
56	0.060630464795214
56	0.0618257742721262
56	0.0598709231301141
56	0.0603521969567447
56	0.0644977818223183
56	0.061875
56	0.060853306136325
56	0.0653272101033295
56	0.0593195353499617
56	0.0613042463835744
56	0.0612964783438385
56	0.0623185038912766
56	0.0631264782070053
56	0.0633596392333709
56	0.0609749095711087
56	0.0604423434070572
56	0.0617407222499584
56	0.0632229530505784
56	0.06467689868041
56	0.0648070352321739
56	0.0614655861203059
56	0.0633607254179654
56	0.0631144762120013
56	0.0616883116883117
56	0.0619351867840903
56	0.0620498934147606
56	0.0628554846198491
56	0.0606564187785625
56	0.0577429291514982
56	0.0594789356984479
56	0.0622291558329
56	0.0647395535203206
56	0.0650979045001718
56	0.0597443549749423
56	0.0621711828930248
56	0.0626093613298338
56	0.0636747858970081
56	0.0613107822410148
56	0.0635394937137058
56	0.0607874740962468
56	0.0617388841687907
56	0.0627583830960037
56	0.0600419953464616
56	0.0669557675628795
56	0.062823649917487
56	0.0569318723201525
56	0.0628962019734303
56	0.0649455425574829
56	0.0636420207048707
56	0.0651471436814772
56	0.0641152534916969
56	0.0649027589326097
56	0.0616530767877046
56	0.0603813559322034
56	0.0617889025030632
56	0.062848684959581
56	0.0640670100175448
56	0.0610383797694976
56	0.0644771655354883
56	0.0652125028108837
56	0.0617806667064226
56	0.0649701286764706
56	0.0617138826848478
56	0.0629024564750775
56	0.063003663003663
56	0.0626586204951779
56	0.0602783849073968
56	0.0593026662760035
56	0.0610475199445023
56	0.0651640513552069
56	0.0631770009953744
56	0.0608422522103304
56	0.0606043394297399
56	0.0615107305807469
56	0.063787413224081
56	0.0639282131312005
56	0.063539226329924
56	0.0656248164032665
56	0.0625486922648859
56	0.0619620361397708
57	0.063204146011717
57	0.0621058014659924
57	0.0607285177078071
57	0.0624550533827516
57	0.0617668725562419
57	0.064139438564197
57	0.0586076318089135
57	0.0625106746370623
57	0.0628308007512378
57	0.0611761989957869
57	0.0614525139664804
57	0.0604364540931705
57	0.0586265640603889
57	0.0600830367734282
57	0.0638562386980109
57	0.0653740261261789
57	0.061944847605225
57	0.0598812649845873
57	0.0608685993557703
57	0.0642466148084126
57	0.0634849167041873
57	0.0597429663077457
57	0.0583772153332201
57	0.0623563057253407
57	0.0621267127298279
57	0.0635609514915124
57	0.0647923826694462
57	0.0616470313775808
57	0.0624397982888549
57	0.0643251322143021
57	0.0601778878630939
57	0.0609145815358067
57	0.0642702702702703
57	0.0630230572160547
57	0.0598885793871866
57	0.061608734402852
57	0.061646977864434
57	0.0634911547489552
57	0.0636639734112658
57	0.0625240160289839
57	0.0627970128988459
57	0.0629527423249396
57	0.0635593220338983
57	0.0621069182389937
57	0.0628757945370211
57	0.0627607581356538
57	0.0600649350649351
57	0.0641994809883786
57	0.0651711792347281
57	0.0651100134710373
57	0.0607506178516007
57	0.0625886625432673
57	0.0621213853011773
57	0.0642820701774276
57	0.063886524822695
57	0.0592497370573799
57	0.0651133644753333
57	0.0660090191657272
57	0.0622180657938167
57	0.063036923251977
57	0.0631596771462437
57	0.0633591672795158
57	0.0618692660550459
57	0.0614138687362915
57	0.0596511295396054
57	0.0636689216076403
57	0.0605469869846912
57	0.0608985212777966
57	0.0633682938883093
57	0.06324748289481
57	0.0619478922061948
57	0.0607128415458379
57	0.0624279993417083
57	0.0653982693587752
57	0.0635255241567912
57	0.0592179433928677
57	0.0670451319897814
57	0.0639491612755482
57	0.0643676886400177
57	0.0619980354769746
57	0.0601558558053484
57	0.0632016868980453
57	0.0604667820688832
57	0.0638705186216498
57	0.0634606690777577
57	0.0629462500714
57	0.060271553151562
57	0.0658738486650344
57	0.0671822954891887
57	0.0609342074455631
57	0.0665034225610774
57	0.0622302577860726
57	0.0627704378930364
57	0.0605149727767695
57	0.0629953143981026
57	0.0644114129506236
57	0.0612561831358564
57	0.0625628983562563
57	0.0670375365250618
57	0.0621058558558559
58	0.0639210155148096
58	0.0627366458903711
58	0.0633295838020247
58	0.0626479493531517
58	0.0602155442778126
58	0.063526834611172
58	0.0647937086847504
58	0.0611267140261028
58	0.0613952392175348
58	0.0648741166077739
58	0.0635005909530461
58	0.0596511295396054
58	0.0654183733177297
58	0.0600868442671048
58	0.0631620913543684
58	0.0623868312757202
58	0.0616029042166992
58	0.0632212744606121
58	0.0632832787625607
58	0.0616875712656784
58	0.0619438740588638
58	0.0628786638283936
58	0.0622747747747748
58	0.0642196630169626
58	0.0644015101043749
58	0.0596507676081097
58	0.0614305750350631
58	0.0585002862049227
58	0.0621820237422272
58	0.0635298114489553
58	0.0642925029350925
58	0.0627144383823612
58	0.0631904298551886
58	0.0661584845554355
58	0.0655011789062051
58	0.061666205369499
58	0.0617987127641397
58	0.059557897148093
58	0.0645889543527339
58	0.0654617339734538
58	0.0642861121943067
58	0.0630718766185187
58	0.0625379477838494
58	0.0613837965700769
58	0.0594148876087202
58	0.0587541988331664
58	0.0633619495984492
58	0.0651255707762557
58	0.0641373080397471
58	0.062406056894728
58	0.0636388966285873
58	0.0582803693488428
58	0.0634372038575171
58	0.065776513078691
58	0.0651129397470591
58	0.0640092623221965
58	0.0624551724137931
58	0.0613697351534243
58	0.058426049979612
58	0.0613990657887332
58	0.0609669489210598
58	0.061151481274455
58	0.0617754223252733
58	0.0633618233618234
58	0.063111897781957
58	0.0624712907671107
58	0.061134131804507
58	0.0654275953911181
58	0.0676323119777159
58	0.0618141714915908
58	0.0627437680176361
58	0.0638136511375948
58	0.0598686525155389
58	0.0626953997320232
58	0.0638621388748099
58	0.0636511224318424
58	0.0635834854014599
58	0.0622633103141011
58	0.0631067961165049
58	0.0627932572554017
58	0.0621478572648113
58	0.0617519042437432
58	0.060281500588796
58	0.0636521947997358
58	0.0621301775147929
58	0.0624338624338624
58	0.0625245772709398
58	0.0628986632647401
58	0.0625503047027711
58	0.0619989909748304
58	0.0629196027298452
58	0.064576802507837
58	0.0655099150141643
58	0.0623348884267326
58	0.0632584269662921
58	0.0612065427683649
58	0.0657819142824313
58	0.0651310106536136
58	0.0630399252860145
58	0.0666849165069806
59	0.0602695834714396
59	0.0617708392041932
59	0.0637687679244222
59	0.0602735003447483
59	0.0627209487968982
59	0.0633748055987558
59	0.064889138366545
59	0.0623304669013678
59	0.0618994413407821
59	0.0628266429445124
59	0.063504208110176
59	0.0603607124909264
59	0.0627815640522121
59	0.0634081902245707
59	0.061033393501805
59	0.0626361960105046
59	0.0678730480861379
59	0.0635445877734156
59	0.064143470128727
59	0.0627518710420265
59	0.060799820517135
59	0.0645796970891279
59	0.0617277375372816
59	0.0601729106628242
59	0.0625483906647495
59	0.0632981065609863
59	0.0645288105133101
59	0.0607215868280016
59	0.0608505243747839
59	0.0610371730151446
59	0.0634118322802987
59	0.061396375464684
59	0.0615401491882405
59	0.0644496594356362
59	0.0624823136566869
59	0.0650774317034975
59	0.0583065257352941
59	0.0612821080602303
59	0.0612244897959184
59	0.0612327421870487
59	0.0603261489337439
59	0.0612408884807438
59	0.0634380405066116
59	0.0603540924260422
59	0.0609756097560976
59	0.0626381724392041
59	0.0619537559464543
59	0.0616374811550504
59	0.0613550962893377
59	0.0635961225976355
59	0.0646276136167271
59	0.0635987011532863
59	0.0643481182795699
59	0.0642600848102642
59	0.061751558964737
59	0.0611979166666667
59	0.0590546631226164
59	0.0594787001952004
59	0.0667600896860987
59	0.0617207682803549
59	0.0648211437685122
59	0.0587824873539159
59	0.0658019261815955
59	0.0603893524036551
59	0.0612269066792989
59	0.0621090749478767
59	0.0615711252653928
59	0.064571938832459
59	0.0621043627031651
59	0.0671394258263754
59	0.0620030028360118
59	0.0572289156626506
59	0.0644887808737919
59	0.064922104562843
59	0.0628718535469108
59	0.0612279415910244
59	0.0651824777094756
59	0.0633158208308509
59	0.0616524216524217
59	0.0644855116967227
59	0.0627534802148416
59	0.0626729704797048
59	0.0665761607385284
59	0.062168351672904
59	0.0610436494913029
59	0.063102847181871
59	0.0581044971288874
59	0.0593352151621637
59	0.0634559252772913
59	0.0627160760587727
59	0.0646441581036264
59	0.063319017729325
59	0.0613350054152653
59	0.0623820623820624
59	0.0634606690777577
59	0.0671457315320494
59	0.0623397344578039
59	0.0634875525747414
59	0.0611168443985781
59	0.0639294571507302
60	0.0630718954248366
60	0.0607986501687289
60	0.0631671136898571
60	0.0622485471613768
60	0.0638914129940936
60	0.0640646335912608
60	0.0637421366141513
60	0.0616450117337302
60	0.0616672360778955
60	0.063775661125244
60	0.0642889339643904
60	0.0603684829478636
60	0.0601859678782756
60	0.0624052126046172
60	0.066157618994538
60	0.0650673305420392
60	0.064777998674619
60	0.0655476059438635
60	0.0602146834280466
60	0.0632244467860906
60	0.0621237932992618
60	0.0646592358453946
60	0.0609611809116007
60	0.0609536662168241
60	0.0613697351534243
60	0.0642092100255532
60	0.0622987765614939
60	0.0604968604968605
60	0.0641488162344983
60	0.059378686590641
60	0.0622884224779959
60	0.0655551345206518
60	0.0632530120481928
60	0.0646525679758308
60	0.0630126138356242
60	0.0640465793304221
60	0.0616856912256428
60	0.0635747493418473
60	0.0620900248812486
60	0.0610943269553541
60	0.0609233168123851
60	0.0628536893577276
60	0.0641263940520446
60	0.0660448975165383
60	0.060318362706083
60	0.0629010843106882
60	0.0613524158207134
60	0.0655433866891323
60	0.0632426648645605
60	0.0641891891891892
60	0.0676662821991542
60	0.0681564245810056
60	0.0633491481561354
60	0.0626212247159878
60	0.0624894633323967
60	0.0620843811120425
60	0.0650343452249058
60	0.0625802489811868
60	0.0619323342415985
60	0.0637521713954835
60	0.0615964105688805
60	0.0608319175754919
60	0.064776885684636
60	0.058773229962376
60	0.0591152437306283
60	0.06067492330417
60	0.0676202860858258
60	0.06289343843929
60	0.0618616527390901
60	0.0629890010205239
60	0.0628212450028555
60	0.0623109843081312
60	0.0623975583564121
60	0.0600394255139397
60	0.0620966828936941
60	0.062976377101465
60	0.063664861783984
60	0.061652281134402
60	0.0619352718909151
60	0.0634703695604636
60	0.0631986718317654
60	0.0585844510247924
60	0.0650189898531829
60	0.0638012088650101
60	0.0642259295109036
60	0.0636247144687726
60	0.0617249931110499
60	0.0602216066481994
60	0.0665006082372705
60	0.0624495723737292
60	0.061316607069582
60	0.0627120499069717
60	0.0592135608856089
60	0.0638515239230376
60	0.0606621903218338
60	0.0611631205673759
60	0.0625378808749793
60	0.0654752490906215
60	0.0633952399106802
60	0.0641335383263782
61	0.0567363428772176
61	0.0639158127942398
61	0.062513221916649
61	0.0649797458520615
61	0.0600148749928486
61	0.0603408567480424
61	0.0625510370733301
61	0.0629203237205061
61	0.0641559740043326
61	0.0676132896999279
61	0.059976145851082
61	0.063915857605178
61	0.0602864877058425
61	0.0630695710157813
61	0.0622121125959625
61	0.0620519713261649
61	0.0623757314094188
61	0.058071147147833
61	0.0619354838709677
61	0.062937834408958
61	0.0640218420906001
61	0.0612988177284698
61	0.0631631855244052
61	0.0628667225481978
61	0.0615020030468882
61	0.0593862316837158
61	0.0607909604519774
61	0.0629324546952224
61	0.0629813732452068
61	0.0643856396426766
61	0.0652495480195036
61	0.0629899058252975
61	0.0619074177356386
61	0.062119794103884
61	0.0646216307657607
61	0.0608276549775636
61	0.0607827291618564
61	0.0603106223784151
61	0.0651091535810034
61	0.0657411408815903
61	0.0645438898450947
61	0.0618841150965708
61	0.061630668325229
61	0.0621465794433973
61	0.061753551819777
61	0.0627867935086737
61	0.0600860899817206
61	0.0641480591799967
61	0.0632289748311848
61	0.0607938368782448
61	0.0597523571509713
61	0.0618183781449088
61	0.0631702412868633
61	0.0639264285313744
61	0.0663936193145074
61	0.0639374931220425
61	0.061986301369863
61	0.0597993610939864
61	0.0644304217867818
61	0.0636161320089019
61	0.061471810783912
61	0.0648970807350588
61	0.0634389735716636
61	0.0606296152351341
61	0.0617920253738106
61	0.0622432679141944
61	0.0634275718074601
61	0.0637969094922737
61	0.0618579975166497
61	0.0668330560177482
61	0.0628132308720347
61	0.0666017421414273
61	0.0609421449805625
61	0.0614423183276186
61	0.063522992985191
61	0.061782827426375
61	0.062165885918986
61	0.0648010156206878
61	0.0609756097560976
61	0.0647855530474041
61	0.0631120167544009
61	0.062875075703353
61	0.066342863450712
61	0.0631079203334877
61	0.0605687416032244
61	0.0599320002305077
61	0.0640967669002939
61	0.0675296061690994
61	0.0631019594818997
61	0.0655131196994707
61	0.0616465079984393
61	0.0651725483637175
61	0.062829899540269
61	0.0648949320148331
61	0.0618790019871936
61	0.0617538770500948
61	0.0585824081981213
61	0.0635803478924696
61	0.0632058077898133
61	0.0616410553783705
62	0.0633743938464968
62	0.0642447205661113
62	0.0630245095314845
62	0.0631996911707936
62	0.0615453227784591
62	0.0617720345367097
62	0.0581514324693042
62	0.0638297872340425
62	0.0605886740489988
62	0.0613523914238593
62	0.0639732485473084
62	0.0627841524139424
62	0.0665404532546356
62	0.0644760614272809
62	0.0648405378375375
62	0.062832976327786
62	0.0644559936730313
62	0.0674053554939981
62	0.0634299989138699
62	0.0672816660222063
62	0.0623620621357026
62	0.0603808894760018
62	0.066111681712525
62	0.063647698934482
62	0.0618691164795282
62	0.0618939883645766
62	0.0613562366677894
62	0.0624858629269396
62	0.062277183600713
62	0.061070800351803
62	0.0611713152128857
62	0.0654593786343246
62	0.063884922523666
62	0.0606944682798467
62	0.0642492225677477
62	0.0615818607621886
62	0.0659782989149457
62	0.0629019184004323
62	0.0614809598613293
62	0.0597357518754899
62	0.0641825436969595
62	0.063213589529379
62	0.0601321212805601
62	0.0613414973559699
62	0.0616350803090091
62	0.0611041117855916
62	0.0616721188394916
62	0.0639831951856478
62	0.0647299773633718
62	0.0660184520192255
62	0.0605052103224398
62	0.0611316941731223
62	0.064213682202235
62	0.0651849394592802
62	0.061897458369851
62	0.0621555252387449
62	0.0644548218940052
62	0.0601996981307326
62	0.063047189031441
62	0.0642035130224107
62	0.0636147771826164
62	0.0600285306704708
62	0.0618470771282507
62	0.0627191273860538
62	0.061236050529655
62	0.063793974078438
62	0.0612370902559497
62	0.0630960719866372
62	0.0612233476971291
62	0.0609010640706362
62	0.0611776558826822
62	0.0643268379096546
62	0.0618042006197636
62	0.062795408507765
62	0.060540979800325
62	0.063490298548952
62	0.0679520468482404
62	0.0647238769924328
62	0.0585889074543201
62	0.0649690756115228
62	0.0667395431793338
62	0.0636720694805554
62	0.0609762932242336
62	0.0607772254857659
62	0.0620659243743799
62	0.0647591208049919
62	0.064180790960452
62	0.0646640678743407
62	0.0653453253386631
62	0.0605606182950744
62	0.0603769509099746
62	0.0646271722836045
62	0.0617465772104947
62	0.0652102496714849
62	0.0631301814922698
62	0.0671230678718511
62	0.0634430919391934
62	0.0635910224438903
62	0.0648073077130966
62	0.0653763677351955
63	0.0631964077831365
63	0.0633516095760274
63	0.0644458107428316
63	0.0629886084431539
63	0.0660407383831954
63	0.0607357190486775
63	0.0631658644746093
63	0.0610652997548473
63	0.065020710704164
63	0.0632870169344334
63	0.0594448814473536
63	0.0646070520614568
63	0.0632505569744063
63	0.0636635638297872
63	0.0602608646124053
63	0.0652665233449093
63	0.063636863219212
63	0.0636010906040268
63	0.0627841998575577
63	0.0641171684296176
63	0.0636590091336839
63	0.0624730951356005
63	0.0620356813621821
63	0.0630746085696774
63	0.0632180718210579
63	0.0629469891357755
63	0.0626219818212234
63	0.0625415466430312
63	0.060536398467433
63	0.0606553697677028
63	0.0628349557038171
63	0.0634056965187941
63	0.0603626220362622
63	0.062565057798718
63	0.0611277304284021
63	0.0618474807081253
63	0.0633007189577815
63	0.0592186275607299
63	0.0655974249403408
63	0.0671744359179934
63	0.0645445049205564
63	0.0636775311678873
63	0.0630242945854668
63	0.0635007079838797
63	0.0644151920586966
63	0.0596859213705249
63	0.065584558017109
63	0.0614321260713298
63	0.0635529608006672
63	0.0608651341863889
63	0.0648153229789803
63	0.0633569469835466
63	0.0601379467593912
63	0.06144612746499
63	0.0621271005528491
63	0.0636521361960529
63	0.0605322763306908
63	0.0626223091976517
63	0.0632180808026323
63	0.060809656664579
63	0.0636201202014186
63	0.0608215281955915
63	0.0666701913926192
63	0.064647577092511
63	0.0601909959072306
63	0.0633162063797902
63	0.0627380685637464
63	0.0638525698827773
63	0.0647265429001505
63	0.0583861671469741
63	0.0612133158125274
63	0.0653906631242206
63	0.0602588818507298
63	0.0623720183740107
63	0.0638687113263385
63	0.0641644519173401
63	0.0642154912769222
63	0.0637945318972659
63	0.0644869840194252
63	0.0644445676889801
63	0.0622831743278404
63	0.0630790346562965
63	0.0631849698054127
63	0.0624088182849733
63	0.0647062093501584
63	0.0647734008729859
63	0.0648988914266615
63	0.0601524834622716
63	0.0637470127271717
63	0.0640237083426527
63	0.0593953697460103
63	0.061748695849399
63	0.0656324582338902
63	0.0683344162876327
63	0.0623435722411832
63	0.0620509107113017
63	0.0638669211889828
63	0.0657297533767157
63	0.0660924210412265
63	0.0629664436950633
64	0.0635993135993136
64	0.0612255965292842
64	0.0639310813874405
64	0.0565853658536585
64	0.0610018273675159
64	0.0600712807541964
64	0.0621576428530243
64	0.0618855761482675
64	0.0627404236874898
64	0.0642278228044854
64	0.0636265515380464
64	0.0627259778678646
64	0.0628965517241379
64	0.0651630434782609
64	0.0634373289545703
64	0.0642287599670058
64	0.0648137976491267
64	0.0626229508196721
64	0.0620625546806649
64	0.0612267804029407
64	0.0642005166822404
64	0.0627459675184302
64	0.0634860600821266
64	0.0646348725166459
64	0.061182260499972
64	0.0631915969218671
64	0.0627888625859542
64	0.0653848225346044
64	0.061427381282977
64	0.062403951701427
64	0.0652308037467048
64	0.0631561679790026
64	0.0627193478999208
64	0.0636882129277567
64	0.0629293036035084
64	0.0633423898566938
64	0.0647884235913177
64	0.0631953464731462
64	0.0603765299961579
64	0.0648548148958276
64	0.0680851063829787
64	0.0654301075268817
64	0.0636111564182026
64	0.0643673228557636
64	0.0614129847682835
64	0.0622927260667698
64	0.0619946091644205
64	0.0624700175896807
64	0.0662395482679987
64	0.0625808993190388
64	0.0632186981868749
64	0.0614108345860475
64	0.0648173428711844
64	0.0626846430681635
64	0.0584389047813649
64	0.0630945343150427
64	0.0621518777918712
64	0.0622716614864496
64	0.0641217150760719
64	0.0617297972627634
64	0.0617458419393412
64	0.0621285791464073
64	0.0647560115073549
64	0.0645884488096509
64	0.0654080321733788
64	0.0598027478478992
64	0.0629382211671175
64	0.0646136618141097
64	0.0612862408538263
64	0.0635328271549799
64	0.0647802197802198
64	0.0630509235865476
64	0.0610902255639098
64	0.0598778916708676
64	0.0610502667789947
64	0.0614215169505632
64	0.0659738623838765
64	0.065933449301386
64	0.0625344656446454
64	0.0637610976594027
64	0.0622954338144551
64	0.0627121383546145
64	0.0647732375392905
64	0.0644752780530779
64	0.0620728929384966
64	0.064369453270516
64	0.0613253666485606
64	0.0624239743447971
64	0.0616299955096542
64	0.0653244806168344
64	0.0611801748004994
64	0.0668607845291726
64	0.0637781820186318
64	0.06580859456093
64	0.0625312656328164
64	0.063399329222114
64	0.0625314333612741
64	0.062218765624132
64	0.0660315374507227
64	0.0637783771634075
65	0.0636942675159236
65	0.061566080574476
65	0.0612562355844017
65	0.0644985266834006
65	0.0605995022183746
65	0.0625307999780978
65	0.0619719845206301
65	0.0622047244094488
65	0.0626001495566713
65	0.0607149166715741
65	0.0640418232314981
65	0.0604531241428493
65	0.0663695430381786
65	0.0663480773505223
65	0.0642875885594332
65	0.0666738591002266
65	0.0598135964912281
65	0.0641039582427142
65	0.0670271427806628
65	0.0642272402615241
65	0.0605645069134956
65	0.0637546878446945
65	0.0607150763781271
65	0.0607166556071666
65	0.0641443792128724
65	0.0640305311141736
65	0.0636816453323336
65	0.0663694339409673
65	0.064812357343808
65	0.0647260273972603
65	0.0641473836080129
65	0.06448618543191
65	0.0607728471505561
65	0.0627062706270627
65	0.0639965407275282
65	0.0615883306320908
65	0.0643379366368806
65	0.0650807413026986
65	0.0634278750276978
65	0.0633144092998108
65	0.0593689924233857
65	0.060234244283324
65	0.0639249481837024
65	0.0632305768498885
65	0.0625235000268572
65	0.0571252382554098
65	0.0648351030956795
65	0.0635374003017892
65	0.0652315367096844
65	0.0625532156439802
65	0.0607215868280016
65	0.0641540577716644
65	0.0660937831529811
65	0.0635024549918167
65	0.0644400364552619
65	0.06283378746594
65	0.0619502868068834
65	0.0630348453492925
65	0.0636038514442916
65	0.0640883977900552
65	0.066140124650763
65	0.0586040002332497
65	0.0624162572577043
65	0.0636784651008932
65	0.0616381915068945
65	0.0644175128289114
65	0.0641158221302999
65	0.0640677598001955
65	0.0645126137416226
65	0.0613760105593136
65	0.063243037837251
65	0.0632434792098658
65	0.0600277392510402
65	0.0663138567879901
65	0.0647202486678508
65	0.0658540621035795
65	0.0637589300102057
65	0.0605760229087505
65	0.0646392037600221
65	0.0605159842961301
65	0.0612948041122534
65	0.0611388384754991
65	0.0654703106135441
65	0.065633102852204
65	0.0609942747009807
65	0.0581401970275041
65	0.0639323833775803
65	0.0628161200848426
65	0.0639930347717255
65	0.0628972167433706
65	0.0648728144234435
65	0.0640298265521154
65	0.0646400173094607
65	0.0636553697183099
65	0.0639071230944502
65	0.0621016413785324
65	0.0653058948190285
65	0.06144225804601
65	0.0623557850785628
65	0.0640806656014105
66	0.0650800566387104
66	0.0638910709609846
66	0.0625916074045926
66	0.0674969420660514
66	0.0631590449653062
66	0.0644986743141605
66	0.0634583753382501
66	0.0626665245657039
66	0.0641778067601348
66	0.0619073569482289
66	0.0646107880275303
66	0.0660743735702506
66	0.0631306169708331
66	0.0628625672397426
66	0.0618881319058797
66	0.0639778224710551
66	0.0620631814369583
66	0.061467320814301
66	0.0634475939353988
66	0.0629895911578496
66	0.0606263234146885
66	0.0654154318955109
66	0.0630187681734073
66	0.0612714230958769
66	0.0607654431512981
66	0.0618392392286033
66	0.0627908312747745
66	0.0631243587666721
66	0.063301412108424
66	0.0640152546989921
66	0.063437998935604
66	0.0657231085949563
66	0.06351373491344
66	0.0618867924528302
66	0.065300285986654
66	0.0629097805472772
66	0.0664107485604607
66	0.0606526567572185
66	0.0615811373092926
66	0.0641168599464764
66	0.0630083505042837
66	0.0626189052562918
66	0.0600312430261102
66	0.0618033329654563
66	0.0601162468862441
66	0.0624895385817106
66	0.0617317376942654
66	0.063393682379166
66	0.0603265479219678
66	0.0626567813144545
66	0.0654803884337872
66	0.0661480745889882
66	0.0610403106711152
66	0.0642097879458264
66	0.0650819039214605
66	0.0600961538461538
66	0.0617270557604686
66	0.0616478639790408
66	0.0631815441942024
66	0.0668255171666847
66	0.0623673469387755
66	0.0634920634920635
66	0.0643553745579252
66	0.0614513083355813
66	0.0638650815593033
66	0.0626854599406528
66	0.0638297872340425
66	0.0645442176870748
66	0.0628757376868347
66	0.0627477251158377
66	0.0624433906974266
66	0.0632103795839588
66	0.062417943107221
66	0.0627643824027073
66	0.0647888870586943
66	0.0610399820305481
66	0.0677069272717456
66	0.0598889698872876
66	0.064389456697149
66	0.066516829881736
66	0.0592476664244592
66	0.0640404929577465
66	0.0631511115884438
66	0.0647052437303224
66	0.0642147651006711
66	0.0649705409748259
66	0.0665534618755478
66	0.0671412392816696
66	0.0600185680738354
66	0.0624053826745164
66	0.0628940986257074
66	0.062696103599749
66	0.0671524115056278
66	0.0641039884457282
66	0.0618140735958683
66	0.0621905116873436
66	0.063947743989461
66	0.0672969075468675
66	0.0614183545340394
66	0.0611930442438917
67	0.0636313465783664
67	0.0638379414180126
67	0.063929650410013
67	0.0643092016602878
67	0.0639619473978735
67	0.0642092746730083
67	0.0624584717607973
67	0.0640531276778063
67	0.0648063351828907
67	0.063992359121299
67	0.061318176849929
67	0.0631497882171737
67	0.0627050076536191
67	0.0622657672127637
67	0.0618941896355661
67	0.06198738170347
67	0.0654252642174132
67	0.0651068714808943
67	0.0648356355070136
67	0.0640885785971419
67	0.0634504176483187
67	0.0639773610032183
67	0.0619377912647664
67	0.0627168256721596
67	0.0634402654867257
67	0.0645419176037947
67	0.0669040280582421
67	0.0623934912869001
67	0.06312513891976
67	0.0629496402877698
67	0.0619902990245723
67	0.0649175735373343
67	0.0640386075262987
67	0.064141689373297
67	0.0629879441287376
67	0.0614522038414566
67	0.0643259179844546
67	0.0630610538054084
67	0.0637289612724005
67	0.0644418872266974
67	0.0610547329895192
67	0.0613423403791676
67	0.066165332179182
67	0.063085263676688
67	0.0676472208450394
67	0.0633151144542454
67	0.0621258330509432
67	0.065262157452875
67	0.0643470743962397
67	0.0622783687943262
67	0.0672996223248007
67	0.0625068179338933
67	0.0645107977082415
67	0.0623759099933819
67	0.0626437411017413
67	0.0643386358683809
67	0.065145340939962
67	0.0614603586087708
67	0.064949182020762
67	0.0622926649465536
67	0.0615006821282401
67	0.0638788450453283
67	0.0590514653713911
67	0.063217180755869
67	0.0636083916083916
67	0.0639790634222396
67	0.0632841123570556
67	0.0634973404255319
67	0.0595062009329844
67	0.0601213162273874
67	0.0663915978994749
67	0.0629474465715649
67	0.0638519248672033
67	0.0620613224972294
67	0.0633251286641307
67	0.0650106299653127
67	0.0642561650459356
67	0.0636813801182046
67	0.0601641344127759
67	0.063578466060639
67	0.063676454770356
67	0.0634095087995797
67	0.0653398217507792
67	0.0620304786434857
67	0.0624757038929305
67	0.0633928571428571
67	0.0682111373898086
67	0.0619682042095835
67	0.0603654557319991
67	0.0646122731385385
67	0.0611923509561305
67	0.0653978324081417
67	0.0669338243257879
67	0.0667701863354037
67	0.061469100505828
67	0.0631828211614014
67	0.0650151449588923
67	0.0624767571587951
67	0.0637209555422539
67	0.0611907386990077
68	0.0626754966887417
68	0.0643818584788367
68	0.0645877261125291
68	0.0628016673979816
68	0.0633263743910926
68	0.0633164770332912
68	0.0629667993239928
68	0.0636727334197329
68	0.0612448132780083
68	0.0624933404368673
68	0.0637850089039987
68	0.0643808715036357
68	0.0607332624867163
68	0.0647049347580948
68	0.0648003868679813
68	0.0626758620689655
68	0.0643866591294517
68	0.0641149351345556
68	0.0607169401406438
68	0.0637206764866339
68	0.063052186796905
68	0.0611920529801325
68	0.061798988343963
68	0.0629242538519556
68	0.0632782310004294
68	0.0620561379776801
68	0.0639683142531604
68	0.0636652774731301
68	0.0638854092914329
68	0.0624211190576357
68	0.061210269603902
68	0.0638434392043632
68	0.0607783604747447
68	0.0661900005257347
68	0.0615173924952068
68	0.066374170322871
68	0.0670597694987939
68	0.0613126557740238
68	0.06169305040979
68	0.0626890756302521
68	0.0585017304901195
68	0.0627043249906211
68	0.0622328318436685
68	0.0636023516835917
68	0.0613008390786169
68	0.0647489882970579
68	0.0645349453812706
68	0.0607693538921197
68	0.0632369878791203
68	0.0639587431548727
68	0.0642923983046183
68	0.0648088831945334
68	0.0659222675542195
68	0.0611181214681516
68	0.0627711571201054
68	0.063927433723881
68	0.0625305059927328
68	0.0626884001339734
68	0.063212212427435
68	0.0660629220541276
68	0.0661375661375661
68	0.0639544434101736
68	0.0616049868029427
68	0.0647386574688246
68	0.0610265752250321
68	0.0627527090409186
68	0.0653018774974
68	0.0607011469378922
68	0.065382004282208
68	0.0616608652411735
68	0.0615018508725542
68	0.0656756756756757
68	0.065285659192331
68	0.0628732935153584
68	0.0620888817583828
68	0.0615276955374926
68	0.0648349896370303
68	0.067400347533042
68	0.064353756224291
68	0.0662107718405428
68	0.0604727872457394
68	0.0615554156171285
68	0.0637093731471999
68	0.066545996592845
68	0.0649655775325101
68	0.0630611485948042
68	0.061141667111657
68	0.0634986945169713
68	0.0649955047860807
68	0.0636991557943208
68	0.062934004046148
68	0.0661437354250583
68	0.0637446001475082
68	0.0631347052818226
68	0.0644078804936133
68	0.0628061870424396
68	0.0607689801238188
68	0.066087329685656
68	0.0636447133826787
68	0.0632576359112805
69	0.0630111924235902
69	0.0629515512112197
69	0.0618897808635279
69	0.0620565440454099
69	0.0640949554896142
69	0.0677573865776869
69	0.0642131979695432
69	0.0640182598771806
69	0.0662860250135943
69	0.0618731759087291
69	0.062940886968885
69	0.0661344893212096
69	0.0644307625837114
69	0.0608501118568233
69	0.0609522768272017
69	0.0648317722777458
69	0.0614500921209494
69	0.0610826022181758
69	0.0645349145005029
69	0.0627913353441185
69	0.0621675353285691
69	0.064068900325596
69	0.0624671087253973
69	0.0643414211438475
69	0.0643314247221287
69	0.0638818027210884
69	0.0630562187974821
69	0.0640855886870399
69	0.0631501135223613
69	0.0638045138299678
69	0.0640573200727195
69	0.0697010413167618
69	0.0629675114435637
69	0.0627398720682303
69	0.064495254529767
69	0.0652161432918078
69	0.0631958434948574
69	0.0672184200753356
69	0.0652981969486824
69	0.0644887118193891
69	0.0633192623861364
69	0.0619660430409863
69	0.0662816281628163
69	0.0628804347826087
69	0.0626255152732269
69	0.0648687245962869
69	0.060604389544502
69	0.0665277332478358
69	0.0642902274641955
69	0.0634346754313887
69	0.0635956423159874
69	0.0645658412158572
69	0.0636902575940402
69	0.0628236648009625
69	0.0666267160601438
69	0.0618168311578054
69	0.0617270498501771
69	0.0644238410596027
69	0.0648481998223337
69	0.0647182727751448
69	0.0628370081682772
69	0.0635657297804662
69	0.0640039286298903
69	0.0638854762031943
69	0.0633822006648864
69	0.0609736108834617
69	0.0629592430089338
69	0.064833216952248
69	0.0618579599089344
69	0.0633153212160908
69	0.0596656103158125
69	0.0634162232598545
69	0.0658110177996091
69	0.0638993967896943
69	0.0627223963035743
69	0.0655337227827934
69	0.0662839525859778
69	0.064783165990173
69	0.061623436400065
69	0.0656872588912963
69	0.062314871737551
69	0.061605679956308
69	0.0637652917613944
69	0.0591526344378055
69	0.0631129129458171
69	0.0609231422956392
69	0.0616028391334287
69	0.0636388360076149
69	0.0644738995254459
69	0.0646222410865874
69	0.0640404465978513
69	0.060817993621664
69	0.0637801124907142
69	0.0634861006761833
69	0.0603048376408217
69	0.0642416507126143
69	0.0620787700084246
69	0.0644550759686662
69	0.0665132588209511
69	0.0651602168428962
70	0.062563121245947
70	0.0620336582974784
70	0.062229265715795
70	0.0635884755966459
70	0.0637690703545165
70	0.062032317536059
70	0.0642003353345232
70	0.0639893617021277
70	0.0627565982404692
70	0.0636230389229683
70	0.0625883831770806
70	0.060960219478738
70	0.0637012918811049
70	0.0635462376076711
70	0.0628083390801549
70	0.0624933743241811
70	0.0629827042314805
70	0.061223401418591
70	0.0648507740596904
70	0.0653143585386576
70	0.063088313061872
70	0.0627894453419494
70	0.0627797853405965
70	0.064529689963216
70	0.0627592809275609
70	0.0654591011118651
70	0.0614867747440273
70	0.0624278727262736
70	0.0627664741756166
70	0.0644838131393019
70	0.0647968006917423
70	0.0660594695954996
70	0.065009248177565
70	0.063523178807947
70	0.0625913693215659
70	0.0629139072847682
70	0.0623971984931289
70	0.0633246809431105
70	0.0655987795575896
70	0.0630918361629405
70	0.0634194181104936
70	0.0645624866936342
70	0.0628122010840684
70	0.0649655687823627
70	0.0663668218189425
70	0.0664345030806322
70	0.0630488628687233
70	0.0635354757271341
70	0.0622415438447673
70	0.0619812439366174
70	0.066818205846593
70	0.0619057680118318
70	0.0630329026520898
70	0.0649792619376795
70	0.0662541342152993
70	0.0649791634511499
70	0.0640522875816993
70	0.0618026216011266
70	0.0614105229489845
70	0.0626260424047528
70	0.0631265836730197
70	0.0655772161210656
70	0.0631685381299558
70	0.0632460167431812
70	0.0617485446928894
70	0.0661206335430679
70	0.0622438808284417
70	0.0627702161729383
70	0.061873927721512
70	0.0633628513283098
70	0.0642526545058535
70	0.0651320389393858
70	0.0634104077543727
70	0.0635692983832993
70	0.0631657834163053
70	0.0621305014232538
70	0.0634675746129702
70	0.0649497894395854
70	0.0637041126138559
70	0.0636880052436093
70	0.0667702725203974
70	0.0640475404423902
70	0.0644148533073509
70	0.065383356963682
70	0.0629340741532215
70	0.0615727002967359
70	0.0633085168171498
70	0.0629822845342898
70	0.0650748814155519
70	0.0651674590032584
70	0.0647589557418184
70	0.0618988770082209
70	0.0645516027932039
70	0.0614881526750295
70	0.0597117364447495
70	0.0631318449873631
70	0.0630295181047974
70	0.061963058419244
70	0.0623738288731301
70	0.0643069440691705
71	0.063963233306299
71	0.0645565653400188
71	0.0667837405092712
71	0.0640047611318509
71	0.0644936471345092
71	0.0637254901960784
71	0.0634618435665556
71	0.0613783403656821
71	0.0655399835119538
71	0.06336368505624
71	0.0653195488721805
71	0.0641480591799967
71	0.0618107482920006
71	0.0640466586721901
71	0.0641819790744886
71	0.063818783616053
71	0.0656850459482038
71	0.0637326898866974
71	0.0628981751430731
71	0.0644423158790975
71	0.0617699788124083
71	0.0639373674767575
71	0.0613287904599659
71	0.0651986183074266
71	0.0625300112041829
71	0.0633491395386009
71	0.060734614971539
71	0.0633739644345945
71	0.0660149446598123
71	0.0657698056801196
71	0.062875830783838
71	0.0647037250484623
71	0.0627266331114358
71	0.0642030414698708
71	0.065029129270981
71	0.0629829340152315
71	0.0629695325542571
71	0.0641863843918638
71	0.060509720123
71	0.0647332988089073
71	0.063096386833923
71	0.0627156707016487
71	0.0640582637818298
71	0.0655482067000054
71	0.0638801261829653
71	0.0627626333369249
71	0.0652242577384713
71	0.0625098824645549
71	0.0627868055930465
71	0.0654229755568188
71	0.0655495057355818
71	0.0669500531349628
71	0.0653785071466384
71	0.0650368033648791
71	0.0633011552460832
71	0.0595192254799494
71	0.0659936637491274
71	0.0662316308704141
71	0.0637753713881482
71	0.0650683110945723
71	0.0643517545702879
71	0.0611239253512267
71	0.0644836538971017
71	0.0628393269902704
71	0.0612634593963825
71	0.0636972927331258
71	0.0647691736895108
71	0.0620841352763266
71	0.0642692781077755
71	0.0626842105263158
71	0.063519358032411
71	0.0646212041609751
71	0.0674479028580519
71	0.0645794640488193
71	0.062595904545214
71	0.0668756530825496
71	0.0635844102352881
71	0.0642428706724192
71	0.0598142949686893
71	0.0650235122425815
71	0.062406336972811
71	0.0628885031080249
71	0.0622771956357351
71	0.0637116154873164
71	0.0634066829665852
71	0.0623049607231249
71	0.0632520498349484
71	0.065443458376436
71	0.0658760840037614
71	0.0639629688075325
71	0.0644447954509556
71	0.0630174291938998
71	0.0617582299554267
71	0.0645651348271933
71	0.0637044967880086
71	0.0632891076396319
71	0.0624701448967677
71	0.0639953109181009
71	0.062896174863388
71	0.0646823125357756
72	0.063863012223359
72	0.0614851016868989
72	0.0622417771100499
72	0.0662937209180739
72	0.0656713301315515
72	0.0635600021400674
72	0.0650097620178355
72	0.0616921269095182
72	0.0634474136583841
72	0.0646299710297603
72	0.0631966351209253
72	0.0652311924664057
72	0.0617875433669255
72	0.0644746981762137
72	0.0617186263649312
72	0.0656344489625691
72	0.0656144425675676
72	0.0638171403869015
72	0.061526734182729
72	0.0656300379634926
72	0.0650569380008435
72	0.063482280431433
72	0.0624265098877606
72	0.0641263940520446
72	0.0646333754740834
72	0.0647370059134765
72	0.064897812836142
72	0.062168188575069
72	0.0635503386938311
72	0.066490651435961
72	0.0646168757740563
72	0.065299108581248
72	0.0653829877274651
72	0.0618164526866381
72	0.0669469426853281
72	0.0642841811547542
72	0.0622733722213464
72	0.0638875578980993
72	0.0649866680608564
72	0.0640077195239627
72	0.0657476139978791
72	0.065694591728526
72	0.062998447786758
72	0.0658059795107673
72	0.0643915675224379
72	0.0635780916149878
72	0.06400997558061
72	0.0610018273675159
72	0.0631862217438106
72	0.0641394753678823
72	0.0671775898520085
72	0.0628199162401117
72	0.0601548540798094
72	0.0640498105035192
72	0.0640932642487047
72	0.064566254085624
72	0.0634358396393495
72	0.0635283126589505
72	0.065537084398977
72	0.0639728856643542
72	0.064365186648643
72	0.0625405756329799
72	0.0612976850342354
72	0.0645981424791159
72	0.0633149171270718
72	0.0644787441394932
72	0.0637332489184341
72	0.0631772865192891
72	0.0617420676670912
72	0.0643558951965065
72	0.0626618058857717
72	0.0664526484751204
72	0.0639824382930878
72	0.0654787234042553
72	0.0662059506224942
72	0.0652545645099013
72	0.0655003425198925
72	0.0629643487091774
72	0.0657540039114118
72	0.0622859589041096
72	0.061996048486143
72	0.0663099870298314
72	0.0646235496123628
72	0.0650640188136922
72	0.0636403848280438
72	0.0653292448417442
72	0.06472334682861
72	0.0636746597537265
72	0.0654606295095681
72	0.0659747961452928
72	0.0623221858392828
72	0.0640643305996379
72	0.0597835230777859
72	0.0631936700122139
72	0.0658974927889949
72	0.06336368505624
72	0.0628721635105413
72	0.0641396351401083
72	0.0661262798634812
72	0.0657528261700617
73	0.0620607070338939
73	0.0609629183326943
73	0.0661696178937558
73	0.0647071490094746
73	0.0644660817462016
73	0.0641505455695535
73	0.062388028243229
73	0.063919259882254
73	0.0631139089379715
73	0.0630969925222422
73	0.0639585133967156
73	0.0613272817844689
73	0.0666108523886767
73	0.0627369514411841
73	0.0649863832968441
73	0.0658193133273561
73	0.0612754409769335
73	0.0666287604672801
73	0.0651214714794535
73	0.0643219264892269
73	0.0652094144781674
73	0.0654181631605952
73	0.0614419384498891
73	0.066546284985926
73	0.0632116632967969
73	0.0613586559532505
73	0.0655145326001571
73	0.0638977635782748
73	0.0647178364858527
73	0.0644284572342126
73	0.0637275386544087
73	0.0638499631229586
73	0.0657648505587339
73	0.0644532252270745
73	0.0637369653117685
73	0.0625746876697447
73	0.0650924024640657
73	0.0639079976894397
73	0.0638150535343312
73	0.0656036683862227
73	0.067470664928292
73	0.0651924481068113
73	0.0653011782843299
73	0.0668589677552282
73	0.0639792334707589
73	0.0640858107372318
73	0.0627497569931958
73	0.0647192676086151
73	0.0645178224578718
73	0.0664727657324167
73	0.0629929596103965
73	0.0637847329821299
73	0.0669688852256336
73	0.0630602621897508
73	0.0655789977148323
73	0.0608161424867546
73	0.066202803642689
73	0.0641012124406958
73	0.0649593032298201
73	0.062274027305596
73	0.0647633042930618
73	0.0660575509346776
73	0.062234563868017
73	0.0649076517150396
73	0.0619663715887067
73	0.0647685395527286
73	0.0625591918341576
73	0.0643820284602676
73	0.0623207301173403
73	0.064278575561517
73	0.0658271322266743
73	0.0648719488887675
73	0.0636085954664809
73	0.0654146108546872
73	0.0646212041609751
73	0.0636480136693721
73	0.0626554479547018
73	0.0633243938481747
73	0.0631914089903405
73	0.0619201844431026
73	0.0658623724952105
73	0.0637648154857409
73	0.0646584185045724
73	0.0597867068835506
73	0.0651588014585425
73	0.064479106891335
73	0.0663223140495868
73	0.0646700933599077
73	0.0646030320638107
73	0.0651235567065933
73	0.0668066124376804
73	0.0649887499345926
73	0.0611066984379137
73	0.0641831709106151
73	0.0635914159478224
73	0.0661204467174616
73	0.0635763023935882
73	0.065215148075534
73	0.063275566966196
73	0.0634853454660882
74	0.0648242010350531
74	0.0646890450169139
74	0.0624156363047352
74	0.0657509922707332
74	0.0648712828539047
74	0.0657560355781449
74	0.0650098578395766
74	0.0622111246878818
74	0.0652335851867617
74	0.0642968344577063
74	0.0632375509340107
74	0.0635658914728682
74	0.0661379857256146
74	0.0625522138680033
74	0.0656800711185483
74	0.0623423044575273
74	0.0619586588022743
74	0.06328112640405
74	0.066809893104171
74	0.0662210796915167
74	0.0633557922190828
74	0.0634486457495307
74	0.0623030428268843
74	0.0619077371654691
74	0.0623367123001359
74	0.0620533837746952
74	0.0629824019759185
74	0.0636851912748
74	0.0651435144037225
74	0.0645387394187739
74	0.062167240839336
74	0.0638353038788633
74	0.0644879053010808
74	0.0650872031939483
74	0.0636831221167612
74	0.063309585492228
74	0.061714824120603
74	0.0649924608745386
74	0.0650617742192057
74	0.0629158460637675
74	0.0638009285826073
74	0.0658420654639732
74	0.0648264984227129
74	0.0610841639571451
74	0.0654651470978002
74	0.0626073380171741
74	0.0624668856628166
74	0.0635411210057622
74	0.0632406750040959
74	0.0632251826385905
74	0.0662059506224942
74	0.0660001036108377
74	0.0673758865248227
74	0.0661627666183475
74	0.0613291583436808
74	0.0625832933525241
74	0.0663257556579414
74	0.0657712397398998
74	0.0617781651775986
74	0.0653088446542171
74	0.0670520231213873
74	0.0645802018466824
74	0.0601062955454496
74	0.0668766404199475
74	0.0685444564157816
74	0.0645648775403856
74	0.0627347262628934
74	0.0643374520664678
74	0.0658356652251336
74	0.0655369538587178
74	0.0617500128753154
74	0.0621114595367772
74	0.0652312939671712
74	0.0636093904533861
74	0.0655371342445819
74	0.0641990798828942
74	0.0609853528628495
74	0.0647766782562182
74	0.0647134412747366
74	0.0627395390350186
74	0.0626601952336805
74	0.065871396431748
74	0.0647489539748954
74	0.0648240415377354
74	0.0644522892597347
74	0.0632417239225484
74	0.0630177034269937
74	0.0626753975678204
74	0.0599338090805668
74	0.0659921939194741
74	0.0595030859313182
74	0.0641841220584432
74	0.0638364945095361
74	0.063622478537947
74	0.0654423176409726
74	0.0624903005535151
74	0.0664876816171826
74	0.0670141082333123
74	0.0613396624472574
74	0.0642508488964346
75	0.0657937277723893
75	0.0639647669480417
75	0.0650825907977698
75	0.0665009322560597
75	0.0653014314073764
75	0.0629600626468285
75	0.0646208630079598
75	0.0630593347472971
75	0.0642403901620431
75	0.0631010264721772
75	0.0639614506720771
75	0.0600269905533063
75	0.0642937969344718
75	0.0639046017428528
75	0.0655216611125353
75	0.0632542875291129
75	0.0629639813032719
75	0.063589634889513
75	0.0673273395995096
75	0.0660586108262723
75	0.0664563508481589
75	0.0663214078106008
75	0.0658854860186418
75	0.0634813351356972
75	0.0624639126555036
75	0.0642921984300742
75	0.0635222713712581
75	0.0650659234644656
75	0.0627230736930506
75	0.064575051036854
75	0.0642784032753327
75	0.0613588110403397
75	0.0651193769853469
75	0.0640687618645855
75	0.0616816361865599
75	0.062748452674483
75	0.0645842127479949
75	0.0644630648229065
75	0.0672129447152785
75	0.0648818897637795
75	0.0640052955853149
75	0.0639147103618507
75	0.0622601279317697
75	0.0644076433121019
75	0.0642459581235091
75	0.0655746149487457
75	0.0664540416187389
75	0.0608457069076824
75	0.0631885593220339
75	0.0636879654220695
75	0.0662061636556854
75	0.0642958449335505
75	0.0621931260229133
75	0.065687032740397
75	0.0642389310977207
75	0.061053319535973
75	0.0674698795180723
75	0.0635227688607727
75	0.0631684315894842
75	0.0617315838413059
75	0.0642583120204604
75	0.0672749200356562
75	0.0606026344055628
75	0.064435668260237
75	0.0644735452529306
75	0.0628904623073719
75	0.0639266959597042
75	0.0667467488379381
75	0.0631218905472637
75	0.063859395938563
75	0.0636804623800186
75	0.0641131530043361
75	0.0652828071607079
75	0.0644366381796257
75	0.0628390353939524
75	0.0624311421226588
75	0.0625494853523357
75	0.0655125945889914
75	0.065385807251317
75	0.0627214553916125
75	0.0636735550194063
75	0.064182729574699
75	0.0637358014303744
75	0.0646204410517388
75	0.0644401627060587
75	0.0629267001852342
75	0.065817520145568
75	0.0653530716459483
75	0.0671239331902194
75	0.0650259891800149
75	0.0648808580334971
75	0.0646592709984152
75	0.0630499297131254
75	0.0666942833471417
75	0.0641085391745637
75	0.0634795413905543
75	0.0610310633868405
75	0.0641879679834753
75	0.0673682038584546
75	0.0645245151562419
76	0.0646963233800528
76	0.0673528975107636
76	0.0631611698817673
76	0.0633883779264214
76	0.0615823386500475
76	0.0648640117838918
76	0.0646623593163818
76	0.062837766239271
76	0.063978105958897
76	0.0635564214627982
76	0.0610272559452709
76	0.0640200286123033
76	0.0654258904038571
76	0.0662171069309943
76	0.0646927600892314
76	0.0643584730939397
76	0.064356960950764
76	0.0658515102844412
76	0.0623888714569606
76	0.0653116672762422
76	0.0644290516451054
76	0.0661486555566915
76	0.0673844537815126
76	0.062888198757764
76	0.0648352211572959
76	0.062960235640648
76	0.0643093465674111
76	0.0643259734215833
76	0.0645417063114494
76	0.0649323181049069
76	0.0657709732854242
76	0.0644840751006747
76	0.06309165232358
76	0.0655195929287101
76	0.0646260259123522
76	0.064889677116478
76	0.0633231482457065
76	0.0656761864762705
76	0.0657752635638982
76	0.0608593791597891
76	0.0663650850768519
76	0.0640097903586251
76	0.0640441966340989
76	0.0649134660360688
76	0.066079295154185
76	0.0655003859017237
76	0.0650259067357513
76	0.0646971022698029
76	0.0597229621736814
76	0.0625715375810759
76	0.0623360592501157
76	0.0630892348169261
76	0.0646016319318123
76	0.0629201680672269
76	0.0653430895972983
76	0.0644974158844004
76	0.0615920976176641
76	0.0664271955854027
76	0.0630677939400305
76	0.0645161290322581
76	0.0640101738024587
76	0.0641259579792503
76	0.063547698872295
76	0.0650351470971101
76	0.0631567717501467
76	0.065980693751989
76	0.0649992200093599
76	0.0630467415497697
76	0.0655193545092432
76	0.0626205216685274
76	0.0637633693260325
76	0.0631098193896616
76	0.0644350149300644
76	0.0648612675335313
76	0.0662690864222919
76	0.0653939676134306
76	0.0664985331205929
76	0.0634093959731544
76	0.0624242743507349
76	0.0662148880037246
76	0.0621003118228423
76	0.064930449791857
76	0.0631632653061224
76	0.0677218887767568
76	0.0646158602566084
76	0.0622368285919688
76	0.0653242921476267
76	0.0628713127034148
76	0.0638806287170773
76	0.0670751029893314
76	0.064963733837906
76	0.064124874756104
76	0.0650674510599452
76	0.0648324988385898
76	0.0631144112110437
76	0.0649634647181183
76	0.0633437708536523
76	0.0647986942328618
76	0.0599221789883269
76	0.06735183639399
77	0.0647282977501697
77	0.0659558900386746
77	0.0651898734177215
77	0.0625683202331997
77	0.0602692883094678
77	0.0639313488871011
77	0.0647110925858386
77	0.0626234279180958
77	0.0652571130253198
77	0.0659916556426173
77	0.0635611205432937
77	0.0643428866511748
77	0.0651529586111993
77	0.0631711620872196
77	0.0650465733465161
77	0.0648133768183465
77	0.0669736505500128
77	0.063301699864428
77	0.0624805073292442
77	0.0642893272635306
77	0.0659711244599009
77	0.0641791044776119
77	0.064879746506675
77	0.0613377007607777
77	0.064111424166711
77	0.0632728440661635
77	0.0641336289116874
77	0.0627626050420168
77	0.0649104776329312
77	0.0620933449459501
77	0.0660333037531973
77	0.0615359982921492
77	0.0663441955193483
77	0.0615376558081073
77	0.0662127140606738
77	0.0612307534912272
77	0.0629092860976919
77	0.063893093908232
77	0.0623386402753873
77	0.0656268237041753
77	0.0663887107119949
77	0.0658368480608991
77	0.0671307037896365
77	0.0643689014793831
77	0.0647098410726303
77	0.0621318738597863
77	0.0627543922922356
77	0.0666034355569607
77	0.0646508431569488
77	0.0630110384300899
77	0.0651759493018703
77	0.0646784422663662
77	0.0640602920395666
77	0.0651948590381426
77	0.0637924618574238
77	0.0632753049098301
77	0.0642976240100042
77	0.0637123482100615
77	0.0631881282910483
77	0.0639943025740157
77	0.0640748350816481
77	0.0656736281736282
77	0.0665050590219224
77	0.0644526052477513
77	0.0645795684065058
77	0.0650363931507567
77	0.0601192714769247
77	0.0646213052541558
77	0.0655617713180321
77	0.0653898340465505
77	0.065082861338368
77	0.0666736886454603
77	0.0660015349194167
77	0.061383464894059
77	0.0653237854824584
77	0.0619721283783784
77	0.0639577070591894
77	0.0618158403090792
77	0.0637834474175482
77	0.0649177640006148
77	0.0627253064167267
77	0.064549070192411
77	0.0639753499059954
77	0.0638684237833351
77	0.0658741186763419
77	0.0650878293601004
77	0.0644015444015444
77	0.0651683033135535
77	0.0667675923992483
77	0.0611453924218471
77	0.0624872370839289
77	0.0660776830989597
77	0.0665101322035629
77	0.0664920626436474
77	0.0650526422867606
77	0.0662368722054695
77	0.0634159061277705
77	0.0636373089320994
77	0.0648902175033502
77	0.06426627590538
78	0.0640240791755943
78	0.063277899801276
78	0.0663494986699407
78	0.0642164159950721
78	0.0642983276202348
78	0.0650216044562445
78	0.0645361785880769
78	0.066386682183879
78	0.0666772335816558
78	0.0641559911508978
78	0.0656971683137897
78	0.0632938413918241
78	0.0622238782136584
78	0.0621061625547367
78	0.0648970634340056
78	0.0664042266652854
78	0.0659358462036937
78	0.0630976147945781
78	0.0625487443456559
78	0.0638487324533836
78	0.0632108601079721
78	0.0622314263525757
78	0.0636069613429848
78	0.0621215397923875
78	0.0658852687561316
78	0.0636838333162691
78	0.0636433121019108
78	0.063629263212705
78	0.062208067940552
78	0.0661534513728509
78	0.0655881744883192
78	0.060706162677353
78	0.0663531600434086
78	0.0666494178525226
78	0.0638786045784012
78	0.0651048475657585
78	0.0665327771769916
78	0.0659295448701466
78	0.0670431963183767
78	0.0639552774643553
78	0.0643684210526316
78	0.0643022691747965
78	0.064027003857694
78	0.0637822676985405
78	0.0656313939457531
78	0.0650082747207282
78	0.0624083769633508
78	0.0645514223194748
78	0.0637081267078231
78	0.0656689390711547
78	0.0670913387444775
78	0.0637352295304821
78	0.0608296874176374
78	0.0640376077304779
78	0.0643365626505379
78	0.0651333092671858
78	0.062173959331417
78	0.0638842457166736
78	0.0634031888231216
78	0.0662680371614944
78	0.0641490176065323
78	0.0640273958387381
78	0.0658780338568224
78	0.0622771065098206
78	0.0645652744943525
78	0.0612233752048061
78	0.0622456433267244
78	0.0648162192224076
78	0.0630247691015953
78	0.0626466197483472
78	0.0663616736917857
78	0.0622331944658746
78	0.0618302164320235
78	0.066705613681024
78	0.0651920838183935
78	0.0648935621875161
78	0.0658340389500423
78	0.0630626074643471
78	0.0633140558209706
78	0.0661238975001305
78	0.063289124668435
78	0.063399209486166
78	0.0644162588634775
78	0.0601884253028264
78	0.0661140416980658
78	0.0639810426540284
78	0.0659152661769146
78	0.0678690575479566
78	0.0628093082025903
78	0.0601260793558298
78	0.0650985247085526
78	0.0615610113594723
78	0.0647596548890715
78	0.0606621651056415
78	0.064677394157163
78	0.0654186275016807
78	0.0652797330413473
78	0.0642234936343487
78	0.0624008461131676
78	0.0663087934560327
79	0.0637867744852902
79	0.0641335044929397
79	0.0659937490392991
79	0.0663338088445078
79	0.064097910076233
79	0.0647037440930571
79	0.0640271859323588
79	0.0644231814722192
79	0.0627523910733263
79	0.065843621399177
79	0.0645227576286859
79	0.0666564745451766
79	0.0667044109321118
79	0.0671028606208156
79	0.0663997504159734
79	0.0624350716808643
79	0.0663051897753679
79	0.0652796237603517
79	0.0631509758317322
79	0.0642377260981912
79	0.0664953589595679
79	0.0642595499738357
79	0.0642410460488914
79	0.0644206810631229
79	0.0635460251046025
79	0.0630639921621204
79	0.063613758806465
79	0.066327325611593
79	0.0620270757193597
79	0.0659306803594352
79	0.0626977130114609
79	0.0632400712564183
79	0.0622902684563758
79	0.0637562814070352
79	0.060319805794501
79	0.0653902490060682
79	0.0653076236011138
79	0.0645371577574967
79	0.0647522236340534
79	0.0649092392412808
79	0.0652967560237822
79	0.0636759859678963
79	0.0656993971594973
79	0.0646701614158925
79	0.0650087710246621
79	0.0647031893789104
79	0.0652241594022416
79	0.0657477243172952
79	0.0637554585152838
79	0.0657377634869596
79	0.0644128113879004
79	0.063914339331052
79	0.0665374338555037
79	0.065583104715565
79	0.0639059577878707
79	0.0644738222641905
79	0.0663689559593471
79	0.065260347129506
79	0.0654272801972062
79	0.0673013287176093
79	0.0633266942444206
79	0.0666632637435557
79	0.066156202143951
79	0.0642011219613547
79	0.0646610975996616
79	0.0637495479671437
79	0.0604587970946334
79	0.062977793957044
79	0.0652276666141484
79	0.0649937655860349
79	0.0632323336602488
79	0.0639212945540562
79	0.0655616162686014
79	0.0627910627387369
79	0.0647833693526809
79	0.0650385865150284
79	0.060952380952381
79	0.0651509658708374
79	0.0645670896397085
79	0.0658573596358118
79	0.0648359634551495
79	0.0657366416143313
79	0.0647522812806104
79	0.0652353001750592
79	0.0656477073415184
79	0.0635353535353535
79	0.0652219212335903
79	0.0645226948911052
79	0.0632020290905326
79	0.064367344847025
79	0.0662545079855744
79	0.0645110984041171
79	0.0634025876415955
79	0.0653348282540006
79	0.0654859126173949
79	0.0623427309608175
79	0.0639773085408131
79	0.0653131885426503
79	0.0644020184154398
79	0.0633218171505182
80	0.0661877886095434
80	0.0634179251647724
80	0.0640945537852754
80	0.0642809807819748
80	0.0626364486952906
80	0.0668796268126965
80	0.0664078892152749
80	0.064143116411719
80	0.0664140508986635
80	0.0618877313015083
80	0.0632800862910268
80	0.0646562739585995
80	0.0648750254013412
80	0.0632681636674791
80	0.0663399535723498
80	0.0656583362548205
80	0.0656468758102152
80	0.0660774843284349
80	0.0659401366010446
80	0.0637867368101573
80	0.0623904300299062
80	0.0640932265112892
80	0.0667299335697518
80	0.064738930982939
80	0.063855977842745
80	0.063639253921153
80	0.0644078631932236
80	0.0645258859706609
80	0.0623782675551
80	0.0630304284827158
80	0.0655103066867773
80	0.0618689470430661
80	0.0665894906382122
80	0.0647031658884499
80	0.0641891891891892
80	0.0658743981149472
80	0.0654704903986694
80	0.0661300505050505
80	0.0645768663172358
80	0.0658235411272655
80	0.0643610421836228
80	0.0673096550316391
80	0.063222861884757
80	0.0622474151052328
80	0.0641692330994093
80	0.0662806643303367
80	0.0640224859462836
80	0.0642682863520739
80	0.0640556174706788
80	0.0666945431737403
80	0.0632531678303594
80	0.0637117650166411
80	0.0656473912604703
80	0.0647061890609521
80	0.064756329276434
80	0.0628765641897111
80	0.063190909558332
80	0.0635357680918489
80	0.066642889896571
80	0.0634595701125896
80	0.0640284800330203
80	0.063961912647485
80	0.063923817540906
80	0.0625457588118398
80	0.0598946105285125
80	0.0626652153630851
80	0.0674227774003031
80	0.0646809828618625
80	0.0647999195656545
80	0.0664664868441142
80	0.0668733167335739
80	0.0648860958366064
80	0.0651193769853469
80	0.0629913115432354
80	0.0609233698238934
80	0.0638909204889771
80	0.0634376120014336
80	0.0646161667513981
80	0.0615815982138221
80	0.0641456727536082
80	0.0646881765855204
80	0.0649710137358333
80	0.0655208333333333
80	0.0648133848133848
80	0.0655228591793096
80	0.0655278051819928
80	0.0621277040443097
80	0.0688188572892647
80	0.0657423745903706
80	0.0639861424597134
80	0.0642089719435816
80	0.0615368542025806
80	0.0616445567487892
80	0.0661806232992761
80	0.066698327265052
80	0.0646483274422417
80	0.065865160387625
80	0.06455754712136
80	0.0659402496419071
80	0.063686466625842
81	0.0608485103695126
81	0.0646789227045677
81	0.063917091903835
81	0.0664003236573278
81	0.065788780616276
81	0.0667014069828035
81	0.0640845437034723
81	0.0627885966673359
81	0.0662241352486646
81	0.0657618437900128
81	0.0651335002085941
81	0.0648018414731785
81	0.0644197072768501
81	0.0667325496723187
81	0.0665768613025232
81	0.062537673297167
81	0.0626640075574682
81	0.0654162145403813
81	0.0640123298227588
81	0.0614417783317752
81	0.0646067415730337
81	0.0648005741823029
81	0.0643243243243243
81	0.0629850111619007
81	0.0655261952039102
81	0.0657746910427944
81	0.0647965025502238
81	0.0634163664958653
81	0.0651881720430108
81	0.0637716993767063
81	0.0649640214857606
81	0.0644685289777642
81	0.0630931275419752
81	0.0642650999793857
81	0.0638723578904166
81	0.0634479921846882
81	0.0662375836205149
81	0.0629496402877698
81	0.0639039101497504
81	0.0639211077614838
81	0.0602626562169032
81	0.0655222187854418
81	0.0637679655476573
81	0.0659379586053337
81	0.065403234112679
81	0.0665010897663338
81	0.0656591442867354
81	0.0619886069394096
81	0.0645244215938303
81	0.0635373179920578
81	0.0663099464919738
81	0.0674969249692497
81	0.0649817640108902
81	0.0639490052948131
81	0.0616108945476636
81	0.0658827154154257
81	0.0641867624422781
81	0.0642760146859126
81	0.0645193810171884
81	0.0647314334145566
81	0.0661241098677518
81	0.0648517973512718
81	0.0656417517952867
81	0.0631029574569034
81	0.0652141019821456
81	0.0635396218617626
81	0.0637559179379274
81	0.063875610652939
81	0.0645044859234815
81	0.0660281747238269
81	0.0653511019989749
81	0.0647594278283485
81	0.063781917120134
81	0.0664719508510424
81	0.064426347799196
81	0.0629678332996156
81	0.064111139696424
81	0.0649955518342142
81	0.0632911392405063
81	0.0660955953165391
81	0.0640560029475236
81	0.0635959306783907
81	0.0644780106863954
81	0.0658343949044586
81	0.0642555818499846
81	0.065388013930038
81	0.0645348224633864
81	0.0660267154248565
81	0.0640654108880149
81	0.0642376278328794
81	0.0642253811289658
81	0.0648521676964714
81	0.0624619443880658
81	0.064328986548927
81	0.0660832197882821
81	0.0620058260507699
81	0.0643600041190403
81	0.0657590547135885
81	0.0644638469179694
81	0.0626153846153846
82	0.0656008251676122
82	0.0646527239865737
82	0.0647933714168082
82	0.063523751023751
82	0.0630352166202179
82	0.0644994037434541
82	0.064418901660281
82	0.0646077570624387
82	0.0649927671006406
82	0.0635567325320839
82	0.0652422541068829
82	0.0643407579436293
82	0.0649914219396508
82	0.0650674510599452
82	0.0670758654554383
82	0.0646445596940646
82	0.0633481845649613
82	0.0660319094184251
82	0.0665419426606664
82	0.0651591634902648
82	0.0633328024632372
82	0.0656768739045262
82	0.0648897430710095
82	0.0677160525374355
82	0.0628682686888354
82	0.0677395984268267
82	0.0627697748192834
82	0.0638164427951707
82	0.0627642633573115
82	0.0657303370786517
82	0.0626983714032988
82	0.0642803504380476
82	0.0618524658101948
82	0.0638160508541915
82	0.0661465063114998
82	0.0651519019657901
82	0.0656855151045701
82	0.0637770283673874
82	0.0648462408721588
82	0.06386460091016
82	0.0657727369090524
82	0.0638529259451062
82	0.0658267716535433
82	0.0629476883004124
82	0.0628849438434864
82	0.0631397587919327
82	0.0659705989299257
82	0.0643972357307397
82	0.0623297877806896
82	0.0645741809135659
82	0.0643075708222288
82	0.0640728651152996
82	0.0646885179153094
82	0.061679721948436
82	0.0631927299469454
82	0.0638308737169994
82	0.0653004336155276
82	0.0634807053411705
82	0.0627271290883236
82	0.0618545725540296
82	0.0638736609163607
82	0.0650458863307036
82	0.0655439235320892
82	0.0668583752695902
82	0.064903598309104
82	0.0661486452394167
82	0.0653703800239796
82	0.065143211663737
82	0.0630786128981641
82	0.0616774193548387
82	0.0661363520473204
82	0.0643597545252952
82	0.0639537830030913
82	0.0649974186886939
82	0.0658532770217425
82	0.063989501312336
82	0.0626959247648903
82	0.0673839470626863
82	0.0646110938952588
82	0.0625360684119406
82	0.0643259866735008
82	0.0654077861590645
82	0.0649703308860505
82	0.060879426774576
82	0.0641465036574761
82	0.0628081347576007
82	0.063340227507756
82	0.0650468622656887
82	0.0656976439103741
82	0.0643842616249361
82	0.0639819909954977
82	0.0640331799099692
82	0.0641684039253572
82	0.0645092950585244
82	0.0654916883637092
82	0.062544312772207
82	0.0631453328490635
82	0.0655579290001017
82	0.063173081877673
82	0.0646745376658656
83	0.065798913600492
83	0.06511175898931
83	0.0670666598871206
83	0.0644074822529665
83	0.065017848036716
83	0.0655240406491734
83	0.063883352564775
83	0.0642828445158698
83	0.0660280708943756
83	0.0651314142678348
83	0.065368498890806
83	0.0658528112748747
83	0.0625691845448316
83	0.065100114119722
83	0.0642773267983867
83	0.0654219717175784
83	0.0646240988671473
83	0.0667849316497965
83	0.0655094027691672
83	0.0639531951379432
83	0.0639341748862881
83	0.0663463504395829
83	0.0636600705629698
83	0.0644478844169247
83	0.0667070645861738
83	0.0620380282408115
83	0.06518602494074
83	0.0655279345229017
83	0.0660606963691452
83	0.0617015637423801
83	0.0650887573964497
83	0.0627742501677766
83	0.0660169915042479
83	0.063956420861495
83	0.0671497091539953
83	0.0637046883787515
83	0.0635361908613021
83	0.0656457325285579
83	0.0653754257536475
83	0.0647265429001505
83	0.065450861195542
83	0.0654988184526867
83	0.06490903484428
83	0.0654728877679697
83	0.0654755963669029
83	0.0659855469723399
83	0.0661976820689306
83	0.0640736949846469
83	0.0659018547531207
83	0.063632188600296
83	0.0655848899092142
83	0.0646773782198419
83	0.0647058823529412
83	0.0650196402728964
83	0.0640764141087508
83	0.0634260462698206
83	0.06584424814702
83	0.0633681435668661
83	0.0662332385209265
83	0.0670916969666783
83	0.0647168952082174
83	0.0658741694352159
83	0.0663725788459588
83	0.0636678917128216
83	0.0625291889367443
83	0.0650989973023871
83	0.0642348570838923
83	0.064563309653155
83	0.064149987332151
83	0.0637065637065637
83	0.0671262516982841
83	0.064915382672392
83	0.063734146733023
83	0.0638154832704142
83	0.0644474844201246
83	0.0641640984186329
83	0.0634969325153374
83	0.0664330336736249
83	0.0669679539852095
83	0.0644517251970922
83	0.0642144312660014
83	0.0625
83	0.0651842051699573
83	0.0640522209189658
83	0.064322212203186
83	0.0650857719475278
83	0.0629531297865823
83	0.062936695560809
83	0.0627041837917589
83	0.0631844121124878
83	0.0656937967002658
83	0.0667840966280825
83	0.0654653745204926
83	0.0657496977025393
83	0.0650373661886488
83	0.0639939485627837
83	0.0651530108588351
83	0.0659809332664325
83	0.0652309938471165
83	0.064368749682725
84	0.0640281173594132
84	0.0656621648861117
84	0.0627674032314894
84	0.0645668492594847
84	0.0609950197669046
84	0.0675551938142232
84	0.064611015315955
84	0.0649882304779449
84	0.0668480772192843
84	0.0638461144932726
84	0.0667495029821074
84	0.066419539938049
84	0.0647046545606345
84	0.0661465063114998
84	0.0651179162266807
84	0.0657908085624429
84	0.0651057712055864
84	0.0640073736494444
84	0.06623636084217
84	0.0658852061438965
84	0.0635267789023956
84	0.0660826412801296
84	0.0649038461538462
84	0.063519843516755
84	0.064499899376132
84	0.0637592583000984
84	0.066763789812117
84	0.0644081347124369
84	0.0655662070026145
84	0.0654439128123339
84	0.0671447196870926
84	0.0637164515468142
84	0.065859539837235
84	0.0628072377366384
84	0.0617872693344391
84	0.0641019159799808
84	0.0643621564588253
84	0.0660113812726332
84	0.06627385808531
84	0.0656808443933535
84	0.0685997910135841
84	0.0659950657894737
84	0.0646191646191646
84	0.0666940704963519
84	0.0623997516427795
84	0.0667272819114007
84	0.0621880199667221
84	0.0661161161161161
84	0.063287882685876
84	0.0602778065719913
84	0.0663499846766779
84	0.0664894950609236
84	0.0649198677181379
84	0.0624032208113967
84	0.0654849328944036
84	0.0666432654698626
84	0.0642338771938854
84	0.0659120504858259
84	0.0655803059749838
84	0.0652075013900824
84	0.0655100056297661
84	0.0658054097698829
84	0.0642025266482432
84	0.0640253242111712
84	0.0654783186066704
84	0.0677869405113843
84	0.0633049439135854
84	0.065393696745714
84	0.0652571660906688
84	0.0666870446787916
84	0.064957264957265
84	0.0654062340316812
84	0.0664470636677132
84	0.0636942675159236
84	0.0656468758102152
84	0.0625099580434436
84	0.0645161290322581
84	0.0676498716464489
84	0.064982139104854
84	0.0674911660777385
84	0.0658144668617485
84	0.0626529868236029
84	0.0645357686453577
84	0.066764922623434
84	0.0651474119871238
84	0.0677622135326437
84	0.0628699734639722
84	0.0639549756971092
84	0.0666065253345362
84	0.0639764271088249
84	0.0627749314288672
84	0.0651922064244339
84	0.0621724751971508
84	0.0643776824034335
84	0.0642275605588501
84	0.0651920838183935
84	0.0651656969390337
84	0.0648866498740554
84	0.0628700890788322
84	0.064851636586112
85	0.0648129320862139
85	0.064949722963267
85	0.0665384809998482
85	0.0659423192469457
85	0.0647832195905259
85	0.0653038336052202
85	0.064076170869789
85	0.0672167438116321
85	0.0649610336341263
85	0.0652196598142544
85	0.0653378756292266
85	0.0631200205602673
85	0.0652010239421774
85	0.0654572940287226
85	0.063394579230535
85	0.0635420902806019
85	0.0643376856373966
85	0.068146358649152
85	0.0656088975052293
85	0.0652307692307692
85	0.0644769472139278
85	0.0673461026323876
85	0.0664229128580134
85	0.0671778382389315
85	0.0637883294021126
85	0.0639386189258312
85	0.0652983145486506
85	0.0647575985933183
85	0.0660518444666002
85	0.0673250012858098
85	0.0664397825976533
85	0.0619130257247856
85	0.0639947636070691
85	0.064460548320073
85	0.0660278563200335
85	0.0648106117920008
85	0.0638914776845811
85	0.0624386716934359
85	0.0644392618130197
85	0.0653617970691141
85	0.0632024674577866
85	0.0673278181999402
85	0.0640314611273571
85	0.0641921827311214
85	0.0641641641641642
85	0.0666261028293277
85	0.0619180633147114
85	0.0631160654384064
85	0.0629837769059485
85	0.0652665427322514
85	0.0655151876116736
85	0.0669072319951887
85	0.0642864306488818
85	0.0669796713450877
85	0.0645145145145145
85	0.0641315829183643
85	0.06386906840976
85	0.064172198752766
85	0.0664768754370193
85	0.0642690473774982
85	0.0652950349615172
85	0.0668667166791698
85	0.0650933209933673
85	0.0639022125947702
85	0.0658042744656918
85	0.0634628529365372
85	0.0658059350447881
85	0.0626631853785901
85	0.0655745993225138
85	0.0651732195468861
85	0.0635586635586636
85	0.0637092731829574
85	0.0629427654044136
85	0.065066425120773
85	0.0630933842367007
85	0.0650103519668737
85	0.0643525942786198
85	0.0622693726937269
85	0.0661311220523452
85	0.0654552963039438
85	0.065451122231581
85	0.0628668111880717
85	0.0654731717212699
85	0.0648422342489533
85	0.0649605334117762
85	0.0666499624154347
85	0.0651285499974135
85	0.0654283194105744
85	0.0651630351584426
85	0.0626314208471012
85	0.0669329154238916
85	0.0641243373990016
85	0.0644814890570669
85	0.062413740223892
85	0.0632630982432641
85	0.0644980940279543
85	0.0656547465912014
85	0.0644394951744618
85	0.0634433358915324
85	0.0651439519991933
86	0.0644184168012924
86	0.0643698078589267
86	0.0660520717252558
86	0.0659246575342466
86	0.066029279952196
86	0.0660510646886669
86	0.066337691407641
86	0.0651831529746482
86	0.0624510878071686
86	0.0627615062761506
86	0.0642904560077618
86	0.0632240635877188
86	0.0690138027605521
86	0.0647456952324077
86	0.0633573823798394
86	0.064869757618425
86	0.0649021397424196
86	0.0634936357783171
86	0.0661626668019686
86	0.0668554115134357
86	0.0665359004800496
86	0.0638746610424827
86	0.0647902814577813
86	0.0644579554822754
86	0.0661311782388016
86	0.0638714329865046
86	0.0659968378640282
86	0.0652660494455184
86	0.0661073994072437
86	0.0651276182894671
86	0.0674793430582475
86	0.0646694954245693
86	0.0644530244530244
86	0.0618648507071765
86	0.0620700121408337
86	0.0628753272083355
86	0.0664309913094712
86	0.0657635467980296
86	0.0643723073840297
86	0.0615812073755999
86	0.0660683121416106
86	0.0675200163190372
86	0.0628440366972477
86	0.0639691907572272
86	0.0650406504065041
86	0.0637360385285378
86	0.0671185069040514
86	0.0661000944287063
86	0.061386752026434
86	0.0654633343618225
86	0.0613465828432367
86	0.0649596492975989
86	0.0621203613904344
86	0.0660668124875721
86	0.0624176047054051
86	0.0612901524342001
86	0.0663972001774535
86	0.0644617114814436
86	0.0661098812638358
86	0.0631062951496388
86	0.0632214060860441
86	0.062829908266284
86	0.0657792911314038
86	0.0658091072806792
86	0.0651848898634506
86	0.0610435663627153
86	0.0651696606786427
86	0.0658400368909156
86	0.0647208756059773
86	0.0661305194139945
86	0.0635412433969931
86	0.0627905788586318
86	0.0665349143610013
86	0.0648577768811781
86	0.0618546055349029
86	0.0659177182722889
86	0.0667107337163777
86	0.0657451621010304
86	0.0646636185499673
86	0.0618535793956601
86	0.0666699761715647
86	0.0644050632911392
86	0.0637989116351386
86	0.0628609393366382
86	0.066995272105422
86	0.0638657972024491
86	0.0663403192086074
86	0.0653908301353262
86	0.0662868466683181
86	0.0649878147847279
86	0.0675875426882104
86	0.0659460531535105
86	0.0619567414594704
86	0.0682516097077761
86	0.0647257341459729
86	0.0635148286636275
86	0.061867266591676
86	0.0669178150094181
86	0.0625459124776997
86	0.066215046095859
87	0.0662344398340249
87	0.0638910969793323
87	0.064643199838392
87	0.0648851198106696
87	0.0657222945239764
87	0.0673023839397742
87	0.0650656102995791
87	0.062843071871954
87	0.0655805534005689
87	0.0650905432595573
87	0.0654570970328789
87	0.0676309025852946
87	0.0649076788561436
87	0.0638153428377461
87	0.0646966870051939
87	0.0661943219541198
87	0.0650317712470214
87	0.0655936835712117
87	0.0634888844382135
87	0.0658959537572254
87	0.0648890638067595
87	0.0638254589838784
87	0.068157881538693
87	0.0637630662020906
87	0.0687960687960688
87	0.0688101265822785
87	0.0635910224438903
87	0.0638525383166149
87	0.0641587349549277
87	0.0652238805970149
87	0.0662310662310662
87	0.0649497810970899
87	0.0620158887785501
87	0.0643086816720257
87	0.0651977966950426
87	0.0661925323850648
87	0.0643454600423259
87	0.0646362949911905
87	0.0654964894684052
87	0.0658591975775927
87	0.0635520612841447
87	0.0641989006001311
87	0.0662019158433221
87	0.0658138951592676
87	0.0634312913907285
87	0.0630680115849396
87	0.0649084098722356
87	0.0639799519255357
87	0.0648428578521424
87	0.0655172413793104
87	0.0657184647198265
87	0.065225097483162
87	0.0645928174001012
87	0.0649369977180276
87	0.0616183734786373
87	0.0671588594704684
87	0.0624720885228006
87	0.0649177640006148
87	0.0650012745347948
87	0.0656098634962572
87	0.0659908566885311
87	0.066386425385759
87	0.0635224684199627
87	0.0655786794430304
87	0.0639361154044307
87	0.0652117701815173
87	0.0653607835298821
87	0.0651200651200651
87	0.0651057712055864
87	0.0642033275492498
87	0.0643222569910098
87	0.0662934152504583
87	0.0616236537289169
87	0.0653795745538865
87	0.0658150378861473
87	0.065237319209615
87	0.065294677282059
87	0.0650242326332795
87	0.0638636480312131
87	0.0638979209774362
87	0.0644758085516379
87	0.06513756853277
87	0.0662510137875101
87	0.0639
87	0.0660218885212522
87	0.0652932960893855
87	0.0649632093538958
87	0.064853023587549
87	0.063602599814299
87	0.0661753795934517
87	0.0667823955886858
87	0.0672511603919546
87	0.0655231560891938
87	0.0661824877250409
87	0.0659110201228342
87	0.0645049160790545
87	0.0654037886340977
87	0.0642992764407041
87	0.0660878193996527
87	0.0647894343384002
88	0.0639120700183188
88	0.0661969035331481
88	0.0659093183865479
88	0.0613828170047701
88	0.0671001168283639
88	0.0660938202527851
88	0.061582545747034
88	0.0660666803027204
88	0.0661277364932717
88	0.0666699885395386
88	0.0641065028161802
88	0.0647270515484819
88	0.0665220899737745
88	0.0670598403579236
88	0.0665870409077337
88	0.0643315587840191
88	0.0656779661016949
88	0.0648235939917162
88	0.0648541919805589
88	0.0640523523870904
88	0.0627038782167452
88	0.064715922945623
88	0.0676078743288924
88	0.0638386143234974
88	0.0630185797912955
88	0.0666070185903171
88	0.0655951129137249
88	0.0628016816318057
88	0.0653946838501812
88	0.0634168704156479
88	0.0645048987914657
88	0.0622862102414867
88	0.0661383724474246
88	0.0657807982958868
88	0.066804895317083
88	0.0652530219217373
88	0.06392460175178
88	0.0624619134673979
88	0.0673153296266878
88	0.0656477587444866
88	0.0670307098842743
88	0.0648926002314
88	0.0658540211089639
88	0.0646799689038611
88	0.0648672830301223
88	0.0657875018732204
88	0.0642827826800739
88	0.0667209113100081
88	0.0643512724238632
88	0.0649785236240136
88	0.0636662452591656
88	0.066050462153385
88	0.0647262161214368
88	0.0670404922588329
88	0.0664815824698825
88	0.0646566661715927
88	0.0648786335031465
88	0.0649079143852663
88	0.0616441791643678
88	0.0662711182622687
88	0.0650271353835623
88	0.0625569389614333
88	0.0648872068124097
88	0.0642380276507386
88	0.0629171625187561
88	0.0656382335148215
88	0.0645351696999508
88	0.0647614187292677
88	0.0633853418189284
88	0.064778547755348
88	0.0632963209333265
88	0.0661325636942675
88	0.0636186867427831
88	0.0662325205714574
88	0.0651745217905739
88	0.0648654118599474
88	0.065558451777898
88	0.0630712518305307
88	0.0651558073654391
88	0.0656641604010025
88	0.0633870397494823
88	0.0662729001902092
88	0.0669680145433106
88	0.0647431386347642
88	0.064038914798656
88	0.0638426321879559
88	0.0659374205036886
88	0.0639911597769853
88	0.0675322061191626
88	0.0637483851734075
88	0.0645601617795753
88	0.0665077236378086
88	0.0661451628874146
88	0.0634799429851354
88	0.0640744797371303
88	0.0653517355031414
88	0.0677188382412263
88	0.0665152027843573
88	0.064128156502645
88	0.0661702233994702
89	0.0642380145519785
89	0.0634423048216152
89	0.0621657079422747
89	0.0624676534520236
89	0.0652458027545994
89	0.0689893748455646
89	0.0646931974122721
89	0.0673774841067227
89	0.0661015288122305
89	0.065153771114648
89	0.0669449828537349
89	0.0662175648702595
89	0.0652269938650307
89	0.0645472061657033
89	0.0646884888727499
89	0.0642234751409534
89	0.0668548506908335
89	0.0637869639263044
89	0.0661604129442128
89	0.0658307210031348
89	0.0655464654876794
89	0.0684744440109247
89	0.0646219615250783
89	0.0636916628328988
89	0.0642743696644828
89	0.0647467823857192
89	0.0674118910475447
89	0.0671566142929549
89	0.0643397383483238
89	0.0654280291679153
89	0.0662426614481409
89	0.0668566856685669
89	0.0630802428865359
89	0.0674630712798652
89	0.0654774180243349
89	0.0657981446748112
89	0.0635966014780554
89	0.0655167344538639
89	0.0618624051459872
89	0.0653710247349823
89	0.0670693098241683
89	0.0648952734943995
89	0.0622673262277526
89	0.0656162537576449
89	0.0644000810701257
89	0.0667129951355108
89	0.0650512115913065
89	0.0641644603644292
89	0.0644947486489242
89	0.0676590660161306
89	0.0630694472565297
89	0.0659329909513328
89	0.0643859117973559
89	0.0635796421389161
89	0.0649390556181502
89	0.0669320726548893
89	0.0673919613176186
89	0.0623653759454992
89	0.0665210988676179
89	0.0650131716288086
89	0.0654506978384642
89	0.0660902405088452
89	0.0636323246285235
89	0.0650839955738859
89	0.0662029500271324
89	0.0662105051318173
89	0.0641090872087107
89	0.0668700610183055
89	0.0655129169801856
89	0.0645402070063694
89	0.0659318331894143
89	0.0642990843324733
89	0.0648858816400727
89	0.0650210407472031
89	0.0663959994058523
89	0.0662381358911264
89	0.0670610459335852
89	0.0652359652208876
89	0.0648389450641092
89	0.0676583967579322
89	0.0664247555689951
89	0.0657331777518475
89	0.0655406088803479
89	0.0637244897959184
89	0.0633154647516941
89	0.0662514440705209
89	0.0656283621087146
89	0.06222576785002
89	0.0652314745602233
89	0.0656218905472637
89	0.0662292079963376
89	0.0645557946510913
89	0.0657265044292842
89	0.0660028022417934
89	0.0659200163649381
89	0.064629543456905
89	0.0636978579481398
89	0.06654165822015
89	0.0648570861452958
89	0.0660944206008584
90	0.0649193548387097
90	0.0642215719907174
90	0.0665533276663833
90	0.066759319005311
90	0.0640271722599615
90	0.0668052256532067
90	0.0644285857875163
90	0.0653455536289324
90	0.0659599528857479
90	0.0654299828611755
90	0.0646831180579987
90	0.0647630558493227
90	0.0620720675695937
90	0.0655892122353874
90	0.06437875751503
90	0.0643579373104146
90	0.067630201844007
90	0.0666429984277527
90	0.0650124069478908
90	0.0660225442834139
90	0.0669339287526642
90	0.0666093030318368
90	0.0658872485881304
90	0.0634237699939259
90	0.0658835291177206
90	0.0656949397839458
90	0.0614567913837987
90	0.0683143284660234
90	0.0653040625788544
90	0.0640223405905777
90	0.0646075798269173
90	0.0633312870881932
90	0.0647094370027193
90	0.0645917502119806
90	0.0630947455523376
90	0.0631348648226285
90	0.0647154793098334
90	0.065599673785616
90	0.0655490865288095
90	0.0660500653463356
90	0.0646965646965647
90	0.0670374416525971
90	0.0650134717094102
90	0.0651197604790419
90	0.0640790192088152
90	0.06675654084282
90	0.0648231190832088
90	0.0669676075202143
90	0.0650983573311701
90	0.0665456745311555
90	0.0635582700233378
90	0.065766505801417
90	0.065924949982921
90	0.0643642072213501
90	0.0669410856701827
90	0.0663089694270095
90	0.0639652534425744
90	0.0654944833492871
90	0.064159402241594
90	0.0628835898983801
90	0.0646952867006905
90	0.0647983392645314
90	0.068076768488746
90	0.0640523549417706
90	0.0650451079100832
90	0.0652689873417722
90	0.0660246227164416
90	0.0647225115310222
90	0.0649837540614846
90	0.0680761733393312
90	0.0633066367392746
90	0.06508816624207
90	0.0647453805812871
90	0.0659671670264571
90	0.0651361983964942
90	0.0653591542337714
90	0.0647816208028276
90	0.0658547586829048
90	0.0666005946481665
90	0.0655901116427432
90	0.0668982180610088
90	0.0661601460358182
90	0.0657940925730906
90	0.0652057201425155
90	0.0652934706529347
90	0.0658029496108152
90	0.0643045297247043
90	0.0663991058727901
90	0.0657167056947835
90	0.0660533856130297
90	0.0661997178851111
90	0.0652163115283366
90	0.0647320313670646
90	0.064582496989161
90	0.0642337932057558
90	0.0642413309280417
90	0.063724274733449
90	0.0667780477926286
90	0.0652282739287145
90	0.0646627565982405
91	0.0662720696109678
91	0.0633536616097979
91	0.0644673271192231
91	0.0653516636780235
91	0.0653562410258949
91	0.0663553220470909
91	0.0633201936031136
91	0.0649555774925962
91	0.0650487368211657
91	0.063677811550152
91	0.064398298724043
91	0.0631206027643331
91	0.0648405518774953
91	0.0651010101010101
91	0.0645497679753897
91	0.0644486502639705
91	0.0652087475149105
91	0.0654821321621082
91	0.0652087475149105
91	0.0675953079178886
91	0.0636272040302267
91	0.0649709159025929
91	0.0649036035126678
91	0.0654909293041589
91	0.067179259697373
91	0.0662671660424469
91	0.065535889872173
91	0.0619191919191919
91	0.0651172010505972
91	0.0652173913043478
91	0.0649376759147567
91	0.0655007024853447
91	0.0647845468053492
91	0.0657162726008345
91	0.0642401538928825
91	0.0648462460063898
91	0.06494960806271
91	0.0657197159147744
91	0.0673493501378496
91	0.0645634258557055
91	0.0659834410339257
91	0.0654536390827517
91	0.0656754627806223
91	0.0643046589601161
91	0.065625
91	0.0657305049297879
91	0.0649958146634497
91	0.0660255132549332
91	0.0650597687634725
91	0.0658475910037061
91	0.0638681560887642
91	0.0635937263603813
91	0.0633686217450203
91	0.0657660860291504
91	0.0649801587301587
91	0.0638632443948463
91	0.0647799688895579
91	0.0656708986806074
91	0.0678221552373775
91	0.0651523328263749
91	0.0657607868985449
91	0.0646056475170399
91	0.0671379814724525
91	0.0641031905017834
91	0.064769038701623
91	0.0662972292191436
91	0.0634441087613293
91	0.0645495851442118
91	0.0649527067820487
91	0.0671936758893281
91	0.0638723553243635
91	0.0645551135505312
91	0.0651113680929157
91	0.0619701551732686
91	0.0637651821862348
91	0.0649997509588086
91	0.0642210857592447
91	0.0658987542020961
91	0.0643755322879615
91	0.0656887120835405
91	0.0650792098572267
91	0.0639879457559016
91	0.0668537636564097
91	0.0651857794714938
91	0.0659319128092089
91	0.065582209410069
91	0.0643857227371327
91	0.0618767578624393
91	0.0679003059024121
91	0.0657312036622381
91	0.0657600974223665
91	0.0637509266123054
91	0.0652627396443826
91	0.0642496111975117
91	0.0674256551182648
91	0.0647551382897742
91	0.0654726368159204
91	0.0652751994380613
91	0.0641567818463125
91	0.0632045088566828
92	0.0639082751744766
92	0.0651952288714446
92	0.0668032986873567
92	0.0660274785015321
92	0.0653462337267616
92	0.0651455866659891
92	0.0651580967774523
92	0.0648409182440596
92	0.0650288292805214
92	0.0650541698160746
92	0.0628161035808214
92	0.0650120578778135
92	0.0660919540229885
92	0.0688628696169875
92	0.0639015677713832
92	0.0639484760890512
92	0.0662644494017441
92	0.0661333333333333
92	0.0652195362604835
92	0.0671594302217436
92	0.0645097162168878
92	0.0658795515428118
92	0.0624744376278119
92	0.0678622882408465
92	0.0680003991219317
92	0.0650550314465409
92	0.0647492772405543
92	0.065344341522352
92	0.0679549273500049
92	0.0658581440429445
92	0.063962713209044
92	0.0663150698310382
92	0.067970297029703
92	0.0660738238362562
92	0.063845124086088
92	0.0648489681985844
92	0.0644179558711641
92	0.0675856597411613
92	0.0630797773654917
92	0.0660459405535376
92	0.062846489721827
92	0.0640713706407137
92	0.066271018793274
92	0.0664470349721237
92	0.0659787677348943
92	0.0656845928766017
92	0.065278334000801
92	0.0640504068267513
92	0.0655479553171596
92	0.0652294643307921
92	0.064971468615477
92	0.0656470016994416
92	0.0665729247478666
92	0.065811544153922
92	0.0649894146029245
92	0.0638434868746904
92	0.0649609238886953
92	0.0665711179203321
92	0.064198253573345
92	0.063668135541711
92	0.0647172331898471
92	0.0641719118804091
92	0.0641763866332005
92	0.063568215892054
92	0.0663367791876929
92	0.0651337215039968
92	0.0656208244667689
92	0.0655526992287918
92	0.0676913981673071
92	0.0641201885310291
92	0.0662936075821738
92	0.0651934806519348
92	0.0664555371236113
92	0.0665134176203088
92	0.0650637196336121
92	0.0674307829711224
92	0.0640508371999193
92	0.0664797757308771
92	0.0685568777239117
92	0.0658829542550473
92	0.067086056912567
92	0.064992541024366
92	0.0662939692277247
92	0.0654177519535163
92	0.0665851869958445
92	0.0654937455506966
92	0.0660467936732528
92	0.0639740713039142
92	0.0661331500392773
92	0.0662815596832827
92	0.0666699663432984
92	0.0678303247302203
92	0.0674338095470281
92	0.0635861786955633
92	0.0627354462805766
92	0.0641303227136818
92	0.0649893093332007
92	0.0635899509680028
92	0.0664888361983798
92	0.0656828414207104
93	0.0641923783971779
93	0.0663831451336951
93	0.068076604453974
93	0.064016674110466
93	0.0653614457831325
93	0.0650729094335879
93	0.0642306170886076
93	0.0651872399445215
93	0.0657993872118137
93	0.0638287204171681
93	0.0661663045625124
93	0.0631996385723608
93	0.0666471363702944
93	0.0678243612006946
93	0.0646988670244484
93	0.0652713024501538
93	0.0663883919697873
93	0.0665443546387663
93	0.0652076597861228
93	0.0672645739910314
93	0.0665979077648446
93	0.0643514305934688
93	0.0639911039223615
93	0.066101951293299
93	0.063091641490433
93	0.0663533454618961
93	0.0675722061491688
93	0.064996782337508
93	0.0656654029357441
93	0.0665315604764965
93	0.0658004412846286
93	0.0664782867340869
93	0.0662360248447205
93	0.0635037211124168
93	0.0639381083104567
93	0.0643144260830728
93	0.0645413269540595
93	0.0622507974481659
93	0.0659005745690732
93	0.0662248452012384
93	0.0650970922628031
93	0.066579634464752
93	0.0669566492351302
93	0.0651269755835005
93	0.0664940865945891
93	0.0632779050084636
93	0.0660288968884067
93	0.0654168328679697
93	0.066469573786647
93	0.0690402324321663
93	0.0634636426937233
93	0.0663959994058523
93	0.0643628725745149
93	0.0674168492332205
93	0.0667504398089972
93	0.0646741051143535
93	0.0639689251647163
93	0.0645724258289703
93	0.065697041654299
93	0.0678008011473221
93	0.0647789568978524
93	0.0668916236601826
93	0.0664935319482556
93	0.0652636791284971
93	0.0652963718708008
93	0.0659377872381597
93	0.0652567680031331
93	0.0647858942065491
93	0.0653354013183404
93	0.0659560944604703
93	0.0652273771244832
93	0.0651042956943963
93	0.0630179129658115
93	0.0656204021579205
93	0.0621300303437298
93	0.0618592964824121
93	0.065143315293646
93	0.0648987794715945
93	0.0664602882848022
93	0.0670945445568995
93	0.0657991652344709
93	0.0653441658774859
93	0.0655483224837256
93	0.0655332752106946
93	0.0637517350783264
93	0.0628191779463533
93	0.0665746128809547
93	0.0669505793800139
93	0.0662005785920926
93	0.0657554671968191
93	0.0665937779544777
93	0.0679487808467841
93	0.0656071517258505
93	0.065896362076795
93	0.0653501428149316
93	0.0672647962724299
93	0.0657586189692162
93	0.0659655831739962
93	0.0667218623678956
93	0.0650082257340844
94	0.0638222849083216
94	0.0652605459057072
94	0.0653103346601799
94	0.0632359573082127
94	0.067205233681915
94	0.0655319566390347
94	0.0656832452905412
94	0.0677424189438977
94	0.0650653099163446
94	0.0654327550379355
94	0.0649536045681656
94	0.0657484021205965
94	0.0646632544468657
94	0.0661845386533666
94	0.0660363775975428
94	0.064945421920949
94	0.0651151275068086
94	0.0643189043775984
94	0.0657050484953992
94	0.0671419181960665
94	0.0644476270433108
94	0.0658897355445988
94	0.0680112100890802
94	0.065862616636887
94	0.0648629899410336
94	0.0656053789489296
94	0.0655922959760232
94	0.0672683335799181
94	0.0650286165383856
94	0.0655100354765029
94	0.0655418559377028
94	0.0656952333909607
94	0.0667834038620555
94	0.0657074104994353
94	0.064737616478666
94	0.066079295154185
94	0.064428356250911
94	0.0694567682145322
94	0.0647173294745771
94	0.0646773482287226
94	0.0652773672282984
94	0.0629929272884547
94	0.0673613511778359
94	0.06477239497027
94	0.0667588386332214
94	0.0644691952638972
94	0.0641779975278121
94	0.0655400661919567
94	0.0677876020679326
94	0.0672094815956832
94	0.0656191323253286
94	0.0661850149042591
94	0.0652461425422484
94	0.0629522075109514
94	0.0651600378316492
94	0.0659523460051862
94	0.0670037306106421
94	0.0659963527034354
94	0.0671725278466851
94	0.0663688886731077
94	0.0669216061185468
94	0.0667258032722255
94	0.0652884099663562
94	0.0672991839543801
94	0.0638297872340425
94	0.0671221263651324
94	0.0651142094334026
94	0.0663052947439745
94	0.0673923800098961
94	0.0655673533297451
94	0.0634753901560624
94	0.0660437356293723
94	0.0670968367941005
94	0.0661655622589259
94	0.0655077587900216
94	0.0652824817159967
94	0.0649401417053506
94	0.0648567119155355
94	0.0651402289656551
94	0.0662079968092532
94	0.0659092026953913
94	0.0674862017059709
94	0.0675615872547573
94	0.0679820277397929
94	0.0656330493362394
94	0.065606555777767
94	0.0657804375551849
94	0.0647168332353518
94	0.0663272798472759
94	0.0667274297227286
94	0.0647276312546216
94	0.0666502705361535
94	0.0648698703577347
94	0.0650042732894274
94	0.0643854119765871
94	0.0662560842356213
94	0.0628419414746775
94	0.0641100989323146
94	0.0647131859945369
94	0.065242465272554
95	0.065158858373721
95	0.0682665076762558
95	0.065799920603414
95	0.0666374823678195
95	0.061914257228315
95	0.0634324622008611
95	0.0652823350800725
95	0.0662614882893567
95	0.0669684138803718
95	0.0652447281872703
95	0.0643370819054974
95	0.0641917246210037
95	0.0658180382869548
95	0.064581028065587
95	0.0636600782582522
95	0.0658582273489106
95	0.0651920272241128
95	0.0653478109970747
95	0.0660529794839152
95	0.0668227490000975
95	0.0646383937717681
95	0.063936541310269
95	0.0651825110308865
95	0.0650855480498989
95	0.0671742482652274
95	0.0645380434782609
95	0.0670586520239079
95	0.0637895888231492
95	0.066000194118218
95	0.0651744243502322
95	0.0665557404326123
95	0.0649344122229482
95	0.0636702209070966
95	0.0634776006074411
95	0.0671564004566437
95	0.0632848808464353
95	0.0663042945986974
95	0.0664035520473606
95	0.066134326164699
95	0.0660567606118735
95	0.0661482381530984
95	0.066553480475382
95	0.0643389564535112
95	0.0666796551556183
95	0.0636049481644714
95	0.06557856272838
95	0.0652089217882536
95	0.0686198920585968
95	0.065203546759418
95	0.0668961388805747
95	0.0662685982772122
95	0.0653118290308084
95	0.0649409172841979
95	0.0670491394362684
95	0.0675936463951705
95	0.0640867026278023
95	0.0652646129541864
95	0.0659754487210838
95	0.0677310348205103
95	0.0647038170236244
95	0.063117564025005
95	0.0625244236029699
95	0.0659732540861813
95	0.0647073351444801
95	0.0629888843145327
95	0.0650590046177527
95	0.0658488714425908
95	0.0666032826261009
95	0.063805787150564
95	0.0636470703700069
95	0.0664972883177798
95	0.0630093724531377
95	0.0650635792390283
95	0.0660837640693686
95	0.0662242030810968
95	0.0675063963786656
95	0.0664678100919712
95	0.0661173433932294
95	0.0651869626074785
95	0.0648530362560302
95	0.0646666332212913
95	0.0643202685358871
95	0.0646456731475586
95	0.0656263888203052
95	0.0683690676945314
95	0.0655384916365059
95	0.0660760608878665
95	0.0671515393045731
95	0.0659088691579666
95	0.0643860173289513
95	0.0661457827817141
95	0.0647837250641912
95	0.0649654232005454
95	0.0650418369332555
95	0.0657065706570657
95	0.0647576449997569
95	0.062854627274506
95	0.0668356651879296
95	0.0670832926472024
95	0.0640472292503845
96	0.0674424362465957
96	0.0666862802785133
96	0.0639615537059057
96	0.0663822186941854
96	0.0684102664194398
96	0.0648760738619532
96	0.0632872970101685
96	0.0642492090532976
96	0.0671630823494832
96	0.0666501976284585
96	0.0660978719231146
96	0.0645113524185587
96	0.0636350286357629
96	0.0677394488340721
96	0.0648243928870499
96	0.0638329904150148
96	0.0656811191586467
96	0.0659367756571485
96	0.0669125139502159
96	0.0664995576526099
96	0.0673933141939565
96	0.0640324926039212
96	0.065936225617845
96	0.0662598081952921
96	0.0648521175198978
96	0.066621543221814
96	0.0661666087129303
96	0.0627410264016612
96	0.0680105591552676
96	0.0657228017883756
96	0.0650321423232172
96	0.0674135025280063
96	0.0657295201163354
96	0.0667118184896715
96	0.066932387109318
96	0.0671027852116166
96	0.0643234437478403
96	0.0653036919412465
96	0.063895116483088
96	0.0646954763709881
96	0.0657679536105467
96	0.0641032001984619
96	0.0649098336156222
96	0.0646268807432091
96	0.0629885973211174
96	0.0683046920254875
96	0.066324496711182
96	0.065615763546798
96	0.0670675524950293
96	0.0673402324782971
96	0.0653757762456604
96	0.0656056675314309
96	0.0665596263319223
96	0.0654446512960046
96	0.0668526356290881
96	0.0646831156265119
96	0.0650676321214864
96	0.0640574611550865
96	0.0666862514688602
96	0.0654177519535163
96	0.0656139123482085
96	0.066166095545253
96	0.0649654280455653
96	0.0637942058924795
96	0.0669133974833457
96	0.0639640972530453
96	0.0628000581931041
96	0.0658970420651043
96	0.0646365422396857
96	0.0682284040995608
96	0.0644679898522609
96	0.0650881760573758
96	0.070147294735307
96	0.0654892229844792
96	0.0663831451336951
96	0.0657519686941398
96	0.0654726662719558
96	0.0654596100278552
96	0.0659340659340659
96	0.0648303000491884
96	0.0640867636184373
96	0.0670103092783505
96	0.0649273935515629
96	0.0652468053119519
96	0.0658198047967041
96	0.0668196157155148
96	0.0656704679512387
96	0.0637247493829026
96	0.067110125646711
96	0.065390512934659
96	0.06510429328536
96	0.0671327284446428
96	0.064001546865181
96	0.0665945839681526
96	0.0643511301636789
96	0.0655801131692218
96	0.0653944147474647
96	0.0649004003756611
96	0.0641120117907148
96	0.0662546353522868
97	0.0659913453973249
97	0.065425140896839
97	0.0679120359423031
97	0.062672348959639
97	0.0662286846046085
97	0.0654899207702337
97	0.0646051905024848
97	0.0670545454545455
97	0.064292828685259
97	0.0662554038956623
97	0.0653358430750941
97	0.0671127730761661
97	0.0690503123002016
97	0.0680132708821233
97	0.064803302332521
97	0.0636149774554009
97	0.0665258192895396
97	0.0683037252103735
97	0.065236818588025
97	0.0660437669043521
97	0.066813252711009
97	0.0660591133004926
97	0.0652466703247369
97	0.0657444593187565
97	0.06557775509212
97	0.0649710525013608
97	0.0629752388379801
97	0.065355668851663
97	0.0669154106730816
97	0.067432129999027
97	0.0656220835993909
97	0.0655586334256694
97	0.0651662915728932
97	0.0665983606557377
97	0.0652749338261
97	0.0663115447802061
97	0.0665980089255064
97	0.0648980815347722
97	0.0636939473155037
97	0.0633128339550358
97	0.067109634551495
97	0.0655996060083723
97	0.0660497453975715
97	0.0648675914249685
97	0.0627847098435334
97	0.066724353427555
97	0.064712031460003
97	0.0651397977394408
97	0.0653001464128843
97	0.0665406610448774
97	0.0675820953870211
97	0.0651887842899079
97	0.0657478205815029
97	0.0649537105797317
97	0.0642740780964605
97	0.0651560926485398
97	0.0668549905838041
97	0.0642582321491031
97	0.0649995038205815
97	0.0644861185917838
97	0.0650537634408602
97	0.0664690734172295
97	0.0672407120743034
97	0.064032832278481
97	0.0656015131153253
97	0.0640994033824762
97	0.0649542367877178
97	0.0645702720047391
97	0.0654825802673953
97	0.0669565217391304
97	0.0648926002314
97	0.0659923162962603
97	0.065200079633685
97	0.0666633795177753
97	0.0635694389176283
97	0.0629527004034806
97	0.0664590321034979
97	0.0675458659788798
97	0.0644897959183673
97	0.0660628138229792
97	0.0685481895242295
97	0.0647168012843024
97	0.0667254124443139
97	0.065170836172491
97	0.0659470068694799
97	0.064321608040201
97	0.0643659002892299
97	0.0652721286073988
97	0.0661702655745843
97	0.0667964946445959
97	0.0644278242166496
97	0.0642791105055715
97	0.0652581696120051
97	0.0653196652305254
97	0.0657019945248338
97	0.0664630240922304
97	0.0663667041619797
97	0.0638718607870279
97	0.0652379765761276
97	0.0656974977205957
98	0.065665299668956
98	0.0660074165636588
98	0.0656401145000493
98	0.0651984511132623
98	0.0638646288209607
98	0.065236470014627
98	0.0638266796494645
98	0.0685767278406872
98	0.0639603377184371
98	0.064408279659767
98	0.0675944333996024
98	0.0675448983619499
98	0.0671660300610149
98	0.0680032772663743
98	0.0671331408719479
98	0.0652613911240559
98	0.0659839063643014
98	0.0670942039547199
98	0.0669920141969831
98	0.0639426382477163
98	0.0663783468584479
98	0.066013135020282
98	0.0666214448374437
98	0.0641732283464567
98	0.0645491803278689
98	0.065902854667116
98	0.0676490613753526
98	0.0660963089709118
98	0.0669842504374878
98	0.0648072190319934
98	0.065315852205006
98	0.0653229723166586
98	0.0665645053155828
98	0.0638930163447251
98	0.066059002254239
98	0.0656984446298023
98	0.0662586223647139
98	0.0649910407283646
98	0.067154584116309
98	0.0642147412131099
98	0.0652247708646525
98	0.0675377077529061
98	0.0649220649220649
98	0.0661853771985077
98	0.0671400587659158
98	0.0682466747279323
98	0.065306525712592
98	0.064001575423395
98	0.0651816776188636
98	0.0643470665307905
98	0.0675290182962817
98	0.0679159230616696
98	0.0665594698630805
98	0.0672922643068994
98	0.0655721192586624
98	0.0655980271270037
98	0.0673972867281417
98	0.0667687293199664
98	0.0653241650294695
98	0.0678548941734877
98	0.0638265691958659
98	0.0668152526769708
98	0.0630652652163285
98	0.066548445889365
98	0.0666438154930957
98	0.0665298944900352
98	0.064931266452179
98	0.0670194852056772
98	0.0678168348829116
98	0.066828912144074
98	0.0677575816961442
98	0.0675514393469232
98	0.0640725424742165
98	0.0644037427831973
98	0.0646573668669178
98	0.0673946507600539
98	0.066193168091994
98	0.0654527798009226
98	0.0643943061876634
98	0.0661060613425363
98	0.0669800804536422
98	0.0663105273475789
98	0.0664728682170543
98	0.0649274798014212
98	0.0668950330315635
98	0.0663110136112081
98	0.0663193942024791
98	0.063839330210306
98	0.0665676077265973
98	0.0659276546091015
98	0.0660358762073724
98	0.0656981039152918
98	0.0677466863033873
98	0.0675154885604176
98	0.0665946370690502
98	0.0651363839618423
98	0.0650501509397215
98	0.0654747040902962
98	0.0646359583952452
98	0.0672142301710731
99	0.0660307418573617
99	0.0669679342339311
99	0.0681359767796527
99	0.0662741472434431
99	0.0634787333893198
99	0.064942050956037
99	0.0641573579407479
99	0.0667090837901331
99	0.0647575334264618
99	0.0652152689641707
99	0.065203357004519
99	0.0643060045058282
99	0.0634920634920635
99	0.0656156377388144
99	0.065954183365494
99	0.0647998034880865
99	0.0656575682382134
99	0.0678081525440218
99	0.0661194029850746
99	0.0664085473436581
99	0.0667644900953778
99	0.0664024743862362
99	0.068462510940387
99	0.0631427293953997
99	0.0668726763555599
99	0.0664051286958186
99	0.0645291593032063
99	0.0670788103003456
99	0.0665927283248143
99	0.0664167113015533
99	0.066656871387991
99	0.0655874827789805
99	0.0670890974170456
99	0.063322853212812
99	0.0667696615652006
99	0.0663459706610783
99	0.0657009072285631
99	0.0655500313751991
99	0.0662696888205916
99	0.0653549535297607
99	0.0672365526894621
99	0.067651286117857
99	0.0657817398119122
99	0.0654445196865628
99	0.0656894945830678
99	0.0671474515154468
99	0.0648328100862112
99	0.0642558278541542
99	0.0640737970580903
99	0.0667947391754101
99	0.0670174741858618
99	0.0664258188824663
99	0.0674582276056877
99	0.0646842732327244
99	0.0666863091730505
99	0.065821789959721
99	0.0660520025367091
99	0.0700880332785141
99	0.066143334787033
99	0.0666860945164894
99	0.0668282045069057
99	0.0654112983151635
99	0.0645537057710042
99	0.0673390829800711
99	0.0656454067854863
99	0.0661725780836421
99	0.0625250701965503
99	0.0659747961452928
99	0.0658895584312951
99	0.0673356602675974
99	0.0655546935608999
99	0.065356915388761
99	0.0649648574775478
99	0.0673025710550525
99	0.065625589733912
99	0.0654568702665486
99	0.0661708253358925
99	0.0646874844859256
99	0.065577743311361
99	0.0654337854981946
99	0.0643121229811247
99	0.0663767561884737
99	0.0650936917492397
99	0.0666921459965603
99	0.0652079408781336
99	0.0669711538461538
99	0.0655517395848888
99	0.067166330354569
99	0.0674366252324557
99	0.0646197265339886
99	0.0675008724263423
99	0.0661108956960062
99	0.0670431162367804
99	0.0671856978085352
99	0.0664339055377752
99	0.065181031090122
99	0.0650993698497334
99	0.0659838487295647
99	0.0643539717300418
99	0.0656002348106839
100	0.0659060273445022
100	0.067208904109589
100	0.0640673981191223
100	0.0655553930886582
100	0.0659048764596803
100	0.0678340129527465
100	0.065945165945166
100	0.0657254138266797
100	0.0656779661016949
100	0.0672396600028491
100	0.062338169915482
100	0.0652497765418612
100	0.0641972843450479
100	0.066348402182385
100	0.0655446873801304
100	0.065845850775671
100	0.0665575821743106
100	0.0658992805755396
100	0.0660026110923069
100	0.0659596106348976
100	0.0650308522946394
100	0.0658789486375693
100	0.0653400653400653
100	0.0646549567132062
100	0.064992686494393
100	0.0652422739412438
100	0.0678686602169452
100	0.0664682055536577
100	0.0656208895600916
100	0.067371395167576
100	0.0654164849542085
100	0.06668262326472
100	0.0648012501220822
100	0.0628543499511241
100	0.066106929164254
100	0.0634749865519096
100	0.0654998284061382
100	0.0652931076772136
100	0.0624279773535748
100	0.0624133148404993
100	0.0647902544454269
100	0.0671773718326458
100	0.0665886140787356
100	0.0647699467447105
100	0.0646622337862581
100	0.0648693367073824
100	0.0655530737107896
100	0.0652449118706787
100	0.065981480583701
100	0.0662120762921237
100	0.0680819912152269
100	0.0650789793438639
100	0.0662109375
100	0.0662597223589643
100	0.0665646896279483
100	0.0632183908045977
100	0.0658486507626124
100	0.0651024944430724
100	0.0655978101476195
100	0.0648744286627021
100	0.0653185134407286
100	0.067409200968523
100	0.0651158263577964
100	0.0652132062758687
100	0.0644543714103382
100	0.0644182636395813
100	0.0657364787111623
100	0.0640752661549889
100	0.0649788217173662
100	0.065575387042698
100	0.066369537835481
100	0.0656179555032834
100	0.0669526204210422
100	0.0663513900831184
100	0.064422981180922
100	0.0643705230104995
100	0.0656044064129045
100	0.0648563402493716
100	0.065765633416581
100	0.0639276106627537
100	0.0669310614962789
100	0.067256807466564
100	0.0670972717632315
100	0.0648912047088339
100	0.0634382325071069
100	0.0640766416329675
100	0.0664328946104333
100	0.0665227629513344
100	0.0655917569050231
100	0.063819293746301
100	0.0646070144758574
100	0.0649587837504319
100	0.0638467280418014
100	0.0666503308012742
100	0.0671195914040667
100	0.0662824207492795
100	0.0663468062421246
100	0.065228028968487
100	0.06787395523105
100	0.0663114555582466
101	0.0658749938914138
101	0.0650768778767995
101	0.0665318698247641
101	0.0661500661500661
101	0.0658117590128236
101	0.0641931684334511
101	0.0680117777670512
101	0.0661616410054602
101	0.0676017365583703
101	0.0665856031128405
101	0.0661157024793388
101	0.0654454057711828
101	0.0668376730229407
101	0.0616662594673833
101	0.0644832605531295
101	0.0667188034605797
101	0.0664632078670736
101	0.0662123628630806
101	0.0659458406390025
101	0.067049346389465
101	0.0651907723955527
101	0.0671977995921658
101	0.069375571710558
101	0.0667283169473377
101	0.0660566199599657
101	0.0653607354285989
101	0.0661109237218715
101	0.062874251497006
101	0.0647058823529412
101	0.0651578844461824
101	0.0677741840635107
101	0.0658760263119988
101	0.0680811718331792
101	0.0654014598540146
101	0.0638543773475874
101	0.0661943123362128
101	0.066709397495316
101	0.0664598380920064
101	0.0660513412171907
101	0.0665483584738243
101	0.0642018486135398
101	0.0668210713053762
101	0.0666045416646231
101	0.0675364543361474
101	0.0645482122432742
101	0.0669536817102138
101	0.0657434330491351
101	0.067009813353858
101	0.067728511981633
101	0.0638590967234084
101	0.065989847715736
101	0.0669510835312939
101	0.0659415695264108
101	0.0651229386787795
101	0.0647870720565843
101	0.0667518050984822
101	0.0667443893908481
101	0.0685209329277126
101	0.0654462905718702
101	0.0682126916359402
101	0.0670260471329072
101	0.0650738916256158
101	0.0647012655744138
101	0.0676903639632635
101	0.0656796116504854
101	0.064985014985015
101	0.0665477166417515
101	0.0640741098137605
101	0.0640876478572814
101	0.066488326848249
101	0.0648474178403756
101	0.064579821815555
101	0.0649527704742429
101	0.0664089262993051
101	0.0644034440344403
101	0.0648981753406191
101	0.0652280529671408
101	0.068484555984556
101	0.0651609802979337
101	0.0646959050157499
101	0.0639847655320162
101	0.0659733816724705
101	0.0657875313684003
101	0.0653651482284888
101	0.0683463516860354
101	0.066476365571629
101	0.0640401285672543
101	0.0660594486068263
101	0.067653380226651
101	0.0657341966094993
101	0.0650812909487988
101	0.0672451193058568
101	0.0671057059078018
101	0.0651543000870659
101	0.0672156261968594
101	0.0673394139336309
101	0.0650957873372605
101	0.065985401459854
101	0.0667313288069835
101	0.0684997588036662
102	0.0653569532268186
102	0.0645545143537111
102	0.0674855705194613
102	0.0666569851873366
102	0.0665212649945474
102	0.0673164206201328
102	0.0646096914537181
102	0.065272373540856
102	0.0650579724506986
102	0.0671039844509232
102	0.0683539449717189
102	0.0635733801717408
102	0.0646805174441396
102	0.0677785319499661
102	0.0651971132603466
102	0.0655491497504966
102	0.0668977977440305
102	0.0672558636429855
102	0.0685233036654225
102	0.0659062732457228
102	0.0646955503512881
102	0.0661459839938289
102	0.0660026110923069
102	0.0648701616854483
102	0.0681238264888546
102	0.0658714965886222
102	0.0661796720042572
102	0.0669193760023327
102	0.0650979629539598
102	0.0671285003414967
102	0.0664025205270193
102	0.065592022461032
102	0.0647785182281458
102	0.0665836367120138
102	0.0680265609324989
102	0.0639557453416149
102	0.0641031953128847
102	0.0686610373944511
102	0.0653778040141677
102	0.0651691892412995
102	0.067103190232375
102	0.0639186141369548
102	0.0670002382654277
102	0.0666537398807504
102	0.0649068169459687
102	0.0668442722208767
102	0.0650139866885309
102	0.0656048171708833
102	0.0663184627917006
102	0.0654420769042371
102	0.0662763353649758
102	0.0652270593467411
102	0.0650074472685341
102	0.0658197507190796
102	0.0662569998513306
102	0.0655897711190279
102	0.0665405693777584
102	0.0644081150285602
102	0.0671405244452982
102	0.0667540537916303
102	0.0671915756931697
102	0.0680515759312321
102	0.0665829752305538
102	0.0661024368889537
102	0.0656032680056412
102	0.0680810938236681
102	0.0671388237546059
102	0.0668681526256139
102	0.0663588584901027
102	0.0660627379174095
102	0.0652446070878274
102	0.0655378010970665
102	0.065893665158371
102	0.0658338960162053
102	0.0662232363936496
102	0.065738592420727
102	0.0667505687593785
102	0.0668290818763734
102	0.0669368225759203
102	0.0652823211491964
102	0.065443094031393
102	0.0659816116819903
102	0.0655248348421825
102	0.0681493475569102
102	0.065620542082739
102	0.0673572633100458
102	0.065396399846802
102	0.0656147777563979
102	0.0665614052400454
102	0.0650094673981648
102	0.0658644711842939
102	0.0666698781251505
102	0.0670019929771282
102	0.0673738532110092
102	0.0652713555609637
102	0.0650968849644346
102	0.0656594724220624
102	0.0648289441299532
102	0.0648417782954766
102	0.0662029380289911
103	0.0661136862649427
103	0.0628639099970394
103	0.0681248795529004
103	0.0680568176383376
103	0.0668421052631579
103	0.0672369301347606
103	0.0663918525703201
103	0.068022917071276
103	0.0670105577785277
103	0.065587320108907
103	0.0665816687916135
103	0.0645458960660515
103	0.0656998677183872
103	0.0666666666666667
103	0.0656281551997692
103	0.0659786755355571
103	0.066284348864994
103	0.066270783847981
103	0.0662181131710151
103	0.0639190994085098
103	0.0680258962218572
103	0.0663167019842034
103	0.0654133896029158
103	0.0656068392488353
103	0.0668728256667955
103	0.0681937485087091
103	0.0668146075546336
103	0.0666857743383969
103	0.0659757699605897
103	0.0666666666666667
103	0.0667639902676399
103	0.0660211267605634
103	0.067434288141192
103	0.0667214223596483
103	0.0663329161451815
103	0.0679579148732664
103	0.0643903883159817
103	0.0691411223190677
103	0.0653995003184245
103	0.0680597597890831
103	0.0659202171489506
103	0.0674563531706389
103	0.0664875427454812
103	0.0676734308636149
103	0.0680427046263345
103	0.0656764234745886
103	0.0666002561548314
103	0.067306787159936
103	0.067405310425615
103	0.0664204872434299
103	0.0650066433738497
103	0.0676309991378485
103	0.0660897311931928
103	0.0664213695226263
103	0.0650321352059034
103	0.0656951975213013
103	0.066194195352425
103	0.0665483159005854
103	0.0648352186474707
103	0.0662354714778972
103	0.0664236727255288
103	0.0642233512553643
103	0.0652827626345911
103	0.0682802787718968
103	0.0655562569805274
103	0.0650414479815569
103	0.0658661923114932
103	0.0660110338210602
103	0.0646998685555718
103	0.0646130000968711
103	0.0652909336941813
103	0.0650591888220454
103	0.0663046044864227
103	0.0666634670762142
103	0.0659196102314251
103	0.0673688297820706
103	0.0658236368881623
103	0.0679199807182454
103	0.0667952736918254
103	0.0673210438113479
103	0.0647138307113213
103	0.0658964484381686
103	0.0653870389220106
103	0.0661960253372661
103	0.0656927197467738
103	0.0663801337153773
103	0.0652005425305173
103	0.0653768213837692
103	0.0675543371842569
103	0.0659121818535069
103	0.0663994591462237
103	0.0671544163961432
103	0.0660578978045463
103	0.0668022073772872
103	0.0665453472358843
103	0.0676245210727969
103	0.0668107588856868
103	0.0680285218731933
103	0.0677835917622774
103	0.0649237472766885
104	0.0667045131989781
104	0.0666473904872054
104	0.0670530197806408
104	0.0650881808438079
104	0.0682283042758352
104	0.0662062970832528
104	0.0631460343898496
104	0.0654828508878618
104	0.0673144959667909
104	0.0665406610448774
104	0.0663642067667359
104	0.0668891468369124
104	0.0658412515596506
104	0.0665006591475026
104	0.0670167064439141
104	0.0658446242323813
104	0.065366040262038
104	0.0667250267483708
104	0.0675383358169495
104	0.0661905674846626
104	0.0655978101476195
104	0.0664279839372974
104	0.06680123029604
104	0.0663076405250757
104	0.0656675211989746
104	0.0640893217254439
104	0.0665385539274562
104	0.066473277938935
104	0.0633627627920589
104	0.0673246042603088
104	0.0660823320858775
104	0.0641642286904349
104	0.0657757062684296
104	0.066288979275615
104	0.0665931537060121
104	0.0647929421973678
104	0.0652906081601232
104	0.0661566156615662
104	0.0656025698940923
104	0.0660440935785116
104	0.0669208770257388
104	0.0667017560648835
104	0.0669954985154679
104	0.0667738948189306
104	0.0644629701434665
104	0.0670694293670647
104	0.0656930811587264
104	0.066752307545913
104	0.0660493827160494
104	0.0660918178803241
104	0.0658641945347765
104	0.0653863069931095
104	0.0664373464373464
104	0.0682068734122609
104	0.0655753725873442
104	0.0654887651238717
104	0.0662824207492795
104	0.0666245811683582
104	0.0663986758098841
104	0.0653278374233129
104	0.0664888361983798
104	0.0648037195034271
104	0.0649628854680416
104	0.0644711538461538
104	0.0635958539184346
104	0.0665180054087394
104	0.064880865725239
104	0.0649852635647678
104	0.0656169235187135
104	0.0627861665854847
104	0.0667408769722195
104	0.0655634586538927
104	0.0652904464714354
104	0.0681818181818182
104	0.0651839754058987
104	0.064497128552496
104	0.0680352740375498
104	0.0659445988689735
104	0.0659035394415441
104	0.0670401948842875
104	0.066096348690499
104	0.0661825223916727
104	0.0638244702119152
104	0.0662267839687194
104	0.0690889738255358
104	0.0632192423568924
104	0.0674595531587057
104	0.0645660430440287
104	0.0656720783969577
104	0.0656275635767022
104	0.0627069229628898
104	0.0652550338890813
104	0.0658604108990238
104	0.0624720663455331
104	0.0668611602659142
104	0.0622398698751375
104	0.0641221374045802
104	0.0672819433817904
104	0.0653658536585366
104	0.0666184971098266
105	0.0646874245715665
105	0.067596869991515
105	0.0676335508822818
105	0.0650328058664608
105	0.0658270767740373
105	0.0647906725045506
105	0.0662177328843996
105	0.0666404946510943
105	0.0654002320185615
105	0.0659675881792183
105	0.0670858569513154
105	0.0662828390343026
105	0.0668106551475882
105	0.0653563591260376
105	0.0632650051614806
105	0.0658556444274151
105	0.0654278348007978
105	0.0653793373848265
105	0.0650939702427565
105	0.0660409639732121
105	0.0652603188363917
105	0.0681707908782145
105	0.0665904544155473
105	0.0658483204872014
105	0.0675490427794848
105	0.0666571645762068
105	0.0654942965779468
105	0.0675962127278723
105	0.0644942951073293
105	0.0671297397592654
105	0.0658376349131863
105	0.0651757494492865
105	0.0678780886453226
105	0.0667978309899707
105	0.0654874099850176
105	0.065406976744186
105	0.066471116998628
105	0.0670988501395921
105	0.0669214234535467
105	0.0673390829800711
105	0.0656338979778968
105	0.065347291935561
105	0.0666130482093012
105	0.0656983455175067
105	0.0659878787878788
105	0.0669833501271532
105	0.0672609009877138
105	0.0658248511618974
105	0.0672272968923687
105	0.0677778845230089
105	0.0668323931542213
105	0.0649683950382586
105	0.067650075709471
105	0.0654477354492139
105	0.0639269406392694
105	0.0658878733075908
105	0.0673676012461059
105	0.0659189202034124
105	0.0679032483571795
105	0.0641531492035657
105	0.0651158263577964
105	0.0669557758292032
105	0.0677900445477436
105	0.0667499039569727
105	0.0644568110331478
105	0.0646335040934553
105	0.0649206578883905
105	0.0639101384719667
105	0.0661100863993787
105	0.0676948207936966
105	0.0669198596221336
105	0.0658600839106254
105	0.0662280489574767
105	0.0649826455842653
105	0.0657070441394481
105	0.0642633228840125
105	0.0660513412171907
105	0.065573008643926
105	0.0676029516781719
105	0.0668656999336556
105	0.0644803472389679
105	0.065441354292624
105	0.0665547024952015
105	0.0664561573961623
105	0.0660432212423684
105	0.0675805214723926
105	0.0674956454422295
105	0.0669868303792455
105	0.065625297647395
105	0.0656501274759757
105	0.0646517609814009
105	0.0659510685620346
105	0.0644848954298993
105	0.0657780771821769
105	0.0651476712459911
105	0.0666892349356804
105	0.0660024906600249
105	0.0671804565944453
105	0.0676449362521049
105	0.0656503681329054
106	0.0650336215177714
106	0.0678747940691928
106	0.0659482142005627
106	0.0673667050249329
106	0.0666315133502708
106	0.0673026221178275
106	0.0635933120711317
106	0.0673153762985945
106	0.0663465735486687
106	0.0672817601135557
106	0.065672497849154
106	0.0638161779177327
106	0.0660340821068939
106	0.0659813530958642
106	0.067658739652615
106	0.0647786768205616
106	0.0650418229016441
106	0.0648643484906381
106	0.0653582038669459
106	0.064210372818743
106	0.0674730674730675
106	0.0654013481856863
106	0.065195246179966
106	0.0655911901081917
106	0.0667116878105253
106	0.0654435134354233
106	0.0666536737478075
106	0.0659669452887538
106	0.0658215962441315
106	0.0669452138397258
106	0.0665864227250843
106	0.0677695544913656
106	0.0661757764561503
106	0.0666219325153374
106	0.0665492268545704
106	0.0649781323593022
106	0.0657669644554267
106	0.0680954700438383
106	0.0671773718326458
106	0.0657555194494887
106	0.066271787153469
106	0.0659951045000941
106	0.06544477028348
106	0.0664218958611482
106	0.0655972500716127
106	0.0652025044022696
106	0.0671121854116309
106	0.0649160160870594
106	0.0640501896702655
106	0.0650132081009686
106	0.0667217416658567
106	0.0665489934166587
106	0.0668990545315634
106	0.0674884881043745
106	0.0658851674641148
106	0.0656482645267331
106	0.0643400272957692
106	0.0677283283567942
106	0.0664323881962162
106	0.0640639652534426
106	0.0660332085612823
106	0.0655948247157875
106	0.0654178109062377
106	0.0670530197806408
106	0.0639724281195411
106	0.0637949310976197
106	0.0672732415613804
106	0.0642227905655016
106	0.0636964504283966
106	0.0675669204616195
106	0.0644566325292433
106	0.0670466621582456
106	0.0676738018564122
106	0.0641895118922533
106	0.0677488660778229
106	0.0663402014228957
106	0.0667172100075815
106	0.0674890455324824
106	0.067198452985255
106	0.0657076205287714
106	0.0664576802507837
106	0.0639462313970235
106	0.0647284695556775
106	0.0662004441714313
106	0.0688425269946744
106	0.0664805276079526
106	0.0660345246778507
106	0.065900235701573
106	0.0667973606196806
106	0.0669102095750817
106	0.0657039020657995
106	0.0689688387997881
106	0.067300343905235
106	0.0664939550949914
106	0.0647635692785707
106	0.0656881616939365
106	0.0660430839002268
106	0.0650224215246637
106	0.0678645606916872
106	0.0666923484374248
107	0.0657768848067355
107	0.0668322743992739
107	0.0663466565277316
107	0.065287312178964
107	0.0691451908181946
107	0.0644932000189547
107	0.0645176810199663
107	0.06645056726094
107	0.0667297681022243
107	0.0653359252761841
107	0.0646924612605761
107	0.0666506717850288
107	0.0668091168091168
107	0.0667455061494797
107	0.0668302540415704
107	0.0678482942633886
107	0.0664049567232654
107	0.0671452500598229
107	0.0662572566329223
107	0.0647109994200657
107	0.0664414957780458
107	0.0665749917018351
107	0.0687631227333461
107	0.0660853377749473
107	0.0667960223138491
107	0.0657726389612851
107	0.0662581386441976
107	0.0651198687955236
107	0.0674493773172355
107	0.0678895520939487
107	0.0667180129007413
107	0.0663946231397023
107	0.0654187478783764
107	0.0652018151421065
107	0.0645794437263632
107	0.0666089965397924
107	0.0685121438133486
107	0.063463848186404
107	0.0668779265004966
107	0.0684796854521625
107	0.0668724768463548
107	0.0652297759210027
107	0.0666217062478925
107	0.0658514535851929
107	0.065564258775747
107	0.0681183158300414
107	0.0677783754706832
107	0.0677068557919622
107	0.0678636060577198
107	0.0665888418697407
107	0.0672971294836892
107	0.0650394967125491
107	0.0657412762675921
107	0.067394155114275
107	0.0661842231381194
107	0.0675267373267469
107	0.067024385569875
107	0.067047891350965
107	0.0676962433085414
107	0.0694847956614371
107	0.0668392788645953
107	0.0659588777863182
107	0.0655519031966081
107	0.0662277118277503
107	0.0666309743989098
107	0.0667107625437022
107	0.0665858389912706
107	0.0662967430639324
107	0.0670260471329072
107	0.0665720369056068
107	0.0660098991052732
107	0.0670537286441727
107	0.0654350996596986
107	0.0677842565597668
107	0.0655061621828993
107	0.0675563354266716
107	0.0658357910760156
107	0.0677016802594085
107	0.0672333848531685
107	0.065331928345627
107	0.0674035236880639
107	0.0658255886743391
107	0.0656068392488353
107	0.0649900161643054
107	0.0665746645093747
107	0.0681829041043528
107	0.0689886135298058
107	0.0659220010501695
107	0.0642836689892145
107	0.0678510678510679
107	0.0672078535019823
107	0.0673497859238947
107	0.0659198621283929
107	0.0654395737466699
107	0.0652797704447633
107	0.0661317772915147
107	0.0679452311732158
107	0.0663906407972654
107	0.0666445466180026
107	0.066875802081848
108	0.0665771940756363
108	0.0669209598763942
108	0.0665679059543152
108	0.0672613307618129
108	0.0660688317983519
108	0.0686660268714012
108	0.0674733785091965
108	0.0668367105946814
108	0.0654571496777274
108	0.0687673594483287
108	0.0649678494879733
108	0.0651236342725704
108	0.06482778609729
108	0.0667249417249417
108	0.0666666666666667
108	0.0651694020539399
108	0.0665256681407422
108	0.0657439446366782
108	0.0662586738627602
108	0.0669874516463817
108	0.0641906500744727
108	0.0662599318955732
108	0.0671777671298515
108	0.0653452932098765
108	0.0654423553417869
108	0.0666478262917432
108	0.0658697008977867
108	0.0678965745022176
108	0.0659710535173342
108	0.0643323268725041
108	0.0671968758929422
108	0.0667367314766159
108	0.0670673535584812
108	0.0664429530201342
108	0.0653876272513704
108	0.0685008685853796
108	0.0678857359420153
108	0.0662877859977463
108	0.06465003101293
108	0.0670038535645472
108	0.0674157303370786
108	0.0662376098088035
108	0.0675694939415538
108	0.0648728874419495
108	0.0656568069957471
108	0.06474644236882
108	0.0643492554631599
108	0.0655563601255129
108	0.0662061836293581
108	0.0631986242476354
108	0.067033279605575
108	0.0679781938848068
108	0.0656517145327058
108	0.0646695197337137
108	0.0675445244410762
108	0.0653962754439151
108	0.0670780916211726
108	0.0657602931250603
108	0.0663953433344376
108	0.0677934272300469
108	0.0675051212424372
108	0.0654142255362417
108	0.066177528413178
108	0.0662618922407611
108	0.0647297689258436
108	0.0670031242489786
108	0.0679278940944512
108	0.0662439352452323
108	0.0669261439149421
108	0.0656123505601054
108	0.0670156574231277
108	0.0638225915547396
108	0.0657869573532224
108	0.0673104097974564
108	0.0673384593342567
108	0.0666956858193074
108	0.0657431321906551
108	0.0676819751217897
108	0.065511795951572
108	0.0660765249359067
108	0.0647853924590941
108	0.0656674473067916
108	0.0671038874631689
108	0.0663822852760736
108	0.0647266145932559
108	0.0655566127497621
108	0.0665729928775619
108	0.0653550863723608
108	0.0667819736715672
108	0.0682968358321903
108	0.0668235972328978
108	0.0666884297906077
108	0.0669856459330144
108	0.0669900557846228
108	0.0633902785256253
108	0.0680365512996544
108	0.0689068481497235
108	0.0665718349928876
108	0.0648700673724735
108	0.0663076405250757
109	0.0678347689898199
109	0.0660332988430063
109	0.0645192078262944
109	0.0694191943354703
109	0.0667478570424844
109	0.0657977009282863
109	0.0652006913769925
109	0.0665159223666855
109	0.0661356848243493
109	0.0679176986092589
109	0.0666729983854117
109	0.0668030310073916
109	0.0667438271604938
109	0.0654187192118227
109	0.0653936573429929
109	0.0655073844687947
109	0.0663849765258216
109	0.0662702188392008
109	0.065133183491942
109	0.0664138467522365
109	0.0675548441766312
109	0.0660914090650484
109	0.0648526513148406
109	0.0660160465443626
109	0.0643347907557776
109	0.0659195781147001
109	0.0661754150916312
109	0.0667595885802172
109	0.0679179928852275
109	0.0677381233750886
109	0.064696600200832
109	0.0656615938937088
109	0.0667826423117812
109	0.0657631954350927
109	0.0660534718581709
109	0.0673205940868921
109	0.0679644155347236
109	0.0660072376357057
109	0.068203198494826
109	0.0660073928279967
109	0.0685028918175785
109	0.0680928278101423
109	0.0659756732453027
109	0.0672264943152333
109	0.0674889457761229
109	0.0663498007585578
109	0.0671035010522288
109	0.06852288815479
109	0.0675745723575703
109	0.0675787124630088
109	0.0648669644591183
109	0.0660630923751591
109	0.0664957926298481
109	0.0658551661832533
109	0.0665406610448774
109	0.0680288122028153
109	0.0667925418928487
109	0.0652511149893349
109	0.0665914751633065
109	0.0655235175783121
109	0.0673773987206823
109	0.067421686746988
109	0.0663233974207568
109	0.0665703230618619
109	0.066307226636398
109	0.0665217391304348
109	0.0649005983400888
109	0.0672164157637357
109	0.0653229723166586
109	0.065223749634396
109	0.06706857573474
109	0.0676902911712386
109	0.0681515324576433
109	0.0672477600311648
109	0.0659377228428809
109	0.0671065032987747
109	0.067672763742299
109	0.0636492890995261
109	0.0670191483280937
109	0.0674849555831502
109	0.0678544351781653
109	0.0669439492968905
109	0.0671931083991385
109	0.0668650698411175
109	0.0649946844495989
109	0.067776399885529
109	0.0677172653534183
109	0.0650386729581165
109	0.0675137856629106
109	0.0663641520136132
109	0.0665335994677312
109	0.0661680640243902
109	0.0679878626967571
109	0.067263293187985
109	0.0650508360237074
109	0.0680911680911681
109	0.0675020404244083
109	0.0666066606660666
109	0.065450794692672
109	0.066685843041373
110	0.0660377358490566
110	0.0674446944131984
110	0.066927443591089
110	0.067752596789424
110	0.0679363832711565
110	0.0650953984287318
110	0.0662923468906294
110	0.0671773157619297
110	0.0673797812902918
110	0.067504522517376
110	0.0675695075848208
110	0.0674560120760413
110	0.0665681178770683
110	0.0676439008449652
110	0.0672025111766384
110	0.0655714353544466
110	0.0674572690608796
110	0.0673681134005553
110	0.0678776752500121
110	0.0677637489951293
110	0.0655105055028825
110	0.0629560738303048
110	0.0641441097979413
110	0.0669442210342054
110	0.0669555693128244
110	0.0673063486888071
110	0.0668883788467844
110	0.0655217203059605
110	0.0693750589122443
110	0.0667621092817943
110	0.0664652567975831
110	0.0661803777595285
110	0.0675083373034778
110	0.0666886761307362
110	0.0672777183268971
110	0.0679268407655322
110	0.0658846061766818
110	0.0667105448733017
110	0.0662579019915395
110	0.0671378091872792
110	0.0653218059558117
110	0.0661849710982659
110	0.0655295364748964
110	0.0662584840286677
110	0.0677664260942919
110	0.0656923882515352
110	0.0668849391955098
110	0.0679745392361771
110	0.0665911557883808
110	0.0661707126076742
110	0.0676870424945337
110	0.0651125017914298
110	0.0667999809551016
110	0.0675792923937144
110	0.0660751368699264
110	0.0669892422605346
110	0.0671273445212241
110	0.0670020688358097
110	0.0677027090473731
110	0.0667364315273748
110	0.0686367969494757
110	0.0670848496456617
110	0.0628127531811466
110	0.0663770214820179
110	0.0663509376195943
110	0.0651191849288735
110	0.065569804016453
110	0.0669578573485648
110	0.0676007511194569
110	0.0676921629504187
110	0.0659900873259382
110	0.0673856975381008
110	0.0667656496958667
110	0.0662163447816573
110	0.0681666188974873
110	0.0652852267186738
110	0.066782592348905
110	0.0658078161803586
110	0.0669974013701866
110	0.0674260340750036
110	0.066023166023166
110	0.0694833413809754
110	0.0657049745998275
110	0.0665537270087125
110	0.0673288129118518
110	0.0679291501790089
110	0.0668923047995111
110	0.0653239761584311
110	0.0687244921893325
110	0.0642483566047694
110	0.0672172626151716
110	0.0664374074604767
110	0.0645843344545891
110	0.0664675484757977
110	0.0659170765987351
110	0.0670660364112884
110	0.066064209274673
110	0.0650147321644206
110	0.0661378189811717
110	0.06491902930142
111	0.067642461276112
111	0.0656979220902163
111	0.065576877517176
111	0.0666698851018635
111	0.067099364960777
111	0.0672542632688254
111	0.06763856676291
111	0.0659008178508959
111	0.0674088400396245
111	0.0651784417219505
111	0.0668007470191064
111	0.0689768050879162
111	0.0670224825240884
111	0.0668939071154666
111	0.0661110326317276
111	0.0658914728682171
111	0.0673934588701685
111	0.0653125297307583
111	0.0665124884366328
111	0.0675694541393271
111	0.065641604363568
111	0.0668656159656812
111	0.0669769227078636
111	0.0654165059776321
111	0.0665438745631435
111	0.0655537841132889
111	0.0676124923912535
111	0.066218945193256
111	0.0667535611209385
111	0.0664777366828378
111	0.0677221172022684
111	0.0651138168343039
111	0.0652422739412438
111	0.0673217744602447
111	0.0669527087557169
111	0.0673753838884952
111	0.0639336492890995
111	0.0656633435582822
111	0.0671418938445237
111	0.0657323990657324
111	0.0664935064935065
111	0.0655963520638389
111	0.0681148398136705
111	0.0679252442842235
111	0.0667202952727961
111	0.0664408055712404
111	0.0655379319968371
111	0.0662321479919486
111	0.0655552946701104
111	0.0675789277040912
111	0.0665033911077619
111	0.0670702640861855
111	0.0667655076761203
111	0.0675210856146633
111	0.0676567656765677
111	0.0671578350807594
111	0.0657404755084503
111	0.0663935987807201
111	0.0658688277421787
111	0.0666604512399776
111	0.0664625529910504
111	0.0677772489290814
111	0.0660893985490288
111	0.0675107478622384
111	0.0660287536894221
111	0.0648086284241672
111	0.0678769115301623
111	0.0669784935866525
111	0.065425885480961
111	0.0664502666357524
111	0.0664176602978499
111	0.0672797005683656
111	0.0677885754918227
111	0.0661130033126487
111	0.0673511098436237
111	0.0667846720566426
111	0.065800661313179
111	0.0657566486232055
111	0.0658691265494379
111	0.0685398655139289
111	0.0660701330108827
111	0.0663908308365435
111	0.0644145017448624
111	0.0653512993262753
111	0.0664607320041187
111	0.0665333142829928
111	0.0660612619394909
111	0.0672936061622797
111	0.0673329826407154
111	0.0669055589608185
111	0.0675379185347706
111	0.0656248524621123
111	0.0655317938261653
111	0.0669928490779074
111	0.0679466865504707
111	0.0668190693908654
111	0.0656308987948308
111	0.0662130455185359
111	0.0650878977190179
111	0.0650924418047706
112	0.066308584466204
112	0.0652163609649746
112	0.0664468796433878
112	0.0651779483600837
112	0.0652901252270337
112	0.0679524238259963
112	0.0661848611639407
112	0.0676188668501471
112	0.0664563013960604
112	0.0665079809577149
112	0.0667544808768876
112	0.0654671477402203
112	0.0653777542066439
112	0.0670401493930906
112	0.0675185962235361
112	0.067085276328547
112	0.0669315260574901
112	0.0676389473192166
112	0.0659371624477528
112	0.065477329251961
112	0.06513975524975
112	0.0650021319941252
112	0.0682757637668076
112	0.0654413154413154
112	0.0652602894192821
112	0.0659418243434058
112	0.0667624521072797
112	0.0658268019425879
112	0.0667910626285824
112	0.0648902520847311
112	0.0650649227561369
112	0.0666291026905198
112	0.0661940753955213
112	0.0657610228447871
112	0.0647861865575798
112	0.0643675955681328
112	0.066878831843497
112	0.0677010530239493
112	0.0660183993517327
112	0.0662517093412553
112	0.0669014084507042
112	0.0679347826086956
112	0.0658626213134835
112	0.0636584552341926
112	0.0665247220250769
112	0.0674884292056295
112	0.0657640232108317
112	0.0657926216565386
112	0.0664443800135305
112	0.0664340610118346
112	0.0649294140398376
112	0.066324080299683
112	0.0683941228934892
112	0.0659915371083535
112	0.0665697810698045
112	0.0684405236198065
112	0.0675107478622384
112	0.0650786088613625
112	0.0653102356159125
112	0.0650371844062337
112	0.0663181334107852
112	0.0663294251134644
112	0.0655520921885331
112	0.0663277426711645
112	0.0653929208525021
112	0.0670212265260978
112	0.0665917918480041
112	0.0652785057416496
112	0.0677051275981251
112	0.0666195190947666
112	0.0656643289461043
112	0.0666224726549553
112	0.0641400792901642
112	0.0679930552296936
112	0.0679671263933497
112	0.0629674306393245
112	0.0674586338565974
112	0.0670579948344682
112	0.0670055021915509
112	0.0672381835032437
112	0.0668019059300844
112	0.0660169610645176
112	0.0672137368371122
112	0.0681366518406359
112	0.0694201597278011
112	0.0678201022797878
112	0.0648853156774651
112	0.0672905942910622
112	0.0671785028790787
112	0.0675746464117339
112	0.0656920537609055
112	0.0670312058074856
112	0.0651656511805027
112	0.0666542975091609
112	0.0674707877874105
112	0.0661404593219533
112	0.0661898751928201
112	0.0685657968837995
112	0.0677509293680297
112	0.0672517409138605
113	0.0660495612766368
113	0.0675950926057506
113	0.0672994779307072
113	0.0656660412757974
113	0.0666096134645557
113	0.0659718947467698
113	0.0690883524724631
113	0.0663115973321818
113	0.0685087594359778
113	0.0657148351120085
113	0.0650190114068441
113	0.0673167514603354
113	0.0661487758945386
113	0.0643235435724603
113	0.068042491459591
113	0.0655428902627512
113	0.068079028802666
113	0.067258883248731
113	0.0657653851570201
113	0.0669037147936746
113	0.0663338088445078
113	0.067786216330959
113	0.0655300504809982
113	0.0654080214672481
113	0.0666791358832881
113	0.0654502369668246
113	0.0680047225501771
113	0.0647127103888566
113	0.0685692932878696
113	0.066044373563488
113	0.0658109797134891
113	0.0659011014764471
113	0.0673095014111007
113	0.067882566416973
113	0.0673992327002321
113	0.0647713811892916
113	0.0676269185360094
113	0.0668124505653003
113	0.0669116954104231
113	0.0676959064327485
113	0.0654512130420103
113	0.0669506999391357
113	0.0670299464724888
113	0.0656283717220997
113	0.0674770290964778
113	0.0663200786848391
113	0.0652498674762662
113	0.065033987369233
113	0.0693609022556391
113	0.0667016056029349
113	0.06580259222333
113	0.0661876665397792
113	0.0661024161898908
113	0.0656536697247706
113	0.0650833413623663
113	0.0666258593087861
113	0.0637484469081525
113	0.0666955600500819
113	0.0660649307688673
113	0.0661823670927874
113	0.0656261752538548
113	0.0672028937223359
113	0.0662656264686531
113	0.0673686216589642
113	0.0664077483697737
113	0.0666982922201139
113	0.066930070928738
113	0.0667115255214842
113	0.0673820345813223
113	0.067271458478716
113	0.0664291406872627
113	0.0670372792674951
113	0.0673455978975033
113	0.0674453113781054
113	0.0669175080967803
113	0.0662063173610787
113	0.064947423514298
113	0.0664372940492343
113	0.0643515237420269
113	0.0667333523863961
113	0.0673884636923651
113	0.0663646553334579
113	0.0666634368489899
113	0.0664215339650214
113	0.068074126202205
113	0.0650290393220984
113	0.0670024710131154
113	0.0649622202157487
113	0.0674377390168828
113	0.0647784900966415
113	0.0662273790765411
113	0.0656172956571212
113	0.0670462030676579
113	0.0651792072157607
113	0.0691029900332226
113	0.0672827573200057
113	0.067404378157325
113	0.0663207008188916
113	0.0665364831396456
113	0.0681455023968418
114	0.0660955858259608
114	0.0657274783264229
114	0.0660242343287854
114	0.0681063899406348
114	0.0653566851772747
114	0.0677719331204208
114	0.0666919108250107
114	0.0678179696616103
114	0.0667070952092177
114	0.0686955305960759
114	0.0669584039149256
114	0.0676290012654075
114	0.0673281360737066
114	0.0676444319089926
114	0.0661813057773603
114	0.0640314706858145
114	0.0666952707856598
114	0.0675137492888299
114	0.0678977539704915
114	0.0682700501846416
114	0.0668964214899443
114	0.0660687878643324
114	0.0680210756158922
114	0.0666826347305389
114	0.067582673497904
114	0.0667457868502255
114	0.0665940415857529
114	0.0662217173151567
114	0.0645252582425357
114	0.0662636596140432
114	0.0665984083399265
114	0.065855843115071
114	0.067357762777242
114	0.0677018346503997
114	0.0672580493757627
114	0.0667799329840955
114	0.0668905813898481
114	0.066404236374713
114	0.0687661574618096
114	0.0659581566029643
114	0.0659631833395314
114	0.0685480071610289
114	0.0659969303753314
114	0.066848111540849
114	0.0675280580967651
114	0.0652307112221332
114	0.0660359597100631
114	0.0673436915013104
114	0.0675079462972627
114	0.0667046750285063
114	0.0633727695888286
114	0.0649712182693215
114	0.0669976337400826
114	0.0648240018899126
114	0.0677635248187395
114	0.0672836649699213
114	0.066726952548665
114	0.0648276521489697
114	0.0672488675103909
114	0.0667259370174536
114	0.0687182829740677
114	0.0663947642985867
114	0.0664345669591759
114	0.0662067010065687
114	0.0671869052150742
114	0.0663374329265397
114	0.0656958542832748
114	0.0679584254338522
114	0.0676523723495293
114	0.0658877609653323
114	0.0649276466108149
114	0.0644881851869676
114	0.0688928437617085
114	0.0679273685200866
114	0.0682565408659412
114	0.0688526123766313
114	0.0661988304093567
114	0.0663777264804259
114	0.0666007253544346
114	0.0670817339200449
114	0.066281310211946
114	0.0673355841932569
114	0.0685260088420657
114	0.0641803161262595
114	0.0663184404439884
114	0.0665256229431124
114	0.0660539098961806
114	0.0680581613508443
114	0.0681659774174063
114	0.0663087501177357
114	0.0659196399268601
114	0.065726621348521
114	0.0654268001907487
114	0.0676293271100739
114	0.068172234456262
114	0.06676362953927
114	0.0673208472897108
114	0.0647726170852322
114	0.0678408659323965
114	0.0672601384767557
115	0.0680745578490728
115	0.066861815816374
115	0.0673443456162643
115	0.0687001274847727
115	0.0687657311107945
115	0.0661049299380848
115	0.0649046347064061
115	0.0665299081542263
115	0.0692376344591103
115	0.0675229011238077
115	0.067675826734979
115	0.0652277491900133
115	0.0669283978313703
115	0.0664275399450319
115	0.0667931688804554
115	0.0674588323353293
115	0.0690658283676629
115	0.0661685229569059
115	0.0657052812529844
115	0.0662207675157725
115	0.0669632513091431
115	0.067870749259207
115	0.0655402189433603
115	0.0656598818122127
115	0.0661575178997613
115	0.0677015329561391
115	0.0673584905660377
115	0.0672906770978858
115	0.0650425959605628
115	0.0666131621187801
115	0.0664215452201318
115	0.0662676155912711
115	0.0679032483571795
115	0.0675456106958823
115	0.0682563055146535
115	0.068843448693465
115	0.0662642011693683
115	0.0658102861525188
115	0.0674849510910459
115	0.0677017172430016
115	0.0675524475524475
115	0.0671048898136763
115	0.0650167983722141
115	0.065632118451025
115	0.0671043376318875
115	0.0672769953051643
115	0.0682751540041068
115	0.0665697128917245
115	0.0630674370053891
115	0.0653754162172302
115	0.0666107304339719
115	0.0667757009345794
115	0.066756057848865
115	0.0648659022213693
115	0.0658239923682328
115	0.0660377358490566
115	0.0663773782842974
115	0.0682158219562371
115	0.066353824495542
115	0.0679607131220034
115	0.0661684718346498
115	0.0645357259685032
115	0.0667042200629019
115	0.0672977786109289
115	0.0667484315297891
115	0.0663413718682556
115	0.0656876085018533
115	0.0664423487038529
115	0.0661103384330088
115	0.0666729848836658
115	0.0639689158453374
115	0.066245295763775
115	0.0675567297259046
115	0.0667597765363128
115	0.0673370186808997
115	0.0667575572375535
115	0.0672935365911573
115	0.0666015988101878
115	0.0662571303203159
115	0.0675891932599078
115	0.067541075429425
115	0.0670674431711441
115	0.0666761511831934
115	0.0660202481106516
115	0.064673352704096
115	0.0670877192982456
115	0.0655975313259772
115	0.0667320902845927
115	0.0666481404288824
115	0.0681270950380058
115	0.0678971654581411
115	0.066603460535672
115	0.0686223647597038
115	0.0633963339348466
115	0.0671970450348061
115	0.0682323973672996
115	0.0636810279667423
115	0.0661396697693999
115	0.0670935543104666
115	0.0653704480813167
116	0.0663302090843547
116	0.067295188556567
116	0.0683403068340307
116	0.0656767561393489
116	0.0660121552127162
116	0.0660390483698929
116	0.0684441094728909
116	0.0670951033523572
116	0.0664639850327409
116	0.066156805705438
116	0.0663147170510327
116	0.0678254471881179
116	0.0649136836163507
116	0.0660333208536129
116	0.0669575113808801
116	0.0692695807987928
116	0.06553911205074
116	0.0658227848101266
116	0.0683591956661464
116	0.0647988505747126
116	0.0653950953678474
116	0.0676552363299351
116	0.0666603764683682
116	0.0679845932525871
116	0.0658710991144575
116	0.066302247773432
116	0.0667537435275458
116	0.0673821169096348
116	0.0669117304918338
116	0.0683784668631028
116	0.0680948380472323
116	0.0650068502858223
116	0.067873935105442
116	0.0671257260633315
116	0.0657138787332036
116	0.0683596562815035
116	0.0661199384930805
116	0.0651555386949924
116	0.0665051541494466
116	0.0657631954350927
116	0.0646155304826017
116	0.0674025913279386
116	0.0671364985163205
116	0.0674669070550837
116	0.0666978703487011
116	0.0673184357541899
116	0.0673783446554832
116	0.0663277314880196
116	0.0672162034856335
116	0.0662164697054961
116	0.0659190500871696
116	0.069056185995018
116	0.0658591975775927
116	0.0666017797552837
116	0.0666760444506963
116	0.0660930590271102
116	0.0657061059745623
116	0.066389265510309
116	0.0689607581542991
116	0.0647545969213494
116	0.0666602769923803
116	0.0668352770362044
116	0.0691679188580015
116	0.0662602202372513
116	0.0675168096452585
116	0.065644895071917
116	0.0672119654124795
116	0.0661242533979213
116	0.0687914758388634
116	0.0658155092810704
116	0.0671857515852294
116	0.0673848052009681
116	0.0667741629517215
116	0.0670743359449646
116	0.0684471756086032
116	0.0678463329452852
116	0.0665065234798173
116	0.0681870536742686
116	0.0660036590514613
116	0.0655003300952561
116	0.0662857673727239
116	0.0663144986322045
116	0.0648534583821805
116	0.0676593154469261
116	0.0670829785220929
116	0.067780698460383
116	0.0659464537341475
116	0.0671514922553835
116	0.0675745238429501
116	0.0674093116252499
116	0.0689878093830809
116	0.0669226806537723
116	0.0683053651619003
116	0.0672602805304227
116	0.0678889520560925
116	0.0664594225425086
116	0.0667291471415183
116	0.0664603665793859
116	0.0661476763387591
116	0.0669791422545114
117	0.0682423279929002
117	0.066284468871411
117	0.0665862932393582
117	0.067760375517033
117	0.0663698148582142
117	0.0675019649544593
117	0.067206553104347
117	0.0668801633713914
117	0.0671645252562735
117	0.0669756882035758
117	0.0684424544250011
117	0.0670420894218166
117	0.0666697857209694
117	0.065604586681705
117	0.0677958258133185
117	0.0665654504910566
117	0.0665475238677515
117	0.0670279785065777
117	0.064847389940097
117	0.0675535915757804
117	0.0650658774107313
117	0.0652369030185649
117	0.0674273371836409
117	0.0656487110608417
117	0.0675568048723354
117	0.0674746151326564
117	0.0659407138535995
117	0.0661602663290664
117	0.0661272973857737
117	0.0676954636579794
117	0.0654345188089237
117	0.0654997176736307
117	0.0673993706260861
117	0.0656104380242311
117	0.0652286535110441
117	0.0678883798417326
117	0.0676811798412475
117	0.0658798995213043
117	0.0652629617552522
117	0.0657577048714671
117	0.0679923625017464
117	0.0681359906213365
117	0.0672955681128286
117	0.0676186873463212
117	0.0660166091256882
117	0.0652532391048292
117	0.0676532769556025
117	0.067732079905993
117	0.0656511377972992
117	0.0651789042117033
117	0.0679906542056075
117	0.0674541789715464
117	0.0651751433853155
117	0.0654356826726312
117	0.0680540716309751
117	0.0677847658979734
117	0.067974219872954
117	0.0666697639843895
117	0.0673059106911247
117	0.0660611451846997
117	0.0659248568369105
117	0.0689396777819408
117	0.0680665837558596
117	0.067322167858487
117	0.0670511558118816
117	0.065974485520067
117	0.0680767614511836
117	0.0677630366685093
117	0.0656522563519151
117	0.0666324483225234
117	0.0663345195729537
117	0.0643111216504624
117	0.0688402421984164
117	0.0668739558195656
117	0.068093023255814
117	0.0669938423075142
117	0.0668831780099784
117	0.0659746907436371
117	0.0681294930226002
117	0.0661118601515645
117	0.0685684744806843
117	0.0656235182550972
117	0.067032967032967
117	0.0657900960128648
117	0.0666572117430152
117	0.068685927306617
117	0.0663737717309146
117	0.0675906588190621
117	0.064857555835315
117	0.0658178073214118
117	0.0670533642691415
117	0.0675846564563721
117	0.0650949202291341
117	0.0676191362620998
117	0.0663303790307373
117	0.0674632694811233
117	0.0660636859527251
117	0.0663882893872572
117	0.0652866242038217
117	0.0663829787234042
118	0.0681659774174063
118	0.0636589562225196
118	0.066052880075543
118	0.0664482919981282
118	0.0684647302904564
118	0.066119914743768
118	0.0667391407099305
118	0.0669158878504673
118	0.0682123189411819
118	0.068446397681051
118	0.067054299915596
118	0.0662295391292042
118	0.0686375081600298
118	0.0681113095797687
118	0.0681671134115907
118	0.0655621301775148
118	0.0671311552584502
118	0.0674750092558312
118	0.0673725192289431
118	0.0652049297793064
118	0.0652980692441396
118	0.0651777788160538
118	0.067929304767709
118	0.0681609827649432
118	0.0679970436067997
118	0.0686416522592402
118	0.0666135009616738
118	0.0666260600665323
118	0.0678210678210678
118	0.0667707741813364
118	0.0665097670040009
118	0.0677139006367059
118	0.0682973165518879
118	0.0676736881005174
118	0.0662687698356307
118	0.0666049525572784
118	0.0678546307151231
118	0.0668084101110324
118	0.0681947879018452
118	0.0663832121793993
118	0.0661977080033541
118	0.0666850119244175
118	0.0661996659862683
118	0.0670817339200449
118	0.066878831843497
118	0.0657919577119124
118	0.0679755510279681
118	0.0684227733408061
118	0.0676278589207721
118	0.0673565554836921
118	0.0666384100970142
118	0.066969783082315
118	0.0663387210119466
118	0.0674683011275909
118	0.0693769749563741
118	0.0674083769633508
118	0.0686945266272189
118	0.0682361596468641
118	0.0661601186063751
118	0.0643044619422572
118	0.0672233428718863
118	0.0676945872111867
118	0.0681148748159057
118	0.0680491336229041
118	0.0674220170653238
118	0.0648121999435188
118	0.0670289855072464
118	0.0670438875945033
118	0.0656379655960095
118	0.0662132804382733
118	0.0670280461937308
118	0.0671979122978704
118	0.0655545112781955
118	0.0670264129508662
118	0.0662001134859088
118	0.0687040547413195
118	0.068005819683672
118	0.0679549114331723
118	0.0667707741813364
118	0.0660969737028469
118	0.0658914728682171
118	0.0649618951427784
118	0.067820133234641
118	0.0666508987701041
118	0.0670998663532882
118	0.0667987545994905
118	0.0658292626192138
118	0.0673851964441988
118	0.0672932330827068
118	0.0681449181240432
118	0.067209585322475
118	0.0656989706370665
118	0.0663198959687906
118	0.0678521939953811
118	0.0671466149799252
118	0.0662514156285391
118	0.0666542108459059
118	0.0659506312417562
118	0.0676068215892054
118	0.0662750485574873
119	0.0653591704593441
119	0.067864466360707
119	0.0667757774140753
119	0.0661733314358901
119	0.0655315964263997
119	0.0679003691761297
119	0.0665175033794807
119	0.0668238993710692
119	0.0655214493569886
119	0.0669160825913999
119	0.0658416776875118
119	0.0680906631844044
119	0.0671306159162998
119	0.0658225446957841
119	0.0691534341820915
119	0.067869096318334
119	0.0655805605412122
119	0.0664284706877909
119	0.0673054342210324
119	0.0681198910081744
119	0.0681236283833211
119	0.0677490291489262
119	0.0675123527175979
119	0.0673921165701476
119	0.0663558444004898
119	0.0677600749765698
119	0.0667422417457843
119	0.0669004336993633
119	0.0668005792497781
119	0.0681656804733728
119	0.0667838312829526
119	0.0659436606773586
119	0.0679878626967571
119	0.0658938377059182
119	0.0658777309313913
119	0.0682276392961877
119	0.0659936436717143
119	0.0668082552287733
119	0.067503563709937
119	0.0659340659340659
119	0.066280384397965
119	0.0657307549274823
119	0.0667385798705562
119	0.0669974035608309
119	0.0672022033509295
119	0.0671854853564192
119	0.0668248871515659
119	0.0683573755234993
119	0.0666297271090179
119	0.0674997677227539
119	0.0693060083837913
119	0.066809641475127
119	0.0658207394734341
119	0.066912588718715
119	0.0685588920883038
119	0.0680454251684978
119	0.0659479728146239
119	0.0682052725396379
119	0.0677109885526255
119	0.0680391432791728
119	0.0670289855072464
119	0.0675415079253092
119	0.0671704844160721
119	0.0661332078136032
119	0.0656988995551393
119	0.0659117171250289
119	0.0669493521790342
119	0.0649754809505847
119	0.067281452902983
119	0.0682691862350053
119	0.0672758261528264
119	0.0651999811560748
119	0.0668321382607097
119	0.0680915889576216
119	0.0672830465031124
119	0.0642409388697742
119	0.0669200807170679
119	0.0678394355453852
119	0.0670608663006241
119	0.0665230019675817
119	0.0677201952126423
119	0.0675819843220929
119	0.0673887449964681
119	0.0676480088597665
119	0.067184178911376
119	0.0660496424063946
119	0.0673758865248227
119	0.0683768744694898
119	0.0663192799621033
119	0.0690504975355715
119	0.0674341335579578
119	0.0673638018766631
119	0.066336541156685
119	0.0671860245514636
119	0.0669497060744611
119	0.0657894736842105
119	0.0682885984090803
119	0.0678052157858297
119	0.0648534583821805
119	0.0658273715506829
120	0.0689195402298851
120	0.065711719377866
120	0.0681923468915037
120	0.0680725120236774
120	0.0696522153406384
120	0.0684822349301584
120	0.0680259584848345
120	0.0676270322849599
120	0.0684054204566549
120	0.0674273858921162
120	0.0674309780065512
120	0.068240861013175
120	0.0676371886373304
120	0.0662002910934786
120	0.0678583096093714
120	0.0685095600092145
120	0.0666084398271582
120	0.0649549722168998
120	0.0673252493094246
120	0.0657227590165503
120	0.067668104061034
120	0.0658736129396276
120	0.0684931506849315
120	0.0677161654135338
120	0.0671048898136763
120	0.0655098645115284
120	0.0674152132897704
120	0.0676760724936912
120	0.0678162517962268
120	0.0674152068579948
120	0.0686306247976692
120	0.064060649135276
120	0.0647581989994441
120	0.0657561250352014
120	0.0670591005415588
120	0.0650893107640513
120	0.0684738105322603
120	0.0675512104283054
120	0.0675085894697744
120	0.0665703230618619
120	0.0669611718205069
120	0.067372117739476
120	0.0679865864302448
120	0.0689623338257016
120	0.0681045325383146
120	0.0678710035113657
120	0.0664109999064634
120	0.0662611137108095
120	0.0659080564406008
120	0.0640611087679835
120	0.0669200111224395
120	0.0673860689144127
120	0.0666327803705929
120	0.0647000142511045
120	0.0668852459016393
120	0.0665795125595294
120	0.0667433831990794
120	0.0665794514787647
120	0.066547102133283
120	0.0672720357516402
120	0.0664230841296609
120	0.0660162601626016
120	0.0666852548910265
120	0.067106964714576
120	0.0668357521957635
120	0.0678789561354803
120	0.068259385665529
120	0.0667682504502009
120	0.0672125868335097
120	0.0676188246312339
120	0.0694144186483692
120	0.0633678484515914
120	0.0697875437878167
120	0.0668733802295446
120	0.0659964628129945
120	0.0664710266443078
120	0.0672882601506522
120	0.0654826400339191
120	0.0673680324843116
120	0.0674614176138989
120	0.0666574022605151
120	0.0676996864047224
120	0.0670770633834929
120	0.0635107737281343
120	0.0686748652756667
120	0.0664672648720505
120	0.0671978629329403
120	0.0657614236722588
120	0.0654449022114884
120	0.0663246441116657
120	0.0663425125064285
120	0.0682147362519273
120	0.0663615560640732
120	0.0679781219837294
120	0.0652946679139383
120	0.0667253602706084
120	0.068627903754676
120	0.0650353249426847
120	0.0679957444840187
120	0.0670754716981132
121	0.0683170565523507
121	0.0683605565638234
121	0.0668001117214412
121	0.0673417957812208
121	0.0659769574418058
121	0.0668914861181688
121	0.0659376454164728
121	0.0671241891510764
121	0.0680562647973632
121	0.0672131911127672
121	0.0672058003346347
121	0.0663972816603912
121	0.0683071504703647
121	0.0662381218557854
121	0.0676996864047224
121	0.0679877482829033
121	0.0684096263106841
121	0.0665983606557377
121	0.0672347598089709
121	0.0662882341902796
121	0.0673196876588273
121	0.0664246148117116
121	0.0675221651889874
121	0.0677298400493616
121	0.0670349565944014
121	0.0676944639103013
121	0.0648060993975904
121	0.0683598275941975
121	0.0675059895710997
121	0.066119914743768
121	0.0668418383810446
121	0.0670579948344682
121	0.0665727037820061
121	0.0673237864980472
121	0.0653243017537348
121	0.0658085654107185
121	0.0674342859764209
121	0.0666604555829878
121	0.0671144048170449
121	0.0679942838703729
121	0.0680022054769344
121	0.0670107886904762
121	0.0682300803249931
121	0.0676267710663684
121	0.0679684215443546
121	0.0668480555425248
121	0.0658914728682171
121	0.0673635852240765
121	0.0663255726624108
121	0.0645779438535978
121	0.0659869455429034
121	0.0673780345743442
121	0.0666666666666667
121	0.0675562969140951
121	0.0675200450133633
121	0.066582385166456
121	0.0668196420376319
121	0.0678705723968247
121	0.0665705917902469
121	0.066595159259432
121	0.06779504254532
121	0.0673668625364364
121	0.0671689791417808
121	0.0649789029535865
121	0.0663652887169688
121	0.0675788885786093
121	0.0696747892152321
121	0.0651476400837015
121	0.0662044901519673
121	0.0680765451738174
121	0.069625520110957
121	0.067622571692877
121	0.0662289466171853
121	0.0668112397914456
121	0.0685809098031986
121	0.0683224036091345
121	0.0671995538618831
121	0.0687389318669028
121	0.0656651549508692
121	0.0674586729290418
121	0.0661522011993864
121	0.0671901863296315
121	0.0658388546541259
121	0.0646070053526153
121	0.067736846988958
121	0.0675631354542473
121	0.0656981887600689
121	0.0675333056746416
121	0.0668247767857143
121	0.0674403430275913
121	0.0680001869420947
121	0.0659360898793627
121	0.0657133601740016
121	0.0650792903863348
121	0.0674475898294055
121	0.0664073353709364
121	0.0672922128696932
121	0.067327645838137
121	0.0670430157693384
121	0.0691519105312209
122	0.0668994413407821
122	0.0671087283671934
122	0.0671867019547755
122	0.0657168051236831
122	0.0667984553144538
122	0.0678831127772007
122	0.0675855731679302
122	0.0680529300567108
122	0.0660248242012365
122	0.0653511862814188
122	0.0689398174026458
122	0.0690533530937384
122	0.06663013198155
122	0.0674141813335784
122	0.0653425174561238
122	0.0679233168226014
122	0.0656027543851486
122	0.0666666666666667
122	0.0672627235213205
122	0.0670482039828773
122	0.0675762587284087
122	0.0680687259412262
122	0.067908598696889
122	0.0672854899787568
122	0.0666911292541969
122	0.0652143490227177
122	0.0666012338754907
122	0.067775351883681
122	0.0666264557138217
122	0.0660429532675823
122	0.0666788873103891
122	0.0667318162780958
122	0.0662416201772069
122	0.0675898752751284
122	0.0682945083730938
122	0.0685877370649972
122	0.0667918329030744
122	0.0678390815071302
122	0.0681278538812785
122	0.0679494329801078
122	0.0678665166854143
122	0.0682972280456557
122	0.0680096013554855
122	0.0665920537213207
122	0.0656577308171458
122	0.0690587138863001
122	0.0679325283436261
122	0.0673068045425168
122	0.0666421546097987
122	0.0660315374507227
122	0.066572043404606
122	0.067621908943841
122	0.0640694672612063
122	0.0673660960795141
122	0.0671732239418236
122	0.0658990920153515
122	0.0666174911253515
122	0.0664982778415614
122	0.0655329738697636
122	0.0671944035346097
122	0.0670283923476308
122	0.0655338669662501
122	0.0682221312593805
122	0.0685170718257433
122	0.0660691184623914
122	0.0675694541393271
122	0.0682306672154388
122	0.0682617549055905
122	0.0673435171385991
122	0.066892424734425
122	0.0682935796681833
122	0.0686444545869466
122	0.0652486880601867
122	0.0674324512858671
122	0.0658042219316271
122	0.0676363970082137
122	0.0673476050557343
122	0.0681669928245271
122	0.0682016236297757
122	0.067041422844768
122	0.0670514264264264
122	0.0685014155102799
122	0.0666821345707657
122	0.0662985988679595
122	0.0655861289106672
122	0.0682255845942228
122	0.0674002751031637
122	0.0674033655830162
122	0.0676042097522864
122	0.066802935984391
122	0.0659345708509465
122	0.0676579925650558
122	0.0692986530422666
122	0.0670626198381892
122	0.0687374842825874
122	0.0672399597475071
122	0.0678265597390241
122	0.0666976528003718
122	0.0681574156201858
122	0.0670793680125658
123	0.0654015427570867
123	0.0665478312537136
123	0.0676530802158943
123	0.0663969100606952
123	0.0648457822370866
123	0.0670062146628662
123	0.0663072527877615
123	0.0659981343283582
123	0.0659095140569726
123	0.0670313369182273
123	0.0680265786905813
123	0.0661153184964921
123	0.06640442071743
123	0.0678818643285648
123	0.066601095967402
123	0.0676716141001855
123	0.0670944087992667
123	0.0685443441801112
123	0.0674781809830041
123	0.067712900992384
123	0.0671810747123781
123	0.0667859272510435
123	0.0671901863296315
123	0.0683896801201256
123	0.0678457924554373
123	0.0671731123388582
123	0.0656011118832523
123	0.0675217249872206
123	0.0665708590236892
123	0.0679863102395708
123	0.0671330615270571
123	0.0663262916295845
123	0.0665138666055466
123	0.0684031498998183
123	0.0651896641315131
123	0.0662135293845656
123	0.0670567474691186
123	0.0674926638408869
123	0.0655934869090573
123	0.0678147047901968
123	0.0670514264264264
123	0.0690993071593533
123	0.0667167120202684
123	0.0677139006367059
123	0.0664755917159763
123	0.0668091432819179
123	0.0671829803116544
123	0.069410517583076
123	0.0682730923694779
123	0.0668728078272106
123	0.0689542636020327
123	0.0663489736070381
123	0.066707151866212
123	0.0674880470761309
123	0.068722261153936
123	0.0672974844218786
123	0.0688236653570603
123	0.0662740005565346
123	0.0661168708765316
123	0.0665134387166377
123	0.0654523710960857
123	0.0667531384629638
123	0.0650281618023553
123	0.0667440780306549
123	0.0672155549353428
123	0.0670107844040925
123	0.0684794470716624
123	0.0658472344161545
123	0.067137313572397
123	0.0657200998982518
123	0.0668605993443229
123	0.0667104214523463
123	0.0654792118499377
123	0.0661399023936788
123	0.0679858657243816
123	0.0682089415220784
123	0.0672545834300302
123	0.0663806515487247
123	0.0666327097610669
123	0.0681084570690768
123	0.0676578911471832
123	0.0677098017103656
123	0.0657615221206244
123	0.0678533252776874
123	0.0670211790593197
123	0.0670551195902448
123	0.0673017969155308
123	0.0679718737074314
123	0.0666698346321992
123	0.0682986078669532
123	0.06752148410858
123	0.0662248564894759
123	0.0665142963757638
123	0.0678871799637563
123	0.0690957059679767
123	0.0669737448180562
123	0.0648135343198267
123	0.0667772708419743
123	0.0680907269083622
123	0.0677896466721446
124	0.0678866860760664
124	0.0670847851335656
124	0.0675021886375155
124	0.0698227015170901
124	0.0657416891703138
124	0.0665238050871145
124	0.0675080035261913
124	0.0667092826811561
124	0.0676628921477631
124	0.0672927164452588
124	0.0673014095024736
124	0.0673195734748982
124	0.0678689427312775
124	0.068362480127186
124	0.0672654043794269
124	0.066855340076088
124	0.0689163060491667
124	0.0662904195771846
124	0.0679082963437514
124	0.0667524233932099
124	0.0682467951673891
124	0.0685795220907388
124	0.0667004234947523
124	0.0649494529843512
124	0.0659289566672866
124	0.0671969661934052
124	0.066889317465544
124	0.0679924503981955
124	0.0674926638408869
124	0.0682340794969262
124	0.067821000835577
124	0.0672799925657467
124	0.0666942833471417
124	0.0669160242667518
124	0.0663896540454736
124	0.0668045026418562
124	0.0682998575171209
124	0.0668966481749103
124	0.067545152967195
124	0.06820788037246
124	0.0673076923076923
124	0.0679611650485437
124	0.0681376630585623
124	0.0689314449724745
124	0.066746455533051
124	0.067228837511004
124	0.0676629306766293
124	0.0670922051903275
124	0.0679087098276665
124	0.0668711094837056
124	0.0655858851785137
124	0.0668272125225768
124	0.0681733457595527
124	0.0671880717160629
124	0.0676426982950334
124	0.0678506161848086
124	0.0689686839930205
124	0.0664306344917544
124	0.0652854511970534
124	0.0690263842437756
124	0.066688099940293
124	0.0689324817518248
124	0.0650697503671072
124	0.0658624514697726
124	0.0684125144843569
124	0.0670151643590468
124	0.0671719693187492
124	0.0660530089273324
124	0.0688658469443935
124	0.0683591956661464
124	0.0680472014325727
124	0.0660372927528064
124	0.068714332111539
124	0.0684503286902956
124	0.067651130595293
124	0.0660446732236419
124	0.0636667136878732
124	0.0666392054556273
124	0.0677580718508413
124	0.0675675675675676
124	0.0669932353627245
124	0.0666298545923063
124	0.0680903603438815
124	0.067243521885212
124	0.0689844213988761
124	0.068888279392942
124	0.0656241273387322
124	0.0669271431854746
124	0.0687729747336094
124	0.0692497555069157
124	0.0662325581395349
124	0.0672134238310709
124	0.0676708837717302
124	0.0657172112072978
124	0.0667491862650713
124	0.0659098372191209
124	0.0674004683840749
124	0.0675805346127485
124	0.0666390728476821
124	0.0671046028922038
125	0.0670086418041499
125	0.069617060307269
125	0.0678853573397024
125	0.0674868825764429
125	0.0683847215830649
125	0.0654928265325135
125	0.0670673987126089
125	0.0656978363822082
125	0.0662832227839881
125	0.067096715577159
125	0.0692257825523245
125	0.0673884123124914
125	0.0680256422081815
125	0.0671703296703297
125	0.0670913340360203
125	0.0668445443055751
125	0.0688238784172334
125	0.0679831514108429
125	0.0672635445362718
125	0.0679215901804525
125	0.0672608271828436
125	0.06806684733514
125	0.0662156526574302
125	0.0668483784532939
125	0.0680938389067674
125	0.0681130171543895
125	0.0676513069002469
125	0.0685095600092145
125	0.0665430095061442
125	0.0657450644967405
125	0.0688943894389439
125	0.0668526224335818
125	0.066585559870853
125	0.0678280542986425
125	0.0666818804198996
125	0.0664962804071015
125	0.0669998149176383
125	0.0678441267171292
125	0.0679561633570626
125	0.0683956851044297
125	0.0664112977662913
125	0.0678981527708437
125	0.0673560648406931
125	0.0682177757096324
125	0.0677296392711045
125	0.0674167623421355
125	0.0683189754457088
125	0.0658744268737719
125	0.0664753263586705
125	0.0664801864801865
125	0.0685368333487383
125	0.0673961814935214
125	0.0679318825112524
125	0.0673488372093023
125	0.0655905475182584
125	0.0656010348332255
125	0.0680749050117604
125	0.0671752884257536
125	0.0680689046756744
125	0.0687177597641857
125	0.0675236744590329
125	0.0653168769934822
125	0.0663776627977439
125	0.0679018063918481
125	0.0671827481338126
125	0.0684604435465357
125	0.0683589299548831
125	0.0672572939375667
125	0.0688898037601208
125	0.0666975023126734
125	0.0674974520522561
125	0.0666884755584634
125	0.0668610031464001
125	0.0666885522675046
125	0.0674002117766217
125	0.066574839302112
125	0.0671020558340615
125	0.067348914396349
125	0.0672569619672432
125	0.0664008160994157
125	0.068683078612611
125	0.0669285879362145
125	0.0684525167708666
125	0.0685895666574662
125	0.0692343387470998
125	0.0658920288815569
125	0.0657455489614243
125	0.0663900414937759
125	0.0656763826606876
125	0.068286493091456
125	0.0665223199889437
125	0.0668132069423456
125	0.0665024630541872
125	0.0658845180584311
125	0.0673955161915306
125	0.067219955064423
125	0.0663289021102538
125	0.067702500933184
125	0.0680306669129873
125	0.0650915203586104
126	0.065760163356228
126	0.0678479618068307
126	0.0683430045132173
126	0.0656190958941984
126	0.0678806412751367
126	0.066573165030388
126	0.0673059360730594
126	0.066750453847228
126	0.068047474982546
126	0.0648869113830182
126	0.0659169153086986
126	0.0668341007395005
126	0.0671896157258253
126	0.0672467255981858
126	0.0673983332574343
126	0.0660385987377664
126	0.0675847650213617
126	0.0696185035016587
126	0.0675342784104113
126	0.069002841293465
126	0.0682233595320782
126	0.0670112608454864
126	0.0680817898404548
126	0.0663171449595291
126	0.0682191780821918
126	0.0666884297906077
126	0.0690432382704692
126	0.0671110299488678
126	0.0676402410755679
126	0.067058984535377
126	0.0652980800073317
126	0.0665407124095664
126	0.0670432107269137
126	0.0658923696265791
126	0.0675318761384335
126	0.0673430040396621
126	0.0689591930307199
126	0.0680150431113557
126	0.068837931664535
126	0.0666294954000558
126	0.0658934430017097
126	0.068138240658467
126	0.0686391073715017
126	0.0670058206150603
126	0.067942496108415
126	0.0671783253964585
126	0.0663800674894837
126	0.0685743156347602
126	0.0678582798926639
126	0.0654631655725748
126	0.0675255847953216
126	0.0678200692041522
126	0.0662536409450275
126	0.0664554012489514
126	0.0673715044166781
126	0.0666545172900816
126	0.0658934430017097
126	0.0679227508243052
126	0.0680536292186778
126	0.0670936823187872
126	0.0652102727230201
126	0.0681715371392382
126	0.0688096433952788
126	0.0678272980501393
126	0.0656228090675391
126	0.0674392183594638
126	0.0666424054951553
126	0.0663559595773153
126	0.0681714753799945
126	0.0663960432997387
126	0.067682899000502
126	0.0672352781054351
126	0.0673014095024736
126	0.0686387797550266
126	0.0686571271326362
126	0.0675215667987876
126	0.0676085233365972
126	0.0666817975487971
126	0.0675319960061723
126	0.0677509251222075
126	0.067085761483045
126	0.0663113994439296
126	0.0684217806261238
126	0.065861793582938
126	0.0663819515365333
126	0.0663767981867801
126	0.0658390291532989
126	0.066747572815534
126	0.0669386241424068
126	0.0679513649919706
126	0.0671006509764647
126	0.0671954987778444
126	0.0665898617511521
126	0.0662020905923345
126	0.0682098342692782
126	0.0661727251678629
126	0.0666390918700308
126	0.0655329543853056
126	0.0667713335796084
126	0.065149136577708
127	0.0671857110144264
127	0.0674575154168432
127	0.0692328742132628
127	0.0654569021386909
127	0.0667335217430942
127	0.0687720568274364
127	0.0665077584595251
127	0.0666023609388636
127	0.0677142467868659
127	0.0680196460012974
127	0.0656598513011152
127	0.0682678983833718
127	0.0680404715492435
127	0.0682665212253432
127	0.0665279704114656
127	0.0677406030565882
127	0.0670022883295194
127	0.06871832336423
127	0.0656859550300265
127	0.0666111958581796
127	0.0667062911485004
127	0.0676835081029552
127	0.0666758696852568
127	0.0665710584752036
127	0.0672732285635511
127	0.069059497413156
127	0.0653327128897161
127	0.067013421260391
127	0.0686144715818306
127	0.0673233327308874
127	0.0667325056433409
127	0.0670419183598755
127	0.0682820405700227
127	0.0676110753380554
127	0.0678615974499931
127	0.068151852693794
127	0.0692583073251331
127	0.0674694365290927
127	0.0676263654878726
127	0.0694982434014954
127	0.0658082317774201
127	0.0663659793814433
127	0.0674986336308982
127	0.0682833439693682
127	0.0680602158338623
127	0.0675002306911507
127	0.0672767405499862
127	0.0677016936805682
127	0.0681340761713398
127	0.066471435875982
127	0.0661184210526316
127	0.0657955277445477
127	0.0681549513503683
127	0.0689543988945187
127	0.0681756079788687
127	0.0664615101965828
127	0.0666975881261596
127	0.0666909620991254
127	0.068439147375659
127	0.0679107874374147
127	0.0671079662177585
127	0.067348914396349
127	0.0674584763848938
127	0.0670587162654996
127	0.0681291160374733
127	0.0667924007544045
127	0.0666040394551433
127	0.0639690988741815
127	0.0675620490947865
127	0.0671276157333211
127	0.0678953356086462
127	0.066801062952442
127	0.0676845943482224
127	0.0663940900432096
127	0.0672122902473595
127	0.0663220565837449
127	0.0679561873689117
127	0.0689295276126514
127	0.0657962954234812
127	0.0671812203142126
127	0.0673405335548786
127	0.0683516782171491
127	0.0661375661375661
127	0.0675632839740977
127	0.0676588750913075
127	0.0679157971145994
127	0.0687548442985456
127	0.067249151833434
127	0.0654838119626852
127	0.0674646853788296
127	0.0663312407680945
127	0.0665464298927118
127	0.0692131747483989
127	0.0668314522898983
127	0.0665163990983946
127	0.0653567447045708
127	0.0673734765076344
127	0.068331871277529
127	0.0680169700287396
127	0.0679955805174478
128	0.0652989394711249
128	0.0676300054357673
128	0.0682526585991933
128	0.0658947172619048
128	0.066393480362816
128	0.067301378857518
128	0.0686916098749831
128	0.0673758865248227
128	0.0677259092613423
128	0.0670976679750635
128	0.0679499072356215
128	0.0698742080617023
128	0.0673731329648746
128	0.0664808362369338
128	0.0668408747077431
128	0.0680659532448445
128	0.0671321650237313
128	0.0674484052532833
128	0.0672237697307335
128	0.0679416205334675
128	0.0661007514611745
128	0.067379481979906
128	0.0670511236212184
128	0.0662091054678563
128	0.0678322958623215
128	0.0681976339596381
128	0.0675909090909091
128	0.067314270077986
128	0.0677790304396843
128	0.0673921165701476
128	0.0681900126194339
128	0.0666760050427231
128	0.0692065232287241
128	0.0691982734870052
128	0.0676845943482224
128	0.0663737496494344
128	0.0672649805094733
128	0.068479215795071
128	0.0666636184902382
128	0.066651195172894
128	0.0676300054357673
128	0.0663829016482521
128	0.0681033291891145
128	0.065773890862713
128	0.0674045629094195
128	0.0670916261579382
128	0.0689576174112257
128	0.0667646248507668
128	0.06619177575281
128	0.0674914596990121
128	0.0672653958944281
128	0.0683068807130838
128	0.0674460021005525
128	0.0661883078055287
128	0.0666820170389132
128	0.0671673119082047
128	0.0682983144770261
128	0.0694875068393215
128	0.067805953693495
128	0.0678883230265551
128	0.0684611151870873
128	0.0667837500577714
128	0.0679677903644056
128	0.0684126622637213
128	0.0679790972159654
128	0.0669366581725519
128	0.0688980048480328
128	0.0685992980536943
128	0.066844673602799
128	0.0671762798239518
128	0.0692371096254236
128	0.0672916572767837
128	0.0683877430223558
128	0.0695349258052841
128	0.0672125868335097
128	0.068554741818856
128	0.0686066856984989
128	0.0685784402835848
128	0.0680808630223914
128	0.0680341092417608
128	0.0689655172413793
128	0.0673207958571818
128	0.0663448841127453
128	0.0690640304734264
128	0.06593707250342
128	0.0670569938706431
128	0.0677022953860422
128	0.0678213975595265
128	0.0678074964444648
128	0.0681375730045425
128	0.0678574675029543
128	0.0677804078659869
128	0.0662614263839265
128	0.0680284599495065
128	0.0662708380908883
128	0.066697017983155
128	0.0687085714285714
128	0.0675323487723469
128	0.0666390537990704
128	0.0674905376442154
129	0.0682716162822751
129	0.0661065460252978
129	0.0677887940973023
129	0.0676688335139039
129	0.0670844084039808
129	0.0661888893960834
129	0.0688425424340917
129	0.0676186089359742
129	0.066806991855038
129	0.0663911845730027
129	0.0664259593574967
129	0.0681343622333182
129	0.0676615540509419
129	0.0684621989244882
129	0.0668373411355948
129	0.0672709704136566
129	0.068645724416966
129	0.0686769454677764
129	0.0678060046189376
129	0.06754402054292
129	0.0681550049913785
129	0.0669548422698427
129	0.0686501978981848
129	0.0655017753690899
129	0.0656806101224867
129	0.0669332965567968
129	0.0676404183753398
129	0.0687202718006795
129	0.0670569938706431
129	0.0683110214560792
129	0.0665814813124629
129	0.067686194788394
129	0.0660584945447878
129	0.0682066703116457
129	0.0670904282466478
129	0.0657354907112894
129	0.0660526560610289
129	0.0677686707266816
129	0.0669548422698427
129	0.0667154754278393
129	0.067664075212439
129	0.0669565217391304
129	0.0667333848883228
129	0.0685135806932707
129	0.067405523255814
129	0.0689655172413793
129	0.0684937712344281
129	0.0695671776375113
129	0.0688472095150961
129	0.0673371428571429
129	0.0681611907787257
129	0.067614361217423
129	0.0682160631934615
129	0.0666147432079535
129	0.0670164233576642
129	0.0671621249655932
129	0.0674891478181403
129	0.0676011029411765
129	0.0662572721396251
129	0.0668778114385385
129	0.0667807427276511
129	0.0670552597760235
129	0.0669217803289144
129	0.0674551838846794
129	0.0684519743134308
129	0.068029722619652
129	0.0666422890575007
129	0.0674933650590281
129	0.0659868300713371
129	0.0691688762914876
129	0.0670973024609926
129	0.0666391108661707
129	0.0675304459298599
129	0.0664591724642988
129	0.0675932360435488
129	0.0666997160755329
129	0.0675632404739033
129	0.0666148855484991
129	0.0689966178128523
129	0.0681006864988558
129	0.0682556384098083
129	0.0655505237637802
129	0.0666388811706956
129	0.0679531735869764
129	0.0680742628321806
129	0.0681207742891544
129	0.0666420698242863
129	0.0658045581693951
129	0.0674372042227885
129	0.0686529659876155
129	0.0666236638407667
129	0.0662664511660125
129	0.0675411919567882
129	0.0680505911465493
129	0.0682484426529864
129	0.0684662138005005
129	0.0686953352769679
129	0.0664954599651472
129	0.0680774880646346
129	0.0670076962071985
130	0.0685446870985502
130	0.0677981443765558
130	0.0664447282013864
130	0.0684925222497477
130	0.0670279131187104
130	0.068049225159526
130	0.067685490798933
130	0.068005330147498
130	0.0667722951561793
130	0.0673231051064804
130	0.0695365732593295
130	0.0672318973418882
130	0.0673796300546197
130	0.0665879360465116
130	0.0673068045425168
130	0.0677158065262671
130	0.0678896564344206
130	0.0663312407680945
130	0.0675289312457454
130	0.0686087666757419
130	0.0679395890970112
130	0.0676052475202267
130	0.0659912502878195
130	0.0689072560390885
130	0.0664915675974565
130	0.0682957964803501
130	0.0675780714187737
130	0.066379505781002
130	0.0657436273610856
130	0.0678555098308185
130	0.0663196542268904
130	0.0679863102395708
130	0.0674889135254989
130	0.066502687437369
130	0.0676643408005876
130	0.0670485792850596
130	0.0681323767646378
130	0.0671876445019883
130	0.0672176811726563
130	0.0672095896051608
130	0.0682227871504507
130	0.0677216344399854
130	0.0668113190489106
130	0.0672145447867407
130	0.0680018416206262
130	0.0667408231368187
130	0.0679262258209627
130	0.0683872717410956
130	0.0666048667439166
130	0.0664260587509708
130	0.0684382963232617
130	0.0682765494744473
130	0.068144766873166
130	0.0675254237288136
130	0.0662891096462724
130	0.0672519913106445
130	0.0671665676009327
130	0.0660081030636864
130	0.0673076923076923
130	0.0666941505199029
130	0.0666819536803485
130	0.0670237604724626
130	0.0669378531073446
130	0.0667366116230271
130	0.0671560134950305
130	0.0678899082568807
130	0.0686710872922155
130	0.0662254678229119
130	0.067817679558011
130	0.068870523415978
130	0.0675873422352296
130	0.0678303546624687
130	0.0668463858174175
130	0.0676794323660511
130	0.069654030180346
130	0.0683995782331637
130	0.0676216462028195
130	0.0666046511627907
130	0.0686776440201098
130	0.0669242445149717
130	0.0674366786412623
130	0.0689155535431288
130	0.0680812229066849
130	0.0653849683399101
130	0.0664706693003813
130	0.0666790060617278
130	0.06566259527964
130	0.0681797424422322
130	0.0677155212071028
130	0.0692728835799285
130	0.0676253754437062
130	0.067433831990794
130	0.0677006627393225
130	0.0692758761761898
130	0.0673747549801705
130	0.0663688576898532
130	0.0687286786445304
130	0.0672191950180869
130	0.067671599133361
130	0.0670514892634495
131	0.0670401238784898
131	0.0667156098008626
131	0.06858924395947
131	0.0684401896258112
131	0.0668954472660718
131	0.069204467745612
131	0.0661935307765798
131	0.065722719306337
131	0.0672910004568296
131	0.0676643408005876
131	0.0672782874617737
131	0.0659502158537705
131	0.069357615294011
131	0.0681724658223218
131	0.0685592102270142
131	0.0683377550086909
131	0.0684733514001807
131	0.0691190358411656
131	0.0669583237393507
131	0.0652898684941656
131	0.0671384503719833
131	0.0682675499125955
131	0.0648782956793816
131	0.0670581379712224
131	0.0675205855443733
131	0.0687828271294816
131	0.0684462079538281
131	0.0673068253538905
131	0.0687794704388828
131	0.0666326861591214
131	0.0669257142857143
131	0.0670720471715497
131	0.0669779792153092
131	0.0686869608872256
131	0.0669316520467836
131	0.0674829681458295
131	0.0680633061933949
131	0.0683851332657014
131	0.067379481979906
131	0.0672027045547992
131	0.0674655811187852
131	0.0670932358318099
131	0.068729921722999
131	0.0694721567204789
131	0.0678410117434508
131	0.0697801447494196
131	0.0671144026864161
131	0.0679885354508293
131	0.066722152864475
131	0.0671427246591857
131	0.0681189017472203
131	0.0688966550174738
131	0.068815843016684
131	0.0647001978740049
131	0.0675432525951557
131	0.0678436995877397
131	0.0693159136272909
131	0.0677834580974986
131	0.0681692985677562
131	0.0666057977630678
131	0.067130152137601
131	0.066884852954734
131	0.0664305498796713
131	0.0683803917961924
131	0.0683301167172135
131	0.0657870708546384
131	0.0663994899353311
131	0.0653159535279116
131	0.0680343121681115
131	0.0683272083843746
131	0.0646084267848078
131	0.0672347162080365
131	0.0674692177415663
131	0.0682014257821369
131	0.0676154965441979
131	0.067094250363901
131	0.0686916098749831
131	0.069362577107608
131	0.0672530694520799
131	0.0675700421168284
131	0.0681622868515084
131	0.0666262022597815
131	0.0680054769511639
131	0.066944847605225
131	0.0678467419002548
131	0.068579173255026
131	0.0678424827461771
131	0.0671727628249367
131	0.0688382687927107
131	0.0693015944307209
131	0.0674296745725317
131	0.0683570715776105
131	0.0670484263684733
131	0.0683862131933348
131	0.0685830483408818
131	0.0661993407919781
131	0.0668622247054989
131	0.0676115774505757
131	0.066651634723788
131	0.0674014026778395
132	0.0684053785759408
132	0.0686031571218796
132	0.0680699835975943
132	0.0684732859020256
132	0.0671189181903949
132	0.0665301478953356
132	0.0675300647548566
132	0.0671407462135205
132	0.0672601384767557
132	0.0675195123077634
132	0.0664858154397903
132	0.0689018901890189
132	0.0688884836327163
132	0.0674987381269215
132	0.0657739446209714
132	0.0678252143769385
132	0.0671546203110704
132	0.0686031571218796
132	0.0676483914816493
132	0.067663949610967
132	0.0671101721580438
132	0.0681054066333485
132	0.0665934367705616
132	0.0678883230265551
132	0.0685396308360478
132	0.0681173996525555
132	0.0678612451183092
132	0.0677178271965002
132	0.068412123435279
132	0.0671070615034169
132	0.0681476760595439
132	0.0673876493842868
132	0.0676712081566363
132	0.0662052636371915
132	0.0678537704033455
132	0.0666239590006406
132	0.0674614049511282
132	0.0685188493835984
132	0.0683175993067907
132	0.0679018021331372
132	0.0686091509219212
132	0.0675632257768394
132	0.0687835460736999
132	0.0666605114947835
132	0.0691809558555272
132	0.0676671214188267
132	0.0678600414825503
132	0.0676538639518741
132	0.0673293154628047
132	0.069416313754373
132	0.0684537195286498
132	0.0673112170087976
132	0.0683799491463858
132	0.0676612347945834
132	0.067999639737008
132	0.069164396003633
132	0.06767987510905
132	0.0683087629337973
132	0.0685833673979198
132	0.06703209922423
132	0.0669548422698427
132	0.0669394510597214
132	0.0681682645992936
132	0.0674770642201835
132	0.067054192603442
132	0.0681570832577544
132	0.067122721638125
132	0.0661334552102377
132	0.0686681715575621
132	0.0676014694023833
132	0.066376100971579
132	0.0681117358969708
132	0.0679452801890651
132	0.0680851063829787
132	0.0666364870982345
132	0.0675204259616267
132	0.0687207026805625
132	0.0664796126170973
132	0.0682054763521159
132	0.0688600894405403
132	0.0676681430071686
132	0.067066248921582
132	0.0677981567661283
132	0.0690938805157073
132	0.0667906892327238
132	0.0670248611237592
132	0.0676995774455904
132	0.0677525014582492
132	0.0685224839400428
132	0.0667578659370725
132	0.0669067737913839
132	0.0682776442852609
132	0.0686763372620127
132	0.0689389824370813
132	0.0673594020599763
132	0.0678620063549705
132	0.065247189984465
132	0.0686960472512494
132	0.0661410826419764
132	0.0677996745615621
133	0.0680318235240937
133	0.0687133182844244
133	0.0673758865248227
133	0.0687565024652825
133	0.0665972001993386
133	0.0669183877718133
133	0.0685424354243542
133	0.0688573766021271
133	0.068463219227968
133	0.0659751425100458
133	0.068519188993483
133	0.0680694182177862
133	0.065591101305387
133	0.0695975744211687
133	0.0689496878442894
133	0.0678758154814232
133	0.0668259908914641
133	0.0673650649054885
133	0.0680525860892508
133	0.06711439646624
133	0.0663297823909679
133	0.0669439045337432
133	0.0686655066256191
133	0.0688637935008066
133	0.0665168126978302
133	0.0664327801016507
133	0.0679669573198715
133	0.0678204778777142
133	0.0679392824287029
133	0.0684962783688753
133	0.0678637325052878
133	0.0683280843488977
133	0.0692332137830844
133	0.0675220381224904
133	0.0680330459121484
133	0.068239065720174
133	0.0665366473149492
133	0.0679549990927237
133	0.0673984731445092
133	0.0676145339652449
133	0.0681756203981456
133	0.0669791145288256
133	0.0674520149185846
133	0.0670324645633288
133	0.0671003548357747
133	0.0672084741119532
133	0.0679363922176152
133	0.0682990857246311
133	0.0663865934167398
133	0.0677749943065361
133	0.0669269637115296
133	0.0672398190045249
133	0.0685535162638561
133	0.0674581759309228
133	0.0681715575620768
133	0.0677729178879019
133	0.0679537028664436
133	0.068691051299747
133	0.0666757197175448
133	0.0683408810209963
133	0.0688495178291097
133	0.0651577503429355
133	0.0680374001452433
133	0.0663688864825844
133	0.0673701298701299
133	0.0671046669687358
133	0.0684837379752634
133	0.0697147004127546
133	0.069321201747669
133	0.0696657863582552
133	0.0661805173362686
133	0.0686439521448392
133	0.0682084045712229
133	0.0670527554067505
133	0.0686712718407152
133	0.0653153153153153
133	0.0686637192096003
133	0.067120844954506
133	0.0686873290793072
133	0.0681378068002702
133	0.067329272202629
133	0.067993666591269
133	0.0686011023550312
133	0.0681859124482075
133	0.0689077911501222
133	0.0678542289910253
133	0.0691345581160947
133	0.0671400609950385
133	0.0679398729839631
133	0.0685302073940487
133	0.0689639475600874
133	0.0675428988682001
133	0.0662168450442066
133	0.0681003584229391
133	0.0677109421246756
133	0.0670795573568924
133	0.0700573648312932
133	0.0685467364111894
133	0.0683050068902159
133	0.0670403688802495
134	0.0662824207492795
134	0.0676972039099795
134	0.0668288945969087
134	0.0674219144154474
134	0.0683103370278218
134	0.0692798541476755
134	0.0695783962524111
134	0.0681322674418605
134	0.0671970902477836
134	0.0672010143549337
134	0.0682784150632969
134	0.0673050615595075
134	0.0680284599495065
134	0.0674029115137133
134	0.0688598467778278
134	0.067916647750488
134	0.0671518813512771
134	0.067379057497988
134	0.0672851738425509
134	0.0688363275255033
134	0.0690375618839987
134	0.0678298023856151
134	0.0684669069014277
134	0.0678735105407883
134	0.0674126387232872
134	0.0669357398757426
134	0.0673321234119782
134	0.0681940218364059
134	0.0693782057050301
134	0.068347802122089
134	0.06892020481218
134	0.0665166516651665
134	0.0687934822409374
134	0.0672496168755071
134	0.0684617459318529
134	0.0670884939867169
134	0.0685821865614774
134	0.0683749034573622
134	0.0668347467338987
134	0.0680272108843537
134	0.0677309007981756
134	0.0681869804206605
134	0.0682655986893005
134	0.0678875487761618
134	0.0675223470089388
134	0.0671344063832714
134	0.0666454516524981
134	0.0688211729756493
134	0.0661961435556786
134	0.0680606617647059
134	0.0673570381231672
134	0.0681397135240161
134	0.0683652189681748
134	0.0674929211344752
134	0.0666605411861993
134	0.0695950831525669
134	0.0677966101694915
134	0.0687802014180554
134	0.0669562070213536
134	0.066341418931242
134	0.0679843714088715
134	0.0681521494485708
134	0.068268754781513
134	0.0672567986858916
134	0.065552460538533
134	0.0687061183550652
134	0.0687482881402356
134	0.0658587509077705
134	0.0682200118090566
134	0.0671072226358898
134	0.0681756695824691
134	0.0669816564758199
134	0.0688665056287316
134	0.0666575666575667
134	0.0680817537192381
134	0.0682241716285623
134	0.0674259681093394
134	0.0684981351769308
134	0.0670411306396086
134	0.0680376186833461
134	0.0686987962835828
134	0.0677888153053716
134	0.0683838200616724
134	0.068101322573414
134	0.0681434117378397
134	0.0673343956294104
134	0.0688379646337062
134	0.0681930637398228
134	0.0665662238049582
134	0.0671722643553629
134	0.0691545242771662
134	0.0677682209144409
134	0.0678096444404234
134	0.0667151096780054
134	0.0668264231134422
134	0.0679466230936819
134	0.069252704476531
134	0.0688454326279132
134	0.0664981264954178
134	0.0678560050971647
135	0.0685971451950177
135	0.0676651271243442
135	0.0688493238012841
135	0.0687245992967715
135	0.0653147951406532
135	0.0677185462173378
135	0.0686354563600073
135	0.0684310704250884
135	0.0672686642039495
135	0.068275107178692
135	0.0669075276685265
135	0.0664447343560214
135	0.0671842743021273
135	0.0691931982633864
135	0.0670898392253162
135	0.068466600558911
135	0.067400960928293
135	0.0684328693309385
135	0.0658649653463074
135	0.0671466087114009
135	0.0678227011364151
135	0.0686950213113267
135	0.0673940063527137
135	0.0664196638351708
135	0.0687067757537405
135	0.0686043348145461
135	0.0692391899288451
135	0.0671231642490314
135	0.0680244399185336
135	0.0684769237778487
135	0.0678602500114474
135	0.0667878237164925
135	0.0682491229668778
135	0.0672348484848485
135	0.0677171865668213
135	0.0657311331535402
135	0.0692373147028528
135	0.0666513866605547
135	0.067405523255814
135	0.0673002941842046
135	0.0671128798842258
135	0.0675207440503328
135	0.0687899227230089
135	0.0670403791814784
135	0.068531908204967
135	0.0678953356086462
135	0.0658638934501004
135	0.0666849365122865
135	0.0667879063423505
135	0.0663062563533869
135	0.0678306058257738
135	0.0681858802502234
135	0.0704161572250147
135	0.0684683050693752
135	0.0678646355924473
135	0.0681767212379457
135	0.0664019715224534
135	0.0672043010752688
135	0.0679029304029304
135	0.0671061604910207
135	0.0692719964269763
135	0.0682476466328747
135	0.0670197224251278
135	0.0672530446549391
135	0.0676418479989097
135	0.0684062698196974
135	0.0677164651826739
135	0.0671971299788428
135	0.0675339928626282
135	0.0674070716228468
135	0.06770927499548
135	0.0688532006333409
135	0.0691747023405315
135	0.0666361765378459
135	0.0686287868465277
135	0.0673165348537797
135	0.0677840540790814
135	0.0668163448585541
135	0.0677170330910568
135	0.0674310674310674
135	0.0665073496257552
135	0.0699399990839555
135	0.0685445584844237
135	0.0687199491971333
135	0.0697005660032865
135	0.0675122749590835
135	0.0686278974452389
135	0.068338671117326
135	0.0674121111724646
135	0.0693762502273141
135	0.0681725219288279
135	0.068761836053747
135	0.0681245500359971
135	0.0662537279192475
135	0.0682563204454623
135	0.0666032350142721
135	0.0683193086195133
135	0.0676497277676951
135	0.0686173315980793
135	0.0685787828644971
136	0.0688598467778278
136	0.0669869595058339
136	0.0684900644347317
136	0.0679057116953763
136	0.0694625884048831
136	0.0683768283465967
136	0.0678992521906684
136	0.0666878086349839
136	0.0665085302435909
136	0.0689732644349584
136	0.0688075475121332
136	0.0693983681520667
136	0.0679284771827654
136	0.0674167416741674
136	0.0685940270012273
136	0.0686123447838303
136	0.0678355719823312
136	0.0688938113105194
136	0.0684631194336607
136	0.066561601928247
136	0.0673705379587732
136	0.0670263350402341
136	0.0654815889715219
136	0.068302900596512
136	0.0671028122302485
136	0.068211650749106
136	0.0683883095376628
136	0.0685773232866882
136	0.0674525510900733
136	0.0684839231183761
136	0.0661774822288466
136	0.0672215688048494
136	0.0671821696611326
136	0.0683664259927798
136	0.0685061416184971
136	0.0684055341347244
136	0.0680881886912038
136	0.0668994920174165
136	0.0681210032201007
136	0.0682314410480349
136	0.0673046961940797
136	0.0663881364491988
136	0.0659335706881788
136	0.0674505228200871
136	0.0668323542702214
136	0.0687606876068761
136	0.0698029357633434
136	0.0679572403880704
136	0.0690393729493256
136	0.0683922844107151
136	0.0688566013897663
136	0.0682618510158014
136	0.0676855895196507
136	0.0666278079182173
136	0.0685220988264916
136	0.0695065260146612
136	0.0675731355583024
136	0.0673978338035861
136	0.0678855901520637
136	0.068216566237971
136	0.0677904493616248
136	0.0683676661155548
136	0.0683081446093068
136	0.066894042746703
136	0.066912658056968
136	0.0664693831094924
136	0.0675619739686336
136	0.0691256586585693
136	0.0665469241131567
136	0.0662119145065939
136	0.0692895683453237
136	0.0680940042729215
136	0.0692575984055805
136	0.0692182410423453
136	0.0681859205776173
136	0.0677045944005743
136	0.0689529202246678
136	0.0679130276564774
136	0.0680793507664563
136	0.0677467529528895
136	0.0664813735598691
136	0.068249526044958
136	0.0681643538398951
136	0.0655849468230161
136	0.0678990081154193
136	0.0668399215793553
136	0.0663686848164703
136	0.0681390556401756
136	0.0670703734287549
136	0.0676271949572265
136	0.0665492798771954
136	0.0680715312724658
136	0.0695671878540675
136	0.067475360121304
136	0.0684381135004337
136	0.0684709796340422
136	0.0694736842105263
136	0.0684080737966938
136	0.0689545309726458
136	0.067817679558011
137	0.0668664033773662
137	0.0677958486836194
137	0.0686964710102686
137	0.0680314679063115
137	0.0697717316117132
137	0.068204253791618
137	0.0684931506849315
137	0.0677062329166107
137	0.0693326176417964
137	0.0685938486515739
137	0.0679647150235386
137	0.0672741284736389
137	0.0673347238596173
137	0.0675277588941763
137	0.0683102442581116
137	0.0694300983518211
137	0.0679170870402642
137	0.0676777337523341
137	0.0670622326479923
137	0.0684323742941651
137	0.0679265954533005
137	0.0685629282365669
137	0.0688533477907292
137	0.0681736311239193
137	0.0679212533686566
137	0.0675516491482421
137	0.0686947547897878
137	0.0681142445265339
137	0.0683518067946292
137	0.0666636184902382
137	0.0686580674360715
137	0.067075093472679
137	0.0682998925116446
137	0.0673815257394702
137	0.0685220988264916
137	0.0693761558933646
137	0.0674162316512738
137	0.0672907339574006
137	0.0671418195024514
137	0.0678745267712277
137	0.0674926785312007
137	0.067553969996341
137	0.0695284697508897
137	0.0676027992498742
137	0.0678149517539904
137	0.0663763465505386
137	0.0675094014770513
137	0.0676448084972321
137	0.0692952639927487
137	0.0696795982757854
137	0.069037278320666
137	0.0669826224328594
137	0.0678306975043423
137	0.0688518669014402
137	0.0681167976022887
137	0.0669493819362988
137	0.0682072640960186
137	0.0681652380083896
137	0.0687946428571429
137	0.0687443946188341
137	0.0697726862709724
137	0.0690670592959443
137	0.0688071348940914
137	0.0675132179492973
137	0.068486215308142
137	0.0691044174909368
137	0.0690280738355481
137	0.0683238129239557
137	0.0685456595264938
137	0.0677223565919774
137	0.0677766184276187
137	0.0686875923521247
137	0.0671509648127128
137	0.0670739925423424
137	0.0674416500814185
137	0.0680150431113557
137	0.0683668420815904
137	0.0675706011763121
137	0.066731096691058
137	0.0683477708739625
137	0.0691424713031735
137	0.0668320180383315
137	0.0682986205031106
137	0.0684644467726507
137	0.0678459570338348
137	0.0668205894336548
137	0.0688280865165017
137	0.0679190751445087
137	0.0681889271191742
137	0.0655692603970838
137	0.0690395686740382
137	0.0687603453675122
137	0.0681216327276048
137	0.0661149508912332
137	0.0683498647430117
137	0.0671601126146581
137	0.066389854222142
137	0.0678981527708437
137	0.0685349737981317
137	0.0690506101938263
138	0.0689452506894525
138	0.0684106436533621
138	0.068085300698662
138	0.0672450218006922
138	0.0663875870227966
138	0.0681859124482075
138	0.0690917306823317
138	0.0683129055515501
138	0.067190657983382
138	0.0682075685474734
138	0.0669591846062434
138	0.067424931756142
138	0.0677486063657615
138	0.0676959085385065
138	0.0688295393439685
138	0.0685578133429239
138	0.0692613328517248
138	0.0696222431837578
138	0.067415219565415
138	0.0674358286378678
138	0.0681125812758605
138	0.0689071889606054
138	0.0681633022540056
138	0.0678027067128277
138	0.0671091783016709
138	0.0673063927557778
138	0.0674416500814185
138	0.0676183657030341
138	0.0676772180115916
138	0.067955900957889
138	0.0683673014315658
138	0.0695163104611923
138	0.0689809630459127
138	0.0686094023618158
138	0.0668624350576011
138	0.0685638589439064
138	0.0686028819475521
138	0.0676521265983495
138	0.0675140084734181
138	0.0686831930861951
138	0.0674233825198638
138	0.0666606934862468
138	0.0675965665236052
138	0.0679789425497826
138	0.0684993855536844
138	0.0688883918586446
138	0.0683130941010597
138	0.068738687033685
138	0.067939510193157
138	0.068160345525712
138	0.0679414157851912
138	0.0687615853120311
138	0.0666452619025777
138	0.0677903994137047
138	0.0692055692055692
138	0.0686142523783881
138	0.0678500630744278
138	0.0683381607530775
138	0.0681818181818182
138	0.0678542289910253
138	0.0672587116260199
138	0.0671717171717172
138	0.0672412245264386
138	0.0674617461746175
138	0.0682491250112178
138	0.0673645880746472
138	0.0684238789940034
138	0.0649219001981293
138	0.0677776784916451
138	0.0682773109243697
138	0.0682748998604798
138	0.0678452840348201
138	0.0672945672945673
138	0.0681580977447021
138	0.0697747605988401
138	0.0677361853832442
138	0.0663986629929084
138	0.0673861781244332
138	0.0673295196585853
138	0.0688734650293647
138	0.0688021655763591
138	0.0665762711864407
138	0.0687538913101485
138	0.0693370289239573
138	0.0677260519247986
138	0.0674951596199739
138	0.0671424674970452
138	0.066609926536463
138	0.0693393057110862
138	0.0688448074679113
138	0.0685781582642569
138	0.0673063866383017
138	0.0671911448566071
138	0.0679873930661864
138	0.0686964366260713
138	0.0687449319758537
138	0.0670767560721878
138	0.0683035714285714
138	0.0688731499137383
138	0.0671692629093056
139	0.06827726349063
139	0.068436815520093
139	0.068756776292013
139	0.0684980698446898
139	0.0689254425174325
139	0.068738313596296
139	0.0662510092401543
139	0.0686927374301676
139	0.0684906767799901
139	0.0686826586263468
139	0.0672360037955809
139	0.0685264341957255
139	0.0686840898670335
139	0.0678851174934726
139	0.0676718884023295
139	0.0688757183908046
139	0.0687218721872187
139	0.0672284135181662
139	0.0675101630658201
139	0.0685811873623657
139	0.0693296189791517
139	0.0669177025678251
139	0.0681562738839185
139	0.0683415718108022
139	0.0680422611522485
139	0.067027027027027
139	0.0682119791205874
139	0.0667274384685506
139	0.0679098749266266
139	0.0690721649484536
139	0.0681580502887282
139	0.0676542317767139
139	0.0668171557562077
139	0.0678104575163399
139	0.0676319812932818
139	0.0678728958502115
139	0.0679349051075148
139	0.0687260749577139
139	0.0674126883855248
139	0.0670203600417177
139	0.0681223495443472
139	0.0683672089774212
139	0.0676961752558808
139	0.0688828584350972
139	0.0674433136939832
139	0.0684006840068401
139	0.0695605525504046
139	0.0676644277149168
139	0.0682135616129759
139	0.066276624920011
139	0.0681818181818182
139	0.0677139761646804
139	0.0676475865781446
139	0.0668547763163883
139	0.0690526695852327
139	0.0675371454299865
139	0.0677617150785481
139	0.0679224778119906
139	0.0684931506849315
139	0.0683553399802389
139	0.0674498775288034
139	0.0682186599423631
139	0.0689297160655442
139	0.066827294631086
139	0.0678708512079476
139	0.0679983766965775
139	0.0692912674019165
139	0.067242555126165
139	0.0682814406434995
139	0.0683351955307263
139	0.0672998643147897
139	0.0670468214015236
139	0.0676732272849825
139	0.0672154876062964
139	0.0675834084761046
139	0.0685266542868789
139	0.0659937888198758
139	0.0680082652052825
139	0.0672923595608
139	0.0687389550953827
139	0.0668998092469797
139	0.0682421787080801
139	0.0696995176350843
139	0.06875
139	0.067643793026871
139	0.0689530848618685
139	0.068160345525712
139	0.0678378378378378
139	0.066823828089582
139	0.068425800631484
139	0.0661082182476794
139	0.0692658092175777
139	0.0676148498205116
139	0.0688204153658206
139	0.0687383580936804
139	0.0681511470985155
139	0.0673033402733774
139	0.0675723989989274
139	0.0690900981266726
139	0.0672455116899561
140	0.0656927642090847
140	0.0674410228705204
140	0.0674232908666786
140	0.0685799646915033
140	0.0678309402709637
140	0.0680064597164902
140	0.0681264128363104
140	0.0680034091418831
140	0.0680974737312765
140	0.0691289572527276
140	0.068577648766328
140	0.0696564455851231
140	0.0678287572254335
140	0.0677783271158254
140	0.0696778240802975
140	0.0691520533742055
140	0.0679347826086956
140	0.0675761421319797
140	0.0688361581920904
140	0.0679214770225956
140	0.0685706647656389
140	0.0685036529268513
140	0.068943763518385
140	0.0678447459766488
140	0.0672849690105676
140	0.06891771019678
140	0.0673229596697364
140	0.0691937153918876
140	0.0662560572437842
140	0.0691421835328255
140	0.068321311769186
140	0.0686252522987217
140	0.0674040161370745
140	0.067775918976353
140	0.0676631876879533
140	0.0679899612137805
140	0.0674827369742624
140	0.0682021867718229
140	0.0669273642574613
140	0.0689639720379996
140	0.0684931506849315
140	0.0686305660206073
140	0.0680184002501005
140	0.0691049604601006
140	0.0675252823001224
140	0.0685859826260972
140	0.0696256444743331
140	0.0679398872886662
140	0.0685777777777778
140	0.0683768283465967
140	0.0680799569738257
140	0.0691750826704799
140	0.0690801293568092
140	0.0678666008348669
140	0.0685714285714286
140	0.0682022270114943
140	0.0689855331309162
140	0.0691986124699813
140	0.0670565650252243
140	0.0681307823587533
140	0.0685808994803799
140	0.0677162536899544
140	0.0667678300455235
140	0.0677225072496096
140	0.0677689694224236
140	0.0677081008703414
140	0.069798478580008
140	0.0670168447744974
140	0.06761823027237
140	0.0687605358885636
140	0.0689453300909664
140	0.0685080371292733
140	0.0678367274026438
140	0.0670946458026838
140	0.0691192865105909
140	0.0680910274249293
140	0.0690909090909091
140	0.0677423716590796
140	0.0684645419050213
140	0.0692853002808863
140	0.066205578559403
140	0.068268411851719
140	0.0695280117662789
140	0.0687598825389654
140	0.0691744848947345
140	0.0670712377156832
140	0.069030016923488
140	0.0687715879904349
140	0.0689731944073381
140	0.0689887036040882
140	0.0685379174500851
140	0.0673194062175698
140	0.0685946678716674
140	0.0683294244993686
140	0.0667982593871966
140	0.0674438340256376
140	0.0675889506758895
140	0.0676637534913055
140	0.068321023239056
140	0.0682709206435041
141	0.0687450039968026
141	0.0674863142780221
141	0.0673970634457366
141	0.0692925194071983
141	0.068320731652103
141	0.0685186828792048
141	0.0677786134583905
141	0.0688801907589868
141	0.0667058876770602
141	0.0683985384546832
141	0.0690589031821259
141	0.0676637534913055
141	0.0670338103191441
141	0.0704892627850343
141	0.0691759005876811
141	0.0666069027341999
141	0.0687063875469673
141	0.0687438621551647
141	0.0684888750167209
141	0.0676374095546268
141	0.067204668763963
141	0.0676052536883771
141	0.0691894817554463
141	0.068252556691863
141	0.0673794358507734
141	0.0687534171678513
141	0.0676414381583041
141	0.0685848554708282
141	0.0682974734398714
141	0.0671843958822467
141	0.0693688425030366
141	0.0684856753069577
141	0.0679963735267452
141	0.067135228880471
141	0.0676516677859861
141	0.0691675915649279
141	0.0671479160991555
141	0.0670450990032629
141	0.0683597224693115
141	0.0665788637086153
141	0.0675071530758226
141	0.0668084913773593
141	0.0689407540394973
141	0.067479674796748
141	0.0693515297475693
141	0.0686330871622518
141	0.0685793325004462
141	0.066111186996312
141	0.0690987510108725
141	0.0684490544105155
141	0.0690623746043069
141	0.0677543015066417
141	0.068041237113402
141	0.0676911983415206
141	0.0683646112600536
141	0.0669922925255422
141	0.0686401068328511
141	0.0690810038403144
141	0.0695284697508897
141	0.0692831397677213
141	0.0680259914855478
141	0.0687643627364327
141	0.067130152137601
141	0.0684729723697719
141	0.0673658733360226
141	0.0669661086157615
141	0.0662702166959499
141	0.0668467251856854
141	0.0687703730532416
141	0.0685309702987933
141	0.0676664881271202
141	0.0682894149173738
141	0.0692420147964382
141	0.0674967528104985
141	0.0682100959829364
141	0.0677125234647359
141	0.0679445644348452
141	0.0681421083284799
141	0.0669339218954101
141	0.0690703927359281
141	0.0679114861528794
141	0.0691117426805612
141	0.0689562410329986
141	0.0666456238445236
141	0.0676241501958489
141	0.0673707865168539
141	0.0698738450604122
141	0.0687402799377916
141	0.069165170556553
141	0.0686641135390854
141	0.0688386524822695
141	0.0687511103215491
141	0.06680791597169
141	0.0677251524937209
141	0.0681167203723595
141	0.0687157745981275
141	0.0666880557337978
141	0.0686055522632995
141	0.0693298854162022
141	0.0682351878612717
142	0.0671195285437941
142	0.0664454806312769
142	0.0678614851173054
142	0.0679142230380087
142	0.068360692601754
142	0.0692239072256913
142	0.0667895186300508
142	0.0687215537830652
142	0.0694026160830674
142	0.0677246312025034
142	0.0671447781264007
142	0.0684381485157448
142	0.0673484097666456
142	0.0684135851733617
142	0.0677836672356482
142	0.0690912364405635
142	0.0677340449188348
142	0.0668161434977578
142	0.0674132238779334
142	0.0667364683388719
142	0.0667532816630079
142	0.0661238367931281
142	0.0687067232521778
142	0.0668827077144658
142	0.0666547454065895
142	0.0693621162523224
142	0.0685850670989823
142	0.0675461979849094
142	0.0671968546153159
142	0.0679659943926924
142	0.0684856253433437
142	0.068371842128922
142	0.0678863086819654
142	0.0681403727260597
142	0.0685636239471887
142	0.0667814425516492
142	0.0686092355100376
142	0.0693166592228674
142	0.069329044938801
142	0.0691840742724514
142	0.068392199155208
142	0.0665677813736066
142	0.0681132670058074
142	0.0689639680115015
142	0.0680387517299879
142	0.0680656443368308
142	0.0681281468609366
142	0.0685393258426966
142	0.0682682948411645
142	0.0682855496964594
142	0.0685159375983456
142	0.0673734765076344
142	0.069604741321688
142	0.0681198910081744
142	0.0681655960028551
142	0.0698348951361
142	0.0680152843335581
142	0.067811975885046
142	0.0679528692210829
142	0.0690777895107357
142	0.0673577474989815
142	0.0657323688969259
142	0.0677786134583905
142	0.0681606802781345
142	0.0669401370357014
142	0.067646403918949
142	0.0686947988223749
142	0.0681514476614699
142	0.0683692115701743
142	0.0677367432710364
142	0.0688876090905064
142	0.066549833737755
142	0.0689283307121995
142	0.0681565240617905
142	0.0670313410751917
142	0.0678143168604651
142	0.0664804972524998
142	0.0679262058235163
142	0.0690897766705223
142	0.0680841438588555
142	0.068349532037437
142	0.0681674636831183
142	0.0680577136514983
142	0.0683293322663821
142	0.06672928127376
142	0.0679833400510547
142	0.0693864727794982
142	0.0700389105058366
142	0.0678935698447894
142	0.0674041562164099
142	0.069537909376402
142	0.0684563758389262
142	0.0689057710249234
142	0.0685862469820263
142	0.0670696216700246
142	0.069030605366051
142	0.0691343605408562
142	0.0685452815657138
142	0.0693411264612115
142	0.0687875417130145
143	0.0685805422647528
143	0.0686261230755339
143	0.0683464426965294
143	0.067415229693
143	0.0682204527153977
143	0.0685747558899937
143	0.068622642350738
143	0.0667082016821681
143	0.0657445661936411
143	0.0690751186319277
143	0.0681777935186825
143	0.068606693995225
143	0.0693953323903819
143	0.068698553948832
143	0.0673710828140522
143	0.0685680708732598
143	0.0687026304057066
143	0.0691688042842356
143	0.066694093984275
143	0.0686017005742777
143	0.0689808832048483
143	0.0680463952695019
143	0.0687415426251691
143	0.0685041120248944
143	0.0672104983153041
143	0.0692598355190042
143	0.0676046208477548
143	0.0683456438551215
143	0.0657199319821683
143	0.068127291657236
143	0.0685501925315662
143	0.0687569490771626
143	0.0677136628553633
143	0.0679807821831081
143	0.0680759584378359
143	0.0687168988383996
143	0.0676756268353287
143	0.06745960502693
143	0.0692138067593718
143	0.0682998269205166
143	0.0665947209856558
143	0.0690636433443245
143	0.0684184653885686
143	0.06813245267964
143	0.068018018018018
143	0.0680761666368675
143	0.068323261477406
143	0.0670413669064748
143	0.0681898689337584
143	0.068052846249335
143	0.065484188838126
143	0.0678718822896106
143	0.0680198951471972
143	0.0678613132129705
143	0.0681879194630872
143	0.0687979311574817
143	0.0685077951002227
143	0.0680195245412637
143	0.0667939799026963
143	0.0678577793619676
143	0.0682070650966452
143	0.068983862386948
143	0.0681929973617135
143	0.0689884945137933
143	0.0664272074202055
143	0.0674533994904117
143	0.0675177560010788
143	0.0692938956422522
143	0.0688664421997755
143	0.0681756817568176
143	0.0692502330536689
143	0.0683646112600536
143	0.0691591283810882
143	0.0660390107662507
143	0.0671678746679872
143	0.0684272089256793
143	0.0680406804068041
143	0.0676139147476727
143	0.0681838504873469
143	0.0676364926597774
143	0.0681777619132607
143	0.0683123877917415
143	0.0673367287150133
143	0.0675736756463569
143	0.0674517235156109
143	0.068509562053512
143	0.0674984292253837
143	0.0678875907799179
143	0.0691293344581095
143	0.0679185520361991
143	0.069487612112601
143	0.0699701970552911
143	0.0671093088543291
143	0.06853513369459
143	0.0686078978859194
143	0.0682022674104733
143	0.0686553672316384
143	0.0683951721054984
143	0.0685510500594373
143	0.0677054856934573
144	0.0680546227893441
144	0.0685974236555265
144	0.0686156721399012
144	0.0692259563818377
144	0.0690492245448415
144	0.0672613737734166
144	0.0682961577846044
144	0.0673068373788566
144	0.0665097899924522
144	0.0672961830030589
144	0.0694543192321365
144	0.068264214342559
144	0.0671095748978767
144	0.0684276956364948
144	0.0680514166258951
144	0.0684348691952566
144	0.0677650810523518
144	0.0673789497613094
144	0.0683753103937566
144	0.068419879652329
144	0.0685320356853204
144	0.0669668993469939
144	0.0685492951402964
144	0.0681696667260738
144	0.0690849353993695
144	0.0687994183404526
144	0.0676722566532993
144	0.0688000724211289
144	0.068371093400197
144	0.068361910731074
144	0.0694227420867003
144	0.0682198597602352
144	0.0671797837789741
144	0.069423536704153
144	0.0690551736294729
144	0.0686884739328124
144	0.0675830469644903
144	0.0678962844159316
144	0.067795080117355
144	0.0690925227424007
144	0.0684604150993495
144	0.0682122157824342
144	0.066457399103139
144	0.0683893271873061
144	0.0685356853568536
144	0.0686770166882913
144	0.0684288206091507
144	0.0677958586440828
144	0.0682815438345124
144	0.0686177397568663
144	0.0673626423075192
144	0.0692864529472596
144	0.0687713386245732
144	0.0683280104358778
144	0.0697271353657453
144	0.0682149322265884
144	0.0684503901895206
144	0.0680017801513129
144	0.0683810375670841
144	0.0675427187514015
144	0.0668945971478699
144	0.0681405343139427
144	0.0693375111906893
144	0.066651845264562
144	0.0671392269626856
144	0.0684851480699232
144	0.0679144142097851
144	0.068106757118629
144	0.0675149429451186
144	0.068609022556391
144	0.0677913704014486
144	0.0691871288006382
144	0.0688739376770538
144	0.0687927718387977
144	0.0685458612975391
144	0.0691720649569616
144	0.0682091748027284
144	0.0674238003321812
144	0.0685083362894643
144	0.0679983947919918
144	0.0686036036036036
144	0.0665899738949604
144	0.0685742040888418
144	0.0670176691058362
144	0.0688326237956532
144	0.0679866518353726
144	0.067487684729064
144	0.0688734650293647
144	0.068649373881932
144	0.0681397135240161
144	0.068562173834803
144	0.0678650687971593
144	0.0672021419009371
144	0.0688726260494769
144	0.0680779843488488
144	0.0688275490019781
144	0.067580193086266
144	0.068750556594532
144	0.0669916937522571
144	0.068509669063463
145	0.0674702070778014
145	0.0690798196764784
145	0.0682822332306868
145	0.0675693673695894
145	0.0687348478046153
145	0.0682637930266732
145	0.0670378619153675
145	0.0662251655629139
145	0.0696517412935323
145	0.0671400323566421
145	0.0684968255387642
145	0.0693503387803906
145	0.0669557055379252
145	0.0673141176994699
145	0.0682070158321877
145	0.0672257540917084
145	0.0675355979109941
145	0.0684436110366997
145	0.0683057666517658
145	0.0691691646906179
145	0.0688016345385094
145	0.0670650730411687
145	0.0680028632784538
145	0.0689826079120483
145	0.0690345840566164
145	0.0677015568217506
145	0.0690946373645968
145	0.0687553224866658
145	0.0691482315538482
145	0.0682072140526527
145	0.0664799003913198
145	0.0686335403726708
145	0.0681254229641326
145	0.067825311942959
145	0.0679087349804239
145	0.0682898394762802
145	0.0685114929703191
145	0.0665401815964223
145	0.0677249628996717
145	0.0679944748919485
145	0.068411181566491
145	0.0675101751902318
145	0.0675369654988677
145	0.0692468899094841
145	0.0678755098421706
145	0.0691645209979579
145	0.0679252019458205
145	0.0681635208873781
145	0.0686940483152639
145	0.0684346355788912
145	0.0684668600758759
145	0.0684558363847459
145	0.0669583072939916
145	0.0676572155579789
145	0.0682059918454175
145	0.0688162544169611
145	0.0685248675363997
145	0.0696146332800568
145	0.0693243243243243
145	0.067601582164689
145	0.067777088686099
145	0.0681331693765086
145	0.0680229711080443
145	0.0670518677774792
145	0.0690961970651743
145	0.0681388290150882
145	0.0686382696976385
145	0.0674656611904121
145	0.069022076425215
145	0.0682355038552391
145	0.0683199285075961
145	0.0678172864049157
145	0.0686845168800931
145	0.0693664795509222
145	0.0683902133559959
145	0.0695287397358086
145	0.0679768474895679
145	0.0675797848295814
145	0.0696140909895557
145	0.0681373421099448
145	0.0692937790568962
145	0.067508477601285
145	0.0688797049282318
145	0.0669986419194206
145	0.0706726298543152
145	0.0677606262992614
145	0.0684006005475581
145	0.0684827339416711
145	0.0683302030229854
145	0.0680628272251309
145	0.0661865256632327
145	0.06763691055472
145	0.0687386065537326
145	0.0689379114036648
145	0.0678011523516012
145	0.0693047171920411
145	0.0690899371909662
145	0.0687257292513321
145	0.0684919369129895
145	0.0682732699535706
146	0.0689823874755382
146	0.0682113566082553
146	0.0664599622539768
146	0.0677460967038833
146	0.0690620003553029
146	0.0674835809053643
146	0.069219895750508
146	0.0671742051052396
146	0.068669336893636
146	0.0688012112575704
146	0.0693459766040411
146	0.0680253866094574
146	0.0682309493784904
146	0.0681868693603592
146	0.0673735069118239
146	0.067224657898233
146	0.0679478075625777
146	0.0676264107349151
146	0.0675748827138217
146	0.068842021488261
146	0.0688694267515924
146	0.0677136628553633
146	0.0687094191941653
146	0.0685393258426966
146	0.0684851742363164
146	0.0674860435800468
146	0.0679850013391661
146	0.0676818201938825
146	0.068278869060997
146	0.0686046511627907
146	0.0682977010466052
146	0.0686421937195931
146	0.0692273534635879
146	0.0677694056801462
146	0.0688951036533937
146	0.0689024662177229
146	0.0676432379160507
146	0.0686153302719887
146	0.0677495860741934
146	0.0681869394745144
146	0.0684123508646499
146	0.0692972298922241
146	0.0708450515601982
146	0.0684222271814327
146	0.0668289444567382
146	0.067341273394824
146	0.0680035650623886
146	0.0688846613281423
146	0.0689793731583177
146	0.0679353938903136
146	0.0692208771229657
146	0.0692435168182022
146	0.0686612621489676
146	0.0689042009335408
146	0.0699696571713238
146	0.0684296499050814
146	0.0681486073595182
146	0.068454638761212
146	0.0685058896466212
146	0.0691376568298286
146	0.0677076382401352
146	0.0680308264682434
146	0.0676551540442156
146	0.0689332917983178
146	0.0681838306915789
146	0.0689883474576271
146	0.0686725663716814
146	0.069033442270672
146	0.0692029147480889
146	0.0671000489781379
146	0.0684331593382288
146	0.069641829370877
146	0.0697054511528722
146	0.0686230851442822
146	0.0678632787774663
146	0.0684203533944467
146	0.0684925386471271
146	0.0676938280477944
146	0.0683703205559292
146	0.0680308501627212
146	0.0684986238124834
146	0.069170398616592
146	0.0680588472029692
146	0.067924699067789
146	0.0691818303154336
146	0.0682504440497336
146	0.069146103319723
146	0.0684626020248874
146	0.0693736424486901
146	0.0670454033094369
146	0.0677173767864298
146	0.0687369310851092
146	0.0678350607179396
146	0.0665210218913014
146	0.068486329893174
146	0.0684392142983543
146	0.0684163701067616
146	0.0675156389633601
146	0.0664053700950579
146	0.0685433975605445
147	0.0678018713139107
147	0.0674975431072992
147	0.0681897912646904
147	0.067548963005729
147	0.0671731307477009
147	0.0672201032084362
147	0.0687875417130145
147	0.0677739680277864
147	0.0690896321657449
147	0.0689181403182201
147	0.0686689600423392
147	0.0686896675008938
147	0.0677981044743222
147	0.068308181096108
147	0.0671429839353865
147	0.0679861142419188
147	0.0695218146976247
147	0.0674789128397376
147	0.0697674418604651
147	0.0683874401277275
147	0.0694678866483077
147	0.0686718126164493
147	0.0684869580941187
147	0.0679127725856698
147	0.0689501976986983
147	0.0682872928176796
147	0.0678185552281454
147	0.0695457596777803
147	0.0671868033883192
147	0.0689198144466534
147	0.0685635775384479
147	0.0683699494384536
147	0.0683276210563318
147	0.0696077136441685
147	0.0701092085748955
147	0.0674832862206668
147	0.069215238764045
147	0.0685912548374183
147	0.0688300674016873
147	0.0688045106158048
147	0.0679749589308707
147	0.0690324858757062
147	0.0662000451569203
147	0.0678647220842552
147	0.0678122934567085
147	0.0691990968256077
147	0.0687835341718709
147	0.0692863155096797
147	0.0683041872469185
147	0.0688163410935688
147	0.068334295996801
147	0.068155683325962
147	0.0688890859118716
147	0.0695308334814288
147	0.0688626752726463
147	0.0680372001957905
147	0.0685641498660342
147	0.0660390047074647
147	0.0698826364407158
147	0.0685936533191903
147	0.0664499176056652
147	0.0697263120661449
147	0.068075431322723
147	0.0697797824356593
147	0.0682319075248504
147	0.0688079499578546
147	0.0683612811640493
147	0.0674162356644929
147	0.0686561861621814
147	0.0684598736804911
147	0.0680040652202731
147	0.0681019527601085
147	0.0676280902902186
147	0.0676181980374665
147	0.0682011935208866
147	0.0679381262084725
147	0.0692919685319348
147	0.0670579864816791
147	0.069000529754547
147	0.0679397073774477
147	0.067893514382705
147	0.0681301030651854
147	0.0683555555555556
147	0.0679611650485437
147	0.0684925465290641
147	0.0688114387846291
147	0.0664568185848555
147	0.0679994621004976
147	0.0667479014351476
147	0.0677725538898252
147	0.068337230334848
147	0.067927508885866
147	0.0676456104221695
147	0.0668990481297761
147	0.0688521677327647
147	0.0660390107662507
147	0.0687965067058771
147	0.0673807724787768
147	0.0685958798358993
147	0.0671078344288506
148	0.0683433816251237
148	0.0661224121600289
148	0.067703445502078
148	0.0689826079120483
148	0.0684224694903087
148	0.0685229594102496
148	0.0695702106983524
148	0.0677610741847705
148	0.0687929125138427
148	0.0692858095195769
148	0.067070995362112
148	0.0687508279242284
148	0.0679367043847242
148	0.0679920477137177
148	0.0680510050473745
148	0.0686579087519972
148	0.069537165643622
148	0.0675996949715157
148	0.069063470927652
148	0.0687847145078871
148	0.0687511103215491
148	0.0683284716697605
148	0.0701522753278761
148	0.0681798110041508
148	0.0687259370712927
148	0.0692140993321834
148	0.0685724463442871
148	0.0683696135051088
148	0.0681325487767111
148	0.0689823874755382
148	0.0676209712830421
148	0.0681340312262336
148	0.06795513985549
148	0.0686805864060418
148	0.0676339186977485
148	0.0686156721399012
148	0.0681818181818182
148	0.0686165232511481
148	0.0692694653430085
148	0.0670337671793938
148	0.0680462839341344
148	0.0674311520410874
148	0.068653254226703
148	0.0693351122970869
148	0.0694561785761928
148	0.0683571238584981
148	0.0690588130932316
148	0.0670840787119857
148	0.0673711432138398
148	0.0687219581537915
148	0.0684919447134431
148	0.0696219382321619
148	0.0686887499445701
148	0.0693940734188412
148	0.0692047600228341
148	0.0683665763404558
148	0.0687879588064431
148	0.0669294866051429
148	0.0682809578919256
148	0.0689121005576702
148	0.0674302522506462
148	0.0691164765189705
148	0.0673904408844168
148	0.068457035613745
148	0.0684020436927414
148	0.0690231984857155
148	0.0689059245801391
148	0.0689792487058095
148	0.0688352004319071
148	0.0692859039023095
148	0.0676554427222519
148	0.0696205327561073
148	0.0685960700631279
148	0.0677493583502965
148	0.0685566550771151
148	0.068420584045584
148	0.069518480990352
148	0.0681038706516413
148	0.0690205819730305
148	0.0698589556528275
148	0.0679164105716042
148	0.0680981322922674
148	0.068023614415367
148	0.0689199312563346
148	0.0677426486845014
148	0.0674827509459159
148	0.0689746300211417
148	0.0676778428241973
148	0.0688909484090207
148	0.0678064200169182
148	0.0681102187513866
148	0.0672095011021638
148	0.0689018763457398
148	0.0677617150785481
148	0.0679488915978148
148	0.0691517619975208
148	0.0683579049895958
148	0.0687488861165568
148	0.0696636166732971
148	0.0684414026043287
149	0.0696689088844239
149	0.0665563358232321
149	0.0687314194435817
149	0.0692659743002992
149	0.0684497231648509
149	0.0684852260590958
149	0.0696098104793757
149	0.0688457427858924
149	0.0673944622969582
149	0.0691127418278853
149	0.068512476853893
149	0.069625799666988
149	0.0682043427335796
149	0.0676866639824632
149	0.067880422566869
149	0.0685478503926527
149	0.0677487649964714
149	0.0684264594220376
149	0.0688147090324884
149	0.0681337096489681
149	0.0693240134489471
149	0.069047619047619
149	0.0675124400412427
149	0.0689883474576271
149	0.0683246304982742
149	0.0680731238546462
149	0.0684245512962553
149	0.0697972346158943
149	0.068238880918221
149	0.068583089344335
149	0.0675968033908782
149	0.0697294673198288
149	0.0669415259121337
149	0.0676954824817191
149	0.0682517732078333
149	0.0690507726269316
149	0.067995414057677
149	0.0682887484877
149	0.0675225445337835
149	0.0697705562003393
149	0.0674814027630181
149	0.0693182317046402
149	0.068288993682712
149	0.0689836756187467
149	0.0675414728341964
149	0.0682290515144815
149	0.0678739041884353
149	0.0707132817990162
149	0.0688896709484427
149	0.0683011479932366
149	0.0678590449139002
149	0.0692307692307692
149	0.0681717180695049
149	0.0690915496058831
149	0.0680464233705485
149	0.0677393546092986
149	0.0682370619171786
149	0.068658144186451
149	0.0690956979806848
149	0.0680563529567637
149	0.0684823193498792
149	0.0692968922195283
149	0.0680920186144525
149	0.0683515221137277
149	0.0681037175882537
149	0.0677626303127506
149	0.0687914307037183
149	0.0687974966472955
149	0.067956855608327
149	0.068514481469947
149	0.0682592346825923
149	0.0670510929328148
149	0.0676899736736424
149	0.0681497175141243
149	0.0680203045685279
149	0.0690148399785446
149	0.0693972928883206
149	0.0689011379800853
149	0.0698535896983595
149	0.0674012529435287
149	0.0683480342183414
149	0.0684271567490409
149	0.0681106356698575
149	0.0683884569772038
149	0.0668099588035107
149	0.0678550633761813
149	0.0697208494724189
149	0.0687175389532561
149	0.0692178820209858
149	0.0684629947607097
149	0.0686513026938559
149	0.0690453917769166
149	0.0679329903706635
149	0.0680381155935524
149	0.0682680716167344
149	0.0682885380796923
149	0.0681957723006754
149	0.0667750237031017
149	0.0687108325872874
149	0.0683362195284401
150	0.0695063346439493
150	0.0678968430413517
150	0.0692788440228713
150	0.067699800752712
150	0.0689957480383992
150	0.0670176691058362
150	0.0692578874559329
150	0.0697921744139673
150	0.068933457298446
150	0.0688161479033627
150	0.0696703101395184
150	0.0687179487179487
150	0.06837454253325
150	0.0680558634449124
150	0.0697227679545951
150	0.0679246931376403
150	0.0682887842997957
150	0.0687853913348843
150	0.0678423053124724
150	0.0679173487898766
150	0.0692447236847927
150	0.0680211621393322
150	0.069785745518146
150	0.0682928977147638
150	0.0683730560817657
150	0.0706227236386249
150	0.068393828197533
150	0.0684419112080866
150	0.0677852946412676
150	0.0693815987933635
150	0.0694769366585743
150	0.069045288726755
150	0.0685576077396658
150	0.0690754516471838
150	0.0682463613773518
150	0.0696523947114964
150	0.0679968147230579
150	0.0679092165693138
150	0.0685174508847399
150	0.0684834542558839
150	0.0679602968791916
150	0.0681727926576358
150	0.069150587713462
150	0.0676745538310149
150	0.0689285235349336
150	0.0677868416385884
150	0.0694155643056232
150	0.0693556975505857
150	0.0672761160912399
150	0.0688296742209632
150	0.0688665076420178
150	0.0684802581454757
150	0.0685964051558806
150	0.0678546348314607
150	0.0683127936873836
150	0.0682464876400498
150	0.0686724230976794
150	0.068456495562592
150	0.0683120317320405
150	0.0674814027630181
150	0.0688865398167724
150	0.0679688881032349
150	0.0682548769210445
150	0.0696088353060237
150	0.0685282552025803
150	0.0694746176014188
150	0.0687444739168877
150	0.0675189052934822
150	0.0679053602459564
150	0.0674266956483165
150	0.0675058729666238
150	0.069397845664842
150	0.069544893279238
150	0.0686758234431258
150	0.068307719799857
150	0.0690493019968192
150	0.0685864340395229
150	0.067017259978425
150	0.0696635120925342
150	0.068167770419426
150	0.0688770999115827
150	0.0695086005895033
150	0.0689547720797721
150	0.0687494405156208
150	0.0686613475177305
150	0.0667981708957231
150	0.0688138605064416
150	0.0688063310617718
150	0.0676824946846208
150	0.0688972044904248
150	0.0683399383531484
150	0.0686761281251373
150	0.069056870363829
150	0.0678982408183061
150	0.068251363696838
150	0.0699069377673885
150	0.0684816661518775
150	0.0683324377574781
150	0.0675453778902055
150	0.0682019879304224
151	0.0691256468090752
151	0.0691076732124651
151	0.0688861342305649
151	0.0664320281566212
151	0.0697086603698284
151	0.068448298747843
151	0.0683685574937387
151	0.0688505898346709
151	0.068542915918939
151	0.0693674925756837
151	0.0701569762343243
151	0.0682770300383278
151	0.0680575158786168
151	0.068372336709745
151	0.0683880583928806
151	0.068236127090893
151	0.0672729704426909
151	0.0676678522812102
151	0.0685260025758316
151	0.0664476896444583
151	0.0685958798358993
151	0.0683722786325544
151	0.0666934511852149
151	0.0691682135596217
151	0.0678335036204522
151	0.068951720458789
151	0.0680909050947294
151	0.0686831330075287
151	0.068387781265196
151	0.0680839731924903
151	0.0676777919844804
151	0.0690205819730305
151	0.0680397852301734
151	0.0672059738643435
151	0.0686736897782871
151	0.0683555555555556
151	0.0671705201019632
151	0.0687263836408091
151	0.0692509855453351
151	0.0681637344178234
151	0.068994965839626
151	0.0690701253022642
151	0.0689137915821054
151	0.0679154829545455
151	0.0689302697657882
151	0.0682108978601368
151	0.0679009611551579
151	0.068279498427046
151	0.0685142079142694
151	0.0676800420536184
151	0.0686356994199176
151	0.0673723871893783
151	0.068143553389455
151	0.0681099380818745
151	0.0688941715090685
151	0.0696615438504313
151	0.0689037444837681
151	0.0698529411764706
151	0.0689503539861923
151	0.0694670240344479
151	0.0688739993038636
151	0.0677067220577187
151	0.0684043397724266
151	0.0693375784912001
151	0.0689609877840536
151	0.0683442198939108
151	0.0685371977271726
151	0.0698461538461538
151	0.069177114603567
151	0.0680322835336433
151	0.0683511354456512
151	0.0678079443627123
151	0.069175675074514
151	0.0701785012874787
151	0.0696676446118142
151	0.0683205268935236
151	0.0676150255612358
151	0.0679646175045562
151	0.0684098375210867
151	0.0691551184622262
151	0.0677860972043773
151	0.0686718126164493
151	0.0689149560117302
151	0.0673396141767609
151	0.068859649122807
151	0.0686549864027462
151	0.0690688045106158
151	0.06955864705098
151	0.0684514620914744
151	0.0679179824756483
151	0.0681057268722467
151	0.0670112279451078
151	0.0676063806283417
151	0.0695721711315474
151	0.0676317776100182
151	0.0694763842207677
151	0.0687916520519116
151	0.0690809762974711
151	0.0682408916692365
151	0.0682972054213942
152	0.069111611280286
152	0.0692033822874944
152	0.0685731857318573
152	0.0684355067328136
152	0.0694042291831184
152	0.0683026222537208
152	0.0685462555066079
152	0.0663538577309548
152	0.0699108370669387
152	0.0695755234625346
152	0.0692699639813757
152	0.0688250240953299
152	0.0680052956751986
152	0.0692747252747253
152	0.0682937554969217
152	0.0685719302866675
152	0.0677435014784412
152	0.0693526201357767
152	0.0688230640766459
152	0.0686571090359069
152	0.0684063621461167
152	0.0688269833561432
152	0.0689972401103956
152	0.0682571239231279
152	0.0694481119619752
152	0.0690130817833941
152	0.0695590766650483
152	0.069115514741421
152	0.0678620567218499
152	0.0689350028759789
152	0.0684671145685997
152	0.0686499867385731
152	0.067052943518068
152	0.0691282865713782
152	0.0695002871912694
152	0.0675919012692696
152	0.0686026200873362
152	0.0682446972025822
152	0.0686226856966108
152	0.0693266171792153
152	0.0692480507466631
152	0.0684578088163338
152	0.068657242260096
152	0.0685769620141732
152	0.0686534216335541
152	0.0690038212032347
152	0.0681071967344041
152	0.068283203038735
152	0.0678995919815505
152	0.0684575007719112
152	0.0679382864256814
152	0.0693690486784729
152	0.0694091981657095
152	0.0685106195857702
152	0.0699097512656835
152	0.0686787804126886
152	0.0681036762761174
152	0.0689761967967436
152	0.0671581769436997
152	0.0687900906879009
152	0.0694814420174037
152	0.0683524298696167
152	0.0694017394360011
152	0.068810770381451
152	0.0688471188977418
152	0.0685485643934397
152	0.0688784395680947
152	0.0681987959748649
152	0.0681747477889872
152	0.0692517126295451
152	0.0689140549556668
152	0.0683666739942845
152	0.0680390322149445
152	0.06841046277666
152	0.0689107513124807
152	0.0679846770287526
152	0.0697969543147208
152	0.0697612965735929
152	0.0682169857199699
152	0.0695775020970377
152	0.0687680335752383
152	0.0681857942617215
152	0.0682369546998368
152	0.0690002187705097
152	0.0685136983279658
152	0.068630040500088
152	0.0690343176376696
152	0.0682522809814864
152	0.0686066082026752
152	0.0671797837789741
152	0.0686762778505898
152	0.0682249173098126
152	0.0692017212610872
152	0.0699361832328001
152	0.069631207562242
152	0.0681768198812404
152	0.0680495713587705
152	0.0688974651346373
152	0.0684720387494496
152	0.0675410421127766
153	0.0697222590188546
153	0.0672883851679979
153	0.06715990663672
153	0.0690390510462482
153	0.0683936463484006
153	0.0689459930313589
153	0.0690918607694321
153	0.0674344997362405
153	0.0689777462541005
153	0.068926005905425
153	0.067759900990099
153	0.0693516264660323
153	0.0693927586357865
153	0.0697877543890296
153	0.0681401240499694
153	0.0695266921086108
153	0.0688259109311741
153	0.0680871799415256
153	0.0680544435548439
153	0.0688655628266503
153	0.0689503346248679
153	0.0696341408803905
153	0.0687914307037183
153	0.0680967273047615
153	0.0679093375339109
153	0.0687242616127175
153	0.0683546529517781
153	0.0674017979717462
153	0.0686453103478918
153	0.0680518573486403
153	0.0698814160066512
153	0.0686928479922251
153	0.0681225410017241
153	0.0692233265898496
153	0.0681777539341917
153	0.0685984363266929
153	0.0677640970735189
153	0.0676658389499823
153	0.068436060539592
153	0.0684707752074872
153	0.0687665198237885
153	0.0688246661981729
153	0.0692502330536689
153	0.0685160722148833
153	0.0692587016207599
153	0.0692835599073305
153	0.0685749679246118
153	0.0675628643522144
153	0.0684168655529037
153	0.0672343445094909
153	0.0693477022823849
153	0.0685911016949153
153	0.0676007317834992
153	0.0685389796187877
153	0.0689188599362752
153	0.0698665027226418
153	0.0676748414563839
153	0.0672450237801656
153	0.0690061542490507
153	0.0672115854471147
153	0.0678365171035095
153	0.0685666534723138
153	0.0680110715697904
153	0.0692682926829268
153	0.0679970111203903
153	0.0688099765621545
153	0.0674931745960704
153	0.0691171297924727
153	0.0687972569017056
153	0.0678400849106669
153	0.0683659615468839
153	0.0681958808450455
153	0.0693672226634895
153	0.0693800821893853
153	0.0689322516991888
153	0.0685476815398075
153	0.0695476326548556
153	0.0689807649789962
153	0.0669884256155874
153	0.0682984603237268
153	0.0688889875271872
153	0.0689793017677889
153	0.0680849193442046
153	0.069091388864456
153	0.0683144676335338
153	0.0673787271918113
153	0.0683760683760684
153	0.0690381157068292
153	0.0682755867086642
153	0.0691801686459759
153	0.0667230858313661
153	0.0693030369237492
153	0.0668998494642699
153	0.0693737215476346
153	0.0682695293439205
153	0.0672329012069736
153	0.0687363397118516
153	0.0694821694558836
153	0.0687303252885624
153	0.0676538393332151
154	0.0682801100869337
154	0.0680639872380024
154	0.0678086447146534
154	0.0669258293943544
154	0.0692024862120284
154	0.0684438988029991
154	0.0691081961440268
154	0.0688513160188252
154	0.0679001257409736
154	0.0682349825660944
154	0.069862832443876
154	0.0676098549958129
154	0.0692585417400493
154	0.0680767863490935
154	0.0683429477299749
154	0.0683610095582082
154	0.0689516489409241
154	0.0680987806488533
154	0.0693064974841391
154	0.0680076203978557
154	0.0686339376295708
154	0.0678260869565217
154	0.0680504466631634
154	0.067732250088308
154	0.0679730557256583
154	0.0695229681978799
154	0.0679900524025224
154	0.0673779273097525
154	0.0687228958314895
154	0.0684057715995073
154	0.0678003436274726
154	0.0684724689165186
154	0.0684834228396432
154	0.0680553700983665
154	0.0684937631331873
154	0.0689945123030625
154	0.0695217639065445
154	0.0691090757701915
154	0.069175991861648
154	0.066949341664807
154	0.0687893601092174
154	0.0686719887090372
154	0.0688309384424339
154	0.0670871559633028
154	0.0683711449840482
154	0.0690426091530773
154	0.0682284168738821
154	0.0688182458612187
154	0.0682028055054747
154	0.0686540990793512
154	0.0684321847184278
154	0.0683598908354609
154	0.0686287391056804
154	0.0687292817679558
154	0.068815331010453
154	0.0675944333996024
154	0.0690699920962501
154	0.0688299777263397
154	0.0695339227795797
154	0.069771536734604
154	0.069070796460177
154	0.0679483222364302
154	0.0705969887955182
154	0.0695387600317488
154	0.0689411660855365
154	0.0692926466730786
154	0.0680932128300549
154	0.0681033719798212
154	0.0685794878575521
154	0.0685261406427883
154	0.0692047524065562
154	0.067986798679868
154	0.068266409773613
154	0.0680305534461964
154	0.0686542187775233
154	0.06929820696947
154	0.0693230242059483
154	0.0680238990927196
154	0.0676470588235294
154	0.067503511235955
154	0.0683557666930589
154	0.0678462152454437
154	0.069757290029684
154	0.0675862068965517
154	0.0678367705133831
154	0.0680623608017817
154	0.0690865996576395
154	0.0683078287868707
154	0.0687006241543364
154	0.0691475438443417
154	0.0688225538971808
154	0.0686760612386917
154	0.0691848906560636
154	0.0697106851260206
154	0.0688230640766459
154	0.0694589422407794
154	0.0681557340866955
154	0.0684080697735882
154	0.0671260280062236
154	0.0693280048651232
155	0.0690019828155981
155	0.0688184336660657
155	0.0690079556942552
155	0.0679871520342612
155	0.070102094701637
155	0.0677913429522752
155	0.0688103744872304
155	0.0679015055084932
155	0.069424190198418
155	0.06851114126866
155	0.0686087304054354
155	0.0689444783404515
155	0.0689201053555751
155	0.0686163740657049
155	0.0690773613850537
155	0.0683290012775893
155	0.068595406360424
155	0.067088551577643
155	0.0686309260079752
155	0.0692786942786943
155	0.0689016321129246
155	0.069349164467898
155	0.067956043956044
155	0.068918502880767
155	0.0690942633752086
155	0.0691410020180749
155	0.0680269117453058
155	0.0680091856562445
155	0.0691349359536761
155	0.0687660100697818
155	0.0672490233088978
155	0.0685555162659123
155	0.0692389006342495
155	0.0685880743258154
155	0.0687819141971806
155	0.0675051106568305
155	0.0684931506849315
155	0.0691912313842639
155	0.0681927605374885
155	0.06851114126866
155	0.0687530261015009
155	0.069462185614236
155	0.0694782493251316
155	0.0700774238958297
155	0.0678174550885053
155	0.0673515476243192
155	0.0687658977282695
155	0.0691437660157286
155	0.0690034303808602
155	0.0693008585947082
155	0.0685283687943262
155	0.0689518960674157
155	0.0693893562306586
155	0.0689502566825987
155	0.0682029280375072
155	0.070219298245614
155	0.0690345840566164
155	0.0688523155038081
155	0.0686634517541919
155	0.0685771876780159
155	0.0681987632121398
155	0.069440155291834
155	0.0681340801680378
155	0.0684454244762955
155	0.0699300699300699
155	0.0679023190442727
155	0.069060291423087
155	0.0697102721685689
155	0.0675818839939966
155	0.0680164086277623
155	0.0691130419441627
155	0.0695246067762259
155	0.067885804499408
155	0.0695735672820916
155	0.0683283946313404
155	0.068669338853896
155	0.0690364663135315
155	0.0685862038741345
155	0.0683108587650816
155	0.068740858928334
155	0.0689867841409692
155	0.0690509299495915
155	0.0682116884254797
155	0.0687714361094011
155	0.0694626474442988
155	0.068590308370044
155	0.0686503907112269
155	0.0674444199867929
155	0.0680146249063918
155	0.0687265754379848
155	0.069061382992807
155	0.0685496250164467
155	0.0686459660064122
155	0.0695636937094796
155	0.0685213346453171
155	0.070180842170106
155	0.0686475409836066
155	0.0680736693690518
155	0.0692378570488351
155	0.0689775300470301
156	0.0694646718743104
156	0.0697091053117986
156	0.0684141546526868
156	0.0682287774211984
156	0.0688282138794084
156	0.0678838539375275
156	0.0686394142769982
156	0.0684004744541581
156	0.0685371977271726
156	0.0692503734950347
156	0.0690786556708344
156	0.0688595142944974
156	0.0683305698577537
156	0.0680134975239932
156	0.0697276674121826
156	0.0687956364915985
156	0.0686283108226627
156	0.0665690320862735
156	0.0689472989037115
156	0.0685373398144057
156	0.0697399008728453
156	0.0687190281980441
156	0.0694586312563841
156	0.0674613686534216
156	0.0689397600949075
156	0.0679101536844871
156	0.0676601954627869
156	0.0685224839400428
156	0.0683369292413368
156	0.0685040063397024
156	0.0681926768883291
156	0.0684525127296878
156	0.0684219795702712
156	0.0689715766814567
156	0.0681587875049566
156	0.0672472181906144
156	0.0696865626222667
156	0.067975233829535
156	0.0677435014784412
156	0.0687223511891726
156	0.0685306050449815
156	0.0694877310039068
156	0.0684295783897377
156	0.0682905420232609
156	0.0693077965805239
156	0.0680886329931083
156	0.0681758472720904
156	0.068200745123822
156	0.0691964285714286
156	0.0691378411263689
156	0.0693043364339054
156	0.0690064130721251
156	0.0703850682482229
156	0.0684054689541061
156	0.0675962815405046
156	0.0683039811213565
156	0.0691152209776852
156	0.0673860383175512
156	0.0692409532215357
156	0.0699904122722915
156	0.0690978886756238
156	0.0697370142614157
156	0.0689261066420502
156	0.0675776615844281
156	0.0678077682685978
156	0.0687809799535027
156	0.0694699956197985
156	0.069965720312912
156	0.0668748605844301
156	0.0690800979363414
156	0.0704650959096085
156	0.068714279481698
156	0.0684726021353569
156	0.0695041684949539
156	0.0699273141255802
156	0.0682896818421515
156	0.0684859386653797
156	0.0680453928055032
156	0.0684081775292679
156	0.0690520200686559
156	0.0671264771778764
156	0.0683054165760278
156	0.0698526205633557
156	0.068383265378479
156	0.0692986325540362
156	0.0675741586485168
156	0.0692311039554415
156	0.0687601278850786
156	0.068699276157052
156	0.0696241258741259
156	0.0696188684199011
156	0.0694314797528559
156	0.0688650106581981
156	0.0692149213167931
156	0.0681520314547838
156	0.0692405451597353
156	0.0685147819984209
156	0.0689761152089919
156	0.0688547670377051
156	0.0687096632567941
157	0.0698027973242985
157	0.0685684145751835
157	0.070662210887345
157	0.0690516901223201
157	0.0693757054788573
157	0.0679975590619824
157	0.0671000489781379
157	0.0687768146396988
157	0.067863475177305
157	0.0693875773150971
157	0.0682415848527349
157	0.0681626679675374
157	0.0683213355120788
157	0.06801647821895
157	0.0682105630424353
157	0.0682796171072275
157	0.0687584316114713
157	0.0682520074119827
157	0.0684054900922371
157	0.0677159105938368
157	0.0681332383327396
157	0.0687923896767374
157	0.0684591153112383
157	0.067657132689827
157	0.0692532878926902
157	0.0683197045634397
157	0.0694255496555053
157	0.0686506891405496
157	0.068585907125071
157	0.0706050006477523
157	0.0693238621415417
157	0.0692640692640693
157	0.0682438981408054
157	0.0690496252605437
157	0.0684590163934426
157	0.0689776836905707
157	0.0670507423000222
157	0.0692816218598502
157	0.0690819772797052
157	0.0683218876562775
157	0.0692097852868708
157	0.0679970111203903
157	0.068929549306793
157	0.0692613887660327
157	0.0690388620552134
157	0.0678840809845177
157	0.0686095138525876
157	0.0686442540101077
157	0.0683779307940382
157	0.068970064618225
157	0.0689367677388214
157	0.0693539869741243
157	0.0695832792418538
157	0.0678018168253829
157	0.0688415329299307
157	0.0683515221137277
157	0.0691055116720357
157	0.0673336579751206
157	0.0679768181620114
157	0.0686561939351508
157	0.0685395234326915
157	0.0702808621815807
157	0.068496766530289
157	0.0694401957785255
157	0.0685877694676639
157	0.0684040529180125
157	0.0698712669585193
157	0.0689745721913432
157	0.0685821416114405
157	0.0689578910120311
157	0.0688269717879291
157	0.0682194887900201
157	0.069567868966719
157	0.0686313032089064
157	0.0675669769677899
157	0.0690926649400816
157	0.0684151009046625
157	0.069404730959189
157	0.0692851807917051
157	0.0686308948801265
157	0.067968473255402
157	0.069364161849711
157	0.0686837071813598
157	0.0686025089920169
157	0.0683621297602257
157	0.0696077136441685
157	0.067972249055941
157	0.0685789938217123
157	0.0689594819287652
157	0.0700096263236195
157	0.0686965385808625
157	0.068606976227505
157	0.0684088826840016
157	0.0686125027227184
157	0.0685082386113314
157	0.068953493440265
157	0.0685694243500373
157	0.0693455997222704
157	0.0682605834612854
157	0.068726106253021
158	0.0687223511891726
158	0.0695036077544988
158	0.0696599825632084
158	0.0676589392342817
158	0.0678916913291223
158	0.0692085449133252
158	0.0676182992840929
158	0.0677032860540921
158	0.0695834608155951
158	0.0688089416695774
158	0.0678375411635565
158	0.0688908528501988
158	0.0685847521006555
158	0.070367781951603
158	0.0688229148528644
158	0.0685122312178985
158	0.0678324450513148
158	0.0692948940604377
158	0.0689534323388969
158	0.0682187568636064
158	0.06790770844258
158	0.0694129942518725
158	0.0694921891997737
158	0.0694036717346536
158	0.0677698283808102
158	0.0694359154311782
158	0.0679590214607436
158	0.0675979376900366
158	0.069010701026425
158	0.0681236720003469
158	0.0696249944916935
158	0.0681498417164967
158	0.0689366206501125
158	0.0691779616264742
158	0.0682038194138872
158	0.0677512717067181
158	0.0686037835228021
158	0.069394862864606
158	0.0696845946650447
158	0.0681549573210768
158	0.0691826669015325
158	0.0698773245480949
158	0.0685846503099625
158	0.0678384212149244
158	0.069482050834134
158	0.0701540604056054
158	0.0696694323719215
158	0.0698648059310946
158	0.0686590572449246
158	0.0687470161885335
158	0.0686648262565181
158	0.068936877076412
158	0.068677230149698
158	0.06966618287373
158	0.0697125884511226
158	0.0689413823272091
158	0.0684973369422859
158	0.0684883517253459
158	0.0686912191263075
158	0.0692755156002115
158	0.0692893620704579
158	0.0693573667711599
158	0.0693988353255396
158	0.0686784140969163
158	0.0683563077996859
158	0.0692418867428722
158	0.0681658776082763
158	0.0687107335634015
158	0.0686022837921572
158	0.0688257344608142
158	0.0686458834331686
158	0.0684229137199434
158	0.0681179462015435
158	0.0691587148735008
158	0.0685141406181595
158	0.0680054971849093
158	0.069501118862709
158	0.0681399631675875
158	0.069962809013345
158	0.0689127105666156
158	0.0689700472937467
158	0.0689971597116015
158	0.0696926220599104
158	0.0686942842160461
158	0.0693230242059483
158	0.0693715545755237
158	0.0695697659212763
158	0.0682536893886156
158	0.0701195566803386
158	0.0701602049233708
158	0.068267850150111
158	0.0677839687623393
158	0.0684150008844861
158	0.0688551893408135
158	0.0693395397857017
158	0.0690986379803939
158	0.0690827226979783
158	0.0673813169984686
158	0.0680632861462944
158	0.0694101865074214
159	0.0685747045334274
159	0.0690899489526492
159	0.0690421222285142
159	0.0702655255650647
159	0.0688828860230045
159	0.0689400200078291
159	0.0676483516483516
159	0.0679924158913532
159	0.0688063310617718
159	0.0683798100074421
159	0.0687099885994914
159	0.0697205037076039
159	0.0693367035648915
159	0.0701981608599922
159	0.0694731291470756
159	0.0683794122761259
159	0.070179274158286
159	0.0688850475367329
159	0.0694335340839661
159	0.0696038341467704
159	0.0693727582888636
159	0.0684359364803133
159	0.06777147841256
159	0.069057745429035
159	0.0698398771660452
159	0.0690285515320334
159	0.069551912568306
159	0.0689609877840536
159	0.068296315766417
159	0.0689221971928609
159	0.0680042145930284
159	0.0692300947036128
159	0.069007794027498
159	0.0680819593683386
159	0.0694716668844462
159	0.0683579985905567
159	0.0686505855619647
159	0.0674750294412701
159	0.069109993825527
159	0.0680903203220725
159	0.0699671412924425
159	0.0682765809589993
159	0.0693242416295131
159	0.069830213321724
159	0.0699276310053187
159	0.0687396279151018
159	0.069399938545279
159	0.0691996344170257
159	0.06828481784905
159	0.0693310165073849
159	0.068791141723702
159	0.0691466273113986
159	0.0688895740651015
159	0.0673895864430591
159	0.068051765120169
159	0.0682134167535627
159	0.0686381731484317
159	0.0677728645856136
159	0.0686652514837759
159	0.0678814489571899
159	0.0701754385964912
159	0.0680665539638758
159	0.0693017358226575
159	0.0686905857099049
159	0.0692740844209699
159	0.06832895888014
159	0.0696847491435757
159	0.0679155881191594
159	0.0694407981097401
159	0.0677738270748417
159	0.0670950257889676
159	0.0677483008112256
159	0.0697014026331641
159	0.0684818122413418
159	0.069070771377491
159	0.0691494011714311
159	0.0685513916283147
159	0.0685118366628531
159	0.0690756376044446
159	0.0688040982158629
159	0.0683357364442697
159	0.0683838912133891
159	0.0693064974841391
159	0.0685901639344262
159	0.0694861419309925
159	0.0692404897816898
159	0.0689731451577224
159	0.0693086592178771
159	0.068764261892224
159	0.0689609935280742
159	0.0678099571266078
159	0.0686761281251373
159	0.0691429069666056
159	0.0683961239299526
159	0.0684183142559834
159	0.0697724998912523
159	0.0687740468695348
159	0.0696655532902442
159	0.0691226072101275
159	0.0692026462395543
160	0.0689009793253536
160	0.0690210764675144
160	0.0685788787483703
160	0.0696844396082699
160	0.0691276336409542
160	0.0698071866783523
160	0.069222067525235
160	0.0686999651931779
160	0.0695806927684695
160	0.0684293056886488
160	0.0685809624165789
160	0.0683562064278511
160	0.0683310860771606
160	0.0694359954810116
160	0.0695026178010471
160	0.0690365565003945
160	0.0687973526082034
160	0.0699365009853295
160	0.067927508885866
160	0.0697998259355962
160	0.0690509299495915
160	0.0682766190998902
160	0.0691208315288003
160	0.0692786942786943
160	0.0686176457798843
160	0.0692690225762443
160	0.0695446791759612
160	0.0693840264485819
160	0.0691626303617402
160	0.069404788051834
160	0.0684085091358461
160	0.0698908363414952
160	0.0686678352322524
160	0.0694606634661131
160	0.0692435796301166
160	0.0695112961276614
160	0.0691588785046729
160	0.0691724711963902
160	0.0679263438743822
160	0.0680376285276745
160	0.0690590809628009
160	0.0690097259062776
160	0.0684369131327248
160	0.0688176699870074
160	0.0689338637059055
160	0.0688933422400356
160	0.0692005242463958
160	0.0684901435658779
160	0.0693714985994398
160	0.0692009514580213
160	0.0683865325754263
160	0.0679340716839627
160	0.0687844464696437
160	0.0683270594414777
160	0.069657768355471
160	0.0686689658183088
160	0.0689115113547377
160	0.068706621851674
160	0.0692155570204351
160	0.0696480619480576
160	0.0689925178353924
160	0.0702247191011236
160	0.0689113061705751
160	0.0679125283150375
160	0.0692709908819844
160	0.0689278377551466
160	0.0688000704287349
160	0.0698497291630264
160	0.0683334777710373
160	0.0683197275941852
160	0.0687821462819283
160	0.0696437137499455
160	0.0701562431616263
160	0.0692650139664805
160	0.0681470472526992
160	0.0707576156614871
160	0.0689473914757545
160	0.0685422218339085
160	0.0698917663555497
160	0.0672641799569439
160	0.0686356623319374
160	0.0674811700823262
160	0.0686086121058608
160	0.0687374047139227
160	0.0688065414057063
160	0.0697159238988793
160	0.0700189589796622
160	0.0689520503362985
160	0.0675092612769667
160	0.0692682078915349
160	0.0698299791811242
160	0.0694396101635921
160	0.0683286762137618
160	0.0681262017129872
160	0.0684907480487591
160	0.068854034689152
160	0.0688725923308005
160	0.0694256683092757
160	0.0680522669472946
160	0.0683067259879613
161	0.0696489241223103
161	0.0676062541290465
161	0.068332528215713
161	0.0682275711159737
161	0.0677899856689973
161	0.0688447052640799
161	0.068940116127914
161	0.0690652526403436
161	0.0699951697185263
161	0.0688446559930766
161	0.0697401581645955
161	0.0687687953299133
161	0.0688719698958607
161	0.0695731232141311
161	0.0692481137802446
161	0.0683131201764057
161	0.0687255328403654
161	0.0680724472832269
161	0.0690923420464994
161	0.0693744569939183
161	0.0690910686085278
161	0.0685706764938142
161	0.0699679403864483
161	0.0688722067039106
161	0.0676894913481236
161	0.0688426267982094
161	0.0674324147268201
161	0.0692377771029456
161	0.0689488910318226
161	0.0681159420289855
161	0.0694541637508747
161	0.0695986520931438
161	0.0683712450078139
161	0.0686893309537283
161	0.0685075148549458
161	0.0686914070937918
161	0.0690233461317799
161	0.0701488004858791
161	0.0684652693573532
161	0.0686896791583341
161	0.0698786798278036
161	0.0695037295735782
161	0.0692827556136909
161	0.0687149136167805
161	0.0693052194953336
161	0.069656321234438
161	0.069040856456194
161	0.0689792487058095
161	0.0687192440012194
161	0.0690772194011557
161	0.0695441570798374
161	0.0690649997814399
161	0.0690298507462687
161	0.0691837625491052
161	0.0689685391289107
161	0.068107256900398
161	0.0692562348267491
161	0.0684394071490846
161	0.0691496288579242
161	0.0691632635328873
161	0.068620629674726
161	0.069341950133182
161	0.0685156423341469
161	0.0680346041820632
161	0.0690616155018506
161	0.0698995194408038
161	0.0685506802572291
161	0.0695203400121433
161	0.0684009380700078
161	0.0686966370447813
161	0.0694468832309043
161	0.0690208667736758
161	0.0684734223618748
161	0.0679889177184573
161	0.0685674304705265
161	0.069936421435059
161	0.0685684375817849
161	0.0689730485301184
161	0.0683322375630068
161	0.0674760885705551
161	0.0677206851119895
161	0.0684633775266247
161	0.0692887978022936
161	0.0693936225823314
161	0.0685721777894323
161	0.0685323931247245
161	0.0692687575810085
161	0.0694785814606742
161	0.0688828860230045
161	0.0691272253582284
161	0.0694542253521127
161	0.067671137432503
161	0.0686704695041685
161	0.0695320715036803
161	0.0687156203614773
161	0.068794668303591
161	0.0699340163222782
161	0.0689005694261936
161	0.0675575027382256
161	0.0690795274202081
162	0.0691982005821646
162	0.0693341478313989
162	0.069577317794399
162	0.069413943073677
162	0.0690879182719363
162	0.0686022722326209
162	0.0690147548786292
162	0.0690523755754365
162	0.067490535659893
162	0.0686540990793512
162	0.0693249934844931
162	0.0692061015773964
162	0.069095804742465
162	0.0691157885562383
162	0.0691846099541122
162	0.0688733729850875
162	0.0688494492044064
162	0.0698386320899112
162	0.0695992768906297
162	0.068953493440265
162	0.068113739960929
162	0.0693284620737648
162	0.0692811591687996
162	0.0693922168780061
162	0.0685860914191276
162	0.0692068769412485
162	0.0690544913845885
162	0.0692635052978982
162	0.0694299163179916
162	0.0685362337832525
162	0.0685069338116278
162	0.069532514103293
162	0.0695792176145511
162	0.0702526132404181
162	0.0682250259246457
162	0.068475169547145
162	0.0694432342946763
162	0.0688556084355761
162	0.0687494560960752
162	0.0682104531433288
162	0.0685694396101636
162	0.068917203029905
162	0.0686966046002191
162	0.0686193199179362
162	0.0690302580447976
162	0.0696134031776267
162	0.0690942233410008
162	0.0690806591500434
162	0.0693121002480094
162	0.0684955366862617
162	0.0691920297788483
162	0.0692782792726644
162	0.0693490918571304
162	0.0701465360270528
162	0.0687872072306957
162	0.0685026714738717
162	0.0685946041262564
162	0.0687445510026155
162	0.0685768780614678
162	0.0689952194323614
162	0.0683603981141959
162	0.069305204428559
162	0.0689909690864884
162	0.0693994032948502
162	0.0685662635044979
162	0.0690390220559447
162	0.0696545693047661
162	0.0697845461624989
162	0.068847420417124
162	0.0688904372060617
162	0.0693349592787771
162	0.0698115648311845
162	0.0688393168351342
162	0.0698712669585193
162	0.0693561035113706
162	0.067987198339244
162	0.0690388370579301
162	0.0689519650655022
162	0.0679417517930885
162	0.0683116883116883
162	0.0689923822714681
162	0.0691374078890334
162	0.0681808293086194
162	0.0690862921938619
162	0.069089003406411
162	0.0691812891086509
162	0.070289760632521
162	0.0692320981255938
162	0.0691415714780201
162	0.0690689385377728
162	0.0686749617987339
162	0.0689372001555949
162	0.0684226727056858
162	0.0693741620172138
162	0.0697145854276848
162	0.0688131589308369
162	0.0681947173106309
162	0.0695493618129721
162	0.0694717525232665
162	0.0685139412861541
163	0.0685696826851731
163	0.0696955177070175
163	0.0697013424286152
163	0.069644634895901
163	0.0693918418875974
163	0.0690461751710994
163	0.0694878472222222
163	0.0684050412863972
163	0.0687800858666898
163	0.0686147745883976
163	0.0697967886514947
163	0.0692348192348192
163	0.0693559497158602
163	0.0697162109628094
163	0.0692512319567398
163	0.0693953247649444
163	0.0692388085699356
163	0.0692406011723743
163	0.0685250219490781
163	0.0685561591028561
163	0.0684676090538548
163	0.0690866510538642
163	0.0696694609738088
163	0.0689820255037646
163	0.0691307914849519
163	0.069445649345016
163	0.068863319386332
163	0.0688344040907303
163	0.069268804970901
163	0.069192181283515
163	0.0683538732394366
163	0.0698684267662513
163	0.0687846740638003
163	0.067863926782939
163	0.0688845401174168
163	0.0679255179648571
163	0.0688965247270671
163	0.0692909960852545
163	0.069185667752443
163	0.069373206989481
163	0.0688969571230982
163	0.0681402040282501
163	0.0694390632399156
163	0.068658144186451
163	0.0688028913963329
163	0.0684544506258693
163	0.0691076309053837
163	0.0702484714452973
163	0.068983652539773
163	0.0691143766624515
163	0.0699300699300699
163	0.0680927857740217
163	0.0687401298473416
163	0.0690834173497567
163	0.0680162296583919
163	0.0688347356031213
163	0.069108711806618
163	0.0692909960852545
163	0.0693760083722147
163	0.0701204924094132
163	0.0685332401502577
163	0.0697906714149223
163	0.0681620209059233
163	0.0688530294463051
163	0.0688860880525012
163	0.0696545446664644
163	0.0691344111655325
163	0.0690715399272475
163	0.069357145953444
163	0.0691377157863016
163	0.0697937024972856
163	0.0681601525262154
163	0.0690618588204479
163	0.0686749617987339
163	0.0689475738259399
163	0.0685963003264418
163	0.0689278377551466
163	0.0687151332683964
163	0.0693476472879962
163	0.0683175655055151
163	0.0691897515931851
163	0.068688011136245
163	0.0683937368050669
163	0.0697724810400867
163	0.06924182380351
163	0.0691661279896574
163	0.0680017605633803
163	0.0686223606784354
163	0.0687389217932644
163	0.0687592770453156
163	0.0691028749567025
163	0.0692957746478873
163	0.0690343869399097
163	0.0696861102715772
163	0.0694673733599791
163	0.0694117647058824
163	0.069237165740295
163	0.0684836083416779
163	0.0693939393939394
163	0.0691556327327979
164	0.0690439728724568
164	0.0699817438928975
164	0.0689372001555949
164	0.069690026371536
164	0.069241761572771
164	0.0700667510143537
164	0.0690090560780216
164	0.0680989583333333
164	0.0685163475315879
164	0.0695832792418538
164	0.0687082842559874
164	0.069496067075806
164	0.067639199193937
164	0.0689731353835277
164	0.0696016590339583
164	0.068959535065273
164	0.0693573667711599
164	0.0691051600261267
164	0.0703648872245929
164	0.0682525951557093
164	0.0685744198220206
164	0.0694161059257651
164	0.0697624283188893
164	0.0686495874945723
164	0.069673378854434
164	0.0686363440024189
164	0.0677273517649104
164	0.0689251322980828
164	0.0692978630614915
164	0.0685515104570101
164	0.0687519219786496
164	0.0697554254219773
164	0.069332753749185
164	0.069149634557311
164	0.0688441992789819
164	0.0687925318443553
164	0.0688145000433614
164	0.0684058719703819
164	0.0701815038893691
164	0.0702136938508504
164	0.0680153470526683
164	0.0696318217425363
164	0.0692616407025417
164	0.068926405793308
164	0.0692961429505339
164	0.0685237012419101
164	0.069635346659151
164	0.0689505825284768
164	0.0691466460001722
164	0.0693224319387666
164	0.0687717770034843
164	0.0694141273028901
164	0.06874268118142
164	0.0699847194935604
164	0.0690910667071215
164	0.0688518827716508
164	0.0688413655489524
164	0.0692837644611985
164	0.0695427922021156
164	0.0688397933938105
164	0.0696835332985568
164	0.068878219118289
164	0.0683410960692987
164	0.0680212401808048
164	0.0693395817061529
164	0.0691723483213947
164	0.0697451535613156
164	0.068359375
164	0.0683484636871508
164	0.068777724098555
164	0.069111363041772
164	0.0687594717471314
164	0.0692380787836904
164	0.0702509896037235
164	0.0689805149617258
164	0.067815940693951
164	0.0689954814042405
164	0.068988144713242
164	0.0682788671023965
164	0.0691701316701317
164	0.0687971399921524
164	0.068995519206508
164	0.0683897827312546
164	0.0695191806977955
164	0.0695106106539628
164	0.0689069777564968
164	0.0695561899818323
164	0.0691254320339502
164	0.0686760612386917
164	0.0688305405286537
164	0.0690222568632545
164	0.0702524221227788
164	0.0694894039449264
164	0.0678076538812389
164	0.0690462766188142
164	0.069653241438725
164	0.0694511685225122
164	0.0693095072866065
164	0.0697594205397948
164	0.069533674227525
165	0.0688878298167324
165	0.0694677871148459
165	0.0690640010385564
165	0.0702104577999566
165	0.0694120694120694
165	0.0688962626615438
165	0.0695584550246263
165	0.0688185140073082
165	0.0680630552168612
165	0.0692459016393443
165	0.0692480165574336
165	0.0694788005034067
165	0.0691290350648221
165	0.069484580547768
165	0.0696835332985568
165	0.069005797352254
165	0.0690524851067531
165	0.0690205207794447
165	0.068809926677947
165	0.0690819374107259
165	0.0688688602354565
165	0.0697122643544282
165	0.068861357965241
165	0.0697795521610831
165	0.0683911508995438
165	0.068610857961203
165	0.0693381749016556
165	0.070048729550992
165	0.0683775554588952
165	0.0695198783402129
165	0.0687991655439176
165	0.0684358144552319
165	0.0697764736342453
165	0.0690743944636678
165	0.0687121866897148
165	0.0682771273807444
165	0.0689926204095891
165	0.0693833079102201
165	0.0686070686070686
165	0.0697443427189497
165	0.0690926439972241
165	0.0683861394780483
165	0.0693634124205886
165	0.0699484092863285
165	0.0690260184868196
165	0.0684853527170819
165	0.069680341433673
165	0.068194618950652
165	0.0674565008306374
165	0.069727816855258
165	0.0682756840474961
165	0.0696960525746898
165	0.0692287784679089
165	0.0676995182918891
165	0.068046314698004
165	0.0680188844203532
165	0.0696375211121216
165	0.0695847362514029
165	0.0689759819647967
165	0.0688935281837161
165	0.0699246165843514
165	0.0698819326449702
165	0.0692447600900745
165	0.0694420600858369
165	0.0689940725244073
165	0.070412764481443
165	0.0691572545612511
165	0.0691092203507553
165	0.0697765241917987
165	0.0704456945045435
165	0.0688402663668598
165	0.0682036084720648
165	0.0691498609179416
165	0.0690076335877863
165	0.0693840264485819
165	0.0688732576705649
165	0.0680972191810817
165	0.0690313897451483
165	0.0692996496085132
165	0.0683749509739835
165	0.0689549494330371
165	0.0685157812364142
165	0.0697352483128569
165	0.0692351127133736
165	0.0689444783404515
165	0.0693082197725892
165	0.0692996812817641
165	0.0692334404028127
165	0.0685583286474328
165	0.0695238095238095
165	0.0699744997190647
165	0.0693416439423452
165	0.0685343325200418
165	0.0699773282176491
165	0.0691856452726018
165	0.0692651979316039
165	0.0681126662609754
165	0.0690923249978368
165	0.0692842641786532
165	0.0689267491135518
166	0.0698808701657459
166	0.0695259201320993
166	0.0682722241438948
166	0.0691832057767977
166	0.0700711558486637
166	0.0701332187365707
166	0.0691750206136354
166	0.0682364247957713
166	0.0694829979181124
166	0.0688168333908244
166	0.0686801282606812
166	0.0697724716670992
166	0.0687655343827672
166	0.0693180833549952
166	0.0695779626675863
166	0.068974436349528
166	0.0694214876033058
166	0.0688210135222707
166	0.0693484272381611
166	0.0683909800671697
166	0.069845505013556
166	0.0691300731141369
166	0.0698959547554289
166	0.0692002757669769
166	0.0683790501940604
166	0.0692601266371758
166	0.0694695211073854
166	0.0678241758241758
166	0.0678188007331762
166	0.0689146378509743
166	0.0690249472187513
166	0.069695652173913
166	0.0695071155848664
166	0.0693189715079917
166	0.0685239660840976
166	0.0687374923866702
166	0.0698007553066806
166	0.0694229778464709
166	0.0689655172413793
166	0.067821567778259
166	0.0694432418391203
166	0.0693930262591477
166	0.0694438442591072
166	0.0695606921375602
166	0.0688913735271351
166	0.0690825249053813
166	0.0686590572449246
166	0.069722683929665
166	0.0690669897870867
166	0.0686265982430199
166	0.0698210943281243
166	0.069164140320485
166	0.0680575602501859
166	0.0687282229965157
166	0.0686077057793345
166	0.0690582570598187
166	0.0689759688244209
166	0.0697481920362464
166	0.0692038532981986
166	0.0684390857440257
166	0.0687592126940085
166	0.0683369330453564
166	0.0687717770034843
166	0.0687382708506088
166	0.0682074408117249
166	0.0682799215173316
166	0.0689535237598365
166	0.0685889411663142
166	0.0686427457098284
166	0.0687228496959166
166	0.0695580660520279
166	0.068945943585713
166	0.0691671358655637
166	0.0686712014210823
166	0.068646691962144
166	0.0686595451412819
166	0.0691470994475138
166	0.069616954746808
166	0.0689309382629927
166	0.0680525164113785
166	0.0683615078845062
166	0.0704200952793417
166	0.0696652449269743
166	0.0696404386386474
166	0.068107826539914
166	0.0685426616754873
166	0.0689715004554722
166	0.068643150833153
166	0.0690610125486802
166	0.068039352254919
166	0.0695816510609054
166	0.0695077979060776
166	0.0701723913326675
166	0.068442054129077
166	0.0693116019729788
166	0.0685317718499241
166	0.0687478529714875
166	0.068506759967172
166	0.0696804163619941
166	0.0687846873224665
167	0.0693604148660328
167	0.0687435188385759
167	0.0693271825224127
167	0.0686308194468304
167	0.069054700633648
167	0.0698568681905576
167	0.0690015682174595
167	0.0692834676203197
167	0.0689806101457522
167	0.0698351958951168
167	0.0689268461007592
167	0.0692013246742076
167	0.0695767308760091
167	0.0681610843216473
167	0.0688803155750141
167	0.0687212945872859
167	0.0688320723541177
167	0.069160410734317
167	0.0680847391810847
167	0.0694613909708907
167	0.069587852494577
167	0.0674591124029326
167	0.0695832792418538
167	0.0690191335895996
167	0.0701830297261044
167	0.0692284232997865
167	0.0687312165163988
167	0.06999271355707
167	0.0694680064378616
167	0.0687698787930886
167	0.0696142175986129
167	0.0685701925156825
167	0.0692704495210022
167	0.0699111962388995
167	0.0704409079050352
167	0.069304370312904
167	0.0694599467674079
167	0.0693950177935943
167	0.0701265279862749
167	0.0686197916666667
167	0.069389339313438
167	0.0694980694980695
167	0.069111363041772
167	0.0688290795251967
167	0.0685671941066213
167	0.0699774266365688
167	0.0698470470990944
167	0.0691244239631336
167	0.070067264573991
167	0.0672606568832984
167	0.0698386679320162
167	0.0681227249089964
167	0.0688322404134277
167	0.0689055915193118
167	0.0694337028443757
167	0.0685413005272408
167	0.0693443334780721
167	0.0690820837306059
167	0.0689595650110042
167	0.0688327420610885
167	0.0698774457105999
167	0.069297484822203
167	0.0686602144004167
167	0.0696407729218
167	0.0699385968732309
167	0.0680858473727744
167	0.0681254622177753
167	0.0686381255171813
167	0.069480714071664
167	0.0694498465793682
167	0.0692077533498114
167	0.068689404432133
167	0.0684149032844346
167	0.0698342252969586
167	0.0686113037447989
167	0.0692791860665632
167	0.0696028313016123
167	0.0694955618099156
167	0.069542291567619
167	0.0690567019247442
167	0.0699478515709176
167	0.0697071780253952
167	0.0686860807765644
167	0.0690478257095738
167	0.0694222720800794
167	0.0689284485724114
167	0.0691933240611961
167	0.0692099497357907
167	0.0700425934690014
167	0.0677479671261469
167	0.067821695977712
167	0.0692102546455609
167	0.0697184612078229
167	0.0699150724886334
167	0.0698378378378378
167	0.0692165223758453
167	0.0688986556359876
167	0.0691897011969345
167	0.0694853578236008
167	0.067962431515784
168	0.0692777609289026
168	0.0699574321709593
168	0.069473409801877
168	0.0691222299168975
168	0.0691552062868369
168	0.0691748095217597
168	0.0698639014906027
168	0.06876160055251
168	0.069172539806839
168	0.0696027633851468
168	0.0690003513703443
168	0.0686838124054463
168	0.0686979395002192
168	0.069393560622387
168	0.0687974465148378
168	0.0687148420597144
168	0.0685222058696217
168	0.0710514928602337
168	0.0689431035229883
168	0.069001477361606
168	0.0684842723816108
168	0.0690189996122528
168	0.0690923249978368
168	0.0686685993682662
168	0.0693804848379529
168	0.0693611698227149
168	0.0694288913773796
168	0.0694432418391203
168	0.0693052269305227
168	0.0695488721804511
168	0.0681729645500584
168	0.0693300979287633
168	0.0694492703266157
168	0.0691999827860739
168	0.0678636640292149
168	0.0698444081492306
168	0.0687128798716782
168	0.0698838865627833
168	0.0692937695639124
168	0.0674894615618617
168	0.0693569270608546
168	0.0689173254138097
168	0.0701370098355023
168	0.0689954814042405
168	0.0697182794771129
168	0.0680233816843473
168	0.0687518822871402
168	0.0696765324971004
168	0.0695259201320993
168	0.0692768469485198
168	0.0695256660168941
168	0.0689670008174504
168	0.0689625260235947
168	0.0692327903310562
168	0.0697424431354001
168	0.0696513092188111
168	0.0694882314834809
168	0.0699987085109131
168	0.0690654326860701
168	0.0703500343170899
168	0.0692380787836904
168	0.0692029609227061
168	0.0695330001723247
168	0.0698699390744502
168	0.068601356572508
168	0.0691786112780019
168	0.0698164309359013
168	0.0682195612271655
168	0.0689849054971671
168	0.0698931707106094
168	0.0695574009074566
168	0.0691466273113986
168	0.0693534482758621
168	0.0694605630775844
168	0.0686503811503811
168	0.0694360480179636
168	0.0682114032803957
168	0.0693476472879962
168	0.0699064449064449
168	0.068403209887139
168	0.0687006429896863
168	0.069488095750635
168	0.0693886368546122
168	0.0686794092093831
168	0.0687432403201384
168	0.0692446817672896
168	0.0699119627136199
168	0.0691620256443466
168	0.0685466377440347
168	0.0688582660158106
168	0.0690714069460664
168	0.0693582223744488
168	0.0682998614958449
168	0.0680446393677537
168	0.0689699848844742
168	0.0689311554958624
168	0.0692115897171352
168	0.0702749512881576
168	0.0694300518134715
168	0.0688719472800103
169	0.070112919153321
169	0.069603675554983
169	0.0695164075993092
169	0.0678711362646931
169	0.0693203121593931
169	0.0693861660250032
169	0.0688762299326774
169	0.0688173890631041
169	0.0691769582865532
169	0.070048931238733
169	0.0698773245480949
169	0.069610165841051
169	0.068767040290821
169	0.069421059448258
169	0.0700576641707548
169	0.0692424571304537
169	0.0696153515188022
169	0.0702758531652106
169	0.0700219761278924
169	0.0691706469821971
169	0.0703668700060143
169	0.069160410734317
169	0.06880174291939
169	0.069001386962552
169	0.0683668633955111
169	0.0701514244161177
169	0.0693639117265253
169	0.0689178685551429
169	0.0694492254733219
169	0.0697333218261845
169	0.0700474751834268
169	0.0691821155943293
169	0.0700073373904787
169	0.0691981662485944
169	0.0691965250464624
169	0.0691726074746166
169	0.0691420703898115
169	0.068809926677947
169	0.0682796624763217
169	0.0695055656225731
169	0.0686401800398165
169	0.0692855601122383
169	0.0693405554122603
169	0.0695595573877197
169	0.0698240278079513
169	0.0686206597973851
169	0.0681729813798764
169	0.0699069906990699
169	0.0691620256443466
169	0.0694749536977215
169	0.0691477932012549
169	0.0694998926808328
169	0.0683830835025271
169	0.0688531711555169
169	0.0694912326163946
169	0.0697242956379169
169	0.0699726194097962
169	0.068901384083045
169	0.0693261874918961
169	0.0695328397627397
169	0.0685588387765682
169	0.0696879193178375
169	0.0688741146308608
169	0.0694246929541047
169	0.068639663244706
169	0.069029769900767
169	0.0692277942503545
169	0.0691813042164775
169	0.0698125404007757
169	0.0687567103285377
169	0.069505376344086
169	0.0688942473303479
169	0.0692854665279223
169	0.0695913978494624
169	0.0703689286795554
169	0.0704591770368122
169	0.0688560243584167
169	0.0690905950427498
169	0.068886188037156
169	0.0684504481101442
169	0.0696276434718678
169	0.0679788433191711
169	0.0699384919781496
169	0.0701815490443641
169	0.0699710970191105
169	0.0699819788895563
169	0.0691128858191237
169	0.068869078832372
169	0.0691236266112986
169	0.0690029529268716
169	0.0695327263356812
169	0.0689104638619202
169	0.0697199913175602
169	0.0684571280769065
169	0.0694275802254987
169	0.0682604184679232
169	0.0685684375817849
169	0.0692437849798256
169	0.0707512448581944
169	0.0695464362850972
170	0.0697714383914762
170	0.0695670810115731
170	0.068987917370404
170	0.0697442997447324
170	0.0689101869118349
170	0.0686393088552916
170	0.0693485439807865
170	0.0681520314547838
170	0.0695663341752644
170	0.0697915765804722
170	0.0691588785046729
170	0.0684871559231544
170	0.0689803281505025
170	0.0688839170467258
170	0.0694450424075429
170	0.0693350548741123
170	0.069618346886967
170	0.0696093615556703
170	0.0688955120729126
170	0.0693013591896805
170	0.068364959708864
170	0.0691840165524376
170	0.0700614878323374
170	0.0695205627238597
170	0.0698205968604451
170	0.0686486955014302
170	0.0676303338108261
170	0.0687022900763359
170	0.0695140930312986
170	0.0692314283266215
170	0.0690115377992079
170	0.0700081604604218
170	0.0700656061060846
170	0.0691913316961785
170	0.0694087403598972
170	0.0688480772546991
170	0.0697704747000522
170	0.0694575370640158
170	0.0699551182461592
170	0.0698885710626307
170	0.0692284365117186
170	0.0696689761354888
170	0.0694737749428953
170	0.0688273068137741
170	0.0697624468405
170	0.0698426384996767
170	0.0697813973424775
170	0.0697394961589631
170	0.0691366475571147
170	0.0692301060436245
170	0.0684060513045385
170	0.0698982439568932
170	0.0693976320110621
170	0.0697714310219135
170	0.0679396285503023
170	0.0694974003466205
170	0.0694533762057878
170	0.0687880607256197
170	0.0697553807589247
170	0.0691571871768356
170	0.0689429618001047
170	0.0695357127517932
170	0.0685267185417652
170	0.0703647744442046
170	0.0698156383575839
170	0.0685914336344383
170	0.0686634154762419
170	0.0700051759834368
170	0.0690805145307289
170	0.0687160940325497
170	0.0696474634565778
170	0.0692148760330579
170	0.070271908555594
170	0.0700980602063975
170	0.0692218450565033
170	0.068569695919605
170	0.0692370583932183
170	0.069405646998152
170	0.0690562456866805
170	0.0691083214701695
170	0.0681434690433955
170	0.0694540727902946
170	0.0693235674278328
170	0.069399682007649
170	0.0692078823681601
170	0.0693739424703892
170	0.0699878808864266
170	0.06908403505757
170	0.0696314137026365
170	0.0690311418685121
170	0.0699252344526557
170	0.0695325650653891
170	0.0686673008734757
170	0.0699237817932688
170	0.0673225640144355
170	0.0688441992789819
170	0.069629308476046
170	0.069359162847012
170	0.068008658008658
170	0.0688233019719036
171	0.0687816928877909
171	0.0696115503609488
171	0.0689255346560165
171	0.0693380390806577
171	0.069139389795744
171	0.0700636942675159
171	0.0698431742222984
171	0.0690159631685384
171	0.0690813557862096
171	0.0696354883081155
171	0.0698022768124626
171	0.0685906391896612
171	0.0699544242841173
171	0.0681581685744017
171	0.069751321375964
171	0.069355737494106
171	0.0698446937014668
171	0.0690090011740662
171	0.0692638829100301
171	0.068254990341275
171	0.0693132772103756
171	0.0697704410626773
171	0.0705681332763776
171	0.0684659825817022
171	0.0676014887907903
171	0.0684074233923176
171	0.0692875760208514
171	0.0695443645083933
171	0.0694726824414933
171	0.069919820674196
171	0.0700461226777016
171	0.0684907933230081
171	0.0685375527786071
171	0.069761433123762
171	0.0686274509803922
171	0.0686943297849229
171	0.0692907983877884
171	0.0699306684926817
171	0.0691704711861487
171	0.0681102532027779
171	0.0689209005434314
171	0.0687928876613008
171	0.0693912669391267
171	0.06861004028241
171	0.0695569729357007
171	0.0692117906765355
171	0.0685249709639954
171	0.0686147186147186
171	0.0686924335026255
171	0.0689685049603604
171	0.069180776466564
171	0.069026244577123
171	0.067403459723921
171	0.0703138325089545
171	0.0697148224043716
171	0.069611034955449
171	0.0691202485222419
171	0.0699901240929194
171	0.0698493109517881
171	0.0697674418604651
171	0.0691691087743492
171	0.0697925669835782
171	0.069095804742465
171	0.0692941227200207
171	0.0694809390480293
171	0.069792473951606
171	0.068972926514826
171	0.0690943444840469
171	0.0698388002938761
171	0.0687716262975779
171	0.0698684323673575
171	0.0692497938994229
171	0.0698490097951153
171	0.0706626222924766
171	0.0687767322497861
171	0.0692946413285396
171	0.06947740905364
171	0.0688679245283019
171	0.0697454012837634
171	0.0698630136986301
171	0.0693327630453379
171	0.0691509961702311
171	0.069366633879314
171	0.0702753629394887
171	0.0702243575994166
171	0.0693521952902614
171	0.0693691740732712
171	0.0701633409472913
171	0.0690085131997592
171	0.0687548403751829
171	0.0700145685148685
171	0.0690967267695767
171	0.0686621236953334
171	0.0696517412935323
171	0.0688243406309257
171	0.0686051012946793
171	0.0689953311430054
171	0.0695347023654796
171	0.0704479148790115
171	0.0685778044803021
172	0.0692631398144967
172	0.068275506698729
172	0.0699073673275041
172	0.0692330904858387
172	0.0697324917342952
172	0.0692108667529107
172	0.0699705970085652
172	0.0689714556335299
172	0.0693052194953336
172	0.0687006429896863
172	0.070279315227185
172	0.0692120018833198
172	0.0691537370524778
172	0.0701229928254185
172	0.0695038494439692
172	0.0695164260932882
172	0.0695279712715788
172	0.0693241655424518
172	0.0695801937567277
172	0.0697172458450248
172	0.0693970911915757
172	0.0683388015886721
172	0.0694318427306114
172	0.0697082182320442
172	0.0696530184400804
172	0.0682122350300047
172	0.0692393067531802
172	0.0696356275303644
172	0.0698851552530838
172	0.070449928685655
172	0.0692847607974852
172	0.069709472236548
172	0.068675995694295
172	0.0696140170500792
172	0.0684385957317865
172	0.0690837404645582
172	0.0684559710494572
172	0.069226469450058
172	0.0696496049467537
172	0.0688560243584167
172	0.0695083659512237
172	0.0694844562927291
172	0.0702438606265804
172	0.0700315185009283
172	0.0695902909278705
172	0.0687016299883263
172	0.0691611450348621
172	0.0699240701814594
172	0.0690474134208481
172	0.0689581187778922
172	0.0691301729329777
172	0.069685664050774
172	0.0694504356828574
172	0.0699415003441156
172	0.0689847606782571
172	0.0695189460584474
172	0.0698753760206274
172	0.0701064420980635
172	0.0696446961894954
172	0.069671603348358
172	0.0693629236108136
172	0.0693257359924027
172	0.0702101147252181
172	0.0696955382831623
172	0.0702497007012143
172	0.0692071086807929
172	0.0690320919855844
172	0.0695509072798926
172	0.0685160571110063
172	0.0704127944672574
172	0.0696793630299118
172	0.0692569752900082
172	0.0692751763951251
172	0.0689640337291344
172	0.0694937256598875
172	0.0686640092580687
172	0.068784435261708
172	0.0681837735524391
172	0.0695104715405371
172	0.0692244968027123
172	0.0702329594477998
172	0.0690264723635423
172	0.0692013246742076
172	0.0691995159059474
172	0.0698133447757992
172	0.0688365293662396
172	0.0695756742827693
172	0.0692707661896781
172	0.0696641807130232
172	0.0689211778320689
172	0.0690729680602441
172	0.0681503889369058
172	0.0684224115672605
172	0.0698929373165256
172	0.0694985654947972
172	0.0696994453282883
172	0.0688867826986042
172	0.069685664050774
172	0.0694307619822675
172	0.0691886295992753
173	0.0691592824724444
173	0.0701282051282051
173	0.0700333492139114
173	0.0694492254733219
173	0.0697534833869239
173	0.0694134796775853
173	0.0692988133764833
173	0.068853021978022
173	0.0695562789103992
173	0.0681759267260002
173	0.0693052194953336
173	0.0696297567463212
173	0.0695858498705781
173	0.0698887938408897
173	0.0696562032884903
173	0.0682703123648006
173	0.0682596816861095
173	0.0687157064471879
173	0.0693294435625724
173	0.069023496443199
173	0.0694670202754727
173	0.0697614442295293
173	0.0696668664896806
173	0.0695815702867889
173	0.0688213747037277
173	0.0692029609227061
173	0.0699773300825527
173	0.0686815555747176
173	0.0691535027472528
173	0.0689861770873454
173	0.0696327441221898
173	0.0699082960119428
173	0.0694222029863666
173	0.0689328743545611
173	0.0681798530047557
173	0.0695304437564499
173	0.0696377644404716
173	0.0695607368285457
173	0.0688689809630459
173	0.069635099913119
173	0.0698862416827645
173	0.0693410235440968
173	0.0683996890923223
173	0.0685402432211766
173	0.069609944277754
173	0.0698299015219337
173	0.0698786946864856
173	0.0693090565551595
173	0.0689832469257466
173	0.0705602312335289
173	0.069515742642026
173	0.0698063078505314
173	0.0698807539428132
173	0.0698480633426065
173	0.069029289062836
173	0.0681769240708041
173	0.069909336999957
173	0.0698828158412454
173	0.0687019622997982
173	0.0695283382598638
173	0.0696175147109727
173	0.0680067145870099
173	0.0686418051847386
173	0.0691335662224522
173	0.0697034808766652
173	0.0695073008282811
173	0.0695522388059702
173	0.0696052688218329
173	0.0681437588561123
173	0.0690725155147496
173	0.0689684974720194
173	0.0692992975843755
173	0.0695704519069527
173	0.069057333047026
173	0.0692297756920825
173	0.0706027899833625
173	0.0690987124463519
173	0.0697834307322104
173	0.0688102893890675
173	0.0685020033604756
173	0.0698261837486086
173	0.0696555870480117
173	0.0689920821741922
173	0.0694384727835583
173	0.0701454964372573
173	0.0692934203232271
173	0.0697107155083875
173	0.0688290458573518
173	0.0704873992580274
173	0.0703231874145007
173	0.0699450738070718
173	0.070390436876505
173	0.0698180886497566
173	0.0694695211073854
173	0.0693726301275422
173	0.0692824626056796
173	0.0690995465342259
173	0.0700227262981862
173	0.0697575499787325
173	0.0690457719162141
174	0.0696226982014852
174	0.0689937866758716
174	0.0698991632696846
174	0.0702564988340962
174	0.0701935040974814
174	0.069002765295541
174	0.0694408322496749
174	0.0696409602719354
174	0.0701203783319003
174	0.0688063500280402
174	0.0693365212193664
174	0.068568739840876
174	0.0700227262981862
174	0.0689640355777081
174	0.0691295589936999
174	0.0706130713885658
174	0.0695008767802917
174	0.0693958630219804
174	0.069403209844671
174	0.0693136795467132
174	0.0695822509900779
174	0.0682983582539751
174	0.0691120839886088
174	0.0688358828104745
174	0.0691279767003598
174	0.0696112617848379
174	0.0699306648517589
174	0.0682364041859667
174	0.0695477472856288
174	0.0694426594696483
174	0.0694790146768518
174	0.0694026643747314
174	0.0700776257666081
174	0.0695439529795358
174	0.0698172167287359
174	0.0702176059058329
174	0.069588290678764
174	0.0693611919849289
174	0.0690457719162141
174	0.0698819733378619
174	0.0693910667008284
174	0.068632065380172
174	0.069811159531744
174	0.0693803630718813
174	0.0690635091496233
174	0.0697165887750289
174	0.0694074137782747
174	0.0692165223758453
174	0.0696362159620399
174	0.0704279821244414
174	0.0693296993441785
174	0.0698650674662669
174	0.0689058171745152
174	0.0697001123498401
174	0.0694974077723981
174	0.0697366736374888
174	0.0689063371519286
174	0.0697495183044316
174	0.0703502671529132
174	0.0695235629207664
174	0.0690924657534247
174	0.0692874272010963
174	0.0687896451225784
174	0.0692859612724758
174	0.0689416846652268
174	0.0695308811536976
174	0.0693248363761626
174	0.0692933618843683
174	0.069748649683154
174	0.0695324541873608
174	0.0685227616618391
174	0.068527809940392
174	0.0698460222412318
174	0.068733095779848
174	0.068881477680862
174	0.0695327263356812
174	0.06910359080341
174	0.0697793740379682
174	0.0705650347251993
174	0.0691055154839546
174	0.0693629143646409
174	0.0697754452378904
174	0.0694246929541047
174	0.0683168316831683
174	0.0694174966584745
174	0.0697213728952241
174	0.0695281556741863
174	0.0692780140016321
174	0.0692449513355915
174	0.0701709291864799
174	0.0693217227984804
174	0.067939819804285
174	0.0688472585416041
174	0.069801426974985
174	0.0693931851343232
174	0.0701972555746141
174	0.0698224343264973
174	0.0692745131828365
174	0.0692593874372729
174	0.0696423191150519
175	0.069587518700577
175	0.0695191732855069
175	0.0695811496016021
175	0.0699041533546326
175	0.0691985287828244
175	0.0692337444668873
175	0.0697873067395575
175	0.0696060684423757
175	0.0704588417253824
175	0.0699679829242262
175	0.069987631679959
175	0.0695280802904121
175	0.0690437462546015
175	0.0687502690602264
175	0.0693861826898382
175	0.0688379296992643
175	0.0687273502451503
175	0.0698830284073868
175	0.0695467544847907
175	0.0686354817848674
175	0.0698150200323928
175	0.0699583227013694
175	0.0690499720706398
175	0.0693656413975513
175	0.0698540427171168
175	0.0697294274530047
175	0.0693945613134941
175	0.0696383587378848
175	0.0685100762643262
175	0.0702890470880865
175	0.0693325289783255
175	0.0690201790840153
175	0.0695033637571239
175	0.0693261037955074
175	0.0689374115224572
175	0.0694040075355369
175	0.0697604533356229
175	0.070060396893874
175	0.0696528075439349
175	0.0690909090909091
175	0.0697903716723111
175	0.0696670513313673
175	0.0695859804715815
175	0.0688059637547663
175	0.0699345566534069
175	0.0697983128505974
175	0.0693179866002405
175	0.0687196667096165
175	0.0695945361805135
175	0.0689151450053706
175	0.069327731092437
175	0.0696977480948711
175	0.0699727102166127
175	0.0697435458320846
175	0.0691349510796948
175	0.0699768458965783
175	0.0674817674817675
175	0.0694598515231675
175	0.0686581236874813
175	0.0699330518954416
175	0.0696592426657476
175	0.0700585244991243
175	0.069991102825912
175	0.0692894385314776
175	0.0689403062102185
175	0.0696060684423757
175	0.069484729568333
175	0.0692098328077073
175	0.069991026791437
175	0.0688231245698555
175	0.0697000681663258
175	0.0694043048785748
175	0.0696415633124494
175	0.0694545610351772
175	0.069331053643941
175	0.069621066152858
175	0.0698132602364228
175	0.0694965870307167
175	0.0696081830790569
175	0.0693086219413247
175	0.0693851409052092
175	0.0684514885414436
175	0.0693752395553852
175	0.0689477966682369
175	0.0700818972871524
175	0.0700503713822249
175	0.0698940868744908
175	0.0694545923410839
175	0.0695689287238583
175	0.0693379044353975
175	0.0687454176909475
175	0.067921123856167
175	0.0702663355313865
175	0.0687709930238567
175	0.069685964537492
175	0.0692390139335477
175	0.0689906838964496
175	0.0696652449269743
175	0.0686114452655095
175	0.0690391763147776
176	0.0696504578872694
176	0.0691893738788759
176	0.0694379040198639
176	0.0687984911483561
176	0.0699901240929194
176	0.0697257878800802
176	0.0693142042262651
176	0.0700555318240068
176	0.0701275434031481
176	0.0687848862172606
176	0.0697963558413719
176	0.0696804894629504
176	0.0693629143646409
176	0.0693183271518097
176	0.0696664947567475
176	0.0697903294822422
176	0.0697992895964394
176	0.0695120909168589
176	0.0694982356485068
176	0.069912983839856
176	0.0696619597774925
176	0.0701882575431961
176	0.0698498037207715
176	0.0697694314924926
176	0.0700617813626223
176	0.0695403769079901
176	0.0702700370977482
176	0.0695890645755667
176	0.0702551258649234
176	0.0693184261449151
176	0.068561872909699
176	0.0690307328605201
176	0.0687860038404096
176	0.0700336127302898
176	0.069884449750565
176	0.0701192154851942
176	0.0700707527065041
176	0.0695961283138464
176	0.0691799622576771
176	0.0682970858763861
176	0.068972972972973
176	0.0699270882189912
176	0.0697674418604651
176	0.070131309686221
176	0.0697884416924665
176	0.0698230920434151
176	0.0691473399922836
176	0.0692521962716949
176	0.0694864048338369
176	0.0700330628193568
176	0.069892242304555
176	0.0694735940377779
176	0.0698660045378655
176	0.0694796545352984
176	0.0694568499851134
176	0.0701319779609619
176	0.0698940741055856
176	0.0697972799589428
176	0.0693137381290018
176	0.0695391211146838
176	0.0698617275520655
176	0.0689183411714408
176	0.0697873799725652
176	0.0692152745039215
176	0.0698239481648834
176	0.0702181243863918
176	0.0695205479452055
176	0.0703354789206701
176	0.0691564713457824
176	0.0694521661035795
176	0.069323495345545
176	0.0687435188385759
176	0.0692166801550454
176	0.0696959344038264
176	0.0689580817664309
176	0.0700089373111461
176	0.0701521887824897
176	0.0696443059054614
176	0.0693589743589744
176	0.0700162629461611
176	0.0693611919849289
176	0.0697436334940067
176	0.0689375506893755
176	0.0691496177337377
176	0.0694337028443757
176	0.0692793063484569
176	0.0695918543446372
176	0.0695509781952943
176	0.0702838632682636
176	0.0701514244161177
176	0.0700086058519793
176	0.0685471640885654
176	0.069364902983161
176	0.0691390956416986
176	0.069515278789697
176	0.0693900391717963
176	0.0677085569533296
176	0.0699032436810025
176	0.0694545299218316
176	0.0698584123474637
177	0.0698242606086584
177	0.0702820699396482
177	0.0701724285836836
177	0.0696682868593843
177	0.0691569479709085
177	0.0695269432930217
177	0.0694313000086036
177	0.0704629075040644
177	0.0693069306930693
177	0.0694664666809514
177	0.0686627259487707
177	0.069587518700577
177	0.0697446391269131
177	0.0691402559477798
177	0.0692343944132642
177	0.0697814489760799
177	0.0696634000852152
177	0.0698468233988992
177	0.0685312888165503
177	0.0696309086984675
177	0.0691783737760749
177	0.069698275862069
177	0.0699237430528629
177	0.0698975234842015
177	0.069882100750268
177	0.0698678753153461
177	0.0698471157552139
177	0.0697235102181006
177	0.0698842356145727
177	0.0693086292674558
177	0.0686599268659927
177	0.0694031751422022
177	0.0691668442360963
177	0.068974326223017
177	0.070043427785183
177	0.0704676489429853
177	0.070033267934829
177	0.0701911207593751
177	0.0698112399948637
177	0.0688430600718809
177	0.0703781064836523
177	0.0701184317414169
177	0.0698790065803439
177	0.0693349331504971
177	0.0694756474926879
177	0.0685376914520407
177	0.0692150999003164
177	0.0697723888534354
177	0.0694178271794217
177	0.0703041221635997
177	0.0691861457089234
177	0.0700102266916652
177	0.0694731404958678
177	0.068569708954903
177	0.0693494991186207
177	0.0685986637729265
177	0.0690398207205654
177	0.0702098617983279
177	0.0695143459371102
177	0.0690629011553273
177	0.0690495532087734
177	0.0691985287828244
177	0.0693522839162635
177	0.0693849580263834
177	0.0696148237110749
177	0.0698641292700699
177	0.0693686006825939
177	0.0702991452991453
177	0.0698061651438818
177	0.0698292871236167
177	0.0685835995740149
177	0.070095449122209
177	0.0688272921108742
177	0.0696494071483409
177	0.0696621535044633
177	0.0692369888080344
177	0.0690211393157314
177	0.0692690887228378
177	0.0700531349628055
177	0.0688698176849836
177	0.0679520137103685
177	0.0681119836121543
177	0.0697395989224783
177	0.0686849655290541
177	0.0689002623543073
177	0.069910371318822
177	0.0695440573770492
177	0.0703461817560934
177	0.0692156695399846
177	0.069702442380461
177	0.0694403253823666
177	0.0700699419993176
177	0.0703708445354841
177	0.0700984361017599
177	0.0694367102163204
177	0.0690474134208481
177	0.0697181881051176
177	0.069172740058816
177	0.0698072805139186
177	0.069621066152858
178	0.0696521664814973
178	0.0693522839162635
178	0.0689066302352389
178	0.0695091212030589
178	0.0698755115961801
178	0.0692561843442901
178	0.0691155766030974
178	0.0697921536957538
178	0.0701881640141656
178	0.0687489244536224
178	0.0698061651438818
178	0.0696045776752925
178	0.0696413321947054
178	0.0700119169220293
178	0.0696180852885768
178	0.0686807308827934
178	0.0696521664814973
178	0.0698927029453255
178	0.069584976847882
178	0.0697267292912041
178	0.0698501070663812
178	0.0690528303506287
178	0.0699120737722496
178	0.0696513129573827
178	0.0698158051099228
178	0.0702000851426139
178	0.0694581070099654
178	0.0699378141238606
178	0.0696218811626511
178	0.0699906167363303
178	0.0700460436562074
178	0.0698468233988992
178	0.0697297066484478
178	0.0694053408412252
178	0.0698515335857404
178	0.0696999445132101
178	0.0700367489958123
178	0.0693639154160982
178	0.0688200451698129
178	0.0691541650638971
178	0.0694609760244856
178	0.0702813825003212
178	0.0692097627581499
178	0.0690128166659522
178	0.0697246922024624
178	0.0695191732855069
178	0.069762465225765
178	0.0702505889912187
178	0.069828722002635
178	0.0701402805611222
178	0.0696576653200085
178	0.0695826748109863
178	0.0689184578642102
178	0.0693527646806687
178	0.069466603423742
178	0.0697307888907821
178	0.0692668371696505
178	0.0698542024013722
178	0.0685220233998624
178	0.0687564499484004
178	0.0684832203317556
178	0.0698237417710767
178	0.0698074277854195
178	0.0699175178426428
178	0.0699669683840247
178	0.0699974312869252
178	0.0697326203208556
178	0.0690197746119498
178	0.0700311154682239
178	0.0678601875532822
178	0.068783522849174
178	0.0698439837572131
178	0.0687798785477411
178	0.0699452159510766
178	0.0700008615490652
178	0.0695052958441448
178	0.0703643793631875
178	0.0694503440659247
178	0.0689302166865723
178	0.0697634847711417
178	0.0700753544212184
178	0.0699543224496701
178	0.0681711531078026
178	0.0698984381667662
178	0.0699884915391501
178	0.0684878634531263
178	0.0699440108585002
178	0.068881268752679
178	0.069214038978208
178	0.069969225508634
178	0.069551710747724
178	0.0698278800272665
178	0.068868407578085
178	0.0692785270819953
178	0.0699723345392637
178	0.0692581322590323
178	0.0693031209918769
178	0.0702369749336983
178	0.0696420871065114
178	0.0698187683035525
179	0.0686739269698911
179	0.0697000681663258
179	0.0700300558179476
179	0.0698601102161933
179	0.069355527102006
179	0.0696218702095043
179	0.0694462153087679
179	0.0684692356823504
179	0.0700171086398631
179	0.0699790660913402
179	0.0698607908446494
179	0.06955855433996
179	0.0693111356493672
179	0.0695198597631365
179	0.0695629907818368
179	0.0687648200043113
179	0.0689315818749733
179	0.0695047038103011
179	0.0699574468085106
179	0.0693966067100395
179	0.0697110269396093
179	0.0690969842357779
179	0.0697299133684389
179	0.0693365212193664
179	0.0701925938523022
179	0.0692382937098626
179	0.0693162796686553
179	0.0702668089647812
179	0.0686612965093978
179	0.0700956429330499
179	0.0697485112034617
179	0.06939001533481
179	0.069459286172259
179	0.0693867164305709
179	0.0692521962716949
179	0.069784357350676
179	0.0696315879242708
179	0.0702332548683929
179	0.0689699296225208
179	0.0697136988060085
179	0.0697444281903451
179	0.0691706322229776
179	0.0690672710943848
179	0.0692386743170335
179	0.0699288639793059
179	0.0697931268850091
179	0.0696407287587264
179	0.06995709977488
179	0.0695278969957082
179	0.0694747656350327
179	0.0700054989213654
179	0.0704643857712879
179	0.0694900089472115
179	0.0698071343232634
179	0.0692774922482266
179	0.0696868583162218
179	0.068848516084697
179	0.0694515414750468
179	0.0684619679594554
179	0.0699077812247673
179	0.0695689105967297
179	0.0700150246834084
179	0.0697890687745699
179	0.0701859116493263
179	0.0696186332224213
179	0.0701224698077904
179	0.0694325756280978
179	0.0699297704693388
179	0.0702339706574276
179	0.0694758391265407
179	0.0700851063829787
179	0.0698473282442748
179	0.0695655873718249
179	0.0700085689802913
179	0.0698223328469659
179	0.0697448051123619
179	0.0699369246505285
179	0.0702670572750817
179	0.0691692883258226
179	0.0695781849169152
179	0.0697902038384612
179	0.0686513537790325
179	0.069991026791437
179	0.0689508042838247
179	0.0694598043385793
179	0.0702756074525629
179	0.0702488156715462
179	0.0695548150046996
179	0.0694928213405828
179	0.0696083461604241
179	0.0694812409195795
179	0.0691032468647999
179	0.0692988835179878
179	0.0697486152535151
179	0.0697833718640295
179	0.0698499894358758
179	0.0705078958600085
179	0.0691875540190147
179	0.0695095948827292
179	0.0702052611448727
180	0.0697375193000515
180	0.0697377926989928
180	0.069238630556975
180	0.0697624925512897
180	0.0702134898358425
180	0.0697131704005431
180	0.0697892271662763
180	0.070129759262421
180	0.0686487176215389
180	0.0690184049079755
180	0.0696511031298102
180	0.0694860172752929
180	0.0693804403481823
180	0.0694670900197374
180	0.0689066302352389
180	0.0686859153116822
180	0.0703254626675175
180	0.0698482665084343
180	0.0696634000852152
180	0.0695054827836327
180	0.070200025480953
180	0.0694468230861449
180	0.0696880467716468
180	0.0705731394354149
180	0.0692379182156134
180	0.0703597307378982
180	0.0695082525097839
180	0.0694663316154862
180	0.0693035400881812
180	0.0697734074390765
180	0.0693922840559918
180	0.0697250042437617
180	0.0698138015862917
180	0.0695655855703277
180	0.0697073645873036
180	0.0695087257441298
180	0.0702293989491221
180	0.0696621535044633
180	0.070153820005099
180	0.0692353746151215
180	0.0703751065643649
180	0.0697783661442542
180	0.0696483730377015
180	0.0697015245866438
180	0.0697445972495088
180	0.0695530251529572
180	0.069615941411905
180	0.0694367576312316
180	0.0693518043441081
180	0.0694527193803728
180	0.0696016055339681
180	0.0701275434031481
180	0.069205326096175
180	0.0695432342103008
180	0.0697366170685822
180	0.0688253913936179
180	0.0698559274934804
180	0.0698608703006724
180	0.0695485519591141
180	0.0695223816663097
180	0.0698219306466729
180	0.0688122408855836
180	0.0695693124411337
180	0.0689185739811112
180	0.0692778770094412
180	0.0698187683035525
180	0.0694064317482039
180	0.069399682007649
180	0.0699104908157638
180	0.0688932603489566
180	0.0699196031474512
180	0.0697190868199949
180	0.069410162567027
180	0.0693663935481103
180	0.0692723634350918
180	0.0700509770603229
180	0.0697007321145695
180	0.0697111299915038
180	0.0693506603813649
180	0.069912821603232
180	0.0694368044683282
180	0.0698081770410561
180	0.0699192578594743
180	0.0699276903445342
180	0.0692773654125075
180	0.0691283812795191
180	0.0702665871731539
180	0.0697103167880739
180	0.0691947166595654
180	0.0698701078189999
180	0.0702037351443124
180	0.0701694335101831
180	0.0691224454748411
180	0.069030409306702
180	0.0693318542537759
180	0.0694278903456496
180	0.0696186332224213
180	0.0702067909114118
180	0.0702656748140276
180	0.0697118463180363
181	0.0686553231213137
181	0.0699553476504359
181	0.0698897370653096
181	0.0703716302406667
181	0.0703893881044074
181	0.0694444444444444
181	0.0698913365185404
181	0.0700864897107068
181	0.0701301995265472
181	0.0701761798132578
181	0.0693912303107705
181	0.0692248852626211
181	0.0685871056241427
181	0.0693444647953316
181	0.0705802797853007
181	0.0701687116564417
181	0.0698738036757856
181	0.0694902902216316
181	0.0699032436810025
181	0.069735836235454
181	0.0700221616092738
181	0.070118205312884
181	0.0694414859625953
181	0.0697033898305085
181	0.0700435636798497
181	0.0697120496788737
181	0.0697278911564626
181	0.0696972274196292
181	0.0698338304218151
181	0.0699550046693268
181	0.0696038974793476
181	0.069794245709895
181	0.0704261509498545
181	0.0692475696972292
181	0.0693983490766743
181	0.0702661468045431
181	0.0697853416574019
181	0.0686951333844712
181	0.0692520775623269
181	0.0697408536585366
181	0.0685908173345359
181	0.0694183864915572
181	0.0691484809584938
181	0.0696668664896806
181	0.0698638247483718
181	0.0695418020174389
181	0.0697802663951811
181	0.0697634991947105
181	0.069603412594501
181	0.0695253070417747
181	0.0699250042611215
181	0.0701188455008489
181	0.0693120109462522
181	0.0697298447138907
181	0.0700080909594175
181	0.0682693130293438
181	0.0703730363721048
181	0.0697275262819138
181	0.0695360013609493
181	0.0692493741248356
181	0.0703422053231939
181	0.0693530467481412
181	0.0699191123533647
181	0.0703012303775986
181	0.0696511085675527
181	0.0702647222341017
181	0.0700461610130013
181	0.0693336763570877
181	0.0702335456475584
181	0.0699214604118022
181	0.0701769345555319
181	0.0700213219616205
181	0.0700675040587883
181	0.0701080227146578
181	0.0695434487440597
181	0.0699605915504894
181	0.0697813460881449
181	0.0691114245416079
181	0.0700239398084815
181	0.0698253311956797
181	0.069797170615306
181	0.0689581462955838
181	0.0696578656931828
181	0.0696583201808642
181	0.0698089171974522
181	0.0694219110238238
181	0.069681055463046
181	0.0696899820650781
181	0.0699982958418541
181	0.070154577883472
181	0.0694946231988779
181	0.0700165093341235
181	0.0689316239316239
181	0.0700148967865503
181	0.0700033961623366
181	0.0694171857667036
181	0.0694694437301791
181	0.06958806577386
181	0.0695413865456258
181	0.0704682231422596
182	0.0692307692307692
182	0.0700131539865066
182	0.0701576004067107
182	0.0697674418604651
182	0.0695340195617819
182	0.0702225633154259
182	0.0695348738244181
182	0.0694320736310811
182	0.0701664967720014
182	0.0701007461113687
182	0.0697988845698834
182	0.0691746018190358
182	0.0694237403637293
182	0.0701044108246324
182	0.069201650291353
182	0.0699036543440431
182	0.0692268392370572
182	0.0697664525460501
182	0.0700440155747418
182	0.0704744943391426
182	0.069593193074546
182	0.0701597444089457
182	0.0701813866757078
182	0.0698619696841392
182	0.0688087041523227
182	0.0697723440134907
182	0.0694037145650049
182	0.0695581712726032
182	0.0700178769047416
182	0.0698786007360095
182	0.0699707217719693
182	0.0705349899662696
182	0.0692179983823592
182	0.0696170428607659
182	0.0700081255613052
182	0.069321659299558
182	0.0698788993966366
182	0.0699758995391315
182	0.0701006310762408
182	0.0692824921269895
182	0.0699359979654982
182	0.0694657137995576
182	0.0701724359248641
182	0.0689640520098581
182	0.0696700290647974
182	0.0704662331590803
182	0.0697417601087326
182	0.0701493172246565
182	0.0700634231473205
182	0.0687462661090723
182	0.0702179176755448
182	0.0698995379593913
182	0.0696517412935323
182	0.0695048154777124
182	0.0693929712460064
182	0.0695385402019685
182	0.0700443913266177
182	0.0699595486480732
182	0.0697267292912041
182	0.0687345336632818
182	0.0692327343949587
182	0.069165130140217
182	0.0696019094706334
182	0.0695922363156551
182	0.0702677472737302
182	0.0702895777522643
182	0.0698680694014338
182	0.0700653044027807
182	0.0698377549716816
182	0.0696536464981704
182	0.0702038037697315
182	0.0691904335592787
182	0.0697266544039013
182	0.0697170532755544
182	0.0694983991462113
182	0.0690010298661174
182	0.0698210701627023
182	0.0695330441439143
182	0.0701083492670491
182	0.0697872340425532
182	0.0695526326991019
182	0.0700263448627518
182	0.0698339522772869
182	0.0697000681663258
182	0.0702631129335384
182	0.0695021626664405
182	0.0703354789206701
182	0.0696095076400679
182	0.0689610999615697
182	0.0700336127302898
182	0.069738745638669
182	0.0698745840798567
182	0.0697900384436652
182	0.069746760396375
182	0.0693810248604769
182	0.0703926723772369
182	0.0702363805812082
182	0.0695917847746754
182	0.0698538836195847
182	0.0692162092402994
183	0.0699525745257453
183	0.0702088088595824
183	0.069043072353066
183	0.0687412319857161
183	0.0698053340193808
183	0.0704654013611193
183	0.0702975760920321
183	0.0697635063671363
183	0.0699807979517815
183	0.0696511085675527
183	0.0696035990153637
183	0.069792063693728
183	0.0693136506320523
183	0.0692959192403114
183	0.0701063243953065
183	0.0704594446088169
183	0.0694627589433834
183	0.070225074954605
183	0.0700877155811687
183	0.0696756114130435
183	0.0698278800272665
183	0.0697762929758532
183	0.0696797695696374
183	0.0692819943652352
183	0.069856823077248
183	0.0698904097906273
183	0.0697095791686328
183	0.069653854321512
183	0.0696121789419969
183	0.0694509420320674
183	0.0685182814966509
183	0.0696610169491525
183	0.0703018995929444
183	0.0688438151124718
183	0.0704231323666582
183	0.0694178271794217
183	0.069743720515109
183	0.0690647482014388
183	0.0697507089346934
183	0.0702141191435234
183	0.0696001692405331
183	0.0698372437116889
183	0.0696167455343821
183	0.0699256379922258
183	0.0685971085767584
183	0.069799114742935
183	0.0696213278994736
183	0.070118205312884
183	0.0691826575330809
183	0.0695596951735817
183	0.0699306612548622
183	0.0705902292275751
183	0.0697179803479518
183	0.0702727888851237
183	0.0703620198238823
183	0.0699029952348536
183	0.0698654632152589
183	0.069332541769146
183	0.0706809610576719
183	0.0697080602604477
183	0.070339776888359
183	0.0693324180538871
183	0.0697713801862828
183	0.069573717540057
183	0.0698860737969733
183	0.0699445690348242
183	0.0689304336767137
183	0.0703125
183	0.06975155809784
183	0.0706835142469471
183	0.0698492036597763
183	0.0691060361660582
183	0.0694714587737844
183	0.0698187683035525
183	0.0701903828953533
183	0.0697436770842204
183	0.0694527448134551
183	0.0698708448020326
183	0.0706257982120051
183	0.0701606086221471
183	0.0687422803356191
183	0.0700818972871524
183	0.0697200152950673
183	0.0693391579939184
183	0.0696445315829853
183	0.0689362424654045
183	0.0699593702386998
183	0.0694444444444444
183	0.0697257113560626
183	0.0705098272275757
183	0.0697940989174273
183	0.0697694351589955
183	0.0691912108461898
183	0.0697446808510638
183	0.069515306122449
183	0.06990208599404
183	0.0696997807387418
183	0.070010582010582
183	0.0705727953939291
183	0.0696536464981704
184	0.0694019707781176
184	0.0692976872480373
184	0.0702213959776914
184	0.0702606785246525
184	0.0700186377499153
184	0.0690902898982589
184	0.0692007797270955
184	0.0703672435626847
184	0.0701033547949848
184	0.0695463073511854
184	0.0698087662887121
184	0.0696974832641302
184	0.0695368447815585
184	0.0696862628240603
184	0.0694948131905204
184	0.0693123705676007
184	0.0695013661202186
184	0.0692203159503992
184	0.0697368421052632
184	0.0697094031555349
184	0.0691580023862281
184	0.070041374651693
184	0.0692893401015228
184	0.0704648310282113
184	0.0696017305000636
184	0.0700847457627119
184	0.0697201017811705
184	0.0693612138212419
184	0.0692834785551138
184	0.0699196667658435
184	0.0695000425858104
184	0.0698109199065222
184	0.0696926073333898
184	0.0698376264558361
184	0.0705663881151346
184	0.07025701724721
184	0.0698243836541709
184	0.0701836224078707
184	0.0696568127760788
184	0.0704356670622139
184	0.0692616646727055
184	0.0692718342942558
184	0.0695046308097544
184	0.0690331939585289
184	0.0699639142432605
184	0.0691201353637902
184	0.069425618434429
184	0.0698854267957553
184	0.0699446573009791
184	0.0697575860315308
184	0.0697694169603805
184	0.0701493804107961
184	0.0691963334043914
184	0.0695485519591141
184	0.0698597736104072
184	0.0699631995262468
184	0.0698217317487267
184	0.0694327199054533
184	0.0699686201340005
184	0.0701389183907558
184	0.0701791537842531
184	0.0693959274090483
184	0.0696014277215943
184	0.0698474741895739
184	0.0695969143389989
184	0.0692122084409262
184	0.0698697343935036
184	0.0702829185279728
184	0.0703663249873971
184	0.0698920195714527
184	0.0691831892899509
184	0.0699489516095009
184	0.0693601824362119
184	0.0695119374603845
184	0.0697792653476253
184	0.069198707043212
184	0.0697026022304833
184	0.0701105442176871
184	0.0700758378172266
184	0.0692688759822344
184	0.0700250392564614
184	0.0697635063671363
184	0.0687468074238038
184	0.070039405109953
184	0.0700339558573854
184	0.0697684264002371
184	0.07006099627245
184	0.0700156719894955
184	0.0693947144075021
184	0.0698325206699173
184	0.0699717072758752
184	0.0700558753809685
184	0.069602514013929
184	0.069710420629888
184	0.069404500084588
184	0.0691853102574926
184	0.0701933290843425
184	0.0703085051985683
184	0.0693111356493672
184	0.0698573127229489
185	0.0699419270060616
185	0.0699164227228374
185	0.0699271062892016
185	0.0700952380952381
185	0.0699513639247198
185	0.0694727891156463
185	0.0699072701867299
185	0.0700982052150356
185	0.0700425531914894
185	0.0696407287587264
185	0.0699235344095157
185	0.0701127187079408
185	0.0696288729996595
185	0.0694019707781176
185	0.0696846388606307
185	0.0701017811704835
185	0.0698058129204214
185	0.0694709196424789
185	0.070208008100924
185	0.0698627243928194
185	0.0699182168735963
185	0.0703714635071889
185	0.0690271512469146
185	0.0700747182236481
185	0.0697071449823607
185	0.0694990488268865
185	0.0697929869032531
185	0.0703154694032687
185	0.0702328348062543
185	0.0702969878754594
185	0.069808616474159
185	0.0694119150023421
185	0.0694885809923308
185	0.0694603174603175
185	0.0696323311140325
185	0.0697400521578195
185	0.0695910150455605
185	0.0693018915938587
185	0.0700033961623366
185	0.0697152059671131
185	0.0694420819867324
185	0.069603412594501
185	0.0702006335797254
185	0.0699738020789318
185	0.0695585867999661
185	0.0702236502769205
185	0.0698610405016099
185	0.0697078421322399
185	0.069454468265761
185	0.0692445277233626
185	0.0699957501062473
185	0.0692484271382418
185	0.0700347840841605
185	0.0689404313591236
185	0.070180633698549
185	0.069758544465227
185	0.0693607013042549
185	0.069706120018713
185	0.0701405350491026
185	0.0698739977090493
185	0.0698630717707406
185	0.0701643222236303
185	0.0696017305000636
185	0.0698686267055295
185	0.0694609760244856
185	0.0708107191316147
185	0.0693350275307073
185	0.0695800468983159
185	0.070008899436369
185	0.0698927011323635
185	0.0699268158551546
185	0.0696671037604162
185	0.0702206814915025
185	0.0695807314897413
185	0.069247384693575
185	0.0700405542412977
185	0.0687857596948506
185	0.0694031751422022
185	0.0702846975088968
185	0.0702446055364789
185	0.06944739412989
185	0.0698808463723869
185	0.0706026851891068
185	0.0690080360559548
185	0.0697488199595415
185	0.07
185	0.0692942879032945
185	0.0703048806343552
185	0.0700653151242684
185	0.0687977465750502
185	0.0697792224239098
185	0.0699966307277628
185	0.0696553182491013
185	0.0701983959476572
185	0.0698485621915944
185	0.0702995889656341
185	0.0701161562829989
185	0.069028271542238
185	0.0697170532755544
185	0.0700658593584024
186	0.0698616267296659
186	0.0701769237280962
186	0.0698808463723869
186	0.0693246057720916
186	0.0702641223303425
186	0.0693580466336592
186	0.0701024865591398
186	0.0694191801683658
186	0.0699560662385941
186	0.0695323450707217
186	0.070346869712352
186	0.0694797491950517
186	0.0693341220212946
186	0.0701295413308578
186	0.0701813723417748
186	0.0692841630115403
186	0.070069350473613
186	0.069931249736387
186	0.0692818193346578
186	0.0700804062632247
186	0.069463751632335
186	0.069968253968254
186	0.0698334675198102
186	0.0698689956331878
186	0.0695833510660935
186	0.0699020104747424
186	0.068581824335759
186	0.069142832858782
186	0.0696968419277312
186	0.0695718654434251
186	0.0699890378615398
186	0.0697507089346934
186	0.0693822361193273
186	0.0706318119891008
186	0.069573717540057
186	0.0702356731095286
186	0.0696676482961716
186	0.069741946365323
186	0.0703280003377095
186	0.0696908261530664
186	0.0701508986096982
186	0.069586209817458
186	0.0698087662887121
186	0.0700607389910579
186	0.0696323311140325
186	0.0696285629579433
186	0.0700561631687851
186	0.0692871135337706
186	0.0705168977653394
186	0.0702910488742449
186	0.0699626865671642
186	0.0699978736976398
186	0.0701368006437677
186	0.0701835830343954
186	0.0696309433324888
186	0.0700237368599525
186	0.0695984703632887
186	0.0691025966336801
186	0.0700553513330798
186	0.0696307652996039
186	0.0697733316449285
186	0.0704291044776119
186	0.0682879212290977
186	0.0692943420216147
186	0.0696245444529197
186	0.0697536612206891
186	0.0701301995265472
186	0.06927048070413
186	0.0697772706140907
186	0.0702169958969587
186	0.070485877605918
186	0.0700731160982207
186	0.0701472330343544
186	0.0698812614376303
186	0.0700186377499153
186	0.0694055795811074
186	0.0701205328822161
186	0.0694139503462253
186	0.0702020841243724
186	0.0688817891373802
186	0.0701290954795279
186	0.0699741777081658
186	0.0697467979879106
186	0.0701888393804371
186	0.070245307799856
186	0.0695942801539959
186	0.0704219373461245
186	0.069838056680162
186	0.069634703196347
186	0.0700774406499936
186	0.0698651056248409
186	0.0700329865516366
186	0.0700190154236214
186	0.0697181606272515
186	0.0698949677310499
186	0.0699113918684021
186	0.0701946574534423
186	0.0702140258861348
186	0.0699173203307187
186	0.070051277704793
187	0.0697595951075496
187	0.0703540944815347
187	0.0700715101764482
187	0.069584022389009
187	0.0701606442636084
187	0.069820389577536
187	0.0693811491119724
187	0.0702236502769205
187	0.0698068451372416
187	0.0703379435773802
187	0.06989543203082
187	0.0702044625434801
187	0.0698443662270472
187	0.0698956404645683
187	0.0697645026751485
187	0.0699259006898901
187	0.0702230514799423
187	0.0691516490989459
187	0.0698174459294237
187	0.0690415606446141
187	0.0697183395971454
187	0.0698520084566596
187	0.0689684424838819
187	0.0696351840930154
187	0.0698712227463981
187	0.069667965441301
187	0.069723991507431
187	0.0695427384837056
187	0.0696557245796637
187	0.0701776703557647
187	0.0694262399052894
187	0.0701069427940927
187	0.0700814311632421
187	0.0696880269814503
187	0.0700084245998315
187	0.0703430856661755
187	0.0700207688721231
187	0.0704183604336043
187	0.0696802460294056
187	0.0697143822883218
187	0.0700100976102322
187	0.0702014218009479
187	0.0704177755248595
187	0.0699122918520402
187	0.0700305033045247
187	0.069694795052556
187	0.0699085584256879
187	0.0697605675436004
187	0.0695139911634757
187	0.0702110561265491
187	0.0700131539865066
187	0.070011866418037
187	0.0702910488742449
187	0.0694979061799416
187	0.0695468022024566
187	0.0694908798510305
187	0.0700248285149181
187	0.0695427384837056
187	0.0698781978336916
187	0.069733820903138
187	0.0697979755198848
187	0.0698037560666807
187	0.0700197653391648
187	0.0700313320348886
187	0.0704517549430543
187	0.0700296735905045
187	0.0703483718775012
187	0.0694757430162847
187	0.0702890271253861
187	0.070017726006584
187	0.0701702505175109
187	0.0699562510516574
187	0.0701227253491325
187	0.0699011072605866
187	0.0694709196424789
187	0.0696601633585848
187	0.0700537247768518
187	0.0701339304575605
187	0.0700447093889717
187	0.0695619079837618
187	0.0698496905393457
187	0.0697111299915038
187	0.069799847985812
187	0.0703650740242261
187	0.0701516563585529
187	0.0698442262106333
187	0.0696004730129234
187	0.0691039729501268
187	0.0693761654517715
187	0.0699902908522943
187	0.0690753162944723
187	0.0695615514333895
187	0.0698282772878781
187	0.0697615316192977
187	0.0699173203307187
187	0.0689669735619562
187	0.0701213069022359
187	0.0700779111391872
187	0.0698235368795227
187	0.0699035667663284
188	0.0698997219179237
188	0.0702324208039819
188	0.0700674536256324
188	0.0691020564567633
188	0.0701687603096054
188	0.0696889114009539
188	0.069955724225174
188	0.0699029126213592
188	0.0696761116506904
188	0.0703965053763441
188	0.0702124072825354
188	0.0686733651226158
188	0.070239202096188
188	0.0700054757592351
188	0.0703824765462495
188	0.0699974638600051
188	0.0702604737418865
188	0.0702496826068557
188	0.0698047155088785
188	0.0700172726123773
188	0.0703207539196214
188	0.0689888973641834
188	0.0699708454810496
188	0.0699256646087942
188	0.069401030666554
188	0.0691895540648863
188	0.0698361763215673
188	0.0700688024988392
188	0.0699126619129995
188	0.06888662938485
188	0.069863301787592
188	0.070008899436369
188	0.07003367003367
188	0.069993216889944
188	0.0700311999325407
188	0.0690725155147496
188	0.0701754385964912
188	0.0702577101816646
188	0.0699374577417174
188	0.0693404408342852
188	0.0702725544052398
188	0.0692223068460692
188	0.0692675496128295
188	0.0701754385964912
188	0.0693894915975324
188	0.0698586796034592
188	0.0702834964562943
188	0.0698824723091232
188	0.0699814283302381
188	0.069856823077248
188	0.0699404133034695
188	0.0698499894358758
188	0.0695526940020332
188	0.0702654941725922
188	0.0704916645510705
188	0.070097604259095
188	0.069930365055919
188	0.0701798727831838
188	0.0699368831278858
188	0.0693856828566593
188	0.0694191801683658
188	0.069831455915982
188	0.0703650740242261
188	0.0697575499787325
188	0.0698411357106642
188	0.0697094031555349
188	0.0701444892473118
188	0.070218223100534
188	0.0702153664601509
188	0.0701072725736971
188	0.0705327834357377
188	0.0702878091947242
188	0.0698899801880032
188	0.0689142711562142
188	0.0699253793912971
188	0.0700655807065792
188	0.0694167972555165
188	0.0702110561265491
188	0.0702212855637513
188	0.069794869634809
188	0.0696906867515762
188	0.0692297974480987
188	0.0699550046693268
188	0.0696825666270582
188	0.0698329897774599
188	0.0698133826496301
188	0.0701346957733395
188	0.0697507089346934
188	0.0701138238903228
188	0.0696521628606533
188	0.0701200252684776
188	0.0694609255806069
188	0.0691029336950992
188	0.070065039276966
188	0.069920343911999
188	0.0698204857444562
188	0.0698185816382628
188	0.0693807098050773
188	0.0701569355383058
188	0.0693656305581435
189	0.0702900995108787
189	0.0689904972940725
189	0.0697253117627233
189	0.070223534373682
189	0.0701119434391045
189	0.0694855115316381
189	0.0689699025010598
189	0.0698787090275738
189	0.0697654728642791
189	0.0686552030081541
189	0.0691238416175232
189	0.0702502004134847
189	0.07000211999152
189	0.0704777150560283
189	0.0699721964782206
189	0.0698897584784987
189	0.0696213207388041
189	0.069662064876768
189	0.0694326120293065
189	0.069990331665896
189	0.0699915469146238
189	0.070517945049859
189	0.069919389053882
189	0.0701450987008605
189	0.0700591216216216
189	0.0702868680070665
189	0.069966301600674
189	0.0701910074374577
189	0.0700071521729984
189	0.0699970465381207
189	0.0698599416070749
189	0.0701133442885434
189	0.069857751888903
189	0.0699569365870134
189	0.0696950578338591
189	0.0700113736888664
189	0.0704213530300487
189	0.0699614619065769
189	0.0701170723490272
189	0.0695062513244331
189	0.0692239298869554
189	0.0699713370426572
189	0.0699161514355891
189	0.0698811430498188
189	0.0702498425362167
189	0.0692906062399594
189	0.0701547779273217
189	0.07026913372582
189	0.0696768181625651
189	0.0703628348592743
189	0.0693944907544535
189	0.0701097699457459
189	0.069666610540495
189	0.0699291856348002
189	0.0699386503067485
189	0.0698985818288937
189	0.0698107616104314
189	0.0694803817603393
189	0.0695674171515305
189	0.0697428523092539
189	0.0688204038257173
189	0.0698224852071006
189	0.0703253230082909
189	0.069550143751057
189	0.0695350215973575
189	0.0697348291687914
189	0.070520912227552
189	0.069700800674252
189	0.0697557078585544
189	0.0703627422134421
189	0.0705306673416013
189	0.0702561289505886
189	0.0700647728715973
189	0.0703002583322746
189	0.0702941176470588
189	0.0705579688752056
189	0.0699940933254578
189	0.0702399053894239
189	0.070584760779681
189	0.0701083760396539
189	0.0701591847047924
189	0.0703561966440977
189	0.0698213382774313
189	0.0697024842354734
189	0.0696555217831814
189	0.069482058226134
189	0.0701068214315754
189	0.070148877113298
189	0.0699501562896004
189	0.0694993832674067
189	0.0685871637364965
189	0.0699805726835037
189	0.0696164941455965
189	0.0697850821744627
189	0.0703190596137699
189	0.0693955461293743
189	0.0695468914646997
189	0.0698232323232323
189	0.0698388657495057
189	0.0699107522311942
190	0.0700534984624458
190	0.0703032855939343
190	0.0703316175850139
190	0.0707499579619977
190	0.0700313320348886
190	0.0691236413043478
190	0.0695849246652957
190	0.0700071823904685
190	0.0702545515846258
190	0.0696978635540011
190	0.0702947845804989
190	0.0699244289717245
190	0.0702427102646216
190	0.0697841119919042
190	0.0700690584470271
190	0.0702366441091169
190	0.0700206812138606
190	0.0700092615980466
190	0.0697644866147069
190	0.0696667927223833
190	0.0694944701046654
190	0.0701184804148923
190	0.0698798218337675
190	0.0703940720781408
190	0.0701658157883634
190	0.0696909650491167
190	0.0703321590337192
190	0.0697229775662814
190	0.0695641155600608
190	0.0697890687745699
190	0.0700993600538902
190	0.0701857611162478
190	0.0698607007176024
190	0.0698702830188679
190	0.0699860871031662
190	0.0702448052494321
190	0.0697743467933492
190	0.069814502529511
190	0.0698691793210785
190	0.0701229784366577
190	0.0696764421256364
190	0.0703887579939414
190	0.069987336428873
190	0.0704539711951487
190	0.070082001859836
190	0.0701850065024961
190	0.0704177612066774
190	0.070082574634766
190	0.0695010183299389
190	0.0693678136713979
190	0.0703279170340513
190	0.0699631995262468
190	0.069904465300282
190	0.0703318891179069
190	0.069643157717556
190	0.0700706594885599
190	0.0696389404420449
190	0.0699784746549614
190	0.0700425137854106
190	0.069789997469849
190	0.069706565336711
190	0.0694719959481703
190	0.0695864361142665
190	0.0699974745348935
190	0.070668852734687
190	0.0705036576137224
190	0.0696742066171506
190	0.0695806560703416
190	0.0698995379593913
190	0.0694174346833517
190	0.069202547126049
190	0.0701110126208265
190	0.0698588454061364
190	0.0696079261580151
190	0.070557162621054
190	0.0690164003541465
190	0.07026913372582
190	0.070485877605918
190	0.0704842105263158
190	0.0702508960573477
190	0.0695721880010126
190	0.0700311999325407
190	0.0699785651241962
190	0.0698798218337675
190	0.070514165792235
190	0.0701148941542864
190	0.0705783385909569
190	0.0703957382039574
190	0.0700004209285684
190	0.070176176260354
190	0.069238587278733
190	0.0698972099853157
190	0.0700773499243316
190	0.0697821415026758
190	0.0703052728954672
190	0.0704177755248595
190	0.0702301660905489
190	0.0698115593777665
190	0.0700142629415219
190	0.0699739123117058
191	0.0703315148971884
191	0.069694795052556
191	0.0697214508120845
191	0.0701776703557647
191	0.0699218421716111
191	0.0699294828744124
191	0.070485877605918
191	0.0696381177065341
191	0.0700298985134964
191	0.0705045007326774
191	0.0695692528371936
191	0.0695538057742782
191	0.0700760777683855
191	0.0697243845992005
191	0.0700227100681302
191	0.0700620909548582
191	0.0700088246417616
191	0.0700160567903321
191	0.0701909327950206
191	0.0703276341278531
191	0.0690164626424652
191	0.0697088112945922
191	0.0705600201960702
191	0.0697772706140907
191	0.070003367570298
191	0.0702448052494321
191	0.0692297974480987
191	0.0703947644418341
191	0.0701916222902428
191	0.0697214508120845
191	0.070043830074174
191	0.0701428992960418
191	0.0697940019457722
191	0.0695512549649286
191	0.0701990091527416
191	0.0703420455500462
191	0.0698981532350082
191	0.0700062879899392
191	0.0698766881972989
191	0.0704485377417866
191	0.0700889282252286
191	0.0700905072616291
191	0.0702566259991586
191	0.069933618028836
191	0.0703965053763441
191	0.0700197653391648
191	0.0699706005879882
191	0.0692110029908589
191	0.0698448828190862
191	0.0702183258872123
191	0.0697595951075496
191	0.0701150390460996
191	0.0699038137023287
191	0.069700800674252
191	0.0700585929266956
191	0.0702716382655644
191	0.0700492237788716
191	0.0702181208053691
191	0.069789029535865
191	0.0701437337143818
191	0.0700197653391648
191	0.069650067294751
191	0.0698398015389144
191	0.0702446393353195
191	0.0704094554664415
191	0.0702269580903637
191	0.0703764320785597
191	0.0700513597709859
191	0.0696996578380433
191	0.0700138766241958
191	0.0701015292581202
191	0.069979801380239
191	0.0695975336796317
191	0.0701369863013699
191	0.0699394754539341
191	0.069549822964087
191	0.0703958981255779
191	0.0699538396978598
191	0.0690106365017727
191	0.0697978096040438
191	0.07009917704157
191	0.0700537905530341
191	0.0702079299604344
191	0.0701894400806485
191	0.0702700425496061
191	0.0706960322797579
191	0.0699430499894537
191	0.0702957385049009
191	0.0697762769100886
191	0.070003367570298
191	0.0707227851826935
191	0.0702189351598941
191	0.0700693131695022
191	0.0704585463995306
191	0.0695279330783135
191	0.0700534984624458
191	0.0701798621617079
191	0.0698048512043348
191	0.0699294793294202
191	0.0700240010105689
192	0.0703043022035677
192	0.0704355885078777
192	0.0706491974554493
192	0.070221066319896
192	0.0702709493697391
192	0.0703722376270902
192	0.0703426843608265
192	0.0695527547106184
192	0.0693935950847957
192	0.0707793300791113
192	0.0700277754397778
192	0.070095814422592
192	0.0699607578378835
192	0.07002234307154
192	0.0702383463404345
192	0.0704597942473231
192	0.0699277189443604
192	0.0703302243508949
192	0.0699303632855105
192	0.0702566259991586
192	0.0702768354483394
192	0.0698055357217859
192	0.0699781842591039
192	0.0696410515672396
192	0.0697507696200396
192	0.0693663449433487
192	0.0697302529141943
192	0.0702027424917978
192	0.0690656565656566
192	0.0698517020559488
192	0.0701747018310096
192	0.0700679701267097
192	0.0702387445978265
192	0.0700569740451572
192	0.0699177438307873
192	0.0696773106411661
192	0.0700909128995769
192	0.0699477498735884
192	0.0704349653288506
192	0.0700168918918919
192	0.0703138110421212
192	0.0700239003731813
192	0.0704942166140904
192	0.069908303188357
192	0.0697049813252759
192	0.0695718011272819
192	0.0700377675199329
192	0.0697079066644284
192	0.0698897584784987
192	0.0703750526759376
192	0.0698697343935036
192	0.0702784300570278
192	0.0693236511019167
192	0.070426096851688
192	0.0693220338983051
192	0.0703043022035677
192	0.0704000671676252
192	0.0697557290355074
192	0.0702650642770403
192	0.0700508467453881
192	0.0700063144601137
192	0.0701459270785146
192	0.0701356515896014
192	0.0699145442359249
192	0.0700479031851416
192	0.0703475453821322
192	0.0696261287872394
192	0.069786051212938
192	0.0699847767253045
192	0.0701658388753262
192	0.0703190596137699
192	0.070520912227552
192	0.0700877671859908
192	0.0701232291055411
192	0.0698426023084995
192	0.0703414059872183
192	0.0703403701682965
192	0.0704557912046212
192	0.0699398458019148
192	0.0701548273402425
192	0.069871201279569
192	0.0700736067297582
192	0.0706627268889827
192	0.069814417371544
192	0.0700867660685705
192	0.0700454621990234
192	0.0695527547106184
192	0.0693310896087505
192	0.0704550220171944
192	0.0697038532727579
192	0.0692635217739556
192	0.0700214222707607
192	0.0697477926576824
192	0.0702582031085464
192	0.0704124879358818
192	0.0699617855793054
192	0.0704468076163255
192	0.0696079261580151
192	0.0699919888687439
192	0.0703675730110775
193	0.0702515908803574
193	0.0699524390757187
193	0.0702779997476553
193	0.0701305241952407
193	0.0701666037181585
193	0.0703604133411745
193	0.0698657072334017
193	0.0701518838633884
193	0.0698888514651398
193	0.0697752572988868
193	0.0698379288570827
193	0.0704575108379982
193	0.0695232094097879
193	0.0701510752009426
193	0.0700607584328514
193	0.0704319772070223
193	0.0704006712817286
193	0.0699650805671252
193	0.0698877254951432
193	0.0700477027366307
193	0.0703917196112256
193	0.0704195656757327
193	0.0701828115150242
193	0.0701468189233279
193	0.0698763660913963
193	0.0702573158425833
193	0.0701326036623869
193	0.0700663698227338
193	0.0703344664064795
193	0.0697420842944013
193	0.070027659039477
193	0.0703395848126645
193	0.0700058828472981
193	0.0702189351598941
193	0.0706143659374738
193	0.0700168208578637
193	0.0700139352223301
193	0.0701119434391045
193	0.0701724863273033
193	0.0701813016960481
193	0.0701872501577951
193	0.0704697986577181
193	0.0698517020559488
193	0.0699885888170407
193	0.0698798218337675
193	0.0699042177785246
193	0.0701532760653529
193	0.0697087051692204
193	0.0702820502074515
193	0.0699476439790576
193	0.0698555728662259
193	0.0702878091947242
193	0.0703764320785597
193	0.069358790234012
193	0.0700037953864969
193	0.0701680672268908
193	0.0696532034595684
193	0.069798714123629
193	0.0696295673380146
193	0.069928289557432
193	0.0701291079812207
193	0.0703787687914672
193	0.0700239003731813
193	0.0701144126398726
193	0.0705545978219737
193	0.0702711779027789
193	0.0703547049708949
193	0.0700725032479779
193	0.0700545989080218
193	0.0699869928250745
193	0.0695787437988733
193	0.069874669908203
193	0.0698592732619198
193	0.0702350965575147
193	0.0701430549146285
193	0.0694881807112567
193	0.070202677185179
193	0.0702621221003266
193	0.0702707254431392
193	0.0701599697694924
193	0.0697420842944013
193	0.0697908793146888
193	0.0701938848467006
193	0.0696170641585489
193	0.0698308783415166
193	0.0702875399361022
193	0.0697255394929814
193	0.0702343946904142
193	0.0702151755379389
193	0.0705085031150025
193	0.070314465408805
193	0.0700768775872265
193	0.0704065791129946
193	0.0699869928250745
193	0.0702077747989276
193	0.069861456183939
193	0.0700340093210732
193	0.0693102579181719
193	0.0699856914401145
193	0.0701997314535079
194	0.0704266756257349
194	0.0697029536574093
194	0.0699209552640431
194	0.0695867629766504
194	0.0701275809971462
194	0.0702129443326626
194	0.070339089877726
194	0.0701379281432105
194	0.0703912952500523
194	0.0695813326594221
194	0.0704054280448986
194	0.070188679245283
194	0.0706590354347277
194	0.0701990091527416
194	0.069625287837555
194	0.0699735394178672
194	0.0702261306532663
194	0.0701223357296002
194	0.0703829537351621
194	0.070161492762112
194	0.0701260504201681
194	0.07041839775064
194	0.0696845108239637
194	0.0701585171517236
194	0.0694555057215911
194	0.0702049749568585
194	0.0696755757270129
194	0.0702401408155568
194	0.0703269069572506
194	0.0698153677924044
194	0.0701144126398726
194	0.0701872501577951
194	0.069923612859901
194	0.0703492276695769
194	0.0704201751078715
194	0.0700874001589094
194	0.0698086912454073
194	0.0698064895269278
194	0.0701798515909948
194	0.0700759961372129
194	0.070010055304173
194	0.0705763312112652
194	0.0705394190871369
194	0.070557162621054
194	0.069979035639413
194	0.0705719557195572
194	0.0701783700238105
194	0.0700679701267097
194	0.0700004209285684
194	0.0702217750387792
194	0.0707363121460038
194	0.0699497066219614
194	0.0702711779027789
194	0.0698339289468152
194	0.0699707235466332
194	0.0703854040256099
194	0.0697723351428692
194	0.0704154427192614
194	0.0704172252010724
194	0.0702836522322927
194	0.0705314009661836
194	0.0703397303993617
194	0.0696410515672396
194	0.0701393552719946
194	0.0703450014707736
194	0.070210715931465
194	0.0699438437683346
194	0.0697557290355074
194	0.07014221997812
194	0.0703013514647864
194	0.0699491660715036
194	0.0696990079031444
194	0.0700012620419839
194	0.0700096594011171
194	0.0698550967417707
194	0.070218223100534
194	0.070299431247909
194	0.0702481067737752
194	0.0700926705981466
194	0.069630378041593
194	0.0699450341962825
194	0.0700979773768975
194	0.0702777544684065
194	0.070282722513089
194	0.0697782275065351
194	0.0701422994585065
194	0.0702680067001675
194	0.0704975061821535
194	0.0697401508801341
194	0.0697762449528937
194	0.0695648514434812
194	0.0699479691171534
194	0.0700213326640733
194	0.0702707254431392
194	0.0699415401438365
194	0.0699995805896909
194	0.0701695624869165
194	0.0699141847551741
194	0.0702595818082376
194	0.0704054280448986
195	0.0701113211510187
195	0.0700096594011171
195	0.0701571118168143
195	0.0702807032266186
195	0.0705028729606174
195	0.0704337278848969
195	0.0704367160297017
195	0.0701688240961836
195	0.0703330686614568
195	0.0703357505134761
195	0.0701967350355797
195	0.0705356022912573
195	0.0700050242840395
195	0.0703360080240722
195	0.0702863362357669
195	0.0698779974758098
195	0.0702823054948748
195	0.0700644945137784
195	0.0702529780696216
195	0.070406027626622
195	0.0700389105058366
195	0.0702116023726389
195	0.0703147861711467
195	0.0702974444909929
195	0.0701717637201508
195	0.0702071341540271
195	0.0704473111073882
195	0.0702534832969616
195	0.0700062879899392
195	0.0699447143575138
195	0.070161492762112
195	0.0702137487926763
195	0.0702342538658174
195	0.0699443956687152
195	0.0702689096782313
195	0.0702349541399673
195	0.0704797821076891
195	0.070496412236163
195	0.0702503558569874
195	0.0697528014437403
195	0.0697157709398843
195	0.069954705586311
195	0.07030267460384
195	0.0701732362540798
195	0.070214369452353
195	0.0703647925033467
195	0.070115810674723
195	0.0697967411389216
195	0.0701268161585622
195	0.0699583280717262
195	0.0700100976102322
195	0.0696199874028973
195	0.070406027626622
195	0.0702840647617454
195	0.0704290263113792
195	0.0703557643899983
195	0.0701747035904311
195	0.0703065938681226
195	0.0704449374241346
195	0.0703498615655676
195	0.0697547225377593
195	0.0701739677216516
195	0.0703494454906884
195	0.0702378957949405
195	0.0702886105642357
195	0.0705305506663314
195	0.0704455819417639
195	0.0696698963969632
195	0.0702404514254432
195	0.0704125177809388
195	0.0699564343163539
195	0.0700428319475939
195	0.0701482536225815
195	0.0699647236687384
195	0.0701511335012594
195	0.0704018773833969
195	0.0703308700033591
195	0.0699262611027317
195	0.0701651683044115
195	0.0702247191011236
195	0.0703759524407603
195	0.0704078221627946
195	0.0702621221003266
195	0.0701365044803618
195	0.0701945199749006
195	0.0700532740467301
195	0.0701952895817618
195	0.070107599193006
195	0.0699591939758529
195	0.0704520674326931
195	0.0698289987815638
195	0.0704013377926421
195	0.0702879416572363
195	0.069567766795108
195	0.0703403701682965
195	0.0703988568066238
195	0.0699857514039058
195	0.0700256550447912
195	0.0704101316782689
195	0.069837801495924
196	0.0702018932730167
196	0.0700714585960488
196	0.0704201751078715
196	0.0702025475046983
196	0.0702385935537882
196	0.0699778047656937
196	0.070067428906479
196	0.0700787070162886
196	0.0699148096856771
196	0.0699177438307873
196	0.070393634840871
196	0.0700864021474708
196	0.0698083937780387
196	0.0704878966511978
196	0.0705163100372681
196	0.0704131125606289
196	0.0701569799250873
196	0.0697849867974349
196	0.070212230517574
196	0.070142457283703
196	0.0701261684201702
196	0.0704967385850477
196	0.0703841803175667
196	0.0701062088073549
196	0.0702224829262161
196	0.0701556224899598
196	0.0698631287261735
196	0.0704302203567681
196	0.0700418410041841
196	0.070134326484496
196	0.0702425490773046
196	0.0703000919501797
196	0.0700335289186924
196	0.0702290715691612
196	0.0704254785588899
196	0.0699765768780325
196	0.0702299043463668
196	0.070020964360587
196	0.0706015131881453
196	0.06995436848495
196	0.0704118906663308
196	0.0703105382104294
196	0.0702510460251046
196	0.0699719442234412
196	0.0697781691617394
196	0.0702532970483567
196	0.0699341746677288
196	0.0703730062377025
196	0.0704207661712372
196	0.070452640402347
196	0.0704272502824622
196	0.0703883495145631
196	0.0699907741340267
196	0.070347767931784
196	0.0703291202602928
196	0.0701923479864225
196	0.0701188881446752
196	0.070196012732451
196	0.0695236497819524
196	0.0702401408155568
196	0.0701864655353028
196	0.0702840647617454
196	0.0704749947687801
196	0.070426651081239
196	0.0696521593009578
196	0.0703302243508949
196	0.0705066622112694
196	0.0700623613610681
196	0.0703445962941226
196	0.0703072531900604
196	0.0703635449824091
196	0.0703030303030303
196	0.0701079226972308
196	0.0704718988609338
196	0.0701563675892633
196	0.0699564343163539
196	0.0705418553933904
196	0.069956094501359
196	0.0701137884872825
196	0.069893603599815
196	0.0703125
196	0.0700239003731813
196	0.0703089077456841
196	0.0703683572354392
196	0.0704078221627946
196	0.0704172252010724
196	0.0702115158636898
196	0.0696845108239637
196	0.0702791048529042
196	0.070299431247909
196	0.0704662777521299
196	0.0701490667668796
196	0.0702791048529042
196	0.0702487978256325
196	0.0702172096908939
196	0.0703494454906884
196	0.0699836662897349
196	0.0703901746177625
196	0.0701416240677114
196	0.0703239595993462
197	0.0701798515909948
197	0.070556252613969
197	0.0699622957687474
197	0.070275680860825
197	0.0701680672268908
197	0.0696141411596759
197	0.0704006712817286
197	0.0699924604171902
197	0.0701607150350384
197	0.0701622029422859
197	0.0696160267111853
197	0.0700807497594243
197	0.0698288877705083
197	0.0699598796389168
197	0.0700924802276436
197	0.0702797788574301
197	0.070298769771529
197	0.0704796122994652
197	0.0703389476323818
197	0.070165907476284
197	0.0698774007280639
197	0.0703559626887522
197	0.0702406819321411
197	0.0697391596074813
197	0.07039839471594
197	0.0699791231732777
197	0.0701798515909948
197	0.0701761727413483
197	0.0705361246918223
197	0.0701717724746103
197	0.0702935518942879
197	0.0703507085231785
197	0.0700922818791946
197	0.0698054670467885
197	0.0701952422760149
197	0.0701981771051091
197	0.0701666248011387
197	0.0701916222902428
197	0.0702723051825825
197	0.0698162289166737
197	0.0704584395503364
197	0.0702261306532663
197	0.0698913453874229
197	0.0700836820083682
197	0.0700570182793896
197	0.0703014110378225
197	0.0699262611027317
197	0.0702481067737752
197	0.0703905921881562
197	0.0704007362168493
197	0.07037485895775
197	0.0698493937995553
197	0.0702768354483394
197	0.070281124497992
197	0.0703542780748663
197	0.0701813297515111
197	0.0702566259991586
197	0.0703075957313245
197	0.0700772603883901
197	0.0700618315508021
197	0.0704648928616181
197	0.0695910842969666
197	0.0704420469333781
197	0.0701431321670712
197	0.0702673259029582
197	0.0703471350899205
197	0.0703692811830442
197	0.0702481067737752
197	0.0702947845804989
197	0.070456733788253
197	0.0702334142056388
197	0.0700663522931186
197	0.0707096124811273
197	0.0701026608003352
197	0.0706217052966279
197	0.0704814489480069
197	0.0703098827470687
197	0.0697392105152999
197	0.070142378559464
197	0.0701116267402483
197	0.0696609386160245
197	0.0701042146235299
197	0.0699163179916318
197	0.0702693659026267
197	0.0706786494204603
197	0.0702915549597855
197	0.070471484800268
197	0.0696371844173215
197	0.0700954134583194
197	0.0704796122994652
197	0.0700573005981011
197	0.0703372850225413
197	0.0704766679199565
197	0.0704478861448305
197	0.0702723051825825
197	0.0702202495603383
197	0.0700327098884509
197	0.0705216844751728
197	0.0705906996229577
197	0.0700975671035551
198	0.0702341137123746
198	0.0701725074140596
198	0.0703754750866642
198	0.0703102166924137
198	0.0700250836120401
198	0.0704672740951266
198	0.0703643420558407
198	0.0699113564141161
198	0.070362473347548
198	0.0700615603668495
198	0.0702526077667463
198	0.069727463312369
198	0.0702186248331108
198	0.0702385935537882
198	0.0703884507864981
198	0.0703807414218247
198	0.0697839622247294
198	0.0692800066937204
198	0.0702406819321411
198	0.0701644544619751
198	0.0702341137123746
198	0.0700229789011907
198	0.0701952422760149
198	0.070376090495471
198	0.0703406142773454
198	0.070244309876801
198	0.070001251512244
198	0.0701336675020885
198	0.0701776332249187
198	0.0704878966511978
198	0.0704630788485607
198	0.0698675358321842
198	0.0701893733539568
198	0.070318375532715
198	0.069756711409396
198	0.0700703635449824
198	0.0701298701298701
198	0.0704808939856862
198	0.070260347129506
198	0.0701003232170591
198	0.0701783840503673
198	0.0698249141325291
198	0.0701321512211442
198	0.0702275388991133
198	0.0703261867022608
198	0.0702254252912092
198	0.0702018302620033
198	0.0696045955805275
198	0.0701006809541714
198	0.0699874424445375
198	0.0701937531317855
198	0.0704066736183525
198	0.0702032639091782
198	0.0703271906731854
198	0.0702738922857861
198	0.0703465015065283
198	0.0702084116443219
198	0.0699535039584468
198	0.0701541804203401
198	0.0702922213849117
198	0.070514964052834
198	0.0701578132194734
198	0.0702448052494321
198	0.0702091246817214
198	0.0703949288961174
198	0.0704660186073679
198	0.0702318780029246
198	0.0703314133066199
198	0.0704184222602311
198	0.0703115225822595
198	0.0703517587939698
198	0.0700711594809544
198	0.0704372108531655
198	0.070096973750209
198	0.0702880727060491
198	0.0701151832460733
198	0.0703819661865999
198	0.0698722764838467
198	0.0702693659026267
198	0.0705096073517126
198	0.0701387727804715
198	0.0699727976564135
198	0.0699306541899908
198	0.070299431247909
198	0.070084252001509
198	0.0701629753447555
198	0.0703664921465969
198	0.0704871538204871
198	0.0705318039624609
198	0.0702729818987501
198	0.0702018932730167
198	0.0701636592530424
198	0.069990372137804
198	0.0701871937685833
198	0.070106702234078
198	0.0704272502824622
198	0.0701754385964912
198	0.0702157912345266
198	0.0702984763097474
198	0.0702487978256325
199	0.0702370500438982
199	0.0703796412181894
199	0.07037253591714
199	0.0701527418412486
199	0.070256046113362
199	0.0700075231965226
199	0.0704889965340126
199	0.0700711594809544
199	0.0699239321240492
199	0.0701123971085948
199	0.0703268300817075
199	0.0700033534540577
199	0.0701791007389471
199	0.070181287768285
199	0.0704072699987494
199	0.0703825774959322
199	0.0703108700187774
199	0.070255360053496
199	0.0701966338943509
199	0.0701299786851674
199	0.0702619157024103
199	0.0704807210816224
199	0.0703731530177811
199	0.0700075231965226
199	0.0703943250573753
199	0.0702691424994784
199	0.0699912144919048
199	0.0704985975635283
199	0.0703643420558407
199	0.0699753519655763
199	0.0702808730854305
199	0.0700530515059109
199	0.0703219609972022
199	0.0702856664153472
199	0.0702968645763843
199	0.070181287768285
199	0.070187891440501
199	0.0702587823477935
199	0.0703167383048867
199	0.070286739847239
199	0.0703578437513049
199	0.0703895669620465
199	0.0702369035702369
199	0.0699086872748597
199	0.0700041718815186
199	0.070631970260223
199	0.0702508661351588
199	0.0703095626018298
199	0.0703408569402144
199	0.0702061941731363
199	0.0702041158472694
199	0.0700330502447392
199	0.0701571118168143
199	0.0703050027120624
199	0.0698306502195275
199	0.0702883409945675
199	0.0696777977961202
199	0.0703043460109381
199	0.0705213903743316
199	0.0701468189233279
199	0.0702698194253305
199	0.0702296450939457
199	0.0702493120987243
199	0.070318375532715
199	0.070376090495471
199	0.0702727500208525
199	0.0702281162684015
199	0.0699593649197771
199	0.0700897516176164
199	0.0701335678097391
199	0.0705454849218946
199	0.0700916970229871
199	0.0705518911246556
199	0.0703643420558407
199	0.070291943365493
199	0.0702675668917229
199	0.0703467267492803
199	0.0702208491629441
199	0.0701798410706817
199	0.0703532257391885
199	0.0702648508647339
199	0.0702574158287788
199	0.0701974564926372
199	0.0706349206349206
199	0.0700333889816361
199	0.0702693659026267
199	0.0703391949329111
199	0.0703180359301405
199	0.0701688240961836
199	0.0700881848957245
199	0.0700852557673019
199	0.0700999038582118
199	0.0702639589675159
199	0.070443143812709
199	0.0702297744109153
199	0.0701454590922352
199	0.0701336675020885
199	0.0703972625605074
199	0.0703553341983008
199	0.0703324273468534
200	0.0704231217724471
200	0.0703238984534578
200	0.0699432102889594
200	0.0700389105058366
200	0.0703549060542798
200	0.0703632727878687
200	0.0702339742252992
200	0.070281124497992
200	0.0704278365605788
200	0.0703614055588014
200	0.070290612586243
200	0.0701615259401478
200	0.0702246016144548
200	0.0704160760443592
200	0.0702215546376267
200	0.0702171104721424
200	0.0703943250573753
200	0.0703014110378225
200	0.0703011119903378
200	0.070376090495471
200	0.0704513222657879
200	0.0703039946403149
200	0.0702529272053002
200	0.0703561598131621
200	0.070578905630452
200	0.0703678985567698
200	0.0701213157126777
200	0.0700839003214092
200	0.0703700602813128
200	0.0703408569402144
200	0.0703402212481737
200	0.0702939337085679
200	0.0703460944349351
200	0.0704407231525452
200	0.070468958611482
200	0.0703056586464284
200	0.0702574158287788
200	0.0703433922996878
200	0.070447811026251
200	0.0701350842708377
200	0.0703743850579505
200	0.0702436170657306
200	0.0702112588024501
200	0.0700238005762245
200	0.0704448710458225
200	0.0703251863263522
200	0.0704190014217613
200	0.0701681198114388
200	0.0705058754896241
200	0.0703219609972022
200	0.0703206655796647
200	0.0704366739166806
200	0.070336646896667
200	0.0701820307281229
200	0.0704731650225715
200	0.0703479891644092
200	0.070358469306848
200	0.0704713397069261
200	0.0701213157126777
200	0.0701710471422612
200	0.0701322541616254
200	0.0700296488077839
200	0.0704425074029278
200	0.0704043351396415
200	0.0703375369376119
200	0.070253612626494
200	0.0701211867948182
200	0.0702281162684015
200	0.0705847977626581
200	0.0702069080594026
200	0.0704125474492137
200	0.0703362640110005
200	0.0703232533889468
200	0.0698420635912822
200	0.0702427629932427
200	0.0703779324138506
200	0.070449034200184
200	0.070282212680812
200	0.0703245427654876
200	0.0703844071467244
200	0.0703708338547533
200	0.0702596643566836
200	0.0704348550483172
200	0.0702945956081503
200	0.0702858095158737
200	0.0703630969790666
200	0.0704313398624714
200	0.0703206655796647
200	0.0701096244424993
200	0.0703767051854324
200	0.0701402805611222
200	0.0701123971085948
200	0.0700213326640733
200	0.0698790154359616
200	0.0702311776263534
200	0.070362028695362
200	0.0700801871032409
200	0.0703662042244719
200	0.0702587823477935
200	0.0700605049029835
201	0.0703662042244719
201	0.0705224503421799
201	0.0705013148557833
201	0.0702740981421311
201	0.0703498772725382
201	0.0704794434956471
201	0.0702295163910526
201	0.070139612419254
201	0.070282212680812
201	0.0702838063439065
201	0.0701951951951952
201	0.0704019995834201
201	0.0700788386935302
201	0.0698411374723763
201	0.0703967361891678
201	0.0703603415955009
201	0.070377319157807
201	0.0703479891644092
201	0.0697160488679481
201	0.0701827763603664
201	0.0704970626223907
201	0.0701893402285428
201	0.0703831880915649
201	0.0703678985567698
201	0.070413732761135
201	0.0703395848126645
201	0.0701183925295981
201	0.0704260547249178
201	0.0703820860734205
201	0.0703479891644092
201	0.0703385590393596
201	0.0702887379692513
201	0.0702903387285166
201	0.0703784145017125
201	0.0702689201565232
201	0.0702727500208525
201	0.0700663522931186
201	0.0698751930542221
201	0.0703691359053412
201	0.0703685175921294
201	0.0703674420540136
201	0.0703063138153782
201	0.0704460191746561
201	0.0703756142250354
201	0.0703726837393296
201	0.0704078656834562
201	0.0701123971085948
201	0.0703492486367231
201	0.0703222583062703
201	0.0705029376224009
201	0.0704131404510777
201	0.0704735724103461
201	0.0704119850187266
201	0.0704284047341224
201	0.0701322541616254
201	0.0703157543947347
201	0.0704207766262954
201	0.0700262598474428
201	0.0703004542234446
201	0.0703515494835055
201	0.0700475039586632
201	0.0703339718497543
201	0.0702874066658324
201	0.0703251863263522
201	0.0699758272901559
201	0.070388551460188
201	0.0702434550608638
201	0.0703580349708576
201	0.0704366320530464
201	0.0705053368912608
201	0.0703316825502518
201	0.0701951951951952
201	0.0702939337085679
201	0.070508276695993
201	0.0704730152115024
201	0.0703551059489613
201	0.0705440900562852
201	0.0703902703152984
201	0.0703391949329111
201	0.0703996669442132
201	0.0703017689906348
201	0.0704019995834201
201	0.0702887379692513
201	0.0699699949991665
201	0.0704518926129731
201	0.0703632727878687
201	0.0703092439776611
201	0.0703402212481737
201	0.0704260547249178
201	0.070387338608913
201	0.0703333333333333
201	0.0701439599415815
201	0.0704166666666667
201	0.0702046942093634
201	0.0703996669442132
201	0.0703521771709266
201	0.0697965310206805
201	0.0704172566003165
201	0.0705764578293151
201	0.0705176294073518
202	0.0702178168339511
202	0.070401400525197
202	0.0704178458465124
202	0.0702419119790149
202	0.0703645139813582
202	0.0702506870991921
202	0.0704231217724471
202	0.0703820860734205
202	0.0703820860734205
202	0.070273424474825
202	0.0704377889782147
202	0.0702740981421311
202	0.0704031956060417
202	0.070426638917794
202	0.0703404644967951
202	0.0703469506614527
202	0.0704471646265301
202	0.0704237076500458
202	0.0704735724103461
202	0.0702214452214452
202	0.0704002662894233
202	0.070388551460188
202	0.0701893402285428
202	0.0702126774045865
202	0.0703463203463204
202	0.0704231217724471
202	0.0704377889782147
202	0.0704002662894233
202	0.0700570619351077
202	0.0703756142250354
202	0.0704383664293743
202	0.0703492486367231
202	0.0703486192677746
202	0.0702646384663472
202	0.0703498772725382
202	0.0703672787979967
202	0.0703427595685311
202	0.0704019995834201
202	0.0704354341853301
202	0.0703580349708576
202	0.0703996669442132
202	0.0704231217724471
202	0.0704090549706629
202	0.0704383664293743
202	0.070388551460188
202	0.0702281162684015
202	0.0703726837393296
202	0.0702214452214452
202	0.0702382936177304
202	0.0701453877005348
202	0.0702646384663472
202	0.0703076218623819
202	0.070035830347471
202	0.0702506870991921
202	0.0704119850187266
202	0.0704002662894233
202	0.0705058754896241
202	0.0703076218623819
202	0.0702046942093634
202	0.0703967361891678
202	0.0702594644121444
202	0.0704348550483172
202	0.0703938056781284
202	0.0703521771709266
202	0.070401400525197
202	0.0702419119790149
202	0.0702506870991921
202	0.0703567855951984
202	0.070388551460188
202	0.0703908754110644
202	0.0703525975380764
202	0.0703551059489613
202	0.0704002662894233
202	0.0703567855951984
202	0.0704149153106663
202	0.0703638937463569
202	0.0704237076500458
202	0.0704289879216993
202	0.0703756142250354
202	0.0704119850187266
202	0.0702419119790149
202	0.0702799533411098
202	0.0703268300817075
202	0.0704237076500458
202	0.0702522409839483
202	0.0702419119790149
202	0.0704319213628223
202	0.0704471646265301
202	0.0704559650218613
202	0.0704735724103461
202	0.0703856233620367
202	0.0704231217724471
202	0.0703180359301405
202	0.0701710575602447
202	0.0703521771709266
202	0.0700570619351077
202	0.0703316825502518
202	0.0703180359301405
202	0.0703685175921294
202	0.0704383664293743
203	0.0703856233620367
203	0.0703856233620367
203	0.0703856233620367
203	0.0703856233620367
203	0.0703856233620367
203	0.0703856233620367
203	0.0703856233620367
203	0.0703856233620367
203	0.0703856233620367
203	0.0703856233620367
203	0.0703856233620367
203	0.0703856233620367
203	0.0703856233620367
203	0.0703856233620367
203	0.0703856233620367
203	0.0703856233620367
203	0.0703856233620367
203	0.0703856233620367
203	0.0703856233620367
203	0.0703856233620367
203	0.0703856233620367
203	0.0703856233620367
203	0.0703856233620367
203	0.0703856233620367
203	0.0703856233620367
203	0.0703856233620367
203	0.0703856233620367
203	0.0703856233620367
203	0.0703856233620367
203	0.0703856233620367
203	0.0703856233620367
203	0.0703856233620367
203	0.0703856233620367
203	0.0703856233620367
203	0.0703856233620367
203	0.0703856233620367
203	0.0703856233620367
203	0.0703856233620367
203	0.0703856233620367
203	0.0703856233620367
203	0.0703856233620367
203	0.0703856233620367
203	0.0703856233620367
203	0.0703856233620367
203	0.0703856233620367
203	0.0703856233620367
203	0.0703856233620367
203	0.0703856233620367
203	0.0703856233620367
203	0.0703856233620367
203	0.0703856233620367
203	0.0703856233620367
203	0.0703856233620367
203	0.0703856233620367
203	0.0703856233620367
203	0.0703856233620367
203	0.0703856233620367
203	0.0703856233620367
203	0.0703856233620367
203	0.0703856233620367
203	0.0703856233620367
203	0.0703856233620367
203	0.0703856233620367
203	0.0703856233620367
203	0.0703856233620367
203	0.0703856233620367
203	0.0703856233620367
203	0.0703856233620367
203	0.0703856233620367
203	0.0703856233620367
203	0.0703856233620367
203	0.0703856233620367
203	0.0703856233620367
203	0.0703856233620367
203	0.0703856233620367
203	0.0703856233620367
203	0.0703856233620367
203	0.0703856233620367
203	0.0703856233620367
203	0.0703856233620367
203	0.0703856233620367
203	0.0703856233620367
203	0.0703856233620367
203	0.0703856233620367
203	0.0703856233620367
203	0.0703856233620367
203	0.0703856233620367
203	0.0703856233620367
203	0.0703856233620367
203	0.0703856233620367
203	0.0703856233620367
203	0.0703856233620367
203	0.0703856233620367
203	0.0703856233620367
203	0.0703856233620367
203	0.0703856233620367
203	0.0703856233620367
203	0.0703856233620367
203	0.0703856233620367
203	0.0703856233620367
