"samples"	"ph_otu_ratio"
1	0.768802228412256
1	0.703872437357631
1	0.768348623853211
1	0.583050847457627
1	0.776765375854214
1	0.725
1	0.697896749521989
1	0.70516717325228
1	0.768361581920904
1	0.735955056179775
1	0.713831478537361
1	0.37037037037037
1	0.931818181818182
1	0.931818181818182
1	0.606648199445983
1	0.59375
1	0.563002680965147
1	0
1	0.520858164481526
1	0.566204287515763
1	0.876685934489403
1	1.28272251308901
1	0.671586715867159
1	0.793377483443709
1	0.600583090379009
1	0.826714801444043
1	0.657094594594595
1	0.41025641025641
1	0.650285714285714
1	0.55
1	0.718023255813954
1	0.594713656387665
1	0.566037735849057
1	0.406340057636888
1	0.434782608695652
1	0.547169811320755
1	0.493548387096774
1	0.645895153313551
1	0.767801857585139
1	0.754689754689755
1	0.69327731092437
1	0.735955056179775
1	0.834841628959276
1	0.809782608695652
1	0.72972972972973
1	0.66936790923825
1	0.836501901140684
1	1
1	0.60969696969697
1	0
1	0.710344827586207
1	0.0454545454545455
1	0.7796817625459
1	0
1	0.826923076923077
1	0.656521739130435
1	0.504078303425775
1	0.41025641025641
1	0.656521739130435
1	0.601744186046512
1	0.521739130434783
1	0.744285714285714
1	1.37974683544304
1	0.568075117370892
1	0.460550458715596
1	0.51010101010101
1	0.706441393875396
1	0.537958115183246
1	0.836501901140684
1	1.01572327044025
1	0.907582938388626
1	0.768181818181818
1	0.650285714285714
1	0.687066974595843
1	0.776765375854214
1	0.601744186046512
1	0.653645833333333
1	0.828859060402685
1	0.744285714285714
1	0.755760368663594
1	0.730769230769231
1	0.761061946902655
1	0.788018433179724
1	0.443693693693694
1	0.516129032258065
1	0.69327731092437
1	0.566204287515763
1	0.650214592274678
1	1
1	0.0454545454545455
1	0.798165137614679
1	0.7796817625459
1	0.816643159379408
1	0.48692152917505
1	0.491701244813278
1	0.491701244813278
1	0.333333333333333
1	0.730673316708229
1	0.650214592274678
1	0.659362549800797
2	0.594847775175644
2	0.636180904522613
2	0.696923076923077
2	0.652671755725191
2	0.98068669527897
2	0.679287305122494
2	0.71310507674144
2	0.724381625441696
2	0.733532934131736
2	0.69118982742961
2	0.720841300191205
2	0.814814814814815
2	0.77919863597613
2	0.579822616407982
2	0.676113360323887
2	0.827882960413081
2	0.702878365831012
2	0.783098591549296
2	0.855902777777778
2	0.563934426229508
2	0.713065755764304
2	0.63882618510158
2	0.787089467723669
2	0.548794489092997
2	0.761154855643045
2	0.570175438596491
2	0.745508982035928
2	0.764044943820225
2	0.826354679802956
2	0.863760217983651
2	0.812648221343873
2	0.63463687150838
2	0.946280991735537
2	0.823529411764706
2	0.776632302405498
2	0.77116704805492
2	0.725352112676056
2	0.590744757772957
2	0.662576687116564
2	0.920570264765784
2	0.630681818181818
2	0.71619812583668
2	0.682481751824818
2	0.629262926292629
2	0.490506329113924
2	0.608225108225108
2	0.591911764705882
2	0.763409961685824
2	0.599616858237548
2	0.807017543859649
2	0.791411042944785
2	0.807429130009775
2	0.695142378559464
2	0.756079027355623
2	0.666666666666667
2	0.799794661190965
2	0.75615763546798
2	0.554074074074074
2	0.743396226415094
2	0.556179775280899
2	0.596473029045643
2	0.657071339173967
2	0.591596638655462
2	0.82615629984051
2	0.735725938009788
2	0.708289611752361
2	0.756676557863502
2	0.648612945838838
2	0.480882352941176
2	0.810286677908938
2	1.26288659793814
2	0.700534759358289
2	0.631494804156675
2	0.532203389830509
2	0.750276243093923
2	0.509001636661211
2	0.656634746922025
2	0.822304832713755
2	0.64067055393586
2	0.818181818181818
2	0.751458576429405
2	0.585766423357664
2	0.753503709810388
2	0.651331719128329
2	0.664788732394366
2	0.637530072173216
2	0.713740458015267
2	0.798728813559322
2	0.538631346578366
2	0.70045045045045
2	0.708812260536398
2	0.943248532289628
2	0.752747252747253
2	0.880081300813008
2	0.75
2	0.732848232848233
2	0.845828933474129
2	1.06896551724138
2	0.824827586206897
2	0.875598086124402
3	0.482889733840304
3	0.789816459443458
3	0.64451313755796
3	0.775372124492558
3	0.791237113402062
3	0.647058823529412
3	0.835855646100116
3	0.792090395480226
3	0.680795847750865
3	0.841397849462366
3	0.798937784522003
3	0.719529085872576
3	0.731766124171187
3	0.713428357089272
3	0.766845557543232
3	1.17638483965015
3	0.720689655172414
3	0.714011516314779
3	0.714063714063714
3	0.767265193370166
3	0.674491392801252
3	0.813012895662368
3	0.669955156950673
3	0.843312814773363
3	0.643290043290043
3	0.854266538830297
3	0.798050139275766
3	0.660687593423019
3	0.554095045500506
3	0.759284731774415
3	0.574112734864301
3	0.759154929577465
3	0.996732026143791
3	0.684438040345821
3	0.780653950953679
3	0.684752104770814
3	0.639966969446738
3	0.791164658634538
3	0.694394213381555
3	0.76
3	0.806859205776173
3	0.678088367899008
3	0.768944099378882
3	0.681753889674682
3	0.62433234421365
3	0.788709677419355
3	0.767732962447844
3	0.757621951219512
3	0.62550881953867
3	0.757307351638618
3	0.740570377184913
3	0.753474762253109
3	0.614406779661017
3	0.717374517374517
3	0.77981072555205
3	0.722838137472284
3	0.697508896797153
3	0.903566710700132
3	0.628019323671498
3	0.74234693877551
3	0.601642710472279
3	0.753527751646284
3	0.763196480938416
3	0.765466297322253
3	0.810236220472441
3	0.765728476821192
3	0.717076700434153
3	0.772865853658537
3	0.751004016064257
3	0.758220502901354
3	0.637246248896734
3	0.813786929274843
3	0.785375118708452
3	0.717874396135266
3	0.839035769828927
3	0.696186961869619
3	0.819047619047619
3	0.811653914067098
3	0.843404255319149
3	0.732447817836812
3	0.712255772646536
3	0.859939759036145
3	0.636617100371747
3	0.65916955017301
3	0.678571428571429
3	0.749814951887491
3	0.714285714285714
3	0.758082497212932
3	0.790419161676647
3	0.650390625
3	0.733559322033898
3	0.476288659793814
3	0.74542232722977
3	0.740384615384615
3	0.705560619872379
3	0.847765363128492
3	0.811320754716981
3	0.62589928057554
3	0.631914893617021
3	0.760969976905312
4	0.755013550135501
4	0.716914986853637
4	0.772759856630824
4	0.82841225626741
4	0.789340101522843
4	0.700134770889488
4	0.718140929535232
4	0.792291220556745
4	0.939470365699874
4	0.718228031953522
4	0.516071428571429
4	0.698080279232112
4	0.678102189781022
4	0.69634703196347
4	0.750326797385621
4	0.709035222052067
4	0.691228070175439
4	0.75732531930879
4	0.709448388858547
4	0.801961986511343
4	0.67755991285403
4	0.727009413468501
4	0.648809523809524
4	0.750622200099552
4	0.757910597689603
4	0.739755571531272
4	0.764089121887287
4	0.829736211031175
4	0.671633554083885
4	0.760814249363868
4	0.518879415347138
4	0.725168756027001
4	0.843045843045843
4	0.772693173293323
4	0.855813953488372
4	0.798565451285117
4	0.761699838622916
4	0.738274464389114
4	0.879616963064295
4	0.742219215155616
4	0.778977681785457
4	0.746944644140906
4	0.815361890694239
4	0.787479406919275
4	0.811320754716981
4	0.749869451697128
4	0.642738818332413
4	0.72692793931732
4	0.756825396825397
4	0.74657881398885
4	0.717339667458432
4	0.696598639455782
4	0.797081306462821
4	0.723763570566948
4	0.830604982206406
4	0.856200527704486
4	0.538255033557047
4	0.733570159857904
4	0.68620178041543
4	0.688575899843505
4	0.696929238985314
4	0.822377622377622
4	0.737188872620791
4	0.694060773480663
4	0.64622641509434
4	0.918010752688172
4	0.664988814317673
4	0.690587138863001
4	0.978021978021978
4	0.766586730615508
4	0.798624140087555
4	0.792013311148086
4	0.796296296296296
4	0.730392156862745
4	0.681967213114754
4	0.78150826446281
4	0.763248451479697
4	0.720529039677976
4	0.699772985244041
4	0.681621621621622
4	0.759662684469431
4	0.76792828685259
4	0.748107364074329
4	0.758389261744966
4	0.815191855912294
4	0.583212735166425
4	0.747653806047967
4	0.929252782193959
4	0.756656346749226
4	0.638728323699422
4	0.834123222748815
4	0.620608899297424
4	0.69390402075227
4	0.718857142857143
4	0.738255033557047
4	0.693531283138918
4	0.860276198212835
4	0.728921124206709
4	0.706983441324694
4	0.680726800778715
5	0.752226296490309
5	0.746460746460746
5	0.656785243741766
5	0.773722627737226
5	0.681110358835477
5	0.778725539387857
5	0.818861414606095
5	0.777777777777778
5	0.745300181928441
5	0.726846424384525
5	0.731481481481482
5	0.830860534124629
5	0.808022922636103
5	0.682889733840304
5	0.872769588828549
5	0.665482954545455
5	0.777777777777778
5	0.888992537313433
5	0.697647058823529
5	0.835040431266846
5	0.893659180977543
5	0.611855670103093
5	0.735015772870662
5	0.806004618937644
5	0.799418604651163
5	0.638194444444444
5	0.705128205128205
5	0.652469135802469
5	0.711638679791546
5	0.757254464285714
5	0.801577669902913
5	0.721058434399118
5	0.77502691065662
5	0.785090664875756
5	0.674233128834356
5	0.82703213610586
5	0.763686131386861
5	0.730704697986577
5	0.756018217306441
5	0.725282485875706
5	0.818232976927406
5	0.913965087281795
5	0.649784997611085
5	0.720949957591179
5	0.78495145631068
5	0.790455293472298
5	0.770481927710843
5	0.715218483174284
5	0.762419006479482
5	0.758673469387755
5	0.783199195171026
5	0.762295081967213
5	0.668376068376068
5	0.776572668112798
5	0.692794932699921
5	0.707086614173228
5	0.75242995997713
5	0.814573137574769
5	0.705474171164225
5	0.725898905680042
5	0.820664542558034
5	0.650093808630394
5	0.734430082256169
5	0.721461187214612
5	0.826629680998613
5	0.645595158036315
5	0.681983071342201
5	0.683739433117852
5	0.675491679273828
5	0.802184466019418
5	0.805297397769517
5	0.81451009723261
5	0.813779331003495
5	0.836767036450079
5	0.660535995796111
5	0.792668269230769
5	0.835002635740643
5	0.738865161683954
5	0.71981351981352
5	0.788852459016393
5	0.871766648321409
5	0.817577925396014
5	0.80337552742616
5	0.745521927115503
5	0.729994242947611
5	0.676428571428571
5	0.769598470363289
5	0.765325670498084
5	0.77361963190184
5	0.708425720620843
5	0.717607973421927
5	0.752155172413793
5	0.744616925388082
5	0.818021201413428
5	0.807906114885732
5	0.74251497005988
5	0.753687974966473
5	0.735573411249087
5	0.824312333629104
5	0.82773365913256
6	0.767894736842105
6	0.717488789237668
6	0.746829020801623
6	0.751630434782609
6	0.685433884297521
6	0.786172839506173
6	0.719411764705882
6	0.757743362831858
6	0.747875354107649
6	0.782908704883227
6	0.779618473895582
6	0.926812585499316
6	0.758731617647059
6	0.646593673965937
6	0.736177622986504
6	0.73469387755102
6	0.817186183656276
6	0.762520193861066
6	0.668977469670711
6	0.788967822816548
6	0.75414364640884
6	0.713343108504399
6	0.735368956743003
6	0.742669362992922
6	0.83982683982684
6	0.816223648029331
6	0.709916132215096
6	0.865353911655136
6	0.835888699602499
6	0.715483870967742
6	0.722862340812614
6	0.781386633354154
6	0.76084099868594
6	0.669416617560401
6	0.720550739418664
6	0.803135085292762
6	0.814407814407814
6	0.701570680628272
6	0.78941504178273
6	0.768388791593695
6	0.786776859504132
6	0.840043525571273
6	0.830534351145038
6	0.748015873015873
6	0.731917046029337
6	0.730825958702065
6	0.804286291953093
6	0.712841253791709
6	0.764849471114727
6	0.724392819429778
6	0.736358725013506
6	0.72671970051474
6	0.824249846907532
6	0.747767857142857
6	0.782119205298013
6	0.852283317800559
6	0.770887166236003
6	0.755917937927407
6	0.699248120300752
6	0.758522727272727
6	0.679817038307604
6	0.767359351241764
6	0.80883322346737
6	0.772420943494038
6	0.865406006674082
6	0.86366880799429
6	0.769607843137255
6	0.840430107526882
6	0.786755771567436
6	0.75551580202743
6	0.81041388518024
6	0.798598949211909
6	0.817178881008668
6	0.777513384889946
6	0.773521126760563
6	0.722711267605634
6	0.76271186440678
6	0.793512164691204
6	0.645607107601185
6	0.816974869606449
6	0.759019426456984
6	0.725190839694656
6	0.818844099077222
6	0.696938775510204
6	0.79045643153527
6	0.773541305603697
6	0.719038817005545
6	0.711442786069652
6	0.815897435897436
6	0.751334044823906
6	0.706130088909686
6	0.786213786213786
6	0.697747511786276
6	0.716887417218543
6	0.774931880108992
6	0.692537313432836
6	0.6203125
6	0.779556650246305
6	0.636778983438035
6	0.660199882422105
7	0.691411042944785
7	0.763987138263666
7	0.685095090667846
7	0.82448377581121
7	0.804247460757156
7	0.791051880057116
7	0.765922700054437
7	0.786892975011787
7	0.797206414899121
7	0.694267515923567
7	0.712978845054317
7	0.764906303236797
7	0.779835390946502
7	0.904813412655489
7	0.738666666666667
7	0.681481481481481
7	0.753739930955121
7	0.662330316742081
7	0.727406679764244
7	0.812128922815946
7	0.676103646833013
7	0.752941176470588
7	0.787450537026569
7	0.833728090952155
7	0.633744855967078
7	0.808314087759815
7	0.778052805280528
7	0.951519069166128
7	0.77159209157128
7	0.725299401197605
7	0.795454545454545
7	0.871412803532009
7	0.753424657534247
7	0.810099947396107
7	0.748412310698583
7	0.669965363681346
7	0.870546914199699
7	0.702985856469356
7	0.723395445134576
7	0.729079981507166
7	0.74488188976378
7	0.869994514536478
7	0.836297309621523
7	0.773872290568248
7	0.806045340050378
7	0.716568993074054
7	0.71693866066404
7	0.733333333333333
7	0.876281613123718
7	0.79685393258427
7	0.691394658753709
7	0.784246575342466
7	0.779220779220779
7	0.813504823151125
7	0.760869565217391
7	0.79884290164664
7	0.781629896443044
7	0.772380570052188
7	0.769089236430543
7	0.783138401559454
7	0.735702614379085
7	0.753926701570681
7	0.777053455019557
7	0.831451612903226
7	0.793690535803706
7	0.742980561555076
7	0.839631782945736
7	0.766519823788546
7	0.801075268817204
7	0.727109515260323
7	0.795397698849425
7	0.79723991507431
7	0.695473251028807
7	0.765377855887522
7	0.708565636087177
7	0.707428571428571
7	0.789473684210526
7	0.637357414448669
7	0.812963879267689
7	0.822863610639502
7	0.819573283858998
7	0.84366576819407
7	0.670757737459979
7	0.710583153347732
7	0.755959137343927
7	0.686534216335541
7	0.815732290308562
7	0.740880503144654
7	0.765097479790775
7	0.716571428571429
7	0.811973018549747
7	0.78215654077723
7	0.864207879295893
7	0.829280155642023
7	0.69371305749597
7	0.817045454545455
7	0.734484175914509
7	0.798611111111111
7	0.78691184424013
7	0.889326334208224
8	0.782916470033034
8	0.759942501197892
8	0.875457875457875
8	0.74526678141136
8	0.682451253481894
8	0.748223801065719
8	0.76431718061674
8	0.765180467091295
8	0.66528681253696
8	0.732800710164225
8	0.713142375737152
8	0.795986622073579
8	0.840715502555366
8	0.798717948717949
8	0.753789858860429
8	0.82638570774164
8	0.805471124620061
8	0.823876532001816
8	0.732819074333801
8	0.777020447906524
8	0.759368836291913
8	0.808435852372584
8	0.808126410835214
8	0.759355755566082
8	0.751046025104602
8	0.668040023543261
8	0.825022261798753
8	0.868818105616094
8	0.753554502369668
8	0.778051787916153
8	0.707233626588465
8	0.774132192106515
8	0.793657331136738
8	0.824276950043821
8	0.652007648183556
8	0.806672025723473
8	0.666666666666667
8	0.733870967741935
8	0.787725935266919
8	0.79639175257732
8	0.808641975308642
8	0.680972818311874
8	0.880481513327601
8	0.727323943661972
8	0.808843850760018
8	0.781418312387792
8	0.789055191768008
8	0.741272118603539
8	0.79615952732644
8	0.672023374726077
8	0.779175704989154
8	0.85814606741573
8	0.831669044222539
8	0.670794192997438
8	0.826923076923077
8	0.73716814159292
8	0.757517899761337
8	0.681386514719848
8	0.730093915884034
8	0.761514841351075
8	0.845111896348645
8	0.735670103092783
8	0.788200339558574
8	0.710371819960861
8	0.875624375624376
8	0.816272965879265
8	0.821841972823352
8	0.754975674480318
8	0.846186440677966
8	0.834914611005693
8	0.818508535489668
8	0.822980105562322
8	0.733749349973999
8	0.776612903225806
8	0.745352112676056
8	0.726469288555015
8	0.727228446176327
8	0.774216027874564
8	0.802563075690829
8	0.786751023446223
8	0.831617949773569
8	0.835676199709161
8	0.854867256637168
8	0.7473209249859
8	0.772173913043478
8	0.743600867678959
8	0.790837575196668
8	0.744689712619742
8	0.859550561797753
8	0.794736842105263
8	0.759898904802022
8	0.853588516746411
8	0.70332936979786
8	0.772523643603783
8	0.748856548856549
8	0.708762886597938
8	0.82035595105673
8	0.853919239904988
8	0.67693036475604
8	0.719578947368421
9	0.92414947016174
9	0.847552447552448
9	0.723476778866638
9	0.8053772070626
9	0.827288428324698
9	0.719638242894057
9	0.791549295774648
9	0.843456790123457
9	0.779864371413667
9	0.757355904877066
9	0.801114444920703
9	0.802541988197912
9	0.742815033161385
9	0.842010771992819
9	0.841436865021771
9	0.797356828193833
9	0.805351521511018
9	0.884040404040404
9	0.656084656084656
9	0.753656307129799
9	0.777883698760724
9	0.846521739130435
9	0.743942133815552
9	0.773121387283237
9	0.825935162094763
9	0.812111801242236
9	0.724442574673959
9	0.813008130081301
9	0.782336850332161
9	0.707646176911544
9	0.826952526799387
9	0.820182501341922
9	0.783206831119545
9	0.756640625
9	0.792262678803641
9	0.74943904263276
9	0.784910379324719
9	0.766431489045674
9	0.721386800334169
9	0.718971631205674
9	0.82985305491106
9	0.689734188817599
9	0.717151848937844
9	0.824750192159877
9	0.719545454545455
9	0.825026511134677
9	0.860205448861099
9	0.719750889679715
9	0.797569153394803
9	0.785375118708452
9	0.80998003992016
9	0.768217734855136
9	0.8530986993114
9	0.877714825306893
9	0.841236240474174
9	0.804822565969063
9	0.85772690106296
9	0.812938816449348
9	0.77743335399876
9	0.837209302325581
9	0.858403361344538
9	0.843062605752961
9	0.758515116724072
9	0.782522736259391
9	0.8652411735455
9	0.821356884785227
9	0.871826371826372
9	0.765139116202946
9	0.790300230946882
9	0.705411585365854
9	0.834719334719335
9	0.816219369894982
9	0.772016092981672
9	0.756712774613507
9	0.804307692307692
9	0.762385762385762
9	0.772295156179267
9	0.847524752475248
9	0.799629801018047
9	0.737613751263903
9	0.762463343108504
9	0.74070796460177
9	0.800510421097405
9	0.805269186712486
9	0.825483599663583
9	0.814075630252101
9	0.806057866184448
9	0.739111686071583
9	0.755068937550689
9	0.78502024291498
9	0.799728137743543
9	0.726950354609929
9	0.752836304700162
9	0.756968215158924
9	0.728595178719867
9	0.833968012185834
9	0.793487221764221
9	0.795375722543353
9	0.815283638068448
9	0.776056338028169
10	0.804304503786369
10	0.808177172061329
10	0.813319878910192
10	0.749207606973059
10	0.844838921761999
10	0.792860290877038
10	0.806599832915622
10	0.721834061135371
10	0.797034945287681
10	0.88495919160513
10	0.821562891767656
10	0.733905579399142
10	0.733024040489245
10	0.691990090834022
10	0.786923076923077
10	0.794345338269943
10	0.802432731293771
10	0.824893699265559
10	0.733115975780158
10	0.686319668355597
10	0.711302211302211
10	0.910656119125175
10	0.741860465116279
10	0.74318744838976
10	0.770114942528736
10	0.738970588235294
10	0.778790389395195
10	0.852760736196319
10	0.856962025316456
10	0.778743961352657
10	0.786427145708583
10	0.8
10	0.795352629433347
10	0.853739002932551
10	0.824396782841823
10	0.828411811652035
10	0.787582839204744
10	0.812813585488228
10	0.783869686134287
10	0.832429768358797
10	0.737975263398992
10	0.790697674418605
10	0.760231102551757
10	0.775987725354814
10	0.745586238116795
10	0.850638977635783
10	0.648705758055996
10	0.745463709677419
10	0.792870544090056
10	0.738955823293173
10	0.69060773480663
10	0.754621072088725
10	0.704264647269829
10	0.777777777777778
10	0.827543424317618
10	0.767153284671533
10	0.750484496124031
10	0.785276073619632
10	0.801680058436815
10	0.727944034201321
10	0.75119780971937
10	0.826538461538462
10	0.893339138006095
10	0.727035490605428
10	0.821000413393964
10	0.746660525103639
10	0.820525291828794
10	0.810069586573885
10	0.770777988614801
10	0.798027444253859
10	0.77645121449156
10	0.699769938650307
10	0.80166270783848
10	0.825847457627119
10	0.785714285714286
10	0.62379421221865
10	0.749315068493151
10	0.782444351112978
10	0.733663812528166
10	0.802169751116784
10	0.802130044843049
10	0.783158813263525
10	0.825638911788953
10	0.802898550724638
10	0.76843146956952
10	0.794905008635579
10	0.735304990757856
10	0.793115684882896
10	0.838040600176522
10	0.782890007189073
10	0.795278495020288
10	0.789669267930137
10	0.696790540540541
10	0.785142024763292
10	0.700552956188856
10	0.830787781350482
10	0.802153968887116
10	0.779806259314456
10	0.837275693311582
10	0.7384
11	0.784898710865562
11	0.734522942461763
11	0.814932486100079
11	0.81483771251932
11	0.752452830188679
11	0.809452363090773
11	0.799014031095942
11	0.736623807548735
11	0.814090019569472
11	0.756401384083045
11	0.813827871804105
11	0.837465564738292
11	0.791943127962085
11	0.781138081973737
11	0.809844341607068
11	0.742702702702703
11	0.830265095729013
11	0.719687628442252
11	0.819465648854962
11	0.759693053311793
11	0.762813318368874
11	0.820488721804511
11	0.780326729231839
11	0.823993982700263
11	0.788476118271418
11	0.787480063795853
11	0.811016949152542
11	0.839531968240702
11	0.7527352297593
11	0.81148429035753
11	0.768825301204819
11	0.818027210884354
11	0.766758134065073
11	0.806880733944954
11	0.775106082036775
11	0.809780654440849
11	0.824365872405842
11	0.771877337322364
11	0.738359201773836
11	0.849770056208482
11	0.858066834351419
11	0.786381322957198
11	0.786885245901639
11	0.755980861244019
11	0.803877221324717
11	0.745105716523101
11	0.742237345810294
11	0.788461538461538
11	0.903812824956672
11	0.821197759586385
11	0.898378805852115
11	0.815041962556488
11	0.79873980726464
11	0.789161392405063
11	0.711129637348895
11	0.845584835876098
11	0.887432536622976
11	0.78293952743292
11	0.799486960239419
11	0.764819837272375
11	0.798046875
11	0.769375470278405
11	0.801005446166737
11	0.75609756097561
11	0.758471965495995
11	0.827814569536424
11	0.81364724660814
11	0.797917652626597
11	0.811969439728353
11	0.7892
11	0.697913102976394
11	0.828059071729958
11	0.845165893685337
11	0.769384492406075
11	0.795238095238095
11	0.777106005642886
11	0.772367873491469
11	0.808720691073632
11	0.835255354200989
11	0.777875329236172
11	0.78663629460896
11	0.729417428984112
11	0.754105445116681
11	0.734584450402145
11	0.851172273190622
11	0.804232804232804
11	0.855269320843091
11	0.762537993920973
11	0.753703703703704
11	0.793778801843318
11	0.798046875
11	0.818217665615142
11	0.789325842696629
11	0.848072562358277
11	0.884300595238095
11	0.756136820925553
11	0.867741935483871
11	0.77
11	0.849848550411077
11	0.816577759540419
12	0.774774774774775
12	0.78275627970129
12	0.857945835462443
12	0.764019570944674
12	0.751573491299519
12	0.748363338788871
12	0.746124031007752
12	0.849348534201954
12	0.784503631961259
12	0.788534548215642
12	0.74692666384061
12	0.779829545454545
12	0.783774250440917
12	0.748805732484076
12	0.847886029411765
12	0.82025512176266
12	0.842715796656431
12	0.745346534653465
12	0.774253043157506
12	0.721993598536808
12	0.820031923383879
12	0.819007460265975
12	0.823757763975155
12	0.765472312703583
12	0.832699619771863
12	0.750805152979066
12	0.856147683733891
12	0.777096897740329
12	0.790808823529412
12	0.864714086471409
12	0.788687299893276
12	0.744886144345812
12	0.940546967895363
12	0.747693541917369
12	0.82754800590842
12	0.790190735694823
12	0.814814814814815
12	0.74390243902439
12	0.799124900556881
12	0.780013413816231
12	0.825760420578295
12	0.78232044198895
12	0.742483197736116
12	0.811193765497698
12	0.742536002809975
12	0.776740237691002
12	0.80885692657078
12	0.738480194017785
12	0.822541233964569
12	0.837480559875583
12	0.7640376501136
12	0.874833555259654
12	0.707408800300865
12	0.79511426319937
12	0.831042128603104
12	0.787434895833333
12	0.800505963136971
12	0.831438651509212
12	0.821705426356589
12	0.803854875283447
12	0.80046403712297
12	0.74898034853541
12	0.756776034236805
12	0.729486023444545
12	0.779780841286674
12	0.764875239923225
12	0.768
12	0.725835429392742
12	0.832228666114333
12	0.775885872066268
12	0.837837837837838
12	0.800164136233073
12	0.86737303617099
12	0.801079734219269
12	0.771704180064309
12	0.88372905027933
12	0.761647535449021
12	0.761456628477905
12	0.790891840607211
12	0.813453536754508
12	0.743882544861338
12	0.808058608058608
12	0.740989399293286
12	0.774064656738104
12	0.750545137374618
12	0.71220556745182
12	0.75027912169706
12	0.781437125748503
12	0.763078253350627
12	0.801875254790053
12	0.789436370081531
12	0.77410782080486
12	0.829749735636235
12	0.774718883288096
12	0.833438885370488
12	0.807994757536042
12	0.760827155676941
12	0.830168005843682
12	0.78343949044586
12	0.797161647628937
13	0.809873949579832
13	0.816878328553871
13	0.765871559633028
13	0.798225435425567
13	0.758781362007169
13	0.777729636048527
13	0.783805668016194
13	0.815743183817062
13	0.781340173132414
13	0.805165210786175
13	0.843896713615023
13	0.90006798096533
13	0.86870897155361
13	0.803357314148681
13	0.831707317073171
13	0.804959289415248
13	0.807500956754688
13	0.755564888702226
13	0.824191790773701
13	0.778069599474721
13	0.847926267281106
13	0.806896551724138
13	0.741654571843251
13	0.815726767275616
13	0.753261274692508
13	0.815073815073815
13	0.852517985611511
13	0.829980532121999
13	0.824086021505376
13	0.823655147844674
13	0.822117276662731
13	0.860882036572248
13	0.812348668280872
13	0.770049099836334
13	0.847071988064155
13	0.793956043956044
13	0.77515923566879
13	0.82878608145512
13	0.81271596406358
13	0.782658517952636
13	0.857380873042319
13	0.799777530589544
13	0.852189141856392
13	0.76953125
13	0.830049261083744
13	0.81876260928043
13	0.781485895907827
13	0.816625916870416
13	0.715761113605748
13	0.859684593610999
13	0.86833855799373
13	0.81048233953665
13	0.833946980854197
13	0.768588469184891
13	0.741475295755045
13	0.841284403669725
13	0.709802028005794
13	0.7665544332211
13	0.864283108354615
13	0.906072874493927
13	0.824347826086957
13	0.813081115742225
13	0.798608568290004
13	0.836118023462496
13	0.763521515988946
13	0.795375218150087
13	0.73168820994908
13	0.788468340997524
13	0.754043965159685
13	0.739130434782609
13	0.823575331772053
13	0.821766561514196
13	0.803618421052632
13	0.810398749022674
13	0.771272727272727
13	0.803619302949062
13	0.745562130177515
13	0.78030833917309
13	0.831674599740372
13	0.809687392648574
13	0.727209705372617
13	0.797663746349604
13	0.865272540281111
13	0.830105334692491
13	0.855564325177585
13	0.869094843130184
13	0.739519885345754
13	0.848164075421766
13	0.793797825211438
13	0.757174392935982
13	0.827083333333333
13	0.858403361344538
13	0.79296066252588
13	0.773318468970643
13	0.835422563687829
13	0.815549260308467
13	0.761710037174721
13	0.838499808649062
13	0.858630952380952
13	0.794995610184372
14	0.815355329949239
14	0.79457079970653
14	0.86006711409396
14	0.843846949327818
14	0.822916666666667
14	0.807971014492754
14	0.879157894736842
14	0.742259750703659
14	0.817216981132076
14	0.795863653772501
14	0.765144152899255
14	0.892328398384926
14	0.812252964426877
14	0.838284942606347
14	0.850251677852349
14	0.842836778332145
14	0.861393323657475
14	0.743708609271523
14	0.740707568293775
14	0.834092980856882
14	0.83816075307748
14	0.749375780274657
14	0.820668693009118
14	0.807793180966654
14	0.829394387001477
14	0.826326129666012
14	0.806307850531368
14	0.809448818897638
14	0.779096477794793
14	0.742356578495362
14	0.787476866132017
14	0.82541851725316
14	0.80796812749004
14	0.815807560137457
14	0.884502309953801
14	0.777694046721929
14	0.809233117130866
14	0.748919188560027
14	0.819771863117871
14	0.756055953599454
14	0.806153846153846
14	0.779961464354528
14	0.826415094339623
14	0.810957910014514
14	0.8368
14	0.769817073170732
14	0.778426791277259
14	0.820868296242247
14	0.826763110307414
14	0.832775919732441
14	0.835963182117028
14	0.816457960644007
14	0.812756264236902
14	0.792446524064171
14	0.787780187997108
14	0.762755102040816
14	0.84915611814346
14	0.760632688927944
14	0.821520618556701
14	0.782550782550783
14	0.850372111241676
14	0.79378270236996
14	0.790168261299901
14	0.759206798866855
14	0.774450341167551
14	0.827622377622378
14	0.845863371095091
14	0.768218623481781
14	0.806810284920083
14	0.84208658623137
14	0.693032015065913
14	0.83917373662855
14	0.786628278950736
14	0.789282170029772
14	0.826936744847193
14	0.751112759643917
14	0.747714048212801
14	0.861765740415054
14	0.833044683062002
14	0.859766277128548
14	0.794728682170543
14	0.814573845152895
14	0.825138504155125
14	0.842126298960831
14	0.764525993883792
14	0.844102564102564
14	0.834877164720097
14	0.822293447293447
14	0.909636145541783
14	0.824972129319955
14	0.740515390121689
14	0.796268656716418
14	0.78865671641791
14	0.753312945973496
14	0.85170857511283
14	0.849286460146189
14	0.784149013878744
14	0.803877221324717
14	0.785807291666667
14	0.854361370716511
15	0.823807790316709
15	0.777669902912621
15	0.83962962962963
15	0.868683718028696
15	0.861067748985326
15	0.741935483870968
15	0.794957983193277
15	0.774669073405535
15	0.778527607361963
15	0.801259842519685
15	0.802425789977657
15	0.828088119590873
15	0.753496503496504
15	0.775643823657791
15	0.795348837209302
15	0.807971014492754
15	0.867013888888889
15	0.75828677839851
15	0.82291325695581
15	0.778266756939743
15	0.789627465303141
15	0.758355614973262
15	0.784850413749204
15	0.821116928446771
15	0.784915193071093
15	0.757402422611036
15	0.747959183673469
15	0.826145552560647
15	0.795576407506702
15	0.832408874801902
15	0.859150326797386
15	0.746596858638743
15	0.794274929223026
15	0.839472794863129
15	0.816248809901619
15	0.737104233368908
15	0.753090659340659
15	0.828348062542488
15	0.833784189960926
15	0.810174880763116
15	0.767065674538984
15	0.87923875432526
15	0.80060120240481
15	0.852258064516129
15	0.836318932209343
15	0.838302009073234
15	0.808704453441296
15	0.799405155320555
15	0.868645640074212
15	0.92517569243489
15	0.866941886313115
15	0.82582761705935
15	0.789869281045752
15	0.783433449257035
15	0.809267965077233
15	0.777031564808596
15	0.814436499829758
15	0.777973258268825
15	0.763647838434838
15	0.861730260672459
15	0.808797127468582
15	0.803807303807304
15	0.807336417713153
15	0.801703163017032
15	0.851167654234925
15	0.814432989690722
15	0.795147313691508
15	0.852998065764023
15	0.745689655172414
15	0.84609405363389
15	0.8342330898698
15	0.705174927113703
15	0.836720142602495
15	0.818500350385424
15	0.820079165167326
15	0.81523554961577
15	0.850746268656716
15	0.786913326481672
15	0.878441907320349
15	0.81171679197995
15	0.79271523178808
15	0.785810356422327
15	0.793683487813251
15	0.851361031518625
15	0.902695871946083
15	0.804171085189113
15	0.851293103448276
15	0.759233926128591
15	0.81942899517983
15	0.792382141742117
15	0.769532526969598
15	0.748934659090909
15	0.760734379626888
15	0.80097244732577
15	0.710239651416122
15	0.707035351767588
15	0.779159049360146
15	0.831432192648923
15	0.81213171577123
15	0.843302180685358
16	0.84642301710731
16	0.764030612244898
16	0.76542750929368
16	0.864413850646642
16	0.801096067053514
16	0.812415654520918
16	0.837531486146096
16	0.778250088558271
16	0.824171952078929
16	0.808209959623149
16	0.793678977272727
16	0.83640081799591
16	0.858831254103743
16	0.768069386443945
16	0.782456140350877
16	0.773987886515779
16	0.750878563061304
16	0.805555555555556
16	0.738524849635961
16	0.852725533949633
16	0.81715048381715
16	0.807881773399015
16	0.821495678316422
16	0.860957342885054
16	0.791459491079263
16	0.875348189415042
16	0.865060240963855
16	0.795026642984014
16	0.851316634553629
16	0.838905775075988
16	0.763654419066534
16	0.808496291301416
16	0.813173156586578
16	0.733056133056133
16	0.763664122137405
16	0.809415337889142
16	0.890312853373539
16	0.804742839544195
16	0.811775200713649
16	0.837201699901929
16	0.766595289079229
16	0.821700701005791
16	0.842204605511514
16	0.782388343363953
16	0.875275938189846
16	0.788264514126048
16	0.821612903225806
16	0.78988326848249
16	0.810475325461702
16	0.790165324289953
16	0.827986556675833
16	0.803188028627196
16	0.823350253807107
16	0.775823472977294
16	0.863770977295163
16	0.81386748844376
16	0.780502759043532
16	0.845928099779897
16	0.840915848944395
16	0.710934680620715
16	0.821112515802781
16	0.759797297297297
16	0.856452212718483
16	0.812600321027287
16	0.745928338762215
16	0.774496644295302
16	0.82271186440678
16	0.856023102310231
16	0.858010118043845
16	0.829418672930123
16	0.815747529486771
16	0.834935366257872
16	0.70889581169955
16	0.811955168119552
16	0.804242424242424
16	0.808904777380565
16	0.798423037367158
16	0.793638170974155
16	0.885901413305757
16	0.829124870287098
16	0.835977157360406
16	0.836308393467527
16	0.835620525059666
16	0.794207836456559
16	0.772568229531141
16	0.798283261802575
16	0.78689111747851
16	0.80713296398892
16	0.810506566604128
16	0.782530120481928
16	0.803559870550162
16	0.798794489092997
16	0.787524366471735
16	0.794600510762495
16	0.851672862453532
16	0.842554644808743
16	0.7972334682861
16	0.798936835522201
16	0.890438924804355
16	0.775694893341952
17	0.813357400722022
17	0.786780383795309
17	0.810973675864256
17	0.829457364341085
17	0.842225113858165
17	0.813502673796791
17	0.822343696617697
17	0.835651892591394
17	0.766783328030544
17	0.800983606557377
17	0.802584814216478
17	0.789724072312084
17	0.791131105398458
17	0.831201248049922
17	0.856495994427029
17	0.79337899543379
17	0.829305135951662
17	0.823247453565009
17	0.78071722516167
17	0.780212697389623
17	0.809567060248259
17	0.794283815221004
17	0.818301082322073
17	0.819070904645477
17	0.827083978927797
17	0.804140127388535
17	0.817310485042114
17	0.802424639580603
17	0.803886925795053
17	0.810075093867334
17	0.774557165861514
17	0.870343839541547
17	0.837812203604173
17	0.87557003257329
17	0.809887091852304
17	0.777469670710572
17	0.797811059907834
17	0.807968647942521
17	0.745793269230769
17	0.85673714105396
17	0.848635963625697
17	0.828681424446583
17	0.757382282521947
17	0.837925445705024
17	0.814702308626974
17	0.797093188942719
17	0.809279817819528
17	0.828114363512594
17	0.906752411575563
17	0.8124796880078
17	0.818123393316195
17	0.734253957561468
17	0.85604036806174
17	0.830170157068063
17	0.842442748091603
17	0.877414822620302
17	0.82215088282504
17	0.788016932595246
17	0.839815425181279
17	0.824550898203593
17	0.821951219512195
17	0.858260607884442
17	0.821280991735537
17	0.789278489548213
17	0.827758007117438
17	0.859939759036145
17	0.834597875569044
17	0.77738411573664
17	0.793279327932793
17	0.798196517412935
17	0.817415730337079
17	0.748350612629595
17	0.865603644646925
17	0.8092277486911
17	0.859086491739553
17	0.788855193328279
17	0.803273213092852
17	0.801816412585144
17	0.865111881500158
17	0.785692541856925
17	0.808504129703273
17	0.786840509399636
17	0.853525641025641
17	0.762152777777778
17	0.84576802507837
17	0.774760383386581
17	0.813087248322148
17	0.878257487359004
17	0.892891297417915
17	0.778335301062574
17	0.822738728647438
17	0.81858407079646
17	0.860600193610842
17	0.829428303655108
17	0.760855043420174
17	0.847483791293609
17	0.796940194714882
17	0.81953488372093
17	0.786520947176685
17	0.869427869427869
18	0.802639472105579
18	0.778436457947388
18	0.804373522458629
18	0.837122497455039
18	0.826553672316384
18	0.869016697588126
18	0.80213719407101
18	0.810323383084577
18	0.808026030368764
18	0.823417721518987
18	0.827406764960971
18	0.81900878293601
18	0.845581672121392
18	0.789955780164245
18	0.846512985118179
18	0.851329176238924
18	0.829379822806516
18	0.886879316014469
18	0.842210196525206
18	0.79696394686907
18	0.850515463917526
18	0.851288419745421
18	0.836479902557856
18	0.809273570324575
18	0.877152028012839
18	0.777777777777778
18	0.71822104215068
18	0.858746492048644
18	0.833093525179856
18	0.79778156996587
18	0.820091004550228
18	0.825659914057704
18	0.819356977129599
18	0.855569948186529
18	0.830727600721587
18	0.850828729281768
18	0.86267047256581
18	0.798369394794606
18	0.853590192644483
18	0.789815447710185
18	0.776481149012567
18	0.768134304719671
18	0.819738167170191
18	0.846177847113885
18	0.840749414519906
18	0.88397976391231
18	0.8278739184178
18	0.790179845846417
18	0.851947308132875
18	0.834743005855563
18	0.835098768966504
18	0.808529945553539
18	0.82435003170577
18	0.805373525557012
18	0.7915625
18	0.809854897218863
18	0.751954957772912
18	0.855382810208272
18	0.844761056693381
18	0.827956989247312
18	0.843348891481914
18	0.821428571428571
18	0.833660130718954
18	0.866387636831938
18	0.802969938428106
18	0.835598705501618
18	0.838906752411576
18	0.783694344163658
18	0.773189326556544
18	0.88657616892911
18	0.839423399262487
18	0.834782608695652
18	0.76659891598916
18	0.799645913248746
18	0.818209316394434
18	0.815540319947764
18	0.761401189689359
18	0.892169049098819
18	0.836646499567848
18	0.791182603515043
18	0.7998217998218
18	0.83681875792142
18	0.84070796460177
18	0.767186067827681
18	0.77021563342318
18	0.845383411580595
18	0.784589614740368
18	0.82137211508062
18	0.754696915987239
18	0.794902548725637
18	0.845944309927361
18	0.762175838077166
18	0.781167108753316
18	0.836369065392655
18	0.782541161851507
18	0.780701754385965
18	0.844116761962082
18	0.808173477898249
18	0.77813981042654
18	0.841113105924596
19	0.801564027370479
19	0.836357947434293
19	0.851628063108426
19	0.837480798771121
19	0.84130072262368
19	0.864718958399492
19	0.796625766871166
19	0.850653038046564
19	0.801558947710296
19	0.755913609873157
19	0.863401277760876
19	0.794291681169509
19	0.779802808485211
19	0.806572769953052
19	0.766521301576652
19	0.832050185343599
19	0.780535597648596
19	0.772245762711864
19	0.825985401459854
19	0.834009360374415
19	0.847321684331137
19	0.877363737486096
19	0.790851735015773
19	0.781707317073171
19	0.867182462927144
19	0.812943514050525
19	0.771399456521739
19	0.826999087868653
19	0.795117123061696
19	0.764312018747908
19	0.815814850530376
19	0.839580686149936
19	0.817491749174918
19	0.836978810663021
19	0.873484103572599
19	0.819385742462665
19	0.804302360322677
19	0.792042795051822
19	0.77195325542571
19	0.844372990353698
19	0.814356435643564
19	0.810034602076125
19	0.844036697247706
19	0.844249451582576
19	0.787982832618026
19	0.784681636419563
19	0.759766225776684
19	0.820634450044471
19	0.799565059804277
19	0.846620450606586
19	0.807378203323008
19	0.84709388971684
19	0.819329388560158
19	0.78849351513136
19	0.806717737183265
19	0.782566741717594
19	0.74803890806401
19	0.831837223219629
19	0.777212614445575
19	0.843297101449275
19	0.859775410308091
19	0.784830997526793
19	0.8355043926083
19	0.826906598114824
19	0.781855249745158
19	0.876332622601279
19	0.815042434884402
19	0.79940119760479
19	0.802044293015332
19	0.803711220643665
19	0.850179914949297
19	0.826278360988825
19	0.851095767036926
19	0.788941902890822
19	0.799793601651187
19	0.834329349269588
19	0.834792761237595
19	0.811107416029265
19	0.851197263397948
19	0.840916866233322
19	0.802620802620803
19	0.844464232710003
19	0.785523583506378
19	0.785861561119293
19	0.807608100711549
19	0.844452372458081
19	0.807124239791486
19	0.868464868464868
19	0.830582687773661
19	0.812687013764213
19	0.76711509715994
19	0.82173526798934
19	0.78125
19	0.844281524926686
19	0.84126455906822
19	0.819392426133999
19	0.824118978338183
19	0.736477987421384
19	0.865372953305033
19	0.849406753878917
20	0.826981246218996
20	0.807884671962342
20	0.838742393509128
20	0.842747658245813
20	0.793748084584738
20	0.805405405405405
20	0.761847268336855
20	0.807411907654921
20	0.864275466284075
20	0.853438228438228
20	0.877181641887524
20	0.826461870115872
20	0.841412520064205
20	0.837209302325581
20	0.805668016194332
20	0.819012275192692
20	0.821358680458485
20	0.790549169859515
20	0.796133567662566
20	0.846984698469847
20	0.823359580052493
20	0.875388527832721
20	0.860307692307692
20	0.805243445692884
20	0.804976216611782
20	0.760974143114853
20	0.79057905790579
20	0.818721719457014
20	0.800658978583196
20	0.835071707953064
20	0.772597254004577
20	0.812608444187392
20	0.80847909872517
20	0.815579410955134
20	0.790779014308426
20	0.902933172059268
20	0.840060240963855
20	0.798426150121065
20	0.864230540701129
20	0.816030760130139
20	0.814943527367507
20	0.876758409785933
20	0.801793981481482
20	0.741944764096663
20	0.850117096018735
20	0.85434439178515
20	0.80163838502048
20	0.816396922260547
20	0.779816513761468
20	0.818368544600939
20	0.859988283538371
20	0.782839313572543
20	0.774376775007889
20	0.828639193596205
20	0.809105180533752
20	0.811412268188302
20	0.83834281072299
20	0.801517805020432
20	0.833803700219505
20	0.77431906614786
20	0.845134076529075
20	0.821171312245537
20	0.820262349986045
20	0.757793103448276
20	0.860119047619048
20	0.840399002493766
20	0.819843342036554
20	0.82631874298541
20	0.83579444772593
20	0.820020222446916
20	0.863453815261044
20	0.852490421455939
20	0.861629048086359
20	0.842645726366657
20	0.799225498957402
20	0.795622688039457
20	0.865958074992619
20	0.871716554673183
20	0.822384428223844
20	0.850947731188972
20	0.852621780949426
20	0.812733084709643
20	0.832764505119454
20	0.838614154575067
20	0.846410178733717
20	0.832570905763952
20	0.838274932614555
20	0.818580192813322
20	0.826086956521739
20	0.897803247373448
20	0.831015719467956
20	0.832624113475177
20	0.849771949828962
20	0.866881217086015
20	0.810610551274452
20	0.820439100888657
20	0.784183994959042
20	0.859734369938452
20	0.752948291502873
20	0.810548651106396
21	0.857464607464608
21	0.85007072135785
21	0.817610062893082
21	0.814285714285714
21	0.798216276477146
21	0.788526434195726
21	0.834984520123839
21	0.894005212858384
21	0.879781420765027
21	0.819816976964342
21	0.876528117359413
21	0.885705483672212
21	0.845645645645646
21	0.808695652173913
21	0.82387285111904
21	0.843261131167268
21	0.838654503990878
21	0.820693890082898
21	0.779861796643633
21	0.832179930795848
21	0.838603244432224
21	0.852862493311932
21	0.790491283676704
21	0.80499548600662
21	0.849570624814925
21	0.848136732978425
21	0.810778797749482
21	0.883563748079877
21	0.855461677730839
21	0.820231213872832
21	0.799189189189189
21	0.82410135533294
21	0.805073431241656
21	0.858665937670858
21	0.811684275947794
21	0.821155609905228
21	0.837265787647467
21	0.830211121022896
21	0.794455912710115
21	0.789613455296548
21	0.854616895874263
21	0.816049731562588
21	0.860639777468707
21	0.830536451169188
21	0.807575757575758
21	0.806553079947575
21	0.800972348830143
21	0.80309515969707
21	0.86460522365656
21	0.790395846852693
21	0.84681288553804
21	0.849339735894358
21	0.852737085582113
21	0.840385176539247
21	0.798826214541898
21	0.858594917787743
21	0.787031700288184
21	0.823663624511082
21	0.80031847133758
21	0.840021545919741
21	0.783821093318608
21	0.855347839411584
21	0.789874961878621
21	0.815167432698621
21	0.85480572597137
21	0.812518452908178
21	0.844036697247706
21	0.884661473936489
21	0.803434529285495
21	0.855045298344267
21	0.807202216066482
21	0.806461634047841
21	0.827715355805243
21	0.840806500150466
21	0.795475113122172
21	0.818855027057818
21	0.793845234538393
21	0.856062896885395
21	0.84290637564618
21	0.819196428571429
21	0.81442731277533
21	0.824039295001445
21	0.823359352413992
21	0.908256880733945
21	0.777402085094393
21	0.809196775156763
21	0.806113537117904
21	0.798541476754786
21	0.796467619848612
21	0.80445765230312
21	0.826695706285003
21	0.815819531696174
21	0.827834765733296
21	0.811631944444444
21	0.831120716270454
21	0.79754049190162
21	0.832134292565947
21	0.863514239656099
21	0.840349740932642
21	0.827843024921226
22	0.872907625542467
22	0.825874694873881
22	0.857962697274032
22	0.873130341880342
22	0.830527497194164
22	0.810850439882698
22	0.805944653228562
22	0.78958387856582
22	0.786413356361543
22	0.859476203886229
22	0.805002842524161
22	0.838006230529595
22	0.867332382310984
22	0.830188679245283
22	0.809011627906977
22	0.830165542611895
22	0.821428571428571
22	0.853471196454948
22	0.755244755244755
22	0.796046720575022
22	0.847613731509908
22	0.862048894062864
22	0.896496303439409
22	0.834538375973304
22	0.796703296703297
22	0.850741457124436
22	0.759367480233757
22	0.777777777777778
22	0.832272349847772
22	0.814469717730885
22	0.836179450072359
22	0.817352859906051
22	0.838691159586682
22	0.891177374731018
22	0.814468085106383
22	0.775437459494491
22	0.822403602589361
22	0.837122225193902
22	0.842682544656847
22	0.835164835164835
22	0.788048552754435
22	0.813197636244255
22	0.857340720221607
22	0.853959731543624
22	0.851982378854626
22	0.876266666666667
22	0.876078702105627
22	0.805885850178359
22	0.851513420902342
22	0.850705088902514
22	0.84399882040696
22	0.863702837086867
22	0.826991676575505
22	0.823328591749644
22	0.824497257769653
22	0.85686591276252
22	0.842329545454545
22	0.808604871875989
22	0.847735482078355
22	0.861680327868853
22	0.830230356579363
22	0.816774992262457
22	0.798990748528175
22	0.808516336368506
22	0.879037365421153
22	0.825641025641026
22	0.891845196959226
22	0.83299210295408
22	0.836691410392365
22	0.878624813153961
22	0.814314458177637
22	0.852305065452476
22	0.855829130821715
22	0.857907054496824
22	0.877634660421546
22	0.84529461044401
22	0.830858085808581
22	0.815997366688611
22	0.873640167364017
22	0.861548556430446
22	0.823348264277716
22	0.849562682215743
22	0.800778909526663
22	0.857821229050279
22	0.807598039215686
22	0.837998963193364
22	0.814293304994687
22	0.862036156041865
22	0.845547445255474
22	0.803211586901763
22	0.794665012406948
22	0.851058057514921
22	0.838933333333333
22	0.860912760012418
22	0.82844702467344
22	0.817687074829932
22	0.786573426573427
22	0.854843264614516
22	0.809294417682063
22	0.763207193705508
23	0.886825817860301
23	0.800516647531573
23	0.830959752321981
23	0.783809523809524
23	0.909151636606546
23	0.87047913446677
23	0.811220420101037
23	0.836352836352836
23	0.828065395095368
23	0.892484914975315
23	0.846031324661534
23	0.7817041892277
23	0.825575173889781
23	0.896875
23	0.825633383010432
23	0.839444735463594
23	0.825609031491384
23	0.813946498346859
23	0.863013698630137
23	0.853219407995118
23	0.813722932428907
23	0.844701240135287
23	0.877823129251701
23	0.800262467191601
23	0.834386157648997
23	0.848167539267016
23	0.858078602620087
23	0.835785049534674
23	0.864945087563075
23	0.842753217683268
23	0.830246913580247
23	0.831079136690647
23	0.854211332312404
23	0.919212690951821
23	0.803634391103878
23	0.827613104524181
23	0.85781990521327
23	0.821884984025559
23	0.845111896348645
23	0.768456375838926
23	0.849011223944415
23	0.796078431372549
23	0.80045871559633
23	0.820074137439407
23	0.821846908199401
23	0.822929171668667
23	0.860418458010891
23	0.77697425513451
23	0.843940936863544
23	0.806441902468393
23	0.800965018094089
23	0.833864888373442
23	0.836386215461037
23	0.839855675825701
23	0.802197802197802
23	0.830716528689695
23	0.794225870365129
23	0.795265348595213
23	0.814055636896047
23	0.789135670323789
23	0.803147077713552
23	0.863579080025205
23	0.82504239683437
23	0.866649062582519
23	0.85442435775452
23	0.828226555246054
23	0.838089516371283
23	0.806518518518519
23	0.841187687278671
23	0.846708746618575
23	0.852820211515864
23	0.828207847295864
23	0.795007966011683
23	0.815595075239398
23	0.808978608014462
23	0.808599581964766
23	0.827277970011534
23	0.779954571266326
23	0.849183477425552
23	0.820687519355838
23	0.828192640692641
23	0.826864004468026
23	0.878299120234604
23	0.793453070683662
23	0.825660825660826
23	0.803848363009764
23	0.815290519877676
23	0.86411149825784
23	0.896150402864817
23	0.849535080304311
23	0.822516930022573
23	0.852528945764778
23	0.799088059276147
23	0.82228490832158
23	0.842406876790831
23	0.804795486600846
23	0.861287648521691
23	0.8259375
23	0.845285149632976
23	0.804938956714761
24	0.826037195994277
24	0.83377308707124
24	0.844816883923029
24	0.809538092381524
24	0.831314623338257
24	0.798505397176861
24	0.84404432132964
24	0.847381015687317
24	0.794812680115274
24	0.879413362303096
24	0.829792615073343
24	0.855334538878843
24	0.856004901960784
24	0.870158818612427
24	0.844944429384657
24	0.86302807662031
24	0.795610425240055
24	0.852084972462628
24	0.858294930875576
24	0.769633507853403
24	0.826231181423833
24	0.83040356523892
24	0.839956152370512
24	0.763604952490642
24	0.826330532212885
24	0.849318801089918
24	0.846916299559471
24	0.829461601530473
24	0.800614282057845
24	0.825202191494913
24	0.854183266932271
24	0.827534039334342
24	0.828532608695652
24	0.839213418160787
24	0.834213615023474
24	0.828864803194524
24	0.814753556070129
24	0.835808349677781
24	0.79965257672264
24	0.785864661654135
24	0.825396825396825
24	0.808211312087281
24	0.80499548600662
24	0.777485380116959
24	0.847264648708692
24	0.830747922437673
24	0.829563812600969
24	0.838160136286201
24	0.810086455331412
24	0.833689839572193
24	0.782494911311428
24	0.841163908168713
24	0.794375165826479
24	0.801558586139716
24	0.80826859045505
24	0.832807570977918
24	0.805367378843147
24	0.809803921568627
24	0.794181620445894
24	0.763278126784694
24	0.855461264713934
24	0.818355119825708
24	0.829538986909505
24	0.835164835164835
24	0.807327358987876
24	0.801518438177874
24	0.808922805987672
24	0.759364698831286
24	0.891375545851528
24	0.823125659978881
24	0.78311499272198
24	0.804619565217391
24	0.814001171646163
24	0.856020207690149
24	0.841044564291797
24	0.875452772359989
24	0.876850041887741
24	0.811758211426994
24	0.804033092037229
24	0.818181818181818
24	0.84315424610052
24	0.835915088927137
24	0.829825081529795
24	0.801458216489063
24	0.81318082788671
24	0.850505602623668
24	0.79553264604811
24	0.863855080667988
24	0.843298969072165
24	0.786474820143885
24	0.822452229299363
24	0.802788844621514
24	0.781678986272439
24	0.834329632792485
24	0.805562709245429
24	0.812411847672779
24	0.888729154686602
24	0.78018018018018
24	0.880504908835905
24	0.797872340425532
25	0.796766743648961
25	0.818994413407821
25	0.825218125527723
25	0.83203732503888
25	0.839627659574468
25	0.843522153673584
25	0.824888226527571
25	0.853243243243243
25	0.808597748208802
25	0.830732610420524
25	0.827634139560745
25	0.830260166708765
25	0.807986870897155
25	0.853247118358167
25	0.833416708354177
25	0.824722748174195
25	0.837533512064343
25	0.859347181008902
25	0.812532366649404
25	0.843601895734597
25	0.850997150997151
25	0.882198952879581
25	0.86525448661371
25	0.816942268639397
25	0.848413322842906
25	0.864957716701903
25	0.85761957730812
25	0.797817047817048
25	0.856888361045131
25	0.826878612716763
25	0.799947005829359
25	0.812009737625101
25	0.84398760912419
25	0.835207100591716
25	0.866565809379728
25	0.81985698569857
25	0.83187946074544
25	0.828597899938234
25	0.839345172031077
25	0.8200682952456
25	0.88
25	0.828972734783806
25	0.870152255099109
25	0.862510436960757
25	0.856705620478575
25	0.816202810691651
25	0.864705882352941
25	0.839903459372486
25	0.846820809248555
25	0.828834003446295
25	0.889700130378096
25	0.864989881468633
25	0.84737853417513
25	0.813051702395965
25	0.810700706137969
25	0.827204783258595
25	0.821178529754959
25	0.82593037214886
25	0.856080114449213
25	0.833542319749216
25	0.826913580246914
25	0.799491669020051
25	0.811881188118812
25	0.839053937121431
25	0.846569883290635
25	0.846263142938335
25	0.834600760456274
25	0.844752818733738
25	0.850321139346551
25	0.778156102671556
25	0.832596828697686
25	0.833285261032593
25	0.825642442663719
25	0.86776628459603
25	0.849630723781388
25	0.817201472908995
25	0.830892143808256
25	0.84560502283105
25	0.810714285714286
25	0.843599205222822
25	0.858784893267652
25	0.848807128485197
25	0.839858698851928
25	0.822161422708618
25	0.80942118226601
25	0.828909329829172
25	0.799351797289334
25	0.831176647607583
25	0.839194554736245
25	0.82591725214676
25	0.851702869401984
25	0.84197664947054
25	0.834234721471065
25	0.824785212184327
25	0.798262818716727
25	0.813177410154022
25	0.844405594405594
25	0.808951048951049
25	0.839852607709751
25	0.820282762370854
26	0.790520294197766
26	0.870491240123669
26	0.837069436850738
26	0.858176943699732
26	0.819967266775777
26	0.820153398571806
26	0.842131474103586
26	0.859309623430962
26	0.862579281183932
26	0.863132911392405
26	0.827199539965497
26	0.846887417218543
26	0.835660580021482
26	0.832158351409978
26	0.831416623105071
26	0.835658914728682
26	0.837030464359657
26	0.856457896314055
26	0.86004816697886
26	0.821204188481675
26	0.869142351900973
26	0.822264049475665
26	0.872680559520411
26	0.808136338647609
26	0.796407185628742
26	0.83045740892906
26	0.867807612865152
26	0.823892316320808
26	0.827359919232711
26	0.799536798764797
26	0.890988770199945
26	0.829231541938724
26	0.86046511627907
26	0.847165991902834
26	0.8515625
26	0.877008164340269
26	0.798424162836507
26	0.863990040460629
26	0.796577422025945
26	0.858689458689459
26	0.844222539229672
26	0.856260527793374
26	0.81110029211295
26	0.885292594510616
26	0.78268780868209
26	0.863838047698281
26	0.80186170212766
26	0.851654215581644
26	0.85853522695628
26	0.844963144963145
26	0.839014680268724
26	0.822045905355625
26	0.843428880475933
26	0.828643781654474
26	0.801470588235294
26	0.85611038107753
26	0.860895202358617
26	0.850304152340651
26	0.865427927927928
26	0.820664414414414
26	0.839365918097754
26	0.850649350649351
26	0.837973933649289
26	0.798624484181568
26	0.842386941396842
26	0.844012605042017
26	0.813092417061611
26	0.822636737274739
26	0.833168071393158
26	0.837107377647918
26	0.774202574146614
26	0.868957483983692
26	0.863024979412572
26	0.835495716034272
26	0.804729214340198
26	0.835111788617886
26	0.865253793825222
26	0.847166571265026
26	0.841798941798942
26	0.83293172690763
26	0.856859410430839
26	0.814113124656782
26	0.832823365785814
26	0.83625730994152
26	0.854131534569983
26	0.83786557208825
26	0.818279859800485
26	0.830405989058451
26	0.842149454240134
26	0.882337030024344
26	0.858342361863489
26	0.850551938862157
26	0.831485587583149
26	0.823045267489712
26	0.862134862134862
26	0.816082802547771
26	0.852295918367347
26	0.816989893471729
26	0.817949446180062
26	0.911139240506329
27	0.850350740452065
27	0.884243532793311
27	0.841170323928945
27	0.861355259427275
27	0.799269046949677
27	0.868190798758115
27	0.804863582443654
27	0.853108744116919
27	0.858344640434193
27	0.828282828282828
27	0.837426588360918
27	0.834428024083196
27	0.859003397508494
27	0.866107723577236
27	0.855425498260044
27	0.820302486541912
27	0.796414463688848
27	0.800275862068966
27	0.801002506265664
27	0.839247311827957
27	0.837789661319073
27	0.821281741233374
27	0.813329720942834
27	0.8231418028466
27	0.8585291113381
27	0.836138874276697
27	0.825267304445695
27	0.809006622516556
27	0.839573518472601
27	0.880406461698801
27	0.799075584556824
27	0.805948174322733
27	0.807842046718576
27	0.839765100671141
27	0.854386416259326
27	0.816155988857939
27	0.868286099865047
27	0.853441069935915
27	0.844049247606019
27	0.833853354134165
27	0.834338305299905
27	0.805365453052286
27	0.829137199434229
27	0.833502796136248
27	0.867867106264266
27	0.850793650793651
27	0.853396275898243
27	0.830449826989619
27	0.838850889192886
27	0.834528815236211
27	0.857462130618326
27	0.848541114058355
27	0.788010204081633
27	0.842191780821918
27	0.829524065609035
27	0.823674138873701
27	0.827819956616052
27	0.845413212088794
27	0.818558838776568
27	0.826524741081703
27	0.852865697177074
27	0.895017793594306
27	0.841061377646743
27	0.822027340727366
27	0.831576101649094
27	0.899141036298144
27	0.83463377800151
27	0.818571046293819
27	0.869204350314825
27	0.821711785616626
27	0.844662772172066
27	0.832315521628499
27	0.85920471281296
27	0.863574351978172
27	0.864101184068891
27	0.864704363542473
27	0.822916666666667
27	0.868246171626697
27	0.832167832167832
27	0.841239374828626
27	0.818446859263186
27	0.866479663394109
27	0.866372599896212
27	0.830296720458095
27	0.850276725895718
27	0.824035525950597
27	0.850192821121329
27	0.855052457205964
27	0.834571062740077
27	0.842709207948503
27	0.876008064516129
27	0.860769860769861
27	0.792713221087497
27	0.910276073619632
27	0.81762349799733
27	0.811201216421693
27	0.86562150055991
27	0.847470817120623
27	0.827485380116959
27	0.813340653307713
28	0.85175751400917
28	0.83743842364532
28	0.869866666666667
28	0.858886346300534
28	0.851972041937094
28	0.82567726737338
28	0.826782325833559
28	0.855273093380317
28	0.827956989247312
28	0.868874528809908
28	0.839610218593627
28	0.846953103060938
28	0.819862000985707
28	0.877014418999152
28	0.805749805749806
28	0.876072690560323
28	0.848825831702544
28	0.849715678310317
28	0.826441784548422
28	0.845127925966249
28	0.852717248621686
28	0.864849833147942
28	0.858865794200667
28	0.801430143014301
28	0.889825897714907
28	0.811129848229342
28	0.847587439366862
28	0.803383250138658
28	0.836616758602574
28	0.839438815276695
28	0.865322816243062
28	0.857394809775762
28	0.896468699839486
28	0.821327136586625
28	0.832990221307257
28	0.83546511627907
28	0.813656147986942
28	0.828688315008949
28	0.855018587360595
28	0.803769687580687
28	0.822670025188917
28	0.856287425149701
28	0.849109918055948
28	0.802328589909444
28	0.838602329450915
28	0.830213903743315
28	0.90188779579899
28	0.814977973568282
28	0.858067729083665
28	0.872727272727273
28	0.813395882199635
28	0.822116653470573
28	0.840535759413697
28	0.859324758842444
28	0.837735849056604
28	0.80926494918459
28	0.869992040329
28	0.823464912280702
28	0.854346574553828
28	0.860158311345646
28	0.824843366929992
28	0.839660056657224
28	0.84617296222664
28	0.843227199136535
28	0.827196212519726
28	0.797061269753258
28	0.858924395946999
28	0.865029054410988
28	0.858569500674764
28	0.79337899543379
28	0.82574568288854
28	0.823887199336467
28	0.816749803097926
28	0.794672028147776
28	0.851997749015194
28	0.851063829787234
28	0.857910447761194
28	0.818508074852602
28	0.811182916549593
28	0.913807531380753
28	0.852281515854602
28	0.841294701122422
28	0.846337579617834
28	0.819744597249509
28	0.836260470143205
28	0.777264998785523
28	0.860100561963916
28	0.836342113051199
28	0.831909547738694
28	0.863048368953881
28	0.803192881444648
28	0.848168938786421
28	0.849456665783196
28	0.836354084581035
28	0.869760479041916
28	0.801222428913101
28	0.863832232117208
28	0.838770558101914
28	0.854607152179588
28	0.790797083228564
29	0.814385775862069
29	0.835273718107506
29	0.845056065239551
29	0.80952380952381
29	0.876214833759591
29	0.806603773584906
29	0.8263992816522
29	0.864401772525849
29	0.834876157117838
29	0.901062045835662
29	0.824763366589921
29	0.816384915474642
29	0.869161225514817
29	0.846384788591444
29	0.85659114315139
29	0.859625668449198
29	0.825605900948367
29	0.896805896805897
29	0.848425677324872
29	0.79267663744198
29	0.866865509761388
29	0.862205765670458
29	0.804594799293108
29	0.834155701754386
29	0.840528872099298
29	0.830179157204138
29	0.812893081761006
29	0.813514929282347
29	0.832736816988786
29	0.865335235378031
29	0.852985449071751
29	0.874693543993462
29	0.864203694458313
29	0.847483477376716
29	0.885019513659562
29	0.844020356234097
29	0.833679833679834
29	0.842668167745567
29	0.876771255060729
29	0.843684759916493
29	0.859458023379384
29	0.846243447874199
29	0.846467391304348
29	0.818034118602762
29	0.861133069828722
29	0.84
29	0.865452706120384
29	0.843795620437956
29	0.869482805307338
29	0.854975124378109
29	0.89922480620155
29	0.821495078478319
29	0.848582129481006
29	0.824154319261951
29	0.870450841933732
29	0.841240310077519
29	0.867963683527886
29	0.810314465408805
29	0.854633882734396
29	0.833203631647211
29	0.854628921193573
29	0.836240562353554
29	0.809511826874685
29	0.80851593625498
29	0.851471404775125
29	0.842806841046278
29	0.85366478728857
29	0.869137670196672
29	0.808147536471236
29	0.877996803409696
29	0.85313931554837
29	0.851182905113203
29	0.8564039408867
29	0.841213653603034
29	0.859927596769702
29	0.822052401746725
29	0.846457804120802
29	0.866503534529636
29	0.856553998351195
29	0.848287112561175
29	0.809396299902629
29	0.814293304994687
29	0.862443210499748
29	0.88025045656144
29	0.819822175732218
29	0.802462667015981
29	0.881918819188192
29	0.879946164199192
29	0.83515253288553
29	0.810066225165563
29	0.793454935622318
29	0.851811495505312
29	0.851357904946654
29	0.828852119958635
29	0.874967371443487
29	0.779984913251194
29	0.867325146823278
29	0.817428495054798
29	0.83049147442327
29	0.839989420788151
30	0.852079263187273
30	0.858651911468813
30	0.820686070686071
30	0.854522613065327
30	0.7973939703628
30	0.845663265306122
30	0.85035360678925
30	0.850921273031826
30	0.867291563887518
30	0.840746054519369
30	0.838838838838839
30	0.848715992880753
30	0.839188134270102
30	0.845598073320846
30	0.861031143679665
30	0.851681957186544
30	0.890197082160225
30	0.810803618946248
30	0.862060998151571
30	0.832440331222601
30	0.810266057511422
30	0.852797112657901
30	0.792845257903494
30	0.867540369763632
30	0.83023061961656
30	0.850827364781428
30	0.832311320754717
30	0.831777996070727
30	0.860690015682175
30	0.787405672651574
30	0.855796178343949
30	0.825466520307355
30	0.852151238591917
30	0.859147471538258
30	0.827983951855567
30	0.818208430913349
30	0.853485424588086
30	0.816970892945239
30	0.841306884480747
30	0.856118927528537
30	0.808032128514056
30	0.885538954108858
30	0.864107883817427
30	0.859750796870472
30	0.822240943555181
30	0.828925018199466
30	0.851420838971583
30	0.816730038022814
30	0.810907237512742
30	0.809045226130653
30	0.841516153650471
30	0.861156637789745
30	0.828381962864721
30	0.850148367952522
30	0.849234693877551
30	0.886973721390223
30	0.855170470555086
30	0.892285298398836
30	0.847423711855928
30	0.859176805591509
30	0.885126661650364
30	0.835024644824587
30	0.851425942962281
30	0.82609819121447
30	0.846977811782708
30	0.842155688622754
30	0.823253517649963
30	0.845942571785268
30	0.839077412513256
30	0.826543059282752
30	0.85477895776735
30	0.868505294262497
30	0.866849315068493
30	0.845249520153551
30	0.863200403836446
30	0.867849113165126
30	0.844295991778006
30	0.847694334650856
30	0.839157108562283
30	0.826592651334919
30	0.832017229002154
30	0.877856780091417
30	0.837421711899791
30	0.883453622026196
30	0.864420270628814
30	0.834354194407457
30	0.878810783572688
30	0.83355420090114
30	0.819881656804734
30	0.811525244514935
30	0.852600377256804
30	0.855389148048122
30	0.902669632925473
30	0.869528381813047
30	0.846441015430562
30	0.802399795762063
30	0.757430997876858
30	0.845102505694761
30	0.851941747572815
30	0.85673624288425
31	0.894802912377605
31	0.866360622290232
31	0.836568730325289
31	0.822938144329897
31	0.854842644547451
31	0.821465163934426
31	0.832435206569156
31	0.814834297738033
31	0.848579682233991
31	0.862014690451207
31	0.885331347728965
31	0.872691455306575
31	0.845774821384577
31	0.842248637939574
31	0.855482166446499
31	0.865716429107277
31	0.845270890725436
31	0.83703071672355
31	0.880335166273894
31	0.849931412894376
31	0.896954866775421
31	0.82889237199582
31	0.877099664053751
31	0.846153846153846
31	0.864931846344486
31	0.843156596794081
31	0.844149074798019
31	0.890667472062821
31	0.864206642066421
31	0.854824431985837
31	0.853167701863354
31	0.855374909002669
31	0.852278820375335
31	0.851699279093718
31	0.81204333585286
31	0.792944785276074
31	0.869864829048502
31	0.834885476969544
31	0.861185006045949
31	0.859394863971523
31	0.865910263022176
31	0.810747663551402
31	0.832261384100849
31	0.901996370235935
31	0.834053367217281
31	0.854609929078014
31	0.871636632930141
31	0.838886126305321
31	0.852724968314322
31	0.868973747016706
31	0.821747299201503
31	0.882305413412335
31	0.832620186257236
31	0.843893714869699
31	0.833913245186732
31	0.85666921703647
31	0.842130868401849
31	0.829527349973447
31	0.860355648535565
31	0.824453915823122
31	0.816191983122363
31	0.851464968152866
31	0.844887118193891
31	0.839979150377899
31	0.85564496464277
31	0.825592885375494
31	0.839092587707729
31	0.9
31	0.852231771555309
31	0.889688866032399
31	0.843446601941748
31	0.903923138510809
31	0.835405271009448
31	0.832093253968254
31	0.825380178290509
31	0.857768616335996
31	0.821375186846039
31	0.850784593437946
31	0.817610062893082
31	0.842663378545006
31	0.871432117150658
31	0.840953716690042
31	0.805798687089716
31	0.814277588168373
31	0.848591549295775
31	0.887134964483031
31	0.84982332155477
31	0.840322580645161
31	0.82449494949495
31	0.833333333333333
31	0.859912748424624
31	0.829036295369212
31	0.799602681897194
31	0.843794242567249
31	0.850778967867575
31	0.846776170630056
31	0.831845238095238
31	0.842043036178766
31	0.84361833952912
31	0.848860759493671
32	0.866433216608304
32	0.879449454200285
32	0.842421330771079
32	0.872492080253432
32	0.843892549417131
32	0.893396976929197
32	0.856471170502351
32	0.861927895678855
32	0.820318621049883
32	0.818803418803419
32	0.821227684030325
32	0.839587005791992
32	0.855045871559633
32	0.837137422729434
32	0.858079748163694
32	0.872040302267002
32	0.84187926244001
32	0.862482031624341
32	0.875883517104891
32	0.846943765281174
32	0.856501057082452
32	0.825202312138728
32	0.814197847257817
32	0.866820631254811
32	0.835768261964736
32	0.798673899939723
32	0.857517711886644
32	0.80533199195171
32	0.846351490236382
32	0.83149374540103
32	0.829915560916767
32	0.887524557956778
32	0.85996993987976
32	0.837025316455696
32	0.846173800259403
32	0.809840098400984
32	0.847910863509749
32	0.845046773806668
32	0.863443807625218
32	0.857964347326049
32	0.848023569850233
32	0.86045931103345
32	0.833256029684601
32	0.860938247965534
32	0.850293542074364
32	0.866093366093366
32	0.824810606060606
32	0.871753681392236
32	0.852902547938009
32	0.811197001639728
32	0.854031630801141
32	0.842183994016455
32	0.853780313837375
32	0.872824974411464
32	0.824248599083036
32	0.857322596879718
32	0.867451766474568
32	0.837700534759358
32	0.835586803677664
32	0.849396163864551
32	0.864560372275288
32	0.843926191696566
32	0.820682068206821
32	0.88537170263789
32	0.855512321660182
32	0.851331360946746
32	0.827716365597196
32	0.829589465530596
32	0.834803528468324
32	0.825089605734767
32	0.869191919191919
32	0.854859172798782
32	0.854536365908523
32	0.884828349944629
32	0.850127877237852
32	0.857179752066116
32	0.804652326163082
32	0.859708737864078
32	0.855458882963795
32	0.836815227483751
32	0.887148102815178
32	0.845630823470159
32	0.822292069632495
32	0.893432764012509
32	0.872279045371099
32	0.89103078982597
32	0.83246887966805
32	0.866648336541105
32	0.873340414232608
32	0.854648176682075
32	0.834821428571429
32	0.874141247595493
32	0.82870022539444
32	0.876957494407159
32	0.882215288611544
32	0.839670622426738
32	0.887628865979381
32	0.824524312896406
32	0.879243452958293
32	0.823700066949342
33	0.86190032603633
33	0.866494178525226
33	0.897932816537468
33	0.866284860557769
33	0.8473630831643
33	0.820803295571576
33	0.805454984310886
33	0.818313602319401
33	0.844428537341923
33	0.833412887828162
33	0.872896257221804
33	0.839753086419753
33	0.839980183304434
33	0.869337979094077
33	0.877086494688923
33	0.840132044329168
33	0.869166229680126
33	0.846193152784875
33	0.844117647058824
33	0.836471990464839
33	0.836744295459892
33	0.884491714073708
33	0.818300996329313
33	0.859699170124481
33	0.837518107194592
33	0.857317670093
33	0.854353562005277
33	0.813613076360088
33	0.85166784953868
33	0.877482651351998
33	0.861294261294261
33	0.8395552025417
33	0.843236074270557
33	0.831948730121054
33	0.843122858541361
33	0.90561040211895
33	0.846172778734925
33	0.832941729323308
33	0.860144758346953
33	0.811614730878187
33	0.873772791023843
33	0.882323104235354
33	0.810848725742343
33	0.795958120282445
33	0.862989767906164
33	0.809773539928486
33	0.841066666666667
33	0.894539489102414
33	0.828937452901281
33	0.867472793228537
33	0.913526701002982
33	0.860337972166998
33	0.842800199302441
33	0.867521367521368
33	0.838081324567811
33	0.851992891596852
33	0.857674187949417
33	0.863084112149533
33	0.818665990362668
33	0.83859357696567
33	0.84989701338826
33	0.845679012345679
33	0.883833494675702
33	0.85572632622707
33	0.838883447600392
33	0.859263050153531
33	0.820048899755501
33	0.852823998125146
33	0.87877391103941
33	0.845824949698189
33	0.851425942962281
33	0.839254658385093
33	0.84913685263948
33	0.83003663003663
33	0.844840386043059
33	0.859498207885305
33	0.864033991502124
33	0.848968565815324
33	0.858573813498688
33	0.86381228834059
33	0.87620578778135
33	0.87885516901061
33	0.844974874371859
33	0.850877192982456
33	0.843617287034724
33	0.816315926214601
33	0.804402834008097
33	0.836504757135704
33	0.841813359054738
33	0.819115130774872
33	0.844455985458323
33	0.890166028097063
33	0.87474279835391
33	0.804077573346594
33	0.84912096562582
33	0.868143459915612
33	0.822557122022363
33	0.82694715752567
33	0.816495362246177
33	0.865414307771487
34	0.845485272815065
34	0.850333870596362
34	0.84784254352763
34	0.835690711928336
34	0.847837022132797
34	0.845753899480069
34	0.83572995369242
34	0.877493606138107
34	0.822619365164044
34	0.830747195034614
34	0.835839598997494
34	0.846295808067493
34	0.832116788321168
34	0.825587206396802
34	0.835532994923858
34	0.840977881257276
34	0.842981186685962
34	0.894149065307113
34	0.861497839654345
34	0.84480719186184
34	0.836928182033657
34	0.874129481557906
34	0.875816993464052
34	0.823853211009174
34	0.868530020703934
34	0.857810067462377
34	0.8267776096823
34	0.813379270743612
34	0.865601257532093
34	0.867802303262956
34	0.83436018957346
34	0.871568393411315
34	0.88255939524838
34	0.824023727137914
34	0.839017409968996
34	0.845869297163995
34	0.846402788150361
34	0.841842792685823
34	0.834546657842488
34	0.81664853101197
34	0.810909980430528
34	0.86306868867083
34	0.86515612047527
34	0.874380574826561
34	0.890840652446675
34	0.868696954568148
34	0.844334719334719
34	0.812920927912198
34	0.850036755697133
34	0.869554636164517
34	0.804337576614804
34	0.837721518987342
34	0.893622582331417
34	0.877287405812702
34	0.870018535681186
34	0.821158074761788
34	0.880771182141045
34	0.864665237074101
34	0.81838905775076
34	0.817947516401125
34	0.880724174653887
34	0.870758122743682
34	0.820631464344039
34	0.825953838907207
34	0.820958399157451
34	0.873607638099568
34	0.835382685069009
34	0.862109744560076
34	0.843619375461028
34	0.873679036618334
34	0.887624122063454
34	0.855552867166707
34	0.847089947089947
34	0.864483493077742
34	0.805733370442527
34	0.886031966643502
34	0.852209611205023
34	0.840817356205853
34	0.865902426019728
34	0.847930160518164
34	0.843994140625
34	0.837098692033294
34	0.813803376365442
34	0.846683181943298
34	0.832175925925926
34	0.882518556437164
34	0.846670108415075
34	0.866582278481013
34	0.83623417721519
34	0.885333333333333
34	0.824226305609284
34	0.870334464372273
34	0.843727768555845
34	0.848811565792698
34	0.846343873517787
34	0.854373413339488
34	0.85016619790335
34	0.859908057101379
34	0.862816764132554
34	0.770263293753227
35	0.851887941534714
35	0.881120584652862
35	0.868452811972001
35	0.857313861623175
35	0.871384174037772
35	0.865146737812273
35	0.852056168505517
35	0.863148061653433
35	0.862858647012372
35	0.85974025974026
35	0.902184959349594
35	0.836740408849062
35	0.828998197270152
35	0.829262508892578
35	0.816059089826066
35	0.87536756389957
35	0.870334464372273
35	0.857293035479632
35	0.82105525136884
35	0.837956204379562
35	0.829474732387354
35	0.88695652173913
35	0.813509544787078
35	0.876203899459713
35	0.822389666307858
35	0.899021246120793
35	0.835931878148237
35	0.888811025461341
35	0.823586273562107
35	0.854438160806491
35	0.841059602649007
35	0.823684842661542
35	0.836436839456467
35	0.844886922320551
35	0.846608427543679
35	0.837567359507313
35	0.867021276595745
35	0.857071464267866
35	0.838623697601163
35	0.848642533936652
35	0.873887617594711
35	0.870337020838693
35	0.855757575757576
35	0.827427988784094
35	0.867518334516205
35	0.838983050847458
35	0.861805201427843
35	0.84778639890461
35	0.821849929211892
35	0.845336481700118
35	0.889912826899128
35	0.86965761511216
35	0.855679923791379
35	0.850075339025615
35	0.815162454873646
35	0.829776422764228
35	0.818205529473135
35	0.83982683982684
35	0.858681022880215
35	0.845576155831964
35	0.821136131013306
35	0.840138579559515
35	0.878933461446073
35	0.846654023299919
35	0.867885655421066
35	0.844029850746269
35	0.831908135841681
35	0.892126909518214
35	0.830699233716475
35	0.865445665445665
35	0.836318407960199
35	0.823447636700649
35	0.814322916666667
35	0.812243852459016
35	0.867469879518072
35	0.84703196347032
35	0.858064516129032
35	0.846759259259259
35	0.844542704212241
35	0.799456152277362
35	0.862397459645409
35	0.872586872586873
35	0.871533960824218
35	0.888916876574307
35	0.846836847946726
35	0.839877613462519
35	0.839545791162676
35	0.83915270018622
35	0.848195075304805
35	0.787244897959184
35	0.857037219620409
35	0.855430902600714
35	0.86329494241362
35	0.876134412558254
35	0.86231884057971
35	0.860923965351299
35	0.848993288590604
35	0.888548839581739
35	0.82171581769437
35	0.855989911727617
36	0.880616453223356
36	0.84185520361991
36	0.843020485945688
36	0.87348154939262
36	0.83411969207847
36	0.828061831153389
36	0.797879695782438
36	0.853084021369597
36	0.863817097415507
36	0.845289938115975
36	0.866267942583732
36	0.865176817288802
36	0.865468549422336
36	0.859512195121951
36	0.876025310522615
36	0.877809351588737
36	0.83197957762822
36	0.846067667488237
36	0.84500122819946
36	0.860594346460498
36	0.85594839942666
36	0.849347568208778
36	0.839670622426738
36	0.840867158671587
36	0.825333645516273
36	0.839721254355401
36	0.833572453371593
36	0.84730759773789
36	0.828010409273717
36	0.889585947302384
36	0.916099221789883
36	0.858588181191078
36	0.847941108810674
36	0.837800046609182
36	0.837064676616915
36	0.837432654017334
36	0.854319180087848
36	0.826741573033708
36	0.866471734892788
36	0.867267124911116
36	0.851033834586466
36	0.830117899249732
36	0.841478541304887
36	0.841562799616491
36	0.838887556940782
36	0.838936276969393
36	0.860514018691589
36	0.856279889252454
36	0.874403815580286
36	0.858435207823961
36	0.860315186246418
36	0.873914064334351
36	0.849674721189591
36	0.894123481279445
36	0.884466019417476
36	0.879918588873813
36	0.861222563134293
36	0.843156843156843
36	0.865842055185538
36	0.836929867582148
36	0.865187306132188
36	0.868727705112961
36	0.84110750810676
36	0.86312984496124
36	0.847206385404789
36	0.842027920646583
36	0.843123378155225
36	0.84228515625
36	0.872196768748493
36	0.826585365853658
36	0.882965534341681
36	0.844714686623012
36	0.877241379310345
36	0.830835661671323
36	0.832551594746717
36	0.86863520111602
36	0.847639484978541
36	0.850598116569102
36	0.856489284854322
36	0.841781874039939
36	0.883101296207393
36	0.899488008623013
36	0.838097469540768
36	0.854626643512776
36	0.851915101244206
36	0.841625423287314
36	0.836293436293436
36	0.843469832808335
36	0.850076883649411
36	0.825251815413446
36	0.854676930254257
36	0.851133442393083
36	0.863344844597928
36	0.849318403115871
36	0.834667922750824
36	0.869183922046285
36	0.877835538752363
36	0.837378640776699
36	0.875813720580871
36	0.848381152934983
37	0.835125448028674
37	0.851263537906137
37	0.846115035317861
37	0.873689344062424
37	0.835642169523362
37	0.860750183868595
37	0.873342803030303
37	0.858566682486948
37	0.872031022782356
37	0.881159420289855
37	0.840496894409938
37	0.843109540636042
37	0.851116625310174
37	0.867732221450081
37	0.911637382225618
37	0.854913435747379
37	0.882255389718076
37	0.861962461392255
37	0.868859846777828
37	0.858652265790092
37	0.835405156537753
37	0.871472610860802
37	0.872498836668218
37	0.843478260869565
37	0.857714016933208
37	0.848543689320388
37	0.882794186591655
37	0.855691526206419
37	0.827240977881257
37	0.854054054054054
37	0.846454767726161
37	0.892389112903226
37	0.848492159227985
37	0.853002070393375
37	0.836417468541821
37	0.876699700391795
37	0.864070711896799
37	0.840546697038724
37	0.852158353835831
37	0.888584929122109
37	0.853937835942977
37	0.83085977482088
37	0.794561933534743
37	0.891873278236915
37	0.830879071842927
37	0.851574212893553
37	0.85558583106267
37	0.845170130166705
37	0.855988922224787
37	0.857798165137615
37	0.83244248198931
37	0.856976473328675
37	0.887026239067055
37	0.873982737361282
37	0.863769421301509
37	0.855890287769784
37	0.837375837375837
37	0.875777943739109
37	0.856868395773295
37	0.853174603174603
37	0.842734225621415
37	0.835986858731362
37	0.856209150326797
37	0.855253116255406
37	0.865027829313544
37	0.868303044607033
37	0.896865520728008
37	0.838852097130243
37	0.855089820359281
37	0.85900365630713
37	0.846113027328204
37	0.8285641934667
37	0.871776504297994
37	0.872779751332149
37	0.820383693045564
37	0.844143937657575
37	0.861566484517304
37	0.851170568561873
37	0.88255033557047
37	0.855905701226846
37	0.864254436506107
37	0.834124293785311
37	0.823208529630548
37	0.832525448376151
37	0.861130334486736
37	0.883182275931521
37	0.834316733537881
37	0.827085852478839
37	0.858030592734226
37	0.861188486536676
37	0.88756833848348
37	0.88404452690167
37	0.878511582060128
37	0.852443609022556
37	0.858192341941229
37	0.885852090032154
37	0.858128305357553
37	0.833259717314488
37	0.803290414878398
37	0.851033499643621
38	0.837575196668209
38	0.806851476222673
38	0.829792256846081
38	0.844242289771467
38	0.836253211866386
38	0.820208728652751
38	0.860160233066278
38	0.854503464203233
38	0.831227436823105
38	0.873830709559662
38	0.839113680154143
38	0.869011092754307
38	0.85739841553795
38	0.861632376215238
38	0.863133097762073
38	0.857507542353214
38	0.84673887992625
38	0.8732747804266
38	0.882198952879581
38	0.837090402045085
38	0.853624535315985
38	0.846042819340871
38	0.868684461391802
38	0.854617352872761
38	0.87318563789152
38	0.851842629482072
38	0.846821487215576
38	0.854853692522062
38	0.879220161673799
38	0.850883076235189
38	0.841874422899354
38	0.864541832669323
38	0.881743737957611
38	0.901176470588235
38	0.83974358974359
38	0.887902612224195
38	0.804567869192837
38	0.89185360094451
38	0.873484328528941
38	0.842034203420342
38	0.82351598173516
38	0.851670170520906
38	0.85352862849534
38	0.851902796882164
38	0.839648007822048
38	0.834551025218006
38	0.853858411108582
38	0.864003694296929
38	0.860623781676413
38	0.867942357665958
38	0.874628231525967
38	0.852330410706045
38	0.846592258370933
38	0.833796413235666
38	0.852975770406963
38	0.868237934904602
38	0.836397925506836
38	0.883932853717026
38	0.893362089623772
38	0.831045906294368
38	0.867328103368712
38	0.853808353808354
38	0.858467545143973
38	0.886369005433499
38	0.857209628417855
38	0.853807106598985
38	0.82078379568472
38	0.858845970433953
38	0.868093110745356
38	0.865768463073852
38	0.834022876612314
38	0.845063656017295
38	0.857142857142857
38	0.872261072261072
38	0.840172296531399
38	0.870304568527919
38	0.864781368821293
38	0.853269916765755
38	0.856832448092709
38	0.847189231987332
38	0.873876063183475
38	0.884346959122632
38	0.863850873053327
38	0.852941176470588
38	0.829448419109162
38	0.841359773371105
38	0.859947953631417
38	0.867228421771806
38	0.824858757062147
38	0.858888057840937
38	0.848434138178341
38	0.859171322160149
38	0.858478645438464
38	0.860378363975486
38	0.881488504384925
38	0.842880147227973
38	0.861060802069858
38	0.866274970622797
38	0.882201646090535
38	0.852395858415603
39	0.835619735258724
39	0.876841620626151
39	0.872501218917601
39	0.831090487238979
39	0.855153203342618
39	0.83492222779729
39	0.856492027334852
39	0.86601618277011
39	0.860050308712554
39	0.883869383746624
39	0.814346997140133
39	0.877009084556254
39	0.889855793137742
39	0.832657926102503
39	0.874122601778194
39	0.857950530035336
39	0.83363309352518
39	0.822436037612071
39	0.848224383623615
39	0.857071588924919
39	0.850577421635635
39	0.843809980806142
39	0.878036809815951
39	0.884262526464361
39	0.85820203892493
39	0.869715073529412
39	0.861632270168856
39	0.865315852205006
39	0.859046096456168
39	0.878185644143091
39	0.883704572098476
39	0.84089323098395
39	0.815764705882353
39	0.901852297329805
39	0.8602018213143
39	0.854677565849228
39	0.832930367504836
39	0.868421052631579
39	0.89906103286385
39	0.859534206695779
39	0.862932604735883
39	0.850719424460432
39	0.830940250115794
39	0.852997145575642
39	0.868278938718009
39	0.82448377581121
39	0.858247422680412
39	0.863233532934132
39	0.838843880008759
39	0.85614224137931
39	0.88001958863859
39	0.852698104035002
39	0.849611673334902
39	0.840056617126681
39	0.860148218981592
39	0.819000236910685
39	0.832359130231471
39	0.856614246068455
39	0.870810055865922
39	0.844124168514412
39	0.824290691886511
39	0.841584158415842
39	0.856392694063927
39	0.826124945391
39	0.835224586288416
39	0.858775899023577
39	0.829190421892816
39	0.862971175166297
39	0.869821092278719
39	0.889836531627576
39	0.900287631831256
39	0.893565683646113
39	0.87307206068268
39	0.875318066157761
39	0.833764219234747
39	0.878917378917379
39	0.874514285714286
39	0.875337423312883
39	0.859064994298746
39	0.878147268408551
39	0.852791878172589
39	0.872292418772563
39	0.887045813586098
39	0.827127659574468
39	0.829240563892679
39	0.815934065934066
39	0.841195356878242
39	0.838519970595442
39	0.884260301733844
39	0.846102745792737
39	0.860686600221484
39	0.875485492346356
39	0.860786650774732
39	0.863114377583831
39	0.877139096094778
39	0.85822262940907
39	0.860397587670315
39	0.837916387212162
39	0.866044340723454
39	0.830481036077706
40	0.864610313162232
40	0.828798458945341
40	0.856252994729277
40	0.851173708920188
40	0.859408284023669
40	0.849747170719961
40	0.845962113659023
40	0.88125613346418
40	0.842254185333648
40	0.862985212569316
40	0.856685714285714
40	0.827059344552701
40	0.834866502131479
40	0.834714773281326
40	0.867575687543333
40	0.852862254025045
40	0.889699179580675
40	0.83205574912892
40	0.837334639882411
40	0.83745093511891
40	0.859478568272205
40	0.862662013958126
40	0.870593801750651
40	0.869451697127937
40	0.859947643979058
40	0.861365953109072
40	0.875606936416185
40	0.836802480070859
40	0.882213812677389
40	0.843115622241836
40	0.874265038444143
40	0.860945273631841
40	0.871900826446281
40	0.866746411483254
40	0.848007414272475
40	0.86368869445084
40	0.852455031599417
40	0.869544248854594
40	0.84791048184517
40	0.882013391826368
40	0.846275752773376
40	0.860061047194177
40	0.861013547415956
40	0.846627164995442
40	0.861764705882353
40	0.848079306071871
40	0.885312783318223
40	0.85798398492699
40	0.856462585034014
40	0.840009369875849
40	0.857334226389819
40	0.84735632183908
40	0.837880496054115
40	0.873090192212913
40	0.875470861954354
40	0.857946554149086
40	0.853595335780609
40	0.851997229277303
40	0.835267857142857
40	0.893562030075188
40	0.860951505401057
40	0.815245177782942
40	0.882636303919422
40	0.846805587359744
40	0.855498120300752
40	0.886341929321872
40	0.865027717522295
40	0.843817787418655
40	0.866584158415842
40	0.854333576110706
40	0.863910822108686
40	0.838073908174692
40	0.872059153036074
40	0.875474383301708
40	0.817518248175182
40	0.846746150024839
40	0.845833333333333
40	0.852076318742985
40	0.831414094887149
40	0.871384904773101
40	0.82417072604964
40	0.842645381984036
40	0.860308285163776
40	0.857079449622725
40	0.828968344340697
40	0.834209268991878
40	0.855922679253765
40	0.867517401392111
40	0.830570065864183
40	0.863025962399284
40	0.86708131766874
40	0.853592519685039
40	0.829183151035606
40	0.88860225140713
40	0.866134335368718
40	0.878511404561825
40	0.893830703012912
40	0.855591497227357
40	0.847851068719835
40	0.892704938581098
41	0.847972190034762
41	0.858778625954199
41	0.821944177093359
41	0.854104046242775
41	0.875417873857811
41	0.858671311271461
41	0.863297624592455
41	0.84273656152821
41	0.843196762771877
41	0.877902966199126
41	0.848564593301435
41	0.874890254609306
41	0.847683668694431
41	0.827990970654628
41	0.868074534161491
41	0.853022611905861
41	0.807550444781948
41	0.857881718012143
41	0.841806676849225
41	0.825295508274232
41	0.86318082788671
41	0.866987530080945
41	0.856275303643725
41	0.874034184031843
41	0.871840354767184
41	0.870452945318
41	0.840083798882682
41	0.86106903267691
41	0.873606776638431
41	0.855956921696208
41	0.840221657815747
41	0.857670979667283
41	0.900619637750238
41	0.846331867623235
41	0.857366771159875
41	0.891430007539583
41	0.898103220114689
41	0.861187845303867
41	0.881306361199123
41	0.859431407942238
41	0.881922196796339
41	0.851461217314876
41	0.844264046143986
41	0.842777519739898
41	0.869955156950673
41	0.85096870342772
41	0.875828950377315
41	0.871966154531285
41	0.912933609005284
41	0.846946107784431
41	0.862001733102253
41	0.873907342657343
41	0.880108991825613
41	0.850391885661595
41	0.879526798647996
41	0.849105461393597
41	0.84287317620651
41	0.864387066759712
41	0.857206803939123
41	0.876674994322053
41	0.850292397660819
41	0.872034671532847
41	0.854304635761589
41	0.88483547925608
41	0.832998885172798
41	0.885303815355629
41	0.829042457091238
41	0.836363636363636
41	0.845670053217223
41	0.874388617163184
41	0.856147448864913
41	0.855263157894737
41	0.899155722326454
41	0.833670033670034
41	0.87699214365881
41	0.840054682159945
41	0.855819477434679
41	0.856009334889148
41	0.870366209840485
41	0.855415975349609
41	0.874074074074074
41	0.859835100117786
41	0.865859030837004
41	0.877431906614786
41	0.814713896457766
41	0.834200567644276
41	0.847719298245614
41	0.853587115666179
41	0.833206590621039
41	0.847349978098993
41	0.858599907278628
41	0.858073522568637
41	0.873919308357349
41	0.863805561637837
41	0.819740386970365
41	0.863568215892054
41	0.824849606663582
41	0.88367939272159
41	0.85724448660185
41	0.826086956521739
42	0.819163602941177
42	0.871547271502358
42	0.855547960811119
42	0.849746640229125
42	0.854670459933618
42	0.873284537968893
42	0.859817458460098
42	0.877311682453766
42	0.908856001879258
42	0.866202090592334
42	0.84526712480603
42	0.863372767339364
42	0.852450980392157
42	0.838945502879929
42	0.858938189279302
42	0.894432894432894
42	0.898313027179007
42	0.844334975369458
42	0.832530120481928
42	0.854812012296051
42	0.850021486892995
42	0.872428934596718
42	0.849285195056942
42	0.819279962103269
42	0.873619920131548
42	0.869063180827887
42	0.870094101445949
42	0.815512600929777
42	0.83569844789357
42	0.828343313373254
42	0.859481582537517
42	0.843337819650067
42	0.886191893748569
42	0.889025893958076
42	0.861245118309212
42	0.843517138599106
42	0.847598253275109
42	0.852405418028958
42	0.869267624914442
42	0.891873889875666
42	0.870521541950113
42	0.843944265809218
42	0.856011519078474
42	0.853267280018872
42	0.88780260707635
42	0.861220700858668
42	0.870476610767873
42	0.873927392739274
42	0.846625766871166
42	0.843715606427471
42	0.865223463687151
42	0.848484848484849
42	0.84582775546631
42	0.887825878976321
42	0.872214643019554
42	0.832310838445808
42	0.865466816647919
42	0.852651337400282
42	0.849698054126594
42	0.844459429085188
42	0.875200734113329
42	0.82796486090776
42	0.901404917210236
42	0.89148024750119
42	0.862995298858294
42	0.861538461538462
42	0.855817111815301
42	0.86429971683729
42	0.841902931283037
42	0.866385372714487
42	0.870032491877031
42	0.835674470457079
42	0.843015214384509
42	0.833637192342753
42	0.851097593229304
42	0.838359201773836
42	0.879141835518474
42	0.890731485688323
42	0.878931885041865
42	0.842820926480756
42	0.884275184275184
42	0.867155488462368
42	0.864553314121037
42	0.868366164542294
42	0.861287176986836
42	0.875384615384615
42	0.885148965203548
42	0.852555404794211
42	0.876588021778584
42	0.848218643240605
42	0.847400405131668
42	0.869897959183674
42	0.852076318742985
42	0.851531291611185
42	0.89290780141844
42	0.882211538461538
42	0.865965834428384
42	0.815960546962564
42	0.865114134194143
42	0.835440180586907
43	0.86963544070143
43	0.856372218476062
43	0.868161002651241
43	0.887896592244418
43	0.827437641723356
43	0.857142857142857
43	0.881962550367386
43	0.845607388112716
43	0.847757136384232
43	0.849243739151996
43	0.8607367475292
43	0.848200312989045
43	0.864903502501787
43	0.87317620650954
43	0.876104190260476
43	0.852350427350427
43	0.840669014084507
43	0.847629547960309
43	0.857690464781984
43	0.83299646286003
43	0.841045812124017
43	0.869995501574449
43	0.833180778032037
43	0.839497870432638
43	0.857950530035336
43	0.827756833176249
43	0.859364731653888
43	0.870402802101576
43	0.874916536835077
43	0.897905759162304
43	0.885740402193784
43	0.890945142101785
43	0.856810490693739
43	0.839643652561247
43	0.849452554744526
43	0.873943491910167
43	0.874173806609547
43	0.876861262112976
43	0.856116774791474
43	0.861249434133092
43	0.841750841750842
43	0.861353711790393
43	0.845944721341187
43	0.906982138714915
43	0.823021246789633
43	0.834478174163528
43	0.876980428704567
43	0.849459894277178
43	0.863171923589516
43	0.889840314741958
43	0.863370786516854
43	0.838984904834828
43	0.862901439645626
43	0.850877192982456
43	0.847333647947145
43	0.889617486338798
43	0.864205669083718
43	0.855476789389435
43	0.847002398081535
43	0.848608445297505
43	0.844381088144452
43	0.873067915690867
43	0.854768786127168
43	0.86454652532391
43	0.883333333333333
43	0.85423197492163
43	0.826136623257939
43	0.865886369178249
43	0.848711943793911
43	0.855580357142857
43	0.856870229007634
43	0.827484047402005
43	0.849370277078086
43	0.797273526824978
43	0.846767050487157
43	0.873440285204991
43	0.875825928457507
43	0.870921985815603
43	0.834055162981536
43	0.849677716390424
43	0.853794882820899
43	0.860967379077615
43	0.863974495217853
43	0.851206434316354
43	0.845872398810885
43	0.862926292629263
43	0.872788353863382
43	0.851348339647872
43	0.836326897171082
43	0.89733395696913
43	0.889620364274742
43	0.889034512887724
43	0.879970724566968
43	0.857755701061188
43	0.878615349578684
43	0.835270451497541
43	0.863160240695342
43	0.851899827288428
43	0.868433286843329
43	0.885223048327137
44	0.869126043039086
44	0.84773837332767
44	0.874841437632135
44	0.869383974062066
44	0.867824409068982
44	0.872060409924488
44	0.873890279990895
44	0.868010403120936
44	0.871923427529626
44	0.874341954680705
44	0.859333333333333
44	0.83653628758761
44	0.850212385423653
44	0.846974206349206
44	0.869369369369369
44	0.900160661005279
44	0.890164644714038
44	0.827458256029685
44	0.857562740221569
44	0.892150467492933
44	0.853475692866879
44	0.871845082680592
44	0.875567231908288
44	0.885082872928177
44	0.858663646659117
44	0.861869504858862
44	0.876124567474048
44	0.887738670347366
44	0.872783008539523
44	0.864228007181329
44	0.865497076023392
44	0.88675799086758
44	0.878027492908575
44	0.879515264507108
44	0.883367370093034
44	0.845848880597015
44	0.869745003445899
44	0.867475192943771
44	0.857564743298501
44	0.867342130065975
44	0.877208480565371
44	0.840133779264214
44	0.853327297419647
44	0.867945823927765
44	0.858617378780605
44	0.852384375748862
44	0.827764604440612
44	0.863752024057368
44	0.87384960718294
44	0.84872471416007
44	0.876617153809296
44	0.834466125849594
44	0.839652809502056
44	0.848053392658509
44	0.823855421686747
44	0.890556453474948
44	0.871579876434245
44	0.854520102254241
44	0.854134338284194
44	0.868144168345646
44	0.861485763219867
44	0.883994464944649
44	0.853025936599424
44	0.869948069541657
44	0.859597558218404
44	0.869434832756632
44	0.860585585585586
44	0.866876818622696
44	0.859536934950386
44	0.850384245917387
44	0.879237757589187
44	0.884047948363301
44	0.854035874439462
44	0.869975840105425
44	0.830989060058049
44	0.86053412462908
44	0.859378705240692
44	0.893887214808437
44	0.869790493354359
44	0.849799026866935
44	0.849740932642487
44	0.868057033411364
44	0.872325741890959
44	0.872582480091012
44	0.862355254533537
44	0.84131455399061
44	0.828508287292818
44	0.898077782744747
44	0.859702797202797
44	0.868154624942476
44	0.862017804154303
44	0.84563288183092
44	0.855885850178359
44	0.843485442907289
44	0.887126019945603
44	0.85029266096353
44	0.82596621152511
44	0.8708785364816
44	0.85977212971078
44	0.829772410589875
45	0.867946345975948
45	0.878375312003631
45	0.83713575784956
45	0.836079791847355
45	0.817124243834342
45	0.856707317073171
45	0.882200799435692
45	0.908168197196713
45	0.895090319592404
45	0.869165170556553
45	0.87916379508385
45	0.874252822669914
45	0.870974667239158
45	0.873583648078205
45	0.87267677846614
45	0.852084267144778
45	0.859706362153344
45	0.880972879896685
45	0.89592462751972
45	0.885278080697928
45	0.853290183387271
45	0.867805334581189
45	0.861352980576021
45	0.839604792936725
45	0.849486887115165
45	0.850010853049707
45	0.884483937115516
45	0.861992456179277
45	0.846551011978521
45	0.863626300642019
45	0.865296251511487
45	0.847331583552056
45	0.887392616670536
45	0.840662055335968
45	0.879054054054054
45	0.84645044227716
45	0.859158083296014
45	0.858750827631869
45	0.846879209699147
45	0.874730951356005
45	0.874195695584646
45	0.862218370883882
45	0.837140918344266
45	0.855239385727191
45	0.894919972164231
45	0.884044738644145
45	0.869766416923755
45	0.879042977403633
45	0.890006419858763
45	0.847215934812132
45	0.873556105610561
45	0.857142857142857
45	0.865991250287819
45	0.876050420168067
45	0.884022887323944
45	0.872139084507042
45	0.866650473645859
45	0.88009438009438
45	0.879325259515571
45	0.874535519125683
45	0.868983957219251
45	0.867858700392499
45	0.865165931770712
45	0.859378649848166
45	0.857617360496014
45	0.88506522717049
45	0.878210806023029
45	0.837518107194592
45	0.902718490226915
45	0.831212324179504
45	0.901036757775683
45	0.865299463994407
45	0.870611183355007
45	0.863389166847944
45	0.860040567951318
45	0.887330118369136
45	0.886084583901774
45	0.835781041388518
45	0.885627967198964
45	0.868397493285586
45	0.846309630963096
45	0.858601906491148
45	0.902991840435177
45	0.870975108472254
45	0.858197611292074
45	0.85242494226328
45	0.841022161917684
45	0.858264081255771
45	0.867692307692308
45	0.891693635382956
45	0.906300114547537
45	0.855509126896855
45	0.835629017447199
45	0.827206743151487
45	0.847759895606786
45	0.837702302256667
45	0.862399643175736
45	0.868415203378529
45	0.869529652351738
45	0.814586191129401
46	0.856177156177156
46	0.845450587723117
46	0.880150694607959
46	0.862092238470191
46	0.889704247275962
46	0.88349067464886
46	0.876640419947507
46	0.85195530726257
46	0.870366259711432
46	0.877293577981651
46	0.857359965262701
46	0.879118528027386
46	0.854751032833225
46	0.859227467811159
46	0.85663082437276
46	0.893900444028979
46	0.873984632272228
46	0.867824074074074
46	0.834112669784012
46	0.871580705784089
46	0.863053097345133
46	0.882300290892817
46	0.857961053837342
46	0.882937365010799
46	0.866606781944756
46	0.871373959973015
46	0.866533864541833
46	0.86526268115942
46	0.873059749096321
46	0.844132306298142
46	0.876834148510449
46	0.8582995951417
46	0.840717527555652
46	0.869697628888406
46	0.898105263157895
46	0.858551941238195
46	0.904399907855333
46	0.866153846153846
46	0.858365233055618
46	0.875892857142857
46	0.858999779687156
46	0.882284652890643
46	0.853289162328443
46	0.885733303749723
46	0.907939380230717
46	0.836911942098914
46	0.861702127659574
46	0.835753176043557
46	0.888137122237258
46	0.858017939181798
46	0.872685185185185
46	0.866397621070518
46	0.851722634103794
46	0.841248303934871
46	0.881537773804202
46	0.847048685911245
46	0.851288830138797
46	0.860252954592577
46	0.844849785407725
46	0.848688352570829
46	0.865367180417044
46	0.846708943800569
46	0.873140671483213
46	0.892041817793898
46	0.888424295774648
46	0.883193467906555
46	0.85989932885906
46	0.872165838911682
46	0.848979591836735
46	0.834804254356189
46	0.883486640385458
46	0.896990250105977
46	0.874225821819914
46	0.871373086588988
46	0.862243773418559
46	0.857875614447532
46	0.875234326182045
46	0.842934515017233
46	0.849263063867798
46	0.8926735218509
46	0.874000484613521
46	0.837583275901677
46	0.87937486242571
46	0.886914765906363
46	0.882285714285714
46	0.845358455882353
46	0.83975210270031
46	0.858212447356107
46	0.833294255568581
46	0.856588311408238
46	0.877185590899516
46	0.866186422178564
46	0.871267418712674
46	0.849464763603925
46	0.862116991643454
46	0.880845323741007
46	0.8503276003276
46	0.85
46	0.870570107858243
46	0.853568969474409
47	0.879011274934952
47	0.850610432852386
47	0.849246231155779
47	0.874973054537616
47	0.845706306725623
47	0.851876675603217
47	0.871332371332371
47	0.844439390493518
47	0.86967032967033
47	0.897540983606557
47	0.857239819004525
47	0.868308109329117
47	0.84263114071607
47	0.872808988764045
47	0.862626698296312
47	0.85491216655823
47	0.881980802792321
47	0.847962044425275
47	0.891179839633448
47	0.864646904969486
47	0.879405034324943
47	0.854764512595838
47	0.874049027895182
47	0.864106988783434
47	0.881216069489685
47	0.861633875106929
47	0.851618509667608
47	0.883569096844396
47	0.874279615795091
47	0.887036630840097
47	0.896658711217184
47	0.843777388255916
47	0.889469931067269
47	0.906063193851409
47	0.881606277405954
47	0.844835680751174
47	0.875406989364011
47	0.852594077042975
47	0.87998238273508
47	0.88013468013468
47	0.85842254752021
47	0.855063016079965
47	0.866833598907353
47	0.858472192166198
47	0.893208323805168
47	0.823340471092077
47	0.850631136044881
47	0.862210095497954
47	0.877523247902019
47	0.881634372367313
47	0.876807039597737
47	0.858704974271012
47	0.863854895104895
47	0.847352024922118
47	0.887043189368771
47	0.883725649350649
47	0.84672619047619
47	0.846812345122775
47	0.880888290713324
47	0.833479020979021
47	0.876883340507964
47	0.862701252236136
47	0.868223519599666
47	0.861878453038674
47	0.883617823099091
47	0.858544027898867
47	0.859953458853395
47	0.867883995703545
47	0.873649600751527
47	0.858546168958743
47	0.882237701349586
47	0.873533246414602
47	0.89216530348687
47	0.837915469839967
47	0.867308122622511
47	0.867601928978518
47	0.867745415318231
47	0.851380042462845
47	0.879348795718109
47	0.896395375198368
47	0.86580286904211
47	0.86961230236084
47	0.850746268656716
47	0.871507150715071
47	0.862537123462028
47	0.872010342598578
47	0.868925546143558
47	0.847915316483042
47	0.85291113381001
47	0.884245716673631
47	0.868448311580692
47	0.889795918367347
47	0.879931389365352
47	0.844582593250444
47	0.846031746031746
47	0.85809906291834
47	0.857700650759219
47	0.861493997332148
47	0.886422976501306
47	0.869144490873103
48	0.87853982300885
48	0.867827868852459
48	0.829576816927323
48	0.857142857142857
48	0.882921348314607
48	0.898362892223738
48	0.858475894245723
48	0.861925652274302
48	0.867290860981071
48	0.854510392114849
48	0.856359649122807
48	0.858476554211755
48	0.885663242518982
48	0.853961456102784
48	0.853932584269663
48	0.877678571428571
48	0.890086206896552
48	0.860879368658399
48	0.866002716161159
48	0.856924421144605
48	0.842507301729948
48	0.870160427807487
48	0.843010272443055
48	0.848914678701913
48	0.874591057797165
48	0.854098000439464
48	0.867828304292393
48	0.878065241844769
48	0.875270679948029
48	0.87817703768624
48	0.893318233295583
48	0.87766323024055
48	0.860254474875997
48	0.895851339671564
48	0.86780245848609
48	0.848564540872233
48	0.870841487279843
48	0.839177489177489
48	0.870619396903015
48	0.859687228496959
48	0.860991893180734
48	0.833369494467347
48	0.88076062639821
48	0.872316884266431
48	0.878482123272648
48	0.871789094186571
48	0.859841827768014
48	0.85633270321361
48	0.885411764705882
48	0.85546218487395
48	0.887068965517241
48	0.864176570458404
48	0.867932579475144
48	0.847019122609674
48	0.841686746987952
48	0.854920008766163
48	0.893429668096636
48	0.868317519092803
48	0.885476086002633
48	0.881011608623549
48	0.885773385428637
48	0.861722590297072
48	0.878313776618861
48	0.860227272727273
48	0.849446648569639
48	0.883657142857143
48	0.884146341463415
48	0.879074889867841
48	0.879725085910653
48	0.875735775016351
48	0.828358208955224
48	0.839522546419098
48	0.844638459816432
48	0.834311806914547
48	0.86806329396033
48	0.878942881500426
48	0.864187035069075
48	0.872570671378092
48	0.853653264159101
48	0.887182768180849
48	0.864301075268817
48	0.877494692144374
48	0.860373443983403
48	0.856978615773741
48	0.884436946436103
48	0.862921867776237
48	0.879325643300799
48	0.851679695753222
48	0.861057173678533
48	0.844052863436123
48	0.836181742392664
48	0.893056150878697
48	0.881134624043224
48	0.859259259259259
48	0.866726903094647
48	0.846067415730337
48	0.88169691668489
48	0.888795986622074
48	0.834816808114262
48	0.867000435350457
49	0.860008818342152
49	0.878093076049943
49	0.87338386090058
49	0.853047356126566
49	0.880557398805574
49	0.871854514696553
49	0.875079398687275
49	0.877829099307159
49	0.876078778490817
49	0.881209046713168
49	0.876866479117074
49	0.859298815881124
49	0.850559578670178
49	0.849401523394995
49	0.864406779661017
49	0.874514877102199
49	0.857892527287993
49	0.886700705081449
49	0.873086310184158
49	0.869612068965517
49	0.902062975027144
49	0.876873414802859
49	0.881245944192083
49	0.842646114322415
49	0.854636048526863
49	0.862180176306171
49	0.868527594289367
49	0.874812110800945
49	0.879363001745201
49	0.843481989708405
49	0.851325955314262
49	0.872954349698536
49	0.863775065387969
49	0.870671227020094
49	0.878884100703107
49	0.913343392972623
49	0.890006706908115
49	0.882978723404255
49	0.843848913272842
49	0.886952826179346
49	0.86577890509406
49	0.860424414788886
49	0.855280034202651
49	0.892604501607717
49	0.860509152114454
49	0.863108049935428
49	0.869039623908664
49	0.858698067096201
49	0.859836437982735
49	0.847076461769115
49	0.886093012806111
49	0.833872707659115
49	0.877392987739299
49	0.874321684393314
49	0.837296037296037
49	0.856568648191242
49	0.862396956246037
49	0.852149370386452
49	0.849611063094209
49	0.854545454545454
49	0.858182620202911
49	0.85818422796554
49	0.859210526315789
49	0.902716508010216
49	0.837158469945355
49	0.84696802646086
49	0.853308748207335
49	0.840055632823366
49	0.859778597785978
49	0.843979283556323
49	0.880707887262399
49	0.863013698630137
49	0.846739861079991
49	0.846170630591316
49	0.882620958993274
49	0.865026595744681
49	0.829126647308466
49	0.845630448649798
49	0.866249161261463
49	0.863716038562664
49	0.836963844599147
49	0.868972746331237
49	0.86417065737919
49	0.90198563582594
49	0.866710439921208
49	0.901234567901235
49	0.876390076988879
49	0.879973027646662
49	0.864447345517842
49	0.887224669603524
49	0.838717228464419
49	0.877014418999152
49	0.869230769230769
49	0.857236698051237
49	0.878001715265866
49	0.860249102807684
49	0.869781312127237
49	0.880762411347518
49	0.906047757197054
49	0.892402283706632
50	0.856425921885228
50	0.87254004576659
50	0.867986798679868
50	0.875759480410643
50	0.876855895196507
50	0.83193657984145
50	0.877722665516498
50	0.87807509710833
50	0.847684809098294
50	0.85250981202231
50	0.861123697326688
50	0.867196117361571
50	0.872041884816754
50	0.871957671957672
50	0.875447086050915
50	0.877305699481865
50	0.848053392658509
50	0.885793279455551
50	0.854251883745963
50	0.857764245324054
50	0.892502639915523
50	0.848553345388788
50	0.84208204675783
50	0.868336544637123
50	0.887813462384514
50	0.858464185846419
50	0.845591493132477
50	0.86898576914389
50	0.851280937907078
50	0.87970415488362
50	0.851453175457481
50	0.880422566868959
50	0.860674157303371
50	0.881037755747733
50	0.848542059995804
50	0.87117375027527
50	0.863646124114237
50	0.866405570060923
50	0.857051418818007
50	0.842408712363869
50	0.835616438356164
50	0.881761813128074
50	0.84407572856839
50	0.848999784899979
50	0.884491978609626
50	0.841158221302999
50	0.889266016122189
50	0.881506090808416
50	0.862046632124352
50	0.862150537634409
50	0.856925749023013
50	0.873835732430144
50	0.84375
50	0.856834842604571
50	0.864887581424669
50	0.856536312849162
50	0.868260869565217
50	0.862068965517241
50	0.870067582297798
50	0.876929863255404
50	0.864509394572025
50	0.893088116410671
50	0.879018245004344
50	0.874866310160428
50	0.856939935064935
50	0.878506689684937
50	0.863935144609991
50	0.864549180327869
50	0.872852233676976
50	0.860571905656439
50	0.883596797372203
50	0.895057696494666
50	0.889591329871303
50	0.890463917525773
50	0.883583447021373
50	0.862943116240726
50	0.840534521158129
50	0.866843618668436
50	0.857293423271501
50	0.862061636556854
50	0.878899480069324
50	0.848251748251748
50	0.870673575129534
50	0.889760348583878
50	0.870765911542611
50	0.870608397600686
50	0.898340248962656
50	0.865808422430722
50	0.860435063536507
50	0.848074026253497
50	0.85267471958585
50	0.852896833943571
50	0.843654600959442
50	0.880273660205245
50	0.876208007363092
50	0.866598778004073
50	0.893893460372456
50	0.871782981683283
50	0.86256342378116
50	0.849595227950575
51	0.827377220480669
51	0.882457307607008
51	0.878982351592941
51	0.918006795016988
51	0.867319861196162
51	0.870017714791851
51	0.882810856301283
51	0.88272410791993
51	0.852776582006027
51	0.85771632471008
51	0.857344064386318
51	0.843812045003309
51	0.864438839848676
51	0.8717893373624
51	0.891041666666667
51	0.8654957759004
51	0.871666666666667
51	0.904848622809014
51	0.859627329192547
51	0.835284103000638
51	0.867879053461876
51	0.85232607767819
51	0.864518882014081
51	0.892613151152861
51	0.872708547888774
51	0.839116022099447
51	0.877483443708609
51	0.862918660287081
51	0.9
51	0.875717439293598
51	0.874158249158249
51	0.861642050390964
51	0.862429255550718
51	0.871037308604701
51	0.843521308652604
51	0.881061299176578
51	0.85724043715847
51	0.930726526671494
51	0.863674321503132
51	0.853300227601904
51	0.854811715481172
51	0.900926743159753
51	0.875237091675448
51	0.913316582914573
51	0.912355707567336
51	0.884766477520733
51	0.891874462596733
51	0.866901262678535
51	0.883697204652112
51	0.850340136054422
51	0.850642281733072
51	0.84768954688201
51	0.87186036611324
51	0.881516587677725
51	0.858928193179411
51	0.875324675324675
51	0.862053959965187
51	0.870407933288258
51	0.885263612791703
51	0.876120432084578
51	0.876856294265479
51	0.875896544229515
51	0.88511259382819
51	0.852723915050785
51	0.874829931972789
51	0.86374536734249
51	0.876984126984127
51	0.854303235356312
51	0.870096076861489
51	0.863926746166951
51	0.843590831918506
51	0.880697050938338
51	0.869217466493731
51	0.871620183095593
51	0.872384078785392
51	0.873547505126453
51	0.876752600633198
51	0.881804702393561
51	0.830985915492958
51	0.884639763363617
51	0.861970594689489
51	0.883125269048644
51	0.848672019765287
51	0.829236172080773
51	0.869777306468717
51	0.864948453608247
51	0.884359400998336
51	0.864086408640864
51	0.833054393305439
51	0.865045200172191
51	0.852072310405644
51	0.863242443458043
51	0.88094199738334
51	0.886343993085566
51	0.867154811715481
51	0.88581544589511
51	0.874200426439232
51	0.879137630662021
51	0.876972330208095
51	0.857754228652945
52	0.858982754857018
52	0.873743993010048
52	0.878850957535387
52	0.891318327974277
52	0.866885964912281
52	0.888006865479511
52	0.851246261216351
52	0.838133874239351
52	0.87771503040834
52	0.869109947643979
52	0.843182292754228
52	0.85856401384083
52	0.880909500225124
52	0.880283201029822
52	0.866086956521739
52	0.871183418765322
52	0.877906976744186
52	0.870362381363244
52	0.88302752293578
52	0.833777185974257
52	0.865353371242892
52	0.864094319399786
52	0.858650252802814
52	0.88068303094984
52	0.85114254624592
52	0.864680463952695
52	0.87332908975175
52	0.839259721355791
52	0.866047471620227
52	0.857469829379942
52	0.868608414239482
52	0.888433318946914
52	0.866786678667867
52	0.880192391779624
52	0.85016694490818
52	0.875508892221984
52	0.855984638361425
52	0.865768896611642
52	0.870409455466442
52	0.853727450554227
52	0.881208053691275
52	0.87641840313596
52	0.871055952881784
52	0.863162374973399
52	0.874185136897001
52	0.855612682090831
52	0.858444585717313
52	0.873329220645692
52	0.853359597286058
52	0.864213471056596
52	0.903688977247625
52	0.866694790128665
52	0.873417721518987
52	0.839827771797632
52	0.882300290892817
52	0.843288115003037
52	0.886481982920225
52	0.889370932754881
52	0.872211799041067
52	0.892758547462306
52	0.841648106904232
52	0.874946649594537
52	0.891476180303354
52	0.907995365005794
52	0.88896061975468
52	0.892975893599335
52	0.883973288814691
52	0.877602523659306
52	0.861487964989059
52	0.881036774479397
52	0.862955935062197
52	0.898906494086142
52	0.857835899599241
52	0.840063883185033
52	0.883605851979346
52	0.861609844664111
52	0.864171122994652
52	0.879875518672199
52	0.865278368040799
52	0.84254203974667
52	0.8585313174946
52	0.887041036717063
52	0.882552469790121
52	0.86429512516469
52	0.839165261382799
52	0.861928474422816
52	0.904309392265193
52	0.892466053438458
52	0.867513227513227
52	0.843862243819987
52	0.860406091370558
52	0.889347826086957
52	0.886170212765957
52	0.847990206080392
52	0.841385395984999
52	0.847890924584576
52	0.877898319506488
52	0.873471109236609
52	0.866960352422907
52	0.879204569494394
53	0.860794254330376
53	0.865928921047031
53	0.871661101836394
53	0.880505887483646
53	0.857814838571734
53	0.87617220801364
53	0.856267173958994
53	0.870462942838513
53	0.877238968982088
53	0.859354557348452
53	0.880299785867238
53	0.846698113207547
53	0.859721934011206
53	0.866866438356164
53	0.884589577275777
53	0.865041358293426
53	0.869150963370739
53	0.884944115713347
53	0.866709319684368
53	0.892970234325522
53	0.844942850981238
53	0.841222030981067
53	0.849574885546109
53	0.870500532481363
53	0.878330373001776
53	0.87928870292887
53	0.869217830109336
53	0.849214884921488
53	0.859983599835998
53	0.886772260273973
53	0.862740989103101
53	0.882938187976291
53	0.836082689496763
53	0.890711593881623
53	0.851943755169562
53	0.859701492537313
53	0.871942778034149
53	0.861031518624642
53	0.856413529036375
53	0.876080084299262
53	0.900658165364048
53	0.88403581568028
53	0.872738486842105
53	0.87536904259806
53	0.895874263261297
53	0.837764287209546
53	0.859006211180124
53	0.890563564875491
53	0.883395318311092
53	0.858835546475996
53	0.866911923826012
53	0.851773200254831
53	0.827087442472058
53	0.878993018828009
53	0.879170984455959
53	0.87245880590627
53	0.884507042253521
53	0.861691130866239
53	0.866065679330328
53	0.887573964497041
53	0.880243161094225
53	0.879236379236379
53	0.845335696875692
53	0.865832980076303
53	0.844028714378943
53	0.861856108982546
53	0.845863827899756
53	0.8767298275495
53	0.872614024512759
53	0.875
53	0.876184590028842
53	0.851722723543888
53	0.862317305655581
53	0.871477369769428
53	0.846186621218577
53	0.893884508842958
53	0.865690916917779
53	0.843826655764514
53	0.854113110539846
53	0.867338191170167
53	0.876926155693416
53	0.87798126064736
53	0.877416520210896
53	0.854397326091498
53	0.884240190765229
53	0.870333554230175
53	0.88884219373818
53	0.886666666666667
53	0.877336693971855
53	0.872504829362524
53	0.871419740366783
53	0.847467968273337
53	0.848870636550308
53	0.883623401132313
53	0.845454545454545
53	0.858937397034596
53	0.894321766561514
53	0.880156765676568
53	0.914383561643836
53	0.889525909592062
54	0.867896522476675
54	0.835319609967497
54	0.868774361195323
54	0.869283690813436
54	0.875532821824382
54	0.889945945945946
54	0.885896076352068
54	0.872731066138118
54	0.84456289978678
54	0.865293865293865
54	0.869894099848714
54	0.888939566704675
54	0.881487707501576
54	0.902204151508667
54	0.869711215580927
54	0.897254575707155
54	0.88254186740078
54	0.867577074280985
54	0.878372681281619
54	0.873251377702416
54	0.867238135061677
54	0.864714682624492
54	0.893513627720262
54	0.875722543352601
54	0.902046147148455
54	0.862481932686351
54	0.897435897435897
54	0.895106382978723
54	0.885346145446604
54	0.852255719478298
54	0.852855356398499
54	0.850328598685605
54	0.886326194398682
54	0.869295436349079
54	0.881359555365541
54	0.885494552446059
54	0.867034834324554
54	0.884632224168126
54	0.847073121328742
54	0.888368983957219
54	0.891327509056041
54	0.87290008841733
54	0.88019823313941
54	0.88
54	0.858605664488017
54	0.876828492686029
54	0.87705272255834
54	0.872940691927512
54	0.885470796092289
54	0.849017147636972
54	0.89155611707728
54	0.856760650339576
54	0.892589508742714
54	0.849134199134199
54	0.861304623179227
54	0.886410574142916
54	0.882599580712788
54	0.866622281402574
54	0.856713426853707
54	0.857617958844315
54	0.861363156784132
54	0.866896403187594
54	0.881680182990227
54	0.866367329484712
54	0.874818351671165
54	0.848053392658509
54	0.86817903126916
54	0.871146595697494
54	0.875561257216164
54	0.862347340095218
54	0.872756933115824
54	0.867713004484305
54	0.859764899979377
54	0.867932401418736
54	0.886088916205696
54	0.876692047377327
54	0.851906467242469
54	0.873355263157895
54	0.854637140977856
54	0.880186197126088
54	0.877529510961214
54	0.88193426836927
54	0.873527450544565
54	0.861859428802917
54	0.864449064449064
54	0.862112059987503
54	0.896991224404513
54	0.868980738362761
54	0.885641135054406
54	0.904968539813409
54	0.858279569892473
54	0.863151152860803
54	0.872006606110652
54	0.872933884297521
54	0.862737182075091
54	0.876350011020498
54	0.877620156680076
54	0.893166913475777
54	0.906443618339529
54	0.867595094574932
55	0.856832027850305
55	0.888082274652148
55	0.857052764347278
55	0.888398486759142
55	0.861695730607336
55	0.874772036474164
55	0.895858708891596
55	0.860407659048796
55	0.86697806661251
55	0.862133112856552
55	0.874837872892348
55	0.855501813784764
55	0.858257477243173
55	0.867504636307439
55	0.857503683435066
55	0.869120654396728
55	0.885720233139051
55	0.878520386717108
55	0.867315255640654
55	0.870187250157795
55	0.833503993446652
55	0.891304347826087
55	0.87463556851312
55	0.875423728813559
55	0.890699695784442
55	0.848829431438127
55	0.885312690975759
55	0.872026941696485
55	0.860297152290549
55	0.865740740740741
55	0.878689937513467
55	0.850298028427327
55	0.850498338870432
55	0.878654649373489
55	0.90447068747364
55	0.893536121673004
55	0.86531159258432
55	0.859894566098946
55	0.877510831035841
55	0.874203494347379
55	0.893973442288049
55	0.86900443369609
55	0.909209951986032
55	0.889151450053706
55	0.877821495133568
55	0.852390394359991
55	0.879863916648947
55	0.877374419586323
55	0.887249736564805
55	0.867842368822121
55	0.853313317606691
55	0.84946908182386
55	0.860985582095976
55	0.852347611202636
55	0.876069313445931
55	0.867262025573371
55	0.852323232323232
55	0.868716244287495
55	0.853504482477588
55	0.879492600422833
55	0.868820468343452
55	0.882254347370626
55	0.851274489151043
55	0.887724249143318
55	0.872065474908464
55	0.85979213368657
55	0.891909110214483
55	0.901456726649529
55	0.865424006554691
55	0.871951219512195
55	0.84700020759809
55	0.878679750223015
55	0.869047619047619
55	0.873977448596065
55	0.871348663766314
55	0.900479866471938
55	0.878883291351805
55	0.858725761772853
55	0.853244390539721
55	0.86780245848609
55	0.88939566704675
55	0.886850783182193
55	0.893519578658118
55	0.866889213436261
55	0.896507115135834
55	0.837636014508214
55	0.882563025210084
55	0.863795365107127
55	0.87609004258771
55	0.880216216216216
55	0.899003322259136
55	0.87399643175736
55	0.867221561632977
55	0.888560574081891
55	0.869042851421706
55	0.886479591836735
55	0.885459682677679
55	0.879466119096509
55	0.87026678141136
55	0.85579089680036
56	0.875210084033613
56	0.87976116944616
56	0.869583597548087
56	0.888061336254107
56	0.868138671068923
56	0.877956876700858
56	0.851273271988016
56	0.890535676476816
56	0.880081716036772
56	0.874273858921162
56	0.888095238095238
56	0.880627419026278
56	0.862595419847328
56	0.8842939790015
56	0.8743961352657
56	0.880660954712362
56	0.89043659043659
56	0.877329510546795
56	0.860408163265306
56	0.85909683022145
56	0.874919683015635
56	0.891256590509666
56	0.866721854304636
56	0.87349274473738
56	0.88502333474756
56	0.872545090180361
56	0.849893842887473
56	0.869724025974026
56	0.888238980572383
56	0.892509521794329
56	0.852855960264901
56	0.843376023514592
56	0.872090493800305
56	0.857702619096721
56	0.89125
56	0.860659072416599
56	0.880536626916525
56	0.90390002154708
56	0.88458244111349
56	0.874947368421053
56	0.874093473005641
56	0.864859314027521
56	0.860051435919417
56	0.885111876075731
56	0.879705755084379
56	0.905950479233227
56	0.890901519883406
56	0.85669353253391
56	0.883160083160083
56	0.86253807106599
56	0.856661755419912
56	0.894423627947983
56	0.897153167602245
56	0.878947368421053
56	0.892828200972447
56	0.885547032700848
56	0.876034812141796
56	0.892250310816411
56	0.874817746302854
56	0.842432027403126
56	0.873959813273797
56	0.882015024304021
56	0.873094355170993
56	0.877272727272727
56	0.84346145587288
56	0.873404901762204
56	0.886132315521629
56	0.863605823068309
56	0.871001031991744
56	0.871048775382039
56	0.861736993035641
56	0.87981447872555
56	0.865453023645114
56	0.876519513755598
56	0.86855308047361
56	0.875337066998548
56	0.877295312162454
56	0.847711453279899
56	0.907329026509245
56	0.886238532110092
56	0.875390056168088
56	0.862138263665595
56	0.860968294772922
56	0.887744376708009
56	0.862438397257339
56	0.87051876845213
56	0.859627583384489
56	0.880898876404494
56	0.877104377104377
56	0.891338232019595
56	0.860332927324401
56	0.864579097193981
56	0.879060665362035
56	0.859677419354839
56	0.875523889354568
56	0.856743986254295
56	0.883836295990079
56	0.862561261453228
56	0.9
56	0.883675250982104
57	0.87648927720413
57	0.889143571577412
57	0.876686340640809
57	0.845489038785835
57	0.854103343465046
57	0.871413390010627
57	0.855674342105263
57	0.870595507933237
57	0.879282547359935
57	0.862953692115144
57	0.90076660988075
57	0.890474276527331
57	0.882179675994109
57	0.861223662884927
57	0.887201735357918
57	0.854871220604703
57	0.858001658374793
57	0.86788576124923
57	0.855456616276662
57	0.893485005170631
57	0.896483948460363
57	0.871492476616511
57	0.885183621781342
57	0.867139959432049
57	0.901424372597784
57	0.867578947368421
57	0.902470461868958
57	0.88353085410707
57	0.846890927624873
57	0.855550883095038
57	0.859766277128548
57	0.874704998927269
57	0.928685349737981
57	0.907172131147541
57	0.897116644823067
57	0.89763458401305
57	0.871120774856691
57	0.876811594202899
57	0.884959434158519
57	0.862507695464806
57	0.877784850413749
57	0.866736183524505
57	0.855708908406524
57	0.88325398468226
57	0.881888168557536
57	0.86935817805383
57	0.873595505617977
57	0.863411619283066
57	0.900479866471938
57	0.87160863063448
57	0.863579734219269
57	0.88141862489121
57	0.897002954833263
57	0.889712108382727
57	0.858675078864353
57	0.869593147751606
57	0.88891124974844
57	0.908207566673558
57	0.842682412484184
57	0.871477369769428
57	0.880491737202741
57	0.869246435845214
57	0.868313597386688
57	0.867971163748713
57	0.886260798025504
57	0.863185153215365
57	0.865671641791045
57	0.870954270202547
57	0.868167860798362
57	0.895057549085985
57	0.851923490221363
57	0.899957965531736
57	0.855701311806256
57	0.879749568221071
57	0.889499260511304
57	0.864776667346523
57	0.842985842985843
57	0.870700121408337
57	0.864583333333333
57	0.882606907894737
57	0.848590021691974
57	0.862175525339926
57	0.865399841646873
57	0.853259758839158
57	0.860722489037377
57	0.881450777202073
57	0.897161661867544
57	0.852248844052123
57	0.87773569023569
57	0.882487046632124
57	0.878649237472767
57	0.863795590356481
57	0.880606312292359
57	0.8480985306828
57	0.860829859043081
57	0.859444220700765
57	0.851442203426589
57	0.868665540540541
57	0.84635761589404
57	0.873052631578947
58	0.864172834566913
58	0.856183326748321
58	0.866412213740458
58	0.88091636049276
58	0.868249128919861
58	0.877400295420975
58	0.884668920262478
58	0.895784791357763
58	0.887663823590597
58	0.865335598980459
58	0.878601694915254
58	0.867148760330579
58	0.895050318340522
58	0.893862967633459
58	0.859827213822894
58	0.897052803929595
58	0.870816457045406
58	0.868504102671997
58	0.881859908201956
58	0.874710465361129
58	0.862554112554113
58	0.865128096548804
58	0.853027139874739
58	0.864329615297064
58	0.873642439431913
58	0.890002044571662
58	0.880613126079447
58	0.897569444444444
58	0.864089775561097
58	0.866332497911445
58	0.873956424353492
58	0.900311526479751
58	0.86964656964657
58	0.878322259136213
58	0.861003861003861
58	0.866680072390911
58	0.851433354258213
58	0.901186623516721
58	0.877065699314792
58	0.870445344129555
58	0.874645605508303
58	0.856442720032673
58	0.8924063728533
58	0.87699747687132
58	0.869227707006369
58	0.88327021608376
58	0.870551427454048
58	0.867291957693075
58	0.890544175460377
58	0.862855988689154
58	0.888315041962557
58	0.856874216464689
58	0.858623731804146
58	0.847906403940887
58	0.881100082712986
58	0.880898413352565
58	0.861439312567132
58	0.884475806451613
58	0.873974794958992
58	0.874371859296482
58	0.89198606271777
58	0.884713919726729
58	0.871957455512375
58	0.857777777777778
58	0.886589229144667
58	0.9
58	0.878722948360831
58	0.86226012793177
58	0.878824476650564
58	0.893595663521381
58	0.854049372022521
58	0.876869493956157
58	0.866826634673065
58	0.886913376059541
58	0.892038349312213
58	0.853512705530643
58	0.886284186716019
58	0.878907878282618
58	0.86531027466938
58	0.868819374369324
58	0.859228362877998
58	0.884852216748768
58	0.847133757961783
58	0.879303106633081
58	0.877093802345059
58	0.887781077641069
58	0.853741496598639
58	0.889493511929678
58	0.888245033112583
58	0.870164067247316
58	0.882555083889226
58	0.867935871743487
58	0.87942281083218
58	0.855897009966777
58	0.867174280879865
58	0.861488541877915
58	0.887567793074677
58	0.83578947368421
58	0.869934640522876
58	0.837171387813328
59	0.864797507788162
59	0.865403399101387
59	0.854852876592007
59	0.880534503390507
59	0.866925592804579
59	0.858221476510067
59	0.868196037539103
59	0.842330413526176
59	0.869307739432306
59	0.881380450506303
59	0.866638708324596
59	0.892850029874527
59	0.863149543831813
59	0.874948411060669
59	0.860390990225244
59	0.871014194610162
59	0.85650406504065
59	0.884683882457703
59	0.877358490566038
59	0.897226753670473
59	0.86684896928902
59	0.872340425531915
59	0.872251099560176
59	0.910131058872478
59	0.85837922895358
59	0.853491648218958
59	0.892316999395039
59	0.883408071748879
59	0.897013614404919
59	0.88864006514658
59	0.866455026455026
59	0.87443578169881
59	0.877409891031014
59	0.868389180460234
59	0.896936542669584
59	0.857647547797174
59	0.85033086804204
59	0.887438825448613
59	0.844706368899917
59	0.881023795240952
59	0.835301696371054
59	0.847346072186837
59	0.891683168316832
59	0.87363746467501
59	0.89048760991207
59	0.873588184187663
59	0.85559941824226
59	0.87472216609416
59	0.866735751295337
59	0.869158878504673
59	0.88317944600562
59	0.884393063583815
59	0.862216778934476
59	0.893617021276596
59	0.900552486187845
59	0.871832460732984
59	0.86470113085622
59	0.889254837381639
59	0.902043395828945
59	0.880922431865828
59	0.882005298553087
59	0.880397967823878
59	0.868270799347471
59	0.892150606253989
59	0.865683700262573
59	0.900180036007201
59	0.888257575757576
59	0.857389428263215
59	0.851980400163332
59	0.873344038538739
59	0.890612244897959
59	0.857773109243697
59	0.877988458367683
59	0.904059040590406
59	0.867373431414972
59	0.854749744637385
59	0.856375284149618
59	0.855971404541632
59	0.874007060900265
59	0.90239651416122
59	0.880345312186308
59	0.895578160680922
59	0.865071385481601
59	0.881176235247049
59	0.866129032258064
59	0.869529484281898
59	0.887701612903226
59	0.888283928211333
59	0.864085667215815
59	0.869634977938227
59	0.880641925777332
59	0.871609028784427
59	0.87096118675066
59	0.89119170984456
59	0.873508353221957
59	0.886503067484663
59	0.867372353673724
59	0.87420998980632
59	0.863125
59	0.887027579162411
60	0.881320518178019
60	0.887069689336692
60	0.886980284989264
60	0.900980196039208
60	0.861244979919679
60	0.873362445414847
60	0.856787564766839
60	0.857461476074615
60	0.888249794576828
60	0.89717868338558
60	0.88090927378797
60	0.901692708333333
60	0.864765784114053
60	0.89625416748382
60	0.907225309961522
60	0.858544562551104
60	0.861245022007965
60	0.870288481785639
60	0.882659191029235
60	0.863911290322581
60	0.895307570977918
60	0.871855514943023
60	0.865659283792175
60	0.879862236628849
60	0.902246508803886
60	0.878029862323056
60	0.86724960254372
60	0.867340868530637
60	0.898018166804294
60	0.872635814889336
60	0.880047980807677
60	0.888728918140683
60	0.89148214641931
60	0.874873660804528
60	0.893274265002014
60	0.877087105210219
60	0.856911883589329
60	0.871473976956694
60	0.890137328339575
60	0.902439024390244
60	0.875371549893843
60	0.860847564832385
60	0.883660130718954
60	0.87824779901224
60	0.863338269515549
60	0.8840885142255
60	0.878438511326861
60	0.889263742806112
60	0.873768472906404
60	0.898022249690977
60	0.863735826536702
60	0.874773139745917
60	0.87883008356546
60	0.873946037099494
60	0.875747905863582
60	0.856011091305209
60	0.86984381257509
60	0.892666534888318
60	0.859365146100484
60	0.882120582120582
60	0.880691056910569
60	0.899470899470899
60	0.872831146847228
60	0.884224193897425
60	0.867800212539851
60	0.863709677419355
60	0.880804311774461
60	0.870395903092377
60	0.870663725686786
60	0.863546991742037
60	0.881818181818182
60	0.857201561536881
60	0.888327012220818
60	0.862957137239481
60	0.897713097713098
60	0.88544201135442
60	0.885668916236602
60	0.871194379391101
60	0.908862350722816
60	0.881881676253081
60	0.907015359070154
60	0.880603015075377
60	0.885427341668375
60	0.860161352285824
60	0.85242474916388
60	0.851337759002213
60	0.876916701201823
60	0.867601567333471
60	0.867610324729392
60	0.892008639308855
60	0.859660297239915
60	0.87783188651281
60	0.892493638676845
60	0.876853377265239
60	0.86284289276808
60	0.880188100592926
60	0.88981462195376
60	0.89848717386538
60	0.888866396761134
60	0.898795689837313
61	0.865750736015702
61	0.882667194301543
61	0.897483884383448
61	0.84996938150643
61	0.875393700787402
61	0.881383192601528
61	0.868572563033552
61	0.870862280343278
61	0.879445095740524
61	0.863334005240879
61	0.880605822187254
61	0.874020494273659
61	0.894343649946638
61	0.872090585028308
61	0.880478087649402
61	0.855297157622739
61	0.89928810720268
61	0.851466611192012
61	0.891524692689239
61	0.854901161605869
61	0.855837966640191
61	0.857912592296947
61	0.858555286521388
61	0.869444993087103
61	0.865048343962148
61	0.878878878878879
61	0.881752701080432
61	0.867530296698705
61	0.862821035466775
61	0.867411467116358
61	0.878048780487805
61	0.859556494192186
61	0.878550843968711
61	0.906948640483384
61	0.884257300042319
61	0.885926844389337
61	0.880808501771202
61	0.875676801332778
61	0.891281622412712
61	0.88724279835391
61	0.854429072888705
61	0.864499192245557
61	0.882007138358178
61	0.866056572379368
61	0.828290923662593
61	0.86676217765043
61	0.872571872571873
61	0.857257417802727
61	0.8701171875
61	0.891463160091839
61	0.883054393305439
61	0.860228452751817
61	0.872659946513063
61	0.877722277722278
61	0.884952063359733
61	0.885265700483092
61	0.872136609745939
61	0.858494446729741
61	0.896333754740834
61	0.880755608028335
61	0.870843000773395
61	0.881565181000209
61	0.883100902378999
61	0.867220758159335
61	0.853260869565217
61	0.85126462816157
61	0.85832531280077
61	0.870734229576008
61	0.876259572752922
61	0.856305578011318
61	0.894078947368421
61	0.918015332197615
61	0.886712095400341
61	0.887667399560264
61	0.892160844841592
61	0.888751545117429
61	0.871440032089852
61	0.869785338193601
61	0.854307346020053
61	0.906316688006829
61	0.892755392755393
61	0.904928131416838
61	0.877580511973576
61	0.865977249224405
61	0.890159248672928
61	0.876878130217028
61	0.866277813782674
61	0.876847290640394
61	0.860208584035299
61	0.874821026794846
61	0.854458133221967
61	0.862502455313298
61	0.86497024420275
61	0.887461773700306
61	0.877690802348337
61	0.865006278777731
61	0.886209029066172
61	0.864978902953586
61	0.865346138455382
61	0.865191146881288
62	0.881071357185689
62	0.84507614213198
62	0.86687898089172
62	0.874819847642578
62	0.875025567600736
62	0.8627648839556
62	0.901913875598086
62	0.890241343126967
62	0.880905121079794
62	0.883827332405013
62	0.875747905863582
62	0.880905896134323
62	0.879250661779678
62	0.855001026904909
62	0.872252177519701
62	0.879841112214498
62	0.861294311624073
62	0.870845603702146
62	0.865782599959815
62	0.879950749025241
62	0.891460167929552
62	0.880568918636269
62	0.892244897959184
62	0.867160189183631
62	0.888888888888889
62	0.873538156590684
62	0.871414242728185
62	0.881106176826807
62	0.873383395911556
62	0.874291497975708
62	0.867711598746082
62	0.863029827315542
62	0.878163625662154
62	0.845446950710109
62	0.873009554140127
62	0.886405959031657
62	0.857369569529855
62	0.868499701135684
62	0.879476731717778
62	0.86469477658905
62	0.891219411885667
62	0.88596317560879
62	0.890425092860091
62	0.890346382455421
62	0.85543996532293
62	0.874252731395589
62	0.870705808869457
62	0.887275660415406
62	0.891076115485564
62	0.866572180603361
62	0.860649087221095
62	0.864149394623435
62	0.87181577338496
62	0.883089327392319
62	0.868900523560209
62	0.895885810243493
62	0.858782537405206
62	0.88639469061097
62	0.869066147859922
62	0.880709071949948
62	0.887897031347312
62	0.880085238279737
62	0.881244881244881
62	0.881184103811841
62	0.867367168913561
62	0.869066455696203
62	0.880631948507899
62	0.854089037066091
62	0.881140084899939
62	0.858628741243897
62	0.89607250755287
62	0.879895034315704
62	0.878928283642224
62	0.8827329678935
62	0.854909318323952
62	0.896162528216704
62	0.863951120162933
62	0.896936498275512
62	0.858643933386201
62	0.881576232721271
62	0.871347323004511
62	0.862355564565173
62	0.885988170507852
62	0.886630179827991
62	0.865118956254797
62	0.875605815831987
62	0.878651685393258
62	0.873580912064653
62	0.880453922911368
62	0.885645741703319
62	0.878529352021125
62	0.863962302806802
62	0.892618806875632
62	0.889052942417212
62	0.906320774140416
62	0.884631147540984
62	0.855553347903835
62	0.887952302631579
62	0.895464278761923
62	0.893258426966292
63	0.865301944728762
63	0.85286271290786
63	0.868171739568635
63	0.85921625544267
63	0.879278540684566
63	0.882164969043339
63	0.880677290836653
63	0.884031572556163
63	0.878311093407688
63	0.875526157546603
63	0.878775990584543
63	0.869994081672914
63	0.906387225548902
63	0.876892430278884
63	0.877476005717786
63	0.856110776640578
63	0.884066471163245
63	0.88672032193159
63	0.919463087248322
63	0.893457565323071
63	0.872495446265938
63	0.882341309076528
63	0.898096748612213
63	0.893120393120393
63	0.852172203656379
63	0.908843252305113
63	0.888866231647635
63	0.892729439809297
63	0.883323512080141
63	0.89098574583417
63	0.890477149184619
63	0.882686084142395
63	0.914111763426832
63	0.868331668331668
63	0.877030639522928
63	0.905664350389556
63	0.883677685950413
63	0.878488372093023
63	0.898992020159597
63	0.881444332998997
63	0.874147671926748
63	0.870914012075786
63	0.880163599182004
63	0.866049879324216
63	0.879406665382393
63	0.884096484055601
63	0.870794633642931
63	0.862001563721658
63	0.883696994648003
63	0.872798839859126
63	0.851380042462845
63	0.901558492799369
63	0.865762004175365
63	0.891696750902527
63	0.872871287128713
63	0.868793577012466
63	0.880995749848209
63	0.884201819685691
63	0.875619834710744
63	0.847648261758691
63	0.878493557978196
63	0.878354554358472
63	0.858380933622218
63	0.898328416912488
63	0.868357970435477
63	0.86484872611465
63	0.863113496932515
63	0.894060657118787
63	0.876563803169308
63	0.886732039223534
63	0.883561643835616
63	0.880889787664307
63	0.872863693205502
63	0.885514018691589
63	0.865777238730544
63	0.887789432020582
63	0.889046365661065
63	0.88510126328454
63	0.891134020618557
63	0.878749737780575
63	0.888148873653281
63	0.882172758831938
63	0.850915605095541
63	0.850880786562884
63	0.880812182741117
63	0.884570082449941
63	0.872244810614166
63	0.86952325805829
63	0.887532007090802
63	0.870127205580632
63	0.874754227290602
63	0.884504132231405
63	0.869548056048944
63	0.877977919814062
63	0.876701361088871
63	0.889474711970318
63	0.873729158194388
63	0.885334942667471
63	0.8774727492935
63	0.878211823689158
64	0.881046008651199
64	0.879622186495177
64	0.850398528510117
64	0.871179883945841
64	0.8697265625
64	0.891630477694433
64	0.893449251920744
64	0.886927851047324
64	0.87958007410457
64	0.857705053852527
64	0.906919779546846
64	0.857142857142857
64	0.875378100423473
64	0.894172101830423
64	0.872685185185185
64	0.879076662431173
64	0.890138582044587
64	0.868023372959903
64	0.882893450635386
64	0.872633047638031
64	0.883283283283283
64	0.856519150625124
64	0.871097683786506
64	0.88838550247117
64	0.869189633895516
64	0.86841046277666
64	0.870869033047736
64	0.894968138870578
64	0.892280769978612
64	0.877905801495856
64	0.89620253164557
64	0.881799591002045
64	0.903037869330004
64	0.875122910521141
64	0.871695178849145
64	0.858676207513417
64	0.897517504774029
64	0.87087030394563
64	0.869004045463302
64	0.896948077685295
64	0.847910295616718
64	0.877368099409248
64	0.871071071071071
64	0.874225154969006
64	0.886078431372549
64	0.867906256052683
64	0.885981308411215
64	0.880160320641283
64	0.877518452024736
64	0.86584639809486
64	0.900806927770124
64	0.875868725868726
64	0.885034687809713
64	0.891792568395263
64	0.85692007797271
64	0.875440414507772
64	0.874798711755233
64	0.881658031088083
64	0.871938563719386
64	0.886769724954828
64	0.878551965745426
64	0.873596079232183
64	0.882774140752864
64	0.855605199025183
64	0.867625599332916
64	0.877119489327748
64	0.860047846889952
64	0.877067144849572
64	0.857142857142857
64	0.866548393455549
64	0.895083932853717
64	0.871425754289095
64	0.864627887082977
64	0.868874950999608
64	0.874923981350091
64	0.863235883059672
64	0.874141414141414
64	0.880929143080226
64	0.886264390631203
64	0.88390603766259
64	0.88126548503907
64	0.879208324831667
64	0.88813151563753
64	0.877158166302838
64	0.86436691493532
64	0.863528481012658
64	0.885278383197939
64	0.868436695066376
64	0.872705506783719
64	0.881686841077704
64	0.869181874102932
64	0.863514902363823
64	0.896862825507484
64	0.874822479204707
64	0.89490901656103
64	0.892665842604038
64	0.865769073847409
64	0.857310628302995
64	0.871830704731483
64	0.869892254523277
65	0.873702422145329
65	0.885945399393327
65	0.887279843444227
65	0.869634977938227
65	0.859904344360303
65	0.859707971586425
65	0.895284751990202
65	0.875416911908966
65	0.884980796442288
65	0.88312948941953
65	0.902994257588187
65	0.895209580838323
65	0.878616106333073
65	0.878147029204431
65	0.879541864139021
65	0.88750527648797
65	0.870424740653748
65	0.893349804406012
65	0.863241106719368
65	0.873534010946052
65	0.890863993385697
65	0.894424673784104
65	0.875100080064051
65	0.88080526210883
65	0.856695992179863
65	0.900609756097561
65	0.884214743589744
65	0.867204843592331
65	0.87612443778111
65	0.871188428459734
65	0.868611670020121
65	0.874876065833829
65	0.881878361605296
65	0.882479468126711
65	0.878428321338261
65	0.878429801722411
65	0.883400809716599
65	0.902000404122045
65	0.854497886898772
65	0.86780258519389
65	0.879894501927369
65	0.885091926458833
65	0.874074074074074
65	0.87546622461666
65	0.886336396324411
65	0.885422915416917
65	0.865671641791045
65	0.874570793779035
65	0.871659840062415
65	0.874432989690722
65	0.886520376175549
65	0.846428571428571
65	0.892931392931393
65	0.859524722115753
65	0.881101376720901
65	0.866889912097112
65	0.898550724637681
65	0.886000818665575
65	0.890397284887203
65	0.87153312788906
65	0.880278884462151
65	0.879550655294362
65	0.874009178139341
65	0.859384309831182
65	0.866492146596859
65	0.873277661795407
65	0.869522109855245
65	0.905929648241206
65	0.889531405782652
65	0.87712895377129
65	0.863692946058091
65	0.857335646809331
65	0.873144666534732
65	0.869599217986315
65	0.871863985071532
65	0.905237415936417
65	0.883323152107514
65	0.899939479523906
65	0.884561049445005
65	0.877076411960133
65	0.896602042943506
65	0.89104981147053
65	0.882967821274851
65	0.862520458265139
65	0.891819493097053
65	0.902533714752758
65	0.88769740690193
65	0.900981996726678
65	0.886041009463722
65	0.891353929089778
65	0.880620771985674
65	0.87117296222664
65	0.864886731391586
65	0.877456879261933
65	0.877097230644835
65	0.880472685005812
65	0.872582253240279
65	0.890919811320755
65	0.889873162874975
65	0.882485643970468
66	0.866799204771372
66	0.893581434246289
66	0.866152362584378
66	0.882734834652059
66	0.866932270916335
66	0.867141162514828
66	0.89957014458773
66	0.872558690076938
66	0.874495560936239
66	0.871535504754198
66	0.875050382910117
66	0.848684210526316
66	0.868474301902064
66	0.880693343167988
66	0.867635506677141
66	0.88404360753221
66	0.888615888615889
66	0.866774979691308
66	0.894432249052085
66	0.900141499898929
66	0.890526315789474
66	0.89968152866242
66	0.898916967509025
66	0.883706965572458
66	0.883725568408456
66	0.890742947953913
66	0.880169457333064
66	0.856520878685929
66	0.900525598598404
66	0.900533913387384
66	0.892857142857143
66	0.877401998462721
66	0.8785140562249
66	0.891283432749663
66	0.865249609984399
66	0.88231850117096
66	0.895774647887324
66	0.886807817589576
66	0.880942538238942
66	0.859701492537313
66	0.867009697209578
66	0.889174747674649
66	0.89171585589253
66	0.916333865814696
66	0.872792220678706
66	0.880085238279737
66	0.883032637340361
66	0.868307086614173
66	0.866565866565867
66	0.876119687440442
66	0.889998042669798
66	0.901898101898102
66	0.887814702920443
66	0.878686467266262
66	0.888352327602859
66	0.866994106090373
66	0.888441401530407
66	0.874280039721946
66	0.880875202593193
66	0.885569105691057
66	0.904114832535885
66	0.888581040965763
66	0.858480961107717
66	0.854252602632096
66	0.878487666801456
66	0.875947347427204
66	0.874469375379018
66	0.89201213346815
66	0.888779720966791
66	0.890421604818341
66	0.90089552238806
66	0.882306477093207
66	0.897905226764287
66	0.877230411171451
66	0.898318654923939
66	0.875248311481923
66	0.878034102306921
66	0.893578352180937
66	0.87564870259481
66	0.852512155591572
66	0.886022333461687
66	0.881325659853145
66	0.903428687360519
66	0.879515793455646
66	0.886811023622047
66	0.864848960376618
66	0.891420645928274
66	0.867338709677419
66	0.863304981773998
66	0.863841475377673
66	0.894809552003158
66	0.880299743640308
66	0.885136461810328
66	0.853572131470183
66	0.873937677053824
66	0.89466537342386
66	0.868667917448405
66	0.87766269298417
66	0.864816650148662
66	0.872259102796218
67	0.874194770746495
67	0.869209809264305
67	0.889369227746119
67	0.880911353628183
67	0.87363100252738
67	0.863744545815153
67	0.891922639362912
67	0.889743071009508
67	0.893176279447604
67	0.850438169425511
67	0.897404703974047
67	0.874253803196611
67	0.877268292682927
67	0.89936462389834
67	0.892933204259439
67	0.888213375171602
67	0.869458128078818
67	0.868362156663276
67	0.893477421844848
67	0.858966804164211
67	0.871709233791748
67	0.879017768017568
67	0.890880441205436
67	0.897275479313824
67	0.886381322957198
67	0.880125523012552
67	0.897067506396379
67	0.896933229813665
67	0.859116559641954
67	0.871868978805395
67	0.87170474516696
67	0.88
67	0.902132748654574
67	0.884696823869105
67	0.865425225571127
67	0.885579293344289
67	0.898267967350189
67	0.880645161290323
67	0.876362195363582
67	0.890858394742083
67	0.910185967878276
67	0.87940074906367
67	0.894010152284264
67	0.872319688109162
67	0.901645692158761
67	0.895543456342004
67	0.885860655737705
67	0.870680945645585
67	0.891423001949318
67	0.881505204163331
67	0.868756121449559
67	0.883481130129924
67	0.889375248706725
67	0.883616481156024
67	0.885071090047393
67	0.889091646390916
67	0.904213771839671
67	0.886439677228892
67	0.87106357694593
67	0.876818622696411
67	0.87529319781079
67	0.867168913560666
67	0.861691340498885
67	0.870656758385218
67	0.896309314586995
67	0.898374779714118
67	0.881839348079162
67	0.87411108975591
67	0.868535333596526
67	0.89129116993332
67	0.887998473573746
67	0.884402216943785
67	0.892806484295846
67	0.873805732484076
67	0.880118694362018
67	0.873558648111332
67	0.88094294770206
67	0.863298080689385
67	0.874743326488706
67	0.884899261919011
67	0.880523083019616
67	0.87335460710012
67	0.864468864468865
67	0.90597609561753
67	0.877099236641221
67	0.896274509803922
67	0.889290737392003
67	0.880181480717674
67	0.902131018153118
67	0.903442656345488
67	0.889861840825063
67	0.873817034700315
67	0.86623196996641
67	0.874723506937462
67	0.86372510737993
67	0.886788658757289
67	0.885380116959064
67	0.867840518113742
67	0.884282907662083
67	0.865468194389569
68	0.885327493529763
68	0.854073061144755
68	0.88040260509177
68	0.902345251826221
68	0.879886570791979
68	0.871394705649941
68	0.897867344942281
68	0.863784665579119
68	0.896646401255148
68	0.898025685259728
68	0.884524279510462
68	0.879525222551929
68	0.858636715724245
68	0.894910005806077
68	0.87524870672503
68	0.881811054488436
68	0.879152348224513
68	0.906948640483384
68	0.868989019310867
68	0.872029250457038
68	0.881270226537217
68	0.892289582107122
68	0.880558325024925
68	0.88920282542886
68	0.875096079938509
68	0.889615699100572
68	0.876408787010506
68	0.882062425918609
68	0.874130045734739
68	0.868452380952381
68	0.883106796116505
68	0.870553935860058
68	0.85720097640358
68	0.877921576202434
68	0.89048473967684
68	0.884882108183079
68	0.885897950984331
68	0.86339338744803
68	0.901021839310759
68	0.88235294117647
68	0.861990521327014
68	0.89536051415947
68	0.895103462405245
68	0.890196835198765
68	0.865677546983185
68	0.888239875389408
68	0.894458027709861
68	0.882376316312339
68	0.878611515277489
68	0.86197350207633
68	0.871239701092163
68	0.903251231527094
68	0.883021776835614
68	0.876160379221805
68	0.899417475728155
68	0.903244384718756
68	0.885760257441673
68	0.868671193016489
68	0.873227861105404
68	0.869515885022693
68	0.864690972899201
68	0.880016214025132
68	0.868985038414881
68	0.877699254024342
68	0.88623707239459
68	0.893192253942903
68	0.863689776733255
68	0.896688741721854
68	0.874318004676539
68	0.876759224039559
68	0.880905511811024
68	0.882891854212308
68	0.859450726978998
68	0.873184138201806
68	0.879967558799676
68	0.856279251170047
68	0.889564124056999
68	0.886044591246903
68	0.879601990049751
68	0.871087636932707
68	0.877246113466586
68	0.891047466453034
68	0.883009428516452
68	0.882714862526437
68	0.858256697321072
68	0.88773263958375
68	0.88031863221294
68	0.890497917079944
68	0.869752844252648
68	0.874332079952504
68	0.890432098765432
68	0.871322831656861
68	0.864617778642288
68	0.867705047318612
68	0.870949185043145
68	0.886576284132137
68	0.86196682464455
68	0.8782151208106
68	0.887250996015936
68	0.8729792147806
69	0.880994323742415
69	0.898648648648649
69	0.876807511737089
69	0.876766091051805
69	0.903515475735575
69	0.872059109469181
69	0.858044164037855
69	0.881862930708065
69	0.889322381930185
69	0.884816753926702
69	0.888604605392639
69	0.902439024390244
69	0.893591535236574
69	0.874252651880424
69	0.888238736102984
69	0.878736284525161
69	0.891754591637358
69	0.896168108776267
69	0.881345565749236
69	0.893429487179487
69	0.882456140350877
69	0.893468737554759
69	0.883421650264951
69	0.873930829304574
69	0.878482034719419
69	0.885119667013528
69	0.892986698911729
69	0.874636134290704
69	0.857084524295631
69	0.877313370763152
69	0.90055910543131
69	0.887006775607812
69	0.857113359487921
69	0.889221556886228
69	0.864934549781833
69	0.872131790547166
69	0.887003470883147
69	0.854730417090539
69	0.891141732283465
69	0.871845817603815
69	0.872896456147298
69	0.891295707472178
69	0.872434298868214
69	0.872757613683771
69	0.887987012987013
69	0.890316205533597
69	0.86399217221135
69	0.899199062316859
69	0.888427299703264
69	0.874951531601396
69	0.864989437295948
69	0.902592142567841
69	0.873344038538739
69	0.866518128418068
69	0.908647990255786
69	0.852678571428571
69	0.889388313464921
69	0.915378186376933
69	0.875838926174497
69	0.884662576687117
69	0.883420734167003
69	0.882507583417593
69	0.884292565947242
69	0.884318766066838
69	0.876339969372129
69	0.887087205853273
69	0.865059744540585
69	0.870735036069409
69	0.882210568777733
69	0.89011663597299
69	0.869208211143695
69	0.899223262298347
69	0.852627496606554
69	0.859332557237097
69	0.870770485120261
69	0.872528316375504
69	0.880278884462151
69	0.887495175607873
69	0.906231685876148
69	0.864059967585089
69	0.870837343599615
69	0.887857847976308
69	0.893122313403673
69	0.877629449838188
69	0.862164846077458
69	0.866853258696521
69	0.881028938906752
69	0.902210175145955
69	0.877810945273632
69	0.855409504550051
69	0.902129322133229
69	0.879473786032115
69	0.866057838660578
69	0.903088175538399
69	0.882590276376841
69	0.885362569724947
69	0.853968856817319
69	0.879572869290093
69	0.872768315206238
69	0.879934546942115
70	0.86883973612728
70	0.869481765834933
70	0.8836356619066
70	0.871587850826605
70	0.851657940663176
70	0.884508716323296
70	0.877203290246768
70	0.882098644134408
70	0.880898876404494
70	0.885703215807826
70	0.866135458167331
70	0.905529037390613
70	0.890086206896552
70	0.873671782762692
70	0.888502415458937
70	0.863747454175153
70	0.88668499607227
70	0.87096142549442
70	0.900633032802609
70	0.876581065542353
70	0.888129636860601
70	0.880320187426786
70	0.85864896524795
70	0.864190476190476
70	0.894807178312333
70	0.882124100369578
70	0.875561633131471
70	0.878252611585945
70	0.895379915998473
70	0.88237600470496
70	0.875096824167312
70	0.872752150117279
70	0.875122141880008
70	0.903116934683343
70	0.883401123377881
70	0.888977795559112
70	0.877760853008378
70	0.858440276406713
70	0.86798997880131
70	0.891818004296036
70	0.907275868688808
70	0.89497622493281
70	0.856827752155605
70	0.880782555532912
70	0.885643846007965
70	0.869721643628101
70	0.880503144654088
70	0.858112153262822
70	0.888673390224981
70	0.884549109707065
70	0.892444804537168
70	0.880676420292609
70	0.88249305279873
70	0.908855721393035
70	0.869357725193876
70	0.886068591358264
70	0.86859344894027
70	0.8707034372502
70	0.884411653424139
70	0.885714285714286
70	0.866627265563436
70	0.886584205518554
70	0.872910372608258
70	0.87084501401682
70	0.85610548442576
70	0.856865033061066
70	0.87132140796307
70	0.887430389817025
70	0.877502477700694
70	0.885177035407081
70	0.86357461672812
70	0.866356769320163
70	0.860186688311688
70	0.858537557282327
70	0.87306864854293
70	0.87990952087189
70	0.874131427436966
70	0.877469566952704
70	0.875098970704671
70	0.892080745341615
70	0.900755767700875
70	0.898210735586481
70	0.887660414610069
70	0.863365956630205
70	0.876774326270315
70	0.869429850165402
70	0.904019196160768
70	0.887956275619754
70	0.891397430906968
70	0.87318563789152
70	0.859952324195471
70	0.88486970050564
70	0.87000388048118
70	0.880649579338681
70	0.87473542428324
70	0.878899835796388
70	0.886049192928516
70	0.862425447316103
70	0.88666017526777
70	0.871531146904716
71	0.878995433789954
71	0.905580266882329
71	0.8770783847981
71	0.916329011345219
71	0.892385392385392
71	0.894345529250636
71	0.890951276102088
71	0.87846063224033
71	0.886796315250768
71	0.892310635042081
71	0.869822485207101
71	0.888569236670502
71	0.876928938845494
71	0.894928229665072
71	0.876817288801572
71	0.869409660107335
71	0.855520387264941
71	0.89878144654088
71	0.886927122464313
71	0.865299865874689
71	0.873764683945553
71	0.877821011673152
71	0.894563106796117
71	0.894582436925484
71	0.86362765753687
71	0.880464216634429
71	0.909428512481948
71	0.886842604898424
71	0.909404134576409
71	0.857690097682436
71	0.871651339464214
71	0.874737043411742
71	0.902001668056714
71	0.865261044176707
71	0.869396110542477
71	0.882944412824891
71	0.903713892709766
71	0.87339137017411
71	0.875025906735751
71	0.873554502369668
71	0.870569494225408
71	0.878864475986778
71	0.871823617339312
71	0.856047197640118
71	0.85376213592233
71	0.87953995157385
71	0.889155662264906
71	0.899922420480993
71	0.896024464831804
71	0.893480791618161
71	0.892513263902535
71	0.895100750691426
71	0.900076569678407
71	0.859915949569742
71	0.891825445605409
71	0.891735041024615
71	0.904434095970844
71	0.875858011374779
71	0.885252365930599
71	0.882846784964701
71	0.875371507826432
71	0.88377581120944
71	0.892446319018405
71	0.89023220111303
71	0.890157480314961
71	0.910731803021385
71	0.895885648058721
71	0.870159892120979
71	0.885920436817473
71	0.885208882197968
71	0.869926373418916
71	0.855974124809741
71	0.867736255135981
71	0.893563880883766
71	0.889274022722896
71	0.886160289358462
71	0.887388282025819
71	0.862008220786847
71	0.881053855094924
71	0.868218545594459
71	0.868071818891491
71	0.875847375556847
71	0.893770627062706
71	0.86463923673226
71	0.886819780674529
71	0.86344989255714
71	0.881828528072838
71	0.87880658436214
71	0.876314280252342
71	0.874753451676529
71	0.87651282051282
71	0.870819797439327
71	0.887884615384615
71	0.889817629179331
71	0.882765335929893
71	0.879894578313253
71	0.885795996186845
71	0.887875848690592
71	0.880047742192162
71	0.878441770344687
72	0.87737843551797
72	0.877450047573739
72	0.873634945397816
72	0.855412420688329
72	0.880071599045346
72	0.882897067506396
72	0.884782198755421
72	0.886446186197668
72	0.903353057199211
72	0.896633195510927
72	0.89349464498215
72	0.864738986997865
72	0.869507825759004
72	0.907433102081269
72	0.889330419233062
72	0.880505709624796
72	0.881398493335909
72	0.896742349457058
72	0.880925718551698
72	0.880961844197138
72	0.8778552071235
72	0.894797687861272
72	0.879050925925926
72	0.888065843621399
72	0.889082800077564
72	0.88216933281311
72	0.870440502292206
72	0.883793237465993
72	0.886653386454183
72	0.889301634472511
72	0.879954912643246
72	0.889876352395672
72	0.872568093385214
72	0.861233059744226
72	0.891693350913543
72	0.879172359945344
72	0.865188042430087
72	0.877498149518875
72	0.880400628436764
72	0.876606683804627
72	0.880645161290323
72	0.90027375831052
72	0.896964856230032
72	0.869396468076848
72	0.880459770114942
72	0.888460797534194
72	0.90185676392573
72	0.897931567755654
72	0.88550501156515
72	0.897622322656711
72	0.898726738491675
72	0.861013645224172
72	0.867106503298775
72	0.873205741626794
72	0.841632493653583
72	0.860329776915616
72	0.868054229520718
72	0.871760923018725
72	0.884533281583544
72	0.897481306572216
72	0.894901960784314
72	0.88995983935743
72	0.87985597877582
72	0.876262626262626
72	0.87257451490298
72	0.878709420434176
72	0.852621544327931
72	0.890543415200155
72	0.88008442056792
72	0.876423062798384
72	0.892508778774873
72	0.882854926299457
72	0.866721010800897
72	0.867612293144208
72	0.887931034482759
72	0.860720477749952
72	0.862109147407264
72	0.88895382817066
72	0.878123211901583
72	0.899003449597547
72	0.889512383900929
72	0.880961613028306
72	0.876270523846755
72	0.869977255496588
72	0.86908358509567
72	0.882097791798107
72	0.899110939311944
72	0.873351435221102
72	0.874925786661389
72	0.871213601719758
72	0.871420334422449
72	0.885597926693817
72	0.89792249300839
72	0.887071950750289
72	0.894551156409251
72	0.895672791938352
72	0.882532418001526
72	0.872777017783858
72	0.888866519025569
72	0.890470541716093
73	0.87808733451887
73	0.87938901011704
73	0.902506963788301
73	0.870341913177103
73	0.888743210339015
73	0.87953667953668
73	0.871620307333204
73	0.883086964868497
73	0.871089332830758
73	0.890063424947146
73	0.90990990990991
73	0.894301297724281
73	0.886280264123258
73	0.880174705658944
73	0.886177347242921
73	0.893921796360821
73	0.87444207257908
73	0.863263263263263
73	0.903126285479227
73	0.897855530474041
73	0.866545159983799
73	0.875119161105815
73	0.881359223300971
73	0.881212819036653
73	0.872081988992219
73	0.887636155169119
73	0.859706676958703
73	0.901028018544648
73	0.891993249578099
73	0.898451638849789
73	0.873297002724796
73	0.894530484218781
73	0.882269503546099
73	0.85942429022082
73	0.872259294566254
73	0.884351145038168
73	0.862592522300247
73	0.87409200968523
73	0.872796208530806
73	0.887792609789127
73	0.85705859221392
73	0.879762588550641
73	0.873856336383103
73	0.879407753750243
73	0.884681914280223
73	0.894766250698454
73	0.887924071082391
73	0.871310507674144
73	0.863492063492064
73	0.8861328125
73	0.897813202534233
73	0.89726996966633
73	0.881054567749847
73	0.8902772354549
73	0.893164847788627
73	0.888131743327655
73	0.877523025671174
73	0.881891271056662
73	0.88168647845468
73	0.904521637880846
73	0.879391100702576
73	0.879913522012579
73	0.885587224580554
73	0.899885801294252
73	0.884100747737111
73	0.88780487804878
73	0.898204774117183
73	0.891146032962821
73	0.89017111022682
73	0.882842757552285
73	0.882318952234206
73	0.881195756991321
73	0.860181783020692
73	0.871476888387824
73	0.891355599214145
73	0.867110304496874
73	0.881610576923077
73	0.870679832890239
73	0.884808013355593
73	0.894337419731465
73	0.869227857683573
73	0.889879798371462
73	0.878920357346512
73	0.873951146746224
73	0.901789345262302
73	0.877984084880637
73	0.877690802348337
73	0.880196523053666
73	0.890312560667831
73	0.909823182711198
73	0.883720930232558
73	0.886821705426357
73	0.878609422492401
73	0.887194525904203
73	0.87572081924836
73	0.8890625
73	0.873647604327666
73	0.889400921658986
73	0.900579950289975
73	0.889901290812453
74	0.910405174053643
74	0.886949924127466
74	0.878098788443616
74	0.880305104635243
74	0.896113744075829
74	0.873167015806513
74	0.902492088607595
74	0.875833174633403
74	0.89413391269998
74	0.889080790635195
74	0.886582083813918
74	0.881992488634117
74	0.901165048543689
74	0.889344262295082
74	0.908668730650155
74	0.866167434715822
74	0.862062101910828
74	0.879100281162137
74	0.865420913552284
74	0.867877629063098
74	0.881527231892195
74	0.883472518935716
74	0.89980198019802
74	0.883036405886909
74	0.88862512363996
74	0.86771171860065
74	0.89731729879741
74	0.887323943661972
74	0.882319925163704
74	0.879675103891198
74	0.890373280943026
74	0.880206343141001
74	0.894442300270166
74	0.897523161278124
74	0.891600454029512
74	0.88001514004542
74	0.890222984562607
74	0.874710424710425
74	0.896848137535817
74	0.863654301499605
74	0.910855784469097
74	0.873599370945548
74	0.873621237614507
74	0.870306513409962
74	0.902121697357886
74	0.865149196633512
74	0.883379067032536
74	0.873889532638084
74	0.874400767018217
74	0.872278944326719
74	0.888113244134187
74	0.889974594488958
74	0.876477316050324
74	0.878726161821885
74	0.874320015006565
74	0.883725236067395
74	0.889394801745399
74	0.864812293328146
74	0.879191919191919
74	0.895959398789772
74	0.87910592808552
74	0.89051963506545
74	0.891089108910891
74	0.890503875968992
74	0.899341850561363
74	0.906213817059051
74	0.870691296895829
74	0.879274901887498
74	0.889894128970164
74	0.872027836845158
74	0.862848991237008
74	0.898009478672986
74	0.859885931558935
74	0.882172327768183
74	0.884944237918216
74	0.890243902439024
74	0.888755261575466
74	0.893982808022923
74	0.884322678843227
74	0.871756580175471
74	0.893098782138024
74	0.883210297179633
74	0.887337233440272
74	0.868911605532171
74	0.898308342945021
74	0.880914194065758
74	0.888618038627414
74	0.8760092272203
74	0.877654196157735
74	0.859541683129198
74	0.882783882783883
74	0.88364539549102
74	0.862815167758586
74	0.881395348837209
74	0.893069687080054
74	0.879850305298405
74	0.874036473021245
74	0.874548564911614
74	0.876730769230769
74	0.872641509433962
75	0.876057927402671
75	0.867251461988304
75	0.898816568047337
75	0.910860256909303
75	0.885197562413996
75	0.857756936303243
75	0.882767823103317
75	0.911993614049092
75	0.871940473859409
75	0.876834478915103
75	0.877155172413793
75	0.888866599799398
75	0.879137225734474
75	0.894083969465649
75	0.877874396135266
75	0.886750140160718
75	0.872030345378319
75	0.885154599577492
75	0.867561260210035
75	0.879374389051808
75	0.868653205253872
75	0.86527057079318
75	0.896191764933308
75	0.899885583524027
75	0.864724660814046
75	0.879336931380108
75	0.890627911309857
75	0.891094947906428
75	0.868372265480163
75	0.89119170984456
75	0.867627281460134
75	0.894726600505935
75	0.875540515134424
75	0.892723880597015
75	0.894887447539107
75	0.901389424932459
75	0.897881694644285
75	0.857304429783223
75	0.860704091341579
75	0.881802558716823
75	0.896631823461092
75	0.894736842105263
75	0.8867202449292
75	0.874079667736455
75	0.899628978715095
75	0.878223226049313
75	0.89670156033972
75	0.879826635145784
75	0.898160964999011
75	0.872953245216019
75	0.874535134077119
75	0.881401617250674
75	0.903270564915758
75	0.885185185185185
75	0.88435628742515
75	0.881768601480327
75	0.880568720379147
75	0.885136424346499
75	0.874883807399145
75	0.902985074626866
75	0.89344262295082
75	0.879712397979013
75	0.88666414809218
75	0.884386402919147
75	0.867049808429119
75	0.891100262861435
75	0.900297914597815
75	0.883116883116883
75	0.876062462937339
75	0.886470257083881
75	0.883412322274882
75	0.896928982725528
75	0.894163424124514
75	0.882972718720602
75	0.881705905055963
75	0.886185401166298
75	0.8760092272203
75	0.884821770793407
75	0.90324449594438
75	0.869651347068146
75	0.888888888888889
75	0.885050962627407
75	0.865595611285266
75	0.876521397722811
75	0.894726712856043
75	0.886633473764841
75	0.871220818982013
75	0.8828125
75	0.874414245548266
75	0.876014760147601
75	0.883276579644344
75	0.891806331471136
75	0.89921568627451
75	0.884607975341938
75	0.886205634833516
75	0.913009708737864
75	0.889978842085016
75	0.902945246096066
75	0.886752136752137
75	0.867210830181167
76	0.876443418013857
76	0.886621315192744
76	0.882751937984496
76	0.891845979614949
76	0.882376237623762
76	0.872727272727273
76	0.887407125166698
76	0.907032181168057
76	0.895131806811622
76	0.882419022654934
76	0.8773373223635
76	0.884718498659517
76	0.884801189149015
76	0.891242129364625
76	0.875476009139376
76	0.86518708730741
76	0.898590446358653
76	0.893584325777949
76	0.87155786635856
76	0.883071553228621
76	0.886502463054187
76	0.898162627052385
76	0.878228049264998
76	0.879387240643785
76	0.898753024381165
76	0.880817916260954
76	0.904329339002706
76	0.856327307326356
76	0.877254217568354
76	0.886359251398804
76	0.878880797240322
76	0.879211822660099
76	0.883926889014509
76	0.890717703349282
76	0.885392829900839
76	0.875411104662411
76	0.898366261398176
76	0.888295844452917
76	0.899172599576679
76	0.889225793410148
76	0.889469608981804
76	0.880353634577603
76	0.868824205285331
76	0.874754998039984
76	0.893746436038776
76	0.884097035040431
76	0.891133777952138
76	0.874573702159909
76	0.886251424230915
76	0.897173670509483
76	0.87188679245283
76	0.904186952288218
76	0.86751641560448
76	0.88661858974359
76	0.866487110427087
76	0.884479371316306
76	0.886646548472275
76	0.889625585023401
76	0.892780696633586
76	0.860530773574252
76	0.88507550500098
76	0.855100463678516
76	0.927339901477833
76	0.89149057681325
76	0.895147478591817
76	0.895111814763507
76	0.88018779342723
76	0.889824167601945
76	0.875799774181408
76	0.871916681892929
76	0.8681141938078
76	0.894075061916556
76	0.897908270965266
76	0.882947695897336
76	0.89499809087438
76	0.882583938739446
76	0.869533259830945
76	0.907323777734145
76	0.867741308992037
76	0.893922234805587
76	0.874341463414634
76	0.888974113135187
76	0.89759150388773
76	0.883404730862358
76	0.887102946804439
76	0.877585879673562
76	0.893759571209801
76	0.87893864013267
76	0.894214566560569
76	0.888719512195122
76	0.880212282031842
76	0.857394366197183
76	0.886510041682456
76	0.885795996186845
76	0.89980879541109
76	0.891688120632586
76	0.892731535756155
76	0.873803477241649
76	0.902011922503726
76	0.889039504260263
77	0.892223480558701
77	0.865767989367762
77	0.90191434774028
77	0.882163187855788
77	0.874787213920938
77	0.894890227316884
77	0.896616541353383
77	0.861326279992443
77	0.897963105303613
77	0.865987460815047
77	0.878974754287917
77	0.899421533868259
77	0.891458054653163
77	0.899923896499239
77	0.892672661182323
77	0.887788778877888
77	0.9055639666919
77	0.888992711642684
77	0.888932650649862
77	0.877235925437771
77	0.887112309766904
77	0.878740769529732
77	0.886350764583727
77	0.887829072872949
77	0.891502276176024
77	0.86712224753227
77	0.895909352794315
77	0.897567727901918
77	0.900188679245283
77	0.893258426966292
77	0.871699516548903
77	0.89031148480795
77	0.885981308411215
77	0.87086856264412
77	0.898327887757063
77	0.903219660887788
77	0.87797673989293
77	0.884066035985902
77	0.885807192042846
77	0.877179681576952
77	0.858580106302202
77	0.9033572676111
77	0.884286775631501
77	0.87914121784194
77	0.87679136422855
77	0.877172427260301
77	0.888400219901045
77	0.881806108897742
77	0.896260554885404
77	0.895899644261374
77	0.865036231884058
77	0.897601827179292
77	0.879148283138308
77	0.894797911429124
77	0.89613478691774
77	0.867330988667448
77	0.883410672853828
77	0.888581952117864
77	0.888909845341381
77	0.879552352048558
77	0.874784276126558
77	0.862656923365186
77	0.870711378174065
77	0.903257456828885
77	0.906985645933014
77	0.877656519241815
77	0.857941834451902
77	0.895935265336846
77	0.866575235109718
77	0.907764156450671
77	0.881082096562089
77	0.923796259450856
77	0.88783570300158
77	0.874506857035506
77	0.891791736149713
77	0.89513036809816
77	0.872517495744278
77	0.884807692307692
77	0.893924202927612
77	0.891654191616767
77	0.882698502937275
77	0.884456928838951
77	0.882821177341725
77	0.883094555873925
77	0.904052780395853
77	0.881038211968277
77	0.890933486678168
77	0.888547271329746
77	0.882229832572298
77	0.886264878140941
77	0.896525961897647
77	0.866322008862629
77	0.888520971302428
77	0.892229597813354
77	0.895717684377478
77	0.911044101017716
77	0.891629442610216
77	0.894829958718302
77	0.883764219234747
77	0.88947269656596
78	0.878950392645087
78	0.886266493216874
78	0.877566256065696
78	0.897233925627404
78	0.894049617608655
78	0.878741069704576
78	0.873625349487418
78	0.879873157992912
78	0.894548198453122
78	0.894856278366112
78	0.900137066771099
78	0.888824551244933
78	0.887606433301798
78	0.882636346116786
78	0.911433831049294
78	0.891656781336497
78	0.911486361105957
78	0.895288956704177
78	0.864683868426236
78	0.883803474687091
78	0.85806697108067
78	0.888530805687204
78	0.896916966143371
78	0.873935264054514
78	0.91169224938412
78	0.890402958925443
78	0.883940121973757
78	0.876051188299817
78	0.890981735159817
78	0.883066020141738
78	0.912678741658723
78	0.889772727272727
78	0.880701754385965
78	0.878704069537732
78	0.891329042029534
78	0.887280447790002
78	0.87209960384833
78	0.880876494023904
78	0.883326840670043
78	0.877566986113828
78	0.873688155922039
78	0.887342737323675
78	0.871557902678235
78	0.883203347917063
78	0.883782256545489
78	0.882513661202186
78	0.883543337151585
78	0.893032942067399
78	0.913130105598725
78	0.899191996921893
78	0.899241392725151
78	0.892099831112779
78	0.885223765432099
78	0.891779788838612
78	0.911372549019608
78	0.895946198393424
78	0.890773922988944
78	0.893649004133784
78	0.886052534221236
78	0.881963381379042
78	0.870481345447516
78	0.873589164785553
78	0.889331059314004
78	0.89148214641931
78	0.884275784332143
78	0.882003069838833
78	0.872900763358779
78	0.891627543035994
78	0.900330932450847
78	0.891464104013567
78	0.878964158378683
78	0.865094704290684
78	0.86771171860065
78	0.867481203007519
78	0.880201277336946
78	0.860527321360336
78	0.879426015654118
78	0.885725205427097
78	0.891214177978884
78	0.9
78	0.888655060264014
78	0.883945475198788
78	0.868568232662192
78	0.885360185902401
78	0.873047951497336
78	0.891098857818039
78	0.888951416244607
78	0.876975814130642
78	0.889657899940676
78	0.898955365622032
78	0.880947831072043
78	0.914595028067362
78	0.888378924178447
78	0.861785580874113
78	0.877166254046848
78	0.868109507954125
78	0.887956860395446
78	0.904369978444053
78	0.889665318131666
78	0.881040892193309
79	0.883778156350558
79	0.888682745825603
79	0.899637473764549
79	0.900828001505457
79	0.880366342301088
79	0.879452054794521
79	0.879265578635015
79	0.913026052104208
79	0.891064159720876
79	0.883607784431138
79	0.878611632270169
79	0.867867298578199
79	0.880289532293987
79	0.898308270676692
79	0.872466539196941
79	0.895709062920916
79	0.870210815765353
79	0.89476656626506
79	0.882754800590842
79	0.893538233660433
79	0.879053298546403
79	0.877955025946569
79	0.892074198988196
79	0.897887323943662
79	0.891121316494451
79	0.889461626575029
79	0.86478765949343
79	0.886329017517136
79	0.895168989879702
79	0.879471228615863
79	0.869442768054717
79	0.900742477530285
79	0.892013498312711
79	0.895320428490885
79	0.904361132364193
79	0.887042569081404
79	0.912356592063194
79	0.88235294117647
79	0.880647590361446
79	0.878546443839876
79	0.899022188792779
79	0.888134314280325
79	0.889199255121043
79	0.886885557031695
79	0.856977193660611
79	0.897955355468017
79	0.878719397363465
79	0.89095694679451
79	0.890541571319603
79	0.884976958525346
79	0.896829863065091
79	0.889371718269057
79	0.883227176220807
79	0.882307244125073
79	0.885795996186845
79	0.870856102003643
79	0.872276483846732
79	0.879509247390588
79	0.895454545454546
79	0.892797319932998
79	0.874571101791841
79	0.892124542124542
79	0.899233501589082
79	0.881104432757325
79	0.892015209125475
79	0.895079456251197
79	0.888160359685275
79	0.893383742911153
79	0.879842784952274
79	0.885767097966728
79	0.864595103578154
79	0.891041162227603
79	0.882860897315562
79	0.88455040360428
79	0.881982840800763
79	0.898988005997001
79	0.853025386524146
79	0.889926098794243
79	0.881985224474332
79	0.888266068759342
79	0.878144214645053
79	0.89695913228743
79	0.897375172686008
79	0.891823655078656
79	0.890069622572371
79	0.894177812745869
79	0.883941877794337
79	0.900686838685725
79	0.881988742964353
79	0.860698437198534
79	0.883109619686801
79	0.894396961063628
79	0.884248665141114
79	0.862068965517241
79	0.888322884012539
79	0.883470319634703
79	0.881962375507193
79	0.885805964514911
79	0.890832212185278
79	0.888888888888889
80	0.880733944954128
80	0.895536210409335
80	0.888888888888889
80	0.896691816598955
80	0.891559202813599
80	0.88695652173913
80	0.878731689226775
80	0.889425757294183
80	0.883829538820782
80	0.883968609865471
80	0.89198606271777
80	0.894258720930233
80	0.87316715542522
80	0.875438920717058
80	0.878887070376432
80	0.865311550151976
80	0.886959803736554
80	0.886845039018952
80	0.866004497751124
80	0.88517745302714
80	0.889180082366155
80	0.878112712975098
80	0.893330733229329
80	0.893644144964487
80	0.889251439539347
80	0.890395264464388
80	0.88540061633282
80	0.909274193548387
80	0.89736399326977
80	0.88560533841754
80	0.887112309766904
80	0.879284082254379
80	0.884861006761833
80	0.892190476190476
80	0.895247148288973
80	0.882938302876787
80	0.88342948080366
80	0.868666169895678
80	0.857062253150273
80	0.880296022201665
80	0.893397270379934
80	0.879211931504327
80	0.885633802816901
80	0.87672493100276
80	0.900341685649203
80	0.889227836034318
80	0.889962121212121
80	0.917864880835139
80	0.905631659056317
80	0.89225842908269
80	0.903291798400595
80	0.88631221719457
80	0.868401206636501
80	0.893258426966292
80	0.897504798464491
80	0.916745685567988
80	0.894873218582269
80	0.876897133220911
80	0.911085670673536
80	0.863373718546132
80	0.884650651017788
80	0.877391788965261
80	0.901329735979958
80	0.901260911736179
80	0.896879240162822
80	0.900039824771008
80	0.888888888888889
80	0.878416588124411
80	0.881317433276547
80	0.882664647993944
80	0.879857330580064
80	0.884940113881798
80	0.859057832248181
80	0.893826701375976
80	0.878743068391867
80	0.8777633289987
80	0.883851629823904
80	0.888909461210887
80	0.895120583286596
80	0.874836050215477
80	0.892448512585812
80	0.876114773167895
80	0.894910289271329
80	0.880997355496789
80	0.89653314172804
80	0.88595166163142
80	0.901592718998862
80	0.874716124148372
80	0.895533141210375
80	0.886495925494761
80	0.884438728642293
80	0.897044804575787
80	0.88911936639638
80	0.889137510170871
80	0.878197997775306
80	0.887707517254244
80	0.892062314540059
80	0.884055156341037
80	0.895241677637766
80	0.889796693900817
81	0.887428571428571
81	0.872371548729201
81	0.897169811320755
81	0.886305418719212
81	0.862995677504229
81	0.914117423522706
81	0.887845200075146
81	0.884960825530289
81	0.888888888888889
81	0.889475669558657
81	0.879547596606975
81	0.900506851886615
81	0.885221855518885
81	0.92684766214178
81	0.887000373552484
81	0.896111215479993
81	0.887756958340913
81	0.878705677194342
81	0.889221556886228
81	0.895075757575758
81	0.895366218236173
81	0.916779040647274
81	0.880153228748632
81	0.871479201641485
81	0.885986653956149
81	0.910308677926616
81	0.904919953143303
81	0.880287009063444
81	0.882101997285243
81	0.890287431899305
81	0.877592592592593
81	0.877911344853494
81	0.906592350566981
81	0.898324232724534
81	0.877808727948004
81	0.904753063497958
81	0.892434766284963
81	0.868245743893412
81	0.892701421800948
81	0.882363907531693
81	0.884644766997708
81	0.903336960464273
81	0.893272727272727
81	0.882889733840304
81	0.895494131010981
81	0.8797480810864
81	0.884886743408838
81	0.881518404907976
81	0.895202257761054
81	0.883676216112286
81	0.897528517110266
81	0.89000189000189
81	0.883569299552906
81	0.894401797416214
81	0.881825124093165
81	0.896538461538462
81	0.875069508804449
81	0.88817124930799
81	0.876908752327747
81	0.886341929321872
81	0.893823099415205
81	0.874977252047316
81	0.887087434858135
81	0.887436043206367
81	0.882020423048869
81	0.89313123561013
81	0.881231671554252
81	0.886367969494757
81	0.875646711012565
81	0.893323100537222
81	0.880418535127055
81	0.877790178571429
81	0.885655661257228
81	0.86360108653473
81	0.894372779958871
81	0.896094325718497
81	0.886368043436106
81	0.89252776209298
81	0.881243063263041
81	0.895494131010981
81	0.882936129647283
81	0.88546511627907
81	0.890815548780488
81	0.893028615325523
81	0.897295252506147
81	0.883153186731271
81	0.87843137254902
81	0.893892539621183
81	0.884244372990354
81	0.880371660859466
81	0.899832120872971
81	0.874075443786982
81	0.890469949447669
81	0.886401174527436
81	0.885533184190902
81	0.894442300270166
81	0.870708955223881
81	0.889139845661585
81	0.885082872928177
81	0.882650297887705
82	0.89550853749072
82	0.880371001325005
82	0.88412017167382
82	0.89574183692954
82	0.91895995445056
82	0.875647668393782
82	0.883171580296649
82	0.889156626506024
82	0.88567698619918
82	0.884810126582279
82	0.894210824061852
82	0.867445309603263
82	0.890515005557614
82	0.893059222934742
82	0.889226676800304
82	0.892890464638925
82	0.888701833146278
82	0.886817079992541
82	0.875381097560976
82	0.910909777274443
82	0.884767463754472
82	0.8758231420508
82	0.877912395153775
82	0.880007487832273
82	0.89922480620155
82	0.90739357729649
82	0.902087286527514
82	0.869897483690587
82	0.890312853373539
82	0.894214876033058
82	0.889513108614232
82	0.904653802497162
82	0.876777251184834
82	0.882972823072657
82	0.88321302979826
82	0.89463111760409
82	0.877655677655678
82	0.89504428113812
82	0.884572072072072
82	0.865414110429448
82	0.878888275354316
82	0.904491188175099
82	0.89737426035503
82	0.886667889235283
82	0.880396732788798
82	0.896799116997792
82	0.905123709331775
82	0.901239504198321
82	0.883716617210683
82	0.870241890118132
82	0.906355140186916
82	0.880264400377715
82	0.89527027027027
82	0.883864915572233
82	0.883029197080292
82	0.883171580296649
82	0.876461712561298
82	0.88603500761035
82	0.892389447713039
82	0.892257192508206
82	0.892281433718946
82	0.884644194756554
82	0.890103567318757
82	0.887895716945996
82	0.894380755497087
82	0.883180198762423
82	0.883786848072562
82	0.900341038272073
82	0.869581534997185
82	0.879902876354128
82	0.890369814154308
82	0.890301489284417
82	0.891373801916933
82	0.875836431226766
82	0.901528940662541
82	0.884036424456421
82	0.88562511474206
82	0.890494719288494
82	0.884017238148773
82	0.885422469823584
82	0.904387813757425
82	0.904300875069819
82	0.900190114068441
82	0.909806073911453
82	0.911145752143414
82	0.881359223300971
82	0.900897460378079
82	0.892459138187221
82	0.888395335924486
82	0.882055128445528
82	0.888604353393086
82	0.868048827746561
82	0.877671333824613
82	0.857654600301659
82	0.887287509238729
82	0.895721429894425
82	0.890057361376673
82	0.884030775004691
82	0.899265675014122
82	0.875164257555848
83	0.880671338989303
83	0.886560276869833
83	0.894624490588007
83	0.891072740631888
83	0.890140845070423
83	0.88612915552159
83	0.87720913107511
83	0.861053815863492
83	0.880930739865479
83	0.889678384442782
83	0.882978723404255
83	0.879341864716636
83	0.8851389147865
83	0.906027704979408
83	0.903385178408051
83	0.865276211950395
83	0.874614791987673
83	0.889393079977311
83	0.889547813194959
83	0.882483370288248
83	0.877569750367107
83	0.890707298720843
83	0.892520775623269
83	0.8801261829653
83	0.864426198205079
83	0.876222099243682
83	0.881333830104322
83	0.899682421072296
83	0.885703918722787
83	0.893732460243218
83	0.874379534173349
83	0.895961287921087
83	0.880181714934696
83	0.879985021531548
83	0.887568555758684
83	0.894863266814486
83	0.88135593220339
83	0.894267274107821
83	0.881258142564675
83	0.898470363288719
83	0.877000372162263
83	0.897689153932166
83	0.871431237171114
83	0.920793950850662
83	0.875315595261216
83	0.887741693260747
83	0.873366464200258
83	0.895382257137383
83	0.88882863340564
83	0.878142778491466
83	0.89095300018577
83	0.887154410381794
83	0.888928571428571
83	0.87727022564667
83	0.893541119038678
83	0.87291280148423
83	0.886538101479124
83	0.877914691943128
83	0.905794320798158
83	0.879351630134463
83	0.884079509567156
83	0.880185185185185
83	0.878197997775306
83	0.893687707641196
83	0.875977866819309
83	0.878347360367253
83	0.881281864530226
83	0.893410490946425
83	0.878939828080229
83	0.886930433152072
83	0.898228420655861
83	0.891345073061072
83	0.86126526082131
83	0.894518741759277
83	0.88131785847997
83	0.876894639556377
83	0.902363425029059
83	0.909397861564434
83	0.914869249856843
83	0.901452472881044
83	0.899398270026326
83	0.89986724824578
83	0.888428974600188
83	0.867207672445592
83	0.885233503497826
83	0.891292392300642
83	0.893486732232325
83	0.904139008199922
83	0.880088823094004
83	0.895301516833148
83	0.883614088820827
83	0.887570621468927
83	0.892364990689013
83	0.898753024381165
83	0.901378199391444
83	0.915935244782524
83	0.890531437125748
83	0.864955357142857
83	0.886526157320286
83	0.881706408345753
84	0.893200226031268
84	0.869965054257863
84	0.870447647951442
84	0.869216417910448
84	0.887126865671642
84	0.88962962962963
84	0.876783398184176
84	0.878457196613358
84	0.890303257207039
84	0.906331959535407
84	0.875395790650028
84	0.884009634982398
84	0.893076090876307
84	0.879603664236306
84	0.876431924882629
84	0.889543726235741
84	0.908575893729244
84	0.862474342228028
84	0.889820815859703
84	0.875350401794057
84	0.892182779456193
84	0.896984454017606
84	0.879287965881699
84	0.905305821665438
84	0.8866258111031
84	0.876222723852521
84	0.895481869303859
84	0.889857819905213
84	0.909690419490749
84	0.887456714120816
84	0.885316184351554
84	0.894050679397723
84	0.862821948488242
84	0.905108055009823
84	0.879139703083365
84	0.860404677928346
84	0.893286480488256
84	0.884665548723682
84	0.890193885160328
84	0.894677449689675
84	0.890428441203282
84	0.887029288702929
84	0.897346111315886
84	0.889959985449254
84	0.877592973276023
84	0.886397058823529
84	0.887793783169067
84	0.886130296807915
84	0.892048643592142
84	0.88757949869061
84	0.916778523489933
84	0.886359429946326
84	0.90311027332705
84	0.883379247015611
84	0.886746536877574
84	0.88604206500956
84	0.898093979996226
84	0.879088020930667
84	0.889868667917448
84	0.877520814061055
84	0.88478419897586
84	0.878330538475871
84	0.886392929478917
84	0.870943816057853
84	0.87926267281106
84	0.889635854341737
84	0.891398456615848
84	0.878324086474077
84	0.901218119527979
84	0.887629658086823
84	0.896055337446252
84	0.876132371972638
84	0.894865987164968
84	0.869800410371199
84	0.875538087216919
84	0.877412240396986
84	0.9037514209928
84	0.895066273932253
84	0.887755102040816
84	0.89029304029304
84	0.879243183082916
84	0.889287738522577
84	0.886376172090458
84	0.875931445603577
84	0.895698726232232
84	0.892310529227365
84	0.882239382239382
84	0.885037878787879
84	0.875664388762339
84	0.868099836035708
84	0.882787180410515
84	0.869133918351774
84	0.895108796726799
84	0.903945111492281
84	0.899593424076366
84	0.877336894315147
84	0.886984982672314
84	0.892921960072595
84	0.87478944413251
84	0.879899767316986
85	0.882789855072464
85	0.899792804671313
85	0.891788181120491
85	0.890255439924314
85	0.884965416818347
85	0.884079509567156
85	0.900338473110192
85	0.89990574929312
85	0.881710646041856
85	0.891960252935863
85	0.907772621809745
85	0.882947976878613
85	0.882821177341725
85	0.894079304725693
85	0.886941448382126
85	0.902235695339144
85	0.892247043363995
85	0.90521689279572
85	0.874228675136116
85	0.879064669345999
85	0.905180475032729
85	0.889705882352941
85	0.866778460965157
85	0.895060541995003
85	0.895640686922061
85	0.876786045648543
85	0.90634328358209
85	0.879719525350593
85	0.885426214482126
85	0.883520599250936
85	0.906823893292094
85	0.891623806024982
85	0.894461077844311
85	0.867398177422354
85	0.909259259259259
85	0.893340651298939
85	0.881271825032163
85	0.882363907531693
85	0.886744815148783
85	0.906272661348803
85	0.904512263621045
85	0.906371911573472
85	0.897028592786395
85	0.887267904509284
85	0.880516684607104
85	0.885263929618768
85	0.87253274303634
85	0.891085415889593
85	0.887751303052867
85	0.885387875437627
85	0.880329094988781
85	0.876395987128526
85	0.905278646312305
85	0.890390668394742
85	0.885221855518885
85	0.885571216617211
85	0.894983760375316
85	0.879151291512915
85	0.896301944338544
85	0.893578643578644
85	0.88442578053679
85	0.884650819974203
85	0.87654791388836
85	0.872693726937269
85	0.886014394086754
85	0.90103657344025
85	0.895388076490439
85	0.894609665427509
85	0.897903372835005
85	0.884936075597554
85	0.882590315142198
85	0.89439939656798
85	0.878395860284605
85	0.894579996274912
85	0.893962848297214
85	0.880965244012246
85	0.894766146993318
85	0.890180878552972
85	0.898861480075901
85	0.877848337691446
85	0.869637573964497
85	0.888596161083929
85	0.89956248811109
85	0.893835616438356
85	0.87424188369604
85	0.890526315789474
85	0.889544532546561
85	0.883550028264556
85	0.875330562901398
85	0.892394366197183
85	0.908900722708254
85	0.875165000942863
85	0.89373706977619
85	0.898160439977243
85	0.909379078873765
85	0.902175969725639
85	0.894514767932489
85	0.90112832281507
85	0.898836336336336
85	0.891539321654864
86	0.894015193626089
86	0.887709497206704
86	0.892006645744877
86	0.895268981304845
86	0.889158878504673
86	0.8902394106814
86	0.893297587131367
86	0.909723528305435
86	0.884370784351513
86	0.879304029304029
86	0.901354319180088
86	0.875468164794007
86	0.891588785046729
86	0.895522388059702
86	0.905631945752496
86	0.896841711829565
86	0.888191881918819
86	0.899981234753237
86	0.902741756206002
86	0.891957005189029
86	0.904171364148816
86	0.869087523277467
86	0.878845786355819
86	0.871536523929471
86	0.89542600896861
86	0.881576430074613
86	0.90123688155922
86	0.870749542961609
86	0.882171387073348
86	0.893441117031049
86	0.877525478276417
86	0.899418277350347
86	0.899200871776244
86	0.901082493467712
86	0.88
86	0.888557028187418
86	0.881294275320697
86	0.898412125586431
86	0.894756911344137
86	0.874859075535513
86	0.90122996645546
86	0.877302873986735
86	0.894273127753304
86	0.899871157739739
86	0.855941704035874
86	0.899288655934107
86	0.877102199223803
86	0.875362844702467
86	0.902534808996787
86	0.883093844243392
86	0.907016220294229
86	0.900092678405931
86	0.893965031020869
86	0.897653796416035
86	0.864326202230755
86	0.899530177087098
86	0.87479674796748
86	0.911881001694596
86	0.889135254988914
86	0.893739852065668
86	0.885671863400148
86	0.890364860077931
86	0.898438934802571
86	0.893497757847534
86	0.889836795252225
86	0.909295774647887
86	0.88051948051948
86	0.90245315819973
86	0.889433962264151
86	0.883600811658366
86	0.876866359447005
86	0.90308112324493
86	0.883509833585477
86	0.885355029585799
86	0.908993384587878
86	0.900747663551402
86	0.896179081435739
86	0.878226711560045
86	0.89437134502924
86	0.89111482099796
86	0.866161137440758
86	0.886397608370703
86	0.872173425527939
86	0.891061452513967
86	0.893250183418929
86	0.892523364485981
86	0.876727680239074
86	0.890760970190705
86	0.907603643799963
86	0.883869753434971
86	0.882523043556841
86	0.906261788004527
86	0.903324348607367
86	0.902487028090893
86	0.883993843786072
86	0.901395519647448
86	0.901094752736882
86	0.886300610094287
86	0.884999058912102
86	0.879449114648542
87	0.880556063654655
87	0.904734955668742
87	0.897055993842601
87	0.892178770949721
87	0.898950855880729
87	0.89023746701847
87	0.898743398288108
87	0.876085383502171
87	0.895472330911124
87	0.885342139057054
87	0.904233301975541
87	0.874044342507645
87	0.889155293249723
87	0.86913123844732
87	0.879601087941976
87	0.899908842297174
87	0.880877742946709
87	0.881180673058846
87	0.889881494986326
87	0.904606456293072
87	0.876362269823375
87	0.897083104017611
87	0.88764245014245
87	0.883782256545489
87	0.883764180769946
87	0.874140174753672
87	0.867652564582553
87	0.898550724637681
87	0.87447160448447
87	0.889839766933722
87	0.88267013759762
87	0.896595900439239
87	0.898550724637681
87	0.900718364339657
87	0.887770320656227
87	0.886118347599553
87	0.88215550997576
87	0.914683266202856
87	0.880730525531122
87	0.893186336526297
87	0.879970408729425
87	0.870537391957911
87	0.886317348639141
87	0.89422905127747
87	0.902082160945414
87	0.890625
87	0.891173142210487
87	0.897514929685995
87	0.898731816486386
87	0.879440665154951
87	0.879992671308171
87	0.873499538319483
87	0.887486669036616
87	0.885221855518885
87	0.891964767211936
87	0.882802310415502
87	0.878479170456613
87	0.899004791743457
87	0.896596858638743
87	0.893930905695612
87	0.903338867367644
87	0.892267267267267
87	0.916713774260411
87	0.883330355547615
87	0.900254823443757
87	0.87833551035641
87	0.886451116243264
87	0.902654867256637
87	0.884572901325479
87	0.885349172066235
87	0.884778990197892
87	0.883128778164499
87	0.902636534839925
87	0.881653557709896
87	0.871318114874816
87	0.906080449017774
87	0.892682926829268
87	0.896931407942238
87	0.873948106591865
87	0.88962229556289
87	0.904546277848216
87	0.881624476415953
87	0.889219330855019
87	0.874024323833727
87	0.881069285324604
87	0.875976030506628
87	0.86058458813109
87	0.900718364339657
87	0.884425918908677
87	0.89932763946938
87	0.886192017259978
87	0.882309536985796
87	0.868941731711744
87	0.900900900900901
87	0.905185185185185
87	0.8951778067399
87	0.894649751792609
87	0.902324709411324
87	0.891483003361972
87	0.897072362364206
88	0.883327266108482
88	0.8864905098623
88	0.899782923299566
88	0.878600072912869
88	0.883446879027803
88	0.890029325513196
88	0.87974335472044
88	0.894997251236943
88	0.881115107913669
88	0.898748577929465
88	0.889726153280647
88	0.88108407079646
88	0.877715355805243
88	0.87518221574344
88	0.887926267281106
88	0.878211051561634
88	0.891671106375422
88	0.88179974184031
88	0.900647548566142
88	0.884124930696729
88	0.882429906542056
88	0.894100403078051
88	0.88015253313964
88	0.897587032602689
88	0.884116993706035
88	0.892217756667884
88	0.886078220308576
88	0.8894000736106
88	0.899363057324841
88	0.886026686434396
88	0.888947740112994
88	0.8964829586657
88	0.887541961954495
88	0.883923802741677
88	0.872667994928455
88	0.88682745825603
88	0.886767976278725
88	0.882504604051565
88	0.903469351069567
88	0.881082994160326
88	0.880384544278055
88	0.879821129122415
88	0.907635694572217
88	0.896296296296296
88	0.895430906389302
88	0.890128920531076
88	0.900732600732601
88	0.8866930171278
88	0.893900657414171
88	0.889474640974368
88	0.878370941111723
88	0.904398400581607
88	0.885494752623688
88	0.880458515283843
88	0.893541782989019
88	0.886620488516223
88	0.889572840887894
88	0.903408055403681
88	0.887419720438232
88	0.879480037140204
88	0.899549143372408
88	0.884447812085622
88	0.871818348287859
88	0.891316320910593
88	0.88187523071244
88	0.895725865880619
88	0.881854256854257
88	0.876911871813547
88	0.880925925925926
88	0.891631875113451
88	0.899138089125252
88	0.905445180279617
88	0.902117384843982
88	0.878532110091743
88	0.889569446946496
88	0.893802102210946
88	0.886073641997813
88	0.883107229139565
88	0.905170838662525
88	0.89210233592881
88	0.88216854139775
88	0.885566417481311
88	0.901897533206831
88	0.882417182380779
88	0.884348777818314
88	0.901494687556276
88	0.896224727142601
88	0.882634289919058
88	0.896770682148041
88	0.895533545131751
88	0.894610112983886
88	0.893389377149408
88	0.875522442304198
88	0.880637079455977
88	0.900826446280992
88	0.883124076809453
88	0.89043351015182
88	0.88247084548105
88	0.889742183214482
88	0.904422788605697
89	0.892909896602659
89	0.88512173128945
89	0.898009950248756
89	0.888110632183908
89	0.875721500721501
89	0.908536585365854
89	0.889324374766704
89	0.875338753387534
89	0.896478121664888
89	0.891853178155774
89	0.889904901243599
89	0.859996334982591
89	0.886149383611313
89	0.906549071120285
89	0.897497239602503
89	0.881288454578357
89	0.88294434470377
89	0.89391401451703
89	0.873541936678393
89	0.888549343879202
89	0.88886874546773
89	0.911234911792015
89	0.911676646706587
89	0.886550777676121
89	0.883783300554264
89	0.88431120102998
89	0.875748502994012
89	0.896639418710263
89	0.883849980864906
89	0.89221334324475
89	0.902726745310385
89	0.893894266567386
89	0.888320233960885
89	0.902207626345557
89	0.86055923473142
89	0.892640851532391
89	0.88612493090105
89	0.877384196185286
89	0.888725128960943
89	0.892391304347826
89	0.893104706311565
89	0.905424954792043
89	0.879675695596094
89	0.891416385285232
89	0.91011436740529
89	0.88495735801125
89	0.890195334724066
89	0.901252495915774
89	0.885385756676558
89	0.867827322792681
89	0.877755511022044
89	0.895370032810791
89	0.889828915209626
89	0.903627906976744
89	0.886129506990434
89	0.8967919340055
89	0.903174037089872
89	0.897542464763281
89	0.907414307004471
89	0.895798630390524
89	0.899981128514814
89	0.885292447473027
89	0.881523530488921
89	0.880830903790087
89	0.881493506493506
89	0.892413047395927
89	0.885309734513274
89	0.896803140773976
89	0.893461606983788
89	0.896769536184804
89	0.888044854404051
89	0.89336707030544
89	0.890203932993445
89	0.899592441645054
89	0.902599849284099
89	0.871566308895761
89	0.881906825568797
89	0.872550781952184
89	0.901606055011999
89	0.867055181205609
89	0.886496350364964
89	0.889664277631083
89	0.892025664527956
89	0.88053767512306
89	0.866250229652765
89	0.898664715566124
89	0.880266853932584
89	0.899075919550643
89	0.906989443028759
89	0.900622289270224
89	0.890330835313471
89	0.883540958852397
89	0.905161407988328
89	0.894480519480519
89	0.904664179104478
89	0.900619985412108
89	0.901257059573693
89	0.877750177430802
89	0.884475879579253
89	0.885501595179015
90	0.901172529313233
90	0.886355475763016
90	0.900554462529065
90	0.89054355919583
90	0.89497633782308
90	0.888528138528139
90	0.899963154016212
90	0.90005441683294
90	0.893052018915969
90	0.899069434502505
90	0.886830894610113
90	0.901499722273653
90	0.876565619894718
90	0.881640260950606
90	0.907434402332362
90	0.896688264938805
90	0.907968778362679
90	0.89280442804428
90	0.893258426966292
90	0.89601691928093
90	0.8803881321142
90	0.885782600698915
90	0.878390679046059
90	0.906012950971323
90	0.879753914988814
90	0.886514369933677
90	0.902511078286558
90	0.905499905499906
90	0.86961429915334
90	0.879608192341941
90	0.897168405365127
90	0.914813418771202
90	0.888502380080557
90	0.886560966402416
90	0.88782991202346
90	0.902627789776818
90	0.891376757957069
90	0.871766444937177
90	0.894158579014832
90	0.882021450645337
90	0.881158330199323
90	0.887798787013914
90	0.898022702306847
90	0.898920863309353
90	0.875335360400644
90	0.877900552486188
90	0.892256514507485
90	0.889171050244876
90	0.891033970670132
90	0.891038510677131
90	0.897398843930636
90	0.883471837488458
90	0.895267230520065
90	0.884183391640582
90	0.891396854764107
90	0.884282292242491
90	0.890216579536968
90	0.881533731235305
90	0.904779479608784
90	0.886225336529596
90	0.874008810572687
90	0.901371308016878
90	0.89173155357805
90	0.881233838197266
90	0.883048381229538
90	0.866472090477928
90	0.869604974396489
90	0.887288440763414
90	0.885221305326332
90	0.896823972725642
90	0.887764323151997
90	0.901515151515151
90	0.875589408777657
90	0.883835616438356
90	0.896240324364173
90	0.868015759312321
90	0.882978723404255
90	0.894348894348894
90	0.88235294117647
90	0.885310431204151
90	0.888570404872805
90	0.885528398100932
90	0.883759733036707
90	0.885424354243542
90	0.887727022564667
90	0.88778818443804
90	0.880387931034483
90	0.899049012435991
90	0.89438283948373
90	0.894956458635704
90	0.903338224504769
90	0.888141456851816
90	0.89199856476498
90	0.90847711927982
90	0.912335285505124
90	0.896963123644252
90	0.87877094972067
90	0.900268096514745
90	0.886932849364791
90	0.894822592324403
91	0.90410199556541
91	0.888848263254113
91	0.893433799784715
91	0.896797153024911
91	0.877090003557453
91	0.901088929219601
91	0.89546530686578
91	0.892995424146427
91	0.89979738441702
91	0.897985584919608
91	0.883893102202961
91	0.887982984757178
91	0.869908487349722
91	0.865320489070026
91	0.8972564905174
91	0.902128468263018
91	0.891533430232558
91	0.896318006960982
91	0.874867444326617
91	0.876386404293381
91	0.896233382570162
91	0.890879478827362
91	0.887529242396977
91	0.895167151162791
91	0.871771553292106
91	0.886803185437998
91	0.894218009478673
91	0.900767543859649
91	0.901552511415525
91	0.888747731397459
91	0.887663173377459
91	0.888729618347966
91	0.886990801576872
91	0.887601809954751
91	0.894907324095735
91	0.877256317689531
91	0.87300753196707
91	0.884941675503712
91	0.906437125748503
91	0.884234711912336
91	0.918735061592204
91	0.901753104455807
91	0.879596250901226
91	0.893044263775971
91	0.893895628730984
91	0.904063003400752
91	0.898911070780399
91	0.903800257022214
91	0.8825
91	0.883514492753623
91	0.896273737011824
91	0.882603068959142
91	0.906823184152605
91	0.890512265512265
91	0.888246268656716
91	0.905609003448902
91	0.899170506912442
91	0.883448642895157
91	0.899857193859336
91	0.902720060445788
91	0.87513397642015
91	0.897037307973665
91	0.887785328454435
91	0.907035175879397
91	0.880160029096199
91	0.866489361702128
91	0.898630136986301
91	0.876375641966251
91	0.891901795529498
91	0.907135173897454
91	0.909592061742007
91	0.909273091637821
91	0.891174878180834
91	0.88225835268894
91	0.895506419400856
91	0.888848129126926
91	0.900396253602305
91	0.889811738648948
91	0.889919941775837
91	0.889986947603953
91	0.905096344318386
91	0.868958109559613
91	0.898866130212143
91	0.873274068469832
91	0.893745557924662
91	0.882967422096317
91	0.88867047891351
91	0.89781942692377
91	0.90045766590389
91	0.890196078431372
91	0.894602479941648
91	0.892604979561501
91	0.903453397697735
91	0.903734590282814
91	0.886535273531037
91	0.895965261443821
91	0.892052622094071
91	0.895802919708029
91	0.904046028210839
91	0.906182212581345
92	0.873134328358209
92	0.884269860841994
92	0.895995651386121
92	0.890199637023594
92	0.885506163615988
92	0.893370681605976
92	0.90283105022831
92	0.912299657842608
92	0.899571887263646
92	0.885460156108187
92	0.885072409951727
92	0.880547337278107
92	0.895174408096873
92	0.913156913902348
92	0.880786416443253
92	0.900698508589768
92	0.876538740043447
92	0.907112028523175
92	0.892072943803498
92	0.891234918381831
92	0.899946207638515
92	0.893239683933275
92	0.884041965764771
92	0.898795613877404
92	0.886877016851918
92	0.892972391538186
92	0.905117464942633
92	0.89426523297491
92	0.890465793304221
92	0.907692307692308
92	0.889151371978921
92	0.89521723256663
92	0.875564385046054
92	0.888215368158317
92	0.878748370273794
92	0.899327605528577
92	0.882809611829945
92	0.901009736747205
92	0.879187455452602
92	0.892285298398836
92	0.888207717273711
92	0.892753095411508
92	0.88890925756187
92	0.896270818247647
92	0.902278942570647
92	0.896324739440483
92	0.889447236180904
92	0.879738799201886
92	0.885096497498213
92	0.8909541511772
92	0.881533731235305
92	0.891044776119403
92	0.897325603141949
92	0.88607367475292
92	0.892764857881137
92	0.873604609290601
92	0.88944530046225
92	0.890710382513661
92	0.902772776377386
92	0.879589632829374
92	0.894597923631885
92	0.898713235294118
92	0.880556559450669
92	0.913226160029229
92	0.88816885761896
92	0.900200327809142
92	0.879785330948122
92	0.889577259475219
92	0.91137154367332
92	0.894669587440672
92	0.874202693125443
92	0.895486935866983
92	0.892909625275533
92	0.899044528574004
92	0.898317221625492
92	0.896395580510777
92	0.88455195162177
92	0.890169113547668
92	0.882873127594297
92	0.89187145557656
92	0.890966308774528
92	0.896894409937888
92	0.8912
92	0.875412238915354
92	0.885489190179553
92	0.903535811423391
92	0.90481522956327
92	0.896658191064293
92	0.891871875578597
92	0.889908256880734
92	0.898434588147596
92	0.886572438162544
92	0.907498631636563
92	0.881714392663298
92	0.884171322160149
92	0.898820493918172
92	0.888731646913143
92	0.885501723825077
92	0.878748370273794
92	0.895464601769911
93	0.894460535843592
93	0.877380736441139
93	0.892074799643811
93	0.886455649613544
93	0.884068278805121
93	0.898808432630614
93	0.891373801916933
93	0.867986798679868
93	0.886909090909091
93	0.888340643274854
93	0.896583735610843
93	0.897134459955915
93	0.900386669121709
93	0.880839416058394
93	0.884958913897821
93	0.901362397820163
93	0.901717208622579
93	0.889339922343805
93	0.89609220241311
93	0.901282766313441
93	0.88247939806521
93	0.901301518438178
93	0.894009216589862
93	0.894000736105999
93	0.888532763532764
93	0.888305575669805
93	0.877573529411765
93	0.887134821266558
93	0.903714388748648
93	0.878709677419355
93	0.896576707118276
93	0.904047705095772
93	0.918385977725032
93	0.879524581307401
93	0.892156862745098
93	0.889642529789184
93	0.889695210449927
93	0.905803819766364
93	0.888401024515185
93	0.897669337217771
93	0.890836071558963
93	0.890079941860465
93	0.894417692170501
93	0.891701319833665
93	0.892379082634303
93	0.880828082808281
93	0.894272334293948
93	0.904039513141648
93	0.903523035230352
93	0.875356633380884
93	0.884711779448622
93	0.897891842346471
93	0.911413343135453
93	0.880544818700534
93	0.908975750995295
93	0.901148188015788
93	0.905755261687465
93	0.896636731818982
93	0.887469924116232
93	0.878464818763326
93	0.884007029876977
93	0.908827261192677
93	0.890557163531114
93	0.888508645533141
93	0.891926140477915
93	0.882045741040879
93	0.892903706463029
93	0.889900071377587
93	0.902749954470953
93	0.893788703321449
93	0.893086513033623
93	0.900909259602895
93	0.888241718238078
93	0.870259481037924
93	0.905383360522023
93	0.891643709825528
93	0.898433279308482
93	0.877792135868562
93	0.892375045603794
93	0.880238439306358
93	0.904048510790084
93	0.886667856505444
93	0.905395683453237
93	0.889634601043997
93	0.901373723141951
93	0.894727272727273
93	0.904149302409857
93	0.883384010016097
93	0.904934273194894
93	0.888420666910956
93	0.894821428571429
93	0.904039480899287
93	0.899352354279713
93	0.908336340671238
93	0.881581311769991
93	0.871030690083378
93	0.891762621789194
93	0.883703973751367
93	0.886062147919317
93	0.895885509838998
94	0.893504117108875
94	0.905780449001237
94	0.898403483309144
94	0.902040816326531
94	0.891345986418248
94	0.886951833213515
94	0.896200185356812
94	0.891858407079646
94	0.904426377597109
94	0.885428051001822
94	0.894755877034358
94	0.896731054977712
94	0.881855781334292
94	0.892413047395927
94	0.892773048360804
94	0.883716814159292
94	0.887760462265803
94	0.89493602450892
94	0.898402441213427
94	0.893096160619937
94	0.901669418455329
94	0.892042392671098
94	0.918872919818457
94	0.881321142004105
94	0.902914389799636
94	0.882363505747126
94	0.881389136242208
94	0.887128360334698
94	0.905704099821747
94	0.880245079836613
94	0.87825124515772
94	0.886877016851918
94	0.894927536231884
94	0.910051928783383
94	0.890828072781285
94	0.88550698991329
94	0.917755991285403
94	0.892521608417888
94	0.891882183908046
94	0.89608239838146
94	0.890399024220247
94	0.893855743544078
94	0.893460690668626
94	0.913978494623656
94	0.884354953670706
94	0.903408055403681
94	0.880725540491022
94	0.895171654121535
94	0.899722991689751
94	0.924976958525346
94	0.888787602552416
94	0.88383747986397
94	0.890718292020988
94	0.895171423442829
94	0.897350379840652
94	0.897262773722628
94	0.887977167320728
94	0.89519895385765
94	0.887117004121125
94	0.896393080603607
94	0.873473108477666
94	0.895414462081129
94	0.886051080550098
94	0.88589364844904
94	0.886017106731127
94	0.895672900623396
94	0.904237754540451
94	0.898619957537155
94	0.90247374977754
94	0.894698487884861
94	0.896464646464647
94	0.881313582009638
94	0.882711621233859
94	0.903605855051767
94	0.890707298720843
94	0.900436046511628
94	0.889090909090909
94	0.883588465646137
94	0.887384948565241
94	0.902979651162791
94	0.883432271991365
94	0.881730587568487
94	0.896345875542692
94	0.895500459136823
94	0.89413096810719
94	0.879947722180732
94	0.890332917927719
94	0.877896613190731
94	0.888948690348044
94	0.89360549132948
94	0.903625269203159
94	0.875770925110132
94	0.874118476727786
94	0.88671660880687
94	0.908370837083708
94	0.893997893997894
94	0.896808510638298
94	0.910965152344463
94	0.897339760757008
94	0.888068880688807
95	0.896760021965953
95	0.882373719533734
95	0.886346998535871
95	0.890880056777857
95	0.905956112852665
95	0.88768898488121
95	0.886351375651861
95	0.890189817278694
95	0.89029160739687
95	0.895920701486847
95	0.905424954792043
95	0.894774516821761
95	0.897022767075306
95	0.895581605049594
95	0.896063849083983
95	0.904865255923313
95	0.892142327650111
95	0.899822380106572
95	0.894576149425287
95	0.885483870967742
95	0.885387875437627
95	0.8847136081722
95	0.912445730824891
95	0.896258810771733
95	0.889473684210526
95	0.902532337402077
95	0.901034236804565
95	0.892423685178374
95	0.883263522127117
95	0.88404486251809
95	0.87647902474005
95	0.890885270447314
95	0.891824791629722
95	0.905310531053105
95	0.88649529326575
95	0.893102807213237
95	0.891180261461977
95	0.890879770650421
95	0.887394028750461
95	0.914183123877917
95	0.895350924430084
95	0.889986947603953
95	0.903566947481628
95	0.888828926065839
95	0.897027600849257
95	0.91131498470948
95	0.892914224826851
95	0.890841975742661
95	0.894524072032341
95	0.893224547711955
95	0.886006705487912
95	0.891768023973206
95	0.898946616675594
95	0.883793166453499
95	0.916650735996941
95	0.895829667429175
95	0.903116785580173
95	0.905276658116526
95	0.888414407723728
95	0.906134515890613
95	0.899493853940709
95	0.901469787697333
95	0.882668574494724
95	0.876107795261349
95	0.893059490084986
95	0.889992774566474
95	0.887583589372854
95	0.879661322284273
95	0.889858233369684
95	0.902416863528984
95	0.9
95	0.877003421573924
95	0.89695550351288
95	0.88875044499822
95	0.884517304189435
95	0.89609220241311
95	0.899421128798842
95	0.880577907827359
95	0.913171993349344
95	0.896766169154229
95	0.889682975994136
95	0.893151164827465
95	0.884060650887574
95	0.895653735632184
95	0.898731916413645
95	0.884005763688761
95	0.897417631344613
95	0.896140850080028
95	0.903378132945877
95	0.883051457358762
95	0.888988201644619
95	0.908045977011494
95	0.897108390988114
95	0.883867482895211
95	0.878679917494843
95	0.875607022786702
95	0.915818181818182
95	0.903692424819185
95	0.918671889572841
95	0.884827955072205
96	0.898370422288418
96	0.890459363957597
96	0.884260900389933
96	0.888869036984099
96	0.903074986513217
96	0.896345875542692
96	0.894698751583137
96	0.892548596112311
96	0.891572732152442
96	0.894967177242888
96	0.901290674422832
96	0.886916742909424
96	0.902525163340985
96	0.898004848032817
96	0.884375
96	0.899356453342867
96	0.898843930635838
96	0.901236749116608
96	0.897937024972856
96	0.892338416848221
96	0.882980680772769
96	0.902316025401569
96	0.888086642599278
96	0.889243876464324
96	0.897808874976984
96	0.883665630144503
96	0.890653523183644
96	0.889209671598701
96	0.88006425129395
96	0.905338470005504
96	0.89592123769339
96	0.891607142857143
96	0.892921960072595
96	0.902672444925966
96	0.884677855982675
96	0.884642985288841
96	0.881031307550645
96	0.883812949640288
96	0.884753042233357
96	0.885822510822511
96	0.904034896401309
96	0.886403975860845
96	0.891805034815212
96	0.881560283687943
96	0.884519127636754
96	0.886440376754932
96	0.893487957181088
96	0.89426523297491
96	0.886033321517192
96	0.888167388167388
96	0.893202114087844
96	0.884127834315301
96	0.883019557667702
96	0.900108774474257
96	0.888849368664414
96	0.902266815310294
96	0.888159095055647
96	0.88780487804878
96	0.888477213782883
96	0.906105884523151
96	0.894957218277808
96	0.89490095377843
96	0.889282550930027
96	0.892883079157589
96	0.88876752230111
96	0.904880655504097
96	0.892935178441369
96	0.894185626579993
96	0.905888728323699
96	0.885159651669086
96	0.885944494180842
96	0.892534137258379
96	0.898289665211063
96	0.893418647166362
96	0.887905604719764
96	0.904172560113154
96	0.884856943475227
96	0.906468531468531
96	0.90220934444042
96	0.910189359783589
96	0.901325478645066
96	0.892745029647715
96	0.897399859451862
96	0.897116411534354
96	0.892882689556509
96	0.895194922937443
96	0.892714751721638
96	0.898022137543096
96	0.887802275960171
96	0.887122990789236
96	0.898729582577133
96	0.886819484240688
96	0.88946587537092
96	0.905632772494514
96	0.889894965592177
96	0.883638301652159
96	0.880035810205909
96	0.899982391266068
96	0.890644868301544
96	0.890602836879433
97	0.884635926651237
97	0.893441150044924
97	0.897572213361687
97	0.897775423728814
97	0.89814139941691
97	0.888007213706042
97	0.892200606817776
97	0.888179496534112
97	0.882773802971932
97	0.875092250922509
97	0.884535301911793
97	0.912207509522946
97	0.890256771016532
97	0.894874934406157
97	0.896615158204562
97	0.902651652742463
97	0.892939711897564
97	0.893969396939694
97	0.892456140350877
97	0.903394727338389
97	0.900832300336462
97	0.887608580039
97	0.893203883495146
97	0.890909090909091
97	0.909057905245961
97	0.905335309373842
97	0.901071428571429
97	0.902164502164502
97	0.8981718464351
97	0.888869226685542
97	0.900493872324858
97	0.901146914254506
97	0.881448763250883
97	0.900380365875747
97	0.882539682539683
97	0.878438331854481
97	0.896449704142012
97	0.888303477344573
97	0.896708492453173
97	0.893578315444788
97	0.901228070175439
97	0.896584084084084
97	0.893145161290323
97	0.886131643787399
97	0.894499549143372
97	0.898363636363636
97	0.9102402022756
97	0.904189435336976
97	0.883010302077877
97	0.893904795362726
97	0.895145280635264
97	0.886212475283121
97	0.888040712468193
97	0.883925367778974
97	0.902590295512587
97	0.904638218923933
97	0.886993212254632
97	0.899672846237732
97	0.897371714643304
97	0.890349297803385
97	0.892180925666199
97	0.903091665160007
97	0.889806173725772
97	0.886033321517192
97	0.897491039426523
97	0.890771131109935
97	0.887036040882195
97	0.89658273381295
97	0.892176438555092
97	0.907806428823737
97	0.890817970288169
97	0.903032504085709
97	0.873475879130588
97	0.892909356725146
97	0.900273473108478
97	0.893980723767958
97	0.90504561534165
97	0.896474953617811
97	0.890049666038705
97	0.880660727542687
97	0.899426881124053
97	0.879524680073126
97	0.9007703595011
97	0.897440652818991
97	0.893136557610242
97	0.89013982204467
97	0.906705015279525
97	0.889104714815469
97	0.902031930333817
97	0.879294837200935
97	0.88592618753311
97	0.888388838883888
97	0.887773395482252
97	0.874293012224047
97	0.906774967694296
97	0.885280999107939
97	0.891633609808871
97	0.909139881486802
97	0.892377463806035
97	0.904007455731594
98	0.89300338258857
98	0.906023222060958
98	0.914316315601571
98	0.893146901432764
98	0.892296590294065
98	0.890088145349883
98	0.88839045397452
98	0.881595200282336
98	0.888646684831971
98	0.893127087361575
98	0.891411474832805
98	0.87701317715959
98	0.889883616830797
98	0.876876876876877
98	0.89273680269562
98	0.876906513547461
98	0.895979808905715
98	0.898805213613324
98	0.89193083573487
98	0.895061728395062
98	0.899390243902439
98	0.88448491340832
98	0.889875022640826
98	0.903156384505022
98	0.909389243391067
98	0.893498563218391
98	0.900866551126516
98	0.88386982038058
98	0.899460431654676
98	0.880462260743951
98	0.897879858657244
98	0.908470926058866
98	0.891528384279476
98	0.90597539543058
98	0.89408044967504
98	0.885489354088388
98	0.911235145840835
98	0.891179634277519
98	0.894662174144352
98	0.877158625600855
98	0.899855386840202
98	0.871895202449813
98	0.889671361502347
98	0.910323630446574
98	0.8944
98	0.910514143390856
98	0.906255699434616
98	0.893078420959462
98	0.890276068225778
98	0.89792576419214
98	0.886008457437029
98	0.893870082342177
98	0.905753618072714
98	0.878993756885788
98	0.888230008984726
98	0.897948066097694
98	0.897737395332264
98	0.895799531278168
98	0.878218002556144
98	0.891245730720834
98	0.872659837513246
98	0.908071336642765
98	0.896355978758469
98	0.888694127957932
98	0.892749512497784
98	0.903102189781022
98	0.882096069868996
98	0.895855662736692
98	0.883857218966436
98	0.892819054390331
98	0.903340440653874
98	0.886526090064332
98	0.894291374032055
98	0.88700766351809
98	0.900434467776973
98	0.898731884057971
98	0.903752039151713
98	0.889363976483164
98	0.889639239381553
98	0.896533044420368
98	0.898088023088023
98	0.891029070804352
98	0.88690036900369
98	0.88413231912259
98	0.888929285584439
98	0.877151657909041
98	0.901714077315828
98	0.89547471162378
98	0.887204793796264
98	0.892682926829268
98	0.905002709048221
98	0.885022960084776
98	0.885158063939989
98	0.890613847251963
98	0.890237372835981
98	0.899366643209008
98	0.886149383611313
98	0.882213726561078
98	0.881349911190053
98	0.89143897996357
99	0.886503067484663
99	0.898118565850195
99	0.893384268102101
99	0.901937046004843
99	0.897363298531233
99	0.902770233568713
99	0.89229125867901
99	0.90236108645482
99	0.890408556899877
99	0.889921372408863
99	0.89677304332323
99	0.891111898016997
99	0.898776223776224
99	0.896608920014744
99	0.871776375112714
99	0.897527767825152
99	0.904761904761905
99	0.874890022875242
99	0.888988201644619
99	0.906976744186046
99	0.892593260046855
99	0.887700534759358
99	0.884851771511208
99	0.907320466005912
99	0.900676397294411
99	0.892592592592593
99	0.888057040998217
99	0.90250399573788
99	0.901435574229692
99	0.894447401099876
99	0.898953446409239
99	0.91575691411936
99	0.891776432894268
99	0.892927484333035
99	0.890769499214797
99	0.914213013449655
99	0.899655234984576
99	0.887837113770316
99	0.894287239722371
99	0.887829005476064
99	0.889402560455192
99	0.895645915797049
99	0.903288201160542
99	0.900389932647997
99	0.894718309859155
99	0.897873088416242
99	0.903675538656527
99	0.889406703710342
99	0.896353511765763
99	0.894333570919458
99	0.893803756362998
99	0.895325753474102
99	0.89556458738293
99	0.91056466302368
99	0.887235568304052
99	0.901939655172414
99	0.894307501330023
99	0.909796672828096
99	0.894707623982235
99	0.883066643221382
99	0.890259159964254
99	0.874149066154652
99	0.877839916113247
99	0.901791988756149
99	0.892863562825813
99	0.902723038337513
99	0.893014253035369
99	0.873994638069705
99	0.88947083258082
99	0.897622427253371
99	0.884325681492109
99	0.904112081513828
99	0.894587400177462
99	0.904989384288747
99	0.882808280828083
99	0.892515779981966
99	0.8863067572399
99	0.87865046254308
99	0.885213304410701
99	0.898093711027971
99	0.887602422515141
99	0.887775192410954
99	0.892631187197618
99	0.891238670694864
99	0.889285714285714
99	0.886335069132699
99	0.873097345132743
99	0.906096706377015
99	0.888644285452211
99	0.890165111270639
99	0.891638071157667
99	0.884925613909303
99	0.875647668393782
99	0.901981599433829
99	0.899416909620991
99	0.889781659388646
99	0.88348833128619
99	0.891581632653061
99	0.88917059036581
99	0.910763066836642
100	0.891528545119705
100	0.904274108089014
100	0.893694348537162
100	0.896836808051761
100	0.884746983612462
100	0.905474388311917
100	0.896224727142601
100	0.896117900790798
100	0.896361041740992
100	0.887729399064412
100	0.88481304270778
100	0.900280898876405
100	0.897775423728814
100	0.896375887816427
100	0.880138768430182
100	0.901642335766423
100	0.88816972312118
100	0.908066860465116
100	0.895188696118762
100	0.896018083811511
100	0.899613220815752
100	0.892995424146427
100	0.885882143492968
100	0.895580898075552
100	0.89747718733226
100	0.899460431654676
100	0.88112900307581
100	0.892609082813891
100	0.888438491364117
100	0.897080028839221
100	0.8930325632163
100	0.902135231316726
100	0.884340707193869
100	0.884464984002844
100	0.893542757417103
100	0.879927667269439
100	0.89736279401283
100	0.888349514563107
100	0.899736611062335
100	0.896599825632084
100	0.887715593101021
100	0.889374344634743
100	0.891921005385996
100	0.898269533298374
100	0.897277676950998
100	0.894819740987049
100	0.903301461302544
100	0.884944920440636
100	0.89270312230464
100	0.880463401790416
100	0.892505277973258
100	0.886914378029079
100	0.908806190125276
100	0.912663755458515
100	0.885251671946498
100	0.885921471524584
100	0.914110429447853
100	0.898604486839781
100	0.897095288699965
100	0.898545583540262
100	0.894802867383513
100	0.90625
100	0.881172291296625
100	0.889196675900277
100	0.887174028738691
100	0.87751145576313
100	0.902492268510096
100	0.892375886524823
100	0.902357494722027
100	0.877316857899382
100	0.910882300727854
100	0.885500174276751
100	0.894670733895568
100	0.884078459091712
100	0.906857352401907
100	0.889295516925892
100	0.888829022988506
100	0.892974153622133
100	0.894380017841213
100	0.895684736091298
100	0.888204384852328
100	0.88930414664531
100	0.890301236287655
100	0.89822848879248
100	0.895007082152975
100	0.893154077480984
100	0.890718038528897
100	0.879361739435385
100	0.885405596882749
100	0.89248843004628
100	0.896957624049257
100	0.882605583392985
100	0.898148148148148
100	0.904155614500442
100	0.900446030330062
100	0.912725944860325
100	0.900436681222707
100	0.902081863091037
100	0.89819519887857
100	0.878994614003591
101	0.901185770750988
101	0.871885459278542
101	0.899041873669269
101	0.892270024484085
101	0.907271752724674
101	0.893333333333333
101	0.89544189283229
101	0.899266055045872
101	0.884856943475227
101	0.883939887742169
101	0.899700862220658
101	0.892428852693753
101	0.911464854230013
101	0.909386281588448
101	0.88359319631467
101	0.896282864913871
101	0.881132756132756
101	0.889356479046116
101	0.901207464324918
101	0.895340371314161
101	0.894291754756871
101	0.90133750217127
101	0.906195614340411
101	0.894477664438973
101	0.890722724113968
101	0.89049191726056
101	0.88514335360556
101	0.912089871611983
101	0.8948109058927
101	0.881052439247214
101	0.913435527502254
101	0.91482202939614
101	0.893532696811385
101	0.914734343618769
101	0.882270497547302
101	0.892715002595605
101	0.908436769203094
101	0.895645915797049
101	0.878211897219289
101	0.898918247916297
101	0.90461811722913
101	0.903805120910384
101	0.896977284922196
101	0.90054054054054
101	0.893123006026232
101	0.892463401409723
101	0.88116149847643
101	0.899803886610804
101	0.903731080605421
101	0.910840748138733
101	0.887245174093451
101	0.884533143264433
101	0.903536977491961
101	0.889980698368135
101	0.898143328127711
101	0.894121813031161
101	0.920272939486443
101	0.89630408127518
101	0.900549450549451
101	0.901947026837397
101	0.902827487473157
101	0.90455609580407
101	0.899444344864671
101	0.901877435352462
101	0.894672059082117
101	0.896930589466341
101	0.891953619114547
101	0.896856234546097
101	0.896022330774599
101	0.901306240928882
101	0.90388730385164
101	0.886420191965873
101	0.903100775193798
101	0.91069537592658
101	0.899281867145422
101	0.901535682023487
101	0.880129009138147
101	0.884145228972815
101	0.887774846086192
101	0.895336605890603
101	0.90273826458037
101	0.889573793589292
101	0.892593260046855
101	0.898144907245362
101	0.898804366660891
101	0.893214285714286
101	0.886992860874108
101	0.892546151166841
101	0.89394215026378
101	0.907782030253326
101	0.896533333333333
101	0.904930826534232
101	0.888530465949821
101	0.892386655260907
101	0.895929203539823
101	0.877406818583289
101	0.893335684062059
101	0.884514892875806
101	0.889994668562289
101	0.883655038073313
102	0.892134026160186
102	0.911858407079646
102	0.909316770186335
102	0.896557719054242
102	0.908120406020301
102	0.89179505553565
102	0.889390927164287
102	0.890094504725236
102	0.902566883586406
102	0.89911190053286
102	0.892188052315306
102	0.884732414533739
102	0.885659589279499
102	0.897757372417447
102	0.893944759206799
102	0.902318173774553
102	0.901569941788675
102	0.905643421998562
102	0.893052854870072
102	0.900715407433258
102	0.887151235116403
102	0.888731144631766
102	0.890396287040343
102	0.901116427432217
102	0.898271155595996
102	0.908898678414097
102	0.895718990120746
102	0.894877744065679
102	0.892569382273948
102	0.88126512270999
102	0.914752333094042
102	0.906843425295593
102	0.905478955007257
102	0.889921372408863
102	0.882824760244115
102	0.890306574517101
102	0.904343238966063
102	0.878814920578262
102	0.901798307475317
102	0.908471615720524
102	0.875573596893752
102	0.893620750087627
102	0.899776868724433
102	0.895331874544128
102	0.885228666549851
102	0.892242144505592
102	0.890799503634107
102	0.900846432889964
102	0.904160739687055
102	0.901671408250356
102	0.887828592005762
102	0.901367365542388
102	0.876432222809801
102	0.895101171458999
102	0.897454545454546
102	0.894624800425758
102	0.883567903491135
102	0.89508077691051
102	0.909305278432795
102	0.888177254630431
102	0.894885860909574
102	0.896321070234114
102	0.889248471772744
102	0.885089883679944
102	0.896133567662566
102	0.899768146959158
102	0.896614158971573
102	0.900572246065808
102	0.885071719497078
102	0.899233101480292
102	0.904607631389489
102	0.899456044920161
102	0.905927835051546
102	0.898181169757489
102	0.888710540395934
102	0.886677425138964
102	0.892368921958816
102	0.897905759162304
102	0.891698045544199
102	0.899508944230095
102	0.90472804834696
102	0.889230769230769
102	0.89218422889044
102	0.89290780141844
102	0.893254395407248
102	0.893273542600897
102	0.90571576584355
102	0.90429161429341
102	0.897277227722772
102	0.905795832603747
102	0.891215526046987
102	0.88467815049864
102	0.89975026757046
102	0.908240691724016
102	0.882270251273941
102	0.893317090149669
102	0.890132960111966
102	0.906934306569343
102	0.875333451894007
102	0.886499186697994
103	0.895179666958808
103	0.891915954415954
103	0.906856634016028
103	0.896977284922196
103	0.888007213706042
103	0.893396557780119
103	0.892475067996374
103	0.885220397579948
103	0.887220670391061
103	0.890650044523598
103	0.892569382273948
103	0.911800381216427
103	0.899213724088635
103	0.913494191242181
103	0.89178709904829
103	0.901563610518834
103	0.892007104795737
103	0.903759917212832
103	0.893489030431706
103	0.884018759018759
103	0.884033035099794
103	0.900579500181094
103	0.90460821230052
103	0.892572238964723
103	0.901795142555438
103	0.896153846153846
103	0.897161878065872
103	0.898738674720199
103	0.884668747832119
103	0.912127814088598
103	0.883942766295707
103	0.904720733183469
103	0.895638354229207
103	0.893066146479872
103	0.907546494992847
103	0.895716292134832
103	0.911791018071211
103	0.894736842105263
103	0.891650277132129
103	0.907006369426752
103	0.896276143513008
103	0.910035842293907
103	0.903118430273301
103	0.8926296633303
103	0.890220601007469
103	0.902949061662198
103	0.902235628105039
103	0.897796286656255
103	0.894800275482094
103	0.891632616805827
103	0.903463125785035
103	0.886726893676164
103	0.89326940152726
103	0.891837110742583
103	0.887791107974594
103	0.906210392902408
103	0.899112479623257
103	0.881628280664167
103	0.887254032972877
103	0.896424167694205
103	0.904745042492918
103	0.919208132691279
103	0.892186661898802
103	0.897202797202797
103	0.901221264367816
103	0.90546635395995
103	0.902705608313922
103	0.888946549039959
103	0.88987724604163
103	0.899062327633756
103	0.903842779434989
103	0.88782816229117
103	0.885811293781272
103	0.902723038337513
103	0.896341463414634
103	0.889577066006017
103	0.900669249735823
103	0.892256482130343
103	0.894555478980014
103	0.90537935868232
103	0.891539385618672
103	0.911723411723412
103	0.884189508077691
103	0.9012716354645
103	0.884562132225684
103	0.898601398601399
103	0.905497664390945
103	0.898493543758967
103	0.903100088573959
103	0.889082361135295
103	0.900248491302804
103	0.892032229185318
103	0.885440680971804
103	0.901953755153253
103	0.908520179372197
103	0.891647455222557
103	0.897815362931642
103	0.912639066204633
103	0.896370331404524
103	0.898110542115486
104	0.891547327977646
104	0.885416666666667
104	0.896527777777778
104	0.898533218291631
104	0.89464503750218
104	0.905219282348677
104	0.882148444289936
104	0.885669401291674
104	0.897593535921307
104	0.902030008826125
104	0.903982072056542
104	0.891867897727273
104	0.90032154340836
104	0.904928959831608
104	0.896007098491571
104	0.892063492063492
104	0.889779202279202
104	0.885069817400644
104	0.904494382022472
104	0.903867201751186
104	0.902926230944454
104	0.897494707127735
104	0.902847873107426
104	0.894902234636871
104	0.886851211072664
104	0.899216524216524
104	0.901839405730456
104	0.90251954821894
104	0.894209161624892
104	0.893219434063
104	0.874533499200284
104	0.895293495505024
104	0.894383184011027
104	0.899661981853763
104	0.912044516244839
104	0.881731784582893
104	0.890757759667071
104	0.900763358778626
104	0.890652249738403
104	0.889567247261627
104	0.913833423277568
104	0.888695349242292
104	0.894136235955056
104	0.903717993686426
104	0.897426859358477
104	0.909090909090909
104	0.896711111111111
104	0.895302478765817
104	0.910831412870059
104	0.902164502164502
104	0.900334565944709
104	0.893856715367013
104	0.897896264055132
104	0.893180993833877
104	0.897498688123141
104	0.892889950395003
104	0.892609299097849
104	0.905236907730673
104	0.906810660163735
104	0.901902600802932
104	0.898478066248881
104	0.897937783991611
104	0.888715006085898
104	0.89229406554473
104	0.896618870596566
104	0.895162708883026
104	0.893915483079081
104	0.891250878425861
104	0.884766321798073
104	0.913035649981995
104	0.887255749610929
104	0.899293880295898
104	0.903022670025189
104	0.892132431470274
104	0.889121704208137
104	0.915467945302788
104	0.89796270718232
104	0.900961881011756
104	0.890095962339308
104	0.896253602305475
104	0.90744920993228
104	0.901054481546573
104	0.901882188915999
104	0.904112017015243
104	0.896838014485073
104	0.890944326990839
104	0.905310971348707
104	0.885979268957992
104	0.893068617206548
104	0.902374670184697
104	0.90502593453765
104	0.889782065023223
104	0.903144199494037
104	0.883837510803803
104	0.898846960167715
104	0.906356924185125
104	0.897562698693041
104	0.89906992766104
104	0.912072327601489
104	0.899773005063733
105	0.901802905653772
105	0.896462018730489
105	0.902191341528594
105	0.888966725043783
105	0.901346085724407
105	0.901874890485369
105	0.905726872246696
105	0.895348837209302
105	0.918996933068735
105	0.882177871148459
105	0.896153151526097
105	0.885839160839161
105	0.903153925265684
105	0.888115631691649
105	0.908072141481352
105	0.90041782729805
105	0.891859261814419
105	0.895570183241416
105	0.896209386281588
105	0.880491773639486
105	0.892781316348195
105	0.905729166666667
105	0.894718493986404
105	0.899930986887509
105	0.89719298245614
105	0.887246170288564
105	0.888577435178697
105	0.906062742333451
105	0.882445690259285
105	0.902388369678089
105	0.907749733380732
105	0.907662768371444
105	0.897819205065072
105	0.887150641589031
105	0.889531730247695
105	0.906615465177169
105	0.894147582697201
105	0.898004815961472
105	0.878952916373858
105	0.907022222222222
105	0.879474068663258
105	0.896855563234278
105	0.886300417246175
105	0.901408450704225
105	0.893458268263057
105	0.894882434301521
105	0.909074573225517
105	0.897573656845754
105	0.89344262295082
105	0.895477207977208
105	0.881574364332985
105	0.896724137931034
105	0.892236185229816
105	0.90058986814712
105	0.900035323207347
105	0.88959323824617
105	0.882394615657102
105	0.891701319833665
105	0.896964285714286
105	0.883638301652159
105	0.901041666666667
105	0.899467140319716
105	0.888489854551984
105	0.894992202391267
105	0.902559576345984
105	0.897417109360689
105	0.900977777777778
105	0.876772273761596
105	0.897902097902098
105	0.893375841303578
105	0.90996840996841
105	0.887414906615465
105	0.88865872604868
105	0.902662669723153
105	0.898642533936652
105	0.896278003175163
105	0.896545827633379
105	0.878694158075601
105	0.899439319949358
105	0.880451781059948
105	0.902914357232255
105	0.888753056234719
105	0.90108564535585
105	0.896605204204722
105	0.893761140819964
105	0.889503748661192
105	0.892454466608847
105	0.900159602766448
105	0.900191938579655
105	0.885356956748306
105	0.902910866027843
105	0.903103448275862
105	0.883765778401122
105	0.888251651025374
105	0.886914096532497
105	0.909703258692882
105	0.90591589451176
105	0.897770811563915
105	0.90229987520057
105	0.906017699115044
106	0.899436571623698
106	0.887756894431758
106	0.902671755725191
106	0.900776836158192
106	0.900747065101387
106	0.891780113734275
106	0.891738899699275
106	0.893605870020964
106	0.89078087375301
106	0.902792506185931
106	0.900385829533497
106	0.907663099758371
106	0.898445595854922
106	0.901601423487544
106	0.878633350331464
106	0.913527851458886
106	0.916621935945607
106	0.892969021928298
106	0.903903903903904
106	0.891273996509599
106	0.885003604902668
106	0.894680471260264
106	0.884834860798893
106	0.902996708816906
106	0.889273955986831
106	0.890073400908773
106	0.895709926404595
106	0.907090464547677
106	0.883562837720063
106	0.901016117729502
106	0.887042602085911
106	0.903655074520937
106	0.901096956829441
106	0.895532887794583
106	0.883878830083565
106	0.899012645071886
106	0.896162528216704
106	0.904753643303262
106	0.900450138504155
106	0.897071564720152
106	0.908284023668639
106	0.891436761017556
106	0.881829733163914
106	0.897512263489839
106	0.905968077723803
106	0.898286744815149
106	0.907815275310835
106	0.898835390231184
106	0.903237034458754
106	0.88618025751073
106	0.89107360361928
106	0.900137504297009
106	0.883211678832117
106	0.910059599060863
106	0.902362751911049
106	0.890281593406593
106	0.887634408602151
106	0.891920251836306
106	0.899569336778639
106	0.895199577984878
106	0.890343119915104
106	0.884838160136286
106	0.886529641583149
106	0.888300688194812
106	0.894435498300233
106	0.907099035933392
106	0.889398482977597
106	0.894886869766613
106	0.886819230086926
106	0.898378943698797
106	0.902145473574045
106	0.907221929362151
106	0.892721628147637
106	0.896570014144272
106	0.900175131348511
106	0.90673665791776
106	0.903157894736842
106	0.893307638402242
106	0.907020872865275
106	0.889161697649947
106	0.898951048951049
106	0.898255280073462
106	0.901185770750988
106	0.895207009104965
106	0.897431323581877
106	0.900784655623365
106	0.89260686755431
106	0.893111226791602
106	0.894207422823448
106	0.891977480647431
106	0.915303003057004
106	0.895661527429186
106	0.898703543647364
106	0.897749083929506
106	0.903392457379025
106	0.891801548205489
106	0.887622993267737
106	0.903231502737065
106	0.891250878425861
106	0.909490333919156
107	0.883209149194247
107	0.881891168599465
107	0.894040902679831
107	0.888772663877266
107	0.887367873852019
107	0.894838823322177
107	0.891334488734835
107	0.91527827011698
107	0.895546129374337
107	0.891377182154823
107	0.892631219011797
107	0.898012100259291
107	0.913005117346039
107	0.88799036476256
107	0.904015498414935
107	0.896006944444444
107	0.914708886618999
107	0.897485835694051
107	0.893356953055802
107	0.893469599861424
107	0.902025847013622
107	0.900336342715525
107	0.887339055793991
107	0.904770256050509
107	0.883045106079515
107	0.908411539798401
107	0.895407717827833
107	0.90361660431142
107	0.891891891891892
107	0.89477426235336
107	0.902219140083218
107	0.903214473915335
107	0.898183723367097
107	0.893874029335634
107	0.893734856351679
107	0.89428168019767
107	0.897123698605964
107	0.905761888233252
107	0.88754809373907
107	0.90835433921498
107	0.898035714285714
107	0.903388357949609
107	0.890890015737017
107	0.896741941044647
107	0.895173845355475
107	0.880510846745976
107	0.886367573185519
107	0.889490223463687
107	0.894573107500864
107	0.900017479461633
107	0.898565932144106
107	0.897151898734177
107	0.896264118158123
107	0.90673845085099
107	0.916739548714361
107	0.89498933901919
107	0.886304461031071
107	0.904121863799283
107	0.888275862068965
107	0.906683256309989
107	0.891090876629173
107	0.90223316335502
107	0.895375417619131
107	0.898500174398326
107	0.899482235315122
107	0.890190592760972
107	0.896840635363938
107	0.904349363507779
107	0.872111483506791
107	0.904153929149434
107	0.893107791974087
107	0.902941176470588
107	0.897348160821215
107	0.890625
107	0.898820164461923
107	0.894915254237288
107	0.907384882710686
107	0.899479166666667
107	0.899911894273128
107	0.912038695807954
107	0.908625859940025
107	0.893459915611814
107	0.906841081845501
107	0.887580114325307
107	0.899156711173577
107	0.906094084105488
107	0.889535909652373
107	0.897063963649074
107	0.902712977363055
107	0.889180213249432
107	0.896383866481224
107	0.903900210822207
107	0.906633906633907
107	0.908711528429838
107	0.890622230101046
107	0.894572025052192
107	0.900294780648517
107	0.899096642236237
107	0.899749373433584
107	0.897651294359678
108	0.915866239772323
108	0.893541518807665
108	0.89865563598759
108	0.91997191997192
108	0.90390964378801
108	0.896490606168026
108	0.897201105736006
108	0.896594758423962
108	0.90493762080478
108	0.892503044007653
108	0.908994895264918
108	0.889280056328111
108	0.888103234930175
108	0.899703471132043
108	0.891075435870879
108	0.898578363384189
108	0.899180619878874
108	0.90470404443673
108	0.900088417329797
108	0.912472647702407
108	0.908885803540437
108	0.887164283222881
108	0.905575694804074
108	0.908775580992022
108	0.891330891330891
108	0.902755836405125
108	0.898778359511344
108	0.896273398591791
108	0.897629499561018
108	0.884852759654382
108	0.882945467176103
108	0.884561648620328
108	0.886880973066898
108	0.892446919596241
108	0.899222126188418
108	0.887207207207207
108	0.890347885402456
108	0.892180925666199
108	0.889099037138927
108	0.901368901368901
108	0.895038167938931
108	0.90530626173008
108	0.904426027155704
108	0.902632974023679
108	0.912214427055226
108	0.912480844542823
108	0.890340323135098
108	0.900776531492666
108	0.892331932773109
108	0.902063658621896
108	0.899415618912697
108	0.897955617683033
108	0.910122014091768
108	0.898619867098313
108	0.909479808350445
108	0.901659604519774
108	0.8875
108	0.903451901173997
108	0.897086709188071
108	0.921590486807878
108	0.890363730391312
108	0.898164489939993
108	0.893770954649726
108	0.88351725345945
108	0.893695920889988
108	0.904009936124911
108	0.893008474576271
108	0.90104347826087
108	0.913719185423365
108	0.897130860741778
108	0.875658587987355
108	0.89802399435427
108	0.895973734231899
108	0.89538729329852
108	0.881107779149762
108	0.890013966480447
108	0.904102475333218
108	0.8826699113506
108	0.916310845431255
108	0.877259425030126
108	0.905944986690328
108	0.894964526734729
108	0.885290608488154
108	0.913950227830354
108	0.906694781233527
108	0.896932952924394
108	0.891443388072602
108	0.908793667182929
108	0.905960028551035
108	0.903362831858407
108	0.889751552795031
108	0.894007620367163
108	0.881701529267007
108	0.893101632438125
108	0.898284526078669
108	0.912973552537527
108	0.895732130464955
108	0.915085977663535
108	0.892277856135402
108	0.894547325102881
109	0.90133750217127
109	0.897489539748954
109	0.899808994617121
109	0.900500950077734
109	0.904477101845523
109	0.899522377498673
109	0.91394297635605
109	0.898782608695652
109	0.891197183098592
109	0.890408616857583
109	0.89265242313705
109	0.899551569506726
109	0.913864104323953
109	0.901728050270553
109	0.906343877010072
109	0.91173342786246
109	0.890689655172414
109	0.895259672359707
109	0.91016713091922
109	0.902889382800479
109	0.88326105810928
109	0.896016554578376
109	0.902185407120197
109	0.89069171648164
109	0.911729141475212
109	0.896867300246392
109	0.902060055865922
109	0.900356506238859
109	0.89724961079398
109	0.907140344706296
109	0.888532763532764
109	0.8817908334808
109	0.900755494505495
109	0.897400346620451
109	0.896648044692737
109	0.906069616931957
109	0.901162790697674
109	0.901266255989049
109	0.902816901408451
109	0.891840277777778
109	0.888928444286223
109	0.905491024287223
109	0.900693240901213
109	0.906685482448404
109	0.887388926862611
109	0.901574803149606
109	0.87812666311868
109	0.899172699069286
109	0.902221444813713
109	0.905123339658444
109	0.903168702425208
109	0.893691181596375
109	0.900878734622144
109	0.889974293059126
109	0.899295774647887
109	0.901536312849162
109	0.889025677101653
109	0.902339595887983
109	0.897368879595748
109	0.899844047825334
109	0.894926913155632
109	0.899305555555556
109	0.903456703910615
109	0.895332636711947
109	0.898382559774965
109	0.890933648488941
109	0.89398869669464
109	0.896879957694342
109	0.896036161335188
109	0.900473103206588
109	0.883071553228621
109	0.912482319660537
109	0.908068546947519
109	0.891170431211499
109	0.893383613301337
109	0.914732770745429
109	0.908371438621175
109	0.907377490576198
109	0.906964566241927
109	0.899400986610289
109	0.905720905364463
109	0.8965399109284
109	0.892406158104134
109	0.891566265060241
109	0.88283426183844
109	0.899947340705635
109	0.890324834090115
109	0.904058383766465
109	0.889064697609001
109	0.890703735881842
109	0.888455670452619
109	0.900919305413687
109	0.909813407049067
109	0.905666897028334
109	0.916991150442478
109	0.910419532324622
109	0.901864227928245
109	0.894262437164153
109	0.89338300514458
109	0.88320530726257
110	0.895753567699269
110	0.879853734981717
110	0.890273451021115
110	0.890547263681592
110	0.909390730775907
110	0.89967910825874
110	0.907849239280775
110	0.902970645104588
110	0.89590622813156
110	0.888946910356832
110	0.90726083964212
110	0.908231173380035
110	0.894511760513186
110	0.9042921426099
110	0.888260254596888
110	0.909721018887541
110	0.893635724331927
110	0.906809406809407
110	0.898601398601399
110	0.91382056273226
110	0.89673157162726
110	0.894301793879705
110	0.892437269696438
110	0.907546839432674
110	0.899032541776605
110	0.901989150090416
110	0.898954703832753
110	0.874541324480168
110	0.903825903825904
110	0.923337493314316
110	0.900676027041082
110	0.899912510936133
110	0.903706269483893
110	0.890982033839177
110	0.892518440463646
110	0.90744920993228
110	0.891160027952481
110	0.895718232044199
110	0.895119418483904
110	0.908966226641522
110	0.903392457379025
110	0.913388604692186
110	0.889436979078075
110	0.905270530555069
110	0.912906057945566
110	0.890187743535246
110	0.910843799752344
110	0.907186147186147
110	0.904846440617788
110	0.893800634026065
110	0.896740994854202
110	0.893665158371041
110	0.903584672435105
110	0.891896673743808
110	0.877251267704144
110	0.911689637570189
110	0.904275910610593
110	0.91461298160361
110	0.887495646116336
110	0.884702996320308
110	0.897440273037543
110	0.89480111653873
110	0.895742071140704
110	0.886680613668061
110	0.902588555858311
110	0.883473485498541
110	0.895231465367212
110	0.889273356401384
110	0.895069310405334
110	0.898870636550308
110	0.892066259808195
110	0.890957446808511
110	0.887594936708861
110	0.903734155532717
110	0.909138472270666
110	0.905131370128725
110	0.906619593998235
110	0.884978540772532
110	0.906622860107211
110	0.885980323260717
110	0.909739928607853
110	0.898699983116664
110	0.915447734570103
110	0.900052146706066
110	0.901521777155851
110	0.890769499214797
110	0.89528613671943
110	0.902860132542728
110	0.890064868555821
110	0.889512153663097
110	0.900886524822695
110	0.903889369057908
110	0.89732368288167
110	0.903169627307558
110	0.891700583967439
110	0.902834008097166
110	0.902539464653397
110	0.906186612576065
110	0.886127659574468
110	0.908643710470836
111	0.902086956521739
111	0.91199724991406
111	0.909423445392789
111	0.893690579083838
111	0.891033304867635
111	0.912129565816678
111	0.909263740062219
111	0.892595744680851
111	0.893093826299267
111	0.894015611448395
111	0.902104136947218
111	0.896714435512059
111	0.896779808529156
111	0.898146513680494
111	0.905818626594443
111	0.894412067192321
111	0.901251983777112
111	0.899842684845307
111	0.899216710182768
111	0.905109489051095
111	0.896999473591858
111	0.897300158814187
111	0.913449887484854
111	0.914930859443375
111	0.892094929144613
111	0.893222395562489
111	0.89280165717245
111	0.902320748181503
111	0.902639698320192
111	0.896259703599153
111	0.8988231161075
111	0.917862266857963
111	0.904307051059396
111	0.902289809473868
111	0.895836992798173
111	0.876910016977929
111	0.902823488654079
111	0.914720452937013
111	0.899670196146502
111	0.898310987288873
111	0.894412191582003
111	0.894854586129754
111	0.894689950106914
111	0.893624515674533
111	0.897210481825866
111	0.903933170901497
111	0.886480027313076
111	0.910885899004019
111	0.893018409169851
111	0.89792027729636
111	0.90571817562968
111	0.907894736842105
111	0.898196323274367
111	0.907568887338682
111	0.888528508023216
111	0.892690513219285
111	0.901456726649529
111	0.900624349635796
111	0.892224921902117
111	0.89826346255043
111	0.8861522562866
111	0.89857045609258
111	0.898220148608951
111	0.897338403041825
111	0.896202096580168
111	0.888274909342083
111	0.902907580477674
111	0.909010756480339
111	0.913119026933102
111	0.89413988657845
111	0.891679480608235
111	0.901573426573427
111	0.893409841766649
111	0.891352931064122
111	0.895767750961875
111	0.908745247148289
111	0.883546074488547
111	0.897823869432166
111	0.894561986361252
111	0.903028181340802
111	0.896172987815342
111	0.90547520661157
111	0.898159298124892
111	0.900352733686067
111	0.888527953496324
111	0.88953587943141
111	0.889455184534271
111	0.910898246882342
111	0.910993843447669
111	0.893562670299727
111	0.8933894441522
111	0.895408163265306
111	0.898206751054852
111	0.887922032718413
111	0.910114305507447
111	0.901234567901235
111	0.894146088758418
111	0.882050372472508
111	0.902493169398907
111	0.901767151767152
112	0.881420860177608
112	0.896986685353889
112	0.892685531233316
112	0.897110998479473
112	0.895070181444711
112	0.903882987985373
112	0.892034794473819
112	0.891248058001036
112	0.910012231347196
112	0.889191953631094
112	0.901509831460674
112	0.91144038594073
112	0.9125977410947
112	0.891859468723222
112	0.895128552097429
112	0.89328195677668
112	0.888499298737728
112	0.885889570552147
112	0.883279137429403
112	0.906794734969762
112	0.897623089983022
112	0.910231489662485
112	0.87655796482841
112	0.901689708141321
112	0.89920424403183
112	0.913035808784618
112	0.900905518537502
112	0.900959023539669
112	0.89853826311264
112	0.899347303332188
112	0.910917496443812
112	0.901253387533875
112	0.906319196048373
112	0.91340242402951
112	0.896511039946064
112	0.900417101147028
112	0.896879240162822
112	0.904227328538853
112	0.89741847826087
112	0.900468181029998
112	0.888028895768834
112	0.899947616553169
112	0.899737072743208
112	0.899532305560367
112	0.902637972926067
112	0.895669962495738
112	0.88781331028522
112	0.893166166342928
112	0.899675269184755
112	0.887916237555784
112	0.901943769524471
112	0.895282529808191
112	0.906082134811991
112	0.891252144082333
112	0.903111261413595
112	0.901013919917512
112	0.896040467469039
112	0.897287152363078
112	0.888414217361586
112	0.903969492113018
112	0.905280348394121
112	0.891200846411568
112	0.893433988764045
112	0.883037886687522
112	0.901142041399001
112	0.901020937878526
112	0.893145507644735
112	0.898708010335917
112	0.900568671376874
112	0.909502262443439
112	0.910769761822575
112	0.891633064516129
112	0.900347222222222
112	0.903114186851211
112	0.899656946826758
112	0.892931754874652
112	0.908413592585862
112	0.9021113243762
112	0.901507365536143
112	0.886422302529685
112	0.900279427174293
112	0.907244880399243
112	0.915510062456627
112	0.904395416452882
112	0.903653355989805
112	0.887741046831956
112	0.887848847287225
112	0.895121536630971
112	0.900246739513571
112	0.90338248048569
112	0.89860800824884
112	0.893144456103533
112	0.887429971988795
112	0.88532589752527
112	0.904527904527905
112	0.89642545771578
112	0.899741156169111
112	0.89177413733008
112	0.894951555328914
112	0.894414288215724
113	0.905477795057888
113	0.894278394534586
113	0.900932606017948
113	0.896410256410256
113	0.898085785182559
113	0.893819060773481
113	0.89313110181311
113	0.885810810810811
113	0.891566265060241
113	0.899707552038534
113	0.898050715887528
113	0.896516217607688
113	0.906964656964657
113	0.90413337964571
113	0.901498191837438
113	0.903026013095027
113	0.902380544613804
113	0.914321118782085
113	0.883274647887324
113	0.903044735499235
113	0.895278969957082
113	0.909153239629757
113	0.914504614313077
113	0.894333843797856
113	0.892770246784845
113	0.902564985367533
113	0.891574468085106
113	0.883139136394791
113	0.89330985915493
113	0.893058161350844
113	0.907530171681115
113	0.902606310013717
113	0.887638504155125
113	0.888097306689835
113	0.909324208725406
113	0.887523793043779
113	0.908114768526668
113	0.908810421666095
113	0.903667399019774
113	0.897360703812317
113	0.888831615120275
113	0.895697074010327
113	0.891794871794872
113	0.909408273695235
113	0.905730456314114
113	0.881223449447749
113	0.88780571233111
113	0.895038167938931
113	0.906968876860622
113	0.895851566602486
113	0.904353788138498
113	0.900956284153005
113	0.900224408769204
113	0.883796773086165
113	0.892326098102888
113	0.900611620795107
113	0.897337070777856
113	0.898649803452401
113	0.902396053558844
113	0.899386084583902
113	0.890846286701209
113	0.893816040187078
113	0.898232366569418
113	0.891213389121339
113	0.885675166866336
113	0.878994237820849
113	0.897151898734177
113	0.897179891399545
113	0.894625922023182
113	0.901656314699793
113	0.902641381645784
113	0.896630799082731
113	0.903470142680993
113	0.907398002370069
113	0.890749050742147
113	0.902393162393162
113	0.895547945205479
113	0.895066018068103
113	0.90144727773949
113	0.890909090909091
113	0.904502973661852
113	0.911901081916538
113	0.889966496208782
113	0.892722924496071
113	0.904578818594897
113	0.898590580955655
113	0.910664335664336
113	0.901451231859602
113	0.892851049308992
113	0.899159663865546
113	0.895093062605753
113	0.887598944591029
113	0.877144818119423
113	0.902305721605465
113	0.895080839353285
113	0.907032590051458
113	0.897777777777778
113	0.892752625236702
113	0.90071791279986
113	0.898591059314663
114	0.899369998297293
114	0.890499744158281
114	0.898045879354291
114	0.89167676068524
114	0.909472212513107
114	0.897084345713294
114	0.90203939341119
114	0.89265242313705
114	0.898457806272743
114	0.898059904697073
114	0.898029726927065
114	0.889810017271157
114	0.909090909090909
114	0.899547353760446
114	0.903987935656836
114	0.895637296834902
114	0.900277970813065
114	0.884050546448087
114	0.907247399047787
114	0.895059625212947
114	0.89466460799451
114	0.896786260839993
114	0.895398230088496
114	0.89920744314266
114	0.897349226116349
114	0.899523971438286
114	0.8984375
114	0.889060621672677
114	0.882659260545044
114	0.902314499659632
114	0.899263320198732
114	0.904093166638123
114	0.895655208515093
114	0.916395965122243
114	0.913259195893926
114	0.890890550645819
114	0.892061281337047
114	0.896410256410256
114	0.913378923373663
114	0.907075722645859
114	0.909530386740331
114	0.901616303583977
114	0.911948593261549
114	0.906282007511096
114	0.91270925862658
114	0.888168004097661
114	0.905575694804074
114	0.903048045462373
114	0.889328063241107
114	0.899896978021978
114	0.89755087961366
114	0.893450967085171
114	0.904770256050509
114	0.902203856749311
114	0.902366863905325
114	0.899297012302285
114	0.898699520876112
114	0.906567833132219
114	0.905965274196321
114	0.906288103117924
114	0.905135642381846
114	0.90714532274767
114	0.901802575107296
114	0.908804481008227
114	0.89572561185798
114	0.894991364421416
114	0.901263689974726
114	0.899572284003422
114	0.890315862547726
114	0.901401230348599
114	0.894352736750652
114	0.887368421052632
114	0.897624039133473
114	0.90436413228776
114	0.902260751317355
114	0.893609550561798
114	0.895496734272946
114	0.904877205119336
114	0.898792311617622
114	0.898261318643484
114	0.904135663609621
114	0.896533885152613
114	0.903923278116826
114	0.890368320940688
114	0.903584048460374
114	0.902711050102951
114	0.904280821917808
114	0.898627787307033
114	0.894355256343863
114	0.899522347321733
114	0.909074764695436
114	0.899415618912697
114	0.914002393571551
114	0.894447309609764
114	0.88720248361504
114	0.895634379263301
114	0.894009216589862
114	0.908485572818849
114	0.903816532603115
114	0.884203366774358
115	0.894880546075085
115	0.890429489347311
115	0.902145473574045
115	0.905807120636018
115	0.899159663865546
115	0.892626808436465
115	0.898615916955017
115	0.903381642512077
115	0.897945205479452
115	0.90587835541964
115	0.894567062818336
115	0.90147282884713
115	0.900889897051125
115	0.88650461022632
115	0.908856848609681
115	0.912268677176148
115	0.886292834890966
115	0.892374350086655
115	0.900256191289496
115	0.891533492009521
115	0.907899397803755
115	0.891043723554302
115	0.901861252115059
115	0.906303236797274
115	0.906877766428328
115	0.903472222222222
115	0.897405257767156
115	0.886450714036921
115	0.889677310356479
115	0.897236614853195
115	0.889098066061955
115	0.907232434289641
115	0.885958904109589
115	0.881529532263571
115	0.892985765734865
115	0.901953881358916
115	0.896678321678322
115	0.906684764166949
115	0.887228260869565
115	0.907778951073566
115	0.895646281551753
115	0.893006993006993
115	0.901730103806228
115	0.921855921855922
115	0.899660441426146
115	0.906271301976823
115	0.899738903394256
115	0.90191715166039
115	0.911103302881237
115	0.893682588597843
115	0.886801945329532
115	0.907625125965737
115	0.897969807391983
115	0.909200343938091
115	0.889101338432122
115	0.907836546966213
115	0.895396770869117
115	0.912052117263844
115	0.899911426040744
115	0.898677657564829
115	0.899140501666374
115	0.89377793056033
115	0.886841198759904
115	0.895545314900154
115	0.911000172146669
115	0.88913909579075
115	0.904367339892974
115	0.903859174001354
115	0.891801636333278
115	0.879952389049481
115	0.902828387992365
115	0.890125173852573
115	0.9174732552216
115	0.895789839944328
115	0.899415405777166
115	0.900652024708305
115	0.892178675338011
115	0.902568493150685
115	0.906616771559789
115	0.910874053682037
115	0.895790554414784
115	0.904485488126649
115	0.911003794411866
115	0.906893004115226
115	0.901374152026439
115	0.903466666666667
115	0.890468935161673
115	0.894781144781145
115	0.903143585386576
115	0.894008409250175
115	0.905275988159499
115	0.888927455744533
115	0.912063328170711
115	0.899284253578732
115	0.895103706222373
115	0.903463648834019
115	0.892701619926842
115	0.905608755129959
115	0.892498724272835
115	0.895576131687243
116	0.877293181031499
116	0.897488820089439
116	0.889923793395428
116	0.89755087961366
116	0.889176592439151
116	0.908280473169895
116	0.912772585669782
116	0.903110657827639
116	0.91119623889953
116	0.900034352456201
116	0.89395222768084
116	0.900287794142543
116	0.898486651929944
116	0.918395336876393
116	0.907574468085106
116	0.895431472081218
116	0.915442432524769
116	0.893134934054785
116	0.903426268055089
116	0.885125936010892
116	0.901332433799966
116	0.894973225082052
116	0.893767217630854
116	0.901937046004843
116	0.908697907660384
116	0.898905234348272
116	0.909200551343901
116	0.896656534954407
116	0.89803250641574
116	0.908012379642366
116	0.898703543647364
116	0.888183844966558
116	0.880658436213992
116	0.905252137497819
116	0.897783042816043
116	0.89401942409269
116	0.894736842105263
116	0.904442148760331
116	0.896147972170372
116	0.906808803301238
116	0.914210985178727
116	0.902985074626866
116	0.901479488903833
116	0.896150556030796
116	0.899426784783741
116	0.918363794604004
116	0.902754165249915
116	0.896029258098224
116	0.913444483859525
116	0.891634309918814
116	0.904616429056348
116	0.905741216795201
116	0.896504920257889
116	0.891662333159993
116	0.892066734763364
116	0.900614754098361
116	0.894501718213058
116	0.893356643356643
116	0.913481584433634
116	0.911184210526316
116	0.906195614340411
116	0.910681244743482
116	0.894059580468888
116	0.905937992643195
116	0.910936700221805
116	0.907716102423097
116	0.90585152838428
116	0.909430756159728
116	0.926761055759483
116	0.904606953245419
116	0.912947564907517
116	0.890298251628385
116	0.895173581710415
116	0.904541559554413
116	0.893319700068166
116	0.90532241555783
116	0.902905863929006
116	0.89723056389723
116	0.891760624457936
116	0.894457748888129
116	0.905896892655367
116	0.900087642418931
116	0.90520850778764
116	0.894107744107744
116	0.897225077081192
116	0.891856029192237
116	0.902745229327084
116	0.902364864864865
116	0.895566847730857
116	0.894827289912356
116	0.904936974789916
116	0.90671256454389
116	0.90356648199446
116	0.897397145256087
116	0.908458057779325
116	0.90689238210399
116	0.900875656742557
116	0.898943421949557
116	0.899381868131868
116	0.901740020470829
117	0.909027169149869
117	0.89229986431479
117	0.893667861409797
117	0.906185919343814
117	0.914469118667592
117	0.914472580915647
117	0.899692412850308
117	0.888117806364252
117	0.902734510211146
117	0.900689655172414
117	0.900574612571827
117	0.90625
117	0.895871946082561
117	0.902841585843117
117	0.894936927596337
117	0.903739612188366
117	0.910032809532032
117	0.893572909467864
117	0.917013831028162
117	0.898347943358058
117	0.893271857923497
117	0.900397030899361
117	0.902056641942009
117	0.892197125256673
117	0.896593255333792
117	0.913396715643907
117	0.904377682403434
117	0.90572051669183
117	0.895535252542665
117	0.889022919179735
117	0.89142567224759
117	0.899296620346543
117	0.913507925568573
117	0.892002734107997
117	0.907847495298342
117	0.894601542416452
117	0.899849271478814
117	0.90931589181545
117	0.89951186668911
117	0.893602463222716
117	0.900711681999653
117	0.89705629196075
117	0.902899296620347
117	0.896395612049452
117	0.883891213389121
117	0.901871522508852
117	0.904414320472715
117	0.901458616010855
117	0.889324693042292
117	0.890958347443278
117	0.889404884760922
117	0.905797101449275
117	0.888831437435367
117	0.909106588478786
117	0.903961584633854
117	0.895738735592036
117	0.901731071865711
117	0.894304771677783
117	0.911357340720222
117	0.898853328769468
117	0.896035392206908
117	0.88960597826087
117	0.899145299145299
117	0.908590118781202
117	0.889424733034792
117	0.892389807162534
117	0.887454827052143
117	0.90511073253833
117	0.914852528089888
117	0.896048838392403
117	0.893087089122331
117	0.903074080295649
117	0.892550394390885
117	0.900900900900901
117	0.90426638917794
117	0.898176814585483
117	0.905841924398625
117	0.90523097826087
117	0.892566279674233
117	0.892850900192274
117	0.897493517718237
117	0.906207827260459
117	0.90761421319797
117	0.901028494351711
117	0.890504704875962
117	0.897431506849315
117	0.897780072276717
117	0.890635564570656
117	0.891693672181477
117	0.901716068642746
117	0.899403239556692
117	0.901826873826191
117	0.894627021387585
117	0.893869139618753
117	0.885184555196462
117	0.908043971383703
117	0.903881700554529
117	0.901176877812392
117	0.903088934147997
117	0.902067095899695
118	0.892971515253666
118	0.892070484581498
118	0.905359565807327
118	0.89453125
118	0.891713268937468
118	0.903357070193286
118	0.896059198072621
118	0.904359813889368
118	0.90216643741403
118	0.907134178094081
118	0.899690295939436
118	0.897969543147208
118	0.900238744884038
118	0.90957907500433
118	0.901295601772929
118	0.894127659574468
118	0.905804480651731
118	0.887416078498881
118	0.915664720027482
118	0.906444168293982
118	0.895801199657241
118	0.895504461221688
118	0.89704641350211
118	0.91506520247083
118	0.897500419392719
118	0.892524974164657
118	0.898958866700802
118	0.90668044077135
118	0.901067253938675
118	0.907776076229369
118	0.914364166809679
118	0.899815094973945
118	0.897130860741778
118	0.904023689252743
118	0.90547263681592
118	0.903161063723031
118	0.908645432271614
118	0.910352002774406
118	0.907391673746814
118	0.901427834164803
118	0.907020547945205
118	0.902053980648447
118	0.90805185943364
118	0.896824034334764
118	0.89053934571176
118	0.900618982118294
118	0.91263139755299
118	0.896347826086957
118	0.893842530282638
118	0.910320901994796
118	0.901188455008489
118	0.897551658274006
118	0.90506329113924
118	0.898538409245411
118	0.903416779431664
118	0.90194738640246
118	0.896119103379057
118	0.890532041475438
118	0.893455361768261
118	0.891859468723222
118	0.902985074626866
118	0.900275576989321
118	0.902296937416778
118	0.902422497035406
118	0.899132505528151
118	0.903387487037677
118	0.900742741390952
118	0.899077868852459
118	0.889498029809834
118	0.902997932460372
118	0.897934801160608
118	0.907350427350427
118	0.895295902883156
118	0.902081863091037
118	0.896335256192738
118	0.892126789366053
118	0.906370318515926
118	0.894628806021211
118	0.904470508244093
118	0.905428473881871
118	0.884533898305085
118	0.892755562991467
118	0.902299844371434
118	0.910118130457114
118	0.901934170342721
118	0.893624161073825
118	0.9033087605006
118	0.895754228512254
118	0.90106128038343
118	0.901823760013636
118	0.900119719514281
118	0.900035014005602
118	0.906908966226642
118	0.888927637314734
118	0.895989123045547
118	0.900755494505495
118	0.89556800815079
118	0.896475017111567
118	0.890694491960315
118	0.917121238782333
119	0.894155623513422
119	0.89282642353346
119	0.909509988048489
119	0.900117508813161
119	0.905102040816327
119	0.909874873182279
119	0.897332662304982
119	0.901267962806424
119	0.913561340820146
119	0.899425287356322
119	0.90469660610216
119	0.906049822064057
119	0.905487804878049
119	0.896070320579111
119	0.909308692676249
119	0.902318445277873
119	0.904874746106974
119	0.89748743718593
119	0.892995780590717
119	0.885833333333333
119	0.910073794405354
119	0.898974358974359
119	0.907242910830202
119	0.900923593618808
119	0.904621776008309
119	0.908776181409036
119	0.904916909371252
119	0.897851296043656
119	0.90547598989048
119	0.919910050164331
119	0.899572284003422
119	0.910074374577417
119	0.899965505346671
119	0.916392591310369
119	0.903368492684587
119	0.912801806496439
119	0.899726682610181
119	0.911415989159892
119	0.910147441457068
119	0.89312585499316
119	0.900255754475703
119	0.89636678200692
119	0.895478769124978
119	0.897966218545329
119	0.898357289527721
119	0.89047619047619
119	0.8913491246138
119	0.905275779376499
119	0.901997291807718
119	0.91045820216859
119	0.896569468267581
119	0.902571041948579
119	0.905988739123017
119	0.907290571328426
119	0.907047490282238
119	0.892611683848797
119	0.903148528405202
119	0.90510325994197
119	0.89693313222725
119	0.890763462849352
119	0.897263810015488
119	0.897215537985562
119	0.904399323181049
119	0.897308417623864
119	0.899865365196903
119	0.89735432016075
119	0.900993490921548
119	0.898930665746809
119	0.895083628991384
119	0.910916146448456
119	0.899949723479135
119	0.901287553648069
119	0.903573836817262
119	0.897854077253219
119	0.899599093602928
119	0.89713607863074
119	0.905612244897959
119	0.897993879632778
119	0.893138735111559
119	0.898079514824798
119	0.901655964852991
119	0.898098989553006
119	0.914305223625811
119	0.902256914983879
119	0.88661899897855
119	0.895186986416233
119	0.900569653029518
119	0.905586017820425
119	0.903662819869543
119	0.903906522497384
119	0.914164606146238
119	0.893962715922695
119	0.896933560477002
119	0.900370245708516
119	0.896224846166639
119	0.900737184981999
119	0.894336432797971
119	0.898336414048059
119	0.905082987551867
119	0.898308041165184
120	0.896330120074412
120	0.904034334763948
120	0.901005281990118
120	0.889232354456466
120	0.901761517615176
120	0.901228161217782
120	0.924875365308578
120	0.899628879892038
120	0.896467296257433
120	0.90381033022862
120	0.896884145291789
120	0.926269702276708
120	0.90367445054945
120	0.906561319134318
120	0.897623400365631
120	0.905036459216551
120	0.892892892892893
120	0.894396184636348
120	0.910125523012552
120	0.909568874868559
120	0.911558818507768
120	0.901628222523745
120	0.899709053568372
120	0.903566047212456
120	0.911990240501917
120	0.89673358285131
120	0.900991792065663
120	0.901812688821752
120	0.901104502973662
120	0.911310836018314
120	0.887408166752093
120	0.904233526800956
120	0.910977701543739
120	0.906516547253497
120	0.915463917525773
120	0.885651363713366
120	0.906143344709898
120	0.89446276688075
120	0.901810109289617
120	0.909632224168126
120	0.914744575431403
120	0.895346883924072
120	0.891358850075213
120	0.896557659208262
120	0.896130346232179
120	0.906068162926018
120	0.9054417198522
120	0.90158201498751
120	0.904786324786325
120	0.895311167945439
120	0.911184210526316
120	0.902645685630296
120	0.91079258010118
120	0.900758097863542
120	0.900034234851078
120	0.9021254713747
120	0.912491301322199
120	0.90388233282025
120	0.908444745303774
120	0.91404399323181
120	0.886802295253
120	0.907647661317856
120	0.91408760358532
120	0.894897959183673
120	0.909183673469388
120	0.890945809491754
120	0.899361559139785
120	0.897378406347016
120	0.900511945392491
120	0.897427101200686
120	0.910973776515784
120	0.904955183493996
120	0.905295842677247
120	0.890595664789213
120	0.903088934147997
120	0.898882113821138
120	0.903418803418803
120	0.906610878661088
120	0.90558798999166
120	0.90272507761297
120	0.904786324786325
120	0.903723582690372
120	0.910207468879668
120	0.902272727272727
120	0.906799729364005
120	0.904834865509023
120	0.901164782459747
120	0.906048250084947
120	0.893158072126727
120	0.913841807909605
120	0.893638505553686
120	0.900790921595598
120	0.895459166384276
120	0.913202296051487
120	0.908249158249158
120	0.8929173693086
120	0.894597720138774
120	0.9
120	0.894342194955692
120	0.909154194222068
121	0.896545970298682
121	0.896419881821342
121	0.909060289659818
121	0.902299844371434
121	0.900931414055885
121	0.896733403582719
121	0.905794587092297
121	0.913807672807166
121	0.904230118443316
121	0.899057873485868
121	0.90334442304325
121	0.896628065395095
121	0.899880403212028
121	0.894040843655842
121	0.899780664754513
121	0.9039780521262
121	0.898916356247883
121	0.90500338066261
121	0.9056860742254
121	0.900118906064209
121	0.888122476446837
121	0.898140392025465
121	0.905054644808743
121	0.89864406779661
121	0.896001344086022
121	0.892650561415447
121	0.9
121	0.896326119778561
121	0.913993174061433
121	0.899116847826087
121	0.895669620464805
121	0.901016949152542
121	0.900729679280502
121	0.907939767282683
121	0.906741957563313
121	0.903059470608456
121	0.888888888888889
121	0.907789330151696
121	0.897808998160227
121	0.895242914979757
121	0.893297765921974
121	0.910118130457114
121	0.895815686938845
121	0.895338910705139
121	0.90440666204025
121	0.900188970967188
121	0.895346825808684
121	0.904433327583233
121	0.899643402954661
121	0.902066185116748
121	0.899832495812395
121	0.899948691636737
121	0.889060356652949
121	0.900717703349282
121	0.901432181971356
121	0.887815624470429
121	0.904211253020366
121	0.898630136986301
121	0.896917635169277
121	0.91486013986014
121	0.893324387789332
121	0.892771084337349
121	0.905414551607445
121	0.888414946254905
121	0.901109989909183
121	0.904834347532116
121	0.892778993435449
121	0.902969613259669
121	0.901622187336473
121	0.898905234348272
121	0.897810218978102
121	0.899319727891156
121	0.901970607882432
121	0.886716115981119
121	0.899119018828813
121	0.894342194955692
121	0.91562182311081
121	0.90978092116612
121	0.92831294158194
121	0.894657003202427
121	0.910524511484402
121	0.899057873485868
121	0.905052560189895
121	0.90780020526856
121	0.910683613878392
121	0.906422941472413
121	0.902329594477998
121	0.901589448765641
121	0.902071563088512
121	0.913253844824607
121	0.909399389209365
121	0.900543109300747
121	0.898585307652974
121	0.902555366269165
121	0.901661812574953
121	0.888697746430415
121	0.900511073253833
121	0.897255689424364
121	0.909598603839442
121	0.893150226092782
122	0.902962568742239
122	0.899983274795116
122	0.908949550794748
122	0.894283746556474
122	0.904398340248963
122	0.900629572911349
122	0.912406271301977
122	0.894665993605923
122	0.908935588587049
122	0.90500338066261
122	0.902525252525253
122	0.899046646237658
122	0.919315825846579
122	0.902972326614281
122	0.905721605465414
122	0.907924011637857
122	0.907348242811502
122	0.897969374167776
122	0.89433898874517
122	0.905997594088331
122	0.896510434485118
122	0.904680560300649
122	0.898565400843882
122	0.888907908250599
122	0.888267209223466
122	0.906489524782831
122	0.906734867860188
122	0.898976559920766
122	0.909320748356649
122	0.901964104300711
122	0.91131914893617
122	0.892480435522287
122	0.898154477101845
122	0.892935056217486
122	0.901540522438044
122	0.906091370558376
122	0.897923875432526
122	0.904109589041096
122	0.897768552153607
122	0.900973194468158
122	0.894658012980529
122	0.895815829272391
122	0.899548721377236
122	0.899292691141799
122	0.898488120950324
122	0.903791069924179
122	0.898299319727891
122	0.895134228187919
122	0.902115513767629
122	0.909182305630027
122	0.900769745649264
122	0.903062087633226
122	0.886233591383373
122	0.891768292682927
122	0.909356725146199
122	0.918832264596693
122	0.916969382459782
122	0.911892797319933
122	0.899528778189162
122	0.89640094180962
122	0.899763752953088
122	0.902185046090816
122	0.908485572818849
122	0.911974219810041
122	0.891174970243156
122	0.906633081444165
122	0.898154362416107
122	0.910805300713558
122	0.901611820013432
122	0.896101694915254
122	0.905471794003049
122	0.916411304051754
122	0.900016946280291
122	0.901362862010221
122	0.903074080295649
122	0.885670731707317
122	0.914538644875724
122	0.901987201077804
122	0.894283746556474
122	0.907394843962008
122	0.904240766073871
122	0.908376068376068
122	0.899529569892473
122	0.896744659206511
122	0.910765590670948
122	0.906937678481438
122	0.899867593512082
122	0.896483078964831
122	0.904652802255904
122	0.902768284347232
122	0.897759811352535
122	0.908139142181695
122	0.901914280874132
122	0.902877099617495
122	0.893074324324324
122	0.893991123250256
122	0.902101486417222
122	0.902753872633391
122	0.901855876943655
122	0.896424374685244
123	0.909029535864979
123	0.905256109809173
123	0.906655290102389
123	0.894886839899413
123	0.905928718300206
123	0.894446303111408
123	0.904641775983855
123	0.895352781546811
123	0.908845374746793
123	0.902468085106383
123	0.900241212956582
123	0.90725467093082
123	0.898434841782919
123	0.904355251921435
123	0.909154073302067
123	0.900683760683761
123	0.898171877669571
123	0.91255454850621
123	0.892399800432397
123	0.898667122351333
123	0.893627867459643
123	0.90150873029327
123	0.89587593728698
123	0.899896265560166
123	0.912992258498822
123	0.905982905982906
123	0.902313624678663
123	0.895836902518417
123	0.905734218138506
123	0.90471293916024
123	0.890126582278481
123	0.909198712519058
123	0.905787116775749
123	0.893844327624216
123	0.896124031007752
123	0.907049067035245
123	0.892741246797609
123	0.902267002518892
123	0.897238493723849
123	0.915767847971238
123	0.901831129196338
123	0.914300202839757
123	0.913614374568072
123	0.908997252747253
123	0.925482021886399
123	0.903723582690372
123	0.898339545916638
123	0.905868181035966
123	0.908705962059621
123	0.907153729071537
123	0.907432662802591
123	0.904884760921913
123	0.901769165964617
123	0.895703454085931
123	0.907552973342447
123	0.893264934635115
123	0.896179401993355
123	0.900067750677507
123	0.906976744186046
123	0.895336963921035
123	0.902192242833052
123	0.88990514905149
123	0.906112054329372
123	0.899496644295302
123	0.906081989247312
123	0.891068662880743
123	0.902915894151357
123	0.881543624161074
123	0.899847998648877
123	0.908367208672087
123	0.897497428865273
123	0.903865378207264
123	0.893865134358628
123	0.875575279421433
123	0.911991938192812
123	0.893916540975365
123	0.891010476512335
123	0.90730289037113
123	0.905057828413603
123	0.909044455799693
123	0.900953655680107
123	0.903616513135449
123	0.9155
123	0.903111261413595
123	0.894024995719911
123	0.910269532582736
123	0.91308045585984
123	0.912992846448178
123	0.906846999154691
123	0.892474888852297
123	0.903865717192269
123	0.898747036911615
123	0.901661812574953
123	0.902659393112854
123	0.902049731182796
123	0.911952949316727
123	0.90102160442137
123	0.911031420765027
123	0.890733525326105
123	0.892899308483724
124	0.900016860563143
124	0.912705126036204
124	0.895931405514459
124	0.898699983116664
124	0.889468371467026
124	0.90064902646031
124	0.902630679877007
124	0.90726774082962
124	0.89469250210615
124	0.906129948221146
124	0.88985557682269
124	0.91929945054945
124	0.901924686192469
124	0.90251572327044
124	0.915879973027647
124	0.911784511784512
124	0.909326424870466
124	0.903734155532717
124	0.922330097087379
124	0.894630872483221
124	0.899949974987494
124	0.905540720961282
124	0.89496644295302
124	0.899154088571902
124	0.89243161604296
124	0.901285347043702
124	0.894232386077014
124	0.908429980958975
124	0.902666893154408
124	0.889618038027932
124	0.901658374792703
124	0.908693458886834
124	0.901260141550147
124	0.902094329984676
124	0.892631219011797
124	0.899514319209513
124	0.902034535818089
124	0.900648685558211
124	0.897271531886917
124	0.908210890233362
124	0.904657070279424
124	0.9004417261298
124	0.902909336941813
124	0.901054063243795
124	0.9029401937855
124	0.901944209636517
124	0.898434898434898
124	0.90487514863258
124	0.905810604777232
124	0.908872490132143
124	0.906980627922512
124	0.895452257090116
124	0.916695352839931
124	0.896893137589621
124	0.91862660944206
124	0.896994258696386
124	0.897966159630832
124	0.908350305498982
124	0.901543106340154
124	0.902193937363926
124	0.903729838709677
124	0.888664308573354
124	0.904325699745547
124	0.905491913746631
124	0.892015595863706
124	0.907982832618026
124	0.917175831636117
124	0.912739071038251
124	0.897051303903187
124	0.90285039635689
124	0.898273209095572
124	0.906851164360446
124	0.907686968592747
124	0.903388124790339
124	0.895985401459854
124	0.902467685076381
124	0.903950033760972
124	0.91043782254037
124	0.907193756362402
124	0.898429669228199
124	0.902092050209205
124	0.891800507185123
124	0.899113267525514
124	0.893652937204591
124	0.906595303867403
124	0.901240863505014
124	0.894718792866941
124	0.903388124790339
124	0.896201266244585
124	0.889362427548585
124	0.911279461279461
124	0.890609050697516
124	0.915699658703072
124	0.914505119453925
124	0.884519246792201
124	0.892070849197153
124	0.895059625212947
124	0.896717649080598
124	0.894216261525566
124	0.903559322033898
125	0.910790144435004
125	0.909336029659589
125	0.904045469742561
125	0.910223587642943
125	0.91315920811845
125	0.905758285905591
125	0.911012615069894
125	0.894601100412655
125	0.895097875188221
125	0.912588592642592
125	0.914407502131287
125	0.908937889244235
125	0.900050907856779
125	0.914926931106472
125	0.902203389830509
125	0.909574468085106
125	0.906972789115646
125	0.899692412850308
125	0.897228438629712
125	0.90071630851241
125	0.911379657603223
125	0.906191687871077
125	0.888649544324772
125	0.894006095496106
125	0.889612558450234
125	0.902848423194303
125	0.90511073253833
125	0.902873961218837
125	0.888980944490472
125	0.89956550802139
125	0.911814488828707
125	0.903428377460964
125	0.903849330910292
125	0.909168516305276
125	0.899474487201221
125	0.893831652058872
125	0.903111858704794
125	0.902335815842925
125	0.90327380952381
125	0.894817073170732
125	0.909385113268608
125	0.903204160375776
125	0.908580858085809
125	0.896517079705291
125	0.891204880528724
125	0.90414201183432
125	0.913650465356774
125	0.90118968935889
125	0.902398121750797
125	0.900536732640054
125	0.902548725637181
125	0.901759044142051
125	0.900908479138627
125	0.914251821725131
125	0.900201612903226
125	0.907860935091625
125	0.903662558583579
125	0.907310484551747
125	0.900682593856655
125	0.889840470193115
125	0.904298186702485
125	0.904953145917001
125	0.890106295993459
125	0.894807595362124
125	0.89344262295082
125	0.897154268597104
125	0.9
125	0.903017972193964
125	0.908173734610123
125	0.903280067283431
125	0.907326130992573
125	0.894237288135593
125	0.902626735820646
125	0.905359565807327
125	0.901342164894544
125	0.903457491231
125	0.913007179829688
125	0.893271857923497
125	0.906734006734007
125	0.892600205549846
125	0.894789081885856
125	0.896783072423878
125	0.896340425531915
125	0.906349472273413
125	0.890392648287385
125	0.907221664994985
125	0.896898575020956
125	0.908620113598396
125	0.913848224802288
125	0.898604338321843
125	0.90561136127468
125	0.898296508686119
125	0.895315406730932
125	0.89564023343632
125	0.904924760601915
125	0.892528831689788
125	0.901491037024627
125	0.900383781077924
125	0.903739728324669
125	0.908831430490262
126	0.906387293004393
126	0.903699861687414
126	0.906276433767552
126	0.89998335829589
126	0.906347016212487
126	0.905036459216551
126	0.895662368112544
126	0.90335994677312
126	0.907273643541072
126	0.904971254649983
126	0.910381251031523
126	0.904892234006158
126	0.903392085134686
126	0.887044877222693
126	0.905663538873995
126	0.908668987236864
126	0.9
126	0.903166359524208
126	0.897584212317115
126	0.903753127606339
126	0.9019046013821
126	0.911273841961853
126	0.908644899340213
126	0.902910987716641
126	0.89902389767755
126	0.903531001858422
126	0.890713101160862
126	0.906949548947544
126	0.911794019933555
126	0.889804845222073
126	0.903470350404313
126	0.916445182724252
126	0.900750625521268
126	0.9099645928174
126	0.898555592878737
126	0.901201602136182
126	0.898831385642738
126	0.91015625
126	0.893402719489676
126	0.903704939919893
126	0.911195577055978
126	0.911219676549865
126	0.897245225621092
126	0.903269988015751
126	0.900202634245187
126	0.896493594066082
126	0.894292468760554
126	0.898652021967049
126	0.896952348880283
126	0.903974615898464
126	0.922251082251082
126	0.902426693629929
126	0.900448728602294
126	0.897873058744092
126	0.902616033755274
126	0.892282157676349
126	0.900401740877134
126	0.908692722371968
126	0.889531043593131
126	0.896910678307589
126	0.912112010796221
126	0.907464212678937
126	0.907650366331573
126	0.896528365791702
126	0.895479265805574
126	0.91263105341987
126	0.907564422277639
126	0.907774263359414
126	0.902976290566672
126	0.900385711889988
126	0.901848739495798
126	0.91027374112876
126	0.891381947985722
126	0.912557193695984
126	0.910555738243999
126	0.895595987077028
126	0.891958967571145
126	0.903711133400201
126	0.903099455040872
126	0.901931649331352
126	0.917128027681661
126	0.906375838926174
126	0.917697594501718
126	0.903588195841717
126	0.899226110363392
126	0.895991882293252
126	0.902389767754965
126	0.890912073490814
126	0.90591577540107
126	0.903616513135449
126	0.89938670644787
126	0.896960587842351
126	0.901172529313233
126	0.905880393136765
126	0.899464703914353
126	0.893306492199295
126	0.895146595991386
126	0.896568871208354
126	0.901076716016151
126	0.902327935222672
127	0.900218011068254
127	0.90329079919409
127	0.891507856904045
127	0.897746671218846
127	0.898154362416107
127	0.904729499829874
127	0.893864013266998
127	0.907394957983193
127	0.903566047212456
127	0.908627717391304
127	0.903942532576011
127	0.911405470497162
127	0.908724155320222
127	0.89891882615411
127	0.884570861584257
127	0.901669145595769
127	0.903511762700307
127	0.900084961767205
127	0.899817850637523
127	0.904248257550614
127	0.896943377317521
127	0.90627095908786
127	0.902815013404826
127	0.90744433366567
127	0.900383781077924
127	0.907606866374958
127	0.89741870600067
127	0.893470212049815
127	0.903839732888147
127	0.907420013614704
127	0.90499411467967
127	0.905808209845001
127	0.912378760480026
127	0.902789518174134
127	0.906327852516193
127	0.892600634708535
127	0.908197267577474
127	0.904258886653253
127	0.902471169686985
127	0.909486364396855
127	0.907848691884686
127	0.904257109204106
127	0.902376033057851
127	0.910579976600368
127	0.910611693139574
127	0.895588964150008
127	0.893916790982927
127	0.903600068247739
127	0.91050518568083
127	0.903871829105474
127	0.899479778486323
127	0.911320120927108
127	0.902558888324013
127	0.895166780122532
127	0.902747710241465
127	0.901809239416828
127	0.901470339699172
127	0.909574468085106
127	0.901280956447481
127	0.896477234961781
127	0.898466155385128
127	0.897721518987342
127	0.90875106202209
127	0.895057549085985
127	0.908229426433915
127	0.898893110854122
127	0.903735144312394
127	0.901048714479026
127	0.900927766732936
127	0.895469798657718
127	0.891635624788351
127	0.89673640167364
127	0.90245985650837
127	0.887072560467056
127	0.908038147138965
127	0.904349275120813
127	0.8975803778588
127	0.909986413043478
127	0.904962862930452
127	0.900269541778976
127	0.914305340889576
127	0.891855807743658
127	0.911133637438757
127	0.897729184188394
127	0.903922214897825
127	0.881364562118126
127	0.906900138696255
127	0.907679465776294
127	0.886436394271272
127	0.900508474576271
127	0.909182813816344
127	0.897096281202241
127	0.901281837855835
127	0.90997277059224
127	0.908086388749372
127	0.896990541702494
127	0.891261498028909
127	0.883784710318821
127	0.900494965011094
127	0.90280629705681
128	0.902426693629929
128	0.899056285810583
128	0.910585472236202
128	0.906266006487963
128	0.902248126561199
128	0.894990847062739
128	0.90249205552768
128	0.898594887421703
128	0.914387031408308
128	0.909182474399866
128	0.894604135148764
128	0.907170187988687
128	0.905805588087669
128	0.899949807595784
128	0.890909090909091
128	0.905389621224762
128	0.89823677581864
128	0.904508401264349
128	0.89550505888207
128	0.904454267256035
128	0.9029401937855
128	0.897811447811448
128	0.889767671774592
128	0.906292517006803
128	0.92135593220339
128	0.902569235902569
128	0.904494382022472
128	0.906408952187182
128	0.916023007395234
128	0.901575470099949
128	0.909512761020882
128	0.891673536685903
128	0.903930870891223
128	0.900151032052358
128	0.905275577279622
128	0.90912078882498
128	0.896967666275758
128	0.904841124604891
128	0.89957805907173
128	0.907240969984738
128	0.909956565319078
128	0.892176529588766
128	0.904721895479751
128	0.899426257171785
128	0.900667779632721
128	0.909319056382801
128	0.899899564780716
128	0.90444481438322
128	0.896580483736447
128	0.903403403403403
128	0.89575224234219
128	0.901735068401735
128	0.89239332096475
128	0.90922793501926
128	0.91686143572621
128	0.891878172588833
128	0.894367374226976
128	0.909562019391508
128	0.906941901115365
128	0.89967910825874
128	0.910538800406642
128	0.907718120805369
128	0.90899881816647
128	0.90262234842158
128	0.914490527393753
128	0.911583845770317
128	0.901732121419997
128	0.909229725144214
128	0.89764174611139
128	0.892467706760611
128	0.915142276422764
128	0.905060161529586
128	0.920103537532356
128	0.897966101694915
128	0.902580755426423
128	0.913436913095441
128	0.908578999668765
128	0.90993840519394
128	0.905628294507737
128	0.906518443658413
128	0.906877262257321
128	0.889649415692821
128	0.903733467269379
128	0.898676938536259
128	0.907087959009394
128	0.90887889388639
128	0.895459000326691
128	0.90559261159569
128	0.907438292194797
128	0.910946196660482
128	0.892372170997485
128	0.89978249958173
128	0.907475083056478
128	0.900565347522448
128	0.907053941908714
128	0.908445945945946
128	0.894127516778524
128	0.911276667795462
128	0.885182049110923
128	0.907848691884686
129	0.896834508774807
129	0.913393756294058
129	0.9099764863957
129	0.903671990778857
129	0.898502495840266
129	0.894780447390224
129	0.909423300648164
129	0.900364721485411
129	0.88917004048583
129	0.899983522820893
129	0.904522613065327
129	0.904406779661017
129	0.894281914893617
129	0.907601351351351
129	0.896984073195527
129	0.90694214876033
129	0.892839258888332
129	0.89476292747398
129	0.902121834360027
129	0.910830201571575
129	0.904100304981362
129	0.910460537579182
129	0.907242480255419
129	0.916079105760963
129	0.906102494942684
129	0.899693460490463
129	0.904077926366188
129	0.904570567553993
129	0.913559881227318
129	0.90776781181249
129	0.907628524046434
129	0.908063175394846
129	0.906057066577674
129	0.904066390041494
129	0.886080105055811
129	0.897474243934862
129	0.889923511805787
129	0.896322183391579
129	0.899932727884292
129	0.905892116182573
129	0.89989888776542
129	0.89623103279491
129	0.909230245231608
129	0.90497586952904
129	0.902048975512244
129	0.899656946826758
129	0.905341446923597
129	0.907445008460237
129	0.901476198374523
129	0.911394557823129
129	0.892013311148087
129	0.910626795066734
129	0.902623612512613
129	0.900937081659973
129	0.905876494023904
129	0.915008431703204
129	0.911903513371788
129	0.899420049710025
129	0.902503293807642
129	0.899751037344398
129	0.901639344262295
129	0.90585844903488
129	0.90383961943595
129	0.891304347826087
129	0.904081975474551
129	0.90781796966161
129	0.911184210526316
129	0.892426273458445
129	0.902
129	0.904504504504504
129	0.91043771043771
129	0.903411009793988
129	0.904770017035775
129	0.90221187427241
129	0.899266177451634
129	0.919528446950282
129	0.901709401709402
129	0.897921243873585
129	0.910795742524075
129	0.896551724137931
129	0.901466075690419
129	0.901532822392536
129	0.895676046671242
129	0.910571864924487
129	0.905195681511471
129	0.903438929357954
129	0.900383141762452
129	0.911349899261249
129	0.915833333333333
129	0.903451725862931
129	0.903071672354949
129	0.898553134874439
129	0.900282532823666
129	0.915237134207871
129	0.900214062242714
129	0.898184286441541
129	0.89569945625309
129	0.90210970464135
129	0.913086913086913
129	0.898981466021039
130	0.903188309531717
130	0.910119840213049
130	0.900633544514838
130	0.902006300779307
130	0.907579787234043
130	0.904769902586496
130	0.913221728732491
130	0.901921132457027
130	0.903819918144611
130	0.910678642714571
130	0.906972817828803
130	0.902334050653865
130	0.902711585866886
130	0.90589417280643
130	0.887834914295224
130	0.903113034792742
130	0.903068925037733
130	0.897019423978567
130	0.906748670212766
130	0.891680532445923
130	0.893331064988091
130	0.902950050284948
130	0.887137346973
130	0.892447741065408
130	0.906684536773329
130	0.888963660834455
130	0.911510425495847
130	0.899133044348116
130	0.902389767754965
130	0.903166666666667
130	0.899385688195252
130	0.905143620574482
130	0.917907977490897
130	0.882751609623856
130	0.893659510733899
130	0.906781086993101
130	0.901606425702811
130	0.903489731173819
130	0.89925187032419
130	0.89802797909995
130	0.892184635894018
130	0.897938662644545
130	0.917004048582996
130	0.896890071511725
130	0.912644459551326
130	0.902935686407602
130	0.899087136929461
130	0.913153456998314
130	0.901410816257978
130	0.898687925593755
130	0.905764411027569
130	0.893652376204719
130	0.920196543544561
130	0.905685179099573
130	0.891937102709936
130	0.896551724137931
130	0.8974181251083
130	0.909915855469394
130	0.905654008438819
130	0.895952782462057
130	0.912167879505839
130	0.909367602299628
130	0.897649363369246
130	0.900419111483655
130	0.911944490335371
130	0.906890756302521
130	0.902784562774792
130	0.913939192556903
130	0.905009214273748
130	0.893706059591563
130	0.90464303544683
130	0.905822200230909
130	0.910080844745092
130	0.901877854846896
130	0.89748322147651
130	0.913894985649164
130	0.905488310396286
130	0.906543596505686
130	0.906914893617021
130	0.909881290754055
130	0.895788247045114
130	0.901790281329923
130	0.91493670886076
130	0.90585844903488
130	0.901255230125523
130	0.920600858369099
130	0.89765638172315
130	0.907928830540681
130	0.895409836065574
130	0.90818228019651
130	0.915636842972483
130	0.8956507359021
130	0.904777759280839
130	0.891824109680655
130	0.903772644174838
130	0.89608659450458
130	0.903414797455641
130	0.899141630901288
130	0.895688225538972
130	0.90768714333669
131	0.903950172102934
131	0.903998678122935
131	0.904650775129188
131	0.894257818964091
131	0.908450704225352
131	0.905685396983259
131	0.907329401853412
131	0.911328388401888
131	0.900065638332786
131	0.9
131	0.91430011762729
131	0.897150343924009
131	0.900564409030544
131	0.910265125764786
131	0.915419539263494
131	0.8992133726647
131	0.896101723272545
131	0.913628620102215
131	0.89430758988016
131	0.913895993179881
131	0.903285593934288
131	0.903958576916653
131	0.892963823431796
131	0.909030434059538
131	0.910028750211399
131	0.896101723272545
131	0.909381304640215
131	0.912119666836648
131	0.910699098486137
131	0.9004329004329
131	0.906697383577423
131	0.902627511591963
131	0.903023294234264
131	0.910997357992074
131	0.916893732970027
131	0.904186662253847
131	0.899453370879576
131	0.902752293577982
131	0.902422381439782
131	0.905207819944143
131	0.901807928346326
131	0.915807269653424
131	0.902297872340426
131	0.905995681780435
131	0.90394539703679
131	0.90520850778764
131	0.910829075325532
131	0.907575757575758
131	0.904079568442347
131	0.912217490992466
131	0.897538256819694
131	0.906735751295337
131	0.904087013843111
131	0.900625316883556
131	0.915640599001664
131	0.907112970711297
131	0.896523450311578
131	0.903600269179004
131	0.897486772486772
131	0.900335570469799
131	0.891394461946609
131	0.904666998837402
131	0.902168515146499
131	0.906417112299465
131	0.897536108751062
131	0.9036063363667
131	0.905593818242903
131	0.905501404262349
131	0.907308970099668
131	0.889291598023064
131	0.905619476404869
131	0.894269436997319
131	0.910747427028851
131	0.912751677852349
131	0.908220534829977
131	0.904714309511911
131	0.910179640718563
131	0.899772209567198
131	0.899533488837054
131	0.900631439016285
131	0.90676028739386
131	0.906513668579143
131	0.906585245089949
131	0.903529411764706
131	0.907580125487536
131	0.905123019885406
131	0.910335615294707
131	0.902568351284176
131	0.909532585022617
131	0.895462855243477
131	0.896853441023052
131	0.915315315315315
131	0.90546183397361
131	0.903476206547418
131	0.895524871069706
131	0.908426775399252
131	0.916876574307305
131	0.902258117685841
131	0.907201064360552
131	0.90735830294995
132	0.90082784254097
132	0.900680950008304
132	0.897772606382979
132	0.909627381554544
132	0.908045977011494
132	0.89675613370657
132	0.911798968214345
132	0.897113125209802
132	0.904519309778143
132	0.89909971122813
132	0.905603735823883
132	0.906208277703605
132	0.911950732356858
132	0.909655751469354
132	0.898293963254593
132	0.902206619859579
132	0.91156914893617
132	0.90674007340674
132	0.896896896896897
132	0.907034758024281
132	0.904395788066187
132	0.892944435391885
132	0.914071805342862
132	0.899782135076253
132	0.902812447994675
132	0.898399215942502
132	0.913391185979241
132	0.898231564898232
132	0.903107250250585
132	0.899831365935919
132	0.899622145556103
132	0.910960039794396
132	0.899667774086379
132	0.89131169709263
132	0.909270867700429
132	0.900674536256324
132	0.899787129523498
132	0.884845378438408
132	0.887697889182058
132	0.914
132	0.90497586952904
132	0.906782492482459
132	0.90790559498267
132	0.9061612957088
132	0.904586541680616
132	0.908403361344538
132	0.913448735019973
132	0.902013422818792
132	0.90222367560497
132	0.917373600271463
132	0.902673974422853
132	0.899051047120419
132	0.899949723479135
132	0.913622902270484
132	0.91010487764275
132	0.894421315570358
132	0.901536428217413
132	0.905522514868309
132	0.907643840159178
132	0.897542344735968
132	0.908116133289343
132	0.903262273901809
132	0.903543307086614
132	0.896523041091333
132	0.905486784877886
132	0.906969044860123
132	0.903596403596404
132	0.914438502673797
132	0.916010947656517
132	0.902976290566672
132	0.894710157174244
132	0.905215646940822
132	0.910836533645016
132	0.90530870361125
132	0.897863818424566
132	0.896076177967493
132	0.893964654884962
132	0.894763009612198
132	0.91100623630541
132	0.903268188536706
132	0.911129707112971
132	0.900388316731386
132	0.90736984448952
132	0.89925681255161
132	0.910747116831021
132	0.901531023368251
132	0.90768714333669
132	0.90272952853598
132	0.908562894125456
132	0.907596847224551
132	0.892340217921613
132	0.899013542885805
132	0.909121451369058
132	0.902234167646565
132	0.912468619246862
132	0.905447407165058
132	0.911141258266915
132	0.90757550750949
132	0.908713002993016
132	0.911489645958584
133	0.906793842034806
133	0.907437745740498
133	0.89415692821369
133	0.902700032927231
133	0.910594919786096
133	0.914228723404255
133	0.906980600232134
133	0.904651547756994
133	0.895871636302858
133	0.895770895770896
133	0.907747866053841
133	0.900148294611962
133	0.897414372061786
133	0.902382142262202
133	0.908104553674174
133	0.898710865561694
133	0.892272429600524
133	0.905439330543933
133	0.90103127079175
133	0.907775159878829
133	0.904793944491169
133	0.907580989968755
133	0.902132583898165
133	0.906518443658413
133	0.911814488828707
133	0.902977584476414
133	0.917803660565724
133	0.902496626180837
133	0.904863621426224
133	0.908290413689982
133	0.912693082605776
133	0.900313583099521
133	0.915598468453471
133	0.911447084233261
133	0.908653047666501
133	0.908684863523573
133	0.889980026631158
133	0.907931776784236
133	0.903533746441132
133	0.908687797667926
133	0.913747080413747
133	0.911671924290221
133	0.889879478289582
133	0.906181940023455
133	0.901455579722269
133	0.902798726328138
133	0.897833333333333
133	0.908166612003936
133	0.900199933355548
133	0.884165961049958
133	0.90023240371846
133	0.905635432159974
133	0.906014407773496
133	0.893936863203608
133	0.911671924290221
133	0.897256938808635
133	0.90930117297208
133	0.905014065861327
133	0.903448275862069
133	0.900713929935248
133	0.908011869436202
133	0.908347245409015
133	0.91099564197117
133	0.913232104121475
133	0.89388580090955
133	0.902073150176976
133	0.896896896896897
133	0.910848191968005
133	0.909496284062758
133	0.912735849056604
133	0.914165968147527
133	0.902873000326477
133	0.904769902586496
133	0.897414786761074
133	0.895901639344262
133	0.90224032586558
133	0.907464628394861
133	0.906886681259471
133	0.90514950166113
133	0.912001340931948
133	0.914348710990502
133	0.913050734312417
133	0.903650608434739
133	0.905593818242903
133	0.90386521308226
133	0.91592039800995
133	0.910606060606061
133	0.896988645713345
133	0.905350491026075
133	0.894069192751236
133	0.909305860496538
133	0.894763009612198
133	0.906321277289019
133	0.904052243804421
133	0.902273104363697
133	0.896961690885073
133	0.90300344657804
133	0.905584437363743
133	0.901520158625248
133	0.905623471882641
134	0.907258725217106
134	0.913291883717022
134	0.908849410592728
134	0.903648898604338
134	0.902499177902006
134	0.899456073842097
134	0.897918731417245
134	0.902731512325117
134	0.907269415466137
134	0.901733158927404
134	0.911710504272072
134	0.907065037966326
134	0.909031306343222
134	0.90210970464135
134	0.903897849462366
134	0.89853626081171
134	0.90752688172043
134	0.902561526870919
134	0.90163107449134
134	0.908906540476593
134	0.899291247733641
134	0.899325546964961
134	0.91217001494272
134	0.895954719493924
134	0.909953395472703
134	0.911902373788031
134	0.900869274490137
134	0.897700766411196
134	0.897177752104308
134	0.911392405063291
134	0.90625
134	0.911436657233228
134	0.912039312039312
134	0.89826511706249
134	0.907054496823805
134	0.90442035029191
134	0.898231564898232
134	0.909792967466316
134	0.90147206423553
134	0.907154742096506
134	0.906918865107018
134	0.899049491969846
134	0.899736147757256
134	0.893723015609432
134	0.90749707797629
134	0.89956839309429
134	0.908954477238619
134	0.906407245890641
134	0.902350813743219
134	0.903722084367246
134	0.906380143261702
134	0.890782723812676
134	0.905284147557328
134	0.909181141439206
134	0.914812354699435
134	0.898746701846966
134	0.905940594059406
134	0.907710087502064
134	0.904455445544554
134	0.902307314678449
134	0.90269117164424
134	0.905136356031454
134	0.909269249632173
134	0.903103334433807
134	0.899202922617071
134	0.903899494207864
134	0.902599539322145
134	0.897925853339866
134	0.909460834181078
134	0.90854156459252
134	0.908322281167109
134	0.916468993561505
134	0.903954802259887
134	0.912589152429922
134	0.904471209371391
134	0.896700381362958
134	0.89563066776587
134	0.898401065956029
134	0.90297520661157
134	0.905263157894737
134	0.908284023668639
134	0.908747122657021
134	0.904208754208754
134	0.908741434063179
134	0.90003310162198
134	0.90814332247557
134	0.899550224887556
134	0.912443172251221
134	0.899288903588556
134	0.896996408749592
134	0.913101381721325
134	0.904486967997361
134	0.906177733729765
134	0.905202312138728
134	0.89923128342246
134	0.905615292712067
134	0.906025705224503
134	0.902621101526211
134	0.903326233000164
134	0.907816622691293
135	0.909305860496538
135	0.909719934102142
135	0.91162247790562
135	0.91331530922609
135	0.899062962354102
135	0.902182969505082
135	0.901747444774151
135	0.90796141899624
135	0.909957279000986
135	0.908490254377271
135	0.892521050024765
135	0.902577837294945
135	0.896364533640401
135	0.908715747771542
135	0.906336990338955
135	0.919016393442623
135	0.902708952758507
135	0.903204708960105
135	0.904169468728985
135	0.910295103957076
135	0.913675070963433
135	0.912040849942349
135	0.908400726192441
135	0.902702702702703
135	0.898050974512744
135	0.900179709197844
135	0.901896125309151
135	0.909045226130653
135	0.900633544514838
135	0.904489795918367
135	0.899285358151903
135	0.906307512129831
135	0.912098605254622
135	0.910031714238024
135	0.896891958559447
135	0.91116248348745
135	0.90224570673712
135	0.902950819672131
135	0.908385605810499
135	0.888122227698374
135	0.916131214068312
135	0.896175779939618
135	0.905703923508078
135	0.896870794078062
135	0.905731032237056
135	0.904769818846601
135	0.907290421717603
135	0.908352668213457
135	0.897633913900756
135	0.90723531364089
135	0.895428096425603
135	0.904359356870545
135	0.90339123242349
135	0.906358957330234
135	0.906677658697444
135	0.900658978583196
135	0.905752138185477
135	0.90229596111949
135	0.905907733156323
135	0.906595303867403
135	0.90566976127321
135	0.917214634968808
135	0.891792908273681
135	0.907830342577488
135	0.901246882793017
135	0.914854156128815
135	0.907692307692308
135	0.905203844879019
135	0.896987851555999
135	0.91044776119403
135	0.901108126259234
135	0.890586086667774
135	0.890316205533597
135	0.902750165672631
135	0.900734067400734
135	0.905013192612137
135	0.914160927263565
135	0.897908366533865
135	0.909151636606546
135	0.914489311163896
135	0.905138339920949
135	0.906540504648074
135	0.903322758390382
135	0.898395721925134
135	0.921192935688104
135	0.90266071723682
135	0.904715127701375
135	0.915530876661619
135	0.907623909105878
135	0.897844112769486
135	0.897834352785584
135	0.910247933884297
135	0.920374707259953
135	0.902036048064085
135	0.908699254349627
135	0.922586206896552
135	0.905890095426127
135	0.89514276337381
135	0.913675213675214
135	0.905496308449549
136	0.907509616992808
136	0.909582558729086
136	0.90235198702352
136	0.91204240516813
136	0.905011464133639
136	0.912658650634602
136	0.902414819715514
136	0.916624811652436
136	0.905795918367347
136	0.906558704453441
136	0.896227969033108
136	0.899983330555092
136	0.901898202586931
136	0.907631186889588
136	0.910462287104623
136	0.892176199868508
136	0.91959549071618
136	0.904210182767624
136	0.905445544554455
136	0.899133044348116
136	0.911593962514513
136	0.904310907903331
136	0.905248807089298
136	0.90374772989929
136	0.902060170045782
136	0.904912047792897
136	0.902618657937807
136	0.918157273034087
136	0.90540989047461
136	0.904431216931217
136	0.900362916529198
136	0.903427818061964
136	0.907068709836876
136	0.90629697678303
136	0.89864417989418
136	0.905734357131188
136	0.898393969190429
136	0.906988188976378
136	0.909671084928817
136	0.91541476159373
136	0.904295280091458
136	0.900954261270155
136	0.91313664084391
136	0.893648208469055
136	0.906036920006652
136	0.903697478991597
136	0.90753255315642
136	0.906560636182903
136	0.893517017828201
136	0.90519076469625
136	0.912343470483005
136	0.905946302091912
136	0.920890809373442
136	0.90192529208491
136	0.90625
136	0.901177250870502
136	0.920552964690207
136	0.899044795783926
136	0.899619646105507
136	0.914077990746861
136	0.906136588584626
136	0.900841151730831
136	0.902941176470588
136	0.903657297663393
136	0.905835543766578
136	0.9004095004095
136	0.908396946564885
136	0.907694848084544
136	0.900230870712401
136	0.900740740740741
136	0.909373975745657
136	0.904042063752875
136	0.901453148488392
136	0.906922043010753
136	0.900436534586971
136	0.902451061029775
136	0.903916973552059
136	0.911005099522948
136	0.898846787479407
136	0.914092185693045
136	0.908034691539846
136	0.902734566890454
136	0.896902065289807
136	0.898905765147803
136	0.914835164835165
136	0.90607553366174
136	0.902993811674193
136	0.902812447994675
136	0.902357465306805
136	0.902879453391898
136	0.902370296701475
136	0.90034935950757
136	0.902315720808871
136	0.911140805077668
136	0.919022281343532
136	0.900347624565469
136	0.914664457332229
136	0.897942250248921
136	0.912242866622429
136	0.912783949593766
137	0.900637797918765
137	0.908655434423522
137	0.906848425835768
137	0.898488120950324
137	0.908264462809917
137	0.906145063801209
137	0.918159408381265
137	0.915150512735693
137	0.914408460013219
137	0.912888022103039
137	0.906120417979765
137	0.912348586810229
137	0.905152609123728
137	0.893423661599471
137	0.898410617728986
137	0.893092105263158
137	0.907343518974864
137	0.909299655568312
137	0.907404312217951
137	0.903720626631854
137	0.90514950166113
137	0.906332891246684
137	0.903103957956972
137	0.906802267422474
137	0.904911008569545
137	0.904317958783121
137	0.911692958204586
137	0.906385101429997
137	0.907376778035065
137	0.897747528763572
137	0.903757415952538
137	0.905586409670042
137	0.915331421824928
137	0.903525954946131
137	0.913739073066139
137	0.912817176317502
137	0.906411323896753
137	0.903466578205341
137	0.910450240903805
137	0.91015111695138
137	0.891364449503984
137	0.905214059636848
137	0.90497810929139
137	0.912344656172328
137	0.917336010709505
137	0.895318595578674
137	0.902844784561637
137	0.909944023707606
137	0.893652102225886
137	0.907761342861891
137	0.900750625521268
137	0.905610121524888
137	0.898384141262702
137	0.903982812758222
137	0.909442204301075
137	0.896251233146991
137	0.884590270976167
137	0.901347529529197
137	0.900816993464052
137	0.910586671098554
137	0.912123677786819
137	0.890995260663507
137	0.917362270450751
137	0.907343518974864
137	0.898424680013128
137	0.894094358297592
137	0.907623169107856
137	0.897053900234349
137	0.91101131071191
137	0.910670781224622
137	0.911063968668407
137	0.906426906426906
137	0.906384386371154
137	0.906965256051375
137	0.906155904984945
137	0.902063599458728
137	0.905403158769742
137	0.898969757394483
137	0.923525491502832
137	0.889346286843405
137	0.895008319467554
137	0.908410904255319
137	0.909179528838343
137	0.895754171485214
137	0.912523492226209
137	0.908109930871691
137	0.90365774003919
137	0.901315789473684
137	0.921200750469043
137	0.901724698991214
137	0.90089641434263
137	0.906011291929592
137	0.906976744186046
137	0.903833551769332
137	0.90126499096435
137	0.904239401496259
137	0.906425041186161
137	0.90515396015149
137	0.905632653061225
137	0.902266754270696
138	0.903846153846154
138	0.906219472484533
138	0.910390236068733
138	0.903880500081182
138	0.90158201498751
138	0.924226804123711
138	0.903487026937696
138	0.907270638437551
138	0.901531368351721
138	0.910130718954248
138	0.89957264957265
138	0.903167569341868
138	0.910920006490346
138	0.89801238188335
138	0.906588003933137
138	0.901739850869925
138	0.902140173174318
138	0.908009909165979
138	0.898750821827745
138	0.900065530799476
138	0.909716532852695
138	0.910154346060114
138	0.895547094851846
138	0.898346701587821
138	0.909556878306878
138	0.901852453688658
138	0.910534149164875
138	0.904056035184884
138	0.89357887874837
138	0.906291390728477
138	0.911458333333333
138	0.8908876933423
138	0.910121590535656
138	0.912080647826806
138	0.908757908757909
138	0.907184145334434
138	0.921466845277964
138	0.901162790697674
138	0.894281045751634
138	0.903114754098361
138	0.905442729488221
138	0.90545515394913
138	0.895159967186218
138	0.911970656885629
138	0.905838347698813
138	0.895989566351484
138	0.904944871366522
138	0.90873340979846
138	0.901558654634947
138	0.89891395154553
138	0.902267906673193
138	0.899886418951809
138	0.905753968253968
138	0.907982441879369
138	0.907571288102262
138	0.904808317089019
138	0.909240111603479
138	0.912704985920159
138	0.913384512683578
138	0.9065
138	0.909179370742783
138	0.908896913985555
138	0.909196740395809
138	0.903722084367246
138	0.906934001670844
138	0.900577081615829
138	0.902663762774334
138	0.906664399863992
138	0.905913978494624
138	0.903579016179114
138	0.902214930270714
138	0.898305084745763
138	0.906651488046837
138	0.914435867958614
138	0.919800332778702
138	0.901212611156023
138	0.91801921165949
138	0.911647915287889
138	0.906429863509291
138	0.908709515019299
138	0.903957608875642
138	0.907591836734694
138	0.907395179927369
138	0.902426944031699
138	0.911206469714474
138	0.904660321627831
138	0.907796722396954
138	0.910537424906641
138	0.90402728158493
138	0.905405405405405
138	0.914642153644123
138	0.908049738219895
138	0.900947315938175
138	0.906837464648145
138	0.907052855506464
138	0.906244823587875
138	0.900258648561267
138	0.901387263914424
138	0.906424123238282
138	0.907815631262525
139	0.9004329004329
139	0.891365829312926
139	0.904226769540423
139	0.904220243982855
139	0.906141939733246
139	0.905068515766881
139	0.912403878301571
139	0.910138633706364
139	0.903109063990788
139	0.907349811753151
139	0.899378272251309
139	0.901556925072981
139	0.90714167903678
139	0.905259719046063
139	0.916735366859027
139	0.904465892360543
139	0.904966177198482
139	0.899608227228208
139	0.914111440817672
139	0.904535778614704
139	0.898609975470155
139	0.90664036817883
139	0.904186662253847
139	0.908096637283709
139	0.909779387553507
139	0.905954552993863
139	0.909224971325578
139	0.900410172272354
139	0.906540531724025
139	0.900691699604743
139	0.899011532125206
139	0.904926676552974
139	0.901989562948467
139	0.90208507089241
139	0.899983684124653
139	0.906115702479339
139	0.901493021746186
139	0.898266274124959
139	0.907048673286668
139	0.912231865072867
139	0.913582286847323
139	0.903002309468822
139	0.910380507343124
139	0.911827956989247
139	0.917992455305888
139	0.904511894995898
139	0.90224570673712
139	0.908170043175025
139	0.909433962264151
139	0.895693466513837
139	0.90973597359736
139	0.906957390146471
139	0.90076835049861
139	0.900473160385055
139	0.919540229885057
139	0.895308641975309
139	0.913123844731978
139	0.896993592902908
139	0.902591013447032
139	0.906965336821452
139	0.909030323225592
139	0.908421228863218
139	0.901168614357262
139	0.906166219839142
139	0.903162055335968
139	0.898336106489185
139	0.907033939990162
139	0.899801587301587
139	0.896299983407997
139	0.906260518343992
139	0.908235682455851
139	0.9040329218107
139	0.903975134958286
139	0.904699093157461
139	0.914290369887567
139	0.9053876478318
139	0.904903417533432
139	0.904622395833333
139	0.9110600590745
139	0.895755407383314
139	0.906193527189092
139	0.910678971654581
139	0.906270627062706
139	0.899617749709157
139	0.895840157222404
139	0.898235197097147
139	0.912758446797781
139	0.904659616655651
139	0.897410685021304
139	0.910973776515784
139	0.910217755443886
139	0.90814472162564
139	0.906424123238282
139	0.888185302449592
139	0.903004572175049
139	0.910462287104623
139	0.91135277640468
139	0.901655466316997
139	0.902479338842975
139	0.90900016636167
140	0.909515859766277
140	0.900248962655602
140	0.904220243982855
140	0.90898560317723
140	0.914907761342862
140	0.905492330529441
140	0.904089341435375
140	0.899180327868852
140	0.910142054839775
140	0.908710917906705
140	0.900778210116732
140	0.90775334766077
140	0.902586771447282
140	0.91699604743083
140	0.920066889632107
140	0.909495548961424
140	0.900355871886121
140	0.913301466952365
140	0.908305647840532
140	0.90115403913698
140	0.913594470046083
140	0.90753255315642
140	0.90549128238553
140	0.910189418680601
140	0.906350741457124
140	0.90058091286307
140	0.904981094854513
140	0.908970320013265
140	0.902510596674275
140	0.906873977086743
140	0.910637594978527
140	0.904456503864496
140	0.899419087136929
140	0.911430481283422
140	0.902334050653865
140	0.908178377488893
140	0.90794701986755
140	0.909210960713107
140	0.901812191103789
140	0.907105606258149
140	0.90228013029316
140	0.913342053629823
140	0.897608125819135
140	0.893255620316403
140	0.899554675903018
140	0.896851426697278
140	0.909212955193825
140	0.899304405432262
140	0.920674268715915
140	0.906183716756404
140	0.89983606557377
140	0.897168405365127
140	0.902809170164676
140	0.90224570673712
140	0.912610258085593
140	0.907185628742515
140	0.904754178159987
140	0.905271966527197
140	0.907722513089005
140	0.915265523555852
140	0.897461097461097
140	0.912843282354876
140	0.902494700798956
140	0.902848674460728
140	0.900508947627647
140	0.896529034380655
140	0.90736984448952
140	0.903911702645674
140	0.907071034706455
140	0.909224250325945
140	0.906828229900115
140	0.914593698175788
140	0.907582545213207
140	0.904234204432683
140	0.909706173654672
140	0.916666666666667
140	0.907955292570677
140	0.913222460069159
140	0.891520993301748
140	0.906234658811978
140	0.905517013544764
140	0.908565769929031
140	0.903482587064677
140	0.896910622831654
140	0.903037193438363
140	0.904998344918901
140	0.898409015578389
140	0.906973007712082
140	0.908972267536705
140	0.910534149164875
140	0.901001477589887
140	0.912409954158481
140	0.904005188908708
140	0.907883953450254
140	0.900831838199315
140	0.902100161550889
140	0.906568144499179
140	0.901077050538525
140	0.912023460410557
140	0.898784094643444
141	0.901837444131766
141	0.903652288877871
141	0.907652145537608
141	0.89593657086224
141	0.899571945999341
141	0.907260029235017
141	0.91064323607427
141	0.90124876766349
141	0.909405940594059
141	0.894165981922761
141	0.906038047973532
141	0.912108072048032
141	0.908334719680586
141	0.918121911037891
141	0.902773192472763
141	0.912965087690543
141	0.899934275386132
141	0.906179230022646
141	0.90156378600823
141	0.908884196849115
141	0.907243526712553
141	0.913210061635849
141	0.903805668016194
141	0.909689093600921
141	0.911223326274638
141	0.903461725987323
141	0.910427807486631
141	0.907993474714519
141	0.905061197485941
141	0.917428144210002
141	0.915706289101087
141	0.910269192422732
141	0.907358738501971
141	0.911640039126182
141	0.89745264532985
141	0.887957943157549
141	0.902399481193256
141	0.899708832093174
141	0.91814772541986
141	0.905513091559603
141	0.898837780324112
141	0.914474772539289
141	0.907553366174056
141	0.897402597402597
141	0.91423417513939
141	0.896778435239974
141	0.902941176470588
141	0.905770163245515
141	0.901868399675061
141	0.908027031481787
141	0.912168792934249
141	0.900607852801051
141	0.893055102706228
141	0.908139142181695
141	0.910846953937593
141	0.904107347406316
141	0.903616402970617
141	0.904175677923806
141	0.895478852698104
141	0.907192184605019
141	0.89930047177485
141	0.904941717287802
141	0.908699966920278
141	0.91427163737888
141	0.917367639782286
141	0.914412928759894
141	0.9195
141	0.907991501879392
141	0.900822368421053
141	0.906571523398606
141	0.912971814735454
141	0.910514172709295
141	0.914688796680498
141	0.906619194044344
141	0.909983361064892
141	0.910210111621799
141	0.919572834974136
141	0.907749675745785
141	0.898896462187601
141	0.908114361262601
141	0.911078479360418
141	0.901685393258427
141	0.908286930887651
141	0.900327332242226
141	0.907285854939285
141	0.908911217262395
141	0.909816050789517
141	0.909974093264249
141	0.903789611238157
141	0.90948275862069
141	0.912814607665735
141	0.902970616725864
141	0.924628099173554
141	0.904700162074554
141	0.896279222917353
141	0.900278369084657
141	0.905663511044677
141	0.905455722842804
141	0.910029498525074
141	0.901815844448015
142	0.912510220768602
142	0.893946731234867
142	0.910770245752928
142	0.90363196125908
142	0.903688194556289
142	0.897511945954853
142	0.900767096458299
142	0.901383526383526
142	0.90866548329837
142	0.902588996763754
142	0.902825412379552
142	0.896574332076709
142	0.904125412541254
142	0.908353609083536
142	0.900524418223533
142	0.903136229990199
142	0.912107770658781
142	0.911250412405147
142	0.9032414910859
142	0.90324157028832
142	0.900517442830913
142	0.902152317880795
142	0.916734961481724
142	0.915100560501154
142	0.906095551894563
142	0.91079112876531
142	0.903145282076885
142	0.896956665564009
142	0.908692120227457
142	0.908508541392904
142	0.906371911573472
142	0.91163255117324
142	0.907475588282376
142	0.906614147382242
142	0.910364145658263
142	0.900994943728592
142	0.900114062245397
142	0.903299950747004
142	0.91025641025641
142	0.909105744125326
142	0.909881812212738
142	0.914650098103336
142	0.908424311552876
142	0.91357421875
142	0.899426699426699
142	0.902418956722067
142	0.898998060762767
142	0.913256155225827
142	0.926588628762542
142	0.909254121103313
142	0.910752866877181
142	0.901115119711381
142	0.898834574295889
142	0.906532828698371
142	0.912045270816492
142	0.901001291989664
142	0.907383208101928
142	0.907180675049636
142	0.908469489829943
142	0.907037643207856
142	0.912428919577579
142	0.90826894624363
142	0.908350968582126
142	0.90032414910859
142	0.913281379539048
142	0.90775269872424
142	0.904047734236413
142	0.899094437257439
142	0.906747660482679
142	0.908803986710963
142	0.90694626474443
142	0.914703493095045
142	0.911071077628562
142	0.908241848271342
142	0.906995750245178
142	0.910778836674335
142	0.905001623903865
142	0.925338232837815
142	0.907600596125186
142	0.915180803199467
142	0.907744874715262
142	0.904218362282878
142	0.913185378590078
142	0.903745072273325
142	0.910789730256744
142	0.901264591439689
142	0.909331131296449
142	0.913259394140043
142	0.908823047962023
142	0.903278156442713
142	0.902311096541551
142	0.90158627387504
142	0.911900826446281
142	0.912605319676194
142	0.906178861788618
142	0.902248289345064
142	0.899148657498363
142	0.912431207510521
142	0.899181248996629
142	0.911644618650988
143	0.912512218963832
143	0.913272010512484
143	0.898252490609179
143	0.9035359296073
143	0.903718797758533
143	0.91663915483658
143	0.905685179099573
143	0.913257762444554
143	0.907834101382488
143	0.920611439842209
143	0.90561686707297
143	0.906731549067315
143	0.896523315208436
143	0.904272667971298
143	0.903579016179114
143	0.918848167539267
143	0.897675180091683
143	0.909286186384666
143	0.906160819204297
143	0.895684620376379
143	0.909392631928311
143	0.901545036160421
143	0.895104895104895
143	0.911906290115533
143	0.901468189233279
143	0.900964209838209
143	0.908740359897172
143	0.903665261109309
143	0.897605952766095
143	0.906732348111658
143	0.919132149901381
143	0.8965746591287
143	0.913962635201573
143	0.908866589899655
143	0.900096836668819
143	0.901353334420349
143	0.917675941080196
143	0.910341479203755
143	0.914943295530354
143	0.893532338308458
143	0.902711585866886
143	0.900909681611436
143	0.91263105341987
143	0.905951029674072
143	0.903767737726309
143	0.901763639360475
143	0.90625513052044
143	0.902357465306805
143	0.911081619110816
143	0.911966090642321
143	0.900129282482224
143	0.913793103448276
143	0.906426155580609
143	0.908346972176759
143	0.900469331607056
143	0.901131333005411
143	0.905363293422995
143	0.903971845148316
143	0.907605070046698
143	0.913310127631361
143	0.909534656687276
143	0.904997525977239
143	0.907449577098243
143	0.898108901206391
143	0.905110677083333
143	0.907538183609788
143	0.902547247329499
143	0.897654584221748
143	0.891620834681333
143	0.909676354029062
143	0.894244958189867
143	0.893465674110835
143	0.908618730725532
143	0.911144081767227
143	0.910596558932304
143	0.905789990186457
143	0.915529991783073
143	0.916914928831513
143	0.90192846546893
143	0.916203854949363
143	0.901838476690742
143	0.89949338127145
143	0.908667443021128
143	0.908259823576584
143	0.90317895756011
143	0.908480681074001
143	0.915262475696695
143	0.904195466966726
143	0.899337748344371
143	0.902182832758904
143	0.909150974562273
143	0.905197777051324
143	0.912174340488284
143	0.905865197666883
143	0.905816259087905
143	0.917673962757269
143	0.904469904792642
143	0.906558998022413
143	0.904011694006821
143	0.903889424622308
144	0.898911100276288
144	0.898938775510204
144	0.912685337726524
144	0.91321370309951
144	0.91136
144	0.905823031880286
144	0.901796012522656
144	0.907131280388979
144	0.903414634146341
144	0.912502021672327
144	0.900422352176738
144	0.904046997389034
144	0.909002433090024
144	0.908822564775336
144	0.911489919685297
144	0.904343582235237
144	0.903730249226258
144	0.910667963683528
144	0.908321120338707
144	0.900240192153723
144	0.905166775670373
144	0.897507379468678
144	0.901382943694435
144	0.90775334766077
144	0.906596995427825
144	0.913922399739159
144	0.900129912309191
144	0.905288852725793
144	0.902895250487964
144	0.909533073929961
144	0.897955872809864
144	0.911697990926766
144	0.905189295039164
144	0.915629095674967
144	0.909046214355949
144	0.900112594498955
144	0.905103538235774
144	0.91748046875
144	0.909448818897638
144	0.9080923921822
144	0.905418559377028
144	0.907588031079517
144	0.909625755842458
144	0.911638641608968
144	0.90534647068325
144	0.902198512770773
144	0.901602201003399
144	0.900130548302872
144	0.903912260599116
144	0.90487012987013
144	0.908631921824104
144	0.899627047186639
144	0.907081787385062
144	0.906713310011661
144	0.903330625507717
144	0.91429962668398
144	0.91688654353562
144	0.899704530531845
144	0.909509707140507
144	0.90304396843292
144	0.903886810863555
144	0.913192182410423
144	0.909267660401815
144	0.895901639344262
144	0.910108659861706
144	0.908631921824104
144	0.913412841039046
144	0.910738031914894
144	0.906557112937007
144	0.90591353321186
144	0.913670229996761
144	0.902348178137652
144	0.901399284087211
144	0.903858839050132
144	0.907462195923734
144	0.914820285573609
144	0.901504124211548
144	0.908462033462033
144	0.900994943728592
144	0.907319469461274
144	0.90533901080904
144	0.907664941785252
144	0.900016663889352
144	0.912007939133311
144	0.91650390625
144	0.900228608752449
144	0.90326776133962
144	0.906793567443387
144	0.913455258001306
144	0.902716772409305
144	0.911169170476813
144	0.914628139878509
144	0.902154250945568
144	0.915066225165563
144	0.90517523747134
144	0.903876962512015
144	0.902816213576428
144	0.905064321771698
144	0.9043250327654
144	0.910030689710871
145	0.907725321888412
145	0.913677313677314
145	0.906332453825857
145	0.902866502866503
145	0.918834887907053
145	0.916127989657401
145	0.913348563968668
145	0.907926730426325
145	0.896217264791465
145	0.905874716001298
145	0.906087239583333
145	0.89853882777869
145	0.908897263640832
145	0.910965630114566
145	0.904250200481155
145	0.902625999021367
145	0.90556547136135
145	0.903288201160542
145	0.900310508252983
145	0.90151391828097
145	0.907792207792208
145	0.901216778738393
145	0.905604719764012
145	0.898648648648649
145	0.904840032813782
145	0.914733747141457
145	0.905632653061225
145	0.903389552971999
145	0.907251537714471
145	0.89847551086604
145	0.912179908076165
145	0.903246544519447
145	0.909669003750204
145	0.904006541291905
145	0.905840478886912
145	0.91075251111477
145	0.913904007916873
145	0.905407586763519
145	0.901130856219709
145	0.912465101001807
145	0.896278317152104
145	0.908258381030253
145	0.903072120913422
145	0.905361229159856
145	0.903378488656765
145	0.907386083237375
145	0.90034590676989
145	0.916747809152872
145	0.897708938367215
145	0.907511661573106
145	0.90141532454856
145	0.904877260981912
145	0.902588996763754
145	0.90689821514713
145	0.898865318204243
145	0.900147082856676
145	0.908866995073892
145	0.910725964682799
145	0.906173643915947
145	0.901082677165354
145	0.910472414932276
145	0.904461687681862
145	0.904965471884249
145	0.913640824337586
145	0.910824910335833
145	0.902188112344873
145	0.907626561472715
145	0.907380134184258
145	0.914146341463415
145	0.901260848206976
145	0.898912867110174
145	0.908015768725361
145	0.900404203718674
145	0.896926161042432
145	0.90455566249599
145	0.908925619834711
145	0.902054231717338
145	0.906504741307603
145	0.903678047171367
145	0.904093948784864
145	0.911241638113885
145	0.899391747493013
145	0.908803986710963
145	0.903295247557543
145	0.899838969404187
145	0.909001314060447
145	0.907929226736566
145	0.90907606921319
145	0.913519699198954
145	0.906438467807661
145	0.900430748840292
145	0.908479580121371
145	0.893613581244947
145	0.911769467378987
145	0.903460543337646
145	0.90698810881251
145	0.905700325732899
145	0.917209147053914
145	0.908848080133556
145	0.909770768980654
146	0.915392287234043
146	0.907717842323651
146	0.905318808074335
146	0.911492734478203
146	0.907236522583779
146	0.910351499516285
146	0.90655418559377
146	0.903737259343148
146	0.905897729129227
146	0.905062267507682
146	0.903105186148594
146	0.904533077046292
146	0.900521852576647
146	0.907302000325256
146	0.905703175631886
146	0.901935274028297
146	0.910450186900699
146	0.913751017087063
146	0.902097902097902
146	0.900658978583196
146	0.904815955894276
146	0.904824417459796
146	0.914271390374332
146	0.902411208862822
146	0.89840605377556
146	0.911706998037933
146	0.90228013029316
146	0.907364975450082
146	0.911262798634812
146	0.907045980813761
146	0.911989372301561
146	0.904730938058852
146	0.907184655396619
146	0.900925775540036
146	0.913260219341974
146	0.90048309178744
146	0.895614177051303
146	0.905913100294022
146	0.911396574440053
146	0.914106482226154
146	0.913235294117647
146	0.904808317089019
146	0.903194103194103
146	0.902755267423015
146	0.920785597381342
146	0.905431937172775
146	0.90859173126615
146	0.917561539732364
146	0.903573728267869
146	0.899156939040208
146	0.906499429874572
146	0.905696813646604
146	0.90472299395326
146	0.907606921318968
146	0.899209804870182
146	0.899421965317919
146	0.917718406818554
146	0.909782960803369
146	0.912421952021032
146	0.894702632434189
146	0.904899598393574
146	0.921498371335505
146	0.903450510286733
146	0.90525632706035
146	0.90442248501539
146	0.914681262073406
146	0.917736097400461
146	0.908987300553566
146	0.912624530458925
146	0.902903067082172
146	0.910103024260552
146	0.911688311688312
146	0.909944930353094
146	0.90329454187838
146	0.903785749710696
146	0.903672680412371
146	0.909120842937109
146	0.898169336384439
146	0.90450626321783
146	0.911730737502062
146	0.906015037593985
146	0.89723256190322
146	0.915237628613425
146	0.896929108134597
146	0.898051215976808
146	0.906340989970883
146	0.916884816753927
146	0.893810970734048
146	0.910014513788099
146	0.917794813244169
146	0.90597727646962
146	0.897536945812808
146	0.903120936280884
146	0.90797445554282
146	0.910008271298594
146	0.901623376623377
146	0.913120854230707
146	0.910766246362755
146	0.909660826233724
146	0.899704044722131
147	0.904661016949153
147	0.90612177909076
147	0.902964522922404
147	0.908241848271342
147	0.903639570306237
147	0.909255004922875
147	0.897065975036473
147	0.91233140655106
147	0.915424497731692
147	0.903904869034228
147	0.90748321598166
147	0.906325837243165
147	0.91417361451692
147	0.908393207054213
147	0.904412962058297
147	0.909105770802681
147	0.912254659409533
147	0.910507712082262
147	0.896277028125508
147	0.90139938877272
147	0.902604756511891
147	0.90460739779364
147	0.906422315926046
147	0.911272141706924
147	0.901049233252623
147	0.908943878376193
147	0.906829268292683
147	0.901036605118238
147	0.904339409582191
147	0.905874609182162
147	0.910926559192314
147	0.911019736842105
147	0.907625851470344
147	0.904100637150792
147	0.906401551891368
147	0.910905791123577
147	0.91248370273794
147	0.905980120580088
147	0.909223773952582
147	0.898975344220301
147	0.90626517727052
147	0.911462579488016
147	0.903288514498623
147	0.905651263886653
147	0.914945519596682
147	0.913644495039844
147	0.912371972037067
147	0.9034516444155
147	0.914674091057976
147	0.905400981996727
147	0.901309328968903
147	0.915782601599478
147	0.903404463267633
147	0.906163151871833
147	0.908271908271908
147	0.901246559818682
147	0.899221032132425
147	0.909807208717519
147	0.919986664444074
147	0.913843648208469
147	0.913529508466217
147	0.914702030124427
147	0.907527579493835
147	0.911030860144452
147	0.906829268292683
147	0.913543721236029
147	0.904569021386909
147	0.909031090639908
147	0.906093421690642
147	0.90684227433344
147	0.900130123617437
147	0.908342932367945
147	0.899983946058757
147	0.901642009429361
147	0.903802404939877
147	0.89951690821256
147	0.895937854021686
147	0.907362262311068
147	0.91273432449903
147	0.894505851755527
147	0.906797364615137
147	0.916639689219812
147	0.898324572930355
147	0.902219363139273
147	0.912155591572123
147	0.903827440804411
147	0.90122249388753
147	0.903163642203308
147	0.913740087392782
147	0.905495218025612
147	0.905110677083333
147	0.905141555483241
147	0.908707637425004
147	0.90941500567169
147	0.905230868582499
147	0.901506560829418
147	0.91400651465798
147	0.903182802866189
147	0.910702667534157
147	0.915421251437018
148	0.90847675727843
148	0.911553524804178
148	0.908740978348035
148	0.905897729129227
148	0.909208400646204
148	0.914731200259867
148	0.91038961038961
148	0.912886259040105
148	0.912266580811333
148	0.89931906614786
148	0.90934110409584
148	0.913716449860036
148	0.908843319448895
148	0.906072874493927
148	0.908867398787084
148	0.908161609605711
148	0.895524816924329
148	0.914545159721096
148	0.911764705882353
148	0.907779578606159
148	0.906991869918699
148	0.906724165468775
148	0.909674314134446
148	0.900848010437052
148	0.906199807259878
148	0.907051799257705
148	0.916680415772975
148	0.910833197986032
148	0.905743740795287
148	0.914230019493177
148	0.911161363269262
148	0.903527138025447
148	0.90323104400065
148	0.904623343032654
148	0.908517860029093
148	0.905663456830423
148	0.910661884577763
148	0.911721432074546
148	0.902925314593888
148	0.906631904839498
148	0.905515587529976
148	0.899166530478836
148	0.8996699669967
148	0.909061644938033
148	0.904585679806919
148	0.908150064683053
148	0.898286080410059
148	0.903641637125363
148	0.91065957103693
148	0.9098427112048
148	0.907067424857839
148	0.911343523732904
148	0.902652005174644
148	0.914560573944236
148	0.896863195927082
148	0.906138356609289
148	0.91222366710013
148	0.911669890393295
148	0.914434161389836
148	0.912341407151096
148	0.907560304354865
148	0.91266447368421
148	0.9
148	0.914174882818814
148	0.916180285343709
148	0.903589248350233
148	0.907065037966326
148	0.906510034263338
148	0.911423841059603
148	0.91361043194784
148	0.905009759271308
148	0.910823909531502
148	0.9040167768995
148	0.907295576954464
148	0.905444587628866
148	0.910505836575875
148	0.910235711979335
148	0.912086119719459
148	0.908631098058411
148	0.90873911641406
148	0.909178899822552
148	0.909691985163683
148	0.908857509627728
148	0.911701600924245
148	0.915141700404858
148	0.905694240496003
148	0.913136288998358
148	0.916921590726131
148	0.909552679010323
148	0.901954450008076
148	0.905
148	0.90525632706035
148	0.909899708832093
148	0.909519168291098
148	0.902281184274389
148	0.905797101449275
148	0.905842036553525
148	0.913219789132198
148	0.902555910543131
148	0.910001590077914
149	0.917002417405318
149	0.910488831337002
149	0.900579950289975
149	0.905726591162865
149	0.903215382129585
149	0.90158627387504
149	0.911993517017828
149	0.909501532505243
149	0.898595689092097
149	0.907794522767785
149	0.910598179453836
149	0.903054662379421
149	0.903525954946131
149	0.901657814260422
149	0.911229257290156
149	0.901626016260163
149	0.91267513848159
149	0.909953368708796
149	0.907769342594088
149	0.899282920469361
149	0.899437751004016
149	0.907795741956139
149	0.900763358778626
149	0.905831045065418
149	0.907973475659065
149	0.903304574312225
149	0.908812136862492
149	0.902017756255044
149	0.904322486644002
149	0.901687216093446
149	0.911223326274638
149	0.902643659965173
149	0.911226308115989
149	0.903712108931756
149	0.898911100276288
149	0.913843648208469
149	0.910084451068058
149	0.910966693744923
149	0.901849448410123
149	0.903606663431991
149	0.908781594296824
149	0.911125319693095
149	0.907312379730597
149	0.9031840956845
149	0.905620532813515
149	0.909165169090018
149	0.906058652916532
149	0.91845979614949
149	0.909237987380683
149	0.904877653540755
149	0.906545047207553
149	0.904
149	0.912337140099727
149	0.909545307965173
149	0.911193788417988
149	0.915423701032618
149	0.908795317834498
149	0.91546997389034
149	0.902793850223177
149	0.90397404703974
149	0.910935738444194
149	0.90426041168023
149	0.907890446690577
149	0.913162118780096
149	0.912854381443299
149	0.914766294678958
149	0.908973531310523
149	0.898788077301015
149	0.907344632768362
149	0.90581941967904
149	0.897556238873604
149	0.900079808459697
149	0.902640789055043
149	0.893776474421636
149	0.908186562296151
149	0.898869143780291
149	0.910691421254802
149	0.912292142158461
149	0.91726618705036
149	0.913967942427216
149	0.909833387781771
149	0.911276012260042
149	0.911196911196911
149	0.912054219783766
149	0.90805152979066
149	0.907606921318968
149	0.904050144648023
149	0.907287971622057
149	0.909691985163683
149	0.910610932475884
149	0.89937928781444
149	0.90222367560497
149	0.906204906204906
149	0.911373946856773
149	0.907206477732794
149	0.906402339941501
149	0.923384410393071
149	0.906402339941501
149	0.915596031875102
149	0.90678645916894
150	0.905765852100303
150	0.899429502852486
150	0.894191878336839
150	0.899062962354102
150	0.920336787564767
150	0.908327953518399
150	0.900906735751295
150	0.90577950461389
150	0.918548387096774
150	0.906495589414595
150	0.906042442896485
150	0.910130455789982
150	0.910452621295995
150	0.90977928145642
150	0.9
150	0.89765525982256
150	0.912481596597415
150	0.906557112937007
150	0.909993489583333
150	0.906435564114909
150	0.913464696223317
150	0.907063802083333
150	0.905449770190414
150	0.907431340872375
150	0.909401987941991
150	0.903199610199773
150	0.90323104400065
150	0.911726595400065
150	0.905237711522965
150	0.91266516274573
150	0.910865738518163
150	0.910849588908593
150	0.91234548081554
150	0.90357949048694
150	0.909475052819763
150	0.905124878365229
150	0.909945808096908
150	0.900048598736433
150	0.898122894272421
150	0.899148867833628
150	0.908373590982287
150	0.901561991539212
150	0.899677938808374
150	0.906526994359388
150	0.910548252645079
150	0.901663168093008
150	0.91236206620822
150	0.904816513761468
150	0.914147909967846
150	0.904970050186174
150	0.902251958224543
150	0.906275336468299
150	0.907727052750444
150	0.906395255649944
150	0.907814013561511
150	0.906805940917252
150	0.899144747458448
150	0.914442827106583
150	0.908576966564368
150	0.911852096401453
150	0.904739261372642
150	0.908679489251657
150	0.914147130153597
150	0.902526487367563
150	0.910633484162896
150	0.914811849479584
150	0.905108309085031
150	0.908695652173913
150	0.90235198702352
150	0.91589090315205
150	0.901617911423435
150	0.909473684210526
150	0.909031626997066
150	0.90211810012837
150	0.908021565103741
150	0.906234896085065
150	0.908675053095899
150	0.911418908036721
150	0.9155672823219
150	0.912224190690933
150	0.903447149158634
150	0.91659945152444
150	0.913346290897311
150	0.903694144216809
150	0.914811229428848
150	0.908589951377634
150	0.9115758274329
150	0.901472253680634
150	0.900247729149463
150	0.916805601867289
150	0.903591070850857
150	0.900210253922044
150	0.913057478666881
150	0.91162639857305
150	0.904098493439171
150	0.899144747458448
150	0.911976439790576
150	0.899380300065232
150	0.911172013541835
150	0.917086652576817
151	0.898368072386492
151	0.909542106948447
151	0.916451612903226
151	0.904063205417607
151	0.910145401078255
151	0.902083333333333
151	0.89683564740071
151	0.912399355877617
151	0.919492206331351
151	0.906605172129797
151	0.915877347888907
151	0.907228323225701
151	0.907198192382182
151	0.907437745740498
151	0.908261287223823
151	0.918766149870801
151	0.894548413344182
151	0.910323918940482
151	0.913497030974161
151	0.911012235817575
151	0.913169786959329
151	0.898004788507582
151	0.912283515073765
151	0.903593198588386
151	0.903923138510809
151	0.909658817876021
151	0.915588615782665
151	0.895755407383314
151	0.908055329536208
151	0.908858330668372
151	0.903194263363755
151	0.909468969929623
151	0.907642799678198
151	0.910614525139665
151	0.902634961439589
151	0.90594456016664
151	0.911382244340986
151	0.914924412994532
151	0.912098605254622
151	0.91343669250646
151	0.907065563335455
151	0.912657410397159
151	0.909809616005163
151	0.907191448007775
151	0.908754425490827
151	0.909178433889602
151	0.903168155970756
151	0.907761529808774
151	0.905349135169763
151	0.90750040498947
151	0.908325234855847
151	0.90699935191186
151	0.905797101449275
151	0.914820846905537
151	0.899278267842823
151	0.90663430420712
151	0.911860540892799
151	0.90158172231986
151	0.902384020618557
151	0.909221902017291
151	0.912317666126418
151	0.904870500081447
151	0.900763358778626
151	0.907224826248586
151	0.910395408163265
151	0.910382690134022
151	0.902189547706569
151	0.909178899822552
151	0.910953379577351
151	0.909723345736936
151	0.913107032645769
151	0.907320997586484
151	0.921286568611605
151	0.905886210854238
151	0.895929087327643
151	0.921395955642531
151	0.913657518857326
151	0.905712431028887
151	0.905593845167495
151	0.912237932715748
151	0.916516614830578
151	0.899967731526299
151	0.906026395293369
151	0.908610755441741
151	0.909461663947798
151	0.903522947640595
151	0.90912
151	0.907729861676159
151	0.912286359238955
151	0.909763551552196
151	0.906335644043205
151	0.897341447789878
151	0.912681912681913
151	0.910385661705873
151	0.90438946528332
151	0.910024057738573
151	0.912135922330097
151	0.907085346215781
151	0.903073670515531
151	0.913966480446927
152	0.909571062740077
152	0.911831076724694
152	0.909953368708796
152	0.91107544141252
152	0.903702526616876
152	0.909577922077922
152	0.908798972382787
152	0.904147167984509
152	0.90803087534899
152	0.918095848693701
152	0.918354226936676
152	0.906578309358332
152	0.916034232197642
152	0.906666666666667
152	0.909660826233724
152	0.904723520876995
152	0.918038025243649
152	0.906013219409963
152	0.908973113054746
152	0.91913086097043
152	0.899370053303182
152	0.912441654595204
152	0.91264667535854
152	0.903428295509416
152	0.897806661251015
152	0.909619109102647
152	0.909353905496625
152	0.906760653636655
152	0.901854219948849
152	0.903735632183908
152	0.909032773780975
152	0.913326816552623
152	0.910743004181409
152	0.913988808952838
152	0.917173377156943
152	0.912869704236611
152	0.89824
152	0.900063856960409
152	0.907469879518072
152	0.909706546275395
152	0.910130200063512
152	0.908128359667698
152	0.905739692805174
152	0.909134925758554
152	0.903324725629438
152	0.911308562197092
152	0.911807228915663
152	0.908767389194435
152	0.905124878365229
152	0.914996767937944
152	0.907531449109623
152	0.901790033865506
152	0.902982681205901
152	0.908536585365854
152	0.905418719211823
152	0.904527402700556
152	0.908987485779295
152	0.908097686375321
152	0.907926730426325
152	0.91864406779661
152	0.901351786289025
152	0.902090032154341
152	0.910714285714286
152	0.89710353656585
152	0.909790097740747
152	0.907799128047796
152	0.907763137005874
152	0.910613625382509
152	0.908583280153159
152	0.90699535777173
152	0.910328262610088
152	0.912162162162162
152	0.9124633908233
152	0.908153241650295
152	0.91481971551439
152	0.905699647774576
152	0.905453372055502
152	0.904056664520283
152	0.91613007083065
152	0.912584053794428
152	0.900770712909441
152	0.912002588159172
152	0.91558334704624
152	0.899772579597141
152	0.898896176611742
152	0.914780077619664
152	0.900557768924303
152	0.91478455870575
152	0.908567774936061
152	0.901112877583466
152	0.903073670515531
152	0.906030397123713
152	0.917844232665133
152	0.903418252176717
152	0.91202203499676
152	0.907529298442768
152	0.904699738903394
152	0.913483146067416
152	0.916734033953112
152	0.908694950798516
153	0.91369095276221
153	0.903025477707006
153	0.909484833895041
153	0.898225806451613
153	0.91320631818922
153	0.90567853705486
153	0.912821331630209
153	0.901561991539212
153	0.901331622011872
153	0.909847878302642
153	0.909792571152918
153	0.916161781562142
153	0.909119847206748
153	0.893992932862191
153	0.906599643262526
153	0.903797064454371
153	0.911778962675715
153	0.915061728395062
153	0.903057183589419
153	0.910262606734332
153	0.905543814013981
153	0.917671992174764
153	0.904668944200423
153	0.906119162640902
153	0.898732145722998
153	0.907544141252006
153	0.906071951815074
153	0.910618066561014
153	0.908751420685176
153	0.907428759677154
153	0.906380921688688
153	0.909031306343222
153	0.910562590158679
153	0.902225109631314
153	0.905288852725793
153	0.918482647296207
153	0.912562977409394
153	0.901149792398595
153	0.906882591093117
153	0.914161008729389
153	0.906629923812611
153	0.909982029080216
153	0.908727621483376
153	0.903413687105646
153	0.918265355473158
153	0.912201420271143
153	0.913050466088075
153	0.918177442643992
153	0.902877126053092
153	0.896279594137542
153	0.917830203819612
153	0.90355491790212
153	0.910760728218466
153	0.905681635280863
153	0.912045889101338
153	0.909990269218294
153	0.914975845410628
153	0.913556618819777
153	0.909164246531139
153	0.911778962675715
153	0.905833199421501
153	0.909076253425762
153	0.908987854251012
153	0.910318225650916
153	0.902001601281025
153	0.901602201003399
153	0.91316839584996
153	0.902859881770251
153	0.901104254628126
153	0.9068746952706
153	0.905918799934779
153	0.914368184733804
153	0.91338199513382
153	0.905543814013981
153	0.907368759030342
153	0.912708600770218
153	0.914309076042518
153	0.906721754330208
153	0.91921782336913
153	0.906961822264998
153	0.91147859922179
153	0.906889827754306
153	0.909875359539789
153	0.911074918566775
153	0.904570325072417
153	0.911298154742635
153	0.912342893973574
153	0.911803064884252
153	0.913463085089271
153	0.903230915426037
153	0.908856682769726
153	0.906380921688688
153	0.913862502012558
153	0.912052117263844
153	0.905201750121536
153	0.900581020012912
153	0.905070468167828
153	0.909368471798168
153	0.909543701799486
153	0.906294593309022
154	0.907331006029832
154	0.909830729166667
154	0.913687600644122
154	0.9135842351801
154	0.917727717923604
154	0.905543166613571
154	0.915300111447222
154	0.908365885416667
154	0.91139646869984
154	0.903215382129585
154	0.91316839584996
154	0.906390494540784
154	0.903688194556289
154	0.905446414310813
154	0.908626198083067
154	0.900129073894805
154	0.909935897435897
154	0.909557408595253
154	0.906496856359826
154	0.906901041666667
154	0.905372894947875
154	0.909017322324753
154	0.91810136765889
154	0.912506020227966
154	0.918040659516568
154	0.904707607102134
154	0.903408173154579
154	0.919360051712993
154	0.91128903122498
154	0.917872824849569
154	0.907448849104859
154	0.910431020669764
154	0.901555234888568
154	0.919050715214564
154	0.908374859347372
154	0.906526994359388
154	0.902173913043478
154	0.907189963004665
154	0.910705789056305
154	0.905201208843646
154	0.899627650963251
154	0.910495814552479
154	0.912332351979064
154	0.908400646203554
154	0.901673640167364
154	0.908522909323935
154	0.912428480610299
154	0.905405405405405
154	0.900854425278091
154	0.914143041237113
154	0.901028907398334
154	0.897575854872371
154	0.909368471798168
154	0.910250278973378
154	0.902671755725191
154	0.915115532734275
154	0.917463920869142
154	0.907507987220447
154	0.904492566257272
154	0.904046057892212
154	0.910791366906475
154	0.905703175631886
154	0.906607054148038
154	0.903997431369401
154	0.909090909090909
154	0.912130512033597
154	0.899309458808415
154	0.905988409529942
154	0.914522956691631
154	0.915077711905143
154	0.90913508260447
154	0.903923784918456
154	0.915226869045697
154	0.91234548081554
154	0.899131274131274
154	0.904693256447221
154	0.909061436213325
154	0.908494588389636
154	0.900931278098908
154	0.904216388225935
154	0.905019920318725
154	0.902101241642789
154	0.913737504030958
154	0.905327342747112
154	0.901898229382677
154	0.918450064850843
154	0.912170841361593
154	0.907345708392829
154	0.908814102564103
154	0.90802379803827
154	0.911467522052927
154	0.913270968764864
154	0.918957800511509
154	0.912854381443299
154	0.909915748541802
154	0.907915484074424
154	0.91083831368115
154	0.904429660879442
154	0.909252381721298
154	0.911869340232859
155	0.900338109805184
155	0.908916279814311
155	0.908785942492013
155	0.916479640910548
155	0.895505435664449
155	0.906984177720953
155	0.909164116604928
155	0.908565000803471
155	0.906180312201338
155	0.906035992992515
155	0.907511661573106
155	0.912142627690331
155	0.90820629257217
155	0.908166559070368
155	0.91487957769713
155	0.915314730694354
155	0.91207034372502
155	0.91088
155	0.903308705428847
155	0.912845528455285
155	0.90438946528332
155	0.91021470396877
155	0.911707317073171
155	0.91228931435117
155	0.909739102252471
155	0.899072296865003
155	0.906424358361231
155	0.907545671167593
155	0.913415027410513
155	0.91216863621846
155	0.904046057892212
155	0.909294155221974
155	0.91657289824787
155	0.898878205128205
155	0.913728675873274
155	0.906540557871113
155	0.912841835918759
155	0.908857509627728
155	0.913600259361323
155	0.910982099661345
155	0.908827319587629
155	0.914281093320395
155	0.905699983852737
155	0.914474745844764
155	0.900525226802483
155	0.917757311358863
155	0.906843483955468
155	0.908155058709989
155	0.906078241189783
155	0.904862236628849
155	0.906299968020467
155	0.914134105161602
155	0.908900692097215
155	0.906627963231737
155	0.903855383138698
155	0.907749077490775
155	0.916532388011602
155	0.914202144946376
155	0.912258270736775
155	0.904401096243753
155	0.915442376754816
155	0.902733118971061
155	0.906893755068938
155	0.905942985988082
155	0.907070381703978
155	0.909511650175551
155	0.913826679649465
155	0.914309210526316
155	0.909379968203498
155	0.906579367614181
155	0.914694994366651
155	0.909633693722769
155	0.906884596334819
155	0.915826532245159
155	0.907991085641515
155	0.906739061002874
155	0.910986367281476
155	0.90788013318535
155	0.911372299872935
155	0.915577078288943
155	0.911991022763706
155	0.90513770333387
155	0.909235415673184
155	0.905691056910569
155	0.912840341549863
155	0.908872132199583
155	0.923290354170067
155	0.90774849158463
155	0.907652567000323
155	0.909310178485287
155	0.901246559818682
155	0.908596995845318
155	0.908798972382787
155	0.904661702816445
155	0.907553551296505
155	0.908869395711501
155	0.908610755441741
155	0.907767758266097
155	0.899461684610513
155	0.902004454342984
156	0.911153419006822
156	0.908536585365854
156	0.908068145290903
156	0.905096373734074
156	0.905660377358491
156	0.904492617027961
156	0.906255024923621
156	0.909235415673184
156	0.908354510800508
156	0.910665597433841
156	0.901926163723917
156	0.912749517063748
156	0.904109589041096
156	0.904876871076775
156	0.905754127263985
156	0.912861736334405
156	0.912426224278194
156	0.92144578313253
156	0.911954765751212
156	0.904610996672477
156	0.916109519261382
156	0.913574297188755
156	0.911665866538646
156	0.903548387096774
156	0.906405522555787
156	0.914620263457473
156	0.912140575079872
156	0.915330339961514
156	0.915080761234607
156	0.913900913900914
156	0.91026458399745
156	0.908329305622684
156	0.918399745991427
156	0.909350690585807
156	0.915857605177994
156	0.912674250921327
156	0.909148970142104
156	0.91710758377425
156	0.912087912087912
156	0.910500807754443
156	0.910657306955967
156	0.91027496382055
156	0.91240522664946
156	0.907871627015807
156	0.915603063178047
156	0.911178927079987
156	0.905560032232071
156	0.909310956914636
156	0.905702453010513
156	0.915817165406116
156	0.907062011796589
156	0.908158358711332
156	0.903421810041573
156	0.903128473876449
156	0.900335409678965
156	0.912952869509458
156	0.900395256916996
156	0.909400876765709
156	0.899806389157793
156	0.913851080864692
156	0.911660206718346
156	0.911951684678957
156	0.907398491413898
156	0.911007402639202
156	0.911214205727084
156	0.903397198518757
156	0.903474903474903
156	0.906275076231745
156	0.913806992105687
156	0.909697933227345
156	0.909352517985612
156	0.912959068111956
156	0.905899326707278
156	0.910976388002553
156	0.901322154143825
156	0.914805360561583
156	0.911061523748805
156	0.911585365853659
156	0.906344410876133
156	0.912744156260006
156	0.907684712851736
156	0.916273776621688
156	0.9
156	0.905442729488221
156	0.910114192495922
156	0.912509960159363
156	0.915736697396086
156	0.906969360215907
156	0.910367681868392
156	0.909764743796326
156	0.903599175519264
156	0.902423158237112
156	0.909805809661371
156	0.911736334405145
156	0.919688295165394
156	0.906894896816509
156	0.9103481163567
156	0.914117272147865
156	0.915373540233563
156	0.915106732348112
157	0.915830365814179
157	0.91127629289894
157	0.899919289749798
157	0.895985982797069
157	0.914036478984933
157	0.904929577464789
157	0.9117128665278
157	0.916037887301333
157	0.908208717785555
157	0.914083828488839
157	0.910913500404204
157	0.912496015301243
157	0.90856406954282
157	0.902985074626866
157	0.904928457869634
157	0.904293092317624
157	0.90906174819567
157	0.906299968020467
157	0.893186599773426
157	0.907511661573106
157	0.910941475826972
157	0.90186990570561
157	0.906700865662071
157	0.911530330134981
157	0.903179190751445
157	0.915678101955755
157	0.916505167958656
157	0.905019059720457
157	0.913022430208165
157	0.908365261813538
157	0.904258725584374
157	0.910371318822023
157	0.90951091285646
157	0.909352058729652
157	0.912848446010894
157	0.918196457326892
157	0.904253624342839
157	0.903984637542007
157	0.899549259497746
157	0.917119131267966
157	0.909177972865124
157	0.914068809562268
157	0.908303943571658
157	0.907650448143406
157	0.911278678004171
157	0.911638274160166
157	0.91328353361481
157	0.907766212970376
157	0.916116567380454
157	0.913099452848407
157	0.911920423552062
157	0.908274534958307
157	0.915776040835859
157	0.917976981682607
157	0.911036575626897
157	0.901051625239006
157	0.9039934800326
157	0.91242983159583
157	0.904310753197537
157	0.905897313622635
157	0.903935742971888
157	0.912840341549863
157	0.913709677419355
157	0.907750235331032
157	0.911349791599872
157	0.913524057217165
157	0.909513132607303
157	0.90288
157	0.906275205678335
157	0.901552745317753
157	0.911545924967659
157	0.91269587464023
157	0.91108268031345
157	0.901744279084654
157	0.898962490023943
157	0.91223276000643
157	0.905513065646909
157	0.911195009848982
157	0.917637540453074
157	0.913078406169666
157	0.908522909323935
157	0.902702702702703
157	0.914580031695721
157	0.912633764574349
157	0.906118484946585
157	0.903194888178914
157	0.912059901226701
157	0.909453212179181
157	0.902086677367576
157	0.911590727418066
157	0.904336734693878
157	0.90629971364938
157	0.916866506794564
157	0.905056268822317
157	0.909047543329623
157	0.913347087763847
157	0.909237465742383
157	0.907136030582988
157	0.906756539881239
157	0.899725939061744
158	0.912357016271951
158	0.91281310211946
158	0.899280575539568
158	0.90217044366422
158	0.90820189274448
158	0.909838658652325
158	0.91427650660651
158	0.910791366906475
158	0.905687894992708
158	0.905863453815261
158	0.912387676508344
158	0.9041117892708
158	0.90111821086262
158	0.902225755166932
158	0.915091264667536
158	0.90286445831333
158	0.908989302251317
158	0.911352040816326
158	0.914469453376206
158	0.907398491413898
158	0.908082918206653
158	0.902290565433285
158	0.90878807106599
158	0.912286411716843
158	0.906368821292776
158	0.910299003322259
158	0.906350224502886
158	0.90334453512562
158	0.910454985479187
158	0.903483541067434
158	0.910937000319795
158	0.911567877629063
158	0.908945174735492
158	0.906611701284287
158	0.911596958174905
158	0.914313377440697
158	0.905878624623673
158	0.909832134292566
158	0.90732174190461
158	0.910266774454325
158	0.90297790585975
158	0.906576035409421
158	0.900047520988437
158	0.904026738819036
158	0.909865038560411
158	0.917648958501534
158	0.906626022781967
158	0.904065563233167
158	0.914665385846942
158	0.899389263902282
158	0.907514450867052
158	0.919001610305958
158	0.915745635111325
158	0.909966829884694
158	0.916962843295638
158	0.90843949044586
158	0.907736665064873
158	0.896820349761526
158	0.912048002526449
158	0.905154306026822
158	0.911317432367536
158	0.910438144329897
158	0.916506717850288
158	0.910398230088496
158	0.912019230769231
158	0.913134568896052
158	0.900386847195358
158	0.90241576605213
158	0.899760191846523
158	0.915893931999349
158	0.910708560436037
158	0.9182739457339
158	0.911414510239721
158	0.904330963154493
158	0.908204062050216
158	0.908116883116883
158	0.913613821788514
158	0.903396347324575
158	0.905708787684413
158	0.91343669250646
158	0.907932462567697
158	0.908507223113965
158	0.90479987242864
158	0.909090909090909
158	0.910423715160303
158	0.908283084735005
158	0.905805213497521
158	0.911834789515488
158	0.897777777777778
158	0.914604948124501
158	0.910657811511701
158	0.906506024096386
158	0.905246422893482
158	0.905276541640178
158	0.90680261271308
158	0.908262745724788
158	0.913497030974161
158	0.912665824384081
158	0.911480167687843
158	0.913718584920762
159	0.909778063686073
159	0.90583596214511
159	0.915981293339784
159	0.910381119438686
159	0.911290322580645
159	0.911676410175383
159	0.909787641705253
159	0.90556707608869
159	0.912790697674419
159	0.914910600255428
159	0.908655381667199
159	0.904518601309277
159	0.911816297241269
159	0.907635665119257
159	0.903048878851428
159	0.90782388343364
159	0.902598437749083
159	0.909220306816385
159	0.90414878397711
159	0.906872907032371
159	0.906504714719514
159	0.911220129767368
159	0.906709265175719
159	0.913990461049285
159	0.914818950390812
159	0.913029677828916
159	0.91647855530474
159	0.913837283792441
159	0.906185403084751
159	0.903014834901898
159	0.902273444900537
159	0.902906315960383
159	0.905253134423107
159	0.910691624365482
159	0.911684999202933
159	0.916612903225806
159	0.908396946564885
159	0.911542783753411
159	0.911479063843337
159	0.906931964056483
159	0.906533142584645
159	0.911579964567563
159	0.907699665231946
159	0.903965599617774
159	0.909652876842606
159	0.918772850103322
159	0.904536115062431
159	0.908379888268156
159	0.907909513877747
159	0.911118190506531
159	0.913492063492063
159	0.906489769820972
159	0.910354981187633
159	0.901932598626418
159	0.910547184773989
159	0.908381134480561
159	0.910352528313926
159	0.910839160839161
159	0.913509192645883
159	0.9105120433881
159	0.908228865316619
159	0.909466984884646
159	0.909743262637538
159	0.910323918940482
159	0.906295282563194
159	0.916679892080622
159	0.908798972382787
159	0.917596429709914
159	0.907084599392292
159	0.912655403251514
159	0.91033386327504
159	0.904414099714195
159	0.90866548329837
159	0.90646908859146
159	0.909047237790232
159	0.90950008037293
159	0.904799745708837
159	0.907380838514268
159	0.916371253625524
159	0.910205381308709
159	0.914203546892475
159	0.903769683473835
159	0.915162166480268
159	0.912505943889681
159	0.901851260772423
159	0.912758123899472
159	0.91304347826087
159	0.912079015544041
159	0.90025332488917
159	0.906510583707505
159	0.906558420885068
159	0.909220758609744
159	0.916507936507936
159	0.918001586042823
159	0.916402284263959
159	0.907600835609835
159	0.912427559562138
159	0.913625498007968
159	0.909843899330997
159	0.916371823737536
160	0.907773176170755
160	0.916746717899456
160	0.911912073702925
160	0.913564467167279
160	0.905759162303665
160	0.91787825531235
160	0.907471626733922
160	0.905720171129773
160	0.919986936642717
160	0.905186127903277
160	0.911996145816605
160	0.914883346741754
160	0.907452116529857
160	0.916466634661546
160	0.902361199744735
160	0.900843546076715
160	0.906943335993615
160	0.911798025570481
160	0.899419425702181
160	0.910426313268402
160	0.910193013239751
160	0.912363577129826
160	0.910856415154409
160	0.9044357469015
160	0.90759917157878
160	0.917001769342126
160	0.913379488005152
160	0.914876690533015
160	0.908559696778269
160	0.907301587301587
160	0.913181745905549
160	0.913266122579613
160	0.915027410512738
160	0.908556913795841
160	0.910130200063512
160	0.910777102654301
160	0.909652876842606
160	0.915367483296214
160	0.907780979827089
160	0.910339256865913
160	0.904131697869593
160	0.912145943350936
160	0.904277643260694
160	0.914608555286521
160	0.912032673578385
160	0.913265306122449
160	0.90062610370846
160	0.904521024343977
160	0.91193363114231
160	0.918802738417449
160	0.913527261166746
160	0.906639004149378
160	0.910191082802548
160	0.914721295855169
160	0.916733386709368
160	0.910935738444194
160	0.909969884292281
160	0.90156349712827
160	0.91517927657558
160	0.907503234152652
160	0.911840411840412
160	0.915029547995528
160	0.906046659260435
160	0.911921277625423
160	0.91259188239054
160	0.909539735626692
160	0.907123677144211
160	0.905261484660626
160	0.913263691041469
160	0.908681672025723
160	0.910371318822023
160	0.914271953764649
160	0.916961699388478
160	0.908989123480486
160	0.907150820194298
160	0.908958602846054
160	0.905946118284712
160	0.907949125596184
160	0.903821656050955
160	0.908196192320103
160	0.916747809152872
160	0.907548084693713
160	0.901766004415011
160	0.910231966952653
160	0.916346769033909
160	0.917293233082707
160	0.903940496914069
160	0.912367042387681
160	0.904837683004456
160	0.9048683160415
160	0.90504922197523
160	0.913140311804009
160	0.90577263225599
160	0.908680947012401
160	0.911764705882353
160	0.909739102252471
160	0.90691743704176
160	0.913378248315688
160	0.908814589665654
160	0.9149072296865
161	0.909905584893583
161	0.922902494331066
161	0.905639218199295
161	0.903963905897519
161	0.913649471323294
161	0.912235332148052
161	0.905518126403593
161	0.910291076825195
161	0.910860820595334
161	0.907492475843498
161	0.917354060913706
161	0.912698412698413
161	0.910378860235594
161	0.903889065986611
161	0.915878865566416
161	0.909264870036677
161	0.905951623169955
161	0.904708876869233
161	0.913699069618223
161	0.914017800381437
161	0.905735107731305
161	0.912551768079006
161	0.912269446672013
161	0.912368633791431
161	0.918533930857874
161	0.910728519049896
161	0.919077901430843
161	0.913078535720045
161	0.915399239543726
161	0.914141414141414
161	0.920502092050209
161	0.911051212938005
161	0.911012235817575
161	0.91086439333862
161	0.91741935483871
161	0.904527402700556
161	0.914774544291653
161	0.904708876869233
161	0.919365181147804
161	0.910650696018129
161	0.902227136313379
161	0.904852521408183
161	0.90798915643438
161	0.901254167328147
161	0.902291534054742
161	0.910015898251192
161	0.907859505433927
161	0.910509554140127
161	0.906048906048906
161	0.911164274322169
161	0.912199036918138
161	0.913382072472982
161	0.918729043589334
161	0.910742747848263
161	0.905168326220958
161	0.907941082292667
161	0.902625298329356
161	0.900096370061034
161	0.907834101382488
161	0.91382605925454
161	0.909220532319392
161	0.907055412371134
161	0.910352528313926
161	0.911699429296132
161	0.920265243409348
161	0.903514376996805
161	0.90843183609141
161	0.907010014306152
161	0.911699429296132
161	0.912350597609562
161	0.906527249683143
161	0.9034198860038
161	0.910187242145351
161	0.907296272899558
161	0.908484270734032
161	0.909964754886254
161	0.91552
161	0.914188752424047
161	0.915076335877863
161	0.91519771319676
161	0.908685258964143
161	0.901348136399683
161	0.908252504372714
161	0.915809768637532
161	0.913493707184961
161	0.909689557855127
161	0.898099345152532
161	0.908744643707348
161	0.90836780146357
161	0.907936507936508
161	0.910076014879508
161	0.905826017557861
161	0.916946174732471
161	0.913447895317673
161	0.906851057065649
161	0.914385741565882
161	0.909338459074163
161	0.905627568763832
161	0.904807538731832
161	0.913870246085011
162	0.904936305732484
162	0.905017355632692
162	0.906817457789105
162	0.912202852614897
162	0.908596995845318
162	0.910194950463407
162	0.906309448319594
162	0.908258354755784
162	0.90822331795769
162	0.914304020502963
162	0.91023798115317
162	0.909292385626088
162	0.90974098204354
162	0.907903123008286
162	0.909003370245546
162	0.914738510301109
162	0.916812470176555
162	0.916416020262783
162	0.914473684210526
162	0.913134232498394
162	0.913672496025437
162	0.899086977414704
162	0.908497798075355
162	0.912206952303961
162	0.910450135199618
162	0.909794628751975
162	0.910759493670886
162	0.911308562197092
162	0.907357381217226
162	0.914893617021277
162	0.910984848484849
162	0.898245614035088
162	0.912208936438011
162	0.9112275686835
162	0.921073653938329
162	0.915524034672971
162	0.905506783719074
162	0.909498638475092
162	0.915421303656598
162	0.905217807563428
162	0.919968051118211
162	0.912775051448472
162	0.909177516671959
162	0.903713027061045
162	0.907802547770701
162	0.901779935275081
162	0.910705789056305
162	0.911015600127348
162	0.91629746835443
162	0.912098449736295
162	0.910852102693337
162	0.911834789515488
162	0.908584169453735
162	0.909221902017291
162	0.905011933174224
162	0.908330703692016
162	0.916017178304438
162	0.909428479173394
162	0.901631553936322
162	0.911550632911392
162	0.904070231444533
162	0.918725099601594
162	0.911192602040816
162	0.905424867978877
162	0.911215711735108
162	0.911143363973553
162	0.91251617076326
162	0.905833861762841
162	0.911872509960159
162	0.913324708926261
162	0.911657414750198
162	0.917571884984026
162	0.902274911887216
162	0.913978494623656
162	0.912692124861353
162	0.912629070691025
162	0.903473667360333
162	0.909792571152918
162	0.914630325814536
162	0.908975377283558
162	0.906424358361231
162	0.914961129620815
162	0.903886134655365
162	0.910800385728062
162	0.912621359223301
162	0.915183581850249
162	0.904399870592041
162	0.907325544679507
162	0.912987843889955
162	0.915708208602489
162	0.905469490989567
162	0.90942669022001
162	0.912994891443167
162	0.916851793081561
162	0.919109402530835
162	0.913458479160038
162	0.910748256182625
162	0.912005129027088
162	0.908124404950809
162	0.910388580491673
163	0.912205905573978
163	0.912589073634204
163	0.919066773934031
163	0.916772959183674
163	0.911358220810167
163	0.903236142262095
163	0.91227511542748
163	0.907721579197717
163	0.914516129032258
163	0.910933758978452
163	0.910818945034057
163	0.908585938739883
163	0.90861494526416
163	0.913964890083821
163	0.912652029695151
163	0.901910828025478
163	0.914349632470438
163	0.90528494110156
163	0.916281294849306
163	0.914230645679409
163	0.913435670200981
163	0.911380299649347
163	0.911040508339952
163	0.914204902576996
163	0.909609895337774
163	0.909262759924386
163	0.903370068679125
163	0.914214151534126
163	0.912044374009509
163	0.914176732358551
163	0.910064577098756
163	0.912300142472693
163	0.914546327412386
163	0.911275125628141
163	0.908745247148289
163	0.909733124018838
163	0.903297050007888
163	0.912407611259632
163	0.907763137005874
163	0.917534027221777
163	0.908918105496594
163	0.896027852508308
163	0.91236626809314
163	0.916746107403877
163	0.90798332798974
163	0.910015649452269
163	0.918220946915351
163	0.914276759128663
163	0.910386320455985
163	0.911561420043984
163	0.91745623895937
163	0.915028535193405
163	0.900032041012496
163	0.907837794518352
163	0.915433070866142
163	0.906715235983529
163	0.914869829100783
163	0.917023639536728
163	0.911718256475047
163	0.91584941474217
163	0.908567774936061
163	0.908233413269384
163	0.910767775500552
163	0.910073085478233
163	0.909392789373814
163	0.91338958764528
163	0.911468178954001
163	0.909579513120455
163	0.909061901723038
163	0.920172772356423
163	0.913951281240114
163	0.9109318145863
163	0.909408218308742
163	0.912127929069031
163	0.911764705882353
163	0.905770750988142
163	0.913656527249683
163	0.90023942537909
163	0.906269993602047
163	0.916587377101173
163	0.908559696778269
163	0.914748372757581
163	0.90764881419821
163	0.910326086956522
163	0.912595177664975
163	0.916880204996797
163	0.91687898089172
163	0.907363420427553
163	0.915106315455411
163	0.910575550975107
163	0.907137254901961
163	0.908514349135881
163	0.913622824894184
163	0.902869049527168
163	0.911291606943781
163	0.910134152254728
163	0.906299461855017
163	0.910227992400253
163	0.909639510878196
163	0.91490044958253
164	0.902113459399333
164	0.914321647539695
164	0.911936758893281
164	0.919292604501608
164	0.913711209626346
164	0.91203187250996
164	0.905833861762841
164	0.909901305316778
164	0.913913751017087
164	0.912252964426877
164	0.909408218308742
164	0.909438775510204
164	0.912252964426877
164	0.917126201354971
164	0.903412648716343
164	0.905431007262393
164	0.909447583176397
164	0.910332914572864
164	0.91314138652083
164	0.920127287191726
164	0.91116711293117
164	0.910983945318709
164	0.91793893129771
164	0.911675933280381
164	0.910372129849565
164	0.911760038089192
164	0.907442748091603
164	0.904369854338189
164	0.912898619704902
164	0.913619671084145
164	0.915043117214947
164	0.915121483375959
164	0.917563875944078
164	0.908056872037915
164	0.90406140070355
164	0.907890600440113
164	0.909824394874229
164	0.907606973058637
164	0.908875552747947
164	0.911975761441556
164	0.903703703703704
164	0.91295320236384
164	0.918884462151394
164	0.907363420427553
164	0.920798454603992
164	0.908976576010061
164	0.91259188239054
164	0.91062609526844
164	0.910663730732935
164	0.914978465464986
164	0.912129894937918
164	0.907407407407407
164	0.909148565086412
164	0.914154236750238
164	0.912664447614519
164	0.903105791006147
164	0.914711477488903
164	0.916185897435897
164	0.913214061519146
164	0.908090614886731
164	0.91743119266055
164	0.91124822021832
164	0.920619860847565
164	0.917671319796954
164	0.910783055198973
164	0.909604519774011
164	0.914876816171826
164	0.913299395482024
164	0.91710255190997
164	0.909407114624506
164	0.913659793814433
164	0.913900913900914
164	0.907803650094399
164	0.911480601741884
164	0.906534590190126
164	0.912988047808765
164	0.914614646626159
164	0.91191381495564
164	0.907281630074238
164	0.91156462585034
164	0.905205047318612
164	0.910903623991138
164	0.916048603440114
164	0.915422885572139
164	0.916270218839201
164	0.917561591914087
164	0.909885568976478
164	0.917351453855879
164	0.911040508339952
164	0.916348600508906
164	0.908022239872915
164	0.906685678073511
164	0.916272469252602
164	0.913133567102327
164	0.908415058525783
164	0.913182253431216
164	0.913676042677013
164	0.916415543219667
164	0.909134385461502
164	0.90315351368657
165	0.915380944806744
165	0.910461828463713
165	0.913741064336775
165	0.905932741116751
165	0.91403004154682
165	0.9120151371807
165	0.903882877148313
165	0.906141732283465
165	0.914907028049165
165	0.913713650087399
165	0.914348925410872
165	0.910083900585721
165	0.919565911267156
165	0.912020217975043
165	0.91128010139417
165	0.906630796012027
165	0.913716814159292
165	0.919265474117461
165	0.915495207667732
165	0.91052299936988
165	0.912216764379655
165	0.912063492063492
165	0.90832672482157
165	0.918467895740623
165	0.911611785095321
165	0.905543166613571
165	0.91969075418113
165	0.904544020195645
165	0.910504601713742
165	0.910610121393662
165	0.912633563796355
165	0.907648365598223
165	0.909105431309904
165	0.909390186549616
165	0.916111639708214
165	0.91324772940808
165	0.914552948636652
165	0.907205067300079
165	0.908045977011494
165	0.912501970676336
165	0.903876457611094
165	0.91031746031746
165	0.905420267085625
165	0.914998411185256
165	0.913255667506297
165	0.920229738353542
165	0.909249011857707
165	0.921393841166937
165	0.916548575027555
165	0.906414133375776
165	0.912610619469027
165	0.908198797087686
165	0.907888521492678
165	0.914701693305903
165	0.917304015296367
165	0.91664
165	0.911713147410359
165	0.90939226519337
165	0.907386814932486
165	0.916787148594377
165	0.908000631213508
165	0.915003219575016
165	0.918299092212136
165	0.916587074180197
165	0.910802616882081
165	0.913497030974161
165	0.906185730105996
165	0.910991447576813
165	0.911384421318196
165	0.904904118201823
165	0.911192602040816
165	0.914507772020725
165	0.919357379114821
165	0.909048215403882
165	0.911015600127348
165	0.911185255799174
165	0.909963796631513
165	0.910421914357683
165	0.916020876166377
165	0.910464376590331
165	0.904077117572693
165	0.910998895376361
165	0.906558420885068
165	0.908454067823595
165	0.906137184115523
165	0.90762346172287
165	0.905351754803875
165	0.907319391634981
165	0.900599558220259
165	0.908732660781841
165	0.917002417405318
165	0.9067782965706
165	0.916493693118314
165	0.904460613729832
165	0.912051077414206
165	0.912395900064061
165	0.91027078993751
165	0.903164255048497
165	0.90438624171663
165	0.90865992414665
166	0.912521711669035
166	0.915559772296015
166	0.909690592115596
166	0.903637523931079
166	0.918014589280051
166	0.908216369657783
166	0.90676883780332
166	0.913790386130812
166	0.917633964064239
166	0.913719943422914
166	0.914900398406374
166	0.905276541640178
166	0.921982414068745
166	0.912037037037037
166	0.913779465274482
166	0.91380129931865
166	0.903641278422643
166	0.915938344191959
166	0.908275645059786
166	0.913492063492063
166	0.91441369380899
166	0.907687460617517
166	0.901331245105716
166	0.905984251968504
166	0.91258131048707
166	0.912361331220285
166	0.910542121068437
166	0.909423168600032
166	0.908269961977186
166	0.907286870931894
166	0.916008841174613
166	0.909047467346289
166	0.905345911949686
166	0.909680480860487
166	0.908934169278997
166	0.91280913126189
166	0.915865763352765
166	0.912724956203217
166	0.910804816223067
166	0.92150279776179
166	0.906379585326954
166	0.910132018450771
166	0.913597733711048
166	0.91193363114231
166	0.906037078117573
166	0.90872952774686
166	0.89585311807534
166	0.908845909955612
166	0.91060225846926
166	0.91729797979798
166	0.905403264141974
166	0.914168507415589
166	0.91228348959161
166	0.909884182135491
166	0.910248349575605
166	0.907792413902555
166	0.911918743056658
166	0.912783375314861
166	0.915211178151794
166	0.9147054177855
166	0.912587412587413
166	0.907153008053055
166	0.897765097479791
166	0.911362564827911
166	0.907670454545455
166	0.912375217873554
166	0.913469129954208
166	0.910389202762084
166	0.911609287429944
166	0.908227848101266
166	0.911661341853035
166	0.910478288231592
166	0.911047799936689
166	0.908025961690676
166	0.912708398867568
166	0.916041500399042
166	0.90824530979032
166	0.908905613044842
166	0.910042836744407
166	0.912154607890113
166	0.913976784862458
166	0.909219858156028
166	0.915424446885297
166	0.910585981159189
166	0.913112414777232
166	0.911237914090981
166	0.908975779642235
166	0.910513833992095
166	0.911788037442488
166	0.916272469252602
166	0.913825757575758
166	0.914443567482242
166	0.916365918719598
166	0.913732952743419
166	0.913966480446927
166	0.915633937082936
166	0.915346455432869
166	0.907039141414141
166	0.913654301499605
166	0.913194444444444
167	0.907694768836986
167	0.909808876954668
167	0.913220551378446
167	0.908137317228226
167	0.914205344585091
167	0.90840176879343
167	0.916214490903288
167	0.910426762544943
167	0.910510698110261
167	0.911324618050087
167	0.913138915020383
167	0.910810810810811
167	0.915165876777251
167	0.913467690339091
167	0.915422103442855
167	0.911494616846105
167	0.902220122815305
167	0.910632229440659
167	0.915535206820335
167	0.916363060351655
167	0.90992414664981
167	0.91143266020035
167	0.918241965973535
167	0.91211029296569
167	0.911723052714398
167	0.911272497631828
167	0.908145580589255
167	0.916972696790675
167	0.915563957151859
167	0.914440203562341
167	0.907133878064111
167	0.910133542812255
167	0.903622047244094
167	0.914486279514997
167	0.90743073047859
167	0.910643681796615
167	0.91217817090507
167	0.910872313527181
167	0.902507836990596
167	0.916706788637458
167	0.920612373737374
167	0.902161906264794
167	0.911146245059289
167	0.911667453944261
167	0.912136536030341
167	0.909509445943801
167	0.902370114581698
167	0.912286207437627
167	0.906895455989832
167	0.912649164677804
167	0.911532385466035
167	0.918974848774276
167	0.918011826754035
167	0.918228008891712
167	0.905298223350254
167	0.903215636822194
167	0.914927513143221
167	0.911519723400911
167	0.912319644839068
167	0.911167512690355
167	0.913023110555903
167	0.90846286701209
167	0.91781691258131
167	0.910226015489173
167	0.917479609787302
167	0.910953506698188
167	0.913899920571882
167	0.91268585890541
167	0.909003831417625
167	0.909679456813516
167	0.912625944584383
167	0.912117387188388
167	0.913221191636535
167	0.909423168600032
167	0.909348441926346
167	0.912353127977136
167	0.907419251678925
167	0.916706179864075
167	0.910575550975107
167	0.9064039408867
167	0.909855578479606
167	0.911026374324754
167	0.91604743083004
167	0.91354512407144
167	0.908961141950833
167	0.914321846348403
167	0.914590189625451
167	0.911660206718346
167	0.910700297665674
167	0.904860228716646
167	0.91929602029491
167	0.9109394703657
167	0.907818153216926
167	0.913070767299545
167	0.910377358490566
167	0.91014263074485
167	0.916600727963285
167	0.902368758002561
167	0.916321985364302
167	0.917892738490745
168	0.911629382833571
168	0.907709355706823
168	0.910771191841938
168	0.910124782814721
168	0.905897313622635
168	0.915889328063241
168	0.917062361506806
168	0.909347553324969
168	0.91047377594676
168	0.911262258778867
168	0.90945194598888
168	0.919810576164167
168	0.904754332962315
168	0.911988582302569
168	0.915881983678594
168	0.910284810126582
168	0.912558869701727
168	0.910515593167215
168	0.912619833411913
168	0.903154224124267
168	0.910361067503925
168	0.907421936293739
168	0.91453125
168	0.910231966952653
168	0.91728727618444
168	0.907054337464252
168	0.913220551378446
168	0.909419720081774
168	0.913838936669273
168	0.910994764397906
168	0.914920434851111
168	0.907903022670025
168	0.911336982017201
168	0.915297495613336
168	0.905702100773969
168	0.909942250663337
168	0.914736012608353
168	0.913790386130812
168	0.912818907497261
168	0.914181472081218
168	0.907535321821036
168	0.909933983024206
168	0.909636650868878
168	0.915938344191959
168	0.91690408357075
168	0.912180403366683
168	0.912503927112787
168	0.905015673981191
168	0.91116711293117
168	0.906727587836773
168	0.911922833649589
168	0.915587529976019
168	0.913655560769592
168	0.912501970676336
168	0.910377358490566
168	0.911736941472624
168	0.915388265064052
168	0.913394553514883
168	0.913978494623656
168	0.920952380952381
168	0.917578063084483
168	0.909806390681568
168	0.908691559460308
168	0.910532098571653
168	0.915543716703228
168	0.912945711532284
168	0.90921875
168	0.911521323997454
168	0.917634138688422
168	0.906888958792073
168	0.91409691629956
168	0.912488174077578
168	0.915943857435736
168	0.914474720428414
168	0.912269648763585
168	0.908645487592856
168	0.91103091165856
168	0.903616352201258
168	0.912661663739422
168	0.912151581584717
168	0.915203290618573
168	0.906116642958748
168	0.901823281907433
168	0.909349786426198
168	0.911847894406034
168	0.91057677196291
168	0.911736641221374
168	0.911348632505501
168	0.905735107731305
168	0.920246367656349
168	0.910818024807662
168	0.902230659705743
168	0.910489949748744
168	0.90926246265136
168	0.911908132767028
168	0.905696202531646
168	0.916313392997331
168	0.91305033927726
168	0.915693084938427
168	0.907723963279519
169	0.918923223956674
169	0.916110581506196
169	0.905115251026208
169	0.911472305507338
169	0.913208142654253
169	0.91167734875723
169	0.914461247637051
169	0.916917233739516
169	0.912412177985948
169	0.914281245111841
169	0.911829652996845
169	0.909657818995843
169	0.917437041759643
169	0.912647289866457
169	0.917091836734694
169	0.91182427169341
169	0.912442396313364
169	0.911299169409184
169	0.907836990595611
169	0.91001267427123
169	0.902887972072358
169	0.906313966304519
169	0.910736579275905
169	0.9134375
169	0.908040593286495
169	0.906352941176471
169	0.907944514501892
169	0.904220009483167
169	0.916719846841098
169	0.910652920962199
169	0.907159716758458
169	0.915836101882614
169	0.91386421319797
169	0.913586097946288
169	0.913738524849636
169	0.902235516372796
169	0.908182386008745
169	0.909305249921408
169	0.914429266760873
169	0.903938520653218
169	0.90636292223095
169	0.913091482649842
169	0.90814884597268
169	0.917782327925658
169	0.913716814159292
169	0.913470681458003
169	0.916917233739516
169	0.909147869674185
169	0.910195707070707
169	0.911061523748805
169	0.918712145361811
169	0.909119447496468
169	0.910708661417323
169	0.908080175383652
169	0.911882296497681
169	0.914538000630716
169	0.906103286384977
169	0.91282214444798
169	0.910242203577648
169	0.914044152184124
169	0.915235544351662
169	0.915195460277427
169	0.910047095761381
169	0.906116642958748
169	0.908761994651565
169	0.910982478097622
169	0.917647058823529
169	0.90308230060375
169	0.906471421823335
169	0.913714375688868
169	0.916890080428954
169	0.90750353940538
169	0.907221350078493
169	0.90982312065698
169	0.908102143757881
169	0.905123339658444
169	0.90576652601969
169	0.911360799001248
169	0.91339583664389
169	0.912927934969517
169	0.912299968622529
169	0.905551211884285
169	0.917842981760507
169	0.905022688155218
169	0.910119421747329
169	0.906519654841803
169	0.906368821292776
169	0.911489228847955
169	0.909907071979839
169	0.914641842852635
169	0.910731244064577
169	0.907938520044367
169	0.908706545568431
169	0.902718843312903
169	0.904146303011193
169	0.916100489808817
169	0.90856153604029
169	0.907735760238506
169	0.916181789589558
169	0.915379766782225
170	0.913494809688581
170	0.912494150678521
170	0.916653586564119
170	0.909952606635071
170	0.908352849336456
170	0.910365469439193
170	0.9140292867265
170	0.916588124410933
170	0.909105155931672
170	0.912718600953895
170	0.908609683948311
170	0.906940310198966
170	0.913720604267248
170	0.90920574767093
170	0.906561264822134
170	0.915049315940185
170	0.911334695802547
170	0.91661432160804
170	0.914191419141914
170	0.908704549031953
170	0.91585404215162
170	0.909005481597494
170	0.922510406660263
170	0.915355569540592
170	0.915915915915916
170	0.916260034629309
170	0.9065625
170	0.910942681193747
170	0.912324885880686
170	0.913885390428212
170	0.905134627426425
170	0.914591868893791
170	0.90843183609141
170	0.906641604010025
170	0.914813654870028
170	0.905435124096764
170	0.915504121750158
170	0.910655090765588
170	0.919644275051612
170	0.912593536061137
170	0.913674679987512
170	0.914953710968147
170	0.9032
170	0.910875415545354
170	0.917233739515746
170	0.911769315154365
170	0.91514483627204
170	0.913556920170052
170	0.920971659919028
170	0.914847161572052
170	0.914051411449298
170	0.902091254752852
170	0.909062053642279
170	0.913494809688581
170	0.913388324873096
170	0.915196001874122
170	0.919390669628689
170	0.909376966645689
170	0.91361708811057
170	0.909362236883443
170	0.920549676196493
170	0.912129894937918
170	0.921438941764801
170	0.911195087387813
170	0.912021597586152
170	0.914158305462653
170	0.905058365758755
170	0.90994813767091
170	0.908131106208635
170	0.913615023474178
170	0.907169693174703
170	0.91189496994622
170	0.914511041009464
170	0.918412003751172
170	0.907808090310442
170	0.91288056206089
170	0.912275165667403
170	0.914061272584446
170	0.908690176322418
170	0.90457350846653
170	0.914362458524253
170	0.903449362104268
170	0.911574293383862
170	0.907085875175974
170	0.906559697970741
170	0.910402790992705
170	0.911511354737666
170	0.914218009478673
170	0.9061473486626
170	0.910092898756101
170	0.912707182320442
170	0.912419125769292
170	0.912456855977408
170	0.914539400665927
170	0.907810298951323
170	0.904844290657439
170	0.912851974201667
170	0.912352478363493
170	0.910313192027839
170	0.911714241148027
171	0.90911939830774
171	0.907653383934219
171	0.907413199874883
171	0.91108328115216
171	0.911580594679186
171	0.913622824894184
171	0.911960659898477
171	0.913430935709739
171	0.912838263058527
171	0.907448494453249
171	0.90758555432897
171	0.908172778123058
171	0.912032673578385
171	0.909177820267686
171	0.910906537681386
171	0.917256567563316
171	0.915232833464878
171	0.910936270653029
171	0.914528569179915
171	0.910610121393662
171	0.915856573705179
171	0.911545623836127
171	0.908075327162464
171	0.907477222745837
171	0.905686761963953
171	0.915551306564691
171	0.908872901678657
171	0.907075471698113
171	0.913934426229508
171	0.911585365853659
171	0.912393834539163
171	0.911023622047244
171	0.91664030370136
171	0.91160742371815
171	0.91324772940808
171	0.912831788911575
171	0.919101476594408
171	0.911871354248778
171	0.911096999523734
171	0.90665827168267
171	0.907820351758794
171	0.906914050111005
171	0.914209115281501
171	0.914950479484358
171	0.909446968510105
171	0.907880307065643
171	0.910471122241352
171	0.910068578553616
171	0.911414236437755
171	0.905814135715405
171	0.917073939776131
171	0.910900473933649
171	0.911316904724533
171	0.907636819821233
171	0.921401515151515
171	0.910330772848409
171	0.919478039465309
171	0.908268330733229
171	0.912166454891995
171	0.913886240864315
171	0.912797103730521
171	0.908317580340265
171	0.906437361943831
171	0.919778481012658
171	0.915539477823215
171	0.920246367656349
171	0.910181531176006
171	0.913063909774436
171	0.911723274377837
171	0.910158084207231
171	0.916533928002549
171	0.917481855474913
171	0.911964596175122
171	0.910306845003934
171	0.91544232572679
171	0.91715322707906
171	0.912548713951676
171	0.916221314052185
171	0.904761904761905
171	0.91123701605288
171	0.91126013724267
171	0.912745403552509
171	0.901933050447902
171	0.910569105691057
171	0.912406483790524
171	0.911703986025091
171	0.914182616881079
171	0.912700913961551
171	0.907172995780591
171	0.91216848673947
171	0.910717112553427
171	0.911944749646837
171	0.919021911718006
171	0.906903601195156
171	0.911934928828406
171	0.910218176110501
171	0.9125
171	0.908424336973479
171	0.908675078864353
171	0.909275770373846
172	0.915969041225715
172	0.916913946587537
172	0.910795188251836
172	0.909594680177327
172	0.916454487587524
172	0.914758269720102
172	0.914254247954688
172	0.913070866141732
172	0.911871354248778
172	0.914457070707071
172	0.912283439987514
172	0.906279434850863
172	0.912669322709163
172	0.913920857638342
172	0.910853925555208
172	0.913607594936709
172	0.908494640857463
172	0.913981857991867
172	0.91777812647105
172	0.90364500792393
172	0.91078540704158
172	0.912846189954624
172	0.913811981855154
172	0.90627973358706
172	0.914963847846589
172	0.917167246285172
172	0.914384097667867
172	0.913002364066194
172	0.912422655878153
172	0.909372579395817
172	0.912927518042046
172	0.907903022670025
172	0.909648984731623
172	0.910110609129148
172	0.912527335207748
172	0.911069359636762
172	0.90128688010044
172	0.91648317080843
172	0.915830721003135
172	0.911746329272102
172	0.907699515851944
172	0.917692907248636
172	0.920806221234725
172	0.9140257295262
172	0.90518727472183
172	0.909877319911922
172	0.910850253807107
172	0.913321605629298
172	0.909218970104868
172	0.916810547794695
172	0.91341788006889
172	0.908238236673441
172	0.907108112348972
172	0.910703075957313
172	0.905210295040804
172	0.910066266961187
172	0.912151581584717
172	0.909076706764568
172	0.909347111319868
172	0.911247251021049
172	0.909470752089137
172	0.910363264664255
172	0.90867651681861
172	0.904225352112676
172	0.914272256241168
172	0.911195087387813
172	0.912621359223301
172	0.911801830230357
172	0.913350047007208
172	0.914144632048423
172	0.909292385626088
172	0.912158965462861
172	0.915802701853597
172	0.912055181062863
172	0.913234831813895
172	0.910043804755945
172	0.912644405760405
172	0.902131018153118
172	0.90876256281407
172	0.91315332385915
172	0.916849701914026
172	0.908010012515645
172	0.912932546643279
172	0.914214541491515
172	0.915896632732968
172	0.895585472761428
172	0.907986111111111
172	0.911187823630943
172	0.905038455501491
172	0.907404471222451
172	0.90815208887498
172	0.91021429688722
172	0.908905613044842
172	0.905594956658786
172	0.910940679292534
172	0.9084417645192
172	0.918726235741445
172	0.919688295165394
172	0.91028651949272
172	0.909549322407816
173	0.909375
173	0.912804399057345
173	0.919413341744204
173	0.911534854642076
173	0.90743073047859
173	0.9084375
173	0.909603634654551
173	0.904724655819775
173	0.911220129767368
173	0.916187218162028
173	0.912757973733583
173	0.911598746081505
173	0.908962928202722
173	0.913199874882702
173	0.90736973869504
173	0.908892355694228
173	0.912771611692981
173	0.912032673578385
173	0.913289349670123
173	0.912822951339356
173	0.911223044231072
173	0.912053147738058
173	0.913922859830668
173	0.912871600253004
173	0.91777566539924
173	0.913836477987421
173	0.915450980392157
173	0.91114245416079
173	0.91927616050354
173	0.90783482493327
173	0.916798481493198
173	0.91439205955335
173	0.911262258778867
173	0.915198237885463
173	0.913874841972187
173	0.910965323336457
173	0.912587959343237
173	0.910270439268407
173	0.913739021329987
173	0.916640051101884
173	0.911125019558754
173	0.913091136861885
173	0.910122989593188
173	0.919233838786911
173	0.906112852664577
173	0.915320683707072
173	0.901719514118946
173	0.913323894918987
173	0.914438502673797
173	0.908976970076766
173	0.905367231638418
173	0.914159011719987
173	0.916096954630205
173	0.912705809257533
173	0.915165876777251
173	0.914860439731795
173	0.911034265954103
173	0.911107614852108
173	0.907056798623064
173	0.909062253743105
173	0.910552606931002
173	0.911344137273594
173	0.91216429699842
173	0.915658866027957
173	0.915690866510539
173	0.917931688804554
173	0.91354512407144
173	0.919741406496373
173	0.906929770043505
173	0.915759583530525
173	0.911497493734336
173	0.910268414481898
173	0.916094822208359
173	0.912297276019524
173	0.911273974738812
173	0.914089347079038
173	0.915976885834765
173	0.907198748043819
173	0.914258793969849
173	0.914051411449298
173	0.914344197764132
173	0.907995618838992
173	0.904334121355398
173	0.907936507936508
173	0.910006293266205
173	0.913355150381798
173	0.913166588013214
173	0.908764815970056
173	0.913665670702941
173	0.913619167717528
173	0.913860610806578
173	0.914111389236546
173	0.908664372849546
173	0.905985584456283
173	0.904547571007295
173	0.90381917381138
173	0.912099921935988
173	0.914127861089187
173	0.915175097276265
173	0.907706796421284
174	0.914796079671198
174	0.911579609817495
174	0.907020872865275
174	0.907474429583006
174	0.915323854660348
174	0.918876262626263
174	0.912745403552509
174	0.909663204280768
174	0.919319600499376
174	0.910194552529183
174	0.912017502734802
174	0.913638508730533
174	0.909375
174	0.9116591228344
174	0.910759096612296
174	0.907677814413566
174	0.910179640718563
174	0.908103855232101
174	0.915625
174	0.912511613502632
174	0.913132265158655
174	0.917754975124378
174	0.914317042606516
174	0.912920908379013
174	0.91025641025641
174	0.91305026537621
174	0.906496373383791
174	0.907506281407035
174	0.915293751942804
174	0.911667971808927
174	0.907581453634085
174	0.912209574302199
174	0.91348402182385
174	0.912470588235294
174	0.914164439553529
174	0.906616611919287
174	0.90951932139491
174	0.909530494462642
174	0.912879974929489
174	0.913752548220166
174	0.914240506329114
174	0.906868089082697
174	0.91183879093199
174	0.918473138548539
174	0.917036098796707
174	0.918045582266625
174	0.914420803782506
174	0.910691823899371
174	0.903135236312588
174	0.915881983678594
174	0.911079634875669
174	0.914178521181804
174	0.901153726223885
174	0.910594476517397
174	0.912445278298937
174	0.912751677852349
174	0.915235716515767
174	0.915423675023802
174	0.913998744507219
174	0.914576055890759
174	0.91023226616447
174	0.915910176779742
174	0.916548351474996
174	0.914097950242529
174	0.913479623824451
174	0.914267736353626
174	0.92077325305023
174	0.915066354410617
174	0.909573637357489
174	0.907526208731028
174	0.915748031496063
174	0.911250983477577
174	0.906329113924051
174	0.911044398799178
174	0.912853349992191
174	0.904865876481597
174	0.914601838865513
174	0.913166588013214
174	0.911329281595761
174	0.906284110400749
174	0.906904092471103
174	0.910529614540896
174	0.914873713751169
174	0.913098039215686
174	0.911515531848133
174	0.906947500785916
174	0.915086949710168
174	0.916270218839201
174	0.912429378531073
174	0.917357958992018
174	0.908722741433022
174	0.91220722816814
174	0.917281431486423
174	0.919453603391427
174	0.90883634100809
174	0.909105058365759
174	0.914163768574139
174	0.908650086031597
174	0.922037095253065
174	0.917113142136779
175	0.912261322392299
175	0.91116594694633
175	0.901461574728901
175	0.916536172878171
175	0.908818425619183
175	0.911681803946132
175	0.912277918781726
175	0.906860446944835
175	0.909277374566109
175	0.912531407035176
175	0.910054559625877
175	0.909517845961177
175	0.913787737317149
175	0.915059116365899
175	0.912926249008723
175	0.907137254901961
175	0.915007056609691
175	0.916195856873823
175	0.917532263141328
175	0.91814055407732
175	0.911540258526709
175	0.908031691781886
175	0.912859824780976
175	0.90786202610317
175	0.90983860955928
175	0.91007874015748
175	0.913253387322847
175	0.912610791478775
175	0.904739704739705
175	0.903417999372844
175	0.906361798102349
175	0.916888819193978
175	0.909033975262251
175	0.9228125
175	0.904384328358209
175	0.917059377945335
175	0.911184729452595
175	0.911261190513586
175	0.907865872767158
175	0.912752721617418
175	0.906553778613986
175	0.911917916337806
175	0.917383820998279
175	0.913152531744788
175	0.914267834793492
175	0.911838396492327
175	0.909543826872178
175	0.916588272185638
175	0.909344923936666
175	0.911912225705329
175	0.913023110555903
175	0.910457010069713
175	0.915455120101138
175	0.913261312040081
175	0.913905184715396
175	0.911635908664373
175	0.911223044231072
175	0.910855722938344
175	0.9098014694388
175	0.90821105213862
175	0.911239824671259
175	0.922968308754314
175	0.910833982852689
175	0.908254017787486
175	0.906848884699969
175	0.907896819116949
175	0.909728718428438
175	0.911594429666719
175	0.913517786561265
175	0.908282639213851
175	0.912607674236492
175	0.911135751623634
175	0.905993690851735
175	0.914308176100629
175	0.913409126304314
175	0.914276856301349
175	0.912739150723285
175	0.913890634820867
175	0.913549198365294
175	0.912068965517241
175	0.91712533417204
175	0.914736012608353
175	0.91390523381852
175	0.911450141553948
175	0.909264261878277
175	0.911662452591656
175	0.903667558633716
175	0.917188478396994
175	0.906206034078474
175	0.90546875
175	0.915723270440252
175	0.913976809777499
175	0.911852199780805
175	0.91086307184405
175	0.917943107221007
175	0.91694195375177
175	0.914084507042254
175	0.914880300422469
175	0.910426762544943
175	0.912597200622084
176	0.915559030492572
176	0.914866979655712
176	0.911212026307548
176	0.908036973210089
176	0.915339744600347
176	0.915172306252924
176	0.915016372992359
176	0.913383364602877
176	0.904886293792256
176	0.910853925555208
176	0.916575019638649
176	0.913836086008102
176	0.911654721096915
176	0.911065638281127
176	0.916535680603584
176	0.911250983477577
176	0.912804399057345
176	0.909461791934725
176	0.913936353660448
176	0.910218176110501
176	0.910636306924517
176	0.915037831021438
176	0.905547697626906
176	0.917056439039601
176	0.914339210485255
176	0.909422588832487
176	0.916276894293732
176	0.916679792093243
176	0.915490749451239
176	0.913728549141966
176	0.908490566037736
176	0.913398180106683
176	0.917231593883021
176	0.907622333751568
176	0.917810355583281
176	0.914569742155949
176	0.911221480676703
176	0.91099229438591
176	0.907824726134585
176	0.913389513108614
176	0.91126386502109
176	0.91210329807094
176	0.91313857209811
176	0.907779171894605
176	0.914880300422469
176	0.913657770800628
176	0.911875
176	0.908949899177912
176	0.918935739847518
176	0.911705269703093
176	0.916574846529199
176	0.914392639950101
176	0.910570390267025
176	0.912552891396333
176	0.913302034428795
176	0.909486104642136
176	0.912158965462861
176	0.913739508859186
176	0.910940679292534
176	0.917165354330709
176	0.91541822721598
176	0.913356271504535
176	0.915552759867904
176	0.904220526397757
176	0.912928348909657
176	0.909373542670605
176	0.915448687725915
176	0.910764430577223
176	0.913980185563768
176	0.911713700141889
176	0.915810768751945
176	0.9090623527564
176	0.909850275807723
176	0.913411764705882
176	0.913495884454108
176	0.914154962916206
176	0.912772585669782
176	0.90607476635514
176	0.915188297541239
176	0.909090909090909
176	0.912072466031548
176	0.911635908664373
176	0.91057677196291
176	0.918096723868955
176	0.918479111250196
176	0.913649898135089
176	0.909631019387117
176	0.910589332918675
176	0.909486780715397
176	0.920560747663551
176	0.906230333543109
176	0.910006293266205
176	0.913790410744963
176	0.910505836575875
176	0.91617435733674
176	0.915357087288004
176	0.912600031382394
176	0.914339504235959
176	0.914564943253468
176	0.905934343434343
177	0.911024844720497
177	0.912277968214397
177	0.916379039849388
177	0.908612958094944
177	0.916430148218228
177	0.912253212159198
177	0.913529689714916
177	0.910107052896725
177	0.910599655550337
177	0.913457040386714
177	0.913405626276913
177	0.90992125984252
177	0.917696761070255
177	0.916914876939959
177	0.912511759172154
177	0.91512513601741
177	0.915238392022437
177	0.909260700389105
177	0.913077525450274
177	0.908864309082412
177	0.920062695924765
177	0.917611846250788
177	0.903336988876704
177	0.916965259386197
177	0.908934975830345
177	0.917342482844666
177	0.913199314321334
177	0.908468244084682
177	0.92006829116871
177	0.90933291575321
177	0.911278905143936
177	0.913400758533502
177	0.910505836575875
177	0.908169628936701
177	0.913795791114575
177	0.913286713286713
177	0.914196567862715
177	0.910806984426616
177	0.907602707382339
177	0.907110627042166
177	0.907496507837964
177	0.907935523868568
177	0.914388376816123
177	0.909759149202377
177	0.913186813186813
177	0.918737302703547
177	0.91211029296569
177	0.908707865168539
177	0.906717004876514
177	0.912176891933977
177	0.908064010040791
177	0.904828879512424
177	0.914356898162566
177	0.91756777934493
177	0.912250888305268
177	0.909676405906378
177	0.911193913988511
177	0.911177021542304
177	0.91354556803995
177	0.9079425232907
177	0.913265306122449
177	0.908537537068831
177	0.91167734875723
177	0.914321647539695
177	0.910202162670428
177	0.920452759000157
177	0.905681104833647
177	0.907941956623498
177	0.910126384771415
177	0.908458326890366
177	0.911750825861255
177	0.909870575393732
177	0.913637775706741
177	0.914049070167214
177	0.911090313523631
177	0.909732016925247
177	0.914365933551708
177	0.910140405616225
177	0.913940145759032
177	0.912529182879377
177	0.919899085461999
177	0.908917803871787
177	0.910591900311526
177	0.915407384327777
177	0.904303957118083
177	0.915433733063386
177	0.911252719925396
177	0.915089913995309
177	0.911682242990654
177	0.914197051978278
177	0.91133765832561
177	0.914443567482242
177	0.908850931677019
177	0.909914129586261
177	0.909870575393732
177	0.915940224159402
177	0.9131591300266
177	0.912739150723285
177	0.909105180533752
177	0.918927346429685
178	0.916273955387999
178	0.91296875
178	0.911232449297972
178	0.915280584486243
178	0.913104744011273
178	0.910692019950125
178	0.911911443716869
178	0.916070873484613
178	0.911655874190564
178	0.911801242236025
178	0.91862090386706
178	0.91205873164636
178	0.915664556962025
178	0.91161420375252
178	0.914814239079745
178	0.912921785103405
178	0.910415035238841
178	0.908372093023256
178	0.922665828355863
178	0.911860718171926
178	0.910272277227723
178	0.909330849247011
178	0.911475409836066
178	0.907634893484684
178	0.913227679271928
178	0.912330051570558
178	0.912722126120459
178	0.910122842481729
178	0.912777951769496
178	0.922006011707008
178	0.915874746845303
178	0.917511305161391
178	0.912894695909162
178	0.912825337096268
178	0.920404984423676
178	0.916370381820992
178	0.906888958792073
178	0.908752904725019
178	0.916666666666667
178	0.915723270440252
178	0.91066687490239
178	0.914597970335675
178	0.907407407407407
178	0.910218176110501
178	0.916161144812568
178	0.91625
178	0.915769770706598
178	0.91928391959799
178	0.912209574302199
178	0.915679551122195
178	0.912763281986797
178	0.914867174149449
178	0.906129380886213
178	0.916902293433867
178	0.911695997508176
178	0.911989995310302
178	0.915142991092358
178	0.914117098928405
178	0.914123938345392
178	0.91389190026328
178	0.910846021032805
178	0.910440835266821
178	0.918094639207672
178	0.912146318586838
178	0.91108328115216
178	0.915281076801267
178	0.912806963009015
178	0.915320074580485
178	0.906351917999689
178	0.916287819407431
178	0.913315600062588
178	0.90927388140579
178	0.917411064096537
178	0.912731806139941
178	0.917986514034813
178	0.915066354410617
178	0.911948701908039
178	0.913253387322847
178	0.913811812122152
178	0.914334577114428
178	0.91193092621664
178	0.917458339822458
178	0.911451814768461
178	0.911843557798454
178	0.91188103148236
178	0.909161732626987
178	0.911483628387905
178	0.908493664946035
178	0.910898841215158
178	0.91164972634871
178	0.913282107574094
178	0.913520288265706
178	0.915148684415382
178	0.917254348848143
178	0.909245516388373
178	0.918579063187677
178	0.91359177954227
178	0.91096314648498
178	0.911622086657281
178	0.918752952290978
179	0.909743910056215
179	0.915444617784711
179	0.917767759987564
179	0.913266097750194
179	0.911787788416261
179	0.911433926897844
179	0.91543832428239
179	0.91182862465073
179	0.9158439116126
179	0.90665827168267
179	0.912962676165402
179	0.91219818124804
179	0.914768324810166
179	0.916095890410959
179	0.91272051996286
179	0.914209951645609
179	0.911169473196354
179	0.912106650131763
179	0.910875662200062
179	0.907488299531981
179	0.915246286161063
179	0.909957792715335
179	0.909062548744346
179	0.915227873697309
179	0.911331576499767
179	0.913036714374611
179	0.908780108780109
179	0.90997186620819
179	0.907990690457719
179	0.917415287628054
179	0.91533895657607
179	0.915810768751945
179	0.909894540942928
179	0.91615925058548
179	0.913029876427342
179	0.91858297078931
179	0.913584133480246
179	0.910071942446043
179	0.908581217878835
179	0.912671232876712
179	0.911796789777154
179	0.912218451095341
179	0.909956304619226
179	0.913991897787473
179	0.913111668757842
179	0.913083967096073
179	0.911892226695571
179	0.916069760199315
179	0.912907757140627
179	0.912275215011728
179	0.910594476517397
179	0.905235358086065
179	0.911925175370226
179	0.913292117465224
179	0.915429107394091
179	0.91461309056663
179	0.913455562461156
179	0.914388941250393
179	0.915590551181102
179	0.912079392153822
179	0.915301824988301
179	0.910222082217672
179	0.911135577225543
179	0.914436838830118
179	0.913541989463898
179	0.909217877094972
179	0.909429858629797
179	0.9126623884802
179	0.914058851004204
179	0.912631905648665
179	0.90991131165396
179	0.912294563843236
179	0.916132060710374
179	0.915053091817614
179	0.918795332702617
179	0.915794407123887
179	0.913451023277613
179	0.917795275590551
179	0.913865220759101
179	0.914111389236546
179	0.90997186620819
179	0.91214953271028
179	0.9103125
179	0.91049430843599
179	0.911090458488228
179	0.907970675401653
179	0.909246309246309
179	0.912955779674166
179	0.911987625676721
179	0.907764705882353
179	0.915015479876161
179	0.916679644915122
179	0.915322580645161
179	0.908190122309955
179	0.913419233186675
179	0.91429460258205
179	0.915331448319196
179	0.906230529595016
179	0.911321633794067
179	0.916263083893142
180	0.910288193368454
180	0.911723925435218
180	0.91630231105559
180	0.907211687907989
180	0.915383418883186
180	0.911504424778761
180	0.91535217866625
180	0.912029841467205
180	0.916771554436753
180	0.911993769470405
180	0.916757260444168
180	0.91192032368503
180	0.910969546302051
180	0.912955465587045
180	0.912598791259879
180	0.912935323383085
180	0.913036738490157
180	0.912234454954256
180	0.914549653579677
180	0.91404677094626
180	0.905710284736269
180	0.909205152371976
180	0.918629882207068
180	0.911492122335496
180	0.912490302560124
180	0.91082506203474
180	0.910021718895439
180	0.912299797854144
180	0.917209302325581
180	0.91719646456815
180	0.916497580771032
180	0.913801151392563
180	0.913880757972577
180	0.908807967631497
180	0.905504444097926
180	0.917707682698314
180	0.915164698570541
180	0.910121080409811
180	0.913566739606127
180	0.913825461370034
180	0.910322279308734
180	0.913084112149533
180	0.909908512947744
180	0.906075635461872
180	0.916783982480838
180	0.909204563213002
180	0.913755114888259
180	0.914245548266167
180	0.910611928737413
180	0.914674167838725
180	0.913766314481044
180	0.915569326103795
180	0.913319894557296
180	0.913421256788208
180	0.915307402760351
180	0.913212234125136
180	0.909428129829985
180	0.91328498688474
180	0.915060335370632
180	0.910517321733727
180	0.910218638548612
180	0.908977750116695
180	0.91086653232057
180	0.912261495151705
180	0.91497975708502
180	0.912266959110136
180	0.917029887920299
180	0.911988804229513
180	0.9115953307393
180	0.915424446885297
180	0.911910669975186
180	0.913299272333179
180	0.915277994081919
180	0.909119251753702
180	0.915372670807453
180	0.911299169409184
180	0.918484145398298
180	0.919862800124727
180	0.91406737367436
180	0.917246713070379
180	0.915357087288004
180	0.909908512947744
180	0.909669408660562
180	0.904984423676013
180	0.917683881064163
180	0.908285403388777
180	0.909161976235147
180	0.911001236093943
180	0.916885930970438
180	0.910340518587941
180	0.914680050188206
180	0.906853582554517
180	0.910410874266296
180	0.906753407682776
180	0.918275217932752
180	0.919495484272812
180	0.913744958113559
180	0.912356766800867
180	0.91193313728525
180	0.913501782669354
181	0.912513669739103
181	0.911176561773368
181	0.913924840168408
181	0.905007019185774
181	0.912710805746409
181	0.91609907120743
181	0.912678682411436
181	0.906501547987616
181	0.91809405169729
181	0.915405989502933
181	0.915861639139919
181	0.912846897411911
181	0.912420134019012
181	0.91617326269866
181	0.91957770532526
181	0.915694509254939
181	0.915470991890206
181	0.914622787954051
181	0.919506095654892
181	0.917226300171795
181	0.91809405169729
181	0.915373765867419
181	0.914408866995074
181	0.918357862122386
181	0.910512463229602
181	0.91924504950495
181	0.91223982603293
181	0.914844113541182
181	0.916073087643233
181	0.919714817110973
181	0.915514831495574
181	0.916808675445391
181	0.90417575568713
181	0.913482447965207
181	0.911142234671646
181	0.915396578538103
181	0.91049671977507
181	0.911273974738812
181	0.917945505793924
181	0.907591785936528
181	0.915414407436096
181	0.907117382539929
181	0.914658790610912
181	0.90951858240552
181	0.911294081093677
181	0.907864122847836
181	0.90996138996139
181	0.915383418883186
181	0.912713178294574
181	0.915089913995309
181	0.915193798449612
181	0.917946331627113
181	0.909259832765562
181	0.914090414789498
181	0.913618677042802
181	0.915068069306931
181	0.914316871786883
181	0.914072229140722
181	0.913649898135089
181	0.912038473471921
181	0.910272277227723
181	0.913050241095038
181	0.906537681385552
181	0.915068069306931
181	0.910861773414368
181	0.913192818110851
181	0.911475409836066
181	0.911035337879727
181	0.916066395239587
181	0.913605230386052
181	0.914547146401985
181	0.913645557803018
181	0.912190565156469
181	0.91617326269866
181	0.913854765977297
181	0.913971839702924
181	0.911704953899047
181	0.9213624234814
181	0.914250271359901
181	0.916407706650093
181	0.914388376816123
181	0.914906832298137
181	0.910997204100652
181	0.910541660273132
181	0.908241159059043
181	0.914161084281041
181	0.913171792482137
181	0.912291537986411
181	0.912752721617418
181	0.911290322580645
181	0.914584634603373
181	0.909288598943771
181	0.913559057575285
181	0.915033704342373
181	0.911810776942356
181	0.913846631480907
181	0.912139087239988
181	0.909984399375975
181	0.910190786412285
181	0.915471232454111
182	0.909203402938902
182	0.916536661466459
182	0.91307037896365
182	0.911072772898369
182	0.908992079515453
182	0.914639814097599
182	0.91692498450093
182	0.906602752435441
182	0.914018691588785
182	0.908557306147668
182	0.915554175721826
182	0.91727343144849
182	0.91265625
182	0.912291537986411
182	0.917377150829329
182	0.91905721817336
182	0.916925465838509
182	0.91400875547217
182	0.916576213366413
182	0.914873713751169
182	0.915059116365899
182	0.913434688178716
182	0.911453470277
182	0.91391237509608
182	0.907704280155642
182	0.914664202094886
182	0.913405238828968
182	0.911924329353388
182	0.913635660114533
182	0.916770963704631
182	0.915874746845303
182	0.910468532549869
182	0.911294081093677
182	0.910711517594171
182	0.905801621958827
182	0.911901802361715
182	0.919199751861042
182	0.91288875135386
182	0.919045390734675
182	0.913326110509209
182	0.907435976550447
182	0.913124708080336
182	0.916822139303483
182	0.917465224111283
182	0.909442724458204
182	0.91260320922262
182	0.915893630179344
182	0.91640866873065
182	0.911934028318033
182	0.914200720212933
182	0.909403311465167
182	0.910105393676379
182	0.915606577722619
182	0.91840223811004
182	0.914583009784128
182	0.911719233147805
182	0.914717804801996
182	0.914575214341387
182	0.913333333333333
182	0.909626414509378
182	0.915844636251541
182	0.920380180741664
182	0.915658914728682
182	0.915356151711378
182	0.912645461598138
182	0.913022963195974
182	0.917935965184955
182	0.909694350108058
182	0.914672054709357
182	0.916021072203285
182	0.912868839796076
182	0.909656352044783
182	0.920037629350894
182	0.910438542310068
182	0.91211029296569
182	0.917561051485457
182	0.919806913734039
182	0.915191626904725
182	0.911217849395724
182	0.907654167957856
182	0.911678267594741
182	0.910962108217683
182	0.914005296775199
182	0.91839277371126
182	0.910600651870247
182	0.914431082331175
182	0.914124824026279
182	0.91839258114374
182	0.916005599626692
182	0.913785082958598
182	0.912105098529872
182	0.918364197530864
182	0.916189000774593
182	0.915971578622181
182	0.90899241603467
182	0.91483090288551
182	0.914850873126256
182	0.914833879270005
182	0.915241057542768
182	0.915420560747664
183	0.916640794784229
183	0.916627852817885
183	0.913016560903885
183	0.917016970263117
183	0.916367608051178
183	0.917899984421249
183	0.916305021698698
183	0.913197111691504
183	0.915320074580485
183	0.912651538700653
183	0.914439324116743
183	0.914120947630923
183	0.913184772516249
183	0.913750387116754
183	0.917601246105919
183	0.910278339294044
183	0.911791871921182
183	0.913097454996896
183	0.916163024949636
183	0.915259488768397
183	0.913803775920768
183	0.916705444392741
183	0.912949194547708
183	0.912659013341607
183	0.91207774178621
183	0.907644787644788
183	0.914015210305758
183	0.910417947141979
183	0.911374629427368
183	0.908991740688795
183	0.912465202598206
183	0.915047021943574
183	0.918592029772058
183	0.917639732212362
183	0.913374805598756
183	0.915198752922837
183	0.915309446254072
183	0.918367346938776
183	0.913672421838544
183	0.909851301115242
183	0.908850109068246
183	0.912223767578427
183	0.90983606557377
183	0.916549898801183
183	0.908426616915423
183	0.908396946564885
183	0.913244828650818
183	0.915177877893429
183	0.910711493354183
183	0.914008321775312
183	0.91106595811191
183	0.918202943454686
183	0.916705516705517
183	0.91421492722205
183	0.911983855945359
183	0.914564308930506
183	0.917015666201334
183	0.91399845320959
183	0.908268330733229
183	0.912064177722925
183	0.913151364764268
183	0.909848718740352
183	0.916291349588445
183	0.91257169431096
183	0.911086888819682
183	0.912792511700468
183	0.919737663960025
183	0.910098329951615
183	0.907685098406748
183	0.905259920024608
183	0.913374805598756
183	0.915035725380553
183	0.912989045383412
183	0.909413580246914
183	0.911910669975186
183	0.910063575748178
183	0.916549680237092
183	0.915754923413567
183	0.913346767942955
183	0.913452638074668
183	0.910093167701863
183	0.914734712929827
183	0.914410208527856
183	0.911751116587094
183	0.916718555417185
183	0.909020698177325
183	0.914166408908135
183	0.91051976346094
183	0.916876178504085
183	0.917432621903723
183	0.904166666666667
183	0.915636249804351
183	0.910650796104498
183	0.914263565891473
183	0.913300186451212
183	0.915673835680025
183	0.915571362300912
183	0.90945426594927
183	0.913646877409406
183	0.916031721349712
184	0.916550764951321
184	0.911196911196911
184	0.912678682411436
184	0.9132732359341
184	0.917195480575762
184	0.910953628100447
184	0.915272614622057
184	0.913486791286884
184	0.916051660516605
184	0.912478738209371
184	0.914564308930506
184	0.915311967796873
184	0.915822291504287
184	0.915677701436602
184	0.911090458488228
184	0.91401175378905
184	0.914744389027431
184	0.911376687878318
184	0.916900093370682
184	0.917132216014898
184	0.911032028469751
184	0.915371595630097
184	0.913406525436833
184	0.910847880299252
184	0.919465174129353
184	0.912098151886939
184	0.916914876939959
184	0.912948857453754
184	0.914609842097195
184	0.916796267496112
184	0.912256267409471
184	0.912055641421948
184	0.91144540942928
184	0.916253101736973
184	0.912052117263844
184	0.917143298809708
184	0.91568139390168
184	0.917793317793318
184	0.910750193348801
184	0.91150169596053
184	0.916317991631799
184	0.910689495603887
184	0.914864029666255
184	0.915844636251541
184	0.91389190026328
184	0.913171335706547
184	0.911632241031216
184	0.920205319645357
184	0.915270018621974
184	0.916976456009913
184	0.912780790085205
184	0.918300653594771
184	0.917625116568231
184	0.908780108780109
184	0.913662385888906
184	0.915580384854128
184	0.910886469673406
184	0.915327564894932
184	0.913902175590187
184	0.911910669975186
184	0.913265306122449
184	0.916912564062743
184	0.915357087288004
184	0.914370695053225
184	0.914396284829721
184	0.912480739599384
184	0.918931439159975
184	0.910327767470625
184	0.912324107004794
184	0.914653035935564
184	0.914692676884967
184	0.911190328580285
184	0.912665112665113
184	0.914188351920694
184	0.913510986442263
184	0.909668422683607
184	0.915499461289826
184	0.90833075255497
184	0.913433297263874
184	0.916014125594964
184	0.914854234150856
184	0.911691927002784
184	0.916497263487099
184	0.914104742777692
184	0.918931511104209
184	0.915464557158368
184	0.911601357605677
184	0.92032243063091
184	0.914637904468413
184	0.91356115664141
184	0.912570006222775
184	0.912517449976733
184	0.915632754342432
184	0.914365067119272
184	0.916127042861548
184	0.913563004345127
184	0.913244116289802
184	0.914237235847601
184	0.914870689655172
184	0.914833879270005
185	0.912359900373599
185	0.918027687043086
185	0.914169787765293
185	0.915558304979895
185	0.915256867918671
185	0.92
185	0.911851736489643
185	0.914205781784271
185	0.915807295674927
185	0.908415841584158
185	0.917615852707131
185	0.915361959386142
185	0.910976931413532
185	0.917287399130975
185	0.913678000310511
185	0.91484375
185	0.916381722101337
185	0.908908445267871
185	0.915021591610117
185	0.912567463377024
185	0.915822291504287
185	0.910606762389995
185	0.913601236476043
185	0.911697071899433
185	0.913883735312307
185	0.910353340533868
185	0.9143475572047
185	0.918096121155926
185	0.915085536547434
185	0.915685058896466
185	0.913231434306006
185	0.916847657461992
185	0.915149645171243
185	0.914395688991532
185	0.915970287836583
185	0.910436257129644
185	0.91319070340157
185	0.912193608439342
185	0.909848718740352
185	0.910126192674669
185	0.911914696337506
185	0.91520149369846
185	0.915296307787775
185	0.911374845869297
185	0.916075285405739
185	0.914959174241257
185	0.912848989665278
185	0.9146875
185	0.909258406264394
185	0.917667238421955
185	0.909428129829985
185	0.915760024867889
185	0.91203125
185	0.914883720930233
185	0.914446002805049
185	0.913387071281808
185	0.913401741293532
185	0.916214119472459
185	0.908850931677019
185	0.914910105393676
185	0.906763884579584
185	0.918939863608183
185	0.915012406947891
185	0.912708204811845
185	0.911846582121868
185	0.915314479987637
185	0.91581868640148
185	0.916576715497301
185	0.914290118698936
185	0.911007751937984
185	0.911025443330763
185	0.910640257945647
185	0.913117546848382
185	0.916096954630205
185	0.912345679012346
185	0.915619668062665
185	0.912634822804314
185	0.916640890813486
185	0.916950201051655
185	0.914374034003091
185	0.916782675947409
185	0.91195065535852
185	0.908071050171393
185	0.913622291021672
185	0.914775358962483
185	0.907668474051123
185	0.92090570719603
185	0.913763740517108
185	0.912639405204461
185	0.913244828650818
185	0.9141075604053
185	0.913721253279827
185	0.913971839702924
185	0.915569326103795
185	0.914445133292002
185	0.915807295674927
185	0.913851874806322
185	0.913851874806322
185	0.915714726767521
185	0.920959010054138
186	0.909371622664814
186	0.911637931034483
186	0.915372670807453
186	0.911444767887238
186	0.915779731605738
186	0.917057169634489
186	0.910320174075225
186	0.913991897787473
186	0.913165266106443
186	0.9115562403698
186	0.914893617021277
186	0.920259619842374
186	0.913985148514851
186	0.913231434306006
186	0.913599260742338
186	0.910390408853366
186	0.917061973986228
186	0.909649661954517
186	0.911604784837657
186	0.910540164061291
186	0.915505893157814
186	0.91304347826087
186	0.914414414414414
186	0.913090460018524
186	0.909501557632399
186	0.916307028360049
186	0.912126808248692
186	0.91713048855906
186	0.912231991362024
186	0.911394372765428
186	0.911238036430997
186	0.911244423934779
186	0.917903525046382
186	0.920391061452514
186	0.912299630086313
186	0.913056930693069
186	0.913547788431797
186	0.911478448941758
186	0.910180572851806
186	0.915549391277547
186	0.91583850931677
186	0.908895044629117
186	0.913532675709001
186	0.915510329941412
186	0.91077207582062
186	0.916134060795012
186	0.916138996138996
186	0.919377431906615
186	0.921357098186366
186	0.91763610981852
186	0.923965651834504
186	0.910094882563385
186	0.910874266295953
186	0.910309754969949
186	0.911650936097787
186	0.913814369411039
186	0.914528593508501
186	0.914831356845834
186	0.910242545960142
186	0.914877300613497
186	0.916332201296696
186	0.91096314648498
186	0.914285714285714
186	0.919006479481641
186	0.919367343774229
186	0.909048434823236
186	0.913513513513514
186	0.912179984484096
186	0.911605625096585
186	0.915670135114148
186	0.91968992248062
186	0.917392657125078
186	0.915359527877
186	0.913211037459534
186	0.915536374845869
186	0.91352103960396
186	0.916008058267472
186	0.918452289193772
186	0.911828289067325
186	0.916255397902529
186	0.915906631627763
186	0.910686787804127
186	0.911117945563586
186	0.910895660203139
186	0.913835701050031
186	0.911875
186	0.907623039900637
186	0.914488943868873
186	0.916756756756757
186	0.912001237240953
186	0.913830445544555
186	0.914449257425743
186	0.910517321733727
186	0.91496282527881
186	0.910250499462118
186	0.911996294580824
186	0.910351201478743
186	0.910188912976154
186	0.913739987677141
186	0.911279123592038
187	0.916978193146417
187	0.915578358208955
187	0.915445147353803
187	0.914818237831177
187	0.916615289765721
187	0.914788514973757
187	0.91358595194085
187	0.913758647194466
187	0.915619107479573
187	0.913888888888889
187	0.9152647013428
187	0.91651148355059
187	0.913744958113559
187	0.916653828377754
187	0.91652574942352
187	0.911773794808405
187	0.915938864628821
187	0.915690505548705
187	0.914558914250463
187	0.918052988293284
187	0.914805114774303
187	0.916512059369202
187	0.911805448668616
187	0.919123321500232
187	0.912440265145676
187	0.916279789538842
187	0.919402520616151
187	0.912963247731816
187	0.917366946778711
187	0.915945611866502
187	0.908936564284612
187	0.914064914992272
187	0.912086220169361
187	0.914161760148745
187	0.911919504643963
187	0.918291550603528
187	0.911316397228637
187	0.913339523367379
187	0.913258983890954
187	0.913570770647835
187	0.910404180113724
187	0.916640890813486
187	0.911940986629783
187	0.913620237544347
187	0.90802105915144
187	0.917384615384615
187	0.913568773234201
187	0.914507370054306
187	0.912889300030836
187	0.918590335487842
187	0.914541801885335
187	0.910004638936137
187	0.912916152897657
187	0.914923076923077
187	0.915134803921569
187	0.918960717599753
187	0.915655150949269
187	0.908879590887959
187	0.913104089219331
187	0.91304347826087
187	0.91455500618047
187	0.915024630541872
187	0.915139380871708
187	0.912989434431324
187	0.915804109377414
187	0.911022167487685
187	0.916113085122818
187	0.914506172839506
187	0.914762198888203
187	0.914490049751244
187	0.912548113933795
187	0.914351851851852
187	0.914597970335675
187	0.913958526771897
187	0.912350597609562
187	0.917678182384065
187	0.917888563049853
187	0.910610242256976
187	0.910706009578248
187	0.918898003405046
187	0.916421150565979
187	0.915742452248922
187	0.917863208275436
187	0.913907284768212
187	0.917361754711152
187	0.921138085665687
187	0.914250651940482
187	0.911398246423627
187	0.915314479987637
187	0.917107309486781
187	0.913658011983408
187	0.917632514294545
187	0.914805114774303
187	0.912929167955459
187	0.913862303179994
187	0.910939907550077
187	0.912642263918794
187	0.913649025069638
187	0.917935965184955
187	0.915521235521236
188	0.914417887432537
188	0.911520737327189
188	0.911810052420598
188	0.918989681195133
188	0.91402157164869
188	0.915201973481344
188	0.916333435865887
188	0.912788000618525
188	0.915997529339098
188	0.910730804810361
188	0.914500999538674
188	0.913915458191916
188	0.914549653579677
188	0.915787841191067
188	0.915032679738562
188	0.914122725871107
188	0.913270798093188
188	0.913864578535237
188	0.912654320987654
188	0.91453785415699
188	0.914290118698936
188	0.912150687046472
188	0.915191053122088
188	0.91042698019802
188	0.917387276096356
188	0.914952837482604
188	0.913593581237463
188	0.91770496846639
188	0.911179645335389
188	0.905378332562799
188	0.914325409076876
188	0.914916615194565
188	0.912634822804314
188	0.915968992248062
188	0.913272417531361
188	0.916486902927581
188	0.91487385853583
188	0.916499149528375
188	0.914834742505765
188	0.910609341169193
188	0.91641057160418
188	0.914946070878274
188	0.915573390955394
188	0.920334779913205
188	0.908269525267994
188	0.916179637034759
188	0.911046243662621
188	0.915201973481344
188	0.908220024721879
188	0.913036762434353
188	0.914692676884967
188	0.914942883606051
188	0.913157894736842
188	0.910846724351051
188	0.915207373271889
188	0.914717804801996
188	0.915210058264336
188	0.915314479987637
188	0.914785029384473
188	0.91441717791411
188	0.908922220504098
188	0.91602583820363
188	0.913232104121475
188	0.912253455505513
188	0.913445248729401
188	0.916666666666667
188	0.916024653312789
188	0.911172583371753
188	0.916782461015902
188	0.91262882633441
188	0.915186157886606
188	0.919554455445545
188	0.91152484997692
188	0.911355198019802
188	0.911855036855037
188	0.918007425742574
188	0.914029942892422
188	0.913177339901478
188	0.912661737523105
188	0.913551761267497
188	0.914082986271788
188	0.91652626742227
188	0.914769230769231
188	0.910305636614959
188	0.916079632465544
188	0.90798957215151
188	0.913627935723115
188	0.918118735543562
188	0.917850525015442
188	0.913627935723115
188	0.920696625719173
188	0.913198205167879
188	0.911755630978093
188	0.917814579786411
188	0.910808299783215
188	0.915802507351803
188	0.915269875442104
188	0.916138996138996
188	0.91156462585034
188	0.909721152364813
189	0.914995371798828
189	0.912823655584495
189	0.916050523721503
189	0.913955281418658
189	0.911295273173726
189	0.909875211831767
189	0.91399845320959
189	0.913451191391238
189	0.917091245947198
189	0.911986459455301
189	0.914818237831177
189	0.912870072096947
189	0.910544113126345
189	0.913259754391419
189	0.914647322117611
189	0.916820702402957
189	0.91533004318322
189	0.913277880468269
189	0.916101172115978
189	0.912448068933682
189	0.913694611702949
189	0.914241486068112
189	0.913371287890445
189	0.909455498997378
189	0.912099753694581
189	0.917153396864433
189	0.91240763546798
189	0.912234860129112
189	0.908921933085502
189	0.915582403965304
189	0.914632273913711
189	0.916321203746353
189	0.91262285012285
189	0.909174734900876
189	0.9109324261636
189	0.916447876447876
189	0.913793103448276
189	0.913963546493667
189	0.913050169282856
189	0.920271940667491
189	0.917621554660886
189	0.914276904101141
189	0.914444273161708
189	0.916382252559727
189	0.914975399753998
189	0.916395222584148
189	0.9122725871107
189	0.913103874054638
189	0.916679501001078
189	0.912023460410557
189	0.919735017716839
189	0.912444512475126
189	0.91703863321533
189	0.912234860129112
189	0.909865262505808
189	0.910802469135802
189	0.91421568627451
189	0.91548645320197
189	0.913523459061638
189	0.918486619501692
189	0.91633033219497
189	0.90887995049505
189	0.914818237831177
189	0.913056835637481
189	0.914506172839506
189	0.914932963476653
189	0.914038342609771
189	0.912876459741856
189	0.912264442384924
189	0.912929573123748
189	0.914814814814815
189	0.916358024691358
189	0.914511382995199
189	0.915758784716894
189	0.916357452071738
189	0.916203703703704
189	0.912669126691267
189	0.912210816607936
189	0.918022625135596
189	0.912334666256536
189	0.913750387116754
189	0.909400123685838
189	0.912086220169361
189	0.91146477132262
189	0.913721253279827
189	0.915071031500927
189	0.912709389887813
189	0.91215182124273
189	0.91852195423624
189	0.914157789099892
189	0.917948717948718
189	0.916551618346372
189	0.915948275862069
189	0.914263565891473
189	0.915948275862069
189	0.918948182521268
189	0.909990720692855
189	0.915303918543659
189	0.914013228734041
189	0.913251894232256
190	0.914343246592317
190	0.921632024634334
190	0.915118956254797
190	0.913251155624037
190	0.916666666666667
190	0.915510329941412
190	0.912881723763758
190	0.91749884774927
190	0.916551193225558
190	0.914496995840394
190	0.911341482283769
190	0.917037264223279
190	0.917360468701819
190	0.915453700836172
190	0.912552236495898
190	0.916500689443849
190	0.916794832359274
190	0.908208840289543
190	0.916974169741697
190	0.915197055666309
190	0.917823003391921
190	0.912138374406858
190	0.916819571865443
190	0.9133160067268
190	0.919711390850476
190	0.915251620870639
190	0.913332303414182
190	0.912889844830235
190	0.911923492210396
190	0.912910150260656
190	0.912882298424467
190	0.918558282208589
190	0.915594362745098
190	0.914606051297804
190	0.918065609117511
190	0.916947594238431
190	0.91616208663251
190	0.911332312404288
190	0.915564441710243
190	0.916820418204182
190	0.913123844731978
190	0.913724286152901
190	0.913090293800954
190	0.916653804599475
190	0.914500999538674
190	0.91455500618047
190	0.912059140612968
190	0.912164248224761
190	0.914043209876543
190	0.911217849395724
190	0.916551406177962
190	0.91166512773161
190	0.91215698298329
190	0.913070283600493
190	0.915443425076453
190	0.915657107805551
190	0.910114091890225
190	0.914737003527066
190	0.915076923076923
190	0.914193449177303
190	0.913846153846154
190	0.916884314026732
190	0.91550375709247
190	0.916974738139248
190	0.91190036900369
190	0.910889570552147
190	0.915248994741726
190	0.911148752694795
190	0.91438781852082
190	0.910631741140216
190	0.913872654567825
190	0.913854214825089
190	0.914759637536477
190	0.911224332252586
190	0.914510166358595
190	0.916550549620684
190	0.916602554239114
190	0.914365067119272
190	0.915998766954377
190	0.913947044334975
190	0.917179802955665
190	0.917424125712525
190	0.913536716234861
190	0.912210200927357
190	0.916499459793178
190	0.915668202764977
190	0.914955562365921
190	0.913163124904449
190	0.915280345040049
190	0.914649095923996
190	0.916384875499539
190	0.914540424223793
190	0.917321016166282
190	0.912386240937837
190	0.916820702402957
190	0.914097254180089
190	0.913494274218508
190	0.915005408746716
190	0.916896235078053
190	0.912749615975422
191	0.91463601532567
191	0.914373088685015
191	0.915649621504712
191	0.914716748768473
191	0.914548238897397
191	0.911032575291948
191	0.916215798423249
191	0.91515244841392
191	0.911764705882353
191	0.912017167381974
191	0.913955281418658
191	0.917206290471785
191	0.914395099540582
191	0.91027407747665
191	0.913016656384948
191	0.915677508863882
191	0.917574827321566
191	0.913563218390805
191	0.912943344081069
191	0.914254926108374
191	0.915512465373961
191	0.914325195762322
191	0.9136109384711
191	0.912480739599384
191	0.918207024029575
191	0.913930653574716
191	0.915771709113225
191	0.917692307692308
191	0.916820135052179
191	0.91626683175979
191	0.916024653312789
191	0.916974169741697
191	0.91589790897909
191	0.91491322377515
191	0.915961212867477
191	0.91453515086537
191	0.915760453361924
191	0.915653378482376
191	0.914759637536477
191	0.912243019331083
191	0.915343099460293
191	0.915575412109074
191	0.917706888580675
191	0.913351834720937
191	0.915210058264336
191	0.915389331698345
191	0.91555145362252
191	0.913669064748201
191	0.917670682730924
191	0.913457112168175
191	0.91690939751648
191	0.916692284045497
191	0.911773747310175
191	0.915484268969772
191	0.910730804810361
191	0.914158476658477
191	0.913517665130568
191	0.91022290545734
191	0.917854406130268
191	0.915559627424034
191	0.913983440662373
191	0.913445248729401
191	0.915883531042983
191	0.915121801746591
191	0.91606233605925
191	0.908725247524752
191	0.911392405063291
191	0.91451810926949
191	0.914237496164468
191	0.91463601532567
191	0.914677344832897
191	0.91570349822777
191	0.912076108638944
191	0.915573390955394
191	0.915381090575836
191	0.916538815587604
191	0.913097072419106
191	0.913343558282209
191	0.918714263637769
191	0.91632183908046
191	0.914527286702536
191	0.912496162112373
191	0.911588641596316
191	0.915971578622181
191	0.913933795227098
191	0.914162428725536
191	0.919327471849452
191	0.915158023933722
191	0.910511798958014
191	0.915826458906202
191	0.912869458128079
191	0.917230769230769
191	0.913250422232458
191	0.914122725871107
191	0.91820987654321
191	0.909858722358722
191	0.91524643021649
191	0.913244828650818
191	0.917281672816728
191	0.916833205226749
192	0.913637060898911
192	0.917370603593918
192	0.914649095923996
192	0.917614509683369
192	0.910650796104498
192	0.909132983647023
192	0.915267293175166
192	0.916845988318475
192	0.916730917501927
192	0.91390423572744
192	0.916283348666053
192	0.918427139552814
192	0.917487684729064
192	0.91421568627451
192	0.916550764951321
192	0.913561392791692
192	0.918806704597878
192	0.910203457243384
192	0.913724286152901
192	0.915342298288509
192	0.916717980295567
192	0.91264367816092
192	0.914250651940482
192	0.915267293175166
192	0.913010125805462
192	0.913330265378125
192	0.914008321775312
192	0.916950201051655
192	0.915642286416718
192	0.915287990196078
192	0.912216083486802
192	0.914312039312039
192	0.917230769230769
192	0.914091470951792
192	0.919252740466265
192	0.917216004905718
192	0.916344518323798
192	0.917116839018367
192	0.911890897946675
192	0.913589704305194
192	0.914145292581785
192	0.913183279742765
192	0.911719470932021
192	0.914964949710454
192	0.91505376344086
192	0.917319809435992
192	0.919722650231125
192	0.919655225488687
192	0.914
192	0.914176245210728
192	0.910566615620214
192	0.912929975429975
192	0.914080415838557
192	0.91581868640148
192	0.916960318676268
192	0.915690505548705
192	0.91652626742227
192	0.918238021638331
192	0.918361059765866
192	0.911597104574157
192	0.9156202143951
192	0.910987482614743
192	0.914351851851852
192	0.914753596571778
192	0.916717980295567
192	0.912849677221027
192	0.914647322117611
192	0.915321960965115
192	0.913356847109339
192	0.916653875671527
192	0.913070094888277
192	0.917381974248927
192	0.912683823529412
192	0.915512465373961
192	0.91303678620902
192	0.914058922301939
192	0.917974761465066
192	0.914860919010297
192	0.915026697177727
192	0.91834537905582
192	0.918075622502306
192	0.914342629482072
192	0.912950519242517
192	0.917967554331191
192	0.914677344832897
192	0.913667953667954
192	0.908769774228229
192	0.917677776071264
192	0.918781725888325
192	0.917449561065763
192	0.920098340503995
192	0.914465601965602
192	0.916231972997852
192	0.917157927396835
192	0.91409354937328
192	0.916359163591636
192	0.915872039372501
192	0.91814837522992
192	0.916692189892802
192	0.913758647194466
193	0.913209857645798
193	0.916666666666667
193	0.916078551702976
193	0.917500384792981
193	0.911593759559498
193	0.915633134282652
193	0.916564792176039
193	0.916973039215686
193	0.916436675866299
193	0.917947141979103
193	0.911322491561829
193	0.914802329144959
193	0.916101172115978
193	0.916232771822358
193	0.913962033067973
193	0.914499847048027
193	0.91537636057029
193	0.91541755888651
193	0.916704945643852
193	0.914971708212265
193	0.91271056661562
193	0.914628518689432
193	0.916409623689081
193	0.91611614687356
193	0.916093535075653
193	0.916744042092231
193	0.916010498687664
193	0.912890385793019
193	0.913489511560251
193	0.915000763009309
193	0.91451810926949
193	0.914241724403387
193	0.914474696200585
193	0.917294388931591
193	0.915839315717122
193	0.917422727971705
193	0.914694128496772
193	0.918627903399477
193	0.916679430234339
193	0.913938835100661
193	0.916602672400553
193	0.916207107843137
193	0.91822358346095
193	0.916564605021433
193	0.913391893974418
193	0.917825146740809
193	0.912457912457912
193	0.911963190184049
193	0.914841476489508
193	0.91581868640148
193	0.914338632505016
193	0.914312039312039
193	0.91803025625193
193	0.909981628903858
193	0.911570881226054
193	0.917140661029977
193	0.919300398895367
193	0.916845329249617
193	0.919255613657336
193	0.915057915057915
193	0.914346895074946
193	0.918232214351709
193	0.914665851047561
193	0.912461538461538
193	0.915607290549854
193	0.9164997689108
193	0.91752104055088
193	0.916153846153846
193	0.916461916461916
193	0.91477621091355
193	0.91375612745098
193	0.914040991128786
193	0.91313656522404
193	0.91535282412368
193	0.917241379310345
193	0.913243408951563
193	0.914167686658507
193	0.915926493108729
193	0.915939366100138
193	0.912784481441882
193	0.915464866523473
193	0.912956708627571
193	0.914285714285714
193	0.916167664670659
193	0.916615384615385
193	0.916104294478528
193	0.915800733496333
193	0.908796296296296
193	0.910804597701149
193	0.914874001229256
193	0.917074663402693
193	0.917315026697178
193	0.916461916461916
193	0.918505942275042
193	0.915355233002292
193	0.91537636057029
193	0.912737293325168
193	0.916832898572963
193	0.912342646607307
193	0.917178856791641
194	0.914101975195223
194	0.913919413919414
194	0.911402157164869
194	0.914883863080685
194	0.915199755089545
194	0.912216083486802
194	0.913962033067973
194	0.920018492834027
194	0.916513480392157
194	0.916292743308061
194	0.915412956708628
194	0.917881811204912
194	0.914373088685015
194	0.920024702794504
194	0.914373088685015
194	0.91671760391198
194	0.916321203746353
194	0.915723462832671
194	0.914936163667128
194	0.914673661471995
194	0.912863705972435
194	0.911602209944751
194	0.916093535075653
194	0.915438919582566
194	0.913655848132272
194	0.91262285012285
194	0.911494955671049
194	0.914539061305611
194	0.915467075038285
194	0.9176233322991
194	0.909966371140324
194	0.917701149425287
194	0.913010125805462
194	0.913383412540242
194	0.915747549019608
194	0.91531641699786
194	0.919822167714242
194	0.914202094886014
194	0.914587478953008
194	0.913368983957219
194	0.914399266279425
194	0.912610958065504
194	0.915776624961855
194	0.914587478953008
194	0.917251908396947
194	0.91952081093534
194	0.913625866050808
194	0.908283570662992
194	0.915124636794617
194	0.913597298956415
194	0.914079311404857
194	0.913050122249389
194	0.917295549052826
194	0.916576881637679
194	0.916106356968215
194	0.915202444614209
194	0.916602907421576
194	0.914224664224664
194	0.916832593046408
194	0.917395977276217
194	0.912356101304681
194	0.914136767862619
194	0.916066778986062
194	0.91618320610687
194	0.914268123749423
194	0.916296182738004
194	0.918075622502306
194	0.915324436263231
194	0.91942689878293
194	0.915010700091715
194	0.917252982563475
194	0.916411042944785
194	0.91301684532925
194	0.914342629482072
194	0.919488916256158
194	0.914968592002451
194	0.917307101137412
194	0.911042944785276
194	0.912976865328635
194	0.91387486614655
194	0.915813598166539
194	0.914688313677439
194	0.917484662576687
194	0.915971578622181
194	0.917176974892835
194	0.912977099236641
194	0.914609842097195
194	0.916513480392157
194	0.919587945879459
194	0.914974813005648
194	0.914658480429777
194	0.915432758357503
194	0.91547564161672
194	0.915218054284843
194	0.914531226024244
194	0.916220761351475
194	0.91436887254902
194	0.915744157441574
194	0.915633134282652
194	0.914645379183297
195	0.914609842097195
195	0.914690483523252
195	0.913879981676592
195	0.914955562365921
195	0.916653922618137
195	0.91573464072315
195	0.915419847328244
195	0.915925130408101
195	0.914263920671243
195	0.910207214121259
195	0.918279569892473
195	0.915072685539403
195	0.916042208288729
195	0.916589861751152
195	0.917022574740696
195	0.916628281897743
195	0.913790458659304
195	0.917598407106754
195	0.914075662429162
195	0.916628281897743
195	0.912318286151492
195	0.914691943127962
195	0.913203496396258
195	0.913848508033665
195	0.915559627424034
195	0.913993278337916
195	0.913324112494237
195	0.913283284816914
195	0.912509593246355
195	0.912757830404889
195	0.913719512195122
195	0.914691943127962
195	0.910913822133782
195	0.917152500767107
195	0.914665851047561
195	0.915173786556423
195	0.91537636057029
195	0.916730798830229
195	0.916717510677242
195	0.91566265060241
195	0.915902140672783
195	0.91804788213628
195	0.915889279706377
195	0.916015325670498
195	0.91453515086537
195	0.915776624961855
195	0.917576503152391
195	0.915477834023623
195	0.917791411042945
195	0.915853658536585
195	0.916294126714968
195	0.913629402756508
195	0.915210058264336
195	0.915826458906202
195	0.916271963330787
195	0.918185996629386
195	0.915406932356085
195	0.914652799021107
195	0.916310323762981
195	0.915344722391702
195	0.916131007040098
195	0.917419947908687
195	0.913587786259542
195	0.914578239608802
195	0.916461916461916
195	0.913835322926232
195	0.915189486552567
195	0.917522612294956
195	0.91394885928648
195	0.918604651162791
195	0.914346895074946
195	0.914805750994188
195	0.912536443148688
195	0.914566687154272
195	0.916144799144646
195	0.917127071823204
195	0.915865017559933
195	0.916730211987189
195	0.916271963330787
195	0.918032786885246
195	0.913417255142769
195	0.912072682476132
195	0.914848161147566
195	0.914132925897632
195	0.914887126296522
195	0.914088820826953
195	0.917140661029977
195	0.916807108932128
195	0.916781609195402
195	0.916743189470462
195	0.916220761351475
195	0.916577540106952
195	0.918329751304882
195	0.91535282412368
195	0.91726784343822
195	0.914237496164468
195	0.914747597986884
195	0.914425427872861
195	0.917675915989575
195	0.913978494623656
196	0.915499390986602
196	0.915840829394725
196	0.914434409918873
196	0.91643709825528
196	0.911652120655336
196	0.915432758357503
196	0.9138010087116
196	0.91508857666463
196	0.915707047443574
196	0.915815159371664
196	0.913745809204511
196	0.915137614678899
196	0.913721890775585
196	0.913262195121951
196	0.916091425065194
196	0.914630421502749
196	0.914167686658507
196	0.914673167758647
196	0.916234360695758
196	0.915360024356828
196	0.915508021390374
196	0.916374714394516
196	0.915988327445861
196	0.914316370324954
196	0.915596330275229
196	0.916412446613789
196	0.915599444530165
196	0.915342298288509
196	0.917213991140981
196	0.918130441423553
196	0.916360294117647
196	0.913415940033655
196	0.915863545969099
196	0.91352752783285
196	0.913216195569137
196	0.914998460117031
196	0.916628352490421
196	0.918067869153164
196	0.917062701211099
196	0.918123275068997
196	0.915660809778457
196	0.915243902439024
196	0.914760597743214
196	0.914259513984411
196	0.918105423987777
196	0.916666666666667
196	0.915929203539823
196	0.914656488549618
196	0.917806114610539
196	0.915762115884421
196	0.916271963330787
196	0.914084074869592
196	0.917187738294952
196	0.915718240541372
196	0.917469050894085
196	0.914276998169616
196	0.913461538461538
196	0.914935858277337
196	0.918035303146585
196	0.913269996935336
196	0.915026697177727
196	0.915657107805551
196	0.912379789345138
196	0.916184090216397
196	0.913584036838066
196	0.913408674404398
196	0.914529914529915
196	0.917151607963247
196	0.916104294478528
196	0.915542611894543
196	0.913993278337916
196	0.915114503816794
196	0.915150588595016
196	0.914731051344743
196	0.912459966448071
196	0.917789344764238
196	0.919006479481641
196	0.916234360695758
196	0.91386682956628
196	0.916615479115479
196	0.914276998169616
196	0.918131359851989
196	0.914727495407226
196	0.913457112168175
196	0.916513480392157
196	0.917901234567901
196	0.913435114503817
196	0.912315724815725
196	0.917293233082707
196	0.917226634086744
196	0.916297540858408
196	0.914896867838044
196	0.915233415233415
196	0.914825537101935
196	0.914115125535824
196	0.914798894688364
196	0.917699250420682
196	0.913235742604453
196	0.916858767481174
196	0.914525993883792
197	0.914351145038168
197	0.913845684659957
197	0.916870415647922
197	0.915454127737785
197	0.914451573479988
197	0.915966386554622
197	0.915723462832671
197	0.912015858493443
197	0.91471084522166
197	0.917472004908728
197	0.915305966732794
197	0.914198473282443
197	0.914981617647059
197	0.915460776846916
197	0.916057282145034
197	0.915334246992538
197	0.917415815937833
197	0.915890703709357
197	0.916374179764993
197	0.912017167381974
197	0.915003808073115
197	0.91653975022845
197	0.917227662178703
197	0.916411980440098
197	0.914089870525514
197	0.917596697752637
197	0.9138010087116
197	0.915473652147426
197	0.915542611894543
197	0.916018899557994
197	0.914964949710454
197	0.914172266340867
197	0.915644171779141
197	0.914809160305344
197	0.913534983195845
197	0.916641174671153
197	0.91613394216134
197	0.917356639067771
197	0.915357633063901
197	0.914861153494049
197	0.911849931371054
197	0.915230980332368
197	0.9152826451318
197	0.918057895542962
197	0.915646050214329
197	0.911005953289574
197	0.915445665445665
197	0.914316370324954
197	0.917111077251257
197	0.915633134282652
197	0.915583422541673
197	0.915140415140415
197	0.915992057430884
197	0.915016752969845
197	0.917366732854743
197	0.915303470417367
197	0.915625951873287
197	0.913149847094801
197	0.916068976041508
197	0.915342298288509
197	0.914351145038168
197	0.913162705667276
197	0.914555996338114
197	0.915953545232274
197	0.916271963330787
197	0.914961832061069
197	0.914942528735632
197	0.913811481650678
197	0.915104404816339
197	0.91547146780592
197	0.915622133904005
197	0.913390663390663
197	0.911117898594991
197	0.914929234515295
197	0.91542365062279
197	0.917407293901318
197	0.909995407928976
197	0.917100827459393
197	0.915699450213806
197	0.914298878820458
197	0.916337085488287
197	0.917772692601068
197	0.917239273171477
197	0.915736351124025
197	0.91561117045628
197	0.916322472081995
197	0.916832593046408
197	0.913845684659957
197	0.915303470417367
197	0.914890377588307
197	0.914477703115455
197	0.913248970879707
197	0.913716475095785
197	0.913648173620663
197	0.914303234707956
197	0.914883863080685
197	0.914649095923996
197	0.91622157790325
197	0.917074663402693
197	0.916208791208791
198	0.916437938395852
198	0.917443815930286
198	0.915124636794617
198	0.916959779782841
198	0.916590423909729
198	0.913275415333028
198	0.914032676744541
198	0.916310323762981
198	0.91526973483694
198	0.916298216191493
198	0.914045801526718
198	0.917292081482616
198	0.914137562909867
198	0.912910618792972
198	0.914695559285823
198	0.914578239608802
198	0.916412911084044
198	0.914708574916082
198	0.915091463414634
198	0.917636252296387
198	0.913402692778458
198	0.916182318751912
198	0.918690439594221
198	0.914708574916082
198	0.914455626715462
198	0.91492286543455
198	0.913851351351351
198	0.913230108845623
198	0.912286063569682
198	0.912664423371061
198	0.915510141833155
198	0.915308453922315
198	0.916424751718869
198	0.916070068545316
198	0.916208791208791
198	0.917519474568505
198	0.914796152084288
198	0.916857360793288
198	0.918270699663917
198	0.917404580152672
198	0.914609842097195
198	0.913534983195845
198	0.914333792259446
198	0.913893129770992
198	0.91669204995431
198	0.913388228118329
198	0.916883116883117
198	0.915078518066778
198	0.911471894623985
198	0.915904936014625
198	0.916781398194891
198	0.915992057430884
198	0.915166310649985
198	0.915147802113647
198	0.919208952935766
198	0.91704857928506
198	0.91689497716895
198	0.914408207012709
198	0.915391676866585
198	0.915295551492992
198	0.915917745620716
198	0.914503816793893
198	0.91411603471905
198	0.917366732854743
198	0.916755440572211
198	0.914968055978095
198	0.915953545232274
198	0.915228348862074
198	0.914163744473243
198	0.915929203539823
198	0.91690806525385
198	0.915651644336175
198	0.918348623853211
198	0.914355379457482
198	0.916031697653155
198	0.912670445840355
198	0.910995565071112
198	0.914825537101935
198	0.915127461456266
198	0.916628492899679
198	0.916971916971917
198	0.916781187967629
198	0.91491308325709
198	0.916692096429661
198	0.915409236396891
198	0.918180430468631
198	0.916233567716295
198	0.916641267906126
198	0.916806594413067
198	0.917328850855746
198	0.9161329673681
198	0.91869545245751
198	0.914831804281346
198	0.915042630937881
198	0.916081782117791
198	0.917812404521845
198	0.915104404816339
198	0.91418537181249
198	0.91508857666463
198	0.916068976041508
199	0.915194884287454
199	0.914155251141552
199	0.915156130997715
199	0.916209628275442
199	0.915535904863546
199	0.914089870525514
199	0.915739753161664
199	0.915264606913429
199	0.915714067977442
199	0.915615022046526
199	0.914307574598317
199	0.915754257907543
199	0.916424751718869
199	0.915026697177727
199	0.914142182980667
199	0.914643457016338
199	0.915055564012787
199	0.915323806628154
199	0.914255254340542
199	0.91467680608365
199	0.915675510826471
199	0.915994521381829
199	0.91825821237586
199	0.918498168498168
199	0.917009916094584
199	0.914494741655235
199	0.915308453922315
199	0.916692096429661
199	0.917428397318708
199	0.915342298288509
199	0.916971916971917
199	0.915966386554622
199	0.914712153518124
199	0.913162705667276
199	0.916400182731841
199	0.915992057430884
199	0.912970583752477
199	0.916247139588101
199	0.915486523526725
199	0.916272685679427
199	0.916286149162861
199	0.916666666666667
199	0.914316206738832
199	0.915218054284843
199	0.913827349121467
199	0.917239273171477
199	0.916425635560968
199	0.913871951219512
199	0.915385786029524
199	0.916310975609756
199	0.915967668140918
199	0.915850673194614
199	0.915600243753809
199	0.915143205362584
199	0.916921197312156
199	0.91358024691358
199	0.915715807089609
199	0.915675510826471
199	0.912532437795756
199	0.916247906197655
199	0.914854797019918
199	0.913381032120566
199	0.913467397928093
199	0.915651644336175
199	0.915062633669416
199	0.916552250190694
199	0.914446643324707
199	0.917009288868585
199	0.915220700152207
199	0.914446643324707
199	0.914790018259282
199	0.915631231784016
199	0.916018899557994
199	0.916489199878308
199	0.917186786421069
199	0.917278287461774
199	0.915675510826471
199	0.915576513538181
199	0.915638800060911
199	0.915690153705676
199	0.917368018362663
199	0.915690153705676
199	0.916145753925903
199	0.913677811550152
199	0.914029214850883
199	0.915701219512195
199	0.914364219203175
199	0.914916286149163
199	0.914498706830975
199	0.917201344332417
199	0.91568657400336
199	0.915467075038285
199	0.916184090216397
199	0.915267175572519
199	0.91433806688044
199	0.915561652187167
199	0.916806338564681
199	0.914451573479988
199	0.915295551492992
199	0.915829528158295
200	0.914591291061879
200	0.915499390986602
200	0.917415815937833
200	0.915776624961855
200	0.914207484027989
200	0.915205124294647
200	0.914751103668747
200	0.916780769815914
200	0.915156130997715
200	0.914738124238733
200	0.916501599878105
200	0.915372907153729
200	0.915906326034063
200	0.916514320536258
200	0.91429880843263
200	0.917517914316207
200	0.915818264701413
200	0.913911321042206
200	0.915715807089609
200	0.915890703709357
200	0.917315026697178
200	0.91669204995431
200	0.91749275583346
200	0.918398533007335
200	0.91514598540146
200	0.915424399148159
200	0.917365452050617
200	0.914598873496727
200	0.915779872301611
200	0.917429792429792
200	0.916324357218926
200	0.916374179764993
200	0.917060527519439
200	0.916780769815914
200	0.91747868453106
200	0.915627850410459
200	0.915523025312595
200	0.916387450502589
200	0.91624637016659
200	0.916857012334399
200	0.915712322491984
200	0.914181375532562
200	0.916184971098266
200	0.916488875342883
200	0.916438356164384
200	0.916488875342883
200	0.917085044880572
200	0.914211570752557
200	0.91574144486692
200	0.91578786489378
200	0.917238225880201
200	0.916298889057982
200	0.917326431181486
200	0.916109422492401
200	0.91613394216134
200	0.91722458916616
200	0.916400182731841
200	0.915310932035883
200	0.915473652147426
200	0.916488875342883
200	0.915499390986602
200	0.916107382550336
200	0.915954850518609
200	0.918220727606237
200	0.916476146928822
200	0.916476146928822
200	0.915375265876633
200	0.915589353612167
200	0.91607115706249
200	0.91458587088916
200	0.915398660986001
200	0.915550821667681
200	0.916768292682927
200	0.915893536121673
200	0.916781187967629
200	0.914977906445223
200	0.915815159371664
200	0.916628632283584
200	0.914916286149163
200	0.916882326077028
200	0.912606577344702
200	0.913963758184864
200	0.917580743449116
200	0.915867944621938
200	0.915525114155251
200	0.916527037319117
200	0.916997253585597
200	0.914825537101935
200	0.913335367714373
200	0.91607115706249
200	0.915029693924166
200	0.915892122504952
200	0.916970802919708
200	0.916323731138546
200	0.916946053032612
200	0.914663827198053
200	0.916399694889397
200	0.91487741738998
200	0.916386426169367
200	0.914259653390088
201	0.915982983895473
201	0.916196861191528
201	0.916488222698073
201	0.914303141201586
201	0.916261398176292
201	0.91624867001064
201	0.916946053032612
201	0.915450121654501
201	0.915702982349361
201	0.91640066879465
201	0.91823322634877
201	0.916831683168317
201	0.916273405388948
201	0.915094339622642
201	0.916210462287105
201	0.915488676090591
201	0.91607115706249
201	0.914024390243902
201	0.916208791208791
201	0.916020082154267
201	0.916235937975068
201	0.915728627928202
201	0.915475828519307
201	0.916768292682927
201	0.916895394937481
201	0.915995746620082
201	0.914159829838955
201	0.915184678522572
201	0.916539981757373
201	0.914307458143075
201	0.91609667122663
201	0.916488875342883
201	0.915754257907543
201	0.916857012334399
201	0.916984006092917
201	0.914129110840438
201	0.914796152084288
201	0.91400304414003
201	0.915754257907543
201	0.915818264701413
201	0.916641221374046
201	0.916552667578659
201	0.91693339429965
201	0.916184090216397
201	0.915752589884217
201	0.915779872301611
201	0.916007303712721
201	0.916590563165906
201	0.916032856708245
201	0.91340739613453
201	0.916425635560968
201	0.91664131426833
201	0.916286842904892
201	0.915982983895473
201	0.916109422492401
201	0.916755440572211
201	0.915561652187167
201	0.915120170368117
201	0.916349230534816
201	0.915424399148159
201	0.916831382089098
201	0.91689497716895
201	0.91549511002445
201	0.916082851050868
201	0.914686166971359
201	0.914055369637968
201	0.915156130997715
201	0.915691933768798
201	0.915058501747455
201	0.917186786421069
201	0.916134913400182
201	0.91631162507608
201	0.915016752969845
201	0.91565349544073
201	0.914841849148418
201	0.915450121654501
201	0.915602189781022
201	0.916335877862595
201	0.913989952808647
201	0.916235937975068
201	0.915587383818376
201	0.915957446808511
201	0.915627850410459
201	0.916210462287105
201	0.915527195381343
201	0.916172219686597
201	0.916387959866221
201	0.916299559471366
201	0.916298216191493
201	0.915540027343157
201	0.916818734793187
201	0.91580547112462
201	0.916692003648525
201	0.91584384019444
201	0.915739753161664
201	0.916134913400182
201	0.915754257907543
201	0.916895814237702
201	0.916184090216397
201	0.913898201767754
202	0.916160388821385
202	0.916160388821385
202	0.915666312110621
202	0.915893536121673
202	0.915184678522572
202	0.915995746620082
202	0.915398660986001
202	0.916387450502589
202	0.916160388821385
202	0.916147653045724
202	0.916299559471366
202	0.916679337083777
202	0.91640066879465
202	0.914919477362504
202	0.915272284758138
202	0.914955119427963
202	0.915462977041204
202	0.915995746620082
202	0.91580547112462
202	0.915679124886053
202	0.915856622114216
202	0.915957446808511
202	0.915181970458352
202	0.91642607506458
202	0.915666312110621
202	0.915679124886053
202	0.916844025539678
202	0.915893536121673
202	0.916160388821385
202	0.916552667578659
202	0.91580547112462
202	0.915906326034063
202	0.914589665653495
202	0.915691933768798
202	0.916172219686597
202	0.916704805491991
202	0.915552855407047
202	0.914893617021277
202	0.915615022046526
202	0.916565349544073
202	0.916299559471366
202	0.915194884287454
202	0.91642607506458
202	0.915970217292205
202	0.916160388821385
202	0.915666312110621
202	0.915702982349361
202	0.917085044880572
202	0.916299559471366
202	0.915475828519307
202	0.916261398176292
202	0.916831382089098
202	0.912686340127776
202	0.915702982349361
202	0.915893536121673
202	0.916793428658351
202	0.916387959866221
202	0.914955119427963
202	0.915728627928202
202	0.917428397318708
202	0.915702982349361
202	0.916109422492401
202	0.915249088699879
202	0.914919477362504
202	0.915249088699879
202	0.915398660986001
202	0.916552667578659
202	0.916552667578659
202	0.915995746620082
202	0.915893536121673
202	0.917442392797192
202	0.915388120917515
202	0.916704666362669
202	0.916565349544073
202	0.916412911084044
202	0.916160388821385
202	0.916109422492401
202	0.91624867001064
202	0.916996649406031
202	0.915499390986602
202	0.915995746620082
202	0.91646378575776
202	0.916008505467801
202	0.916996649406031
202	0.916425635560968
202	0.915540027343157
202	0.916349230534816
202	0.916261398176292
202	0.914589665653495
202	0.916299559471366
202	0.916122169882997
202	0.915540027343157
202	0.916539981757373
202	0.915856622114216
202	0.916286842904892
202	0.916184971098266
202	0.916425635560968
202	0.916945543048372
202	0.915728627928202
202	0.915362406929038
203	0.916160388821385
203	0.916160388821385
203	0.916160388821385
203	0.916160388821385
203	0.916160388821385
203	0.916160388821385
203	0.916160388821385
203	0.916160388821385
203	0.916160388821385
203	0.916160388821385
203	0.916160388821385
203	0.916160388821385
203	0.916160388821385
203	0.916160388821385
203	0.916160388821385
203	0.916160388821385
203	0.916160388821385
203	0.916160388821385
203	0.916160388821385
203	0.916160388821385
203	0.916160388821385
203	0.916160388821385
203	0.916160388821385
203	0.916160388821385
203	0.916160388821385
203	0.916160388821385
203	0.916160388821385
203	0.916160388821385
203	0.916160388821385
203	0.916160388821385
203	0.916160388821385
203	0.916160388821385
203	0.916160388821385
203	0.916160388821385
203	0.916160388821385
203	0.916160388821385
203	0.916160388821385
203	0.916160388821385
203	0.916160388821385
203	0.916160388821385
203	0.916160388821385
203	0.916160388821385
203	0.916160388821385
203	0.916160388821385
203	0.916160388821385
203	0.916160388821385
203	0.916160388821385
203	0.916160388821385
203	0.916160388821385
203	0.916160388821385
203	0.916160388821385
203	0.916160388821385
203	0.916160388821385
203	0.916160388821385
203	0.916160388821385
203	0.916160388821385
203	0.916160388821385
203	0.916160388821385
203	0.916160388821385
203	0.916160388821385
203	0.916160388821385
203	0.916160388821385
203	0.916160388821385
203	0.916160388821385
203	0.916160388821385
203	0.916160388821385
203	0.916160388821385
203	0.916160388821385
203	0.916160388821385
203	0.916160388821385
203	0.916160388821385
203	0.916160388821385
203	0.916160388821385
203	0.916160388821385
203	0.916160388821385
203	0.916160388821385
203	0.916160388821385
203	0.916160388821385
203	0.916160388821385
203	0.916160388821385
203	0.916160388821385
203	0.916160388821385
203	0.916160388821385
203	0.916160388821385
203	0.916160388821385
203	0.916160388821385
203	0.916160388821385
203	0.916160388821385
203	0.916160388821385
203	0.916160388821385
203	0.916160388821385
203	0.916160388821385
203	0.916160388821385
203	0.916160388821385
203	0.916160388821385
203	0.916160388821385
203	0.916160388821385
203	0.916160388821385
203	0.916160388821385
203	0.916160388821385
