"samples"	"ph_otu_ratio"
1	0.270983213429257
1	0.245945945945946
1	0.0514469453376206
1	0.09375
1	0.190058479532164
1	0.202680067001675
1	0.131067961165049
1	0.141284403669725
1	0.124513618677043
1	0.125177809388336
1	0.153169014084507
1	0.140151515151515
1	0.18359853121175
1	0.250645994832041
1	0.245945945945946
1	0.245945945945946
1	0.104672897196262
1	0.124731182795699
1	0.181818181818182
1	0.172628304821151
1	0.121080139372822
1	0.163716814159292
1	0.0742705570291777
1	0.0607287449392713
1	0.156186612576065
1	0.159194876486734
1	0.145480225988701
1	0.168695652173913
1	0.0968992248062016
1	0
1	0.131067961165049
1	0.159402241594022
1	0.209650582362729
1	0.0514469453376206
1	0
1	0.168674698795181
1	0.121080139372822
1	0.152482269503546
1	0.154742096505824
1	0.167076167076167
1	0.285500747384155
1	0.273087071240106
1	0.213292117465224
1	0.213313161875946
1	0.153256704980843
1	0.202680067001675
1	0.0758293838862559
1	0.270983213429257
1	0.224489795918367
1	0.182344428364689
1	0.271954674220963
1	0.0133333333333333
1	0.235401459854015
1	0.274082568807339
1	0.0936329588014981
1	0.0801526717557252
1	0.0801526717557252
1	0.226235741444867
1	0.147692307692308
1	0.152820512820513
1	0.17875
1	0.133891213389121
1	0.181818181818182
1	0.138114209827357
1	0.165034965034965
1	0.171428571428571
1	0.154929577464789
1	0
1	0.179910044977511
1	0.176144244105409
1	0.275401069518717
1	0.168949771689498
1	0.178640776699029
1	0.0514469453376206
1	0.186206896551724
1	0.114537444933921
1	0.216666666666667
1	0.253886010362694
1	0.216666666666667
1	0.197947214076246
1	0.1875
1	0.154929577464789
1	0.0801526717557252
1	0.197761194029851
1	0.173297966401415
1	0.204861111111111
1	0.241071428571429
1	0.157142857142857
1	0.124513618677043
1	0.270983213429257
1	0.176146788990826
1	0.155893536121673
1	0.0936329588014981
1	0.0555555555555556
1	0.156146179401993
1	0
1	0.104712041884817
1	0.241071428571429
1	0.157142857142857
1	0.157142857142857
2	0.0956429330499469
2	0.200850159404888
2	0.165536723163842
2	0.15042573320719
2	0.223194748358862
2	0.14162806088683
2	0.158794788273616
2	0.198211624441133
2	0.235588972431078
2	0.0704738760631835
2	0.196011396011396
2	0.107476635514019
2	0.173189823874755
2	0.225142857142857
2	0.12691466083151
2	0.221021021021021
2	0.149171270718232
2	0.20846394984326
2	0.230998509687034
2	0.174603174603175
2	0.217511520737327
2	0.249374478732277
2	0.176470588235294
2	0.203632887189293
2	0.264416315049226
2	0.137380191693291
2	0.151403249630724
2	0.190592051905921
2	0.136410256410256
2	0.139427516158818
2	0.142530051516886
2	0.178102189781022
2	0.166044776119403
2	0.199360341151386
2	0.164285714285714
2	0.170044052863436
2	0.129975629569456
2	0.150990099009901
2	0.195739014647137
2	0.242845461978741
2	0.183109118086697
2	0.199468085106383
2	0.189597315436242
2	0.148148148148148
2	0.188266199649737
2	0.218512898330804
2	0.158362989323843
2	0.113561190738699
2	0.239033124440466
2	0.190604026845638
2	0.170229007633588
2	0.163808397397989
2	0.234751773049645
2	0.191525423728814
2	0.0721476510067114
2	0.175745784695201
2	0.107396149949341
2	0.191089108910891
2	0.244817374136229
2	0.163698049194232
2	0.146443514644351
2	0.156294200848656
2	0.184601924759405
2	0.188942891859052
2	0.178829190056135
2	0.16056338028169
2	0.209428129829985
2	0.238683127572016
2	0.144622093023256
2	0.225352112676056
2	0.191278493557978
2	0.234408602150538
2	0.220706260032103
2	0.189212328767123
2	0.221294363256785
2	0.169437846397466
2	0.153716216216216
2	0.202293202293202
2	0.146253602305476
2	0.135913591359136
2	0.229962546816479
2	0.157706093189964
2	0.223826714801444
2	0.151624548736462
2	0.265878877400295
2	0.171773444753946
2	0.256
2	0.184666666666667
2	0.144048521607278
2	0.175618073316283
2	0.214814814814815
2	0.246715328467153
2	0.148200423429781
2	0.306282722513089
2	0.136727272727273
2	0.245600612088753
2	0.146464646464646
2	0.218816067653277
2	0.127437325905292
2	0.171171171171171
3	0.186307519640853
3	0.212198221092757
3	0.172104926423544
3	0.2181146025878
3	0.2109375
3	0.181499649614576
3	0.12598944591029
3	0.131934032983508
3	0.159027128157156
3	0.207792207792208
3	0.204819277108434
3	0.208031599736669
3	0.219022687609075
3	0.213896457765668
3	0.172496025437202
3	0.202851587815943
3	0.177018633540373
3	0.193621867881549
3	0.157309054122408
3	0.0957095709570957
3	0.18668407310705
3	0.169272603670972
3	0.175014731879788
3	0.113286713286713
3	0.158354755784062
3	0.159185803757829
3	0.229149115417018
3	0.142948308870453
3	0.163701067615658
3	0.171365395245992
3	0.182802164762477
3	0.193098384728341
3	0.153243050605845
3	0.19901547116737
3	0.196748878923767
3	0.203488372093023
3	0.203193033381713
3	0.173845355474831
3	0.192452830188679
3	0.192567567567568
3	0.126220886551465
3	0.154889364739472
3	0.109125117591722
3	0.161818181818182
3	0.195718654434251
3	0.197876447876448
3	0.24354657687991
3	0.229405034324943
3	0.208588957055215
3	0.198285714285714
3	0.202046035805627
3	0.21546170365068
3	0.129749103942652
3	0.193267556587348
3	0.143266475644699
3	0.225849433710859
3	0.181236673773987
3	0.20096463022508
3	0.185386473429952
3	0.150662251655629
3	0.13250773993808
3	0.204968944099379
3	0.171897289586305
3	0.16751269035533
3	0.178628389154705
3	0.189456342668863
3	0.245901639344262
3	0.261061946902655
3	0.17953667953668
3	0.212312549329124
3	0.127237851662404
3	0.205882352941176
3	0.150943396226415
3	0.174890693316677
3	0.214959568733154
3	0.224274406332454
3	0.223941368078176
3	0.202540578687368
3	0.181998676373263
3	0.185840707964602
3	0.116923076923077
3	0.13730407523511
3	0.175221238938053
3	0.154477101845523
3	0.214974475326149
3	0.154075546719682
3	0.166995397764629
3	0.12972972972973
3	0.209141274238227
3	0.187669376693767
3	0.186612576064909
3	0.127033307513555
3	0.198070739549839
3	0.184504267892318
3	0.152522255192878
3	0.185116279069767
3	0.191282051282051
3	0.163541666666667
3	0.1296875
3	0.223424570337365
4	0.176314038589488
4	0.180703188879804
4	0.149210903873745
4	0.199284009546539
4	0.179664933564414
4	0.263081395348837
4	0.171808510638298
4	0.192456479690522
4	0.160812294182217
4	0.1728285077951
4	0.155939298796442
4	0.226281075596144
4	0.174772036474164
4	0.164505119453925
4	0.19242125984252
4	0.167277167277167
4	0.184168012924071
4	0.176222088111044
4	0.203694701020904
4	0.169969176574196
4	0.177248677248677
4	0.184722222222222
4	0.181019332161687
4	0.2109375
4	0.174483106404438
4	0.212105263157895
4	0.229914098029308
4	0.21221468229488
4	0.166257969592938
4	0.183673469387755
4	0.105229591836735
4	0.190029615004936
4	0.195816385822196
4	0.154434250764526
4	0.155727155727156
4	0.186946902654867
4	0.19391206313416
4	0.167398731088336
4	0.171741778319123
4	0.153169014084507
4	0.163232963549921
4	0.16143064282262
4	0.187848101265823
4	0.195652173913043
4	0.195632798573975
4	0.225959261013738
4	0.203076923076923
4	0.162650602409639
4	0.226453937210499
4	0.166229680125852
4	0.149895905621096
4	0.262609649122807
4	0.163194444444444
4	0.174579985390796
4	0.178070898598516
4	0.192800788954635
4	0.199792960662526
4	0.170530654301906
4	0.184316353887399
4	0.194261805140466
4	0.161662817551963
4	0.185572399372713
4	0.170553935860058
4	0.209388511426807
4	0.200241254523522
4	0.210793650793651
4	0.15020297699594
4	0.207837648705388
4	0.177679067184897
4	0.219242902208202
4	0.219135802469136
4	0.158238172920065
4	0.201967592592593
4	0.149891774891775
4	0.182590233545648
4	0.195538680588514
4	0.188154897494305
4	0.147699757869249
4	0.216472617507546
4	0.150404312668464
4	0.220957799905168
4	0.148148148148148
4	0.212379329926178
4	0.182314952806756
4	0.181766381766382
4	0.205390334572491
4	0.173663024726855
4	0.18294051627385
4	0.197787610619469
4	0.188923076923077
4	0.209687699171447
4	0.175087108013937
4	0.231283422459893
4	0.218422252621979
4	0.216162943495401
4	0.177427554651754
4	0.243533430941923
4	0.189218921892189
4	0.205128205128205
4	0.191122071516646
5	0.199184921039226
5	0.192207792207792
5	0.200477326968974
5	0.174871996849153
5	0.148111819519372
5	0.208097518502394
5	0.220194647201946
5	0.232055464926591
5	0.204683840749415
5	0.17447619047619
5	0.200795228628231
5	0.19496855345912
5	0.173892773892774
5	0.164116094986807
5	0.171127331711273
5	0.18096357226792
5	0.191734742912061
5	0.183333333333333
5	0.178498153467378
5	0.190220048899755
5	0.193139097744361
5	0.256501784803672
5	0.164319248826291
5	0.176052487698196
5	0.180052956751986
5	0.159211159211159
5	0.190078037904125
5	0.204407951598963
5	0.191961607678464
5	0.188574317492417
5	0.219088937093275
5	0.188736027515047
5	0.186096256684492
5	0.1875
5	0.15406976744186
5	0.184495452576873
5	0.189307146753955
5	0.183117767188564
5	0.195784803105935
5	0.177344951307022
5	0.178899082568807
5	0.208218095614382
5	0.187085514834206
5	0.231216674745516
5	0.201205377839592
5	0.185814185814186
5	0.142320085929108
5	0.169210053859964
5	0.179676674364896
5	0.187241854061496
5	0.182205193699447
5	0.224522939504669
5	0.17087206728641
5	0.186210131332083
5	0.260060362173038
5	0.215208747514911
5	0.179443254817987
5	0.196211096075778
5	0.186605080831409
5	0.206896551724138
5	0.162802679031427
5	0.192186798383476
5	0.193695983731571
5	0.187827911857293
5	0.236227824463119
5	0.199029126213592
5	0.175167224080268
5	0.211916461916462
5	0.180579216354344
5	0.214172395557906
5	0.158148505303761
5	0.178660049627792
5	0.135695187165775
5	0.192353643966547
5	0.2035
5	0.180308422301305
5	0.189821182943604
5	0.202357563850688
5	0.192
5	0.221691352126135
5	0.186574531095755
5	0.192165898617512
5	0.218779790276454
5	0.226894437144109
5	0.202869866402771
5	0.196976637654604
5	0.166415284062343
5	0.126034063260341
5	0.200347674923946
5	0.173300970873786
5	0.208478513356562
5	0.199775533108866
5	0.194291986827662
5	0.202830188679245
5	0.19106463878327
5	0.18879173290938
5	0.167857142857143
5	0.210940919037199
5	0.177004538577912
5	0.211185682326622
6	0.194139194139194
6	0.17877094972067
6	0.161699779249448
6	0.211578508954602
6	0.155596841616349
6	0.153732809430255
6	0.188550658791458
6	0.226112026359143
6	0.19588785046729
6	0.203807390817469
6	0.221182475542322
6	0.20599739243807
6	0.209176788124157
6	0.173893199452305
6	0.176494676494676
6	0.189639222941721
6	0.185149469623915
6	0.159519038076152
6	0.178586365537432
6	0.204213241616509
6	0.205628688152519
6	0.233403805496829
6	0.2
6	0.203222918531782
6	0.185507246376812
6	0.176301958910655
6	0.244401168451801
6	0.194608256107835
6	0.181890389197776
6	0.197614314115308
6	0.20918754745634
6	0.1971454058876
6	0.199088145896657
6	0.182263814616756
6	0.190131858783496
6	0.180717488789238
6	0.166018158236057
6	0.200380952380952
6	0.154348919054801
6	0.209344115004492
6	0.18864550737595
6	0.188640132669983
6	0.213877909530083
6	0.172871202396234
6	0.181584362139918
6	0.198447355652596
6	0.161859664227292
6	0.200509461426492
6	0.167407407407407
6	0.180587780355762
6	0.161023947151115
6	0.212847033206315
6	0.2026082906381
6	0.182960893854749
6	0.219393939393939
6	0.20625
6	0.196153846153846
6	0.207123499806427
6	0.173948220064725
6	0.168963983992886
6	0.185782337852693
6	0.16496062992126
6	0.209135691894313
6	0.206314643440392
6	0.181651376146789
6	0.205728116175877
6	0.226255804136767
6	0.193486590038314
6	0.184892402283707
6	0.203495145631068
6	0.20178970917226
6	0.209212225570383
6	0.204847537138389
6	0.177464788732394
6	0.214396685655101
6	0.147901137701059
6	0.161922538497434
6	0.239856801909308
6	0.160982264665757
6	0.219411223551058
6	0.214387803716055
6	0.197962798937112
6	0.214702450408401
6	0.177901874750698
6	0.226973684210526
6	0.155326768128917
6	0.177266576454668
6	0.173930113859442
6	0.181071737251513
6	0.202281702501097
6	0.170700086430424
6	0.194364851957975
6	0.198900091659028
6	0.188340807174888
6	0.139878366637706
6	0.192349726775956
6	0.201235657546337
6	0.159264931087289
6	0.210669077757685
6	0.190730106644791
7	0.231332868108863
7	0.17604501607717
7	0.209642703400775
7	0.204554377699254
7	0.189767086674303
7	0.200071710290427
7	0.207484407484407
7	0.194904458598726
7	0.176599474145486
7	0.192578849721707
7	0.194679054054054
7	0.199672667757774
7	0.17866323907455
7	0.180069257406695
7	0.214772727272727
7	0.19789381307591
7	0.20016576875259
7	0.200580190634065
7	0.176447105788423
7	0.221020761245675
7	0.220128479657388
7	0.213087934560327
7	0.166994879873966
7	0.232612781954887
7	0.195329873980726
7	0.180248896025692
7	0.218234027279253
7	0.220866141732283
7	0.158367652564583
7	0.189383070301291
7	0.193474962063733
7	0.192766592095451
7	0.165530303030303
7	0.213362068965517
7	0.196915351506456
7	0.20083857442348
7	0.169034608378871
7	0.189133986928105
7	0.190588235294118
7	0.212447176334998
7	0.191818903891978
7	0.145631067961165
7	0.17318663406683
7	0.217340590979782
7	0.167327803822575
7	0.16327378479435
7	0.180772086117298
7	0.197685631629701
7	0.134784862623121
7	0.180514705882353
7	0.193198804185351
7	0.207692307692308
7	0.205485415759687
7	0.19438444924406
7	0.197434069850321
7	0.210681244743482
7	0.210362694300518
7	0.22962962962963
7	0.180634662327095
7	0.199584918713248
7	0.185106382978723
7	0.216010733452594
7	0.192975685063682
7	0.157755192222713
7	0.166383701188455
7	0.147257383966245
7	0.209439528023599
7	0.221165770979744
7	0.186509964230966
7	0.19921875
7	0.174541194845763
7	0.200861393891934
7	0.1993423756679
7	0.22395630120952
7	0.140403286034354
7	0.207579185520362
7	0.205444646098004
7	0.182795698924731
7	0.198769522006626
7	0.181226053639847
7	0.206447411266688
7	0.2106149957877
7	0.202325581395349
7	0.183443451224252
7	0.189922480620155
7	0.160889223813112
7	0.177750410509031
7	0.232070910556003
7	0.213685474189676
7	0.183104452767374
7	0.179269328802039
7	0.189511323003576
7	0.184280808851583
7	0.208869814020029
7	0.183080400387472
7	0.203569705740473
7	0.215754753589445
7	0.17828263380824
7	0.180807706557984
7	0.176761904761905
8	0.181783536585366
8	0.193885448916409
8	0.223875046485682
8	0.21872376154492
8	0.213286713286713
8	0.211372549019608
8	0.194805194805195
8	0.186360320933625
8	0.221572212065814
8	0.180995475113122
8	0.188643292682927
8	0.187631027253669
8	0.188979433449748
8	0.191467221644121
8	0.193319415448852
8	0.191276510604242
8	0.190749079001228
8	0.197507552870091
8	0.195896757114494
8	0.185374771480804
8	0.174508426966292
8	0.216174183514774
8	0.222375057313159
8	0.183775470972703
8	0.209260588657574
8	0.208504289444237
8	0.172323759791123
8	0.206342311033884
8	0.202391904323827
8	0.203331238214959
8	0.180290297937357
8	0.178228021978022
8	0.206699657403883
8	0.204932268148663
8	0.169255928045789
8	0.178498985801217
8	0.191742477256823
8	0.18766318537859
8	0.178986866791745
8	0.191567744576341
8	0.182232346241458
8	0.215437788018433
8	0.16357027463651
8	0.158031088082902
8	0.184639255236618
8	0.210408086858854
8	0.210176255404057
8	0.206371681415929
8	0.157999206034141
8	0.197038724373576
8	0.182403433476395
8	0.204810495626822
8	0.165075576770088
8	0.176923076923077
8	0.204065976217875
8	0.198049512378095
8	0.178812655527906
8	0.188929889298893
8	0.190791896869245
8	0.210926365795724
8	0.189852700490998
8	0.219251336898396
8	0.193186372745491
8	0.17633845001872
8	0.175499231950845
8	0.218716767103864
8	0.172664779619895
8	0.153878406708595
8	0.193919852602487
8	0.179943100995733
8	0.219765929778934
8	0.222109189555782
8	0.208362863217576
8	0.186635944700461
8	0.222014226881318
8	0.180758017492711
8	0.207443142660234
8	0.175808209226299
8	0.184276058342227
8	0.187912087912088
8	0.159592529711375
8	0.177836016473231
8	0.207533759772566
8	0.218523878437048
8	0.176923076923077
8	0.213079410707869
8	0.171261199172984
8	0.189176470588235
8	0.21189376443418
8	0.240388204553938
8	0.210428305400372
8	0.1966906025601
8	0.188156972669937
8	0.188281764318631
8	0.219055374592834
8	0.185929648241206
8	0.209155485398579
8	0.209249431387415
8	0.198750918442322
8	0.174025974025974
9	0.1886108088502
9	0.206079747335176
9	0.208856345885635
9	0.206657877389585
9	0.233025311370028
9	0.188122332859175
9	0.206241519674356
9	0.199564586357039
9	0.193850768653918
9	0.162180579216354
9	0.170807453416149
9	0.188235294117647
9	0.196837146702557
9	0.190230478156175
9	0.203868471953578
9	0.192861255037421
9	0.170699370235333
9	0.198895027624309
9	0.17753470761464
9	0.198371335504886
9	0.193710270993643
9	0.195140470766894
9	0.208476517754868
9	0.223807866341803
9	0.202916537387527
9	0.21007371007371
9	0.219037118706358
9	0.193197755960729
9	0.206792199058507
9	0.219812002892263
9	0.189514700673043
9	0.210873664362036
9	0.193460490463215
9	0.168492633169626
9	0.18061827023272
9	0.178491171749599
9	0.181966544267646
9	0.218759836323576
9	0.217916666666667
9	0.194311045437754
9	0.21865889212828
9	0.220503597122302
9	0.194151096669374
9	0.189276296513331
9	0.192486281131279
9	0.198151950718686
9	0.203432398493093
9	0.193296089385475
9	0.196379781420765
9	0.182493161391168
9	0.205248990578735
9	0.190614769006912
9	0.202507232401157
9	0.223362011912641
9	0.201372212692967
9	0.22037037037037
9	0.220154494382022
9	0.189161554192229
9	0.202973720608575
9	0.170068027210884
9	0.221007289595759
9	0.213390501319261
9	0.215737704918033
9	0.197767145135566
9	0.203023758099352
9	0.229674153748814
9	0.203821656050955
9	0.225762247344981
9	0.18052738336714
9	0.179099099099099
9	0.181666109066577
9	0.189649415692821
9	0.183578947368421
9	0.208292201382034
9	0.223997280761387
9	0.220955882352941
9	0.193774046869535
9	0.180241327300151
9	0.182481751824818
9	0.199804113614104
9	0.205807622504537
9	0.21239509360878
9	0.193195150567071
9	0.191275167785235
9	0.182182490752158
9	0.19331983805668
9	0.202621324831739
9	0.176842105263158
9	0.198468410976388
9	0.177413608835055
9	0.207699773536072
9	0.175749758142535
9	0.225147211638379
9	0.210930828351836
9	0.182732316227462
9	0.199017199017199
9	0.165395284327323
9	0.235772357723577
9	0.185246443929871
9	0.194904973716134
10	0.20073726541555
10	0.213467048710602
10	0.184494968319046
10	0.221457616515483
10	0.174476570289133
10	0.173056630320084
10	0.209558823529412
10	0.19975377039089
10	0.230992268041237
10	0.202315661182206
10	0.199452617174136
10	0.222923588039867
10	0.21872931833223
10	0.186947240012199
10	0.179423282306871
10	0.215962441314554
10	0.177645409950946
10	0.217438105489774
10	0.207719298245614
10	0.208009934802856
10	0.200895933838732
10	0.194592671647101
10	0.196210661528581
10	0.186022957461175
10	0.199760047990402
10	0.177538668459987
10	0.191749174917492
10	0.185271576141286
10	0.228218465539662
10	0.212
10	0.198568316215375
10	0.230927129661307
10	0.208131067961165
10	0.208361429534727
10	0.177165354330709
10	0.232986111111111
10	0.177820267686424
10	0.20504353047133
10	0.201584786053883
10	0.214139762975072
10	0.200061842918986
10	0.19310867095797
10	0.189291101055807
10	0.199146081122293
10	0.215442950706653
10	0.219725343320849
10	0.195672624647225
10	0.197458152510849
10	0.180747922437673
10	0.173897952099965
10	0.210841569332135
10	0.203214695752009
10	0.206436931079324
10	0.160548994573891
10	0.21779457231192
10	0.219078708741386
10	0.17661847894406
10	0.182371794871795
10	0.219162141194725
10	0.188822751322751
10	0.218348623853211
10	0.187605824585168
10	0.208049718851731
10	0.172774869109948
10	0.186061801446417
10	0.190706955530217
10	0.161612426035503
10	0.178045515394913
10	0.193170731707317
10	0.223696989316931
10	0.178583196046128
10	0.207386363636364
10	0.184615384615385
10	0.241805023414219
10	0.183821111476488
10	0.20159151193634
10	0.213397999393756
10	0.190906051487797
10	0.198839832420238
10	0.196078431372549
10	0.187727272727273
10	0.216901408450704
10	0.189197826781719
10	0.197678508617657
10	0.208603618982588
10	0.207419898819562
10	0.21464829586657
10	0.198769828423438
10	0.226452248112898
10	0.163241566498643
10	0.19254119687771
10	0.208154506437768
10	0.211012564671101
10	0.204864091559371
10	0.212384086150165
10	0.190015600624025
10	0.190852819807428
10	0.162586773839971
10	0.221435793731041
10	0.163123308851952
11	0.179741508866847
11	0.200274819649605
11	0.208723747980614
11	0.193422083007048
11	0.223556890223557
11	0.178407079646018
11	0.202388852023889
11	0.179406731317741
11	0.193476175247841
11	0.216358839050132
11	0.206909643128322
11	0.20324456688093
11	0.202825428859738
11	0.168923493568043
11	0.20076726342711
11	0.178211586901763
11	0.207358813462635
11	0.160450160771704
11	0.197178871548619
11	0.190462833099579
11	0.210543233686917
11	0.184192200557103
11	0.193933526944176
11	0.1955180253329
11	0.191780821917808
11	0.182449494949495
11	0.184801381692573
11	0.19593220338983
11	0.175686591276252
11	0.180163214061519
11	0.212015257469803
11	0.187720990035358
11	0.200650406504065
11	0.201472556894244
11	0.210149642160052
11	0.213656387665198
11	0.209335727109515
11	0.201656578528194
11	0.194195628806879
11	0.224788549121666
11	0.206185567010309
11	0.184554575858924
11	0.207003089598352
11	0.194773625037982
11	0.188917813313499
11	0.208658008658009
11	0.182669082125604
11	0.180646929824561
11	0.19187089061566
11	0.217541436464088
11	0.214245014245014
11	0.191771731917717
11	0.229446702094405
11	0.196479094624332
11	0.189732812969078
11	0.191180822728618
11	0.205595724614901
11	0.196279069767442
11	0.205394190871369
11	0.207801950487622
11	0.199523525908279
11	0.23468660968661
11	0.198073449729079
11	0.196482921880284
11	0.197663096397274
11	0.205862977602108
11	0.209704220671319
11	0.194745859508852
11	0.203073545554336
11	0.198195658302791
11	0.185788988003691
11	0.20985401459854
11	0.223839223839224
11	0.223724646588814
11	0.179515019905899
11	0.183265688417109
11	0.188235294117647
11	0.197680995475113
11	0.195852534562212
11	0.197139938712972
11	0.191467576791809
11	0.200876095118899
11	0.191272965879265
11	0.189134808853119
11	0.210287443267776
11	0.220042905301869
11	0.188345138441726
11	0.204636290967226
11	0.219421101774043
11	0.190396239086635
11	0.193889206167904
11	0.196389666977902
11	0.211236660389203
11	0.191814082552896
11	0.227244582043344
11	0.173928077455048
11	0.197491248541424
11	0.201451278507256
11	0.212131596984236
11	0.167811579980373
12	0.208249496981891
12	0.207217366788836
12	0.202292441140025
12	0.178342000611808
12	0.201424211597152
12	0.203249540159411
12	0.182514902072098
12	0.189562764456982
12	0.189885200124108
12	0.202925045703839
12	0.175816773324352
12	0.19631093544137
12	0.219714964370546
12	0.222156747200943
12	0.206253948199621
12	0.173090399439383
12	0.195168711656442
12	0.205066344993969
12	0.210115516703091
12	0.2124773960217
12	0.184
12	0.219768664563617
12	0.194494857834241
12	0.1984646005118
12	0.186067827681027
12	0.184388050112432
12	0.209488601355514
12	0.204164256795836
12	0.189180639038279
12	0.204498372299497
12	0.199451679232351
12	0.216034985422741
12	0.209467821782178
12	0.208527855586679
12	0.204166666666667
12	0.21224060940373
12	0.212697483908719
12	0.19194847020934
12	0.19840834248079
12	0.2135686035899
12	0.215399933620976
12	0.200122399020808
12	0.201167181599725
12	0.183065595716198
12	0.186800573888092
12	0.193508879363135
12	0.22193713919179
12	0.187062937062937
12	0.212285714285714
12	0.195530726256983
12	0.199883279836592
12	0.21412374473599
12	0.208630952380952
12	0.207070707070707
12	0.203176505843572
12	0.211669367909238
12	0.192269573835481
12	0.198441052289704
12	0.19729642742195
12	0.210358056265985
12	0.196606786427146
12	0.217604712041885
12	0.226384364820847
12	0.174215059738816
12	0.208941877794337
12	0.213300643579528
12	0.188541982418915
12	0.20864991233197
12	0.21505376344086
12	0.205749354005168
12	0.182106375484325
12	0.207893101305158
12	0.191564147627417
12	0.222222222222222
12	0.184330299089727
12	0.193304535637149
12	0.188537935525887
12	0.194411414982164
12	0.189283634245778
12	0.19817552689525
12	0.205340699815838
12	0.210479573712256
12	0.215025041736227
12	0.210269743256419
12	0.210273355361971
12	0.201294277929155
12	0.173033707865169
12	0.193762633554721
12	0.202429149797571
12	0.170109356014581
12	0.183197199533256
12	0.205725512208813
12	0.204545454545455
12	0.221339779005525
12	0.202332361516035
12	0.18531810766721
12	0.193594922100404
12	0.213561964146532
12	0.189181916038751
12	0.192183367616809
13	0.198285714285714
13	0.213139120095125
13	0.217731069792509
13	0.213747099767981
13	0.200292397660819
13	0.220974889217134
13	0.204316972205795
13	0.191167387276096
13	0.197789742136583
13	0.211205632150191
13	0.206684256816183
13	0.185682326621924
13	0.188121890547264
13	0.192962215171618
13	0.225534900035075
13	0.190835266821346
13	0.189312977099237
13	0.183155080213904
13	0.181957655722614
13	0.189534529966535
13	0.192358803986711
13	0.208831341301461
13	0.200322234156821
13	0.195341614906832
13	0.212300967842648
13	0.213765182186235
13	0.21587786259542
13	0.226765799256506
13	0.19907100199071
13	0.204331941544885
13	0.222899916828389
13	0.203016970458831
13	0.192450495049505
13	0.217657342657343
13	0.212303980699638
13	0.201317296678121
13	0.205574912891986
13	0.204715672676838
13	0.1900953552753
13	0.21312826146663
13	0.179406731317741
13	0.209663503019845
13	0.206688963210702
13	0.216012477255004
13	0.206829268292683
13	0.206083001705514
13	0.217226092463585
13	0.194137002692193
13	0.194091662065157
13	0.183922829581994
13	0.203003337041157
13	0.171113155473781
13	0.203152885187388
13	0.207079152731327
13	0.173749327595481
13	0.199593849724398
13	0.201240135287486
13	0.218822746923844
13	0.215201192250373
13	0.171993499458288
13	0.176504797906368
13	0.187273326739202
13	0.202232854864434
13	0.203336809176225
13	0.191796990262614
13	0.194453198865427
13	0.194944799535154
13	0.188703465982028
13	0.190089829035062
13	0.192629815745394
13	0.198779424585876
13	0.202409638554217
13	0.199503568104251
13	0.183338400729705
13	0.200471698113208
13	0.182219911619444
13	0.215225563909774
13	0.178529411764706
13	0.168133535660091
13	0.184399477806789
13	0.211806681803438
13	0.20326150262085
13	0.198849104859335
13	0.17759900990099
13	0.188432267884323
13	0.207028057749932
13	0.205378973105134
13	0.203994293865906
13	0.195480225988701
13	0.18109269490485
13	0.208044382801664
13	0.201985727582997
13	0.221244131455399
13	0.202819609099648
13	0.201091901728844
13	0.198967889908257
13	0.206354009077156
13	0.204047217537943
13	0.19100145137881
13	0.198165137614679
14	0.181189903846154
14	0.208391219783273
14	0.189935563056152
14	0.202675775690293
14	0.197042934319022
14	0.196423420824921
14	0.222416812609457
14	0.195301027900147
14	0.223631302196103
14	0.189655172413793
14	0.199939135727328
14	0.210809281267685
14	0.201829924650161
14	0.193235294117647
14	0.19268220714075
14	0.196454103517301
14	0.187102131192914
14	0.215558698727016
14	0.205385276425093
14	0.180630502698097
14	0.201824065901736
14	0.19499263622975
14	0.193047796399752
14	0.211532803765813
14	0.221131639722864
14	0.175971538040504
14	0.178097045269721
14	0.19812974868498
14	0.179299103504482
14	0.199628844114528
14	0.202638522427441
14	0.213605823068309
14	0.203742203742204
14	0.193931034482759
14	0.195603156708005
14	0.214363735663572
14	0.194042088002186
14	0.210296684118674
14	0.192064923354373
14	0.170680074093676
14	0.195851851851852
14	0.189229843561974
14	0.194745859508852
14	0.194957109435924
14	0.197681704260652
14	0.200451085424302
14	0.198288159771755
14	0.202310510002818
14	0.202450229709035
14	0.224075618571031
14	0.200767640980218
14	0.210156672069152
14	0.163335415365397
14	0.195240670632774
14	0.174599068804966
14	0.211439588688946
14	0.202390438247012
14	0.185636856368564
14	0.199779553596032
14	0.206358059118795
14	0.214623297192105
14	0.189116859946476
14	0.214699074074074
14	0.196230598669623
14	0.213641488162345
14	0.217473884140551
14	0.200302114803625
14	0.205941159668666
14	0.200341977771445
14	0.208308605341246
14	0.195639701663798
14	0.178015267175573
14	0.209740065730505
14	0.173776662484316
14	0.199135535659154
14	0.193538913362702
14	0.197872340425532
14	0.201205510907003
14	0.187067669172932
14	0.204103967168263
14	0.20277149321267
14	0.210556025966695
14	0.207044673539519
14	0.188972014408423
14	0.213783403656821
14	0.197854588796186
14	0.218459858001092
14	0.203288914091296
14	0.207984546039923
14	0.207284572105419
14	0.206994597668467
14	0.217239527389903
14	0.214640883977901
14	0.208985507246377
14	0.173528599060514
14	0.191098748261474
14	0.20005875440658
14	0.174611973392461
14	0.208477508650519
14	0.223221816137194
15	0.182494790116106
15	0.17936694021102
15	0.206545064377682
15	0.231668127373649
15	0.204726432057539
15	0.188057863958141
15	0.192971446501412
15	0.210363277949873
15	0.192420681551116
15	0.186531773632627
15	0.209609440854173
15	0.183576233183856
15	0.190225563909774
15	0.20886246960281
15	0.201434720229555
15	0.209085933223864
15	0.213457076566125
15	0.201699716713881
15	0.212257100149477
15	0.213128729752771
15	0.183394938868354
15	0.208451503119682
15	0.190190451343595
15	0.211548420507509
15	0.22442618305469
15	0.203384798099762
15	0.20096099491238
15	0.203362255965293
15	0.212662337662338
15	0.199946893255443
15	0.207170224411604
15	0.184136771300448
15	0.192510548523207
15	0.225866666666667
15	0.208462623413258
15	0.202093397745572
15	0.206017191977077
15	0.196345786746659
15	0.212862078129152
15	0.200951877313591
15	0.179891444817782
15	0.180323054331865
15	0.168884339815763
15	0.208110391439031
15	0.225551158846806
15	0.216119238200386
15	0.194274528994372
15	0.18856048166393
15	0.201774564574433
15	0.204925241864556
15	0.201782121299224
15	0.210295728368018
15	0.199247031566754
15	0.197496167603475
15	0.220819304152637
15	0.212216624685139
15	0.202623499860452
15	0.181214134702507
15	0.201201201201201
15	0.200439146800502
15	0.216491924057807
15	0.184770436730123
15	0.196653867251783
15	0.209815950920245
15	0.191910739191074
15	0.205542103847189
15	0.208837453971594
15	0.211526670754139
15	0.19485580670304
15	0.208562019758507
15	0.193497224425059
15	0.202502844141069
15	0.22011385199241
15	0.201079969143739
15	0.210062535531552
15	0.204595791805094
15	0.206858407079646
15	0.207573244886678
15	0.21282722513089
15	0.21482683982684
15	0.207091775923719
15	0.229594832648268
15	0.197309417040359
15	0.206540447504303
15	0.201780415430267
15	0.196195005945303
15	0.198748043818466
15	0.21264689423615
15	0.195160031225605
15	0.204205725867748
15	0.203348636240886
15	0.201021634615385
15	0.213488843813387
15	0.215235173824131
15	0.203249714937286
15	0.221338804821749
15	0.209354838709677
15	0.183851889946002
15	0.190950713708591
15	0.177437641723356
16	0.19774011299435
16	0.19966301600674
16	0.219224283305228
16	0.199545196134167
16	0.192633810280869
16	0.181632056156771
16	0.201956119481893
16	0.21770062606716
16	0.20763723150358
16	0.215126930123004
16	0.227763923524522
16	0.215215504772925
16	0.21938495332235
16	0.213546798029557
16	0.213787085514834
16	0.206264108352144
16	0.212648221343874
16	0.20005136106831
16	0.202380952380952
16	0.184138559708295
16	0.211966729272874
16	0.208612975391499
16	0.201188455008489
16	0.199893673577884
16	0.218866839229221
16	0.211602351137235
16	0.201935319582378
16	0.214197071233557
16	0.20489372219476
16	0.203064066852368
16	0.196621799947216
16	0.212882726747545
16	0.22084440507824
16	0.181891891891892
16	0.191291727140784
16	0.197855501659433
16	0.19655261126833
16	0.206157229246839
16	0.210219383504582
16	0.224177726485863
16	0.195418754473873
16	0.216445623342175
16	0.196611081226466
16	0.199448759709346
16	0.191941192485707
16	0.202098426180365
16	0.186001453136353
16	0.199637962244634
16	0.194753350441973
16	0.202977383338105
16	0.209860268916425
16	0.205597416576964
16	0.209090909090909
16	0.207489099769172
16	0.203866932044356
16	0.220923603192702
16	0.209169054441261
16	0.218181818181818
16	0.211477761836442
16	0.19544235924933
16	0.200815217391304
16	0.202943673931503
16	0.193725921849202
16	0.178153091800599
16	0.201648700063412
16	0.191969519343494
16	0.221000549752611
16	0.213124108416548
16	0.194483935172022
16	0.196053946053946
16	0.206455203116305
16	0.217615098655991
16	0.203523534052064
16	0.212906943244022
16	0.194437015244718
16	0.192495502441532
16	0.214923469387755
16	0.204545454545455
16	0.205953338696702
16	0.224750277469478
16	0.19793986636971
16	0.19238845144357
16	0.208569953536396
16	0.222938490464679
16	0.21280487804878
16	0.194165621079046
16	0.190138998164175
16	0.199627857522594
16	0.20586592178771
16	0.198187311178248
16	0.198147195059187
16	0.198863636363636
16	0.190283400809717
16	0.202127659574468
16	0.215636822194199
16	0.199003735990037
16	0.195454545454545
16	0.201248049921997
16	0.199734042553191
16	0.210774784782005
17	0.2020624303233
17	0.217651865976573
17	0.197990688556726
17	0.186879247255619
17	0.196997629707664
17	0.217171717171717
17	0.20625528317836
17	0.212640736949846
17	0.197527812113721
17	0.212503283425269
17	0.211849192100539
17	0.199946538358728
17	0.205359443442412
17	0.177984084880637
17	0.188377857339576
17	0.202770083102493
17	0.205083478694244
17	0.200767964893033
17	0.207682119205298
17	0.172396611858495
17	0.190377651319193
17	0.201505016722408
17	0.200051295203898
17	0.206112852664577
17	0.198221757322176
17	0.196856906534326
17	0.190220311660398
17	0.209477652127087
17	0.191076115485564
17	0.214555527574918
17	0.198063840920984
17	0.207556309033664
17	0.210639441160666
17	0.193220338983051
17	0.20468009478673
17	0.193313561606902
17	0.200264200792602
17	0.191701680672269
17	0.191199580932425
17	0.200793650793651
17	0.175605771848625
17	0.217647058823529
17	0.206271054677378
17	0.188110964332893
17	0.209169054441261
17	0.201484332050577
17	0.191594883842339
17	0.212718689252985
17	0.21042417521486
17	0.21888632281242
17	0.207107843137255
17	0.203615365302536
17	0.208333333333333
17	0.18495872821767
17	0.197647058823529
17	0.197695573074591
17	0.192449841605069
17	0.214670428314953
17	0.207836907598623
17	0.198252184769039
17	0.20915380521554
17	0.207287449392713
17	0.202252816020025
17	0.213392391870766
17	0.190666333915648
17	0.194533762057878
17	0.18770037889828
17	0.22629619020338
17	0.214456550624502
17	0.196281989377112
17	0.17838246409675
17	0.202551834130782
17	0.223001038421599
17	0.206553540081919
17	0.195294117647059
17	0.206225680933852
17	0.221737946063743
17	0.187517034614336
17	0.212145532370251
17	0.19950495049505
17	0.211758301578661
17	0.195532068220034
17	0.209565938623168
17	0.198001577701814
17	0.205756929637527
17	0.218958611481976
17	0.191850164515313
17	0.200661521499449
17	0.201749589939858
17	0.214569536423841
17	0.210162213740458
17	0.19463505926388
17	0.195287958115183
17	0.21078431372549
17	0.204607381719098
17	0.198054204308548
17	0.188920825712046
17	0.195914091147197
17	0.179075014100395
17	0.213344094700027
18	0.198251478529185
18	0.201416015625
18	0.201853759011329
18	0.217767879237812
18	0.215811965811966
18	0.185631750816378
18	0.198642652049073
18	0.197734016725115
18	0.210593328240387
18	0.185516445470283
18	0.205833333333333
18	0.197900262467192
18	0.214084507042254
18	0.196651674162919
18	0.184496124031008
18	0.209596702973212
18	0.221660457690261
18	0.210213187902826
18	0.208396178984414
18	0.227633940015381
18	0.200416449765747
18	0.203821656050955
18	0.199010765202211
18	0.224031960663798
18	0.216507469997551
18	0.205644107656128
18	0.206418485237484
18	0.186250757116899
18	0.228116017768487
18	0.190377651319193
18	0.196342637151107
18	0.201475451539049
18	0.209967113584619
18	0.197413372376769
18	0.181454636340915
18	0.205301455301455
18	0.213197969543147
18	0.175519630484988
18	0.176849775784753
18	0.196058356795495
18	0.206256627783669
18	0.178769474518088
18	0.208627648839556
18	0.210583153347732
18	0.206611570247934
18	0.20180412371134
18	0.201146560319043
18	0.209620372553643
18	0.20189113212369
18	0.198377581120944
18	0.214624407287247
18	0.208629566070115
18	0.200053490238032
18	0.218090717299578
18	0.214545454545455
18	0.186106126634196
18	0.18754884084397
18	0.193859426541487
18	0.21722265321955
18	0.213157274227776
18	0.199902959728287
18	0.206204379562044
18	0.200761421319797
18	0.210839954597049
18	0.206524669722297
18	0.204093567251462
18	0.2095713910071
18	0.193824228028504
18	0.182368193604149
18	0.188389299943085
18	0.213551278671236
18	0.208809929423217
18	0.217265809498819
18	0.192229038854806
18	0.22157742020575
18	0.18815331010453
18	0.200427960057061
18	0.197309417040359
18	0.187436932391524
18	0.203968253968254
18	0.181100419442388
18	0.229681069958848
18	0.214581178903826
18	0.205609756097561
18	0.178834033613445
18	0.210025706940874
18	0.194398682042834
18	0.193259610321222
18	0.209771511910549
18	0.18840206185567
18	0.197991391678623
18	0.204208254653359
18	0.198646125116713
18	0.198719590268886
18	0.208072916666667
18	0.206703910614525
18	0.200285306704708
18	0.202816901408451
18	0.192592592592593
18	0.208750290900628
19	0.200798204040908
19	0.220733994106617
19	0.206965672763718
19	0.205158824934321
19	0.198178237321516
19	0.18433971526755
19	0.196954813359528
19	0.21624418003104
19	0.19884309472162
19	0.209870510627901
19	0.214443084455324
19	0.191258351893096
19	0.202339803243818
19	0.220602766798419
19	0.2111477210324
19	0.197911722828666
19	0.210170340681363
19	0.187598528638991
19	0.208274298668178
19	0.196493037648272
19	0.202887139107612
19	0.207673860911271
19	0.219307450157398
19	0.2188866219761
19	0.183501225156548
19	0.219935985368084
19	0.216436957631445
19	0.2
19	0.198778315092899
19	0.196437168993741
19	0.209693621295831
19	0.182860262008734
19	0.207458107151286
19	0.198828920570265
19	0.189564761405349
19	0.198954124078916
19	0.207230809536285
19	0.195023875345564
19	0.188989923814205
19	0.211067193675889
19	0.216480114312932
19	0.200353565114909
19	0.207297726070862
19	0.204017740673102
19	0.194437841692417
19	0.205668774888733
19	0.216051023119851
19	0.195663397005679
19	0.208038422649141
19	0.220071684587814
19	0.194561774023231
19	0.212999026290166
19	0.208649468892261
19	0.201024327784891
19	0.212190767661311
19	0.187789799072643
19	0.194388270980789
19	0.211188093405183
19	0.183583635422061
19	0.203191489361702
19	0.212975272533901
19	0.185428788262079
19	0.22049765952205
19	0.207151664611591
19	0.190319310694374
19	0.194116284456799
19	0.18702390333596
19	0.205216928400319
19	0.201712415008814
19	0.210291934685799
19	0.203793774319066
19	0.205975224678164
19	0.2
19	0.201478743068392
19	0.203000468823254
19	0.218352821555669
19	0.190867359265523
19	0.196322067594433
19	0.191758370405057
19	0.201984978540773
19	0.204227024459748
19	0.20565749235474
19	0.213372664700098
19	0.185345997286296
19	0.221505376344086
19	0.20018115942029
19	0.214601255521972
19	0.183838383838384
19	0.206161686356266
19	0.200929469655549
19	0.186801766692647
19	0.211625566180171
19	0.214642262895175
19	0.197139938712972
19	0.200860446356547
19	0.210974960042621
19	0.209966134494436
19	0.197521097046413
19	0.216032937757326
19	0.215080971659919
20	0.199558173784978
20	0.191946308724832
20	0.205443159922929
20	0.199258343634116
20	0.205423381939115
20	0.216049382716049
20	0.209137551917909
20	0.196150097465887
20	0.205609756097561
20	0.222525597269625
20	0.192048012003001
20	0.189808573739552
20	0.197492163009404
20	0.190153989734018
20	0.204164550533266
20	0.226831189288527
20	0.205128205128205
20	0.197415649676956
20	0.212953629032258
20	0.201440576230492
20	0.205425335791414
20	0.202111984282908
20	0.208951707891637
20	0.207328174783796
20	0.197753396029258
20	0.207700366684128
20	0.212016744644176
20	0.191556857003416
20	0.195954487989886
20	0.205110497237569
20	0.205223880597015
20	0.201898409440739
20	0.200536062378168
20	0.19181141439206
20	0.205140758873929
20	0.217036470288192
20	0.193391642371234
20	0.202996616723055
20	0.202658640581891
20	0.212098946852804
20	0.185459183673469
20	0.200622083981337
20	0.205134415112618
20	0.18771842236645
20	0.201331967213115
20	0.189297324331083
20	0.230254350736278
20	0.214626790650917
20	0.210374639769452
20	0.196463178294574
20	0.193227091633466
20	0.21326299924642
20	0.212362444392414
20	0.2033978291647
20	0.215106732348112
20	0.193285148053159
20	0.196710229833258
20	0.205765407554672
20	0.205074971164937
20	0.190722921292869
20	0.195028190671451
20	0.194641449960599
20	0.207979225684608
20	0.211397058823529
20	0.209302325581395
20	0.205458680818802
20	0.18894472361809
20	0.202852998065764
20	0.201327433628319
20	0.210255209552798
20	0.181865419589504
20	0.208801498127341
20	0.198912774894984
20	0.197071531445031
20	0.200314630309386
20	0.218014329580348
20	0.186989918386942
20	0.206896551724138
20	0.194248234106963
20	0.199485861182519
20	0.211004667157946
20	0.203861181337624
20	0.207696102614702
20	0.209636730575177
20	0.210732252655115
20	0.213284132841328
20	0.198367548849864
20	0.215931863727455
20	0.199367088607595
20	0.196921573418031
20	0.210846426761277
20	0.196917353175658
20	0.192001927246447
20	0.195776397515528
20	0.191924629878869
20	0.207107843137255
20	0.208018867924528
20	0.183208020050125
20	0.21157064307913
20	0.19686292339168
21	0.204941539819104
21	0.207415368081677
21	0.203521609878802
21	0.202419155764009
21	0.196757553426677
21	0.201724137931034
21	0.211200759373517
21	0.201092117758784
21	0.195514511873351
21	0.204318062137967
21	0.223183844741673
21	0.194756554307116
21	0.200192492781521
21	0.199908508691674
21	0.213287570482962
21	0.202425373134328
21	0.209302325581395
21	0.205941591137966
21	0.189772176442075
21	0.19918796274182
21	0.206862008514901
21	0.197489135683245
21	0.196487119437939
21	0.187015503875969
21	0.214477867449254
21	0.206296207965657
21	0.205466540999058
21	0.217369351173946
21	0.185423641514293
21	0.195751484696208
21	0.203667481662592
21	0.212094064949608
21	0.19462933210925
21	0.198516687268232
21	0.208477082306555
21	0.193484914735461
21	0.210649350649351
21	0.211831568070266
21	0.201029664133366
21	0.202360876897133
21	0.216010165184244
21	0.201976379850566
21	0.197987421383648
21	0.209532374100719
21	0.202166064981949
21	0.22338792221085
21	0.200639291861323
21	0.22306143001007
21	0.199268292682927
21	0.218922999496729
21	0.198132256436143
21	0.19796178343949
21	0.19869109947644
21	0.210318579080913
21	0.208980176737521
21	0.210730759893178
21	0.210076265310839
21	0.19542066027689
21	0.21124318969787
21	0.199953660797034
21	0.196336996336996
21	0.207334963325183
21	0.215404699738903
21	0.211210007216743
21	0.195642095503013
21	0.201623129596754
21	0.200954653937947
21	0.1917841516772
21	0.212527964205817
21	0.204758636467628
21	0.186761756184533
21	0.173965936739659
21	0.202947571877265
21	0.209084523530789
21	0.209278870398386
21	0.207302709069494
21	0.204215456674473
21	0.206448387903024
21	0.215544291576153
21	0.222114451988361
21	0.206426484907498
21	0.214484035168903
21	0.212235294117647
21	0.187732803575863
21	0.2076361065284
21	0.198680179118548
21	0.209891435464415
21	0.218434949591935
21	0.190823015294975
21	0.219181286549708
21	0.204251386321627
21	0.189713731198447
21	0.220088242927589
21	0.20094976255936
21	0.201109570041609
21	0.202380952380952
21	0.209847898943027
21	0.19667063020214
21	0.199854121079504
21	0.204789615040286
22	0.20292747837658
22	0.197833935018051
22	0.221289858547111
22	0.189718162839248
22	0.199216950713957
22	0.211467038068709
22	0.208116802771591
22	0.207871104067618
22	0.190276406712734
22	0.210814673654121
22	0.211122047244095
22	0.209970530451866
22	0.208284849895276
22	0.205359153343841
22	0.204393063583815
22	0.192066337965038
22	0.203555332999499
22	0.22021484375
22	0.20505932393105
22	0.212134933212588
22	0.213521511495561
22	0.204243413383073
22	0.199810606060606
22	0.224189468843412
22	0.199608610567515
22	0.214630779848171
22	0.222636236609222
22	0.206913222141649
22	0.200235849056604
22	0.192958072735696
22	0.202260419119378
22	0.217052486820995
22	0.201392342118349
22	0.205030487804878
22	0.193775100401606
22	0.189534603327707
22	0.217587939698492
22	0.205019939010087
22	0.208770257387989
22	0.212622263623661
22	0.202086640961669
22	0.212264150943396
22	0.193793103448276
22	0.195738702879888
22	0.217871727119865
22	0.217195767195767
22	0.210208030962748
22	0.19916820702403
22	0.213872832369942
22	0.203040935672515
22	0.2011116725619
22	0.205056179775281
22	0.204778156996587
22	0.216362740266141
22	0.197132616487455
22	0.208243469925713
22	0.204279164544065
22	0.214170320793907
22	0.208899547029043
22	0.197014129565449
22	0.18954847581939
22	0.193126815101646
22	0.191232386490718
22	0.195878848063555
22	0.206753962784287
22	0.200294912754977
22	0.224750703144976
22	0.221852731591449
22	0.21355594318465
22	0.21167695473251
22	0.214502273875695
22	0.199202193966592
22	0.205775352432924
22	0.204120747484427
22	0.201357466063348
22	0.199270405836753
22	0.204419889502762
22	0.207904710341094
22	0.21295866233163
22	0.214179104477612
22	0.21356783919598
22	0.191953465826466
22	0.196795192789184
22	0.180048661800487
22	0.213371266002845
22	0.204888195527821
22	0.201634222542658
22	0.194783441014597
22	0.197691921726041
22	0.2
22	0.210588513353817
22	0.202969092236554
22	0.201795959092043
22	0.208109428431851
22	0.208438431552396
22	0.201150747986191
22	0.181652213601095
22	0.208756652152879
22	0.208047337278107
22	0.198275862068966
23	0.20107930549038
23	0.198544010589014
23	0.207716464782414
23	0.204081632653061
23	0.204901293396869
23	0.203520079325731
23	0.199954243880119
23	0.204717197160522
23	0.20346628679962
23	0.206962327134001
23	0.216177178623014
23	0.218118466898955
23	0.21038188886348
23	0.21044957472661
23	0.183134781593086
23	0.205991516436903
23	0.207801094890511
23	0.197610090728037
23	0.212923223652837
23	0.192573196857891
23	0.202467343976778
23	0.183706438956843
23	0.186920222634508
23	0.19569944431022
23	0.190368014538846
23	0.213024535656959
23	0.194787060740051
23	0.222193347193347
23	0.219209325899645
23	0.205700712589074
23	0.212586168556816
23	0.208990913438546
23	0.211210571184996
23	0.19910657306956
23	0.195536147501213
23	0.205636493909721
23	0.228874939642685
23	0.206792975970425
23	0.208546628088137
23	0.198259642521167
23	0.215762867647059
23	0.203548085901027
23	0.205491990846682
23	0.21772327626099
23	0.193640927563949
23	0.196373910995997
23	0.196848484848485
23	0.20363196125908
23	0.197160883280757
23	0.202661685734298
23	0.197782705099778
23	0.20634553033812
23	0.197762863534676
23	0.199717713479181
23	0.20097772949484
23	0.198932219127205
23	0.201955174058178
23	0.200140449438202
23	0.206639217704581
23	0.199464198733561
23	0.214996528581347
23	0.198897565457051
23	0.200980392156863
23	0.214420803782506
23	0.200235017626322
23	0.210290827740492
23	0.194317140238313
23	0.21073512252042
23	0.192307692307692
23	0.206039488966318
23	0.211796246648794
23	0.211244794076816
23	0.201340675125688
23	0.204627949183303
23	0.202077431539188
23	0.207930139249469
23	0.216050893075606
23	0.224035608308605
23	0.203165603590834
23	0.202041684389621
23	0.208812260536398
23	0.184119106699752
23	0.207382722378877
23	0.212956581667815
23	0.203261640274167
23	0.206444444444444
23	0.203175390721905
23	0.20888674233277
23	0.194516662727488
23	0.213345864661654
23	0.197941038839495
23	0.206454370592007
23	0.209616295594505
23	0.208529630547979
23	0.180739706908583
23	0.19184389388292
23	0.209677419354839
23	0.196108949416342
23	0.197637437528396
23	0.209497206703911
24	0.21017101710171
24	0.202861758596815
24	0.192480864475462
24	0.204005589194225
24	0.216117216117216
24	0.196670934699104
24	0.19578386236976
24	0.19675217698282
24	0.201475334255417
24	0.203925107150914
24	0.207994579945799
24	0.220315398886827
24	0.207771056305258
24	0.192131747483989
24	0.193922523776386
24	0.200970659607324
24	0.192351728875658
24	0.204446481778593
24	0.186255463817387
24	0.193590582079791
24	0.198617511520737
24	0.207354685646501
24	0.205191317968226
24	0.192247367241766
24	0.200835848618528
24	0.200593618600049
24	0.197981366459627
24	0.199952617863066
24	0.202485043718362
24	0.202320185614849
24	0.22379269729093
24	0.203043379513968
24	0.221122871606075
24	0.202725724020443
24	0.190237226277372
24	0.205122180451128
24	0.209879253567508
24	0.20028043935499
24	0.198432250839866
24	0.221236757822124
24	0.201216545012165
24	0.195138729649163
24	0.195617799864468
24	0.204565602836879
24	0.204827747832201
24	0.203516377649326
24	0.19921241602965
24	0.222517516308287
24	0.208137715179969
24	0.205818022747157
24	0.213570127504554
24	0.20439780109945
24	0.204351727231943
24	0.220366132723112
24	0.206603773584906
24	0.199302441454908
24	0.19189619849761
24	0.192258883248731
24	0.203049203049203
24	0.186936936936937
24	0.199619319533666
24	0.215776081424936
24	0.208350388866148
24	0.197946253004151
24	0.205710577547047
24	0.20203421174295
24	0.201068804275217
24	0.179387457462324
24	0.197657743785851
24	0.197440585009141
24	0.196073955717873
24	0.210440835266821
24	0.205342992981662
24	0.199068191444303
24	0.209881847475832
24	0.18219111969112
24	0.198289444069323
24	0.199556048834628
24	0.197307335190344
24	0.214395099540582
24	0.200898132829118
24	0.21466632834306
24	0.204306108120758
24	0.224133811230585
24	0.209544950055494
24	0.201534170153417
24	0.197231096911608
24	0.194186046511628
24	0.211230585424134
24	0.209540405140492
24	0.224577280304834
24	0.192022928110819
24	0.213675213675214
24	0.210136265837915
24	0.205314009661836
24	0.205647176411794
24	0.2143906020558
24	0.198218771408997
24	0.206999573196756
24	0.223364690439729
25	0.212576896787423
25	0.202254498157381
25	0.194476146998402
25	0.190432382704692
25	0.192590888173033
25	0.192607897153352
25	0.215843023255814
25	0.207013574660633
25	0.200214822771214
25	0.206707897240723
25	0.205675318961725
25	0.204118993135011
25	0.208466283769411
25	0.203172666259915
25	0.208333333333333
25	0.203479056992447
25	0.204720935362894
25	0.197097378277154
25	0.207061503416857
25	0.197075365579303
25	0.197508075680665
25	0.196140749148695
25	0.213129912159038
25	0.2023030029352
25	0.209921910886541
25	0.206444683136412
25	0.194349510138984
25	0.201205895489058
25	0.183809963099631
25	0.206392077425163
25	0.212895662368113
25	0.214785651793526
25	0.196629213483146
25	0.206233421750663
25	0.204462659380692
25	0.203995299647474
25	0.211746522411128
25	0.196996466431095
25	0.198985473829836
25	0.202488926386838
25	0.214395435593592
25	0.224883891469078
25	0.209497206703911
25	0.210078387458007
25	0.20144578313253
25	0.221194879089616
25	0.18914658860617
25	0.20260989010989
25	0.205377839592026
25	0.192940144705109
25	0.205754352030948
25	0.202472952086553
25	0.194020078568311
25	0.198805460750853
25	0.19649041791734
25	0.217896985521006
25	0.233207190160833
25	0.207720144752714
25	0.203467954345917
25	0.211380202210205
25	0.210043457267021
25	0.201094716801523
25	0.208246467454251
25	0.210040763784596
25	0.207598992904555
25	0.206681514476615
25	0.19919182315189
25	0.203449137715571
25	0.208509690354199
25	0.203557312252964
25	0.201336494934253
25	0.211158992968927
25	0.205659075224293
25	0.205799151343706
25	0.195824824143408
25	0.21688132474701
25	0.202352428664779
25	0.222144358794674
25	0.20709407358449
25	0.194260485651214
25	0.195557701593433
25	0.210500124409057
25	0.217794883405026
25	0.193264014466546
25	0.198474994393362
25	0.210879463215912
25	0.214765100671141
25	0.213339321805524
25	0.21527467619473
25	0.20418118466899
25	0.203625912005306
25	0.203246124031008
25	0.210920770877944
25	0.210770659238626
25	0.194174757281553
25	0.20715059588299
25	0.201141552511416
25	0.210688105935209
25	0.223981900452489
25	0.222759120560522
26	0.193963500233973
26	0.216490200495607
26	0.190973009752778
26	0.209110629067245
26	0.208681890119828
26	0.206059204440333
26	0.20225527831094
26	0.201459531180893
26	0.196896853146853
26	0.210713538397154
26	0.18407160890521
26	0.20984393757503
26	0.195288419198591
26	0.202507023989626
26	0.200518378887842
26	0.202561875814155
26	0.208083140877598
26	0.20824247710423
26	0.213122492329478
26	0.201290591174022
26	0.203564084989719
26	0.204800704690597
26	0.198762199476315
26	0.194658216387506
26	0.202184621974727
26	0.204081632653061
26	0.195844385499558
26	0.209006928406467
26	0.202744263070736
26	0.208342200468185
26	0.201325411334552
26	0.187222715173026
26	0.218254906597304
26	0.207647740440324
26	0.202188392007612
26	0.21003963011889
26	0.205351017608049
26	0.197159763313609
26	0.206537186167693
26	0.195748449955713
26	0.214854682454252
26	0.199738334060183
26	0.202785397763241
26	0.193238822246456
26	0.200884543761639
26	0.204570184983678
26	0.215515262795501
26	0.207142857142857
26	0.193626854779859
26	0.210316628223946
26	0.217499434772779
26	0.207238358690641
26	0.193518302634647
26	0.197822561964327
26	0.201159678858162
26	0.205455345358557
26	0.206123807410694
26	0.193625118934348
26	0.207949055775143
26	0.193770139634801
26	0.195042400521853
26	0.211257817929117
26	0.216008537886873
26	0.198089023537637
26	0.209732693625771
26	0.186046511627907
26	0.209997355197038
26	0.206138341731562
26	0.203877150947506
26	0.21073793755913
26	0.20328815818707
26	0.201205895489058
26	0.187728102189781
26	0.200084068936528
26	0.206602536073459
26	0.201495920217588
26	0.210435532557137
26	0.196739868689156
26	0.202968136185072
26	0.20810272304627
26	0.204242135367016
26	0.198473282442748
26	0.202866099417824
26	0.210351692103517
26	0.215479331574318
26	0.203386103781882
26	0.195138269402319
26	0.211516916872059
26	0.195230666369512
26	0.210130047912389
26	0.20406779661017
26	0.199552071668533
26	0.200084871631657
26	0.196558410082404
26	0.207573632538569
26	0.205179727617772
26	0.206364061768835
26	0.204765921552088
26	0.196524064171123
26	0.202450980392157
27	0.214547957778798
27	0.194961896697714
27	0.205842997323818
27	0.188611346316681
27	0.213604852686308
27	0.197102066908161
27	0.206302521008403
27	0.211192538307795
27	0.207834101382488
27	0.214139577176631
27	0.212865497076023
27	0.196761313220941
27	0.218166014776184
27	0.20317389360751
27	0.210332950631458
27	0.188434918508596
27	0.201883325677538
27	0.195978738155766
27	0.197914355447082
27	0.197841726618705
27	0.205889066423191
27	0.22029702970297
27	0.198345207998161
27	0.193485342019544
27	0.198055379412386
27	0.215431963068806
27	0.201906412478336
27	0.198961937716263
27	0.203679078014184
27	0.200393356643357
27	0.215832057730155
27	0.210918710918711
27	0.216090425531915
27	0.1999141999142
27	0.197787610619469
27	0.227141482194418
27	0.202313354363828
27	0.194244604316547
27	0.207359307359307
27	0.197137280416396
27	0.206296207965657
27	0.191153238546603
27	0.199656504937742
27	0.200269118636466
27	0.212199111942043
27	0.21707884168252
27	0.204256206968496
27	0.200982686008423
27	0.2
27	0.206024626209323
27	0.203692180045634
27	0.195402298850575
27	0.191983602823958
27	0.195666447800394
27	0.213403880070547
27	0.203935185185185
27	0.209199469261389
27	0.21394345951126
27	0.20298035673967
27	0.195548833189283
27	0.205822151466909
27	0.201057082452431
27	0.2004662004662
27	0.19645979020979
27	0.200092850510678
27	0.199236155315086
27	0.211337868480726
27	0.202084814025113
27	0.204804307310002
27	0.218122372723027
27	0.194567137809187
27	0.19415600096595
27	0.204675782973092
27	0.22407492005482
27	0.204916295825387
27	0.21085409252669
27	0.209515300424391
27	0.203699526280171
27	0.204914436156209
27	0.206236559139785
27	0.188579017264276
27	0.199775784753363
27	0.204776739356179
27	0.203812982296868
27	0.209519365375642
27	0.203944315545244
27	0.209927360774818
27	0.206919060052219
27	0.203261977573904
27	0.222619579794367
27	0.196510178645617
27	0.197550111358575
27	0.210255209552798
27	0.205670567056706
27	0.20187194213997
27	0.201602425292334
27	0.207878398629844
27	0.185514330148856
27	0.211737629459148
27	0.204576043068641
28	0.202852277564921
28	0.208378554373779
28	0.213260135135135
28	0.204035874439462
28	0.198239925891616
28	0.198228595529313
28	0.204677152317881
28	0.203883495145631
28	0.202763878961163
28	0.209598214285714
28	0.217983043284248
28	0.183849197114266
28	0.21779269827948
28	0.205411499436302
28	0.197632871817776
28	0.205629216096767
28	0.203991130820399
28	0.21264367816092
28	0.203848593783041
28	0.202847754654984
28	0.210087818058996
28	0.194438313838005
28	0.182854637140978
28	0.202358036573628
28	0.203151260504202
28	0.214053350683149
28	0.200260642919201
28	0.213133640552995
28	0.201564245810056
28	0.196293902176255
28	0.1996253122398
28	0.201586961183787
28	0.201371984952423
28	0.197212065813528
28	0.206965394853594
28	0.209236156708251
28	0.20995621110855
28	0.208624229979466
28	0.19794936179117
28	0.204455227172475
28	0.193227513227513
28	0.209801264679313
28	0.207823960880196
28	0.213410404624277
28	0.207177033492823
28	0.207180425337297
28	0.202373384191566
28	0.22260718925942
28	0.215411180660479
28	0.214542190305206
28	0.197122948977298
28	0.212261179928616
28	0.213178294573643
28	0.203019791879208
28	0.198574124554414
28	0.20497803806735
28	0.198668146503885
28	0.205653862753561
28	0.201916793726857
28	0.200435729847495
28	0.197077154523963
28	0.192618475649705
28	0.211602578350745
28	0.212745567800671
28	0.186861961828673
28	0.213062098501071
28	0.203656998738966
28	0.202249669166299
28	0.193886462882096
28	0.208171206225681
28	0.204898828541001
28	0.194735668079411
28	0.211636686653342
28	0.21588639893499
28	0.199422607150788
28	0.200088632838467
28	0.199734865223155
28	0.204385964912281
28	0.191105239982387
28	0.206601757302303
28	0.218213814342279
28	0.19612213059951
28	0.200082850041425
28	0.192746113989637
28	0.203863111484359
28	0.207872078720787
28	0.20716228467815
28	0.19595337585221
28	0.203257191201354
28	0.209006679594915
28	0.228882203193705
28	0.208618784530387
28	0.212014909011182
28	0.197786998616874
28	0.215106382978723
28	0.209793161671591
28	0.197331176708451
28	0.209730440499671
28	0.192307692307692
28	0.224818511796733
29	0.210955961331901
29	0.199101796407186
29	0.199959275096722
29	0.198019801980198
29	0.210908291180998
29	0.205584327854087
29	0.197918878742833
29	0.214053803339518
29	0.19764077453817
29	0.202690972222222
29	0.206050695012265
29	0.2050857969816
29	0.204687164050742
29	0.216510903426791
29	0.196898895497026
29	0.204507512520868
29	0.208188153310105
29	0.209658421672556
29	0.211258561643836
29	0.207344749329482
29	0.209381663113006
29	0.220503756076005
29	0.19936851601263
29	0.212070410729254
29	0.204456945045435
29	0.199365079365079
29	0.202958949781204
29	0.205910165484634
29	0.208288366069501
29	0.198493575542756
29	0.205934850513164
29	0.202642185400806
29	0.208384208384208
29	0.208461696446909
29	0.215812917594655
29	0.192545345824198
29	0.207249641613762
29	0.204081632653061
29	0.20412502657878
29	0.205696941396218
29	0.195204752811373
29	0.195304383960108
29	0.207253886010363
29	0.205808080808081
29	0.205376344086022
29	0.206149401568304
29	0.203456221198157
29	0.197251773049645
29	0.207755102040816
29	0.198849811988498
29	0.187169172136354
29	0.211496270293989
29	0.203668564199874
29	0.204203013481364
29	0.192820292347377
29	0.21621048164651
29	0.209344938158497
29	0.202979917944288
29	0.186314363143631
29	0.200823223570191
29	0.201390397566804
29	0.207634821248233
29	0.202016046081053
29	0.209326211996713
29	0.202545297670406
29	0.204144439885105
29	0.20919881305638
29	0.213765718067505
29	0.183275563258232
29	0.205952639582881
29	0.206123807410694
29	0.205855651384476
29	0.20297670405522
29	0.208838821490468
29	0.203600248292986
29	0.208464328899637
29	0.197013093289689
29	0.187693669765383
29	0.190949460773948
29	0.199291408325952
29	0.197207678883072
29	0.209903121636168
29	0.187553282182438
29	0.212445414847162
29	0.20929734361611
29	0.208267804987643
29	0.221302047389004
29	0.18501326259947
29	0.196366024518389
29	0.201983769161407
29	0.195786337518621
29	0.20905086103324
29	0.21381227282446
29	0.202873313016979
29	0.205650459921156
29	0.197044334975369
29	0.200366804218249
29	0.198600174978128
29	0.210596320106407
29	0.197695947335939
30	0.207551540421589
30	0.213551912568306
30	0.203757225433526
30	0.199627637567232
30	0.202373104812129
30	0.213987473903967
30	0.213227162132272
30	0.20175834084761
30	0.201329331046312
30	0.2
30	0.207193292144748
30	0.200651863923406
30	0.200522534291313
30	0.216859122401848
30	0.202207505518764
30	0.215865589111017
30	0.203914820391482
30	0.202880400751409
30	0.205593821749113
30	0.194735668079411
30	0.208149010477299
30	0.204774419623303
30	0.204930662557781
30	0.195887934929959
30	0.212632895559725
30	0.198350515463918
30	0.201912858660999
30	0.212281071956109
30	0.193334757530442
30	0.208761265981974
30	0.21908844765343
30	0.202003338898164
30	0.203454894433781
30	0.218952834270878
30	0.219388876676193
30	0.203291608715809
30	0.198277717976319
30	0.207327227310575
30	0.211243611584327
30	0.220980223559759
30	0.191377497371188
30	0.205638845379279
30	0.211659192825112
30	0.198205546492659
30	0.194516407599309
30	0.202659232253914
30	0.201128998536483
30	0.20141196013289
30	0.213447171824973
30	0.214014773407866
30	0.204259850905218
30	0.216588837002446
30	0.206294416243655
30	0.210403890886022
30	0.205798997165904
30	0.186334101865437
30	0.212096106048053
30	0.20284399832706
30	0.219649426531054
30	0.195932733672272
30	0.210651656202641
30	0.206022530329289
30	0.203945909997783
30	0.220900043271311
30	0.201088139281828
30	0.193261678379496
30	0.209327786292971
30	0.203918264166842
30	0.1985559566787
30	0.199552572706935
30	0.210537232939224
30	0.197344228804903
30	0.195150115473441
30	0.20471127788201
30	0.207618151892782
30	0.198347107438017
30	0.208548931383577
30	0.206675224646983
30	0.211796857207925
30	0.194950331125828
30	0.209549624687239
30	0.218569524655709
30	0.20252118206241
30	0.211538461538462
30	0.204703832752613
30	0.197128776515963
30	0.205863471003638
30	0.215407470288625
30	0.201817001946788
30	0.210584834334
30	0.207456140350877
30	0.214914210294765
30	0.207890070921986
30	0.211034778875054
30	0.19361237849633
30	0.205511642811365
30	0.209469779620336
30	0.208645787384208
30	0.203419942260715
30	0.192953020134228
31	0.199107142857143
31	0.203487179487179
31	0.193073248407643
31	0.208588957055215
31	0.191449426485923
31	0.198942917547569
31	0.206231155778894
31	0.205346294046173
31	0.216083486801719
31	0.198563582594001
31	0.209917355371901
31	0.206103678929766
31	0.209684037751334
31	0.211479747608386
31	0.207820738137083
31	0.207108380868802
31	0.200221483942414
31	0.210560625814863
31	0.199640287769784
31	0.20188927943761
31	0.197933048753089
31	0.205672123587733
31	0.205197132616487
31	0.204633204633205
31	0.206342991386061
31	0.196090534979424
31	0.20817679558011
31	0.198723228995058
31	0.21383779264214
31	0.201435810810811
31	0.203138622493461
31	0.193773133028522
31	0.203077546061956
31	0.203135065492807
31	0.216841654167559
31	0.207903402854007
31	0.196061269146608
31	0.201729106628242
31	0.20710332103321
31	0.210700953961012
31	0.201083559074807
31	0.204897446630389
31	0.208684381075826
31	0.187567450895748
31	0.204115917681646
31	0.20807957775071
31	0.211542369437106
31	0.209519850342964
31	0.185676969960818
31	0.201062525541479
31	0.210457230365347
31	0.200538636834473
31	0.214899713467049
31	0.206005879882402
31	0.207147442756259
31	0.201267828843106
31	0.19826464208243
31	0.222593582887701
31	0.209876543209877
31	0.204530882667237
31	0.201909687686493
31	0.201472134595163
31	0.201046025104603
31	0.210137492304535
31	0.214760914760915
31	0.208949491069714
31	0.201929125602852
31	0.200040992006559
31	0.207962727657772
31	0.213500439753738
31	0.198520345252774
31	0.202892646160114
31	0.202652300041442
31	0.208908406524467
31	0.207718262336567
31	0.199074074074074
31	0.206227254346947
31	0.21300778783414
31	0.201975620008407
31	0.210106940658419
31	0.204031354983203
31	0.205072146917359
31	0.204954954954955
31	0.207966549295775
31	0.210102636345341
31	0.206917599186165
31	0.197836488454337
31	0.214067944250871
31	0.209536601746138
31	0.203464106844741
31	0.212389380530973
31	0.203438395415473
31	0.209224318658281
31	0.201035196687371
31	0.209250656433044
31	0.206205985915493
31	0.203573707721761
31	0.207539267015707
31	0.193050986842105
31	0.207065550336941
32	0.21161460624725
32	0.200912336374455
32	0.197183098591549
32	0.195971464540495
32	0.202609050142682
32	0.1969250210615
32	0.204607905305432
32	0.188455008488964
32	0.203032855939343
32	0.203543307086614
32	0.194116469881929
32	0.206537282941777
32	0.195709908069459
32	0.214877745544965
32	0.207395498392283
32	0.212651413189771
32	0.189065606361829
32	0.213510747185261
32	0.19944182052383
32	0.206056755612029
32	0.210040763784596
32	0.211700336700337
32	0.197570850202429
32	0.211598746081505
32	0.202191663085518
32	0.208916083916084
32	0.194472261165632
32	0.201487910725356
32	0.203748981255094
32	0.212300284526155
32	0.207596594629993
32	0.192307692307692
32	0.221489361702128
32	0.193423202614379
32	0.207334562589633
32	0.209578387228817
32	0.208236536430834
32	0.207122390503479
32	0.211777076761304
32	0.209573361082206
32	0.204756146715034
32	0.208490962589323
32	0.20690339218409
32	0.207780107151176
32	0.2
32	0.212353567625133
32	0.213020372010629
32	0.1973602804702
32	0.208641975308642
32	0.20083857442348
32	0.210745440126883
32	0.211559197757171
32	0.213094245204337
32	0.19601259181532
32	0.202497398543184
32	0.197645079899075
32	0.192051602163962
32	0.217304225916283
32	0.212621770436256
32	0.211971679897018
32	0.217401338564505
32	0.207245155855097
32	0.212022569444444
32	0.193896616151131
32	0.202431610942249
32	0.205307855626327
32	0.203803224472923
32	0.208412597759459
32	0.203115516892575
32	0.198009748172218
32	0.205863607393244
32	0.201575439305191
32	0.204507160909857
32	0.203859577088893
32	0.197449609214315
32	0.203972661255874
32	0.206967213114754
32	0.214390911003577
32	0.202165313345826
32	0.188748913987837
32	0.200877717933373
32	0.202020202020202
32	0.198397227636994
32	0.210208193418402
32	0.206649831649832
32	0.211173425366695
32	0.206754530477759
32	0.20452657807309
32	0.216350123864575
32	0.205714285714286
32	0.20103314679294
32	0.207188597397232
32	0.209230132450331
32	0.213006791520889
32	0.206896551724138
32	0.210130502101305
32	0.19408579758434
32	0.216082474226804
32	0.206903722187565
32	0.209219858156028
33	0.203314917127072
33	0.201129715553762
33	0.214551467548574
33	0.21337849280271
33	0.211451942740286
33	0.211120229790726
33	0.195621325765254
33	0.214639397201292
33	0.205670844462708
33	0.200712060525145
33	0.207207207207207
33	0.213541666666667
33	0.201736806947228
33	0.20847698235652
33	0.214240968887033
33	0.208177667081777
33	0.19798933114485
33	0.206284431748623
33	0.208893280632411
33	0.202850650692006
33	0.204301075268817
33	0.219383259911894
33	0.215062424486508
33	0.195167286245353
33	0.204484673935404
33	0.200207684319834
33	0.215362076182503
33	0.204545454545455
33	0.212520593080725
33	0.198685021573865
33	0.208710734245519
33	0.19147582697201
33	0.209435897435897
33	0.201834862385321
33	0.210537452391028
33	0.211460337823391
33	0.204480651731161
33	0.200989486703772
33	0.201827411167513
33	0.2056151940545
33	0.199299258037923
33	0.199546017333884
33	0.203164029975021
33	0.198652466855032
33	0.205357142857143
33	0.198396381578947
33	0.216011767177979
33	0.204021866458415
33	0.201396017244919
33	0.193122837370242
33	0.199440017230239
33	0.190397692149186
33	0.206283588259611
33	0.201475155279503
33	0.200079396585947
33	0.199960868714537
33	0.204204829308909
33	0.190788083667864
33	0.204160995527902
33	0.212033793529775
33	0.210435159125352
33	0.197820978423414
33	0.204554865424431
33	0.220409870347135
33	0.205117872254685
33	0.19473898858075
33	0.205202913631634
33	0.194556451612903
33	0.203725490196078
33	0.209261300992282
33	0.206695124691081
33	0.200200400801603
33	0.206147893379192
33	0.204615070451297
33	0.214751958224543
33	0.214285714285714
33	0.204554865424431
33	0.209079550187422
33	0.20321421019243
33	0.202169019848578
33	0.201819335730908
33	0.208532695374801
33	0.21482254697286
33	0.206061881709114
33	0.204559457794208
33	0.210155749946661
33	0.203900709219858
33	0.188886585113
33	0.204357474278798
33	0.218270868824532
33	0.210252302763316
33	0.209448160535117
33	0.198628713899855
33	0.20511744966443
33	0.20768386388584
33	0.205029013539652
33	0.216421143847487
33	0.203969594594595
33	0.196820748797323
33	0.190727938186255
34	0.204696591853699
34	0.207720196203881
34	0.201881950384944
34	0.21217353766458
34	0.199030149694286
34	0.204098530324984
34	0.210339795705649
34	0.189553152417874
34	0.205416666666667
34	0.217973231357553
34	0.211743044189853
34	0.208359588321781
34	0.195092518101368
34	0.205901783748073
34	0.197966507177033
34	0.207373271889401
34	0.20260492040521
34	0.202468644236512
34	0.197865353037767
34	0.208341810783316
34	0.206867135849861
34	0.207735495945103
34	0.204727564102564
34	0.205609362389023
34	0.20019512195122
34	0.205624252094136
34	0.200128838307924
34	0.199358845922661
34	0.206896551724138
34	0.210665581111337
34	0.201215678054915
34	0.208376745155241
34	0.208057726999399
34	0.197806580259222
34	0.209812108559499
34	0.20989862850328
34	0.214627341570347
34	0.198611403324216
34	0.199172576832151
34	0.209183673469388
34	0.20253682487725
34	0.199530056784805
34	0.205888494466486
34	0.204110704110704
34	0.215836526181354
34	0.208163265306122
34	0.217780553820529
34	0.217626273124091
34	0.217436108821105
34	0.19676017384433
34	0.204641775983855
34	0.189935064935065
34	0.21790365929295
34	0.207327227310575
34	0.19406674907293
34	0.210580485796624
34	0.196935648621042
34	0.207718262336567
34	0.201188281089941
34	0.206814106395696
34	0.193018063730465
34	0.209437751004016
34	0.197115384615385
34	0.208435207823961
34	0.191470844212359
34	0.204228243021346
34	0.203572912339011
34	0.19979381443299
34	0.203541583764425
34	0.201898188093184
34	0.193212022081374
34	0.199013806706114
34	0.197486910994764
34	0.208679401993355
34	0.202952755905512
34	0.217302591307896
34	0.208826013513514
34	0.203528399311532
34	0.201187195251219
34	0.201180053292729
34	0.206262316619225
34	0.19261104192611
34	0.196410361003467
34	0.204936854190586
34	0.206303130831433
34	0.195371775417299
34	0.197943962910703
34	0.212263190059075
34	0.214211076280042
34	0.20952988725803
34	0.200785083415113
34	0.207914298207258
34	0.210857592446892
34	0.207539602967716
34	0.202455264253017
34	0.212830340932015
34	0.207802547770701
34	0.209297202026878
34	0.209482038429407
34	0.204216618437371
35	0.204718268668356
35	0.2082180114967
35	0.212761462074794
35	0.200853832079691
35	0.206705059646236
35	0.209111430330392
35	0.20587084148728
35	0.21102016370533
35	0.195863495346432
35	0.209432786204031
35	0.202773311897106
35	0.209349183961314
35	0.200607287449393
35	0.21013916500994
35	0.208382526564345
35	0.205128205128205
35	0.198196392785571
35	0.200252153813826
35	0.216631578947368
35	0.208708996738922
35	0.207805476093175
35	0.204471544715447
35	0.206919202977885
35	0.203919035314384
35	0.1992133726647
35	0.208798147758367
35	0.210648637227974
35	0.207413408952805
35	0.208403361344538
35	0.211184982401251
35	0.209133673069385
35	0.206523875024563
35	0.208075154907056
35	0.19664758789861
35	0.19892584176823
35	0.210623084780388
35	0.209111704155547
35	0.210653266331658
35	0.204481227291078
35	0.203714565004888
35	0.20093276331131
35	0.198910081743869
35	0.206003531489111
35	0.196586345381526
35	0.193247721623861
35	0.210967098703888
35	0.206378986866792
35	0.212574237149293
35	0.213794585302965
35	0.198025666337611
35	0.202
35	0.210704463719061
35	0.19491035280509
35	0.199483922191346
35	0.205633802816901
35	0.209706774519717
35	0.199173391064751
35	0.201793721973094
35	0.21053706350827
35	0.211150652431791
35	0.197469855702708
35	0.204786190663005
35	0.212350346565848
35	0.20997321244591
35	0.206846169901899
35	0.196482196482196
35	0.202516940948693
35	0.210351966873706
35	0.193394349383207
35	0.208191126279863
35	0.215669576325314
35	0.202224052718287
35	0.202511773940345
35	0.202702702702703
35	0.20855614973262
35	0.205189146365617
35	0.202473276042758
35	0.204424416222859
35	0.200973133065369
35	0.203640728145629
35	0.211164084227255
35	0.204792589609344
35	0.210303884081304
35	0.197286821705426
35	0.200658531861321
35	0.214157884271227
35	0.206067544361763
35	0.211113364429122
35	0.205716586151369
35	0.194784977622105
35	0.197903014416776
35	0.200909466721786
35	0.200727713765919
35	0.210616073331912
35	0.201451131028596
35	0.196194762684124
35	0.214825403308148
35	0.206435944140862
35	0.207888090149602
35	0.19895498392283
36	0.200489918974939
36	0.200598205383848
36	0.210741270165407
36	0.206018054162487
36	0.201401772830344
36	0.206843521722414
36	0.203094010313368
36	0.200961731116009
36	0.20387338608913
36	0.214300182296941
36	0.202834008097166
36	0.19889728405146
36	0.206650831353919
36	0.197006472491909
36	0.197954271961492
36	0.20296627387241
36	0.201143557279967
36	0.205911525490974
36	0.217391304347826
36	0.212876427829699
36	0.198136645962733
36	0.203822979430708
36	0.210569105691057
36	0.198510167102879
36	0.201979780960404
36	0.209595446228908
36	0.208486332109343
36	0.206231155778894
36	0.205410628019324
36	0.205639913232104
36	0.210046586996152
36	0.203707355551173
36	0.202104852855194
36	0.215838175166774
36	0.210181966877939
36	0.197462656026192
36	0.205102650986645
36	0.212987012987013
36	0.205137963843958
36	0.206641328265653
36	0.19585346215781
36	0.201933179239336
36	0.202049780380674
36	0.218693101355452
36	0.197621035058431
36	0.205894145950281
36	0.201160928742994
36	0.213731099305272
36	0.209454113924051
36	0.205279747832939
36	0.206290849673203
36	0.215678054915112
36	0.194853749725093
36	0.207271290258842
36	0.208524198366859
36	0.209041891331398
36	0.213533541341654
36	0.208172706245181
36	0.199117706035693
36	0.199000651748859
36	0.205133190744702
36	0.206709521896344
36	0.202555120543993
36	0.203669346526489
36	0.210724759111856
36	0.211325966850829
36	0.202816350479171
36	0.210462039487075
36	0.195454545454545
36	0.21105527638191
36	0.203572114461302
36	0.201489449731072
36	0.204003079291763
36	0.204145482987876
36	0.202915917715199
36	0.204132389515975
36	0.2152
36	0.206115965051628
36	0.20954356846473
36	0.214674970805761
36	0.199018645731109
36	0.195284872298625
36	0.198507161589671
36	0.200730667749137
36	0.202072538860104
36	0.205918618988903
36	0.205348233885452
36	0.216065911431514
36	0.199618158676283
36	0.209248554913295
36	0.207041408281656
36	0.196800971856651
36	0.213194041400658
36	0.208154506437768
36	0.213807106598985
36	0.203366058906031
36	0.199003942726707
36	0.200419927467074
36	0.205454172647119
36	0.203191903464383
37	0.19675415748347
37	0.207244288948343
37	0.202832861189802
37	0.210272536687631
37	0.20891029500301
37	0.207321925984879
37	0.203828140908165
37	0.208265472312704
37	0.208316831683168
37	0.205087753894695
37	0.197262952101662
37	0.205775444264943
37	0.208001592356688
37	0.207298960322512
37	0.201620873690453
37	0.217815979683532
37	0.201375620940008
37	0.214922480620155
37	0.216702522980638
37	0.190111153698735
37	0.205651491365777
37	0.20259319286872
37	0.205710838528051
37	0.20898315658141
37	0.212887922514331
37	0.205625606207565
37	0.20990099009901
37	0.21002044989775
37	0.208460443359772
37	0.20261569416499
37	0.198818897637795
37	0.197906571040899
37	0.205717712914834
37	0.200606060606061
37	0.203796012269939
37	0.204934747145188
37	0.199618158676283
37	0.199174019147738
37	0.20113369820172
37	0.202171241294551
37	0.209751243781095
37	0.204252709057452
37	0.198256638962092
37	0.19657951641439
37	0.200663026521061
37	0.201633287964223
37	0.20909272982175
37	0.208357404197959
37	0.206330597889801
37	0.205184887459807
37	0.203980099502488
37	0.206207040199958
37	0.208009563658099
37	0.200526635608669
37	0.214614614614615
37	0.202759678037562
37	0.203044681692369
37	0.214271516597098
37	0.202705314009662
37	0.207413408952805
37	0.21233024358698
37	0.195432497978981
37	0.215347529128164
37	0.20309094511591
37	0.217027358105349
37	0.213039117352056
37	0.212986463620981
37	0.203057180600113
37	0.205685279187817
37	0.193847939640163
37	0.202731294479708
37	0.202373516552155
37	0.209879116298458
37	0.203846916517946
37	0.198403193612774
37	0.217593528816987
37	0.207027350768617
37	0.208679780977489
37	0.208249496981891
37	0.204978919895603
37	0.207394226967181
37	0.198514002667175
37	0.221231598590089
37	0.211783439490446
37	0.198367346938776
37	0.203970416504476
37	0.207442434210526
37	0.213160136286201
37	0.202677264170676
37	0.203338696701529
37	0.198287604592333
37	0.204242424242424
37	0.205484743144071
37	0.209057071960298
37	0.193490771978567
37	0.215087650187118
37	0.209531469937663
37	0.202644081801281
37	0.193854402969684
37	0.194577965775812
38	0.208499057986184
38	0.208133012820513
38	0.205334379290057
38	0.196390452163788
38	0.213306451612903
38	0.197865353037767
38	0.213502935420744
38	0.206365503080082
38	0.19822309970385
38	0.203294573643411
38	0.203221316365083
38	0.208784829721362
38	0.211701308698999
38	0.209842519685039
38	0.210874508993178
38	0.197342711996874
38	0.210642570281124
38	0.204164965291956
38	0.200235340262797
38	0.202233980011758
38	0.205689277899344
38	0.198429025621844
38	0.197747925721059
38	0.218069158504897
38	0.206673407482305
38	0.212238259808904
38	0.201129715553762
38	0.206058267412695
38	0.206534422403734
38	0.210680751173709
38	0.2002002002002
38	0.193935693935694
38	0.201668984700974
38	0.209230172580958
38	0.196837944664032
38	0.198709432529892
38	0.206746031746032
38	0.196749854904237
38	0.206336144826167
38	0.195348837209302
38	0.21418853255588
38	0.199253291412851
38	0.207131722525331
38	0.196169471851422
38	0.203627045140942
38	0.210673633140511
38	0.205364291433147
38	0.204909717995537
38	0.211158623498269
38	0.210155952833777
38	0.197741232415296
38	0.215262191389512
38	0.200506625097428
38	0.204350429056077
38	0.202562049639712
38	0.202587064676617
38	0.210191082802548
38	0.19356669820246
38	0.197329995828118
38	0.18933969769292
38	0.205430225593931
38	0.195121951219512
38	0.211390152264188
38	0.207810320781032
38	0.205941794664511
38	0.198544897568447
38	0.20281124497992
38	0.209626719056974
38	0.198418972332016
38	0.209123222748815
38	0.202045542261675
38	0.213124504361618
38	0.213410961654286
38	0.202694300518135
38	0.200379146919431
38	0.205715404188687
38	0.203966005665722
38	0.202216066481994
38	0.204442771084337
38	0.204631738800304
38	0.206548100242522
38	0.209329907096264
38	0.200080032012805
38	0.2104746959592
38	0.200835987261146
38	0.204778156996587
38	0.212497370082053
38	0.205154016508959
38	0.202495974235105
38	0.207926707827126
38	0.207764952780693
38	0.203551401869159
38	0.199396340313148
38	0.211693548387097
38	0.203994570486717
38	0.212604403948367
38	0.205484896661367
38	0.202587106196537
38	0.200151343170639
38	0.209721677773422
39	0.206254653760238
39	0.202131859455191
39	0.201002119868954
39	0.212220627434899
39	0.203243044039064
39	0.208176225441556
39	0.213702449711213
39	0.204887585532747
39	0.203349282296651
39	0.212027756360833
39	0.202961019490255
39	0.222372227579556
39	0.197589409207666
39	0.224165341812401
39	0.209297763828953
39	0.212807119365448
39	0.20109135004042
39	0.215848610289769
39	0.204712535344015
39	0.203607752830551
39	0.22255310700814
39	0.201491110686293
39	0.20308740978348
39	0.202242770017706
39	0.215974567852176
39	0.210285941223193
39	0.206785137318255
39	0.198761370234178
39	0.211935417944002
39	0.196880350009511
39	0.202228976697062
39	0.202869669190913
39	0.210436432637571
39	0.205061257280578
39	0.208472686733556
39	0.199881610102605
39	0.199580232780004
39	0.203113135914958
39	0.193114364859517
39	0.189672098959356
39	0.208635917566241
39	0.2025390625
39	0.216258265266433
39	0.201965503409547
39	0.203661759154398
39	0.205985915492958
39	0.208122813835989
39	0.201131486539212
39	0.214070162202942
39	0.197391473622737
39	0.206312987259935
39	0.20156636438582
39	0.206214130219671
39	0.217418159357628
39	0.206868686868687
39	0.206020328381548
39	0.21792618629174
39	0.212977396726422
39	0.209895935597879
39	0.211854460093897
39	0.198403426791277
39	0.210819106080951
39	0.209529388791252
39	0.21281951975213
39	0.204805041354864
39	0.215775879197298
39	0.210473715770538
39	0.200231258431297
39	0.211183704842429
39	0.214633157681394
39	0.213153258954786
39	0.202644885258654
39	0.203183520599251
39	0.20123040285771
39	0.211452853095913
39	0.204191616766467
39	0.210593841642229
39	0.209011030099084
39	0.205389797882579
39	0.210697230181471
39	0.202109300095877
39	0.205036684513187
39	0.205077740602244
39	0.198387731026347
39	0.202135631322593
39	0.204563182527301
39	0.202918832467013
39	0.207802093244529
39	0.215783454060236
39	0.206521739130435
39	0.209939148073022
39	0.197494473102432
39	0.209172903473422
39	0.211375554659137
39	0.203383162863887
39	0.201228878648233
39	0.189033742331288
39	0.212757201646091
39	0.198738812042311
39	0.199014778325123
40	0.214439444335746
40	0.201900237529691
40	0.210675293166195
40	0.192114418245071
40	0.206513105639396
40	0.208460365853659
40	0.208928921088702
40	0.197908445146014
40	0.218523595065596
40	0.211885323713689
40	0.206117280342879
40	0.197533401849949
40	0.202089942153387
40	0.215327029156816
40	0.210742107421074
40	0.209361040978831
40	0.202443280977312
40	0.204393505253104
40	0.199720948774168
40	0.224583002382844
40	0.195864661654135
40	0.195856512564742
40	0.208980355472404
40	0.203486094790443
40	0.206653225806452
40	0.202300266995276
40	0.213101657679249
40	0.206137694326671
40	0.205312562412622
40	0.20123040285771
40	0.212596899224806
40	0.20404984423676
40	0.207237492584536
40	0.199329652996845
40	0.205158264947245
40	0.19766081871345
40	0.216216216216216
40	0.208743376230129
40	0.193622742988859
40	0.205819592628516
40	0.199884792626728
40	0.205143078112916
40	0.215431050745142
40	0.201690583841164
40	0.214426487977927
40	0.19589552238806
40	0.207952212058988
40	0.217542503863988
40	0.215174628663187
40	0.202601497832085
40	0.212115113704971
40	0.212761792914465
40	0.209270752521334
40	0.207789640173982
40	0.201974333662389
40	0.200885126034251
40	0.209924403954255
40	0.205870917573872
40	0.209699860862652
40	0.212917761922644
40	0.205665502522313
40	0.207886044591247
40	0.205030487804878
40	0.199488491048593
40	0.19639126305793
40	0.200370027752081
40	0.207936507936508
40	0.198249027237354
40	0.207743710691824
40	0.19666731253633
40	0.203914861269479
40	0.21339897260274
40	0.215954875100725
40	0.202901391883944
40	0.205012727628745
40	0.198391420911528
40	0.199688291447497
40	0.198157548411356
40	0.204128882886359
40	0.213995943204868
40	0.207312404287902
40	0.206681424833971
40	0.203601108033241
40	0.207565854624678
40	0.202563604583414
40	0.218791690489804
40	0.206896551724138
40	0.201438848920863
40	0.208584337349398
40	0.204630321135176
40	0.205847953216374
40	0.205346764819837
40	0.204280527422129
40	0.204319906596614
40	0.203467327109926
40	0.20611270296084
40	0.208547685001979
40	0.204119086460033
40	0.204749550987827
40	0.207100591715976
41	0.205067766647024
41	0.204828511209044
41	0.210474502854893
41	0.197720797720798
41	0.205809287215746
41	0.205655042412818
41	0.205436281268466
41	0.203147649616898
41	0.199809523809524
41	0.208039626595542
41	0.201705598813496
41	0.213968510294711
41	0.204703668861712
41	0.1985559566787
41	0.207692307692308
41	0.21527244819647
41	0.210966362045499
41	0.209009009009009
41	0.207213838792786
41	0.198697068403909
41	0.200808377732868
41	0.209902108433735
41	0.213638080846241
41	0.211778703152885
41	0.205087121970759
41	0.206849845201238
41	0.201622477245746
41	0.205640423031727
41	0.209584295612009
41	0.209226018143216
41	0.194742900997698
41	0.212085308056872
41	0.201660064138842
41	0.206654991243433
41	0.202401704435406
41	0.197333333333333
41	0.201872440023406
41	0.195517774343122
41	0.196450181524808
41	0.204491073071968
41	0.216468253968254
41	0.199077632590315
41	0.212683681361176
41	0.210183767228178
41	0.197617246596067
41	0.200344431687715
41	0.204292832502875
41	0.212036108324975
41	0.200448346721465
41	0.202219246221542
41	0.205925653294074
41	0.204376854599407
41	0.208439148271147
41	0.205586167585028
41	0.197924673328209
41	0.208753568030447
41	0.209458128078818
41	0.20627802690583
41	0.204949111953702
41	0.20496058450298
41	0.206130268199234
41	0.19227015420652
41	0.214172290591505
41	0.217058823529412
41	0.206066536203522
41	0.210462532821652
41	0.214584920030465
41	0.210668728256668
41	0.20178329133553
41	0.201230059581011
41	0.207580174927114
41	0.20520067834935
41	0.200383141762452
41	0.205357142857143
41	0.200838414634146
41	0.208596948269445
41	0.205848841625522
41	0.202439504229786
41	0.211235090419392
41	0.207287449392713
41	0.208187134502924
41	0.202980569703829
41	0.202380952380952
41	0.21394551343113
41	0.200963391136802
41	0.199182839632278
41	0.193499334727238
41	0.212055335968379
41	0.209376167351513
41	0.212004617160446
41	0.199296817172465
41	0.20208252988816
41	0.201492537313433
41	0.197511356903022
41	0.199396909159442
41	0.202283539486204
41	0.198956780923994
41	0.210272253330759
41	0.197687430063409
41	0.204728950403691
42	0.213142857142857
42	0.205595193390913
42	0.213153724247227
42	0.206639313688922
42	0.202851711026616
42	0.204870010984987
42	0.200934579439252
42	0.219357397857993
42	0.215010530346544
42	0.202967471942172
42	0.211852992110833
42	0.197630688228657
42	0.207644248438074
42	0.213480963480963
42	0.209538702111024
42	0.210367007188801
42	0.20410447761194
42	0.202446724546172
42	0.1909144311729
42	0.202736558103681
42	0.206355433503335
42	0.200746268656716
42	0.201765921472854
42	0.201165632637714
42	0.208619374523265
42	0.202179412337031
42	0.207022012006549
42	0.209156359608639
42	0.205665024630542
42	0.205910573786221
42	0.200913242009132
42	0.221096173733195
42	0.197499511623364
42	0.201006971340046
42	0.198294243070362
42	0.198186028560401
42	0.204118352658936
42	0.211927362773421
42	0.199242877067145
42	0.203804897793969
42	0.205318138651472
42	0.207144172343951
42	0.209339774557166
42	0.210597826086957
42	0.196927112610081
42	0.208276400546555
42	0.203360031256105
42	0.208224299065421
42	0.203332071185157
42	0.203363914373089
42	0.204426106526632
42	0.204739704739705
42	0.210003818251241
42	0.21190019193858
42	0.208398133748056
42	0.210085669781931
42	0.205214968152866
42	0.211445559271646
42	0.211795741473526
42	0.201737451737452
42	0.200341167551175
42	0.203651421042725
42	0.208392458949929
42	0.207441681125892
42	0.202129682449135
42	0.205457781293257
42	0.201562813063514
42	0.210276829730755
42	0.202191235059761
42	0.213996316758748
42	0.191457474709629
42	0.200841009211053
42	0.208712121212121
42	0.208455344070278
42	0.203543158688277
42	0.20584652862363
42	0.216017488076312
42	0.202705390889198
42	0.201030927835052
42	0.217408351303666
42	0.211883408071749
42	0.220393416298675
42	0.20125786163522
42	0.196363636363636
42	0.207486832204665
42	0.208544125913435
42	0.212127197313846
42	0.208880308880309
42	0.205899363794101
42	0.20083987584444
42	0.196286472148541
42	0.209416863672183
42	0.20503094430026
42	0.205986608901142
42	0.210721972216787
42	0.200866779724892
42	0.201539942252166
42	0.200395647873393
42	0.207962891379977
42	0.204805706776797
43	0.20344560588463
43	0.197775718257646
43	0.190956724238308
43	0.21046791196597
43	0.205787169236627
43	0.208479911127569
43	0.215373050178538
43	0.203577355707173
43	0.214325790162708
43	0.199680191884869
43	0.200076952674105
43	0.216636010627427
43	0.202245088868101
43	0.196882538504361
43	0.20959251316046
43	0.20476989006894
43	0.196438719454442
43	0.200707686259092
43	0.205797101449275
43	0.206630686198921
43	0.202059925093633
43	0.197121757242946
43	0.208880666049954
43	0.198870276587456
43	0.211187003876685
43	0.204169797145004
43	0.203761147731679
43	0.203085334895528
43	0.208220240403257
43	0.210588466837237
43	0.211836283185841
43	0.201339851529966
43	0.198314606741573
43	0.211762422360248
43	0.207792207792208
43	0.212840972351086
43	0.208529945553539
43	0.210038896091869
43	0.204411485073208
43	0.201946025335047
43	0.210137697066454
43	0.195956160241875
43	0.206870373884988
43	0.201973194341028
43	0.206557984438681
43	0.206358164033108
43	0.206726013847676
43	0.194548170276326
43	0.204131918119788
43	0.197095837366893
43	0.200151773856953
43	0.211549243132125
43	0.213572854291417
43	0.206312548113934
43	0.195357833655706
43	0.208960915157293
43	0.209227871939736
43	0.210892236384705
43	0.211858006042296
43	0.203197620375534
43	0.213815170336909
43	0.204110135674381
43	0.20440844009043
43	0.21308302690149
43	0.207506702412869
43	0.209085831316328
43	0.206445115810675
43	0.201801139496416
43	0.207816610296881
43	0.206562266964952
43	0.203206562266965
43	0.195176252319109
43	0.203167774736019
43	0.196792452830189
43	0.213434452871073
43	0.206007002026903
43	0.214817880794702
43	0.204994409243384
43	0.208904752958858
43	0.204492641363284
43	0.214043035107588
43	0.200444197667962
43	0.20820189274448
43	0.20249908122014
43	0.203047619047619
43	0.209205020920502
43	0.196452160785054
43	0.209983831851253
43	0.207448861443458
43	0.205953041227584
43	0.213041795665635
43	0.202680067001675
43	0.205762081784387
43	0.202801120448179
43	0.20928448110493
43	0.20037558685446
43	0.202276064610866
43	0.200827784775958
43	0.214570290267501
43	0.202191780821918
44	0.201948295241664
44	0.20272509666728
44	0.209741550695825
44	0.207699711260828
44	0.201823154056518
44	0.206998158379374
44	0.206601710081527
44	0.204436229205176
44	0.197175348495965
44	0.213942769348953
44	0.199503627338679
44	0.206942086398793
44	0.203863071332951
44	0.196897146140586
44	0.211168971089962
44	0.199538195112565
44	0.211060084194413
44	0.204819277108434
44	0.209250693802035
44	0.210395566596598
44	0.197073170731707
44	0.203510696653867
44	0.208974840405558
44	0.203468854904886
44	0.212601395963026
44	0.204199576189559
44	0.204218600191755
44	0.211146437254535
44	0.198095238095238
44	0.204321821338993
44	0.204962044065914
44	0.203793381759483
44	0.206844678450545
44	0.195469013293391
44	0.209358687546607
44	0.210416270670975
44	0.200816629547142
44	0.203770028275212
44	0.206027293404094
44	0.203020134228188
44	0.210863824971709
44	0.203033625730994
44	0.21548314183462
44	0.203806502775575
44	0.214034401876466
44	0.207972582972583
44	0.213274498988785
44	0.202626641651032
44	0.202434456928839
44	0.215366705471478
44	0.209192692987625
44	0.214611040262343
44	0.207193418787067
44	0.208373715836402
44	0.202362509682417
44	0.210951008645533
44	0.201390193499906
44	0.203007518796992
44	0.205207328833173
44	0.208461538461538
44	0.205828107709332
44	0.207103927833114
44	0.204821428571429
44	0.207436768591921
44	0.213832960477256
44	0.205665722379603
44	0.199380565234224
44	0.202419819473785
44	0.199077359829666
44	0.21341129179609
44	0.204369682907966
44	0.199808978032474
44	0.199230769230769
44	0.206472996685514
44	0.197922463364867
44	0.20665362035225
44	0.211608222490931
44	0.209024296182029
44	0.203962264150943
44	0.208192408868846
44	0.205494709485799
44	0.213452566096423
44	0.205652090891732
44	0.208541746825702
44	0.206473412768985
44	0.206769825918762
44	0.197148752579253
44	0.208421457412036
44	0.198856053384175
44	0.206122448979592
44	0.205778847934803
44	0.206805293005671
44	0.199416697047029
44	0.201629713852568
44	0.216851096874393
44	0.20409756097561
44	0.210809806835067
44	0.211295561169253
44	0.205074399084319
44	0.206076618229855
45	0.206713132795304
45	0.208626434653832
45	0.205024011821204
45	0.20823927765237
45	0.206447963800905
45	0.213979496738117
45	0.208396084337349
45	0.213888888888889
45	0.205529953917051
45	0.200078616352201
45	0.21173235563703
45	0.204959609242908
45	0.201125703564728
45	0.194214876033058
45	0.199777613046701
45	0.203151065801668
45	0.209398496240602
45	0.199141470698022
45	0.206267806267806
45	0.199478972832155
45	0.205972434915773
45	0.210751919985712
45	0.206415094339623
45	0.202901281085154
45	0.204510703363914
45	0.198438392687107
45	0.209732824427481
45	0.204401913875598
45	0.197657121606545
45	0.210135002934846
45	0.207020192489149
45	0.208584337349398
45	0.206225680933852
45	0.205728191688506
45	0.200075714556123
45	0.202405218100285
45	0.201164537941397
45	0.203851138678023
45	0.207443793689779
45	0.197007965805323
45	0.211246200607903
45	0.194786386676322
45	0.194433706996521
45	0.209422086591646
45	0.210536779324056
45	0.198628867889568
45	0.204478164322724
45	0.206985294117647
45	0.19620253164557
45	0.204621692135669
45	0.207349081364829
45	0.207012938308644
45	0.211731315042573
45	0.196727272727273
45	0.205202873228499
45	0.204289349327517
45	0.204233197177869
45	0.209116809116809
45	0.200181323662738
45	0.211521152115212
45	0.208913125235051
45	0.207468123861566
45	0.205441421432537
45	0.202926087782633
45	0.192499538148901
45	0.20093896713615
45	0.198989142643205
45	0.205905055962949
45	0.200844854070661
45	0.21046686746988
45	0.208682406702209
45	0.207683529859262
45	0.206255924170616
45	0.204705446461652
45	0.204788213627993
45	0.198886827458256
45	0.22071986288326
45	0.211928199189346
45	0.210630274735141
45	0.200631618056846
45	0.204371165644172
45	0.214408561054844
45	0.205904761904762
45	0.205637533106319
45	0.210055643879173
45	0.204899354348652
45	0.207407407407407
45	0.202031193326079
45	0.217674418604651
45	0.20353982300885
45	0.217014869188782
45	0.200302343159486
45	0.209143968871595
45	0.207508017355216
45	0.20258699216615
45	0.222979552093476
45	0.210201793721973
45	0.200983172622424
45	0.202856626288194
45	0.19697549770291
46	0.212241804055334
46	0.200229709035222
46	0.198217468805704
46	0.204960835509138
46	0.203332742421556
46	0.192424819185383
46	0.201187967043495
46	0.202135631322593
46	0.204706761299963
46	0.207586732748761
46	0.204566899414984
46	0.203865452518119
46	0.191260877615256
46	0.20227442207308
46	0.199923474268223
46	0.206064117419853
46	0.20620239390642
46	0.217247706422018
46	0.206393718452047
46	0.207640878701051
46	0.210147601476015
46	0.206395883109722
46	0.21009802108378
46	0.207948243992606
46	0.209613572101791
46	0.205898617511521
46	0.208663594470046
46	0.204680468046805
46	0.209026128266033
46	0.209009666241109
46	0.203290468986384
46	0.198216235893702
46	0.202548248079445
46	0.207493343476607
46	0.203903733181732
46	0.202572929878601
46	0.20156862745098
46	0.206889988580129
46	0.199811676082863
46	0.21427250878166
46	0.209197980931015
46	0.202203750241639
46	0.21058495821727
46	0.208731497095747
46	0.208187815289096
46	0.200557620817844
46	0.206556155708698
46	0.198279087167976
46	0.204014598540146
46	0.20882070949185
46	0.201390159136638
46	0.197763929618768
46	0.209846036875119
46	0.195974382433669
46	0.203730017761989
46	0.199448529411765
46	0.203459947348627
46	0.211222967934377
46	0.204074142044412
46	0.202730503085843
46	0.198298676748582
46	0.212797344643186
46	0.211371363808085
46	0.210506495951798
46	0.206451612903226
46	0.214390872285609
46	0.213571288487939
46	0.209267563527653
46	0.207521954944635
46	0.209335727109515
46	0.211138196137259
46	0.205075090626618
46	0.208045977011494
46	0.196326061997704
46	0.203322635454031
46	0.199633363886343
46	0.202895825498308
46	0.207671232876712
46	0.201518799777737
46	0.208409842085935
46	0.206308454061984
46	0.215006665397067
46	0.210662239439218
46	0.2
46	0.21330902461258
46	0.205961572993356
46	0.198827194429174
46	0.196946269810591
46	0.20906848795295
46	0.197559250088433
46	0.211432759252473
46	0.209836688188378
46	0.214137995863884
46	0.208240946045824
46	0.203402366863905
46	0.216119290298226
46	0.205100182149362
46	0.208416833667335
46	0.213182084881674
46	0.204463779080764
47	0.211428571428571
47	0.205043254187373
47	0.213348123497874
47	0.195516811955168
47	0.200261780104712
47	0.20999448833364
47	0.202620770584784
47	0.211987744159326
47	0.212223472065992
47	0.198916408668731
47	0.206263899184581
47	0.204660194174757
47	0.197009841029523
47	0.210266159695817
47	0.202219040801718
47	0.200479527849502
47	0.212678169542386
47	0.204601334738321
47	0.212336448598131
47	0.215295396882929
47	0.211978084262233
47	0.209043878137574
47	0.203623188405797
47	0.206238532110092
47	0.207881417208966
47	0.20606286033104
47	0.197143916913947
47	0.19611505416511
47	0.208635771449842
47	0.208850212923533
47	0.199103139013453
47	0.206836950259266
47	0.206338028169014
47	0.213653136531365
47	0.205714285714286
47	0.206119457676805
47	0.198287097374791
47	0.207400555041628
47	0.2072680788897
47	0.203054494967025
47	0.208191126279863
47	0.214285714285714
47	0.199600072714052
47	0.202434456928839
47	0.20659062103929
47	0.198610850384832
47	0.208317580340265
47	0.206421186286958
47	0.20959595959596
47	0.209757900572907
47	0.215320910973085
47	0.204852750509354
47	0.200451297480256
47	0.21127792017576
47	0.208971553610503
47	0.221050684424713
47	0.212041392285983
47	0.212422593357103
47	0.210161662817552
47	0.208185385909176
47	0.208451235615922
47	0.213595706618962
47	0.213560551124003
47	0.207020192489149
47	0.208146487294469
47	0.206011730205279
47	0.207386888273315
47	0.206811731315043
47	0.197493921825323
47	0.205298013245033
47	0.207720588235294
47	0.19790675547098
47	0.205268935236004
47	0.20327868852459
47	0.202240999265246
47	0.204728640515852
47	0.206761299962645
47	0.210763172698294
47	0.204043075760438
47	0.192371171832019
47	0.203630623520126
47	0.202074391988555
47	0.20898292501856
47	0.212885697651853
47	0.215244940419898
47	0.199284907790741
47	0.210516639088068
47	0.209436777321895
47	0.198871906841339
47	0.203923686105112
47	0.195969289827255
47	0.209074074074074
47	0.199406418104248
47	0.198965024982156
47	0.20427059712774
47	0.20928981348637
47	0.207884650483665
47	0.20662227155013
47	0.203197158081705
47	0.205481938645852
48	0.207012308839985
48	0.206545857988166
48	0.206478499715855
48	0.211073950204385
48	0.205318951087967
48	0.207651278278462
48	0.206273937625388
48	0.199196640496622
48	0.204089150856511
48	0.206770356816102
48	0.209223847019123
48	0.201885745978924
48	0.201116312567519
48	0.203536562902929
48	0.206965718453683
48	0.205198608822991
48	0.203240324032403
48	0.213069741900055
48	0.200451722190853
48	0.21240533717995
48	0.212917761922644
48	0.20937840785169
48	0.21213768115942
48	0.201698113207547
48	0.208250765627815
48	0.202429149797571
48	0.204085388295915
48	0.206463195691203
48	0.204865556978233
48	0.206089405139036
48	0.201686835350202
48	0.202321428571429
48	0.203163246093015
48	0.20621162874684
48	0.208643815201192
48	0.214619252873563
48	0.213197969543147
48	0.201099908340972
48	0.20179454312397
48	0.216380952380952
48	0.212126796903797
48	0.210622044379774
48	0.213096139288418
48	0.206471219163389
48	0.214462416745956
48	0.200461647727273
48	0.203229903828706
48	0.206106870229008
48	0.217731172545281
48	0.20683147763729
48	0.207276302851524
48	0.203964993748884
48	0.204232995658466
48	0.203824020790793
48	0.201921300572695
48	0.205492075193513
48	0.205454545454545
48	0.20113991542563
48	0.210830999066293
48	0.194322761520939
48	0.209061853731905
48	0.204364712409839
48	0.204631024096386
48	0.204865556978233
48	0.210649502633119
48	0.212938005390836
48	0.203481842006739
48	0.205057216685124
48	0.212384473197782
48	0.208094692630775
48	0.213981086593733
48	0.204628279883382
48	0.210290827740492
48	0.201522290685031
48	0.199121522693997
48	0.209959123002601
48	0.204942400594574
48	0.203720590917381
48	0.205855443732845
48	0.203506907545165
48	0.213108751373123
48	0.20511811023622
48	0.213099799306696
48	0.20984266373948
48	0.218174919370138
48	0.212846110378602
48	0.210574293527803
48	0.201050262565641
48	0.201378809869376
48	0.197521301316809
48	0.206909292444116
48	0.204524210132735
48	0.202358311144922
48	0.209204253758709
48	0.201655512504403
48	0.211652580471138
48	0.198953823953824
48	0.209832360143153
48	0.203047694438947
48	0.209465881011215
49	0.197223724535785
49	0.200586409106588
49	0.196612665684831
49	0.212991765782251
49	0.20918557084418
49	0.202463146109349
49	0.198990627253064
49	0.202404450026915
49	0.199349945828819
49	0.208578792341679
49	0.2026608347002
49	0.205726791902243
49	0.215848501562787
49	0.206863860447478
49	0.209237618252643
49	0.200560224089636
49	0.209298052186696
49	0.205287146763902
49	0.211751662971175
49	0.205085986095865
49	0.20279339742427
49	0.210001845358922
49	0.204248975027954
49	0.202722590139809
49	0.213411188547749
49	0.204979102307832
49	0.195755579948774
49	0.204972276873547
49	0.196578085183837
49	0.199297629499561
49	0.212520593080725
49	0.208892921960073
49	0.201469797454741
49	0.208764792899408
49	0.209197980931015
49	0.209590517241379
49	0.20801317233809
49	0.208738755278135
49	0.198815253609774
49	0.202511210762332
49	0.210545520890348
49	0.206766206766207
49	0.200427198291207
49	0.20997177798683
49	0.204420866489832
49	0.208
49	0.204334938866247
49	0.205585155245269
49	0.204900181488203
49	0.207557117750439
49	0.200323974082073
49	0.202203856749311
49	0.210995812852722
49	0.198116691285081
49	0.205654601116514
49	0.205817378497791
49	0.203402505141148
49	0.204465768591991
49	0.206959706959707
49	0.203335126412049
49	0.212274368231047
49	0.204967801287948
49	0.202054154995331
49	0.205223189479533
49	0.212334961114126
49	0.207006935799395
49	0.206648199445983
49	0.20689039628704
49	0.211517566099239
49	0.205938332698896
49	0.205334765485141
49	0.207015630679753
49	0.19683426443203
49	0.205966930265996
49	0.195679796696315
49	0.209749955027883
49	0.203211623016632
49	0.206535034073039
49	0.200646087580761
49	0.208102802070319
49	0.205638474295191
49	0.201170446232626
49	0.199121522693997
49	0.206122079333454
49	0.212010744435917
49	0.212842067608657
49	0.196396068438296
49	0.204558297231117
49	0.205926202012672
49	0.198635189966802
49	0.206770356816102
49	0.191340280273087
49	0.207663112235677
49	0.201309635173059
49	0.194606826324722
49	0.202978195355433
49	0.205200281096275
49	0.198648408322959
49	0.211100658513641
49	0.212924915950691
50	0.214023494860499
50	0.198144104803493
50	0.211308977418763
50	0.200114678899083
50	0.20574941240282
50	0.196161653441594
50	0.206908895650618
50	0.20478773143819
50	0.201963004907512
50	0.196493791088386
50	0.208354733778463
50	0.20968043356382
50	0.212099387828592
50	0.206591070163005
50	0.206369426751592
50	0.204895738893926
50	0.197603686635945
50	0.200037181632274
50	0.208544913325162
50	0.20412675018423
50	0.208197905381004
50	0.194063079777366
50	0.211552217453505
50	0.20956553486674
50	0.205321100917431
50	0.212262459662962
50	0.203127874885005
50	0.202610774039345
50	0.202385190459238
50	0.205990444689452
50	0.206617785297988
50	0.205461638491547
50	0.202007061884408
50	0.201275045537341
50	0.205040742846314
50	0.201554591467824
50	0.212447975785093
50	0.212148200926256
50	0.208963282937365
50	0.20639001101726
50	0.19951109439639
50	0.20923132183908
50	0.215682587438887
50	0.200279622509612
50	0.201150427052466
50	0.205978260869565
50	0.203450215638477
50	0.205064194008559
50	0.211742777260019
50	0.204570184983678
50	0.209656925031766
50	0.197896238188625
50	0.203378025422253
50	0.198484568471632
50	0.201861130994989
50	0.196296296296296
50	0.2
50	0.218502850836859
50	0.206896551724138
50	0.204709809011682
50	0.206608501949137
50	0.20710587395108
50	0.205114544485882
50	0.201445515196442
50	0.203534777651083
50	0.195505207381692
50	0.213199785369344
50	0.208505293378791
50	0.215178409708386
50	0.209677419354839
50	0.213171262699565
50	0.201864467551094
50	0.196039244186047
50	0.209400921658986
50	0.206437291897891
50	0.203130495954977
50	0.207189306358382
50	0.201773835920177
50	0.206288622319157
50	0.198063045955184
50	0.205253623188406
50	0.208108108108108
50	0.20804886812792
50	0.207192099869573
50	0.20199146514936
50	0.205298013245033
50	0.205998563218391
50	0.201442841287458
50	0.206539509536785
50	0.19964317573595
50	0.206574523720583
50	0.197143916913947
50	0.205774181684443
50	0.209533973674849
50	0.202514764717089
50	0.208769033204917
50	0.20017873100983
50	0.206099981952716
50	0.208783029400819
50	0.20456998920475
51	0.209569209039548
51	0.201715137956749
51	0.206985769728331
51	0.20229761263687
51	0.210720887245841
51	0.198734844491302
51	0.209912012928713
51	0.210716218654158
51	0.196015078082929
51	0.208280828082808
51	0.207787345563459
51	0.20843989769821
51	0.205353868720205
51	0.198289684660609
51	0.208183776022972
51	0.205095998564507
51	0.202370263961214
51	0.20211161387632
51	0.204295253564339
51	0.205550416281221
51	0.203099946552646
51	0.211595209165076
51	0.205171444631816
51	0.204221440473986
51	0.212259835315645
51	0.201437587657784
51	0.197998570407434
51	0.204887908857038
51	0.212746362129306
51	0.206648697214735
51	0.197720694645441
51	0.205168776371308
51	0.203784065266447
51	0.207891852393131
51	0.203000723065799
51	0.210892018779343
51	0.195805460133791
51	0.204718693284936
51	0.203371592539455
51	0.201872861516297
51	0.203351762266759
51	0.214350099152695
51	0.208508403361345
51	0.207136485280999
51	0.203023758099352
51	0.204174228675136
51	0.204784342152954
51	0.205818576075172
51	0.203389830508475
51	0.203927220320663
51	0.204843049327354
51	0.198095935554742
51	0.204733076499725
51	0.208304378040306
51	0.209509658246657
51	0.202576549663928
51	0.202060365082234
51	0.204643628509719
51	0.202490525175961
51	0.209105632535541
51	0.207724237502256
51	0.207980875321809
51	0.197030061571894
51	0.208918539325843
51	0.199135758012243
51	0.206500618265324
51	0.203814713896458
51	0.196526670210881
51	0.214838825859896
51	0.208151382823872
51	0.213564213564214
51	0.198244330651061
51	0.20474672334396
51	0.210947444989998
51	0.202596035783196
51	0.201563067975282
51	0.207321559970567
51	0.205417196873296
51	0.205156950672646
51	0.208489388264669
51	0.201654055956361
51	0.207949412827462
51	0.199454049135578
51	0.201198474668604
51	0.211219336219336
51	0.206244260789715
51	0.20378801675469
51	0.214754389076077
51	0.205537806176784
51	0.208868778280543
51	0.207441207441207
51	0.210209145693017
51	0.205706234589644
51	0.201402625427081
51	0.206617647058824
51	0.207482409473142
51	0.199420394856004
51	0.192099567099567
51	0.206066012488849
51	0.200036205648081
52	0.20317800392787
52	0.208590068865531
52	0.216799709724238
52	0.206958716423292
52	0.211372064276885
52	0.204999100881136
52	0.199236502454099
52	0.19718051995606
52	0.208479327259986
52	0.201100461483848
52	0.206854558107168
52	0.197631253314478
52	0.198424068767908
52	0.207489146164978
52	0.202668128654971
52	0.206258890469417
52	0.204742523447177
52	0.204217736121125
52	0.213964369263991
52	0.213212098719614
52	0.205709188224799
52	0.207728623885295
52	0.205650929899857
52	0.206545454545455
52	0.215228948722346
52	0.196074900972272
52	0.205732372076666
52	0.208683223155262
52	0.220085868956506
52	0.200180995475113
52	0.213244788784357
52	0.203723788864787
52	0.206636771300448
52	0.206835799859056
52	0.210189982728843
52	0.206264459868304
52	0.207129798903108
52	0.207977207977208
52	0.205459508644222
52	0.203130688023298
52	0.205595667870036
52	0.206329113924051
52	0.202057182705718
52	0.204740574841359
52	0.19981981981982
52	0.199143101970865
52	0.213440860215054
52	0.204791481810115
52	0.204972375690608
52	0.203295719147412
52	0.202818408847663
52	0.210648596321394
52	0.207725004620218
52	0.199237195786415
52	0.207580277241621
52	0.207610029808873
52	0.20407088962976
52	0.210985813022917
52	0.203837798696597
52	0.202508960573477
52	0.20648806269364
52	0.203116883116883
52	0.212171052631579
52	0.204108068097705
52	0.208033678302052
52	0.209891863144832
52	0.21507594224639
52	0.197340043134436
52	0.208077893977642
52	0.206514084507042
52	0.199602959754557
52	0.206661891117479
52	0.196977684062555
52	0.215424070342554
52	0.211206896551724
52	0.193560257589696
52	0.212032816773017
52	0.197370697111226
52	0.203265765765766
52	0.20295652173913
52	0.206386433339347
52	0.218218773096822
52	0.206779661016949
52	0.211733800350263
52	0.201392608462775
52	0.2068597831882
52	0.202627683197631
52	0.204380883417813
52	0.200499910730227
52	0.204196790689473
52	0.206429474444645
52	0.212705210563883
52	0.204639453335731
52	0.201937134502924
52	0.204369019678642
52	0.192779783393502
52	0.207155635062612
52	0.205777527668355
52	0.211823539917842
52	0.2001800180018
53	0.203703703703704
53	0.205731470015921
53	0.207027712370947
53	0.205877017957555
53	0.202452897262709
53	0.210803226937917
53	0.206785137318255
53	0.202357207615594
53	0.208050182958704
53	0.215817944413356
53	0.205156537753223
53	0.20076516669703
53	0.206988768051346
53	0.201256732495512
53	0.203253485877726
53	0.208457624144587
53	0.200667720962924
53	0.197539302802461
53	0.209647495361781
53	0.200927357032458
53	0.199391444424557
53	0.200436919716002
53	0.20378977475867
53	0.213475049540623
53	0.211059743954481
53	0.209042650558301
53	0.202131376659679
53	0.215379262352122
53	0.201688383189576
53	0.203501094091904
53	0.201052440573399
53	0.209486166007905
53	0.210776255707763
53	0.199817850637523
53	0.20784805590396
53	0.210122972732133
53	0.207135434707309
53	0.211878009630819
53	0.202712100139082
53	0.208100558659218
53	0.209503621268327
53	0.198696461824953
53	0.200559179869525
53	0.202323503127793
53	0.203303684879288
53	0.217159559834938
53	0.207523169180447
53	0.208689194207204
53	0.206428571428571
53	0.205756929637527
53	0.207430340557276
53	0.217172624393749
53	0.207920792079208
53	0.207887323943662
53	0.210626844938357
53	0.20114021022626
53	0.203240820548181
53	0.206363636363636
53	0.208771293947082
53	0.212602739726027
53	0.194674343288953
53	0.198787878787879
53	0.205614290922348
53	0.202489318224039
53	0.199213864570306
53	0.200252115973348
53	0.207247180624884
53	0.210850111856823
53	0.19921875
53	0.203635728019577
53	0.210507942049223
53	0.199739146636855
53	0.207493814068575
53	0.202336696760489
53	0.207614303504714
53	0.198622881355932
53	0.210600210600211
53	0.210029607698001
53	0.20376121463078
53	0.202937013446568
53	0.210402745168864
53	0.204494767541602
53	0.206163655685441
53	0.209363492898474
53	0.202076124567474
53	0.207622003793758
53	0.205312275664034
53	0.20545746388443
53	0.198639942734431
53	0.206048084147258
53	0.201284796573876
53	0.205917770514364
53	0.200284090909091
53	0.203888787933854
53	0.203653463555797
53	0.210331452750353
53	0.200558659217877
53	0.205861070911722
53	0.211441488436794
53	0.213206884439761
54	0.200839109813937
54	0.206971677559913
54	0.207273378717306
54	0.207854236688484
54	0.205503308951585
54	0.199109741482623
54	0.202868135711787
54	0.206273062730627
54	0.205410994313286
54	0.207568590350047
54	0.209785159776133
54	0.206738692547153
54	0.197481292206607
54	0.207880910683012
54	0.210658532208864
54	0.206316154780496
54	0.212875853163623
54	0.207975679542203
54	0.206309819213045
54	0.217407071622847
54	0.202821869488536
54	0.204026604350171
54	0.205067444403937
54	0.201456741872446
54	0.205985299264963
54	0.207019419205416
54	0.196898665705013
54	0.206586287565233
54	0.202142363510712
54	0.210744515460356
54	0.204415087780289
54	0.213423295454545
54	0.207919034090909
54	0.206174957118353
54	0.209809264305177
54	0.200141567864095
54	0.207466666666667
54	0.197858146067416
54	0.215429939237709
54	0.20521232002916
54	0.207323640280022
54	0.207481209578745
54	0.205740804400138
54	0.200868055555556
54	0.203535083020889
54	0.207682642254532
54	0.202031394275162
54	0.206533575317604
54	0.205034084950184
54	0.207853881278539
54	0.204214223002634
54	0.205520393811533
54	0.209727492238703
54	0.209004905395936
54	0.20519293184277
54	0.199584918713248
54	0.207903168387326
54	0.207688103479687
54	0.198091535606998
54	0.204492362982929
54	0.20389232448163
54	0.206127628716461
54	0.202714932126697
54	0.211555398978334
54	0.208698764990156
54	0.206123564789502
54	0.206589492430988
54	0.204374327716027
54	0.202092414995641
54	0.204997450280469
54	0.208311134789558
54	0.206757253029747
54	0.209639849489339
54	0.202792321116928
54	0.198180520870496
54	0.202051097517092
54	0.200290539313601
54	0.21246511627907
54	0.207111882046834
54	0.211607786589762
54	0.21049877921172
54	0.205988642230253
54	0.206311992786294
54	0.212021857923497
54	0.206969376979937
54	0.209489051094891
54	0.20264241592313
54	0.195809248554913
54	0.20928596552937
54	0.200206576002754
54	0.21023026894006
54	0.201500535905681
54	0.20816611411621
54	0.204971181556196
54	0.202007061884408
54	0.200289226319595
54	0.202349172450614
54	0.201208674013509
54	0.213774104683196
54	0.202768290490742
55	0.202486678507993
55	0.208191736719728
55	0.204177545691906
55	0.206386433339347
55	0.204769589384974
55	0.210544631981904
55	0.213814028199179
55	0.211531659002476
55	0.201454158538748
55	0.20889881463666
55	0.20859872611465
55	0.206980802792321
55	0.20347307489914
55	0.208318584070796
55	0.206266318537859
55	0.212691158375813
55	0.200493740081114
55	0.199453053783045
55	0.207700650759219
55	0.204325655002638
55	0.214495412844037
55	0.208349074423876
55	0.202697841726619
55	0.202690252441496
55	0.205919738514618
55	0.207530493194273
55	0.209441128594683
55	0.204295442640126
55	0.208662107662634
55	0.213028169014085
55	0.218800358102059
55	0.20446675900277
55	0.206190975865687
55	0.209240099892972
55	0.206999648258881
55	0.214100666173205
55	0.211685475063706
55	0.203914031102569
55	0.203545976012515
55	0.200829588662288
55	0.198912471496229
55	0.201796187683284
55	0.200502152080344
55	0.203611349957008
55	0.208506037123806
55	0.200070138523584
55	0.20954095409541
55	0.199214566226348
55	0.202138849929874
55	0.208148016367194
55	0.201431127012522
55	0.198272823405005
55	0.215804394046775
55	0.209228601620289
55	0.204438830747023
55	0.205715299964501
55	0.210618232623123
55	0.203482237073514
55	0.202393162393162
55	0.204856895056375
55	0.208371081717702
55	0.203651187522155
55	0.210733452593918
55	0.206508568461139
55	0.206890164845342
55	0.196654208933974
55	0.208576642335766
55	0.197436353925583
55	0.212825933756166
55	0.208318393689494
55	0.210960829088354
55	0.206307719114828
55	0.204437400950872
55	0.20471615720524
55	0.211314186248912
55	0.210098271772281
55	0.20265661461138
55	0.2064043915828
55	0.206680584551148
55	0.208228530362918
55	0.20378895184136
55	0.205657757723013
55	0.205391982972685
55	0.212381463589193
55	0.203035350731075
55	0.213570047460011
55	0.207889125799574
55	0.20966912394994
55	0.208412017167382
55	0.202180207801056
55	0.203664552501762
55	0.199451209055051
55	0.209222423146474
55	0.208508403361345
55	0.206571128975883
55	0.214374888532192
55	0.20271985494107
55	0.204482821973177
55	0.204537398085785
55	0.20510095642933
56	0.20599785790789
56	0.210984713828653
56	0.202141172201052
56	0.207254798379996
56	0.207507454832486
56	0.202156334231806
56	0.208318769660958
56	0.202207911683533
56	0.211670088980151
56	0.204521181915272
56	0.207147814018043
56	0.203795672224193
56	0.196828679765598
56	0.204171048019628
56	0.197060906515581
56	0.211810466760962
56	0.208355182660374
56	0.207144107862021
56	0.210755308040376
56	0.199618783573038
56	0.209057971014493
56	0.207057602490919
56	0.207162041181737
56	0.203827247191011
56	0.205676243868255
56	0.207879001055223
56	0.194880115377682
56	0.205183976798985
56	0.200793078586878
56	0.214758092586147
56	0.205156742719347
56	0.207174887892377
56	0.219925808161102
56	0.210851025222283
56	0.20021509231045
56	0.208161804188294
56	0.210032479249368
56	0.1933788754598
56	0.205652852436275
56	0.196591707659873
56	0.20767733946577
56	0.207514350321795
56	0.205826581623858
56	0.203256302521008
56	0.208538867154278
56	0.203500343170899
56	0.210203366058906
56	0.205128205128205
56	0.207829787234043
56	0.211741889985896
56	0.207669919534326
56	0.209134191500617
56	0.209440057430007
56	0.208071278825996
56	0.219706350610295
56	0.20896063849084
56	0.205100379815518
56	0.209413369713506
56	0.202227011494253
56	0.208923884514436
56	0.211370522188558
56	0.202193525561649
56	0.208743169398907
56	0.202048746026139
56	0.203774903879762
56	0.212405018554515
56	0.208361658735554
56	0.216651583710407
56	0.208827284333394
56	0.206617388243576
56	0.197963800904977
56	0.208694115568122
56	0.201475085447023
56	0.20528382720457
56	0.206596592968467
56	0.213920350748995
56	0.212671293824524
56	0.209388839681134
56	0.200442402586354
56	0.213114754098361
56	0.197524407252441
56	0.203811813186813
56	0.220625682066206
56	0.193658187029738
56	0.207250221043324
56	0.200104675505932
56	0.201914857240554
56	0.208924602496153
56	0.201396160558464
56	0.205574912891986
56	0.202850686598297
56	0.208088366292535
56	0.204657727593507
56	0.209216751357981
56	0.203650162631008
56	0.203710247349823
56	0.204224152614546
56	0.201712987239993
56	0.206521739130435
56	0.204525366802192
57	0.205299175293911
57	0.197384271209775
57	0.203190743338008
57	0.203443429374561
57	0.209143457698371
57	0.204619893121876
57	0.205287713841369
57	0.201214223764094
57	0.20859649122807
57	0.20754052149401
57	0.205954465849387
57	0.209893507385778
57	0.209749399244765
57	0.201712987239993
57	0.202625669372949
57	0.211443661971831
57	0.206075250258889
57	0.210827693909422
57	0.200414293112377
57	0.202233880521239
57	0.201369382022472
57	0.203912583715192
57	0.201484981437732
57	0.207775768535262
57	0.204684495717532
57	0.205110377194507
57	0.2062382819158
57	0.207338795867474
57	0.203386809269162
57	0.202898550724638
57	0.214524353789344
57	0.20363387041481
57	0.1963874623694
57	0.207020702070207
57	0.20934347903026
57	0.200919461944492
57	0.200501253132832
57	0.198662678162942
57	0.21404741000878
57	0.206005586592179
57	0.206436152002739
57	0.209177489177489
57	0.205530116238112
57	0.203357889326709
57	0.207392926959303
57	0.199751199573485
57	0.205053282915091
57	0.214508151676131
57	0.19986108699427
57	0.204070796460177
57	0.210040983606557
57	0.210291595197256
57	0.194999131793714
57	0.203010150507525
57	0.208640674394099
57	0.203089741364346
57	0.196528751753156
57	0.213398163155051
57	0.208171891511095
57	0.206332453825858
57	0.208998797870513
57	0.205709342560554
57	0.20753017474329
57	0.20627409744129
57	0.202712100139082
57	0.206695005313496
57	0.201381692573402
57	0.208333333333333
57	0.205576142579848
57	0.210666194188519
57	0.206641431520991
57	0.204018547140649
57	0.207330219187927
57	0.204831932773109
57	0.19975533030409
57	0.209011943539631
57	0.204609929078014
57	0.210320828382278
57	0.211021974189048
57	0.200280849569949
57	0.207321365716297
57	0.200956937799043
57	0.206346423562412
57	0.210851891127607
57	0.20189440449044
57	0.205610733577278
57	0.200424178154825
57	0.212926452940168
57	0.198565818678504
57	0.206962911126662
57	0.207799145299145
57	0.210508002783577
57	0.208883339279344
57	0.208847736625514
57	0.204418897072032
57	0.209898522342888
57	0.208275623268698
57	0.210334029227557
57	0.212673465975589
57	0.207101597009854
58	0.202995867768595
58	0.200882253138785
58	0.199220825216929
58	0.210816580679594
58	0.208994708994709
58	0.205023761031908
58	0.202416918429003
58	0.210864283234988
58	0.200034193879296
58	0.204787234042553
58	0.199093444909344
58	0.209025712786426
58	0.206819452207937
58	0.208960448022401
58	0.200287150035894
58	0.20880829015544
58	0.202482148928936
58	0.204960385807785
58	0.201903467029232
58	0.202099737532808
58	0.210742387957578
58	0.205221300138313
58	0.207951070336391
58	0.204382120946538
58	0.210182548986769
58	0.201810436634718
58	0.211918194640339
58	0.201877133105802
58	0.206329777933205
58	0.207798871216008
58	0.201261166579086
58	0.203755703755704
58	0.209707424319296
58	0.212566599301856
58	0.211785400175902
58	0.203956834532374
58	0.202995594713656
58	0.216550522648084
58	0.214758092586147
58	0.208871114342847
58	0.207635170150285
58	0.204861111111111
58	0.205168500087306
58	0.210139734862057
58	0.204779917469051
58	0.197761194029851
58	0.198478683884663
58	0.209885386819484
58	0.21573994867408
58	0.206982990152193
58	0.204355963927174
58	0.205851619644723
58	0.207974705779027
58	0.203980975867536
58	0.206185567010309
58	0.20398773006135
58	0.210933380207418
58	0.202683615819209
58	0.207563764291996
58	0.20889043236673
58	0.211705202312139
58	0.21092377941693
58	0.212302947224126
58	0.208907741251326
58	0.207279344858963
58	0.206999125109361
58	0.206326383896477
58	0.207837044709132
58	0.20709219858156
58	0.205577968777407
58	0.205361746004468
58	0.205772314270444
58	0.206613080014615
58	0.204473960153792
58	0.20897806495494
58	0.206502636203866
58	0.20600272851296
58	0.202273884269472
58	0.209272956882555
58	0.198229474049644
58	0.199337286362051
58	0.211359724612737
58	0.210914454277286
58	0.210095735422106
58	0.209770618105411
58	0.199177543357769
58	0.206908286540752
58	0.202593760953382
58	0.205575508807936
58	0.208827065086725
58	0.205867390198406
58	0.208770090845563
58	0.210215427380125
58	0.204124432016777
58	0.212067118886112
58	0.203703703703704
58	0.211966683664797
58	0.210358847445643
58	0.202034132046199
58	0.203422385192946
59	0.206176522196877
59	0.20626678603402
59	0.207628581290991
59	0.203974184782609
59	0.211120764552563
59	0.208110440034513
59	0.205037247250798
59	0.202586206896552
59	0.20601451780159
59	0.208476912474156
59	0.203504510756419
59	0.210633254317643
59	0.206346453962199
59	0.204330175913396
59	0.205981840840306
59	0.201236263736264
59	0.203607353451266
59	0.204572598532674
59	0.208120965001699
59	0.20863938440014
59	0.201932858596134
59	0.204455189086514
59	0.209428522977785
59	0.210516870064609
59	0.202330687383888
59	0.203297667075952
59	0.207272088529773
59	0.203012666894899
59	0.20687237026648
59	0.203267744202389
59	0.206933144676335
59	0.205262240808503
59	0.21120614417874
59	0.211496196111581
59	0.209865629420085
59	0.202266782911944
59	0.205026682733689
59	0.204565563617059
59	0.210489014883062
59	0.201576182136602
59	0.210460992907801
59	0.206604114038253
59	0.205448551101857
59	0.207507820646507
59	0.208269263625491
59	0.212142237640937
59	0.20809539805173
59	0.204680405169403
59	0.206493279804503
59	0.209190672153635
59	0.209876543209877
59	0.202225699878282
59	0.212513107305138
59	0.206405067745909
59	0.209773936170213
59	0.215806001395673
59	0.2033601680084
59	0.216016859852476
59	0.204965753424658
59	0.208845628415301
59	0.209682977257064
59	0.20859649122807
59	0.209778085991678
59	0.210320978896968
59	0.207566817077404
59	0.207194742303701
59	0.206715634837356
59	0.209876543209877
59	0.206373551465576
59	0.200343347639485
59	0.20304114490161
59	0.19806596442756
59	0.203867311218536
59	0.207277335264301
59	0.208515857718591
59	0.206305213926901
59	0.206393328700486
59	0.206813489332416
59	0.211340206185567
59	0.204537582265327
59	0.206259890979427
59	0.210963167905931
59	0.203040540540541
59	0.2013900661129
59	0.203630758691557
59	0.200247437256981
59	0.207254768392371
59	0.208998797870513
59	0.198894072922067
59	0.21011396011396
59	0.211524566473988
59	0.203545976012515
59	0.207821816906349
59	0.204273935722699
59	0.21267046435353
59	0.213342479849083
59	0.212979247274006
59	0.200745383703202
59	0.200822481151474
59	0.206879109762266
60	0.206502636203866
60	0.200444292549556
60	0.20746395250212
60	0.208868555340489
60	0.20598741282531
60	0.211326691137913
60	0.210081071554459
60	0.20370053109474
60	0.204424626993655
60	0.208845208845209
60	0.202266782911944
60	0.204335950836463
60	0.205495616992583
60	0.204441311244272
60	0.213958406767712
60	0.20929455031762
60	0.203240820548181
60	0.201480971241605
60	0.204387009012073
60	0.205595100148982
60	0.202646239554318
60	0.20060281312793
60	0.20482546201232
60	0.20814880425155
60	0.201327047319714
60	0.205968101526325
60	0.208981001727116
60	0.207566289478129
60	0.202668034889687
60	0.201003224650663
60	0.195972671700827
60	0.203941580151329
60	0.208434151399931
60	0.206497703691104
60	0.200975269940787
60	0.201470839746879
60	0.201582387340901
60	0.200340715502555
60	0.210141228517951
60	0.21467439002984
60	0.202691194004429
60	0.201239456016526
60	0.210118740320083
60	0.207507082152975
60	0.209505504106238
60	0.209174636911088
60	0.208675473045341
60	0.211478260869565
60	0.209451272286654
60	0.205756167322131
60	0.209232313095835
60	0.20241906794735
60	0.214311206281228
60	0.204116934786369
60	0.201201716738197
60	0.200964897687573
60	0.218020216103172
60	0.221960072595281
60	0.203287197231834
60	0.206090174966353
60	0.207162921348315
60	0.205923103567717
60	0.208412670936472
60	0.205834974046895
60	0.212718161396233
60	0.201516979831064
60	0.20572733661279
60	0.194037392622537
60	0.19953130231001
60	0.207903780068729
60	0.200719301250214
60	0.202780191138141
60	0.20910038207711
60	0.213625044468161
60	0.205681040383299
60	0.21034363068379
60	0.204332755632582
60	0.202772963604853
60	0.208534067446662
60	0.204172366621067
60	0.205013736263736
60	0.207524059492563
60	0.208781520014107
60	0.199473222124671
60	0.199058741502527
60	0.206222222222222
60	0.196820459650942
60	0.211548556430446
60	0.2090156717732
60	0.196974734042553
60	0.203076923076923
60	0.200555170020819
60	0.205274411974341
60	0.199123575810692
60	0.201563857515204
60	0.203297637259901
60	0.204989532449407
60	0.205714285714286
60	0.212732374605402
60	0.210226260466774
61	0.20983379501385
61	0.203395643971874
61	0.201970443349754
61	0.208638105189829
61	0.204946996466431
61	0.208506944444444
61	0.198654940506984
61	0.209867841409692
61	0.205196535642905
61	0.200344530577089
61	0.199549237170596
61	0.212392426850258
61	0.206559065934066
61	0.206105553639186
61	0.205644495791385
61	0.198325017818959
61	0.199965102076426
61	0.20476431829701
61	0.204297407912688
61	0.215972222222222
61	0.207952087838962
61	0.20705648500911
61	0.212
61	0.204945739192315
61	0.197325623418865
61	0.206737346101231
61	0.20462850182704
61	0.202293342461065
61	0.206452750352609
61	0.204126500930154
61	0.202326401127952
61	0.21070460704607
61	0.203407155025554
61	0.208239958627823
61	0.211615371239784
61	0.203596996682382
61	0.205136928048988
61	0.207659574468085
61	0.195064232589588
61	0.200661329620606
61	0.201543739279588
61	0.209097320169252
61	0.205370976071613
61	0.205447209145931
61	0.206228956228956
61	0.20458433116661
61	0.200139713587146
61	0.20266246277807
61	0.204529616724739
61	0.204464133583234
61	0.204823369565217
61	0.204013377926421
61	0.211687853107345
61	0.206368125319258
61	0.202033672278713
61	0.202390974911601
61	0.212282814381559
61	0.205877238741089
61	0.206106870229008
61	0.205513341579784
61	0.20578231292517
61	0.203804347826087
61	0.203656678517014
61	0.20683731317643
61	0.205486820871436
61	0.196967115351849
61	0.200539265251095
61	0.204912401236688
61	0.199823788546256
61	0.213136956153716
61	0.206274917663373
61	0.205877497110781
61	0.202691194004429
61	0.202797202797203
61	0.20556207069861
61	0.206796941376381
61	0.206725844998293
61	0.208564493758669
61	0.204280821917808
61	0.195462478184991
61	0.206654991243433
61	0.199727102166127
61	0.206938633193863
61	0.200484764542936
61	0.204311942058279
61	0.204835688745105
61	0.209665955934613
61	0.207951598962835
61	0.206036967949805
61	0.209377236936292
61	0.204268830481566
61	0.209059829059829
61	0.20348642306403
61	0.206025921562027
61	0.205543122740575
61	0.199148936170213
61	0.206139627001155
61	0.212497812007702
61	0.206738131699847
61	0.203247949104303
62	0.198311509303928
62	0.210036213140197
62	0.208086618169514
62	0.209507042253521
62	0.206949152542373
62	0.208318584070796
62	0.210069739751658
62	0.202809181226447
62	0.208227095019548
62	0.217091295116773
62	0.205912863070539
62	0.208955223880597
62	0.207913918778202
62	0.206260575296108
62	0.205477092662763
62	0.202053660152368
62	0.203756980876629
62	0.208419599723948
62	0.2065957075554
62	0.206772086627707
62	0.207282415630551
62	0.214209968186638
62	0.203860875353636
62	0.213162393162393
62	0.20707994016952
62	0.207310881705872
62	0.213120444290177
62	0.204591492234976
62	0.20360824742268
62	0.205769899200556
62	0.213410364145658
62	0.211343804537522
62	0.199761985719143
62	0.209559448885865
62	0.200920245398773
62	0.20673159063728
62	0.207258341933265
62	0.203239556692242
62	0.208574942892286
62	0.210499227997941
62	0.204405286343612
62	0.206071118820468
62	0.202142363510712
62	0.203654485049834
62	0.207158914058447
62	0.204703832752613
62	0.202144215804946
62	0.209428671573782
62	0.198322558098899
62	0.204827586206897
62	0.202570694087404
62	0.212214788128324
62	0.199833472106578
62	0.205123736493552
62	0.20535263423666
62	0.204813019390582
62	0.205697308633345
62	0.214055884843353
62	0.212014134275618
62	0.201191489361702
62	0.202245279809491
62	0.202302057900244
62	0.209100204498978
62	0.204679376083189
62	0.207661953304834
62	0.205070324709151
62	0.202858618908214
62	0.205601092896175
62	0.204232622161046
62	0.208950257860589
62	0.203465431463373
62	0.206760098928277
62	0.201319043693322
62	0.207760989010989
62	0.208847736625514
62	0.201550387596899
62	0.202174294231106
62	0.205280081232019
62	0.209174311926606
62	0.205597788527989
62	0.205655526992288
62	0.210401087695445
62	0.201615675489859
62	0.208683944799731
62	0.204678362573099
62	0.211228556575983
62	0.207819287576021
62	0.209705676243868
62	0.215320188448787
62	0.199533644237175
62	0.203710247349823
62	0.212571814802298
62	0.21132335226295
62	0.198924731182796
62	0.20045045045045
62	0.205908058031813
62	0.207355633216841
62	0.204968944099379
62	0.204627249357326
62	0.201754385964912
63	0.210209694052939
63	0.206878213082787
63	0.207006369426752
63	0.205691462805791
63	0.210410308579179
63	0.203886639676113
63	0.206597800733089
63	0.206896551724138
63	0.210400682011935
63	0.207646559048428
63	0.203817314246762
63	0.205421070576202
63	0.208707914683589
63	0.20623659462135
63	0.207892039631022
63	0.206063634849242
63	0.203831288859015
63	0.208275139664804
63	0.203569624515912
63	0.211771077811879
63	0.207622504537205
63	0.206553439698061
63	0.211009174311927
63	0.21015246015246
63	0.207221081451061
63	0.207531239446133
63	0.207210360518026
63	0.206384814495255
63	0.207853757616791
63	0.203883495145631
63	0.197735338854149
63	0.20815917070724
63	0.20130086724483
63	0.209049158020071
63	0.210957948002094
63	0.202127659574468
63	0.207189996526572
63	0.20596911330904
63	0.201752878501461
63	0.199477351916376
63	0.201068804275217
63	0.202565833896016
63	0.203008761778806
63	0.204418011894647
63	0.20259651520328
63	0.2080525606469
63	0.204807375699704
63	0.202854743912678
63	0.200421570349552
63	0.204741000877963
63	0.202655015963704
63	0.199282173987353
63	0.204459691252144
63	0.208361891706648
63	0.202551020408163
63	0.206483201080534
63	0.210044874007594
63	0.203570803430772
63	0.203735731580768
63	0.207150188162846
63	0.196196024674435
63	0.209105071836593
63	0.202761872684406
63	0.208026638626008
63	0.206268958543984
63	0.202015027322404
63	0.208669708669709
63	0.204919423240034
63	0.202810548230396
63	0.202081526452732
63	0.211790765036633
63	0.202961237730827
63	0.206159542241669
63	0.206199021207178
63	0.205693455997223
63	0.204158145875937
63	0.202558261783774
63	0.209818426361802
63	0.210985035356027
63	0.209928837682142
63	0.21068754254595
63	0.206440677966102
63	0.20602766798419
63	0.206738401834539
63	0.205016722408027
63	0.202866779089376
63	0.204689058862654
63	0.205892669238864
63	0.20857336496103
63	0.201352493660186
63	0.204745762711864
63	0.205759888965996
63	0.209750173490632
63	0.20912352639672
63	0.200136031287196
63	0.20524820324252
63	0.208084598328501
63	0.205038488453464
63	0.203697534976682
63	0.203419707385863
64	0.205897568546301
64	0.208601776075222
64	0.197822141560799
64	0.193570451436389
64	0.208114961961116
64	0.216859162213411
64	0.202442045655636
64	0.207657813038979
64	0.213578746310123
64	0.202095808383234
64	0.209239130434783
64	0.207416186928547
64	0.202399053894239
64	0.203655352480418
64	0.205555555555556
64	0.20891265597148
64	0.207671510645488
64	0.207675326880625
64	0.212049012933969
64	0.20387849665351
64	0.203670326069146
64	0.208645054031588
64	0.214977516430301
64	0.202575107296137
64	0.202472144846797
64	0.205809128630705
64	0.211218836565097
64	0.213679565512559
64	0.205609055583713
64	0.202446588559614
64	0.208931971611563
64	0.203818455870039
64	0.208912715697772
64	0.206113387978142
64	0.204215618521078
64	0.207592752372735
64	0.205787234042553
64	0.202425831830847
64	0.208612600536193
64	0.203192037068818
64	0.196449906127325
64	0.207412444746685
64	0.202786377708978
64	0.205655526992288
64	0.209786569495055
64	0.210340181879421
64	0.205010585744531
64	0.20450576318547
64	0.209732693625771
64	0.208
64	0.204198473282443
64	0.21010101010101
64	0.208576672784916
64	0.209234963366843
64	0.208161157024793
64	0.203660565723794
64	0.20925341745531
64	0.199512958775439
64	0.204105870376654
64	0.202748527574514
64	0.211600612349039
64	0.203122319437296
64	0.207611281005776
64	0.205601092896175
64	0.209025331320248
64	0.207834416695176
64	0.202669902912621
64	0.206343792633015
64	0.205882352941176
64	0.207059618307718
64	0.205939543927877
64	0.208588957055215
64	0.200208008320333
64	0.207769684356573
64	0.207092442761233
64	0.200402819738167
64	0.21007556675063
64	0.203647416413374
64	0.199598796389167
64	0.207277116744266
64	0.204819277108434
64	0.203280906477253
64	0.202484889187374
64	0.20615796519411
64	0.207150188162846
64	0.198910531528557
64	0.204502814258912
64	0.199829931972789
64	0.203812824956672
64	0.208644332581149
64	0.195550147749
64	0.20037517053206
64	0.201464577656676
64	0.20694517891768
64	0.197909754479098
64	0.207765667574932
64	0.19794474393531
64	0.211806736985369
64	0.204827468978412
64	0.212126507076708
65	0.201393497013935
65	0.203392677191804
65	0.205403591206578
65	0.205506717531929
65	0.20544931460484
65	0.204277897529431
65	0.203819503126584
65	0.207414829659319
65	0.206743869209809
65	0.210377984084881
65	0.202109845947756
65	0.210313980003508
65	0.205398857933899
65	0.20677146311971
65	0.208873720136519
65	0.20426935091982
65	0.205771857923497
65	0.210490229688036
65	0.197274275979557
65	0.20777663583419
65	0.203332199931996
65	0.208247422680412
65	0.202686817800168
65	0.204676380887835
65	0.200921030189323
65	0.211810228802153
65	0.198493723849372
65	0.205897392193625
65	0.204113648248213
65	0.205857879846896
65	0.203167115902965
65	0.198602794411178
65	0.208806096528366
65	0.204340277777778
65	0.198615098800878
65	0.206039372706039
65	0.209560039695667
65	0.20488140254383
65	0.200711382113821
65	0.210084033613445
65	0.19996664442962
65	0.209470845972363
65	0.202274293590627
65	0.207088607594937
65	0.208583690987124
65	0.201850294365013
65	0.211699631243714
65	0.200513259195894
65	0.202262367043728
65	0.203223662346294
65	0.211061337008959
65	0.199121769971289
65	0.207964601769911
65	0.208396052851647
65	0.19855000823859
65	0.206090174966353
65	0.209364104266977
65	0.204709522172568
65	0.215692992975844
65	0.204899040052963
65	0.206691576086957
65	0.207761396373496
65	0.208739495798319
65	0.205599734923791
65	0.206035379812695
65	0.201465201465201
65	0.208127869409964
65	0.208736245415138
65	0.207459608112754
65	0.205718954248366
65	0.205158865732832
65	0.210051107325383
65	0.204299255247123
65	0.205465414175918
65	0.200609446419502
65	0.207519290756854
65	0.210803465262443
65	0.203167115902965
65	0.211953705303161
65	0.206658819572894
65	0.207148794679967
65	0.211407103825137
65	0.199520465833191
65	0.207341944255608
65	0.203085695119906
65	0.201986754966887
65	0.198090692124105
65	0.206203430947843
65	0.206849548475038
65	0.206837016574586
65	0.205695142378559
65	0.206033596160439
65	0.200956149027366
65	0.209325396825397
65	0.20844327176781
65	0.200307114826821
65	0.205349585237853
65	0.203561452513966
65	0.20581842501254
65	0.209682918513467
66	0.204350025290845
66	0.20356063150823
66	0.202468712497857
66	0.206604572396274
66	0.210508812770203
66	0.206481167288768
66	0.205812774586009
66	0.209863945578231
66	0.205025794641371
66	0.204057679409792
66	0.20633850303439
66	0.203964086057937
66	0.208498023715415
66	0.204886267902275
66	0.207967589466577
66	0.204406162000994
66	0.201171548117155
66	0.208403080013391
66	0.208227095019548
66	0.217908359566282
66	0.19996625042187
66	0.207443993649674
66	0.20360824742268
66	0.20653301071552
66	0.20373305159359
66	0.208972455879927
66	0.202963702963703
66	0.207343412526998
66	0.207317073170732
66	0.207121364092277
66	0.201418673705048
66	0.198724239450442
66	0.20260162601626
66	0.207268503153004
66	0.205430160287864
66	0.21
66	0.204711347047113
66	0.207669322709163
66	0.201739427012278
66	0.20788948069241
66	0.206260575296108
66	0.206953917817335
66	0.203732775161347
66	0.205735874978533
66	0.200327332242226
66	0.206235411803935
66	0.20652719665272
66	0.211680053547523
66	0.20215089900857
66	0.204549173621339
66	0.213727488956847
66	0.201721809588116
66	0.208079783637593
66	0.208459723626559
66	0.20648773258686
66	0.203195962994113
66	0.204202677512286
66	0.212024786467928
66	0.207738607050731
66	0.205550737207285
66	0.208549874266555
66	0.206884681583477
66	0.209993131868132
66	0.209974640743872
66	0.207133058984911
66	0.202839062767231
66	0.203655802724608
66	0.205358656944209
66	0.204140505684711
66	0.198073154800784
66	0.209804593760713
66	0.210472103004292
66	0.205397301349325
66	0.202473206924979
66	0.208291541290538
66	0.205213903743315
66	0.206038771658947
66	0.206106870229008
66	0.210570896154498
66	0.213853396099529
66	0.213333333333333
66	0.209469891919712
66	0.205425723157379
66	0.207036316472114
66	0.209813874788494
66	0.198596130799521
66	0.207443257676903
66	0.209322325421397
66	0.202341688654354
66	0.208170876419732
66	0.203580901856764
66	0.207951070336391
66	0.203763349720292
66	0.206753160345975
66	0.203375383566314
66	0.207990599294947
66	0.20707994016952
66	0.201067309347564
66	0.212439696760855
66	0.203303252170952
67	0.197678388528508
67	0.206176961602671
67	0.206428098078197
67	0.206089376330005
67	0.202693370165746
67	0.205045716220792
67	0.207925801011804
67	0.201463924712443
67	0.206621392190153
67	0.208347472005429
67	0.20515846257586
67	0.204474505723205
67	0.207430340557276
67	0.204150497722288
67	0.204057480980558
67	0.207381073302861
67	0.212989175686928
67	0.204939118504545
67	0.207363381211821
67	0.210596914822267
67	0.201767550441888
67	0.211169580716347
67	0.199323753169907
67	0.209214002642008
67	0.203783604381016
67	0.207046979865772
67	0.206199237526935
67	0.202463932566056
67	0.199224021592443
67	0.205804311774461
67	0.2037622773431
67	0.199270326615705
67	0.209362139917695
67	0.208610968733983
67	0.203776152406872
67	0.204660059120153
67	0.208375720583249
67	0.19752052270062
67	0.202291978076731
67	0.209202250910295
67	0.20206008583691
67	0.209876543209877
67	0.210642264023047
67	0.213418862690707
67	0.204015654245363
67	0.207568996860023
67	0.201308505284348
67	0.206380857427717
67	0.200130911471118
67	0.204424484364604
67	0.210358699296011
67	0.208899456521739
67	0.212589073634204
67	0.207892998678996
67	0.208543558694921
67	0.206312292358804
67	0.208691258211218
67	0.200436095270044
67	0.203336636934258
67	0.212086092715232
67	0.202665282104534
67	0.206401583897047
67	0.201816347124117
67	0.210812592714686
67	0.20701338302558
67	0.206516290726817
67	0.201836393989983
67	0.205573168696813
67	0.205427631578947
67	0.213993871297242
67	0.198189300411523
67	0.198560187510464
67	0.203488372093023
67	0.209762758149855
67	0.206507304116866
67	0.207609594706369
67	0.200332778702163
67	0.209384460141271
67	0.207071561495517
67	0.20758816647167
67	0.208730556949323
67	0.201468869971624
67	0.204068022674225
67	0.210108676901846
67	0.209528602583459
67	0.20176480570168
67	0.206481790845306
67	0.199696918673177
67	0.205927180355631
67	0.209480887998665
67	0.20359784801614
67	0.207986688851913
67	0.200975609756098
67	0.207962371913321
67	0.212385099177552
67	0.209800664451827
67	0.203187919463087
67	0.2056151940545
67	0.20989083691697
67	0.207105435494434
68	0.206161137440758
68	0.213905522288756
68	0.212842465753425
68	0.208909370199693
68	0.19719000163372
68	0.208930356547817
68	0.207210242587601
68	0.200651465798046
68	0.207877104101977
68	0.203802535023349
68	0.207559905501181
68	0.211044377711044
68	0.205858153694257
68	0.207214765100671
68	0.212815405046481
68	0.207250341997264
68	0.20623095157467
68	0.200370744860128
68	0.207565953210553
68	0.200955305356534
68	0.210614431608907
68	0.205517466536076
68	0.214427860696517
68	0.202440655299231
68	0.200408302143586
68	0.202755905511811
68	0.204410796576695
68	0.209475465313029
68	0.210888816005248
68	0.205660994764398
68	0.201238908421229
68	0.197957839262187
68	0.199433049858262
68	0.207942000329544
68	0.203937653814602
68	0.207613617306725
68	0.208925288316898
68	0.203508771929825
68	0.208402800933645
68	0.207935462627593
68	0.20983496126642
68	0.20368492224476
68	0.20615796519411
68	0.205479452054795
68	0.212085507490321
68	0.209248554913295
68	0.202463303526236
68	0.204227696404794
68	0.207226890756303
68	0.209923664122137
68	0.197326649958229
68	0.199057714958775
68	0.206241519674356
68	0.211741746625468
68	0.207290441794053
68	0.20445974749959
68	0.205293631100083
68	0.204737452377008
68	0.203517587939698
68	0.193894666219389
68	0.200431750249087
68	0.210818074920208
68	0.209638135003479
68	0.208947635993899
68	0.216924110141034
68	0.203750633552965
68	0.205902192242833
68	0.213112033195021
68	0.208026755852843
68	0.207154742096506
68	0.202448842670245
68	0.205493741307371
68	0.199302441454908
68	0.206493506493507
68	0.204041073203047
68	0.206418184857095
68	0.201335722430363
68	0.208684167079412
68	0.209746460322687
68	0.207677165354331
68	0.204549200593374
68	0.204212604903735
68	0.19863829787234
68	0.204740292486132
68	0.208296712954825
68	0.203903095558546
68	0.205340852546028
68	0.204476093591048
68	0.202338586680224
68	0.20504009163803
68	0.210072895957588
68	0.216009319354302
68	0.202859993348853
68	0.206989247311828
68	0.204286671131949
68	0.202247191011236
68	0.204633204633205
68	0.202437819140175
68	0.206478434089728
68	0.207976720301267
69	0.20668485675307
69	0.19714722363729
69	0.202196704942586
69	0.206688963210702
69	0.202054217881798
69	0.200130165961601
69	0.207011686143573
69	0.203320853003419
69	0.20674836861372
69	0.205157877335097
69	0.214633327739554
69	0.208646302787515
69	0.205531632991057
69	0.200914014895058
69	0.21017923571187
69	0.201792233654165
69	0.202435813034891
69	0.208627193701821
69	0.213970837572058
69	0.20285908781484
69	0.210776008132836
69	0.201962387571545
69	0.203750633552965
69	0.20321587410195
69	0.204633857601894
69	0.203761755485893
69	0.204395957003048
69	0.210891256553357
69	0.19996625042187
69	0.206971677559913
69	0.207046251461012
69	0.20772391125719
69	0.207616502421914
69	0.209290953545232
69	0.208684167079412
69	0.199797502531218
69	0.206885191895899
69	0.203872248883005
69	0.211631108052306
69	0.203213763999351
69	0.210159362549801
69	0.208228379513014
69	0.207144077935396
69	0.20052310374891
69	0.203340719277314
69	0.206541291905151
69	0.204234744914972
69	0.206090534979424
69	0.203994760969221
69	0.206701116852809
69	0.207816482582838
69	0.207455700434637
69	0.207929073268652
69	0.209069689896632
69	0.204602301150575
69	0.201461551237336
69	0.207285200914734
69	0.203706795792286
69	0.210386593661855
69	0.205527638190955
69	0.19973869018455
69	0.208223249669749
69	0.206579826319305
69	0.213697219361483
69	0.212269538260728
69	0.206259364075246
69	0.209344560013208
69	0.203709949409781
69	0.209279204639602
69	0.203647925033467
69	0.2072556264696
69	0.207000502428404
69	0.212416707297253
69	0.206558431120399
69	0.20204857095655
69	0.202197441784192
69	0.206851761649618
69	0.205531632991057
69	0.212207835883639
69	0.206351873634683
69	0.204421768707483
69	0.205182529335072
69	0.201455507773735
69	0.206351931330472
69	0.20779655345491
69	0.206602069305305
69	0.205822613405552
69	0.209205020920502
69	0.205922396187883
69	0.201554232804233
69	0.200292873413602
69	0.208670715249663
69	0.202046880158468
69	0.206821963394343
69	0.203017172203499
69	0.209464043419267
69	0.204580413604512
69	0.205560098119379
69	0.201023271166859
69	0.211183144246353
70	0.198951163552933
70	0.207196845218534
70	0.203330557868443
70	0.20223060521568
70	0.202552627216973
70	0.208844415752098
70	0.207715133531157
70	0.201608848667672
70	0.208542713567839
70	0.203125
70	0.206385404789054
70	0.201050385688495
70	0.206500328299409
70	0.204970948999354
70	0.210729253981559
70	0.205051011874895
70	0.209857192615813
70	0.205696202531646
70	0.201196211995348
70	0.200357491062723
70	0.210314262691378
70	0.204029366569916
70	0.210992002722477
70	0.211941283193139
70	0.207125103562552
70	0.204789430222956
70	0.208613066972327
70	0.20662230157442
70	0.212332173048235
70	0.204990215264188
70	0.210402289176906
70	0.206203135650988
70	0.209561231172233
70	0.207849550286182
70	0.208285004142502
70	0.210517773088784
70	0.212988348183687
70	0.209693537641572
70	0.205906891373269
70	0.208583834335337
70	0.20334769638714
70	0.214573539288113
70	0.208787523058863
70	0.209644670050761
70	0.20991790919752
70	0.208116883116883
70	0.203509347326992
70	0.209632653061224
70	0.206861063464837
70	0.209988268811798
70	0.209222886421862
70	0.210447263017356
70	0.202805280528053
70	0.198689598689599
70	0.204016199797503
70	0.202991452991453
70	0.208380704888745
70	0.209143807148795
70	0.201658374792703
70	0.204721862871928
70	0.203621399176955
70	0.21022921655833
70	0.207475712168615
70	0.203314735805711
70	0.202668890742285
70	0.208414872798434
70	0.210597367532906
70	0.203256126216851
70	0.208474576271186
70	0.20693135935397
70	0.194632005401756
70	0.206264578473842
70	0.207933884297521
70	0.204530531845043
70	0.20846800258565
70	0.205408992865439
70	0.208689817144774
70	0.202961965668125
70	0.20264390896921
70	0.20019870839543
70	0.206776859504132
70	0.203566621803499
70	0.203358829398071
70	0.208854509545754
70	0.202271231073074
70	0.205102551275638
70	0.201445941505094
70	0.203163215392141
70	0.204468517264726
70	0.203818455870039
70	0.218008658008658
70	0.208279845956354
70	0.204095447622271
70	0.215485996705107
70	0.206689965052421
70	0.208109919571046
70	0.209821428571429
70	0.21377711541646
70	0.21136556403732
70	0.20214011034944
71	0.207171964140179
71	0.206412825651303
71	0.197183098591549
71	0.203519256308101
71	0.202021849013533
71	0.209271740917311
71	0.20030095301789
71	0.208291203235591
71	0.197735477518871
71	0.20705648500911
71	0.211654387139987
71	0.208075054447981
71	0.206382634051515
71	0.202306425041186
71	0.20259319286872
71	0.200614787251254
71	0.204246214614878
71	0.207693605533997
71	0.202075098814229
71	0.207685881370092
71	0.204754729616608
71	0.204749252739954
71	0.203564884224554
71	0.205575480925986
71	0.209309791332263
71	0.206307490144547
71	0.210914454277286
71	0.204091341579448
71	0.204192802905249
71	0.206794682422452
71	0.209986987638256
71	0.21337890625
71	0.199900546991546
71	0.19678983447584
71	0.208374875373878
71	0.20938387042912
71	0.20292747837658
71	0.205779054916986
71	0.206311503223617
71	0.206857328566786
71	0.208685366677932
71	0.210364372469636
71	0.202032176121931
71	0.204855842185129
71	0.209488807216839
71	0.20516171185887
71	0.205882352941176
71	0.2004662004662
71	0.201166180758017
71	0.209377664109122
71	0.209407948094079
71	0.20275655928263
71	0.204563977180114
71	0.20772238514174
71	0.204156889037881
71	0.21159122085048
71	0.200564971751412
71	0.214175918018787
71	0.206850901869932
71	0.203853120368846
71	0.205182876824668
71	0.211557138232438
71	0.207722137919406
71	0.197090170867873
71	0.201886480225054
71	0.206995606623859
71	0.211338477021134
71	0.205916960833754
71	0.202594810379242
71	0.20697241496023
71	0.200458941157187
71	0.20402900886382
71	0.207449392712551
71	0.205707491082045
71	0.201067912564659
71	0.20754397834912
71	0.213926174496644
71	0.208086785009862
71	0.206325550587846
71	0.207451173477761
71	0.206970244944928
71	0.205647135629182
71	0.204612365063788
71	0.21004942339374
71	0.208026755852843
71	0.206552006552007
71	0.204956035171863
71	0.205977382875606
71	0.207983898020798
71	0.201877161205335
71	0.203990024937656
71	0.204819277108434
71	0.208631921824104
71	0.203944124897288
71	0.205528455284553
71	0.203212984431931
71	0.207885304659498
71	0.204280155642023
71	0.209404600811908
71	0.206776859504132
72	0.206744147978393
72	0.206282383419689
72	0.200520833333333
72	0.209249676584735
72	0.201054818603164
72	0.207535018515537
72	0.206133158412594
72	0.205383848454636
72	0.202361157299634
72	0.20292234444262
72	0.208805651388204
72	0.207415803108808
72	0.209362808842653
72	0.201356370095269
72	0.203014753046825
72	0.206539074960128
72	0.206100577081616
72	0.216332132441242
72	0.203326267731942
72	0.20218312153796
72	0.202638866264864
72	0.212728153771604
72	0.205204216073781
72	0.207674571805007
72	0.205665437479048
72	0.20082304526749
72	0.202329450915141
72	0.205082260954553
72	0.203715670436187
72	0.20507399577167
72	0.20554272517321
72	0.197841726618705
72	0.197618653877956
72	0.205688574642455
72	0.205027106949236
72	0.214000665114732
72	0.200230338927279
72	0.208555286521388
72	0.207147477360931
72	0.213175054338739
72	0.21118530884808
72	0.212694342041994
72	0.208360337005833
72	0.209893048128342
72	0.209655407710679
72	0.209730440499671
72	0.202445220704986
72	0.205076483442595
72	0.206751736391536
72	0.209621993127148
72	0.204325741438637
72	0.20855878012789
72	0.210264635124298
72	0.207493755203997
72	0.208782370918449
72	0.20555829633284
72	0.205848903330625
72	0.205991302947335
72	0.206066600725354
72	0.211240976280509
72	0.209092374657424
72	0.20663775850567
72	0.207627118644068
72	0.201804757998359
72	0.203395311236863
72	0.203403307888041
72	0.208479385745285
72	0.20982800982801
72	0.203952831755522
72	0.206307490144547
72	0.20068359375
72	0.212071778140294
72	0.203043987288844
72	0.203853626943005
72	0.207210133160117
72	0.20489396411093
72	0.209598432908913
72	0.20016583747927
72	0.204267284154813
72	0.205531632991057
72	0.204735824742268
72	0.208305866842452
72	0.208605390925833
72	0.21416857986225
72	0.205206985769728
72	0.201019066403682
72	0.207155693514132
72	0.206902328698274
72	0.203681810504982
72	0.207990599294947
72	0.207948548812665
72	0.2107012296444
72	0.199832775919732
72	0.206313416009019
72	0.209098567818029
72	0.205008077544426
72	0.210938802734701
72	0.207281553398058
72	0.208001328021248
72	0.204873949579832
73	0.202219277906592
73	0.200503355704698
73	0.208177835469739
73	0.208084824387011
73	0.205291523762861
73	0.210682004930156
73	0.208100098781692
73	0.207915913943176
73	0.20137299771167
73	0.19939879759519
73	0.208974995860242
73	0.205637933843898
73	0.201370320855615
73	0.206446414182111
73	0.208629525541412
73	0.206468912351265
73	0.20702614379085
73	0.204362801377727
73	0.205669083717864
73	0.205678335215357
73	0.209448298645524
73	0.210994075049375
73	0.202402501234162
73	0.206475057813016
73	0.207074061773497
73	0.206862904537323
73	0.206125425376762
73	0.207122927950107
73	0.20352217976408
73	0.212076583210604
73	0.207053469852105
73	0.206406869220608
73	0.20370972990563
73	0.211566499271019
73	0.203289473684211
73	0.204032645223236
73	0.210852207919179
73	0.196075197889182
73	0.207715133531157
73	0.211493872143094
73	0.20982864532816
73	0.207470892626132
73	0.211682395053693
73	0.207757166947723
73	0.205388835108099
73	0.20492887859742
73	0.203137506002881
73	0.199133477753708
73	0.207027383701749
73	0.202983138780804
73	0.212175324675325
73	0.209719934102142
73	0.212021136063408
73	0.207005312084993
73	0.213177618964616
73	0.200827814569536
73	0.208102831109665
73	0.203565640194489
73	0.208131169483018
73	0.204739960500329
73	0.208984696396248
73	0.201361221779548
73	0.208660130718954
73	0.205534255709285
73	0.206599237274084
73	0.202980722501215
73	0.209306204136091
73	0.206771860618014
73	0.207679738562092
73	0.200783545543585
73	0.20471256684492
73	0.206661251015435
73	0.206799801947516
73	0.20781791192479
73	0.204114957544089
73	0.201718826009405
73	0.207079646017699
73	0.206610224682514
73	0.201507208387942
73	0.205103359173127
73	0.208
73	0.203894806924101
73	0.204758821625121
73	0.211491865697473
73	0.212041454186544
73	0.200300450676014
73	0.208955223880597
73	0.211689587426326
73	0.205853499018967
73	0.206509357200976
73	0.209567952325774
73	0.206748971193416
73	0.203378263095035
73	0.207085346215781
73	0.203514644351464
73	0.206896551724138
73	0.205483870967742
73	0.211142244931597
73	0.204357015119493
73	0.20537176547658
74	0.203296703296703
74	0.204966887417219
74	0.210880999342538
74	0.208198673243749
74	0.210042553191489
74	0.20162224797219
74	0.206065442936951
74	0.20648631029987
74	0.204693611473273
74	0.203880302532062
74	0.20779649818302
74	0.205782036706188
74	0.214734060125537
74	0.205815093106828
74	0.205725699067909
74	0.205220817599737
74	0.206868222149195
74	0.20685787534049
74	0.202427184466019
74	0.204907161803714
74	0.201597444089457
74	0.202768729641694
74	0.202357881136951
74	0.202045606975184
74	0.199254215304799
74	0.203957131079967
74	0.208400646203554
74	0.207824364476725
74	0.207936763994193
74	0.205901218729955
74	0.206986614430297
74	0.201520912547529
74	0.2060674519929
74	0.211100099108028
74	0.205636572177618
74	0.20039100684262
74	0.203395417834185
74	0.208052614693616
74	0.199140401146132
74	0.208767926988266
74	0.208721704394141
74	0.200364298724954
74	0.200927109974425
74	0.201861252115059
74	0.201057326945316
74	0.204795204795205
74	0.204108038169174
74	0.209069293478261
74	0.205045278137128
74	0.206514657980456
74	0.206233421750663
74	0.202678715507504
74	0.193105701682732
74	0.213474155864938
74	0.204332363401229
74	0.203242712086472
74	0.211474867724868
74	0.212368168744008
74	0.203979294726626
74	0.202644628099174
74	0.20431513566525
74	0.205408886027044
74	0.202309395760835
74	0.207731092436975
74	0.206155433287483
74	0.206651224354732
74	0.202036528204299
74	0.193097913322632
74	0.205461424576411
74	0.206615610233013
74	0.20217117684078
74	0.20842497039418
74	0.206653556211078
74	0.206448429017931
74	0.208071452199802
74	0.20320336515127
74	0.206212392258904
74	0.208719700666992
74	0.20480567650379
74	0.199223803363519
74	0.207177814029364
74	0.20875530872264
74	0.205653021442495
74	0.206902086677368
74	0.200853999014617
74	0.201645426681723
74	0.207943541769243
74	0.20849356294934
74	0.206124093473006
74	0.209317693705601
74	0.204265791632486
74	0.203058900097624
74	0.201519656425504
74	0.204058441558442
74	0.209870470568946
74	0.201074568544448
74	0.2050947093403
74	0.209192788695793
74	0.202640369015429
74	0.210318764377259
75	0.203096984515077
75	0.210011413663786
75	0.199184339314845
75	0.206118108948143
75	0.20747849106552
75	0.203815424751345
75	0.200773499243316
75	0.210236475542598
75	0.206514762516046
75	0.204071740184198
75	0.201907790143084
75	0.210995542347697
75	0.205303400032536
75	0.2058198463299
75	0.203216143780545
75	0.212333333333333
75	0.208077114841283
75	0.205301284162002
75	0.203070035177486
75	0.207093821510297
75	0.210656142081894
75	0.206190552958246
75	0.197460317460317
75	0.202477991522661
75	0.203923508077811
75	0.208629605688429
75	0.206255144032922
75	0.212010008340284
75	0.206072672971628
75	0.201563008791924
75	0.204882876938304
75	0.207450224791265
75	0.203195610071014
75	0.207428847081524
75	0.205780346820809
75	0.204299337320187
75	0.200953006901084
75	0.205303400032536
75	0.204418985270049
75	0.200641025641026
75	0.204702400526143
75	0.203858100376001
75	0.208916787381297
75	0.201294498381877
75	0.205283885789301
75	0.211244451750781
75	0.206984940724127
75	0.202543873772339
75	0.201690051020408
75	0.206445437141034
75	0.205344361380627
75	0.206039941548953
75	0.203956892391829
75	0.216391208042256
75	0.203652372411544
75	0.205339485827291
75	0.201864878128578
75	0.201498485573091
75	0.204761904761905
75	0.205199025182778
75	0.20814479638009
75	0.208587943848059
75	0.208620413395289
75	0.197488584474886
75	0.202673350041771
75	0.203387096774194
75	0.202839062767231
75	0.199866086374289
75	0.202281007444955
75	0.203796852182379
75	0.203249390739236
75	0.199870946926924
75	0.202527543745949
75	0.200698634487139
75	0.203757225433526
75	0.208751439381477
75	0.208006535947712
75	0.207767300623302
75	0.205979517674265
75	0.209481627296588
75	0.210872354073124
75	0.201945268710847
75	0.203909226436972
75	0.20762987012987
75	0.207484129635817
75	0.201491327605771
75	0.205749623934481
75	0.207022192779066
75	0.202886928628709
75	0.207761098690514
75	0.201223438506117
75	0.205824926781647
75	0.209124209124209
75	0.199703410776075
75	0.20442536327609
75	0.207037643207856
75	0.207166853303471
75	0.209704220671319
75	0.20616036505867
75	0.20425048669695
76	0.196761133603239
76	0.198861788617886
76	0.200788047939583
76	0.20655737704918
76	0.200916980514164
76	0.203534031413613
76	0.203565640194489
76	0.213258785942492
76	0.206765047255845
76	0.202709319405908
76	0.204332363401229
76	0.204207529262891
76	0.20688
76	0.204628308765256
76	0.206280193236715
76	0.206086668871981
76	0.205059473948735
76	0.209081836327345
76	0.201239399869537
76	0.205574351538585
76	0.203422982885086
76	0.207547169811321
76	0.206286186931348
76	0.205882352941176
76	0.20704037370704
76	0.197421434327156
76	0.209737223923908
76	0.204634464751958
76	0.20657507360157
76	0.207977675640184
76	0.208640157093765
76	0.205989410986102
76	0.198842975206612
76	0.209812782440284
76	0.208005249343832
76	0.208027410670582
76	0.202738810955244
76	0.202234269755216
76	0.203649870801034
76	0.204586111562856
76	0.201451612903226
76	0.204701273261508
76	0.205136702568351
76	0.207054212932724
76	0.206913183279743
76	0.203952831755522
76	0.202160245042721
76	0.204852629864843
76	0.202296964725185
76	0.20864898989899
76	0.204747295333441
76	0.201604978709466
76	0.212081201518402
76	0.207983193277311
76	0.206650446066504
76	0.203456402199529
76	0.204742436631235
76	0.207044815611047
76	0.21062091503268
76	0.204956791129953
76	0.203889896159552
76	0.209080626918727
76	0.206090095746351
76	0.202511268512556
76	0.206812255541069
76	0.204751131221719
76	0.203970541146334
76	0.208333333333333
76	0.204397394136808
76	0.202353710362864
76	0.206796585601546
76	0.204809422542123
76	0.204854368932039
76	0.206869009584665
76	0.206402293358815
76	0.201921456261588
76	0.201840894148586
76	0.210892236384705
76	0.205825242718447
76	0.20889780899816
76	0.201745877788555
76	0.20849292256453
76	0.207752189425884
76	0.207376253639599
76	0.207825945770417
76	0.20982864532816
76	0.20255829015544
76	0.197852261633583
76	0.213987648138875
76	0.208279430789133
76	0.212262579140287
76	0.210415994840374
76	0.203525641025641
76	0.208001275103602
76	0.205355702532667
76	0.207370292548893
76	0.204319217141893
76	0.20527955402525
76	0.204813438862865
76	0.212027379400261
77	0.207631160572337
77	0.204469646430954
77	0.210748498132814
77	0.201379974326059
77	0.207334727360463
77	0.207466841329622
77	0.209102482495226
77	0.206369631655139
77	0.208130081300813
77	0.20280759702725
77	0.199390928033339
77	0.209808811305071
77	0.203512072750078
77	0.206925115970842
77	0.207287837621864
77	0.20713593800452
77	0.204835237622123
77	0.208442838370565
77	0.207276918011195
77	0.203269137400874
77	0.213507265521797
77	0.206326268464997
77	0.210829493087558
77	0.205275779376499
77	0.204895444966769
77	0.207914262159934
77	0.209049345735456
77	0.201871873487171
77	0.203162820719703
77	0.203114964675658
77	0.207528800908648
77	0.203935599284436
77	0.206813819577735
77	0.206214227309894
77	0.206593054888782
77	0.20743287491814
77	0.207207207207207
77	0.199583533557584
77	0.202973497091144
77	0.210697447569501
77	0.206131247006227
77	0.20559670781893
77	0.211069264778123
77	0.210067763794773
77	0.206574282951982
77	0.205265724037055
77	0.20693442108566
77	0.203750393948944
77	0.207156611039795
77	0.202301831739342
77	0.209343968744913
77	0.205446727185858
77	0.203782894736842
77	0.198849630238291
77	0.208524590163934
77	0.204032258064516
77	0.207933461292386
77	0.200939119170984
77	0.202041824468961
77	0.208253358925144
77	0.203290438182114
77	0.207674571805007
77	0.204686987872829
77	0.204491538826506
77	0.200128907508862
77	0.211336932359479
77	0.205443515330382
77	0.204705505761844
77	0.215480485405051
77	0.206105610561056
77	0.205891770733269
77	0.203817534778389
77	0.207821229050279
77	0.207666719467765
77	0.204371410338226
77	0.205613472333601
77	0.207271546826814
77	0.200769107514821
77	0.204061416542843
77	0.209404600811908
77	0.20038228735266
77	0.210157903304574
77	0.205982767029751
77	0.201771653543307
77	0.199712643678161
77	0.208585941340324
77	0.204728208427147
77	0.216194200065168
77	0.207388615823688
77	0.205702319587629
77	0.20111821086262
77	0.201638001638002
77	0.202314965764591
77	0.212264922322159
77	0.205938092229943
77	0.20750444767912
77	0.203694855868769
77	0.202549800796813
77	0.206056721679218
77	0.207788062559847
78	0.203392677191804
78	0.205731668267691
78	0.201526960394465
78	0.208557019684399
78	0.207350345048949
78	0.201707749315289
78	0.202672247263361
78	0.20385766544729
78	0.20281416787967
78	0.205123994087699
78	0.205527318932656
78	0.200900032144005
78	0.202661535994869
78	0.202761277893723
78	0.201138211382114
78	0.204115226337449
78	0.20390625
78	0.204821200510856
78	0.207171314741036
78	0.204125412541254
78	0.199457475666188
78	0.198080988778663
78	0.204709576138148
78	0.207688626575211
78	0.207985888389994
78	0.201239866475918
78	0.206766917293233
78	0.206241089814668
78	0.203617736513526
78	0.207311207311207
78	0.208220054373901
78	0.206303264190384
78	0.20360155743024
78	0.207785888077859
78	0.203549910438039
78	0.206880076445294
78	0.203899009268137
78	0.207958313595452
78	0.207982191127365
78	0.211325065274151
78	0.204670558798999
78	0.205986808726535
78	0.208596918085969
78	0.203599550056243
78	0.208210180623974
78	0.203058900097624
78	0.20362212432697
78	0.205111718373252
78	0.20751312335958
78	0.209226239162441
78	0.206667745589901
78	0.200416867083534
78	0.206180665610143
78	0.207997471155366
78	0.206689397629485
78	0.207848837209302
78	0.211522633744856
78	0.205240174672489
78	0.20316063864451
78	0.208059078503773
78	0.203907006780756
78	0.209313338595107
78	0.205280953147641
78	0.210211665858782
78	0.204698537867587
78	0.202053712480253
78	0.201354183459616
78	0.20539585675285
78	0.208692821097184
78	0.203378491386519
78	0.206205877524216
78	0.208943089430894
78	0.210110324386629
78	0.203673335519843
78	0.205805182026894
78	0.208130081300813
78	0.211789338057658
78	0.206187236799482
78	0.200782472613459
78	0.198356429262005
78	0.205821536503897
78	0.201044386422977
78	0.201445941505094
78	0.209782255443614
78	0.204273227581742
78	0.20358598207009
78	0.203277092796885
78	0.203706688154714
78	0.200706486833654
78	0.206077258768385
78	0.210387902695595
78	0.204108249103358
78	0.212106299212598
78	0.207054729515976
78	0.203659123736158
78	0.203314001657001
78	0.199547584423978
78	0.206202305569086
78	0.202330851408223
78	0.203000319182892
79	0.209099556119214
79	0.203671467004273
79	0.208339939749485
79	0.202325951887845
79	0.203987972780503
79	0.205156950672646
79	0.208386479591837
79	0.207237393198191
79	0.197745571658615
79	0.20584034280273
79	0.207682291666667
79	0.200420916302412
79	0.200287723785166
79	0.201154956689124
79	0.207691059548921
79	0.207522906285163
79	0.204761904761905
79	0.199935763610085
79	0.210199203187251
79	0.202592414786366
79	0.209003738013977
79	0.207011686143573
79	0.203142903912261
79	0.201276935355148
79	0.207110241356817
79	0.204506065857886
79	0.208826870030829
79	0.20571793643188
79	0.203092285392173
79	0.202887055837563
79	0.210108537178033
79	0.205447981621267
79	0.206649282920469
79	0.204801567858893
79	0.211729465552578
79	0.20599739243807
79	0.204323458767014
79	0.209090909090909
79	0.205409836065574
79	0.202090592334495
79	0.203087313072841
79	0.205905699317352
79	0.203335471456062
79	0.202643881992584
79	0.206278763971072
79	0.204210859585246
79	0.203872795969773
79	0.205222098391976
79	0.204242326852001
79	0.204306220095694
79	0.196731816725409
79	0.209185329438494
79	0.199344262295082
79	0.20215897939156
79	0.204726924305334
79	0.201889763779528
79	0.204295942720764
79	0.206417624521073
79	0.208759590792839
79	0.208460672350008
79	0.205065757428154
79	0.208106376161487
79	0.208251793868232
79	0.205934242181235
79	0.20692989524577
79	0.20873320537428
79	0.206210577389617
79	0.200064174554789
79	0.202343255224826
79	0.203829925348913
79	0.209990300678952
79	0.204381896689589
79	0.201924619085806
79	0.206077872744539
79	0.207240547063556
79	0.209362389023406
79	0.202260072060269
79	0.204091341579448
79	0.208278364116095
79	0.206722423859871
79	0.213749000799361
79	0.208427146992602
79	0.203592814371257
79	0.205210678674815
79	0.202390438247012
79	0.203232517202752
79	0.205765879930303
79	0.202515317639471
79	0.208170572916667
79	0.209539207760711
79	0.206532336691583
79	0.201693851944793
79	0.206275140788415
79	0.205099058135758
79	0.204078406576035
79	0.210692818728251
79	0.20526149968494
79	0.209413261249801
79	0.206203792992607
79	0.206207693577679
80	0.202638270820089
80	0.205613472333601
80	0.206618240516546
80	0.200350933163184
80	0.210111093221703
80	0.207102502017756
80	0.207381370826011
80	0.202604001270245
80	0.205825242718447
80	0.206750392464678
80	0.20880343238519
80	0.203555136070473
80	0.20532319391635
80	0.211937857726901
80	0.204971932638332
80	0.202603742880391
80	0.203826820171883
80	0.207235798159315
80	0.205627009646302
80	0.204950972512458
80	0.206727077253878
80	0.208259109311741
80	0.211584875301689
80	0.204127700741696
80	0.204596233641877
80	0.203444390793497
80	0.207768891790436
80	0.203294945617402
80	0.205160677536805
80	0.205947136563877
80	0.209664342467975
80	0.204538291837378
80	0.204355373204987
80	0.205359974627339
80	0.207614131311502
80	0.201576576576577
80	0.207737065576348
80	0.208721756991626
80	0.207982485685416
80	0.203269484808454
80	0.208591885441527
80	0.204896907216495
80	0.202928211586902
80	0.210492539708006
80	0.205835203590895
80	0.203857188396557
80	0.207547169811321
80	0.209573943082744
80	0.20178448867536
80	0.20139549635268
80	0.201434262948207
80	0.205338478855121
80	0.209706216523292
80	0.206857694784288
80	0.210673234811166
80	0.203362431296476
80	0.200754598333595
80	0.204430689037302
80	0.205724807499163
80	0.20181009844395
80	0.201427181316899
80	0.208626198083067
80	0.208153477218225
80	0.20580087990875
80	0.209706808017227
80	0.206301456618113
80	0.206969205834684
80	0.204620984332964
80	0.204795852235904
80	0.202082655385617
80	0.202276005770155
80	0.203752931978108
80	0.204668748972546
80	0.2039600772698
80	0.210941271118262
80	0.205069873253169
80	0.206200549006943
80	0.211467224995974
80	0.205387205387205
80	0.20141229337185
80	0.205977382875606
80	0.202509803921569
80	0.21448242345699
80	0.210955710955711
80	0.212249373433584
80	0.200355182434614
80	0.203670906456287
80	0.202928870292887
80	0.202337121818473
80	0.200953137410643
80	0.205660994764398
80	0.21029971849644
80	0.207169384789278
80	0.207002258793159
80	0.203509901787152
80	0.20844932045194
80	0.210679141797064
80	0.205457718546724
80	0.208213944603629
80	0.206356968215159
81	0.19928420367659
81	0.207861533484309
81	0.207553208513362
81	0.198726905759975
81	0.200721908349027
81	0.208299430431245
81	0.211139482923715
81	0.212879276952873
81	0.209837112743532
81	0.201444622792937
81	0.203590894517474
81	0.213313896987366
81	0.203062689424151
81	0.206620646375902
81	0.203064516129032
81	0.20292360892801
81	0.208259681825486
81	0.204537758211988
81	0.208650190114068
81	0.203262434031665
81	0.207340324118208
81	0.199841646872526
81	0.208692821097184
81	0.199328644501279
81	0.203715365239295
81	0.205152671755725
81	0.203511053315995
81	0.205603038936372
81	0.207016986823305
81	0.207876766714308
81	0.203024098283194
81	0.204221973452743
81	0.203302039494982
81	0.204032258064516
81	0.201879404855129
81	0.205604431410883
81	0.206891076532232
81	0.204153354632588
81	0.205673758865248
81	0.203178764542029
81	0.199874391584236
81	0.205161499756533
81	0.205009572431398
81	0.206679574056147
81	0.204806031097848
81	0.207714654615881
81	0.206907477820025
81	0.207920792079208
81	0.204281745383233
81	0.201349831271091
81	0.211045678815852
81	0.204777070063694
81	0.199936071599808
81	0.206979350088042
81	0.201565557729941
81	0.207130182287466
81	0.20377541142304
81	0.204709576138148
81	0.20284135753749
81	0.203658734013275
81	0.204316320100819
81	0.20674768148385
81	0.208260800759614
81	0.20676451818762
81	0.209988649262202
81	0.205256368913254
81	0.197873026103771
81	0.204692556634304
81	0.199714467005076
81	0.199419635660164
81	0.204819277108434
81	0.203632887189293
81	0.204559848005066
81	0.206868222149195
81	0.203688853247795
81	0.206817436905932
81	0.197024275646045
81	0.208111493892891
81	0.210233592880979
81	0.209848728677181
81	0.213913326816553
81	0.205997801852724
81	0.209004739336493
81	0.201950751519028
81	0.20417124039517
81	0.205542359461599
81	0.205200945626478
81	0.208300206710129
81	0.205193563804365
81	0.213307240704501
81	0.204549147034931
81	0.209263854425145
81	0.210272873194221
81	0.203193487789605
81	0.205468500159898
81	0.21296586282493
81	0.20512407347728
81	0.211357473281225
81	0.206907630522088
81	0.211037384690079
82	0.203751617076326
82	0.199748150480088
82	0.203995629779928
82	0.207535419585863
82	0.203088441740758
82	0.199168797953964
82	0.207319013524264
82	0.20464
82	0.211878009630819
82	0.208353336533845
82	0.208543505674653
82	0.200465477114042
82	0.204773269689737
82	0.203828828828829
82	0.202407002188184
82	0.207550175215037
82	0.208784005244182
82	0.207098716526699
82	0.204322200392927
82	0.209633101664781
82	0.209784673844205
82	0.204927211646137
82	0.202794930126747
82	0.206417624521073
82	0.206232664382444
82	0.210006373486297
82	0.209537344070741
82	0.202858978477353
82	0.209499440268671
82	0.209009292802016
82	0.211629811629812
82	0.203365384615385
82	0.201579116983564
82	0.206408588158751
82	0.197935150830779
82	0.201506893235011
82	0.206714330121231
82	0.206880076445294
82	0.207610789980732
82	0.202900860694931
82	0.204718176060798
82	0.201904761904762
82	0.204767919166404
82	0.199559679194842
82	0.210509191475516
82	0.206638464041653
82	0.209687598611549
82	0.208380157328624
82	0.20721568627451
82	0.20357833655706
82	0.204799474030243
82	0.205217391304348
82	0.211838507318642
82	0.206006493506493
82	0.205732484076433
82	0.208012820512821
82	0.202462817847433
82	0.204320987654321
82	0.205607476635514
82	0.207495576644684
82	0.204977805960685
82	0.205687203791469
82	0.208550244518063
82	0.207702223654528
82	0.205492276486191
82	0.206250967043169
82	0.206021437578815
82	0.209817893903405
82	0.205622489959839
82	0.198222504364387
82	0.202754036087369
82	0.198404005632921
82	0.202097235462345
82	0.20850040096231
82	0.208743169398907
82	0.20826759230041
82	0.210088148873653
82	0.20171188630491
82	0.206845965770171
82	0.200961538461538
82	0.20760851894001
82	0.205813408345054
82	0.203770620581304
82	0.197895398146694
82	0.209602807465305
82	0.202964832045419
82	0.206750392464678
82	0.200673724735322
82	0.208319948602634
82	0.207502746821535
82	0.20479407979408
82	0.209759188846641
82	0.203599550056243
82	0.20489872821479
82	0.205943775100402
82	0.200549006943323
82	0.206219569656039
82	0.207368918280586
82	0.20594748497311
82	0.206523520734306
83	0.205281358063502
83	0.200883002207506
83	0.203881937760667
83	0.204120747484427
83	0.201111111111111
83	0.207268687509919
83	0.205559968228753
83	0.207176287051482
83	0.208663916217074
83	0.205827067669173
83	0.20398406374502
83	0.207750952986023
83	0.208062212347246
83	0.20278935556268
83	0.206344171292625
83	0.204912836767036
83	0.208057916273214
83	0.207175742181299
83	0.202462817847433
83	0.208769633507853
83	0.208340147179068
83	0.207606474933208
83	0.20352
83	0.208491761723701
83	0.207421503330162
83	0.202517702596381
83	0.203320802005013
83	0.211511243906275
83	0.202685624012638
83	0.20418765743073
83	0.210949826443673
83	0.209276901452444
83	0.201138519924099
83	0.207798459563543
83	0.205537306428907
83	0.207933461292386
83	0.205910390848427
83	0.206445437141034
83	0.206962025316456
83	0.204268774703557
83	0.208141825344714
83	0.203883495145631
83	0.20450885668277
83	0.207984546039923
83	0.201313260730301
83	0.209203706612219
83	0.199208443271768
83	0.210635579687001
83	0.198529411764706
83	0.209436312675179
83	0.201520912547529
83	0.211627140974967
83	0.212682467430545
83	0.207652008255279
83	0.205217391304348
83	0.207461042027389
83	0.204358812381554
83	0.210367786937223
83	0.206847360912981
83	0.201439974956957
83	0.196498358605596
83	0.205496371777057
83	0.209445585215606
83	0.203922789539228
83	0.204141554628342
83	0.20786782061369
83	0.204465709728868
83	0.204867186257356
83	0.203112593298396
83	0.208654602675059
83	0.211045678815852
83	0.204384166535247
83	0.203721075672295
83	0.204068954806647
83	0.209476707083599
83	0.21002538071066
83	0.207042253521127
83	0.198950381679389
83	0.20241116751269
83	0.201709401709402
83	0.20381861575179
83	0.203644501278772
83	0.203286384976526
83	0.207664175544602
83	0.203267357838517
83	0.204033401607058
83	0.205415499533147
83	0.206205250596659
83	0.207322872087494
83	0.207267623206488
83	0.203092946189048
83	0.209725962300016
83	0.205910390848427
83	0.211953075459734
83	0.207788112880341
83	0.20963480963481
83	0.203157063930545
83	0.203989403147888
83	0.206880227236863
83	0.206782854451248
84	0.203917790622993
84	0.207214365167647
84	0.205310573731626
84	0.210162405531436
84	0.206957358127605
84	0.203370604440123
84	0.205112022720101
84	0.206494325346784
84	0.202689873417722
84	0.206386292834891
84	0.203531598513011
84	0.211879576891782
84	0.200930829722356
84	0.207671320815278
84	0.204378395653563
84	0.207906756969602
84	0.205785253890898
84	0.207937743190661
84	0.20140625
84	0.209727869878011
84	0.201158673962021
84	0.203199239784606
84	0.20792702107581
84	0.203571428571429
84	0.207390888818095
84	0.206814201560261
84	0.204156674660272
84	0.20539517274018
84	0.209743751977222
84	0.202575376884422
84	0.198852772466539
84	0.20709130844054
84	0.204253988113857
84	0.207935222672065
84	0.210328048971904
84	0.202159758615214
84	0.207221600894712
84	0.205625
84	0.203376205787781
84	0.208503937007874
84	0.206387035271687
84	0.200897148349888
84	0.205432407118327
84	0.206180589087397
84	0.20663967611336
84	0.202195354756602
84	0.209157626037013
84	0.205303270879644
84	0.202438241899262
84	0.209639313277682
84	0.204666457876605
84	0.207190160832545
84	0.205793889504512
84	0.207790168054029
84	0.203589909443726
84	0.205459996843932
84	0.205508133354808
84	0.208713431896823
84	0.205717038702425
84	0.203534335761897
84	0.203125
84	0.204995287464656
84	0.199029911075182
84	0.20757385292269
84	0.206364513018322
84	0.205669291338583
84	0.203983940704138
84	0.209042294603792
84	0.209459459459459
84	0.203978528575939
84	0.202941636676576
84	0.20268327743172
84	0.208777429467085
84	0.206576463184393
84	0.207938013915244
84	0.204989671063086
84	0.201961094417207
84	0.210643722115997
84	0.209837616269904
84	0.202871115317873
84	0.202873652975168
84	0.204664445502142
84	0.201914025729526
84	0.198525877263259
84	0.207023733162284
84	0.203956665096561
84	0.211781888997079
84	0.200939702427565
84	0.203432137285491
84	0.209792425922992
84	0.202134437719019
84	0.206912804399057
84	0.201230089891184
84	0.201179658855412
84	0.203440656565657
84	0.208152086354116
84	0.197862643407198
84	0.197570332480818
84	0.206386292834891
84	0.204581358609795
85	0.209440450140669
85	0.204992199687988
85	0.211303789338471
85	0.203720930232558
85	0.210216422660726
85	0.203603043950924
85	0.201549162187796
85	0.206918338335176
85	0.205310573731626
85	0.201117318435754
85	0.205451713395639
85	0.201489064681247
85	0.204966991512103
85	0.210918114143921
85	0.206731511502239
85	0.208976603533344
85	0.201305767138194
85	0.208666980687706
85	0.203190460844344
85	0.200919758959721
85	0.204476901095412
85	0.205223303971565
85	0.209528362014022
85	0.206087901848113
85	0.201361405730568
85	0.206885758998435
85	0.197869593285991
85	0.205232649224503
85	0.20374819798174
85	0.209728867623604
85	0.205334595959596
85	0.204015015505141
85	0.204161451814768
85	0.200528935905414
85	0.205840568271507
85	0.199292831886853
85	0.210391686650679
85	0.206659371580428
85	0.203643157403083
85	0.208505709084892
85	0.207311207311207
85	0.200634920634921
85	0.207426376440461
85	0.202919020715631
85	0.204627168985462
85	0.201892238614496
85	0.204409448818898
85	0.207672796448954
85	0.207275007839448
85	0.203565891472868
85	0.211123541633371
85	0.201579778830964
85	0.211704509114167
85	0.206663523495207
85	0.20408491476359
85	0.20436570705473
85	0.204889975550122
85	0.206293706293706
85	0.205067300079177
85	0.206094013167968
85	0.20161792159303
85	0.207164368362657
85	0.204131976564909
85	0.209558245558874
85	0.211023378231924
85	0.208993438950232
85	0.205312850056009
85	0.20344387755102
85	0.203590944574551
85	0.205821536503897
85	0.209911616161616
85	0.208806818181818
85	0.200752823086575
85	0.203508227258615
85	0.205576029482455
85	0.202975047984645
85	0.204265402843602
85	0.200286123032904
85	0.204447852760736
85	0.208667736757624
85	0.198557089084065
85	0.205472951597596
85	0.201630605205394
85	0.205683780813314
85	0.203998750390503
85	0.205169369080109
85	0.206265903307888
85	0.209923664122137
85	0.203329736395869
85	0.205688246385921
85	0.209740158705461
85	0.206678271878462
85	0.206344015696534
85	0.204309409393892
85	0.206420595533499
85	0.202882993405919
85	0.204289292423294
85	0.201130856219709
85	0.202425960932577
85	0.203956665096561
86	0.20427443085024
86	0.203506574827802
86	0.207781852974007
86	0.20236383964223
86	0.204181846982417
86	0.207664745287428
86	0.207429846938776
86	0.203344376084556
86	0.205673758865248
86	0.204571060679221
86	0.200894997602685
86	0.202964118564743
86	0.201739130434783
86	0.207332490518331
86	0.206092336982389
86	0.207808764940239
86	0.199185080708353
86	0.204435420896455
86	0.204584437860596
86	0.203861625100563
86	0.206323858192271
86	0.209756097560976
86	0.201487910725356
86	0.201050842219131
86	0.208676377454085
86	0.208978817578248
86	0.206376629495838
86	0.204170008019246
86	0.204924419510675
86	0.20253164556962
86	0.198442961550683
86	0.210567453493825
86	0.199059561128527
86	0.20446735395189
86	0.200861936278282
86	0.197523023181963
86	0.203098106712565
86	0.203524641297567
86	0.207565162110617
86	0.207282018524433
86	0.209652146662488
86	0.206949806949807
86	0.207307511368982
86	0.204408499841421
86	0.199709864603482
86	0.206560979438079
86	0.206815694856964
86	0.207580361426515
86	0.203994293865906
86	0.20741910023678
86	0.204065797641217
86	0.205529225908373
86	0.207582641391195
86	0.203056768558952
86	0.206950778424281
86	0.210408326661329
86	0.205266497461929
86	0.205744715184767
86	0.203709525306507
86	0.206193711486807
86	0.199505867819642
86	0.205144490314386
86	0.203635783766544
86	0.206724003127443
86	0.202581457579096
86	0.208755257828322
86	0.205385595920969
86	0.206513229998434
86	0.200481154771451
86	0.207794282063568
86	0.203176600094354
86	0.200942655145326
86	0.208164537239015
86	0.205779612575421
86	0.202618453865337
86	0.198476915754403
86	0.206501256281407
86	0.201076630778974
86	0.206112852664577
86	0.206115335868188
86	0.20327868852459
86	0.202261712439418
86	0.207084045362747
86	0.209369951534733
86	0.212803042307083
86	0.200126662444585
86	0.208503294634452
86	0.204275534441805
86	0.204680187207488
86	0.204097470122614
86	0.206477732793522
86	0.205124149928831
86	0.207820876695049
86	0.209723546234509
86	0.203154574132492
86	0.206650831353919
86	0.207834781183413
86	0.205374866391816
86	0.210707039175901
86	0.209665086404649
87	0.206068073309718
87	0.208062212347246
87	0.203137254901961
87	0.209909346670835
87	0.20363244574419
87	0.207414509427932
87	0.201461709564665
87	0.202141259188239
87	0.205060947384663
87	0.204939815538534
87	0.201351776171015
87	0.210651074589128
87	0.21195819243775
87	0.204101096804959
87	0.203801309694937
87	0.205152079453755
87	0.208825357364823
87	0.20840658462522
87	0.210258853422265
87	0.209544879898862
87	0.207880220646178
87	0.203272498426683
87	0.199028365459959
87	0.206580196140462
87	0.205213797488476
87	0.203302695123851
87	0.205083399523431
87	0.208405477727058
87	0.203162055335968
87	0.206799310668964
87	0.20918207458477
87	0.207900207900208
87	0.202386559899513
87	0.209996856334486
87	0.205190199871051
87	0.208705357142857
87	0.204937121564974
87	0.205136334812936
87	0.204091193004372
87	0.20609375
87	0.205175600739372
87	0.204919292851653
87	0.205536111994909
87	0.205402010050251
87	0.201783200375411
87	0.206923682140047
87	0.208492366412214
87	0.203295857076852
87	0.209043968080113
87	0.211281070745698
87	0.206139653252744
87	0.196782758082149
87	0.206923195796631
87	0.202467232074017
87	0.205630735728729
87	0.206314811948615
87	0.204249379652605
87	0.198242811501597
87	0.20139751552795
87	0.206658291457286
87	0.212592243680327
87	0.198766383962992
87	0.205663881151346
87	0.208046336881653
87	0.205915267785771
87	0.211718131433096
87	0.206151934130806
87	0.207120743034056
87	0.206092028515878
87	0.201263823064771
87	0.202121023081722
87	0.206170886075949
87	0.204227590591227
87	0.206831418227609
87	0.20489835120858
87	0.203285420944559
87	0.205050343615151
87	0.205746943959359
87	0.209324009324009
87	0.211495712924738
87	0.201589825119237
87	0.202636948673678
87	0.206501256281407
87	0.205641929796442
87	0.20575495049505
87	0.20386974988202
87	0.208029762827469
87	0.204351329572925
87	0.202416444374706
87	0.207820876695049
87	0.202825745682889
87	0.208046336881653
87	0.204649691602088
87	0.207073057235924
87	0.205208660181989
87	0.208196464883466
87	0.206896551724138
87	0.205455415536768
87	0.204008701056557
87	0.205701685304772
88	0.209193245778612
88	0.206885660138977
88	0.201648009950249
88	0.205437133147977
88	0.20387439462584
88	0.209962168978562
88	0.205429312185451
88	0.213710314326331
88	0.201790201005025
88	0.207913110938712
88	0.208113148896487
88	0.207003408738767
88	0.206467661691542
88	0.20253164556962
88	0.20457774269929
88	0.205826472450918
88	0.207252266333229
88	0.204059328649493
88	0.202830188679245
88	0.204928259513412
88	0.204447974583002
88	0.202861276322135
88	0.204628308765256
88	0.201512525602647
88	0.207296595939551
88	0.20724907063197
88	0.207257170020599
88	0.205766503860091
88	0.207393483709273
88	0.207322725166074
88	0.208929413614212
88	0.203549728173969
88	0.203574203574204
88	0.202358490566038
88	0.201244167962675
88	0.209865053513262
88	0.196793461175731
88	0.205308352849336
88	0.208217485325919
88	0.20515659601392
88	0.201790201005025
88	0.204534718941899
88	0.201988812927284
88	0.205320813771518
88	0.206288097529676
88	0.201843461959069
88	0.204591282767179
88	0.209433078244573
88	0.208261617900172
88	0.200062324711748
88	0.204235294117647
88	0.20491931693561
88	0.205591330296843
88	0.205048784265139
88	0.2071972098922
88	0.208
88	0.206717123935667
88	0.209847778813296
88	0.201774871555348
88	0.206640316205534
88	0.207558859975217
88	0.200724181360202
88	0.205751509374007
88	0.201032540675845
88	0.207654594338131
88	0.20419602818706
88	0.202433628318584
88	0.204591282767179
88	0.210047095761381
88	0.210233420930592
88	0.206901960784314
88	0.209295022766525
88	0.204534644046298
88	0.209772798008092
88	0.208219617916198
88	0.204530848329049
88	0.206339341205718
88	0.211498646281255
88	0.205319645356976
88	0.204686530105525
88	0.205244264086156
88	0.209361974991985
88	0.201892744479495
88	0.212935007150802
88	0.207202993451824
88	0.201451065143563
88	0.206103286384977
88	0.206533689335637
88	0.207529411764706
88	0.199874095058231
88	0.200413223140496
88	0.209626842270304
88	0.203868103994927
88	0.20884482215927
88	0.201278453383224
88	0.205905205905206
88	0.204249379652605
88	0.20149486141389
88	0.202281007444955
88	0.200126362344021
89	0.204952499610653
89	0.20175576109108
89	0.203035465386402
89	0.209909346670835
89	0.207456683168317
89	0.204653371320038
89	0.207451701931923
89	0.204857278031856
89	0.205196431366411
89	0.205854279350939
89	0.207996266334785
89	0.20426642111725
89	0.203629652414642
89	0.207015887997483
89	0.206827618022451
89	0.209886291850916
89	0.202625482625483
89	0.199757502273416
89	0.202978658068478
89	0.208912768647282
89	0.202068539672738
89	0.206239434455202
89	0.205713398540599
89	0.201585327945291
89	0.205490320533164
89	0.207826220921276
89	0.202749683944374
89	0.205268079800499
89	0.199501246882793
89	0.204834605597964
89	0.2022626509708
89	0.211418519110827
89	0.207826220921276
89	0.204701120797011
89	0.203809523809524
89	0.209041309431021
89	0.201771030993042
89	0.202092769014524
89	0.202728426395939
89	0.206676249800351
89	0.203460528348525
89	0.209197894084856
89	0.206453634085213
89	0.205854727614277
89	0.209651898734177
89	0.205913896123793
89	0.204427696655676
89	0.204389788293898
89	0.204977585407327
89	0.204826732673267
89	0.208069858476363
89	0.208117849866792
89	0.20486752926679
89	0.201101928374656
89	0.206676025581033
89	0.207051879465673
89	0.205597248280175
89	0.208511311501345
89	0.203259677166588
89	0.204297726564933
89	0.203970839149992
89	0.198960880195599
89	0.207600950118765
89	0.206617989746776
89	0.209401037572709
89	0.20973841790104
89	0.205813772734339
89	0.20253164556962
89	0.205357142857143
89	0.208882611424984
89	0.206411258795934
89	0.20021578298397
89	0.201321170179302
89	0.206626783248965
89	0.200220715749645
89	0.206141027619195
89	0.201720694423106
89	0.205157131345689
89	0.208842897460019
89	0.21179959419385
89	0.205227944608682
89	0.206979736249598
89	0.202144188937228
89	0.208130591743839
89	0.204857278031856
89	0.20359466997211
89	0.209697732997481
89	0.202856265356265
89	0.20647900613304
89	0.206384676775738
89	0.202434836897144
89	0.206446540880503
89	0.20698840488875
89	0.208391176924263
89	0.20964953638221
89	0.199718486080701
89	0.20828125
89	0.204832092387175
89	0.201963534361851
89	0.204381846635368
90	0.205384615384615
90	0.202700580938923
90	0.20330426801285
90	0.206110421836228
90	0.202415532793151
90	0.203607843137255
90	0.20394532463498
90	0.207012487992315
90	0.203395158755108
90	0.20796800492232
90	0.208458308338332
90	0.202402676399027
90	0.207105181507912
90	0.203358208955224
90	0.212004320320938
90	0.205807680101555
90	0.210355987055016
90	0.204503392967304
90	0.201198893329235
90	0.20971508640822
90	0.206209816528148
90	0.199243975429201
90	0.211927748364995
90	0.203672008713241
90	0.210361067503925
90	0.20929868503444
90	0.20578335373317
90	0.210816777041943
90	0.20758234928527
90	0.208235109225208
90	0.201789571120025
90	0.204150653343582
90	0.20497386345636
90	0.203039323202256
90	0.204703697973078
90	0.206024660527548
90	0.209588199139521
90	0.210426838872263
90	0.203943314849045
90	0.203379224030038
90	0.203171612498037
90	0.208412098298677
90	0.198976426799007
90	0.202871115317873
90	0.202362204724409
90	0.210894076544386
90	0.202185792349727
90	0.204046424090339
90	0.206384676775738
90	0.202290076335878
90	0.204452162930218
90	0.210681571184599
90	0.202311223682128
90	0.204031007751938
90	0.202779050236677
90	0.208563754147575
90	0.205873355766289
90	0.206592386258124
90	0.201883830455259
90	0.204513618677043
90	0.208295071931436
90	0.206559444970041
90	0.204075185594693
90	0.205188310673543
90	0.203741231488698
90	0.207770007770008
90	0.20632460083708
90	0.201103230890465
90	0.205459996843932
90	0.20296875
90	0.201525054466231
90	0.206885998469778
90	0.20796875
90	0.203970839149992
90	0.206084696529583
90	0.203907582570941
90	0.209114004445856
90	0.205421497963021
90	0.203849114703618
90	0.204144757191463
90	0.205320165657853
90	0.208313799031099
90	0.201915649621505
90	0.203700824133105
90	0.202994483845548
90	0.20079644662276
90	0.204541919427594
90	0.206169090618507
90	0.196723821187998
90	0.203487490523124
90	0.204021655065739
90	0.204291044776119
90	0.205500859509298
90	0.203326597233017
90	0.207868649318463
90	0.208378757202928
90	0.204821126976816
90	0.209170854271357
90	0.208211594648624
90	0.204642638973732
91	0.20252774352651
91	0.203954538377705
91	0.203879115922418
91	0.204456911329282
91	0.206712672521957
91	0.206732976281561
91	0.204740693604836
91	0.202449232677104
91	0.203473945409429
91	0.208003722661703
91	0.202444374804137
91	0.204287711666926
91	0.203464566929134
91	0.199530883502737
91	0.203531598513011
91	0.203878826735054
91	0.204556316711805
91	0.205171879838959
91	0.201894704146607
91	0.206612877709223
91	0.206236150680595
91	0.205059710873664
91	0.200370198981953
91	0.203221809169765
91	0.206556872402647
91	0.212269358145403
91	0.206242158092848
91	0.203861003861004
91	0.20140625
91	0.202792862684251
91	0.203002815139193
91	0.202402957486137
91	0.205632949727438
91	0.20911528150134
91	0.201866251944012
91	0.202761402420105
91	0.204986586712956
91	0.205941203632446
91	0.209044908285895
91	0.205579331114281
91	0.206685953069752
91	0.207299731395165
91	0.207363121460038
91	0.206583602522689
91	0.19723774053383
91	0.205703599812997
91	0.203487466915771
91	0.202748091603053
91	0.20423197492163
91	0.203776435045317
91	0.205355776587605
91	0.20747982619491
91	0.205248359887535
91	0.206832298136646
91	0.204000635021432
91	0.208385876418663
91	0.211417513304306
91	0.202975724353955
91	0.204832596336071
91	0.201003449357165
91	0.209150326797386
91	0.209124262242782
91	0.205763867369073
91	0.206566132579328
91	0.206885856079404
91	0.20711923137502
91	0.204662004662005
91	0.210432816537468
91	0.207317073170732
91	0.201893234016139
91	0.201556420233463
91	0.202662950921195
91	0.211489497135582
91	0.205359877488515
91	0.206955976813411
91	0.205910240202276
91	0.206159648020113
91	0.203034569059909
91	0.207676704634108
91	0.202607193340663
91	0.206097371286359
91	0.204643962848297
91	0.202907516238787
91	0.205558949297495
91	0.201946847960445
91	0.202795031055901
91	0.207129396984925
91	0.206071037396339
91	0.20229777984785
91	0.206794452236247
91	0.205895760522717
91	0.208327047820184
91	0.204664813098548
91	0.199936173607787
91	0.204492278895648
91	0.205743136636163
91	0.204151709068207
91	0.199782507379214
91	0.203895501623126
91	0.204265919352328
92	0.205772811918063
92	0.207261960417641
92	0.203615604186489
92	0.20639127045986
92	0.203697996918336
92	0.208687440982059
92	0.20059505167554
92	0.202709088045361
92	0.206917568185281
92	0.210251542477456
92	0.207436096049574
92	0.202853111773005
92	0.208531532913917
92	0.205509469400532
92	0.204552493031898
92	0.208568738229755
92	0.203906622201048
92	0.205837408312958
92	0.201917130488559
92	0.209650328294396
92	0.207547169811321
92	0.206831714196177
92	0.205955721858435
92	0.20253551244845
92	0.206731511502239
92	0.208595548733691
92	0.207080200501253
92	0.204824830977259
92	0.206300185299568
92	0.208798017348203
92	0.202846975088968
92	0.204858424880087
92	0.202891933028919
92	0.202427259996888
92	0.204198178731286
92	0.208456857544079
92	0.203384615384615
92	0.20700293074194
92	0.205372217958557
92	0.201496026180458
92	0.197113146049977
92	0.203120124804992
92	0.202639019792648
92	0.200765110941086
92	0.206157317859446
92	0.203249540159411
92	0.203772418058132
92	0.204681118441722
92	0.204709866092042
92	0.206485978380072
92	0.200397431977988
92	0.208846761453397
92	0.200410937253043
92	0.205859794447001
92	0.203018867924528
92	0.206506584043377
92	0.203300940922412
92	0.204556020455602
92	0.205305121128488
92	0.208016476552598
92	0.201788796485172
92	0.205822507434653
92	0.206230529595016
92	0.204538291837378
92	0.207792207792208
92	0.207488782299242
92	0.209106502416966
92	0.207086976530143
92	0.203413284132841
92	0.2003771805752
92	0.205017033137194
92	0.203533142080628
92	0.205124199343853
92	0.203211957385912
92	0.208818506443099
92	0.205789804908748
92	0.204167972422438
92	0.201465201465201
92	0.205215771499534
92	0.205041500153704
92	0.20462962962963
92	0.199134867912869
92	0.205060540204905
92	0.207465679469381
92	0.208640674394099
92	0.205940594059406
92	0.203534430225472
92	0.205108116577875
92	0.202576839490841
92	0.204926866820631
92	0.209148313568458
92	0.204294478527607
92	0.205962059620596
92	0.208300581669549
92	0.202181473284856
92	0.20003084515731
92	0.208120254145359
92	0.210851975249881
92	0.202880400751409
92	0.206648977680662
93	0.205677059097255
93	0.205227944608682
93	0.206332211685531
93	0.205859794447001
93	0.20658449056015
93	0.207385930108347
93	0.206052097956637
93	0.202730268319473
93	0.20631970260223
93	0.207738998482549
93	0.203797274536824
93	0.204480096866959
93	0.209633027522936
93	0.208430913348946
93	0.20418031508345
93	0.201842023103341
93	0.202942979767014
93	0.20842366057603
93	0.21094834232845
93	0.204705163458601
93	0.208442458789093
93	0.208093385214008
93	0.210468920392585
93	0.205064854848672
93	0.205543774613753
93	0.203047263681592
93	0.203343465045593
93	0.202594966390496
93	0.204649739981646
93	0.20270062912383
93	0.205416920267803
93	0.203023758099352
93	0.204378467536362
93	0.204219929154474
93	0.206388587377888
93	0.20292532717475
93	0.206655263567097
93	0.209857165280176
93	0.205295997565059
93	0.203746353446952
93	0.209156331342827
93	0.208154506437768
93	0.204774453573089
93	0.207977650162968
93	0.207412120248131
93	0.206506364922207
93	0.204633805006997
93	0.211177207263619
93	0.207109004739336
93	0.20203602192639
93	0.204552306300874
93	0.204387455584737
93	0.21238803704266
93	0.208905731880625
93	0.207073057235924
93	0.205424564647866
93	0.201260762607626
93	0.211764705882353
93	0.208766035430666
93	0.20295430066164
93	0.210134821013482
93	0.205096333126165
93	0.209853733641263
93	0.205717837165942
93	0.204422452450905
93	0.203288260602336
93	0.204164077066501
93	0.207990051297995
93	0.206955708047411
93	0.207429374122054
93	0.208895705521472
93	0.207190454052379
93	0.205561530188969
93	0.20369804400978
93	0.208442458789093
93	0.20414201183432
93	0.202408169486359
93	0.201601507300989
93	0.204407884525842
93	0.203355600434985
93	0.205664830841857
93	0.204790981681541
93	0.203472005004692
93	0.201239349341596
93	0.20453486566237
93	0.204091193004372
93	0.205854873871068
93	0.211671924290221
93	0.208021223470662
93	0.208212042285889
93	0.203163390663391
93	0.206791995148575
93	0.211832656884171
93	0.208287895310796
93	0.205719557195572
93	0.201806767723166
93	0.20985516372796
93	0.204559948979592
93	0.206076415528617
93	0.205963725791577
94	0.205555555555556
94	0.203635243376463
94	0.207949662369552
94	0.204570355298169
94	0.204531442663379
94	0.203619221411192
94	0.203146907618009
94	0.206195099398983
94	0.204733906226444
94	0.207682698313554
94	0.199815837937385
94	0.207140658664204
94	0.205384615384615
94	0.204005589194225
94	0.203294117647059
94	0.209872710338404
94	0.201862421147492
94	0.209628275441804
94	0.206494717215662
94	0.20515625
94	0.203324611359089
94	0.208703646950659
94	0.205909653465347
94	0.209672482399755
94	0.20646538578835
94	0.204682779456193
94	0.206250967043169
94	0.20746500777605
94	0.203967761934284
94	0.205226748654881
94	0.204444444444444
94	0.198700513750378
94	0.209901608620959
94	0.20521472392638
94	0.208082026537998
94	0.205182603424761
94	0.206981393203137
94	0.199481074481074
94	0.205668384358897
94	0.205434270457044
94	0.209026840605788
94	0.204915514592934
94	0.209244609896076
94	0.210107627515208
94	0.199660021634987
94	0.206998906420872
94	0.202723614979882
94	0.205688943263496
94	0.204272571339467
94	0.212392108508015
94	0.208195429472025
94	0.204777118515138
94	0.205919003115265
94	0.205713422007255
94	0.206315144083384
94	0.206191950464396
94	0.207294832826748
94	0.203233256351039
94	0.207825822168088
94	0.201571890892279
94	0.202445441882062
94	0.211520594611335
94	0.207272727272727
94	0.211006337919307
94	0.206385578979529
94	0.208847102342787
94	0.210842445710765
94	0.204960224613945
94	0.201370906321401
94	0.199359365466748
94	0.207003408738767
94	0.203428055931439
94	0.207786116322702
94	0.202989171877383
94	0.20684316457656
94	0.2084046692607
94	0.204813736011038
94	0.200965130759651
94	0.202208201892744
94	0.205515328916962
94	0.207287571817357
94	0.206180811808118
94	0.201271186440678
94	0.203125
94	0.209545804464973
94	0.20661412455571
94	0.206907280647169
94	0.204858934169279
94	0.206305479032752
94	0.203051106025934
94	0.200710205341979
94	0.207815813389882
94	0.20580555982184
94	0.205841230386826
94	0.205272782688205
94	0.210419906687403
94	0.201528622679769
94	0.208430549074506
94	0.206540447504303
94	0.206255666364461
95	0.201354970852371
95	0.206635802469136
95	0.207257938370092
95	0.203957382039574
95	0.206341840680588
95	0.198741559238797
95	0.199318040917545
95	0.208093361624735
95	0.202515918620904
95	0.20781392520523
95	0.203498360143683
95	0.202495055530199
95	0.21074832057491
95	0.208922400251335
95	0.204951425885302
95	0.211130057355449
95	0.206054087277197
95	0.209480122324159
95	0.19833206974981
95	0.203198494825964
95	0.210501567398119
95	0.210649594003748
95	0.203410852713178
95	0.206606514757608
95	0.205945448973337
95	0.205338186229906
95	0.206417772292502
95	0.207672161454321
95	0.208622016936105
95	0.207294552169898
95	0.205785253890898
95	0.205905205905206
95	0.2077475788816
95	0.202048417132216
95	0.208829054477145
95	0.212995245641838
95	0.203656141411089
95	0.204684797987738
95	0.206534954407295
95	0.203243243243243
95	0.207134999214207
95	0.202564894932015
95	0.207022900763359
95	0.205359831376092
95	0.205483672211953
95	0.200967059534603
95	0.20759649392588
95	0.204636785162287
95	0.2039119051286
95	0.208027487115415
95	0.204019021322289
95	0.200680272108844
95	0.203534430225472
95	0.204841149773071
95	0.209041309431021
95	0.205212702216896
95	0.19932119716137
95	0.204758250191865
95	0.207582061950994
95	0.205581820954705
95	0.205494334937141
95	0.208754208754209
95	0.203613726085636
95	0.203112840466926
95	0.203943407585792
95	0.209662576687117
95	0.204264524103832
95	0.205202754399388
95	0.200941676792224
95	0.201783555018138
95	0.203706563706564
95	0.202317569683683
95	0.207167025530606
95	0.202487486728348
95	0.204284621270084
95	0.205309191345711
95	0.201600724856539
95	0.207942127135601
95	0.207216808769793
95	0.203156743241131
95	0.205205047318612
95	0.206266318537859
95	0.20679581795818
95	0.207487117308275
95	0.200060762570257
95	0.209127852453892
95	0.21101349231252
95	0.208551215010766
95	0.210184182015168
95	0.209384615384615
95	0.203748857055776
95	0.20344407192929
95	0.208251769311851
95	0.202143950995406
95	0.211656441717791
95	0.202533625273694
95	0.205589123867069
95	0.204081632653061
95	0.202338129496403
95	0.206047381546135
96	0.209047398486954
96	0.208067279239994
96	0.202813950007484
96	0.206787805976873
96	0.206767503508498
96	0.202929508696979
96	0.206092916984006
96	0.208791208791209
96	0.204727921498662
96	0.204268292682927
96	0.207963246554364
96	0.205674846625767
96	0.204213439950792
96	0.206518428266829
96	0.208802924154737
96	0.203932327389118
96	0.20465257716284
96	0.2064310632489
96	0.205836209601506
96	0.201589032559589
96	0.204279244104326
96	0.202116239840515
96	0.206208079862736
96	0.210377802163348
96	0.205882352941176
96	0.210059623910717
96	0.205538461538462
96	0.207471441803026
96	0.206582200247219
96	0.205179900744417
96	0.203827460510328
96	0.208467064037903
96	0.206037151702786
96	0.205318023870675
96	0.20233288470166
96	0.206610322970118
96	0.20363244574419
96	0.203752931978108
96	0.205450091855481
96	0.209408889567741
96	0.206631049654305
96	0.205702343633378
96	0.202052696078431
96	0.203564727954972
96	0.205958352333181
96	0.204559178743961
96	0.205315110098709
96	0.20448348985156
96	0.204935622317597
96	0.21201248049922
96	0.206334274067106
96	0.204978488014751
96	0.203371647509579
96	0.204933291964009
96	0.208063241106719
96	0.203941044537007
96	0.206455542021924
96	0.20546683046683
96	0.20137299771167
96	0.201911027568922
96	0.203797274536824
96	0.205022201806768
96	0.20460085313833
96	0.202158828064765
96	0.198494392379782
96	0.203991827754204
96	0.200312256049961
96	0.201673003802281
96	0.205859556657882
96	0.204673896441118
96	0.203219636595473
96	0.204723201962889
96	0.200700472057256
96	0.203333333333333
96	0.205022201806768
96	0.207432747628674
96	0.206515058389674
96	0.209175738724728
96	0.206180811808118
96	0.20428438373176
96	0.207774596956456
96	0.205003790750569
96	0.200454201362604
96	0.204781866169849
96	0.210150550985566
96	0.209210725647629
96	0.207963246554364
96	0.203738029039234
96	0.203324611359089
96	0.202093273818686
96	0.201216658867571
96	0.207660359944624
96	0.203720508166969
96	0.20714175297573
96	0.203222778473091
96	0.205232909860859
96	0.208035306650434
96	0.205944477972239
96	0.204963235294118
96	0.201758375018948
97	0.205891472868217
97	0.202578841075035
97	0.204160844589349
97	0.200030193236715
97	0.207948243992606
97	0.206447613143211
97	0.206052514463729
97	0.204973741118319
97	0.208068269976726
97	0.198188517040221
97	0.2039144287665
97	0.204164077066501
97	0.20602858918583
97	0.201367781155015
97	0.202210962690005
97	0.201164394055462
97	0.208971384377417
97	0.207261029411765
97	0.211658782237143
97	0.201431340390637
97	0.200243272008515
97	0.207850409519394
97	0.207440293937538
97	0.203560018256504
97	0.2043762346148
97	0.205276803416196
97	0.203504457423916
97	0.206829121540313
97	0.201474201474201
97	0.203883495145631
97	0.20470053070508
97	0.20672268907563
97	0.205416217879674
97	0.205100794135614
97	0.204131227217497
97	0.206209100593517
97	0.202007528230866
97	0.203276699029126
97	0.202748610253243
97	0.20738900962434
97	0.20519560847379
97	0.206505295007564
97	0.202820282028203
97	0.203871748336358
97	0.204688218170676
97	0.198354525056096
97	0.203983101991551
97	0.205151793928243
97	0.204289625798601
97	0.204921838724656
97	0.20077519379845
97	0.204620960434914
97	0.205659502087521
97	0.206036341238066
97	0.20749145166304
97	0.205228955720115
97	0.208236569128348
97	0.203199507768036
97	0.207984153588298
97	0.20576690821256
97	0.207645115620576
97	0.199286046872575
97	0.203749231714813
97	0.203080175147214
97	0.203268173488088
97	0.206060606060606
97	0.208184777553868
97	0.203675108091414
97	0.204292890850967
97	0.207318964180493
97	0.20229709035222
97	0.202529668956902
97	0.206991299038315
97	0.203731567860367
97	0.20593207315199
97	0.208150470219436
97	0.201660377358491
97	0.200307219662058
97	0.207675642216032
97	0.202310381516948
97	0.211330657610374
97	0.206480783722683
97	0.202545231524072
97	0.205496183206107
97	0.206329506670804
97	0.20804741110418
97	0.207550053492282
97	0.205665024630542
97	0.207021791767554
97	0.201950922115531
97	0.206764027671022
97	0.205319645356976
97	0.207564575645756
97	0.202983725135624
97	0.208211143695015
97	0.203105968331303
97	0.20626265773485
97	0.210941051674496
97	0.209149302835657
97	0.207734637725466
98	0.206811145510836
98	0.207743296173546
98	0.205723957531928
98	0.205756276791182
98	0.205810769698814
98	0.207294552169898
98	0.204745968968664
98	0.205779467680608
98	0.205479452054795
98	0.200181983621474
98	0.204552398411244
98	0.203389830508475
98	0.205030487804878
98	0.208539603960396
98	0.205566480108909
98	0.205971506517126
98	0.203983101991551
98	0.19956174675223
98	0.20861229458308
98	0.200334906378444
98	0.20384204909285
98	0.201747662118657
98	0.199325360318921
98	0.202520115378776
98	0.20525988173047
98	0.207046406953283
98	0.208088124339822
98	0.202749140893471
98	0.210179365322704
98	0.198885621420833
98	0.203012048192771
98	0.205332931605905
98	0.205730389854392
98	0.204175621737796
98	0.208610809973672
98	0.201954397394137
98	0.201573849878935
98	0.20474006116208
98	0.207302169263672
98	0.205151653711324
98	0.204978488014751
98	0.201358863495985
98	0.206267539756782
98	0.207069174757282
98	0.212305295950156
98	0.205417253796775
98	0.203073709340495
98	0.205368098159509
98	0.206713244228433
98	0.20655292163672
98	0.205214209483153
98	0.207052441229656
98	0.203836200334906
98	0.202003081664099
98	0.203403059631595
98	0.206487835308796
98	0.201924569300016
98	0.207022900763359
98	0.204611391052069
98	0.208261617900172
98	0.206742908064756
98	0.205995388162952
98	0.207058467131172
98	0.204084743179393
98	0.205362678239306
98	0.210359408033827
98	0.20180859080633
98	0.206646058732612
98	0.200890800184303
98	0.21008274593932
98	0.205151653711324
98	0.203303303303303
98	0.198663426488457
98	0.201156421180767
98	0.207205860367768
98	0.199382716049383
98	0.205643306241374
98	0.207925336597307
98	0.206395348837209
98	0.205623100303951
98	0.206047713113509
98	0.203491042719339
98	0.210277523635255
98	0.207847946045371
98	0.209389087517488
98	0.202564102564103
98	0.208358570563295
98	0.203883495145631
98	0.205359831376092
98	0.210342205323194
98	0.208211594648624
98	0.206395797929863
98	0.208384520884521
98	0.210632050687684
98	0.204725609756098
98	0.20576690821256
98	0.205737956428352
98	0.207001987463691
98	0.205491717654081
98	0.209998457028236
99	0.206330067822155
99	0.204949729311678
99	0.2013016497654
99	0.210661431591664
99	0.203439275295563
99	0.203700824133105
99	0.20781392520523
99	0.203438831405965
99	0.203359055832955
99	0.201323687855934
99	0.204128793714374
99	0.20481193848028
99	0.207706201083685
99	0.202371902083017
99	0.207324455205811
99	0.203435399551904
99	0.204601990049751
99	0.204883227176221
99	0.203669441874807
99	0.204565935716431
99	0.205886861873371
99	0.205225007550589
99	0.204247627654767
99	0.207659444613976
99	0.203885003885004
99	0.202148585262521
99	0.202891933028919
99	0.205646405430423
99	0.208084519981626
99	0.200526071483831
99	0.20568356374808
99	0.206558905812869
99	0.207343412526998
99	0.204335793357934
99	0.207427536231884
99	0.209158415841584
99	0.210452636490901
99	0.211559264410447
99	0.208802924154737
99	0.204872144045998
99	0.211109401446376
99	0.204031765424557
99	0.204075425790754
99	0.202161668442685
99	0.204006163328197
99	0.205448181403135
99	0.20547323858482
99	0.204359673024523
99	0.203129747797022
99	0.204830614805521
99	0.205598898577329
99	0.207167025530606
99	0.20632483880872
99	0.204776579352851
99	0.203384708371109
99	0.209411408685126
99	0.203005213124808
99	0.207259417416501
99	0.202837307576215
99	0.206626783248965
99	0.204702006588799
99	0.203768959705837
99	0.205147730734085
99	0.200754716981132
99	0.20834597875569
99	0.206708149946881
99	0.203684131058433
99	0.205019607843137
99	0.205652435357787
99	0.20392818781648
99	0.20273556231003
99	0.206275334033929
99	0.207527365422102
99	0.208078335373317
99	0.208232810615199
99	0.20889631091544
99	0.206104563312179
99	0.204612289119331
99	0.203353330256884
99	0.205588822355289
99	0.209066100667071
99	0.198557618536136
99	0.206235011990408
99	0.205622850306565
99	0.203286670724285
99	0.202944269190326
99	0.202471772963076
99	0.198160156839089
99	0.20189701897019
99	0.208782742681048
99	0.209377401998463
99	0.2089072543618
99	0.205805958747135
99	0.207988980716253
99	0.203071417921574
99	0.202318392581144
99	0.209107523606458
99	0.204667587901121
99	0.20301431801055
99	0.207729468599034
100	0.199721103191819
100	0.207589960689447
100	0.203928624981257
100	0.202070960864931
100	0.205824359168815
100	0.203709243194735
100	0.208498929990829
100	0.204775578056521
100	0.206011841505997
100	0.203726328649969
100	0.204486096174528
100	0.207796147429091
100	0.200390273191234
100	0.202286058053843
100	0.202265613355195
100	0.205362492510485
100	0.207243763149985
100	0.207832735216102
100	0.204484704484704
100	0.203661673475564
100	0.205767121140887
100	0.200841852074564
100	0.204589193190229
100	0.204153305848221
100	0.203522504892368
100	0.206859427868348
100	0.205998182368979
100	0.202985534010465
100	0.210115563559958
100	0.203841572364503
100	0.209007633587786
100	0.200861936278282
100	0.202742993440668
100	0.209541062801932
100	0.202333435677003
100	0.206669657544489
100	0.205116491548652
100	0.203237410071942
100	0.206346796234437
100	0.204739763011849
100	0.209386281588448
100	0.204822954822955
100	0.204580152671756
100	0.209464701318852
100	0.20833962834265
100	0.207342762563948
100	0.206886045094455
100	0.201006557877078
100	0.206959706959707
100	0.206204379562044
100	0.203901532745007
100	0.206125574272588
100	0.207462455488466
100	0.200060624431646
100	0.204538291837378
100	0.208581462818751
100	0.200573065902579
100	0.20353982300885
100	0.20211161387632
100	0.207304136990453
100	0.204610951008646
100	0.201963746223565
100	0.205760049283844
100	0.202806699864192
100	0.203217483684929
100	0.203268173488088
100	0.200333383846037
100	0.203501766241745
100	0.207754978877489
100	0.204312424607961
100	0.205085261875761
100	0.204993232064972
100	0.207331913599026
100	0.207079914919477
100	0.207475209763539
100	0.206584992343032
100	0.201934889434889
100	0.202587519025875
100	0.207846153846154
100	0.209005686184109
100	0.207812023191944
100	0.205104692037292
100	0.203129794415465
100	0.207407407407407
100	0.206507205467241
100	0.20469696969697
100	0.206308865301241
100	0.210614355231144
100	0.204259148170366
100	0.207864302235929
100	0.200516874429918
100	0.208522899605702
100	0.205829326923077
100	0.208006158583526
100	0.204454067429632
100	0.2051593323217
100	0.206349206349206
100	0.206478354313786
100	0.2045071286218
100	0.20658773527626
101	0.206033182503771
101	0.206099954703307
101	0.199786812852139
101	0.20959174381545
101	0.205549527205084
101	0.204379562043796
101	0.207801950487622
101	0.203000750187547
101	0.202789860506975
101	0.207550030321407
101	0.203594623168706
101	0.203499773721527
101	0.204103024857742
101	0.202872260015117
101	0.207291352817114
101	0.205245501677341
101	0.206032412965186
101	0.203621298143317
101	0.203649746971323
101	0.207862629914144
101	0.202925045703839
101	0.198971100015131
101	0.202590056564454
101	0.205443641396279
101	0.204241239284103
101	0.201676829268293
101	0.20069256248118
101	0.202206978824933
101	0.205824359168815
101	0.20458687727825
101	0.206420642064206
101	0.203077851538926
101	0.209636006645522
101	0.207675970873786
101	0.197350388305162
101	0.203931203931204
101	0.207913110938712
101	0.207816669282687
101	0.207006854531607
101	0.204140223632517
101	0.205393258426966
101	0.204343836035485
101	0.204462102689487
101	0.207066810677365
101	0.201746323529412
101	0.201712800122343
101	0.206486486486486
101	0.205754533193466
101	0.208821292775665
101	0.204213694507148
101	0.206510056809458
101	0.203079737764903
101	0.207315199016444
101	0.205882352941176
101	0.204848484848485
101	0.201659125188537
101	0.206413730803975
101	0.204007285974499
101	0.201584641170197
101	0.207776427703524
101	0.204636785162287
101	0.205298013245033
101	0.20173730717388
101	0.207338902147971
101	0.204286570743405
101	0.205675923100397
101	0.200859291084855
101	0.208087233075875
101	0.206390460174285
101	0.210363015823767
101	0.208258527827648
101	0.20326542840024
101	0.210101932146661
101	0.20606614845298
101	0.204217872856926
101	0.209689515524224
101	0.203698090330403
101	0.206302021403092
101	0.202830898961
101	0.210006082725061
101	0.207834928229665
101	0.20306106985907
101	0.201558679706601
101	0.205073349633252
101	0.201277955271566
101	0.20448348985156
101	0.203405152930541
101	0.204698488702678
101	0.210926586993637
101	0.205882352941176
101	0.199878493317132
101	0.206102212051869
101	0.206886091308964
101	0.209090909090909
101	0.202786377708978
101	0.203397612488522
101	0.208714198659354
101	0.200808625336927
101	0.20305023923445
101	0.203565008987418
102	0.20629849383843
102	0.202299193789191
102	0.206813020439061
102	0.207277752187932
102	0.20233988300585
102	0.209529627367135
102	0.202924500149209
102	0.205654354765162
102	0.206922498118886
102	0.20690699787943
102	0.202565632458234
102	0.209652862362972
102	0.206409477521264
102	0.206949100883877
102	0.202116402116402
102	0.200451807228916
102	0.206190329534955
102	0.209887776766758
102	0.202593440122044
102	0.203476946334089
102	0.207702888583219
102	0.207266229898749
102	0.208611845173325
102	0.201244498406435
102	0.202331759149941
102	0.20203076004181
102	0.203930063438032
102	0.203505061187491
102	0.207086496948042
102	0.201971190295679
102	0.206144997729681
102	0.200696758558013
102	0.206776055910058
102	0.20625375826819
102	0.202727272727273
102	0.205202312138728
102	0.208540069162532
102	0.207247678945792
102	0.202021726010863
102	0.210479175996417
102	0.205523344522429
102	0.205516414330685
102	0.203039513677812
102	0.206800618238022
102	0.206901770849099
102	0.204231830726771
102	0.208327001975384
102	0.207570207570208
102	0.20215794994755
102	0.208137240018218
102	0.206254767353166
102	0.205340699815838
102	0.209363411619283
102	0.205554707767435
102	0.20399344360006
102	0.206112616681722
102	0.207166516109606
102	0.20372917621886
102	0.204966139954853
102	0.204152249134948
102	0.206303288672351
102	0.206833712984055
102	0.205347593582888
102	0.207657657657658
102	0.204369594902139
102	0.202317426436957
102	0.200875339571385
102	0.207145047531432
102	0.205864292293522
102	0.205950362262988
102	0.204838949087131
102	0.200940962209744
102	0.205078416728902
102	0.207987711213518
102	0.205904966938336
102	0.203850855745721
102	0.206157561122849
102	0.205841871845848
102	0.209907509013952
102	0.201678154030566
102	0.208970897089709
102	0.208289214944789
102	0.20835847917924
102	0.201364175563464
102	0.205198358413133
102	0.20487589954472
102	0.206984032233995
102	0.206772550194786
102	0.206802721088435
102	0.206729311912701
102	0.200179265013445
102	0.206472196900638
102	0.2
102	0.204320432043204
102	0.199470569915914
102	0.205108940646131
102	0.209150326797386
102	0.208084303240013
102	0.202953141479584
102	0.208128628852166
103	0.200688416641724
103	0.204056917953376
103	0.202777362998357
103	0.203436217120268
103	0.209588014981273
103	0.203748125937031
103	0.205419315773539
103	0.204273374753751
103	0.204775578056521
103	0.205930807248764
103	0.208088124339822
103	0.203728967712597
103	0.207034249731224
103	0.205850982782264
103	0.206782215523738
103	0.203939393939394
103	0.202894181489298
103	0.206069802731411
103	0.204500532157519
103	0.204710144927536
103	0.200611620795107
103	0.207016482685619
103	0.201544401544402
103	0.201833483618876
103	0.209214501510574
103	0.204118442807756
103	0.201965903855015
103	0.20176372206173
103	0.2038158691702
103	0.204099821746881
103	0.202230029020926
103	0.204745031582191
103	0.204185351270553
103	0.200269824614001
103	0.206072448519465
103	0.201815431164902
103	0.20849478390462
103	0.209513710043933
103	0.206875662577616
103	0.210876975519058
103	0.207937226497661
103	0.204297820823245
103	0.203108653415035
103	0.203720787207872
103	0.206979182267485
103	0.20105580693816
103	0.206845015692722
103	0.201415023332832
103	0.211369821590565
103	0.204597351195007
103	0.205711667684789
103	0.2060286360211
103	0.205693844090028
103	0.207705192629816
103	0.201976343764037
103	0.205389221556886
103	0.199596774193548
103	0.203862660944206
103	0.201952410006101
103	0.202593917710197
103	0.207561610286239
103	0.206816779765577
103	0.20173730717388
103	0.202053265883053
103	0.206833988509223
103	0.203969465648855
103	0.19984984984985
103	0.208816007221303
103	0.202309538092382
103	0.20384091940118
103	0.207066926186555
103	0.21412266017349
103	0.201347419996938
103	0.210720319459376
103	0.20448390009028
103	0.200519242516799
103	0.202845341899954
103	0.203129747797022
103	0.209822769600481
103	0.208673315200967
103	0.204391637840277
103	0.208728943338438
103	0.207174342605259
103	0.205316911985581
103	0.205340699815838
103	0.203068043742406
103	0.204863221884498
103	0.203164276208783
103	0.204247627654767
103	0.205244122965642
103	0.20806572068708
103	0.202231733414858
103	0.201271186440678
103	0.204451898155207
103	0.206281445342278
103	0.201024713682942
103	0.206788277511962
103	0.1999103541013
103	0.201654601861427
103	0.203457857363384
104	0.210741301059002
104	0.202896364459194
104	0.206876023217741
104	0.204603967893382
104	0.204518252543387
104	0.202409638554217
104	0.202885616540235
104	0.20625375826819
104	0.206106870229008
104	0.20737533592117
104	0.207947415596056
104	0.20897320084312
104	0.199013157894737
104	0.197100135931128
104	0.206845458586457
104	0.204909444693908
104	0.206969376979937
104	0.205093833780161
104	0.203782148260212
104	0.207682889501071
104	0.206568446899939
104	0.20601956358164
104	0.203058752271351
104	0.206292134831461
104	0.20584652862363
104	0.207685406698565
104	0.206039076376554
104	0.203568773234201
104	0.201936376210235
104	0.206281445342278
104	0.202443807512445
104	0.206796708320634
104	0.205599036724865
104	0.2045488330608
104	0.203288490284006
104	0.20533452540605
104	0.20325082016105
104	0.207001060766783
104	0.204943820224719
104	0.201918752810673
104	0.202070960864931
104	0.202773222006859
104	0.204931345046508
104	0.206274628675356
104	0.206119402985075
104	0.206812280433786
104	0.206796708320634
104	0.2049501961968
104	0.205921938088829
104	0.203506668664768
104	0.209998480474092
104	0.203664122137405
104	0.203616471660842
104	0.204629767027749
104	0.204813873523696
104	0.202348690153568
104	0.208649130628622
104	0.211199759144965
104	0.207112332112332
104	0.207914764079148
104	0.203446191051995
104	0.20202784503632
104	0.206123067596241
104	0.202501488981537
104	0.207980652962515
104	0.204477163461538
104	0.202747584541063
104	0.202900717703349
104	0.205766312594841
104	0.209723690170618
104	0.20361021875478
104	0.205225007550589
104	0.206036942483856
104	0.204848122100853
104	0.206424113259248
104	0.206287425149701
104	0.206715634837356
104	0.207943566937586
104	0.201120702710889
104	0.2049501961968
104	0.205434458047178
104	0.207317073170732
104	0.205147615442846
104	0.206439685718687
104	0.201108946500824
104	0.204596328906133
104	0.204955963576653
104	0.201434457500381
104	0.204151732377539
104	0.208662003274297
104	0.205047318611987
104	0.207225211375865
104	0.208829290342022
104	0.206773341618767
104	0.203051106025934
104	0.20305576776165
104	0.208458759783263
104	0.205694275274056
104	0.20620774431469
104	0.207965264261117
105	0.208427050532314
105	0.204592287312334
105	0.206828826106663
105	0.20844769746874
105	0.211443159633579
105	0.201962264150943
105	0.207843735693575
105	0.201729106628242
105	0.20672268907563
105	0.208123332345093
105	0.207498087222647
105	0.204888352444176
105	0.20535309239377
105	0.20885697187313
105	0.204893425397778
105	0.20674597199217
105	0.203534521491688
105	0.202489875506225
105	0.203228726614363
105	0.204683563065066
105	0.21300688599847
105	0.207809898592402
105	0.206103427540589
105	0.207575529836164
105	0.204660136539032
105	0.202242152466368
105	0.203187844480858
105	0.204762627028667
105	0.211836115326252
105	0.206614077669903
105	0.205401350337584
105	0.202909647779479
105	0.209409594095941
105	0.204137097991847
105	0.209017021929152
105	0.204317193824014
105	0.20766676728041
105	0.202384545728947
105	0.206464280320193
105	0.208464655560558
105	0.208127894815479
105	0.206751054852321
105	0.207298606904906
105	0.208020050125313
105	0.200724966017218
105	0.203465790259934
105	0.206184034487885
105	0.204094010614102
105	0.202253944402705
105	0.207035487370215
105	0.204945949948171
105	0.206823989177815
105	0.208515119602828
105	0.204985733593633
105	0.203908498712316
105	0.204157941968292
105	0.204190071352664
105	0.207192042846213
105	0.204909444693908
105	0.200875339571385
105	0.203479576399395
105	0.204292890850967
105	0.207289293849658
105	0.202172601086301
105	0.205181655747469
105	0.2061336588343
105	0.204706592246191
105	0.204936424831713
105	0.20752984389348
105	0.205834201518083
105	0.200539164295342
105	0.205790180570064
105	0.207227813357731
105	0.203703703703704
105	0.20646728404433
105	0.206296352353564
105	0.203096539162113
105	0.204370575561711
105	0.200777395724324
105	0.204967085577499
105	0.203565008987418
105	0.20421686746988
105	0.207990423462517
105	0.202382747700196
105	0.207140705031636
105	0.203681710213777
105	0.205186533212011
105	0.205586424388046
105	0.205143721633888
105	0.20540703821175
105	0.204898446833931
105	0.200979664539112
105	0.205457227138643
105	0.205481526347668
105	0.204369797859691
105	0.208117968987534
105	0.200662850256101
105	0.203152622274602
105	0.20560608319666
105	0.209636390842436
106	0.203655750190404
106	0.203478002378121
106	0.203443113772455
106	0.203911031497238
106	0.202159568086383
106	0.205847432472544
106	0.200121469784391
106	0.205473306415433
106	0.204891142260662
106	0.203320754716981
106	0.202803459588428
106	0.205308114704088
106	0.201750482124314
106	0.210136157337368
106	0.20168954593453
106	0.205013428827216
106	0.208040651621581
106	0.206424113259248
106	0.204341317365269
106	0.205895489057615
106	0.203955314009662
106	0.201564380264741
106	0.205304806565064
106	0.198458282950423
106	0.202870384212887
106	0.208699538209444
106	0.203136781782537
106	0.208791208791209
106	0.203490974190661
106	0.203922742925588
106	0.202990484821024
106	0.205860027326552
106	0.197484086086693
106	0.208909837311844
106	0.207688842168494
106	0.205823754789272
106	0.205414249590956
106	0.203992136700439
106	0.210201625037617
106	0.205378605769231
106	0.206391875746714
106	0.208989104116223
106	0.20749063670412
106	0.200787401574803
106	0.203860430586489
106	0.203344281875187
106	0.205650557620818
106	0.203959208158368
106	0.20127698388568
106	0.199202009753214
106	0.206104563312179
106	0.207474623192864
106	0.20532319391635
106	0.203616471660842
106	0.202965159377317
106	0.204261025029797
106	0.207160342717258
106	0.205590622182146
106	0.204572624028691
106	0.201501501501502
106	0.205132030434134
106	0.20495867768595
106	0.202920596288409
106	0.206058788242352
106	0.20371725450022
106	0.20346062052506
106	0.204894791822116
106	0.20073664825046
106	0.201995766555791
106	0.20646728404433
106	0.201770177017702
106	0.204333892873493
106	0.204160475482912
106	0.205510052122115
106	0.209114075850697
106	0.201155542040444
106	0.200756429652042
106	0.202606455523564
106	0.202624124049501
106	0.202758825274399
106	0.206373525356213
106	0.206353963734452
106	0.208440477991227
106	0.205528310298707
106	0.207342449464923
106	0.203668096435439
106	0.208252644123343
106	0.208939393939394
106	0.203297512144855
106	0.20515510265248
106	0.203310759969902
106	0.206787805976873
106	0.204069595989384
106	0.202941613430397
106	0.203899892522647
106	0.20282948622487
106	0.203813183564883
106	0.204572803850782
106	0.20166793025019
106	0.200925511270339
107	0.207158022444647
107	0.208103130755064
107	0.207956063529761
107	0.207997612652939
107	0.203014184397163
107	0.205607476635514
107	0.20380923815237
107	0.206886360277819
107	0.203437967115097
107	0.205665388020065
107	0.200805609428614
107	0.205618649133293
107	0.203602785346655
107	0.204169130691898
107	0.209756097560976
107	0.207678355501814
107	0.20609426598619
107	0.202539298669891
107	0.20045045045045
107	0.202584286350809
107	0.205530642750374
107	0.205082478823005
107	0.203547671840355
107	0.202575757575758
107	0.205265506470326
107	0.203555555555556
107	0.206480783722683
107	0.207880434782609
107	0.203896490184414
107	0.204486887979385
107	0.205930807248764
107	0.202942514788412
107	0.206456456456456
107	0.205290051097084
107	0.207357357357357
107	0.208501118568233
107	0.2038398080096
107	0.205116696588869
107	0.205958747135218
107	0.204720902612827
107	0.201471250562979
107	0.207825052067837
107	0.205806744291547
107	0.204480529243723
107	0.201644837039293
107	0.207928311057108
107	0.207385079125848
107	0.208771402823671
107	0.207893943959024
107	0.207242256471644
107	0.207391889869819
107	0.206482593037215
107	0.203458646616541
107	0.209457456270382
107	0.203099389062733
107	0.204474736998074
107	0.206552494415488
107	0.201877234803337
107	0.207592288148259
107	0.209550645113451
107	0.198991696322657
107	0.204569210094072
107	0.203443588581785
107	0.204229607250755
107	0.206356311548791
107	0.20309963099631
107	0.20487877880874
107	0.206385232259041
107	0.206754278728606
107	0.206092916984006
107	0.205302918086209
107	0.200893521965748
107	0.207770777077708
107	0.20735337898184
107	0.208457415128052
107	0.205086013462977
107	0.203025718608169
107	0.204238921001927
107	0.204262344289359
107	0.20253164556962
107	0.2038398080096
107	0.20233637861315
107	0.206938342675352
107	0.20464009518144
107	0.205483534495604
107	0.205592347314202
107	0.205647545830869
107	0.204926395569159
107	0.202452153110048
107	0.200802615933413
107	0.206927307863832
107	0.20833960559988
107	0.206072448519465
107	0.201417156641037
107	0.208553725253136
107	0.202567547395134
107	0.202526002971768
107	0.204309175832454
107	0.205576488319518
107	0.204387291981846
108	0.20536386921802
108	0.20254110612855
108	0.204679223072396
108	0.207224617214211
108	0.201027035191059
108	0.208409228901032
108	0.206497217626711
108	0.207641196013289
108	0.202917771883289
108	0.205491717654081
108	0.208240035826243
108	0.202337472607743
108	0.210622431897732
108	0.206881143878463
108	0.204548877843049
108	0.204017857142857
108	0.210995542347697
108	0.19853381208857
108	0.207112036899271
108	0.203883495145631
108	0.202757380488536
108	0.204130499850344
108	0.205701425356339
108	0.206668669270051
108	0.211898696238573
108	0.204178396799526
108	0.203554360812425
108	0.198107448107448
108	0.207671561282589
108	0.205917159763314
108	0.201999411937665
108	0.210251825361347
108	0.203785862170955
108	0.207701637355973
108	0.202331141661686
108	0.205807892777364
108	0.204980261160036
108	0.206500377928949
108	0.208150943396226
108	0.199852832965416
108	0.20766676728041
108	0.206030919944895
108	0.206742908064756
108	0.204331172657631
108	0.20005967477249
108	0.204844497607655
108	0.205538922155689
108	0.205178679588128
108	0.204017388697347
108	0.206505520740078
108	0.204839194469492
108	0.204034493378503
108	0.200884303610906
108	0.207495844038084
108	0.208022666269013
108	0.202484839520781
108	0.203942492959834
108	0.205917874396135
108	0.206720672067207
108	0.202591985699389
108	0.206308865301241
108	0.20301431801055
108	0.20096632945795
108	0.206982911019446
108	0.205776713558815
108	0.21252628416942
108	0.204511278195489
108	0.204093567251462
108	0.202926976463488
108	0.205520552055206
108	0.204968020229064
108	0.205686630369026
108	0.202465834818776
108	0.207174342605259
108	0.203189604252806
108	0.204250829062406
108	0.20590015128593
108	0.205574399056186
108	0.205105105105105
108	0.203287588599005
108	0.210167952791648
108	0.200268616624384
108	0.20735337898184
108	0.202197149643705
108	0.20735885595114
108	0.202987303958178
108	0.204712812960236
108	0.206544901065449
108	0.205365126676602
108	0.205027256208359
108	0.209687123947052
108	0.204347183202721
108	0.203337926810596
108	0.206323289297907
108	0.20610119047619
108	0.198052434456929
108	0.208009563658099
108	0.205147388897202
108	0.206541218637993
108	0.201127261940077
109	0.205216609204017
109	0.206046021958189
109	0.198672566371681
109	0.208382526564345
109	0.208339516248702
109	0.204361278915574
109	0.203096812988575
109	0.206668669270051
109	0.207282495149978
109	0.20682302771855
109	0.205913410770855
109	0.205753878596174
109	0.202797202797203
109	0.211623307469953
109	0.206494089480772
109	0.205132008306141
109	0.205303933253874
109	0.202874925903972
109	0.204931345046508
109	0.202640557780745
109	0.205189028910304
109	0.201008752410622
109	0.203949307397583
109	0.210653387656557
109	0.20402426394437
109	0.202065755018912
109	0.206237874944038
109	0.203377054123323
109	0.203509806813154
109	0.20517448856799
109	0.205311542390194
109	0.208031891333235
109	0.201791044776119
109	0.200806210809197
109	0.200828770164274
109	0.213122171945701
109	0.208830548926014
109	0.208611279563372
109	0.206214689265537
109	0.203977867504112
109	0.204066265060241
109	0.202428550273952
109	0.205302918086209
109	0.203505644682115
109	0.202018680325399
109	0.20554892601432
109	0.206075044669446
109	0.205501618122977
109	0.204105920856888
109	0.20609426598619
109	0.20593471810089
109	0.208134684147795
109	0.205843488474526
109	0.206382035751219
109	0.206394476133293
109	0.207566765578635
109	0.206471723318985
109	0.204837490551776
109	0.207957153787299
109	0.205302918086209
109	0.206515330188679
109	0.203873447664104
109	0.204667863554758
109	0.203178375167087
109	0.200860406467883
109	0.20625375826819
109	0.203681710213777
109	0.205681142177275
109	0.206512042818912
109	0.207167184954835
109	0.204143353999698
109	0.202012616401322
109	0.201140798558991
109	0.200118238250074
109	0.20082328726845
109	0.200626959247649
109	0.204966206288569
109	0.204871488344292
109	0.205678976018832
109	0.20714709371293
109	0.203720238095238
109	0.206131864860842
109	0.203231164125019
109	0.20454210293467
109	0.200947025747263
109	0.20690681750521
109	0.205617302493241
109	0.203511450381679
109	0.205947298689828
109	0.203675805965652
109	0.207374676215146
109	0.203344679591535
109	0.201675643327349
109	0.204171562867215
109	0.200951248513674
109	0.202199413489736
109	0.206715634837356
109	0.20684456505352
109	0.204352362498137
109	0.208816351433801
110	0.204528636969069
110	0.204982843502909
110	0.202840059790732
110	0.203367103694875
110	0.207561047366873
110	0.204702006588799
110	0.206252778189361
110	0.200646298472385
110	0.20705677363148
110	0.207611431956168
110	0.205097981435096
110	0.206616541353383
110	0.207473255989152
110	0.207460246693417
110	0.205807892777364
110	0.202119719361099
110	0.207841981132075
110	0.203985239852399
110	0.204315476190476
110	0.205192878338279
110	0.203825463239689
110	0.203631452581032
110	0.207164179104478
110	0.203657277687657
110	0.204792708027051
110	0.20453862338443
110	0.203042626901642
110	0.20763723150358
110	0.201361573373676
110	0.211006474396704
110	0.206318016928658
110	0.20339483394834
110	0.204709058188362
110	0.206188679245283
110	0.2044076320071
110	0.203425167535369
110	0.20535447203111
110	0.210068649885584
110	0.20753064798599
110	0.206133133881825
110	0.207414077742759
110	0.206498951781971
110	0.206207102357505
110	0.208127894815479
110	0.208917387414256
110	0.202769832906819
110	0.205501858736059
110	0.207053637031594
110	0.203346780218138
110	0.208508088675854
110	0.20119940029985
110	0.20495867768595
110	0.206197679541783
110	0.201779982491975
110	0.201047120418848
110	0.2027287557467
110	0.204970760233918
110	0.207055671330753
110	0.200175849941383
110	0.205293062200957
110	0.201403098509208
110	0.204162391909717
110	0.206499261447563
110	0.201772836538462
110	0.207723035952064
110	0.206979182267485
110	0.209455503512881
110	0.208742194469224
110	0.198723527705251
110	0.207880434782609
110	0.210146018365196
110	0.206036157179142
110	0.207317073170732
110	0.206120347212005
110	0.205976035188837
110	0.20718437919213
110	0.206323044650884
110	0.20641194554238
110	0.205124429391842
110	0.20749018423437
110	0.200570913461538
110	0.202742553818932
110	0.206131386861314
110	0.203838714477012
110	0.205165835045495
110	0.201486988847584
110	0.203851851851852
110	0.203247143716176
110	0.202006588799042
110	0.204801200300075
110	0.202714535901926
110	0.204679245283019
110	0.208719020603165
110	0.207063084817386
110	0.206361057189786
110	0.206115848279918
110	0.209691760521636
110	0.209260642270351
110	0.204970804012577
110	0.203369790127106
111	0.209773539928486
111	0.202955809189347
111	0.204387135022973
111	0.205562273276904
111	0.205505667598999
111	0.204548746921628
111	0.20810647307925
111	0.205395737069608
111	0.19990995047276
111	0.203063457330416
111	0.210386544703452
111	0.205553067622033
111	0.204704850964348
111	0.206937444411503
111	0.203758073987082
111	0.207682000893256
111	0.20727871798712
111	0.207098811851406
111	0.203661673475564
111	0.209288299155609
111	0.208711163966107
111	0.205783554841536
111	0.20699881376038
111	0.204429811433702
111	0.206391478029294
111	0.209952181709504
111	0.205743807931925
111	0.204844497607655
111	0.206629998513453
111	0.207059518534928
111	0.207535885167464
111	0.203252032520325
111	0.208271568336792
111	0.204883071039859
111	0.207584526347853
111	0.2065506048982
111	0.207731648616125
111	0.205052444969715
111	0.206199460916442
111	0.206382344169401
111	0.207395498392283
111	0.207493655769518
111	0.204269196560925
111	0.20892616444511
111	0.204093829373973
111	0.203698180733671
111	0.20820329915292
111	0.204151732377539
111	0.20346193340179
111	0.202368460500675
111	0.200412310410838
111	0.201582185760328
111	0.204416592062071
111	0.204582651391162
111	0.204588630717522
111	0.206722937953502
111	0.204194756554307
111	0.201323529411765
111	0.201088555457487
111	0.200740740740741
111	0.206856138294755
111	0.205704152504803
111	0.205242182709994
111	0.203678979379914
111	0.206646971935007
111	0.205686103858428
111	0.208990075890251
111	0.204535215497822
111	0.208530106257379
111	0.200359389038634
111	0.208847427023774
111	0.20687102028728
111	0.20312269848284
111	0.201220419705313
111	0.207854263102882
111	0.203127349270786
111	0.201186063750927
111	0.205611638954869
111	0.203575721153846
111	0.20558263181214
111	0.20781554124869
111	0.205803968018952
111	0.204545454545455
111	0.200793767455534
111	0.206651884700665
111	0.207066926186555
111	0.204159905590795
111	0.207387627948376
111	0.208415317087937
111	0.200898876404494
111	0.208955223880597
111	0.206722937953502
111	0.198114619183002
111	0.206666666666667
111	0.203409933283914
111	0.204911969226217
111	0.203293413173653
111	0.202157529185754
111	0.204801422643746
111	0.201678154030566
112	0.203908114558473
112	0.207278020378457
112	0.204350399526487
112	0.20513963161022
112	0.207309766327142
112	0.203417533432392
112	0.200751879699248
112	0.201261640132172
112	0.205215085444903
112	0.205433186490455
112	0.204301075268817
112	0.206597999701448
112	0.206164282554196
112	0.204290091930541
112	0.202823179791976
112	0.209288566780062
112	0.20160451641658
112	0.206851119894598
112	0.205869142087139
112	0.203771378453442
112	0.205581119192519
112	0.204151732377539
112	0.202489019033675
112	0.206671608598962
112	0.202008092312303
112	0.202892069171139
112	0.208758692114218
112	0.207212533254508
112	0.203537170263789
112	0.207660698561785
112	0.209889298892989
112	0.205680119581465
112	0.205795387344766
112	0.201011002081475
112	0.203830369357045
112	0.204817474566128
112	0.204232647624686
112	0.204528526739163
112	0.199675564076095
112	0.201167883211679
112	0.210557888422316
112	0.20956045582359
112	0.202894181489298
112	0.201435687078816
112	0.205652435357787
112	0.197114676873252
112	0.20639880952381
112	0.205842696629213
112	0.203292665000735
112	0.207327971403038
112	0.209806835066865
112	0.206562830787842
112	0.20878149403271
112	0.202242152466368
112	0.209326424870466
112	0.204505038529935
112	0.202919923315145
112	0.205086500073932
112	0.206730065837601
112	0.206678434833775
112	0.205271683109999
112	0.208309122603138
112	0.204211775174255
112	0.204615610759959
112	0.205493537015276
112	0.205041770482193
112	0.208345752608048
112	0.200528867342442
112	0.208955223880597
112	0.205301914580265
112	0.203447763412097
112	0.203384798099762
112	0.205713444264468
112	0.204796233632485
112	0.203907203907204
112	0.209236709236709
112	0.204892512972572
112	0.203013126491647
112	0.212219598583235
112	0.198378776713338
112	0.206093189964158
112	0.207956063529761
112	0.207267833109018
112	0.201463057790783
112	0.207841981132075
112	0.20479302832244
112	0.202546816479401
112	0.208801077682982
112	0.203495260663507
112	0.207870099473376
112	0.202565236620964
112	0.203720106288751
112	0.208100347589542
112	0.209933973589436
112	0.202035318766836
112	0.205017814726841
112	0.204578808335779
112	0.209233060312733
112	0.205083002791244
112	0.201353140167672
113	0.206048867699642
113	0.209205020920502
113	0.207140749483623
113	0.206485671191554
113	0.204255319148936
113	0.202833706189411
113	0.20284486590606
113	0.201923076923077
113	0.20353982300885
113	0.207757467677218
113	0.203783703262327
113	0.207064017660044
113	0.207134292565947
113	0.203564589777581
113	0.205002960331557
113	0.209610849056604
113	0.203290949887809
113	0.208460977388767
113	0.202740533372624
113	0.204944411936805
113	0.203069657615112
113	0.200530035335689
113	0.203394790752122
113	0.205231689088191
113	0.204262877442274
113	0.207527365422102
113	0.206095576268679
113	0.207733682221253
113	0.203684289351505
113	0.205938000291078
113	0.200703709133558
113	0.20105432713428
113	0.204562509380159
113	0.204130499850344
113	0.207169529499627
113	0.202567547395134
113	0.200981120856251
113	0.205712594346604
113	0.209510991475998
113	0.20446584938704
113	0.208437088032811
113	0.205713444264468
113	0.211981566820276
113	0.210335448776065
113	0.204616998950682
113	0.203545051698671
113	0.206323529411765
113	0.206590430334036
113	0.205595026642984
113	0.202632746635113
113	0.206251869578223
113	0.206942989675296
113	0.206576980568012
113	0.205034924330617
113	0.203738863735943
113	0.209090909090909
113	0.206785137318255
113	0.204358859531273
113	0.206738584306192
113	0.205739514348786
113	0.206223396447967
113	0.205648720211827
113	0.206225680933852
113	0.201258782201405
113	0.208078700253391
113	0.205086258179655
113	0.207269011823092
113	0.201061320754717
113	0.205147058823529
113	0.201849677040517
113	0.20453534904402
113	0.205417276720351
113	0.204973513831666
113	0.206627393225331
113	0.204838949087131
113	0.208598020387059
113	0.208419193405946
113	0.200716310998358
113	0.203950321711806
113	0.210154724350308
113	0.205280719570579
113	0.207894346342187
113	0.204096778981743
113	0.204878048780488
113	0.204473802732322
113	0.206789208419804
113	0.202767033620946
113	0.208532219570406
113	0.20632798573975
113	0.201913171449595
113	0.204421518054532
113	0.205690574985181
113	0.203714622641509
113	0.205006665679159
113	0.21021021021021
113	0.199436536180308
113	0.207625240135954
113	0.205089820359281
113	0.204274134119381
113	0.205059920106525
114	0.205994152046784
114	0.205443371378402
114	0.205816554809843
114	0.205052005943536
114	0.205785863405905
114	0.204201557220508
114	0.20276633313714
114	0.204606240713224
114	0.207544400410979
114	0.207096199524941
114	0.205249888773543
114	0.20555392300911
114	0.204545454545455
114	0.208119595485857
114	0.206269407067869
114	0.20067428906479
114	0.205236980690462
114	0.207625856419422
114	0.205433186490455
114	0.201609363569861
114	0.202666666666667
114	0.206271362758211
114	0.206798442647499
114	0.206221025871093
114	0.20568763165814
114	0.202048280907096
114	0.202520515826495
114	0.206611570247934
114	0.207051762940735
114	0.207866823806718
114	0.202508960573477
114	0.207522318161862
114	0.204436450839329
114	0.205877942720048
114	0.208008243780362
114	0.203010815551008
114	0.20469146869864
114	0.207167184954835
114	0.205520106840778
114	0.202501488981537
114	0.2039970392302
114	0.201968272620447
114	0.205052444969715
114	0.207255426702349
114	0.202252185508964
114	0.208197208197208
114	0.203327981316596
114	0.205721061212391
114	0.205485544848036
114	0.20336011687363
114	0.205206962117888
114	0.205710102489019
114	0.204805156753589
114	0.204555473916238
114	0.204622907097348
114	0.207065609228551
114	0.203633167301494
114	0.206566548881037
114	0.205386720437851
114	0.205329385640266
114	0.204555605180884
114	0.203657644476957
114	0.205312591722923
114	0.204190026556506
114	0.206372840976772
114	0.205395103357279
114	0.20576070901034
114	0.200615024161663
114	0.205664294187426
114	0.206152026027802
114	0.207897793263647
114	0.210843373493976
114	0.202935072635636
114	0.206916937629323
114	0.205026455026455
114	0.204659392509584
114	0.210092842168314
114	0.205942324497524
114	0.202983328458614
114	0.206255532605488
114	0.203505061187491
114	0.205440761111937
114	0.204334365325077
114	0.203768624014023
114	0.206328182487123
114	0.202794117647059
114	0.201492537313433
114	0.202260384558931
114	0.204427276779082
114	0.206440229378033
114	0.202317290552585
114	0.208147487362474
114	0.204291721038133
114	0.205778301886792
114	0.206232544465677
114	0.205813270698767
114	0.206235362997658
114	0.202921840759679
114	0.204266034661532
114	0.202812731310141
115	0.205722670579604
115	0.202785682192601
115	0.208241027913159
115	0.202983328458614
115	0.205256940342587
115	0.206016811679693
115	0.200916617386162
115	0.203950321711806
115	0.204576043068641
115	0.206840148698885
115	0.20547343772867
115	0.199504878403961
115	0.204883859440143
115	0.200206550604898
115	0.203048690247151
115	0.206194690265487
115	0.205646359583952
115	0.20650406504065
115	0.205629283943415
115	0.198866179322691
115	0.207969189749667
115	0.211940298507463
115	0.201679434295816
115	0.203266518188567
115	0.205000731101038
115	0.204255319148936
115	0.203695556533216
115	0.199505238649593
115	0.206181079512478
115	0.203542435424354
115	0.207710699342499
115	0.204468116585294
115	0.202144850888791
115	0.203053883423873
115	0.2009507346586
115	0.200589970501475
115	0.20693215339233
115	0.206293706293706
115	0.204928854334751
115	0.204216073781291
115	0.200838635049161
115	0.208192629569814
115	0.202335766423358
115	0.206999700867484
115	0.200874020494274
115	0.200203992423139
115	0.204447097448142
115	0.20705813442671
115	0.202396804260985
115	0.208714918759232
115	0.205204021289178
115	0.204348464815631
115	0.207019102621057
115	0.206698141044556
115	0.201900237529691
115	0.20008846947803
115	0.205615677098567
115	0.208296164139161
115	0.208475329678471
115	0.20272269902338
115	0.206000297044408
115	0.201726618705036
115	0.206417112299465
115	0.207513681408076
115	0.206086571133107
115	0.20222417325139
115	0.208308866705813
115	0.208228874797228
115	0.205078705078705
115	0.210693248753965
115	0.207336996881034
115	0.20425098267579
115	0.206580288251565
115	0.202171972627194
115	0.20968220968221
115	0.201538916839302
115	0.204630321135176
115	0.20391925740386
115	0.204528853177502
115	0.205181655747469
115	0.206576850644647
115	0.204552261156035
115	0.202832276146924
115	0.208008243780362
115	0.205431449846693
115	0.205998536942209
115	0.21133412042503
115	0.203635288902025
115	0.206060606060606
115	0.201724894021342
115	0.205964860475417
115	0.205663189269747
115	0.205575432319618
115	0.204069508391505
115	0.205838323353293
115	0.202665104700542
115	0.20282394469775
115	0.202412868632708
115	0.204057630108792
115	0.204084652952494
116	0.208903594525493
116	0.201089356690711
116	0.203291814946619
116	0.205207870986832
116	0.204972620985645
116	0.209295441089402
116	0.206178056243625
116	0.207571992398772
116	0.206871129460336
116	0.205131922296318
116	0.206447796509908
116	0.210839785586659
116	0.203064564117822
116	0.209251101321586
116	0.202501839587932
116	0.209236709236709
116	0.206193131787496
116	0.206407795659235
116	0.202641232575202
116	0.207620181574639
116	0.205593791184654
116	0.198945981554677
116	0.206418672501823
116	0.20536893061464
116	0.20596444836198
116	0.206339888464925
116	0.205097806757558
116	0.205579591227808
116	0.203435399551904
116	0.210495369689843
116	0.206561718405179
116	0.206952423037266
116	0.205116829340432
116	0.202118398142774
116	0.206543967280164
116	0.200501253132832
116	0.2023598820059
116	0.204377446006668
116	0.205878073621417
116	0.203138750366676
116	0.205044023280107
116	0.205890973036342
116	0.206870460048426
116	0.205428035224484
116	0.205625752105897
116	0.20442632498544
116	0.205439391723936
116	0.206448789028305
116	0.204850964348334
116	0.208487357681502
116	0.208469055374593
116	0.204598711189221
116	0.202764976958525
116	0.201768607221813
116	0.200793184488837
116	0.201178203240059
116	0.201616394862173
116	0.203749816903472
116	0.205063665975718
116	0.205374280230326
116	0.203254437869822
116	0.203044185015516
116	0.205774585959255
116	0.203154946189002
116	0.201141018139263
116	0.202989887146417
116	0.201494724501759
116	0.207286616718084
116	0.203538507285162
116	0.205263931774739
116	0.206367924528302
116	0.207002188183807
116	0.206472397129887
116	0.204829921955529
116	0.206737904422677
116	0.20304347826087
116	0.205158094127932
116	0.203785211267606
116	0.205109489051095
116	0.202094704233663
116	0.209251740139211
116	0.206272084805654
116	0.205571847507331
116	0.203902009681678
116	0.204442495981295
116	0.204705207287333
116	0.206948640483384
116	0.206495828367104
116	0.20394349617422
116	0.203831982313928
116	0.204340227206525
116	0.205222238521344
116	0.208499335989376
116	0.203842205601994
116	0.206754772393539
116	0.202881152460984
116	0.20930576070901
116	0.202595104688882
116	0.20637461795954
116	0.201254192795683
117	0.205116959064327
117	0.207273271475606
117	0.203215527230591
117	0.206835066864785
117	0.207356389214537
117	0.207175415380091
117	0.201011002081475
117	0.204749493194324
117	0.202214022140221
117	0.20314318975553
117	0.200662633246903
117	0.20680977054034
117	0.201866977829638
117	0.204897477504057
117	0.207675276752768
117	0.204703446235764
117	0.20308446238109
117	0.206260971328262
117	0.202981989961618
117	0.206230802983765
117	0.199797160243408
117	0.206402572723286
117	0.204588630717522
117	0.203206997084548
117	0.203644314868805
117	0.203240271951396
117	0.198413842826244
117	0.207771260997067
117	0.208764820651358
117	0.208758692114218
117	0.208185579196217
117	0.205247813411079
117	0.201646090534979
117	0.204806841639634
117	0.204004643064423
117	0.205421245421245
117	0.201962507322789
117	0.203136558662524
117	0.207141798785005
117	0.207511045655376
117	0.203399765533411
117	0.206295256391311
117	0.205286343612335
117	0.208627797408716
117	0.202176150566093
117	0.207142857142857
117	0.206369982547993
117	0.200293470286134
117	0.203004229254776
117	0.20062323786912
117	0.201636469900643
117	0.206030150753769
117	0.203930840845279
117	0.20326278659612
117	0.202151171357006
117	0.205407762756215
117	0.206452567707563
117	0.203081438004402
117	0.20874429559841
117	0.209251422734569
117	0.201066824714773
117	0.202434625788999
117	0.206937095825985
117	0.206674473067916
117	0.2057962529274
117	0.204619484749778
117	0.204924074893115
117	0.201818969250758
117	0.201821386603995
117	0.203264952325917
117	0.205403834979663
117	0.204244031830239
117	0.202215657311669
117	0.205654020799766
117	0.20482103725347
117	0.20628455048007
117	0.206772009029345
117	0.20645067557751
117	0.203924418604651
117	0.19967218000298
117	0.203782436592875
117	0.205724508050089
117	0.202393112505472
117	0.206618831454093
117	0.205438517854475
117	0.205068111908598
117	0.20693215339233
117	0.202502182135583
117	0.206106870229008
117	0.205569324974486
117	0.203824488585829
117	0.207144957365481
117	0.201838944090168
117	0.202333481022006
117	0.20429950277859
117	0.204512159390565
117	0.205491456112166
117	0.20564281559046
117	0.201669595782074
117	0.203692762186115
118	0.206405171147348
118	0.206942392909897
118	0.204360465116279
118	0.20481393975192
118	0.202973211657345
118	0.205821513002364
118	0.202954209748892
118	0.206446886446886
118	0.207063305978898
118	0.203309692671395
118	0.204072790294627
118	0.204505300353357
118	0.20842989571263
118	0.203744332309492
118	0.202722270489429
118	0.202181818181818
118	0.207133460020465
118	0.206577595066804
118	0.205869340805191
118	0.207519673564558
118	0.203904873752202
118	0.207291972949133
118	0.204548768041989
118	0.205064764954155
118	0.203127304912229
118	0.206676342525399
118	0.20201136860516
118	0.203785862170955
118	0.203711886875829
118	0.205895164803253
118	0.204980842911877
118	0.208981769675411
118	0.209267785533937
118	0.205942924389526
118	0.206179441473559
118	0.206013033175355
118	0.205072777057213
118	0.202148291809637
118	0.202775748721695
118	0.210308669325063
118	0.207317073170732
118	0.203779665983006
118	0.206537890044577
118	0.198532585239534
118	0.203865155478059
118	0.201470588235294
118	0.203744332309492
118	0.204018318806323
118	0.203236342042755
118	0.209309090909091
118	0.203906481207458
118	0.20732238849339
118	0.202809482001756
118	0.203960101235671
118	0.20622624963461
118	0.204906204906205
118	0.202186588921283
118	0.205989242622474
118	0.205938277022086
118	0.20788800240855
118	0.203554119547658
118	0.205371716871939
118	0.202984642132715
118	0.202288941736029
118	0.201532115497938
118	0.205521472392638
118	0.207118793027684
118	0.204225352112676
118	0.203387312435002
118	0.205925277291302
118	0.201203404754916
118	0.205822118197776
118	0.205273892773893
118	0.206146154977209
118	0.204762604733206
118	0.203442188879082
118	0.208001180986123
118	0.205843488474526
118	0.2064639905549
118	0.204665492957746
118	0.201206059714664
118	0.206096654275093
118	0.200996921272541
118	0.206689159454305
118	0.207413945278023
118	0.204654545454545
118	0.204838709677419
118	0.205731832139202
118	0.204199319828478
118	0.205942028985507
118	0.202965159377317
118	0.204609248042547
118	0.20592570754717
118	0.206926532386611
118	0.20360333968068
118	0.206342182890855
118	0.203250841997364
118	0.207558139534884
118	0.205629283943415
118	0.203569355774811
119	0.205873800523408
119	0.204410271289714
119	0.205359701920321
119	0.199735644000587
119	0.204704850964348
119	0.203495089543616
119	0.202839756592292
119	0.20038421752623
119	0.2033527696793
119	0.205481417706988
119	0.206206795116929
119	0.207803468208092
119	0.210726846424385
119	0.204160475482912
119	0.207016024252923
119	0.205382226822416
119	0.205049170703068
119	0.205493387589013
119	0.205184214358526
119	0.20373665480427
119	0.202276707530648
119	0.204126426690079
119	0.205691536419935
119	0.201055873295205
119	0.202014304481098
119	0.207349081364829
119	0.202247191011236
119	0.204562397495154
119	0.205765553757906
119	0.205600589535741
119	0.206288568909785
119	0.20516649245931
119	0.200119207271644
119	0.202850079976734
119	0.203465703971119
119	0.20312726219777
119	0.203801945181256
119	0.207704701918852
119	0.206233223978527
119	0.206330768113838
119	0.20480185131617
119	0.204033563962903
119	0.203974284044418
119	0.202451269935027
119	0.204393366307827
119	0.20662368112544
119	0.204834973943254
119	0.205639208739297
119	0.202080237741456
119	0.205390196949504
119	0.204572098475967
119	0.205286343612335
119	0.207435821776335
119	0.205503512880562
119	0.205063665975718
119	0.202327272727273
119	0.20802812774685
119	0.207460925980537
119	0.202816901408451
119	0.203890595290332
119	0.204433497536946
119	0.207306338028169
119	0.203966415749855
119	0.206520157182361
119	0.207743426755273
119	0.204313611192072
119	0.204436013424777
119	0.203264952325917
119	0.201312910284464
119	0.207116920842411
119	0.210387710314557
119	0.20344378526986
119	0.203851165484291
119	0.204405286343612
119	0.204810495626822
119	0.203849518810149
119	0.20152873732177
119	0.207486941381312
119	0.201710409908582
119	0.204069682330552
119	0.202902843601896
119	0.201622418879056
119	0.205228758169935
119	0.206802132872172
119	0.204018318806323
119	0.205692488262911
119	0.205284251150364
119	0.204084588644264
119	0.205822416302766
119	0.203665987780041
119	0.203660322108346
119	0.207234915055653
119	0.203951191167926
119	0.207801730459012
119	0.206330424493418
119	0.205052444969715
119	0.205794947994056
119	0.206815164478537
119	0.204296361245068
119	0.205259313367421
120	0.208036104236425
120	0.201549254603917
120	0.20900087387125
120	0.204803681863944
120	0.205176402544824
120	0.205873715124816
120	0.201732491557774
120	0.204275534441805
120	0.207583077148295
120	0.203330411919369
120	0.207431246342891
120	0.204111175448755
120	0.205985915492958
120	0.20293609671848
120	0.205962840270776
120	0.205968402574605
120	0.20478017114193
120	0.206323529411765
120	0.205461448598131
120	0.206339888464925
120	0.201026392961877
120	0.2027287557467
120	0.203414562965125
120	0.20722962095712
120	0.204696499778467
120	0.207106598984772
120	0.207786396181384
120	0.2052331530478
120	0.207561047366873
120	0.201045144433154
120	0.200933897563111
120	0.200410196308233
120	0.206620157340062
120	0.204505300353357
120	0.203621908127208
120	0.206260971328262
120	0.204608429342278
120	0.205687343450715
120	0.208132925229558
120	0.206709639613243
120	0.203350327749454
120	0.204950640931192
120	0.201664719626168
120	0.19804721655494
120	0.201808107319918
120	0.206800934033859
120	0.202734147760326
120	0.204901092412164
120	0.203086686859945
120	0.20789627039627
120	0.203922146859334
120	0.2087785157378
120	0.204745166959578
120	0.201487097244496
120	0.205747296696786
120	0.201754385964912
120	0.207694532831935
120	0.206851311953353
120	0.206266318537859
120	0.207859358841779
120	0.204867256637168
120	0.20364920541495
120	0.204458222615884
120	0.203887752119263
120	0.204977175673686
120	0.206906773380762
120	0.206981818181818
120	0.207253131371978
120	0.206452546296296
120	0.206536140144266
120	0.206228579943377
120	0.205959684487292
120	0.205105889178996
120	0.208745133273435
120	0.204113698043137
120	0.205422464495768
120	0.203494347379239
120	0.203960981377476
120	0.206268221574344
120	0.207017543859649
120	0.203147984701383
120	0.204914436156209
120	0.206638272874137
120	0.206561718405179
120	0.203624576396051
120	0.204381708572269
120	0.203131924951987
120	0.204342085961567
120	0.206239929690933
120	0.205710102489019
120	0.204919225731335
120	0.206052707790327
120	0.203183791606368
120	0.203260390659421
120	0.206057093174902
120	0.203311065930874
120	0.203421777584457
120	0.208437088032811
120	0.203548759376803
120	0.204572098475967
121	0.204869615329203
121	0.204102564102564
121	0.206302888824044
121	0.206190061028771
121	0.205064402810304
121	0.209874701670644
121	0.207724576884131
121	0.201297764960346
121	0.201970443349754
121	0.205809731299927
121	0.202293443104969
121	0.203252032520325
121	0.20383939038687
121	0.205064402810304
121	0.201133556169161
121	0.20413211115961
121	0.208733624454148
121	0.203647416413374
121	0.203320710748616
121	0.205053732210282
121	0.205195563339171
121	0.208002353633422
121	0.20695171611402
121	0.202487198244331
121	0.206035229569737
121	0.201343261790042
121	0.205113221329438
121	0.202391241717084
121	0.201456664238893
121	0.202020202020202
121	0.20520651541594
121	0.208562337286665
121	0.206002928257687
121	0.203159604311236
121	0.203228596137215
121	0.201595358955765
121	0.20484776825303
121	0.20630539009153
121	0.205728409421343
121	0.20505330801811
121	0.203286316707867
121	0.202655383717537
121	0.204641044234953
121	0.206612763499856
121	0.206707140792136
121	0.204381666186221
121	0.204686118479222
121	0.207022677395757
121	0.206234303442163
121	0.20186425866589
121	0.209494324045408
121	0.208206466579672
121	0.203896103896104
121	0.205946337926033
121	0.207697893972404
121	0.204226392788533
121	0.203862028301887
121	0.206761462565293
121	0.207655081390233
121	0.200353045013239
121	0.206911636045494
121	0.207112665792159
121	0.206344543985901
121	0.202201027146001
121	0.202886002886003
121	0.205485415759687
121	0.199347374666271
121	0.204279015240328
121	0.205856770078284
121	0.207299270072993
121	0.202212840296986
121	0.200143884892086
121	0.202708670690417
121	0.202754175212423
121	0.203493449781659
121	0.204265196576237
121	0.207352941176471
121	0.204486626402071
121	0.203090829566992
121	0.204808679079314
121	0.207929646743181
121	0.204908510020331
121	0.205023958182082
121	0.200537554128714
121	0.207728065078443
121	0.206776210556929
121	0.21034231609614
121	0.205847953216374
121	0.2062509214212
121	0.206677265500795
121	0.202762987480213
121	0.207446808510638
121	0.204407074514352
121	0.202690972222222
121	0.205621086355031
121	0.202526068438831
121	0.208522477668766
121	0.205169628432956
121	0.20444059976932
121	0.207508432321455
122	0.203451276102088
122	0.204356088291186
122	0.206851502395123
122	0.202661207778915
122	0.205666470933647
122	0.201268062518431
122	0.2064824193315
122	0.204135119394292
122	0.204796511627907
122	0.206175007316359
122	0.205022763988838
122	0.202425642506497
122	0.207473102646118
122	0.205873842592593
122	0.205652173913043
122	0.204004643064423
122	0.206617647058824
122	0.204650491045638
122	0.20218818380744
122	0.204249084249084
122	0.20554507185368
122	0.201024890190337
122	0.203159280386134
122	0.207311701659081
122	0.207588631702315
122	0.207171893147503
122	0.205686103858428
122	0.205823003747478
122	0.205139436414075
122	0.205882352941176
122	0.205399061032864
122	0.204743888242142
122	0.203757225433526
122	0.202700761384858
122	0.199623079153378
122	0.205921149054668
122	0.207916485428447
122	0.207618493748183
122	0.204437164979154
122	0.2040786598689
122	0.207974295311815
122	0.203304809678371
122	0.2
122	0.203538550057537
122	0.206062372486156
122	0.205195182121608
122	0.204548726068807
122	0.204950065132436
122	0.203333812329358
122	0.201473136915078
122	0.203634265935968
122	0.205254753955581
122	0.206216377764495
122	0.20685664689715
122	0.202024647887324
122	0.203380037555973
122	0.205037037037037
122	0.206075653570907
122	0.205507246376812
122	0.207580174927114
122	0.201082979657544
122	0.204578383077369
122	0.206253585771658
122	0.207006832388429
122	0.208120344676501
122	0.207261502278407
122	0.207345624817091
122	0.20153024397286
122	0.205686103858428
122	0.203628447024673
122	0.200660729675381
122	0.203177379390759
122	0.206082078535577
122	0.205336426914153
122	0.204552129221733
122	0.207456140350877
122	0.204425556858148
122	0.203582350371341
122	0.206283952429893
122	0.203655352480418
122	0.208370568960381
122	0.204682668237373
122	0.205146951308671
122	0.204518779342723
122	0.207033549146557
122	0.203109255793868
122	0.207396664249456
122	0.204208099149733
122	0.203289376203882
122	0.202386148697803
122	0.204009433962264
122	0.205410096918849
122	0.20647713950762
122	0.203674236944886
122	0.205345406747481
122	0.206317009562446
122	0.205329838357361
122	0.202896472612561
122	0.206535947712418
122	0.204191529617232
123	0.207974295311815
123	0.206369982547993
123	0.203690036900369
123	0.206281332940136
123	0.202272387501869
123	0.206018518518519
123	0.203695620544158
123	0.205686103858428
123	0.206665696405181
123	0.204173963806188
123	0.207067757009346
123	0.207605344295992
123	0.205041770482193
123	0.200904581266414
123	0.208675263774912
123	0.20800231113679
123	0.205515239477504
123	0.210242979775935
123	0.205366207396664
123	0.204343390176359
123	0.203875072296125
123	0.204922724670864
123	0.207151300236407
123	0.202047880011537
123	0.2046984672683
123	0.203568879371877
123	0.205086975588364
123	0.204868749083443
123	0.204622907097348
123	0.200644877619815
123	0.206018518518519
123	0.199913018266164
123	0.202720491443616
123	0.206594689232565
123	0.207737226277372
123	0.206425352522169
123	0.204525674499565
123	0.204102267802976
123	0.20687134502924
123	0.20580589254766
123	0.203882078225336
123	0.201870503597122
123	0.206757146982385
123	0.204817539304774
123	0.205840046029919
123	0.204847422981457
123	0.205980066445183
123	0.204555346003192
123	0.206978119455943
123	0.206096849474912
123	0.204598370197905
123	0.201711136890951
123	0.207771260997067
123	0.201614065427295
123	0.206891430268825
123	0.205572397863433
123	0.204878757078554
123	0.206565366972477
123	0.204060765410459
123	0.205495300072307
123	0.203550123672341
123	0.205996828600259
123	0.204445744369699
123	0.20600548578028
123	0.205652877962609
123	0.207358351729213
123	0.198610306890562
123	0.204756380510441
123	0.206739926739927
123	0.199280057595392
123	0.205459561492667
123	0.203654970760234
123	0.20591189553738
123	0.201984821949796
123	0.205187319884726
123	0.204641658152095
123	0.206126072802604
123	0.205547445255474
123	0.202482320681195
123	0.204840103716508
123	0.202005522453132
123	0.20031865585168
123	0.200954170883331
123	0.203829972435804
123	0.205933429811867
123	0.204506065857886
123	0.202185792349727
123	0.207258417140359
123	0.20040369088812
123	0.204866676380592
123	0.202533467683892
123	0.203434225844005
123	0.209374081692624
123	0.20919773683447
123	0.207132667617689
123	0.205068111908598
123	0.205652173913043
123	0.201672044587856
123	0.202618181818182
123	0.203497615262321
124	0.201718613457617
124	0.208423170907
124	0.209018181818182
124	0.206661839246923
124	0.207071438921895
124	0.20527817403709
124	0.201999710186929
124	0.20422943221321
124	0.204626588604884
124	0.205109489051095
124	0.202564849897989
124	0.204602081195955
124	0.201488182083455
124	0.206505954109788
124	0.207125342564546
124	0.204315088328989
124	0.203519399971152
124	0.205861018424489
124	0.203527030933796
124	0.204542145872762
124	0.207207207207207
124	0.204057971014493
124	0.203437546303156
124	0.204617604617605
124	0.199942296595499
124	0.206861164052192
124	0.205117022823085
124	0.204888043319186
124	0.203816131830009
124	0.207318851144482
124	0.202048280907096
124	0.204552044070745
124	0.201669785518929
124	0.205368740077933
124	0.206235697940503
124	0.201256963290958
124	0.206126914660832
124	0.205645161290323
124	0.207284108692559
124	0.204770215241419
124	0.198936323127785
124	0.209079004801397
124	0.205886596450729
124	0.209526592635885
124	0.204584775086505
124	0.205021520803443
124	0.208660273176402
124	0.204578594342374
124	0.20436394751854
124	0.207461594732992
124	0.204624277456647
124	0.207442133020803
124	0.202189781021898
124	0.202372236052131
124	0.201745600228931
124	0.20169394200402
124	0.204185438163058
124	0.20564281559046
124	0.203063457330416
124	0.205410821643287
124	0.203873447664104
124	0.203657644476957
124	0.205741626794258
124	0.205410096918849
124	0.203621845144731
124	0.207262164124909
124	0.208148041887821
124	0.20694162067964
124	0.202958919850618
124	0.20727592782749
124	0.205946337926033
124	0.208413001912046
124	0.205053732210282
124	0.204190751445087
124	0.207137654770575
124	0.208651026392962
124	0.20681686886193
124	0.204129107298633
124	0.203944485025566
124	0.204442495981295
124	0.203441738369549
124	0.202871229698376
124	0.20191609812745
124	0.20694162067964
124	0.201519801256759
124	0.206981460023175
124	0.205352032054951
124	0.202328966521106
124	0.208278676577758
124	0.206779661016949
124	0.206636053917938
124	0.20816806228882
124	0.207825713057188
124	0.205221174764322
124	0.20477279222635
124	0.20976387078082
124	0.202741702741703
124	0.203719723183391
124	0.208992384299941
124	0.206287121541359
125	0.203206239168111
125	0.203949264917844
125	0.204907447266466
125	0.204265196576237
125	0.203343812517862
125	0.203764908751257
125	0.208686750511846
125	0.203129486075223
125	0.206590257879656
125	0.204099307159353
125	0.204577765140745
125	0.205783554841536
125	0.205826656955572
125	0.204323061194684
125	0.202869149398638
125	0.203884892086331
125	0.202750665483585
125	0.207038727727875
125	0.205755395683453
125	0.207784606379865
125	0.203571947146798
125	0.203998840915677
125	0.202537119792417
125	0.204055032585083
125	0.204827984966753
125	0.201883460859329
125	0.207558055675754
125	0.20294882914137
125	0.205432451751251
125	0.202452238380382
125	0.205784043017003
125	0.208133623819898
125	0.206627393225331
125	0.204630969609262
125	0.20731351981352
125	0.205860589018795
125	0.203759506385421
125	0.206629672897196
125	0.205392085809538
125	0.202933985330073
125	0.203088914549654
125	0.201791131012567
125	0.202761000862813
125	0.203586800573888
125	0.200807847663012
125	0.208591610206141
125	0.205166051660517
125	0.206433929601847
125	0.200847210049664
125	0.207533343104206
125	0.2
125	0.201817657241777
125	0.204393366307827
125	0.201575262543757
125	0.201424501424501
125	0.201858844031368
125	0.205316091954023
125	0.205713465403388
125	0.205495300072307
125	0.205213133640553
125	0.207143902796077
125	0.203047172575447
125	0.203775760195994
125	0.204399766899767
125	0.205195182121608
125	0.205316091954023
125	0.20380979661988
125	0.206088323567243
125	0.203817120068366
125	0.205154338963308
125	0.205661467359908
125	0.206258073776374
125	0.200881057268722
125	0.201448225923244
125	0.202568171980955
125	0.204836415362731
125	0.203016241299304
125	0.209714950552647
125	0.205370101596517
125	0.205558772437753
125	0.200404273751083
125	0.205688020683712
125	0.204342824273799
125	0.202983328458614
125	0.208110065170167
125	0.202869149398638
125	0.205110007097232
125	0.20616010460555
125	0.203202328966521
125	0.203762205628949
125	0.201998262380539
125	0.205195563339171
125	0.202411714039621
125	0.204028776978417
125	0.206563984453721
125	0.207468281430219
125	0.20655311778291
125	0.20874981891931
125	0.206991586887148
125	0.207596029348295
126	0.207375271149675
126	0.204934687953556
126	0.202617198734541
126	0.205595220748944
126	0.205658480539997
126	0.204757128528442
126	0.206294211058178
126	0.207473102646118
126	0.203684897722327
126	0.208388133859418
126	0.203189520148085
126	0.202982481540466
126	0.202747650036153
126	0.205594002306805
126	0.206276090398733
126	0.206697459584296
126	0.204794916233391
126	0.200349701296809
126	0.204942910825264
126	0.203797651833599
126	0.208132925229558
126	0.203925530379564
126	0.204840355736988
126	0.202789076118536
126	0.203621845144731
126	0.203161252900232
126	0.199627400401261
126	0.205962840270776
126	0.204410271289714
126	0.205787309048179
126	0.208150744960561
126	0.205515239477504
126	0.201614065427295
126	0.207381370826011
126	0.205120869689601
126	0.202729885057471
126	0.205517042172155
126	0.206986519785476
126	0.206541922582488
126	0.202565930149679
126	0.206159110350727
126	0.201196070055532
126	0.206404657933042
126	0.204571759259259
126	0.205984892504358
126	0.208530805687204
126	0.203898916967509
126	0.201997943293668
126	0.206648438624262
126	0.206499856197872
126	0.204892533936652
126	0.204069934078533
126	0.205461448598131
126	0.205762514551804
126	0.200873362445415
126	0.205352032054951
126	0.205411696246727
126	0.204868749083443
126	0.205746462604678
126	0.206086956521739
126	0.206494830348041
126	0.20429950277859
126	0.205692488262911
126	0.206190061028771
126	0.208527357392317
126	0.206570076029264
126	0.204528959210335
126	0.208225108225108
126	0.205290396779758
126	0.209663250366032
126	0.200348685166352
126	0.205080098138259
126	0.208120344676501
126	0.205688965122927
126	0.20088901634643
126	0.201632891091996
126	0.207599359440967
126	0.207509025270758
126	0.204274852962272
126	0.205420210465619
126	0.202619081882285
126	0.208541238626358
126	0.203536006899526
126	0.202109216989309
126	0.205143022247905
126	0.20188207616527
126	0.20538142264205
126	0.201890034364261
126	0.204831476927528
126	0.206978119455943
126	0.202938609252255
126	0.207909442613555
126	0.206985769728331
126	0.203492567470053
126	0.207191532550384
126	0.205050065302569
126	0.205646921845437
126	0.207809110629067
126	0.206431986093003
126	0.203638497652582
127	0.202896472612561
127	0.204577968526466
127	0.205283672585535
127	0.206852064220183
127	0.205354558610709
127	0.203053652968037
127	0.202548139568554
127	0.203322447820531
127	0.202735432397777
127	0.2036469730124
127	0.203752181500873
127	0.208460532054078
127	0.203421240199572
127	0.204647135228749
127	0.207034031040866
127	0.200887743413517
127	0.205865188211263
127	0.203317737133135
127	0.205610221765311
127	0.206836867157075
127	0.204367949088805
127	0.207233065442021
127	0.204496011602611
127	0.204338394793926
127	0.207792207792208
127	0.205529020118686
127	0.203455168475157
127	0.205357142857143
127	0.205399228681617
127	0.208881816866773
127	0.203815113719736
127	0.202516996962245
127	0.207039633710116
127	0.203174149270804
127	0.203557595753837
127	0.204866676380592
127	0.207103186202865
127	0.204884469143024
127	0.202831551574689
127	0.204311966430328
127	0.204158244296852
127	0.202004066221319
127	0.204321075976535
127	0.207326007326007
127	0.203604127307077
127	0.206224006883694
127	0.204203765873595
127	0.207148067104303
127	0.204205069124424
127	0.206344669905687
127	0.207465277777778
127	0.200899332753119
127	0.202745210180154
127	0.207001743172574
127	0.205770912270475
127	0.205276055931959
127	0.205355843399796
127	0.205701754385965
127	0.203863898500577
127	0.206802132872172
127	0.201335462331253
127	0.203951191167926
127	0.209285402415951
127	0.202848511005611
127	0.206111271259729
127	0.202045288531775
127	0.206113412369661
127	0.205903322401255
127	0.205510580883397
127	0.205628948879954
127	0.204342824273799
127	0.201424211597152
127	0.208163858221964
127	0.206820520358665
127	0.205010077742586
127	0.202321959507292
127	0.206503137478608
127	0.205395996518712
127	0.204049396898334
127	0.205989773557341
127	0.201646684963166
127	0.203087037301701
127	0.205553965073003
127	0.202166064981949
127	0.203496703926627
127	0.204812291636469
127	0.200600514726909
127	0.203548907464438
127	0.206383593298671
127	0.202339688041594
127	0.202191235059761
127	0.205191059841384
127	0.204151265282912
127	0.202216465169833
127	0.203267045454545
127	0.20263497064299
127	0.204282407407407
127	0.20231716147719
127	0.203586800573888
127	0.204355350447072
128	0.205445901166979
128	0.20605538814751
128	0.206980752657282
128	0.202749638205499
128	0.205269868253294
128	0.208435649284992
128	0.205865188211263
128	0.207283321194465
128	0.2059377262853
128	0.205856515373353
128	0.202906811057281
128	0.203764908751257
128	0.201270289343684
128	0.202936473324611
128	0.208574739281576
128	0.204711966671455
128	0.201722900215363
128	0.203633720930233
128	0.204384826193567
128	0.203333333333333
128	0.202828104286346
128	0.20700591033588
128	0.205039596832253
128	0.202619081882285
128	0.204657727593507
128	0.201952059710062
128	0.203647852936952
128	0.205040580948313
128	0.206003698961445
128	0.206821480406386
128	0.202458423716558
128	0.208981001727116
128	0.203260242354299
128	0.204452852153667
128	0.206328751431844
128	0.205022114424312
128	0.208082545141874
128	0.202193678741521
128	0.203490049033747
128	0.204385839185897
128	0.205753504672897
128	0.208129143845489
128	0.204498676859747
128	0.205426928181684
128	0.209081764621354
128	0.202710580005829
128	0.207980479402899
128	0.201971871828331
128	0.202299519720565
128	0.200637404027235
128	0.200486896749248
128	0.206206206206206
128	0.202337999711358
128	0.203797651833599
128	0.208055636047522
128	0.204284071305348
128	0.20721634545718
128	0.203599712023038
128	0.205357142857143
128	0.204142857142857
128	0.203610832497492
128	0.204604316546763
128	0.207115079936627
128	0.204859114433583
128	0.206288568909785
128	0.202753623188406
128	0.205568972865464
128	0.20534056832786
128	0.203824424163407
128	0.204757128528442
128	0.205418577981651
128	0.209282088469906
128	0.205038590359691
128	0.204668374608597
128	0.203593682075062
128	0.202250432775534
128	0.206185567010309
128	0.203005346048259
128	0.206179613052267
128	0.203793496862521
128	0.206360627428407
128	0.203433847929592
128	0.202706593723006
128	0.20222793487575
128	0.203746732500726
128	0.202435088748716
128	0.204185438163058
128	0.206312436658462
128	0.202687084657613
128	0.204436711613745
128	0.205823579788752
128	0.206780651760924
128	0.205475504322767
128	0.204358493289075
128	0.20154705629566
128	0.202452196759597
128	0.204146271235243
128	0.200258027522936
128	0.205536431440046
128	0.204805491990847
129	0.207190564160864
129	0.204610538373425
129	0.20708446866485
129	0.208611191649754
129	0.209374081692624
129	0.206383283240303
129	0.20760108586941
129	0.199281092739037
129	0.203423967774421
129	0.20252257417228
129	0.206234665896955
129	0.203300715641887
129	0.204149258031984
129	0.20612332902113
129	0.203741299303944
129	0.203287197231834
129	0.207067035044351
129	0.202944118908103
129	0.204257180346989
129	0.206513906903012
129	0.202428571428571
129	0.201148600143575
129	0.202663578459757
129	0.203597944031982
129	0.204335260115607
129	0.206906558328497
129	0.205949985628054
129	0.203264952325917
129	0.20338248048569
129	0.20557896266163
129	0.205501152073733
129	0.204396231801313
129	0.203939745075319
129	0.205642274094229
129	0.202820587380052
129	0.204202043459491
129	0.204876641177319
129	0.206506162224133
129	0.20738923365565
129	0.203222528668892
129	0.206960756230306
129	0.208680655360736
129	0.201113331430203
129	0.206570076029264
129	0.207577067127629
129	0.203714451538015
129	0.203042043334768
129	0.205618473304898
129	0.208406050029087
129	0.206704728443859
129	0.202568171980955
129	0.203891830018601
129	0.204386839481555
129	0.206097037355088
129	0.205083514887436
129	0.204558568955568
129	0.201073552879733
129	0.204102122776822
129	0.206734198887145
129	0.202630437924556
129	0.205487282080594
129	0.203889130750254
129	0.202459250786388
129	0.205477487811873
129	0.202216465169833
129	0.207182715696094
129	0.204999281712398
129	0.203122741072719
129	0.208873523480265
129	0.204483007953724
129	0.206405191873589
129	0.20470242468773
129	0.202855103497502
129	0.2075363152596
129	0.200143575017947
129	0.20418098510882
129	0.206100217864924
129	0.20413733658957
129	0.203061813980358
129	0.203220191470844
129	0.208121088633387
129	0.207574443480775
129	0.207372615997723
129	0.205873842592593
129	0.207614942528736
129	0.205768956161645
129	0.208133623819898
129	0.205878156655728
129	0.205818181818182
129	0.20535586424173
129	0.201896824256359
129	0.204499567349293
129	0.206132143371239
129	0.204954630563157
129	0.206443224501589
129	0.205831157528285
129	0.205186339804449
129	0.205445544554455
129	0.204102122776822
129	0.204078722190531
130	0.209164498409945
130	0.201305149666619
130	0.205186989540049
130	0.204069934078533
130	0.200172811059908
130	0.207622298065984
130	0.205715943711011
130	0.203921007441328
130	0.202411714039621
130	0.206534422403734
130	0.20224559408755
130	0.204427083333333
130	0.203455168475157
130	0.200939903161492
130	0.200568990042674
130	0.205035971223022
130	0.205983889528193
130	0.203645684990031
130	0.20627417275462
130	0.205979588903263
130	0.200631005306181
130	0.203346203346203
130	0.204310344827586
130	0.205069780689262
130	0.207064905226881
130	0.203674465336587
130	0.205565915937455
130	0.207943589005612
130	0.20605371607219
130	0.205966724039013
130	0.204267425320057
130	0.208345365290211
130	0.206594982078853
130	0.207563386334336
130	0.20460723994849
130	0.206230170175945
130	0.20554272517321
130	0.209196058831929
130	0.20948275862069
130	0.206570722488734
130	0.202065108274774
130	0.200540079590677
130	0.201608271108558
130	0.202745210180154
130	0.202725968436155
130	0.200718907260963
130	0.20409331615858
130	0.205076434958177
130	0.205920205920206
130	0.204621421305043
130	0.205031810294968
130	0.207315330761537
130	0.203314121037464
130	0.205711038499787
130	0.207533554625487
130	0.201208981001727
130	0.205789170506912
130	0.205363545102538
130	0.204411128729999
130	0.201295896328294
130	0.204260832013819
130	0.209035444509006
130	0.207128542799885
130	0.201089293392576
130	0.206074368435992
130	0.205756013745704
130	0.205481397330304
130	0.203052995391705
130	0.203055833214337
130	0.205979116006294
130	0.204650491045638
130	0.201
130	0.20673769075727
130	0.205077010838562
130	0.204003407155026
130	0.203807070273365
130	0.204318214751485
130	0.20275111047428
130	0.204264392324094
130	0.206719085060758
130	0.203546201528038
130	0.202630437924556
130	0.205595408895265
130	0.206137235402756
130	0.20415770609319
130	0.20456185939079
130	0.206975088967972
130	0.207488299531981
130	0.211300086480254
130	0.199484092863285
130	0.205266903914591
130	0.204026270702456
130	0.20467169918815
130	0.205903322401255
130	0.205124514178782
130	0.205436337625179
130	0.205839838103498
130	0.204931109499637
130	0.204897840892624
130	0.206723171958052
131	0.203932261768083
131	0.205652173913043
131	0.200858369098712
131	0.203102348506814
131	0.201956271576525
131	0.203998310572997
131	0.204281258860221
131	0.204660587639311
131	0.206110094326341
131	0.203311735061195
131	0.208846990572879
131	0.207331042382589
131	0.206651506537806
131	0.204610951008646
131	0.205386720437851
131	0.205440229062276
131	0.204722182949244
131	0.200657894736842
131	0.204358901783187
131	0.204810600604926
131	0.207848837209302
131	0.204461494742825
131	0.20911181373958
131	0.20617816091954
131	0.20659847284253
131	0.20378331900258
131	0.206042382588774
131	0.202043132803632
131	0.203960682278115
131	0.203033338102733
131	0.203100554686389
131	0.205974842767296
131	0.208202343526722
131	0.203131672597865
131	0.204102122776822
131	0.205157758248091
131	0.20217883418223
131	0.206459054209919
131	0.207560940008758
131	0.205295138888889
131	0.202147195931629
131	0.201323931500935
131	0.206534254461716
131	0.20478837109876
131	0.206225680933852
131	0.205360941710396
131	0.206114539974164
131	0.200713266761769
131	0.20353982300885
131	0.204844878878028
131	0.205054566341183
131	0.20557441992077
131	0.206842255940452
131	0.203232916972814
131	0.204558404558405
131	0.205342960288809
131	0.204532415375789
131	0.205662546708824
131	0.206694321270205
131	0.204496634684233
131	0.204915690197199
131	0.205010077742586
131	0.201269658058
131	0.202677414711386
131	0.204327267516836
131	0.205967137503603
131	0.200826681870011
131	0.204096145640734
131	0.206335616438356
131	0.204538884070541
131	0.206028721740367
131	0.206267069138997
131	0.20380979661988
131	0.205216890041793
131	0.203796203796204
131	0.207093006694203
131	0.205794205794206
131	0.205477487811873
131	0.20545997440637
131	0.202606806661839
131	0.206383283240303
131	0.203490847169008
131	0.204617604617605
131	0.20782824594713
131	0.203663947330757
131	0.206697459584296
131	0.203428571428571
131	0.206941058367991
131	0.204975124378109
131	0.204313611192072
131	0.206876708387282
131	0.206876285630326
131	0.20604941777904
131	0.204271393287811
131	0.201673521486314
131	0.205459561492667
131	0.205106014712246
131	0.20106352400115
131	0.204324169530355
131	0.201349992819187
132	0.208624875053548
132	0.20501138952164
132	0.2056988942444
132	0.204296485986627
132	0.206960756230306
132	0.206214275245493
132	0.206921105098263
132	0.206410256410256
132	0.206337826211643
132	0.20578962453425
132	0.199743918053777
132	0.206693478885378
132	0.206629358588033
132	0.206552706552707
132	0.203457636805258
132	0.206349206349206
132	0.200906772456787
132	0.207468281430219
132	0.201760613374982
132	0.203176420088711
132	0.20523081320566
132	0.208067035932396
132	0.200369213291679
132	0.201633705932932
132	0.204862609696447
132	0.20563659538309
132	0.204688644688645
132	0.202971725331795
132	0.203586800573888
132	0.203006442376521
132	0.202290622763064
132	0.207434733257662
132	0.205481438515081
132	0.206625731829216
132	0.207059836418424
132	0.205557942988111
132	0.205983395362153
132	0.202129169623847
132	0.205442370708078
132	0.201371036846615
132	0.203314759251322
132	0.202014388489209
132	0.206856813598387
132	0.206999573196756
132	0.203907029801797
132	0.201734432755189
132	0.207101449275362
132	0.206460875807609
132	0.203735632183908
132	0.204700420716669
132	0.205400746911807
132	0.20832137733142
132	0.203010752688172
132	0.203161252900232
132	0.201866475233309
132	0.201720976160248
132	0.203044963005122
132	0.201475595913734
132	0.20299022426682
132	0.204029511918275
132	0.203786031837086
132	0.203441295546559
132	0.204090389016018
132	0.208694396302715
132	0.20319535221496
132	0.206600942991856
132	0.208014142604596
132	0.204387990762125
132	0.202677681241988
132	0.203553886160069
132	0.197277936962751
132	0.201349024110218
132	0.201634877384196
132	0.203087037301701
132	0.206012884753042
132	0.206578188113099
132	0.201727066817667
132	0.202567357878403
132	0.207557811618725
132	0.207310026004045
132	0.206459874786568
132	0.204328634486687
132	0.206476572574867
132	0.203461975028377
132	0.204396564274276
132	0.202708481824661
132	0.205549992847947
132	0.203560149296583
132	0.204746925936517
132	0.206763698630137
132	0.204706222029739
132	0.204004091772614
132	0.203857142857143
132	0.202494394618834
132	0.204752418895845
132	0.20228734810579
132	0.204634322954381
132	0.205044172128812
132	0.205764840182648
132	0.204116638078902
133	0.204218181818182
133	0.20347850678733
133	0.205325359532963
133	0.209459459459459
133	0.204937919223633
133	0.203756811012332
133	0.205701188941412
133	0.203918203918204
133	0.205865356833285
133	0.207396870554765
133	0.20673835125448
133	0.206517078748035
133	0.200919144047106
133	0.205307461834784
133	0.208016089642293
133	0.204535729567822
133	0.205161290322581
133	0.205383848454636
133	0.207725321888412
133	0.204590535562482
133	0.203740719588806
133	0.205708519532939
133	0.205958178172443
133	0.205227077977721
133	0.204419101924448
133	0.20304713085576
133	0.20542305508234
133	0.205946023957281
133	0.206167656001158
133	0.20114122681883
133	0.206690391459075
133	0.204736767013839
133	0.206433166547534
133	0.203640500568828
133	0.206692629453339
133	0.203495807872673
133	0.205753152897832
133	0.204506802721088
133	0.204393096562545
133	0.202921380495489
133	0.201184266177922
133	0.204128113879004
133	0.206774376417234
133	0.205215419501134
133	0.204922724670864
133	0.202070334656835
133	0.207108192977448
133	0.206985032074127
133	0.202321249462674
133	0.200995024875622
133	0.203805131161718
133	0.207244318181818
133	0.205237084217976
133	0.203142695356738
133	0.202107694528656
133	0.207077140835103
133	0.204489500362056
133	0.205442370708078
133	0.202614379084967
133	0.205471724721478
133	0.204880817253121
133	0.204002859185132
133	0.203171881697385
133	0.208016089642293
133	0.203515792482492
133	0.205013686788647
133	0.202933637140416
133	0.204290382156556
133	0.20445459737293
133	0.206113412369661
133	0.207463540177295
133	0.203933304831124
133	0.203788094559954
133	0.207698937087044
133	0.202367370222476
133	0.204480593607306
133	0.206690391459075
133	0.207975986277873
133	0.205041064854149
133	0.203315386795126
133	0.204084547272208
133	0.206358298725476
133	0.20298719772404
133	0.205738177623991
133	0.203249714937286
133	0.204186245194361
133	0.208890807078118
133	0.200626512886231
133	0.205233963874271
133	0.207373271889401
133	0.202982954545455
133	0.206683878370625
133	0.203706364028157
133	0.202107961828799
133	0.203987950078898
133	0.203780019894842
133	0.20631970260223
133	0.207915113277889
133	0.201047713436217
133	0.20362960845956
134	0.203195701357466
134	0.204467842914058
134	0.207875588529034
134	0.203732950466619
134	0.207458208315474
134	0.208141542002302
134	0.204259576901086
134	0.207443820224719
134	0.201201201201201
134	0.204649827784156
134	0.205414697034809
134	0.20458102148243
134	0.204496011602611
134	0.203912186884323
134	0.203722553439
134	0.204950495049505
134	0.208255963433795
134	0.20256013504009
134	0.201269658058
134	0.202578796561605
134	0.206344669905687
134	0.206670467502851
134	0.206881533101045
134	0.206230170175945
134	0.205248226950355
134	0.204928480385215
134	0.202517162471396
134	0.202837700883162
134	0.205463695183321
134	0.206783525723244
134	0.202712348322627
134	0.205718370264475
134	0.203879310344828
134	0.207797772065124
134	0.20569710850272
134	0.20014245014245
134	0.204192992533027
134	0.206637356403347
134	0.204131054131054
134	0.20176437108708
134	0.202024462252214
134	0.208285876993166
134	0.203619264747791
134	0.201578798985058
134	0.207769784172662
134	0.203898916967509
134	0.207745465015836
134	0.203131612357173
134	0.204740148486579
134	0.204496325118893
134	0.204906409529212
134	0.206292199396638
134	0.204923865091789
134	0.203589375448672
134	0.206655241359612
134	0.206085364135794
134	0.205298972057333
134	0.204886954079483
134	0.206093705087669
134	0.201459436256975
134	0.205712637045586
134	0.201180875576037
134	0.206643109540636
134	0.204509998581761
134	0.204752418895845
134	0.205571428571429
134	0.207666810779651
134	0.204487361545016
134	0.204253497002569
134	0.207106455266138
134	0.203714367981572
134	0.201873198847262
134	0.204565030146425
134	0.207470681916896
134	0.201816347124117
134	0.205273603629147
134	0.20410783055199
134	0.206232945569438
134	0.206344669905687
134	0.204792107117689
134	0.206303310683822
134	0.201170759565962
134	0.20631067961165
134	0.207216200798631
134	0.202416488983653
134	0.204826199367998
134	0.20100214745884
134	0.203370465581262
134	0.2038008793079
134	0.202292263610315
134	0.203425522953812
134	0.203406671398155
134	0.205835848785396
134	0.205865603644647
134	0.204949509315887
134	0.20531504500643
134	0.205434627969839
134	0.208892738559261
134	0.202544311034877
134	0.20655737704918
135	0.206828162629268
135	0.201778287681055
135	0.207294486394073
135	0.203060790704265
135	0.204276220745449
135	0.204321345707657
135	0.206906474820144
135	0.20545814479638
135	0.203760445682451
135	0.205582317937093
135	0.203973139339675
135	0.205849109918056
135	0.207054774878119
135	0.201817923590399
135	0.204058302372106
135	0.202635680884228
135	0.202360391479562
135	0.205681818181818
135	0.204069851349401
135	0.207150964812713
135	0.204715353651524
135	0.204046491605682
135	0.203645235361653
135	0.205314009661836
135	0.206740300198244
135	0.205986164054779
135	0.204450223956076
135	0.203914232263635
135	0.205575894114334
135	0.20656479909451
135	0.205360941710396
135	0.20743301642178
135	0.20295358649789
135	0.204406538734897
135	0.205485292027853
135	0.202925305310991
135	0.205212190259185
135	0.204386839481555
135	0.201833548202263
135	0.206437768240343
135	0.207590902506157
135	0.20541240823377
135	0.207168458781362
135	0.204688393367639
135	0.202814098919841
135	0.204805653710247
135	0.205882352941176
135	0.202579559792514
135	0.202375840847288
135	0.206630465847385
135	0.202664796633941
135	0.204227363610397
135	0.204058302372106
135	0.204857142857143
135	0.206611570247934
135	0.203625815808557
135	0.203561253561254
135	0.202181921224143
135	0.207517281105991
135	0.206163805235013
135	0.20375640295959
135	0.206353749284488
135	0.20270462633452
135	0.209096109839817
135	0.203742788799775
135	0.209442925003599
135	0.204084567812455
135	0.20646371374982
135	0.204984959174903
135	0.203502330179353
135	0.204067121729238
135	0.206466250709019
135	0.203095886484162
135	0.20544625035643
135	0.201238390092879
135	0.204473759678807
135	0.205095176756834
135	0.207686832740214
135	0.203207038456081
135	0.201863799283154
135	0.205516265912306
135	0.204604316546763
135	0.205113716626642
135	0.206083976006855
135	0.209
135	0.204007285974499
135	0.203111618612618
135	0.206444254348446
135	0.204002859185132
135	0.202338514187937
135	0.202144167019326
135	0.20662347012239
135	0.207768099385977
135	0.205311250713878
135	0.204755802363662
135	0.203466894003978
135	0.202030311695739
135	0.204476534296029
135	0.203827072997874
135	0.20479704797048
136	0.203976541267344
136	0.202492211838006
136	0.202915118605316
136	0.206460875807609
136	0.205526278307933
136	0.201932641750746
136	0.204988090233992
136	0.204002859185132
136	0.205317787572871
136	0.202314616373768
136	0.205025125628141
136	0.208333333333333
136	0.204989786985702
136	0.204776710005653
136	0.205735482950492
136	0.203286584502054
136	0.207268597387848
136	0.206866829478523
136	0.206173888416879
136	0.20584085778781
136	0.202120040108867
136	0.203903946074989
136	0.203941730934019
136	0.204834605597964
136	0.206201771934839
136	0.204150783566285
136	0.203693100486688
136	0.206537460225629
136	0.204612989953304
136	0.205252640593777
136	0.202240816905403
136	0.202710413694722
136	0.207560730199799
136	0.203997144896503
136	0.205790519443656
136	0.203286584502054
136	0.205990392766318
136	0.205689900426743
136	0.206236711552091
136	0.204127474378773
136	0.206068449813057
136	0.204852138960666
136	0.204774761972431
136	0.205580865603645
136	0.206656236666193
136	0.201727066817667
136	0.205632606849703
136	0.205135480209959
136	0.205971006171953
136	0.203165098374679
136	0.205711862010462
136	0.205084261639532
136	0.206617540817801
136	0.206896551724138
136	0.206451612903226
136	0.204879440719075
136	0.202142857142857
136	0.205641748942172
136	0.207477168949772
136	0.206852612204446
136	0.20582826425237
136	0.203013932328689
136	0.205080896962816
136	0.205081157374735
136	0.20288013553579
136	0.20819209039548
136	0.207016024252923
136	0.203182722364308
136	0.202809230328221
136	0.206423316355405
136	0.206532735944501
136	0.206160802599972
136	0.205283672585535
136	0.205568053993251
136	0.202725724020443
136	0.207758988205201
136	0.203693100486688
136	0.206534090909091
136	0.203151618398637
136	0.2038766270515
136	0.206532591641706
136	0.206956270746139
136	0.206178262717869
136	0.205027383794411
136	0.20282614901513
136	0.20467590648187
136	0.202894438138479
136	0.203462584060667
136	0.203445800430725
136	0.205890763511581
136	0.209391949757351
136	0.205522795915432
136	0.20562616021705
136	0.206038820992092
136	0.202759785975781
136	0.204356549154486
136	0.203928773318259
136	0.204304120062296
136	0.209017574186114
136	0.207827069793727
137	0.206272958462843
137	0.205654420206659
137	0.20744304513938
137	0.202927383828336
137	0.204152249134948
137	0.205442752397067
137	0.207023506088927
137	0.206670467502851
137	0.205656623081296
137	0.200800343004145
137	0.203991446899501
137	0.203095886484162
137	0.206581352833638
137	0.205182368680468
137	0.203763973397481
137	0.20652634552903
137	0.204728868752655
137	0.204845183486239
137	0.205473563547786
137	0.204916867983516
137	0.203450754852624
137	0.20406410990269
137	0.204428571428571
137	0.203060203060203
137	0.208730847065626
137	0.203563791874555
137	0.207805015497323
137	0.200682690940122
137	0.205949331056077
137	0.203368060510918
137	0.204510218463707
137	0.205357142857143
137	0.203650474274217
137	0.20741894379159
137	0.204992867332382
137	0.203974449964514
137	0.204639248612495
137	0.204243648960739
137	0.203440432186523
137	0.205135440180587
137	0.205728058981993
137	0.202157864849517
137	0.202611565504377
137	0.203962371721779
137	0.202750602580462
137	0.203488372093023
137	0.205318404478656
137	0.20652634552903
137	0.202693125442948
137	0.205135480209959
137	0.205208481571083
137	0.203817120068366
137	0.204464666571875
137	0.203740157480315
137	0.204985754985755
137	0.205799151343706
137	0.200824332006822
137	0.204526286196233
137	0.20440566442569
137	0.203065134099617
137	0.200084721829992
137	0.204398082886947
137	0.20507010338479
137	0.203837953091684
137	0.203228596137215
137	0.204307169169736
137	0.206247325631151
137	0.203513703443429
137	0.204107648725212
137	0.207474226804124
137	0.205219117855623
137	0.204879440719075
137	0.204916867983516
137	0.205736191963652
137	0.205620877545168
137	0.204539047082041
137	0.20813193062269
137	0.20244179443498
137	0.207721117833477
137	0.201254275940707
137	0.206624605678233
137	0.205349561279366
137	0.205844800680948
137	0.203197962360266
137	0.204815823419808
137	0.205171923842001
137	0.204130711557505
137	0.205606146841207
137	0.204075895994378
137	0.204207573632539
137	0.205266903914591
137	0.205004264998578
137	0.20511733107153
137	0.202264908256881
137	0.204373302844076
137	0.202752553916005
137	0.206167904054826
137	0.202091577162239
137	0.206272273699216
137	0.206184118060436
138	0.205649717514124
138	0.205790519443656
138	0.201709401709402
138	0.202982954545455
138	0.204084507042254
138	0.206085364135794
138	0.201970443349754
138	0.204983809657891
138	0.205553965073003
138	0.205485415759687
138	0.206257892521398
138	0.201602699283003
138	0.205712637045586
138	0.20524756665256
138	0.206814022244122
138	0.205215419501134
138	0.206003114823729
138	0.205303558967202
138	0.202090592334495
138	0.20502454519203
138	0.204148316522233
138	0.204246284501062
138	0.206078682005397
138	0.203763516360062
138	0.203930504129878
138	0.206546275395034
138	0.202729319077096
138	0.204626082020718
138	0.201636799774235
138	0.202569169960474
138	0.205940875497442
138	0.206008583690987
138	0.204975968334747
138	0.202929465301479
138	0.202989323843416
138	0.203788094559954
138	0.202884066247858
138	0.204151265282912
138	0.20257644394111
138	0.20225988700565
138	0.205514137009425
138	0.204299544419134
138	0.203401743041889
138	0.204438753734528
138	0.204208445134868
138	0.207401153792036
138	0.202927383828336
138	0.207029575653665
138	0.203247400655177
138	0.207049720590342
138	0.206576125804146
138	0.203862660944206
138	0.202820111095286
138	0.202733485193622
138	0.206837849340332
138	0.205160924429321
138	0.20176668536175
138	0.202708481824661
138	0.201951633432329
138	0.202438332860788
138	0.206178262717869
138	0.202838892831796
138	0.202350243622815
138	0.203232607167955
138	0.205164187482459
138	0.203585147247119
138	0.206036559444523
138	0.207379862700229
138	0.202752553916005
138	0.202072538860104
138	0.206570783981952
138	0.204744422479526
138	0.203941730934019
138	0.205810088163029
138	0.202800169707255
138	0.205527994330262
138	0.205907292255512
138	0.205840455840456
138	0.20291702067403
138	0.206398204012909
138	0.206258890469417
138	0.207096409386486
138	0.205425261373269
138	0.205681818181818
138	0.205088339222615
138	0.208219178082192
138	0.204231311706629
138	0.204843304843305
138	0.206233988044406
138	0.20440566442569
138	0.204814189189189
138	0.202570984602345
138	0.203063518830804
138	0.199716914366596
138	0.205402363534046
138	0.206189937817976
138	0.206681766704417
138	0.203428571428571
138	0.207679132172424
138	0.203497391059089
139	0.203244005641749
139	0.204415954415954
139	0.203360620422232
139	0.202017332007387
139	0.202130641996075
139	0.206489255727907
139	0.20404153802975
139	0.206789250353607
139	0.203687943262411
139	0.207337644082092
139	0.20270462633452
139	0.203335201793722
139	0.205840657782818
139	0.205088557773405
139	0.206288234457249
139	0.208315595288775
139	0.206056338028169
139	0.20336110718825
139	0.204571428571429
139	0.204612989953304
139	0.205019740552735
139	0.203411333521286
139	0.200884576972464
139	0.208137715179969
139	0.206877034102165
139	0.204600312366889
139	0.204920364050057
139	0.20532694475761
139	0.205619412515964
139	0.203385009244773
139	0.202504625017789
139	0.20653557787523
139	0.20621030345801
139	0.203151618398637
139	0.20468331217379
139	0.200856531049251
139	0.201810210719842
139	0.203732285674197
139	0.205019740552735
139	0.201464170068985
139	0.206975414522584
139	0.202499648925713
139	0.205475545415657
139	0.206608054452638
139	0.204182563233008
139	0.203453237410072
139	0.205561766349916
139	0.202990548737481
139	0.202475811041548
139	0.205051369863014
139	0.204166072192895
139	0.202338514187937
139	0.203497391059089
139	0.202129169623847
139	0.203024682551006
139	0.203672075149445
139	0.209159651876159
139	0.205944798301486
139	0.205298951544347
139	0.204872488958541
139	0.204014336917563
139	0.203142695356738
139	0.203787450537027
139	0.203010692177828
139	0.203098351335986
139	0.203698435277383
139	0.202023040179826
139	0.206925915413
139	0.201080773606371
139	0.200902298040321
139	0.207318809625516
139	0.206045125585355
139	0.206842703009654
139	0.204851752021563
139	0.202687411598303
139	0.205332216638749
139	0.204532577903683
139	0.203982177666388
139	0.208619963498526
139	0.205066515709029
139	0.206063206063206
139	0.203418803418803
139	0.202270815811606
139	0.201827125790583
139	0.201281138790036
139	0.205055783081486
139	0.200588317691553
139	0.206257892521398
139	0.202205882352941
139	0.200511581639903
139	0.206182643221781
139	0.204478656403079
139	0.205164385494568
139	0.20360970107163
139	0.205222300635145
139	0.205282802182027
139	0.202747174130777
139	0.202399435426958
139	0.205466012613875
139	0.203480213303396
140	0.202313769751693
140	0.204136563252585
140	0.207541779745751
140	0.201805105062756
140	0.205786413274713
140	0.206104692625874
140	0.206033743208464
140	0.204855195911414
140	0.203494926719278
140	0.20704845814978
140	0.20422434708149
140	0.204904171364149
140	0.204967170996289
140	0.203790793786518
140	0.205728058981993
140	0.201630201630202
140	0.204413637006649
140	0.206331099386853
140	0.205734044085867
140	0.202347285067873
140	0.206871970345024
140	0.202698863636364
140	0.205077574047955
140	0.205059732958538
140	0.206092677345538
140	0.204216444132115
140	0.203727234222787
140	0.205015585151601
140	0.201873935264055
140	0.206208737182189
140	0.206120996441281
140	0.204239191465469
140	0.205314009661836
140	0.205203938115331
140	0.202359219210785
140	0.202020202020202
140	0.204420667323666
140	0.206442577030812
140	0.204849851966728
140	0.20621954714818
140	0.202886247877759
140	0.203937119388189
140	0.203210815378116
140	0.203574975173784
140	0.204798628963153
140	0.205743677668238
140	0.20597439544808
140	0.203015917341525
140	0.204110559886605
140	0.203107183580388
140	0.204272174282077
140	0.20392322890206
140	0.205936395759717
140	0.204993616115761
140	0.206378718535469
140	0.202504925415142
140	0.206281833616299
140	0.205591640779441
140	0.208138380830852
140	0.205807724837891
140	0.203828828828829
140	0.205773606370876
140	0.204875299422291
140	0.203824362606232
140	0.204621848739496
140	0.204519932622122
140	0.203827072997874
140	0.204967170996289
140	0.203664848230522
140	0.201151847169546
140	0.205142939232869
140	0.200589556428972
140	0.207922187764308
140	0.205338229063692
140	0.202049985959
140	0.20411036036036
140	0.202279202279202
140	0.203804347826087
140	0.200615126520341
140	0.203572441168132
140	0.201617401003904
140	0.205153617443013
140	0.202609793742107
140	0.202704606282575
140	0.206415420023015
140	0.20660686316389
140	0.204186245194361
140	0.205251270468662
140	0.20492264416315
140	0.201646090534979
140	0.202986336103677
140	0.205222300635145
140	0.20678445229682
140	0.20198440822112
140	0.20422335600907
140	0.203202493977611
140	0.205164385494568
140	0.20113475177305
140	0.206135321100917
140	0.206166783461808
141	0.206211527700056
141	0.206702337369755
141	0.204444444444444
141	0.206650831353919
141	0.199887624666386
141	0.202082746974388
141	0.205243868057513
141	0.200659309158664
141	0.204685044993572
141	0.206119847003825
141	0.203983613504732
141	0.20341354224958
141	0.204877357152985
141	0.203561253561254
141	0.202761121182541
141	0.206112295664534
141	0.205580453954026
141	0.203960396039604
141	0.205907054871221
141	0.203580053984941
141	0.201465201465201
141	0.201807654286118
141	0.207019039499858
141	0.204968062455642
141	0.206823329558324
141	0.203428247627143
141	0.205073696145125
141	0.202873808507611
141	0.206201771934839
141	0.203107344632768
141	0.202835485682201
141	0.205998310335117
141	0.206141597952801
141	0.206588101661224
141	0.205903121028103
141	0.206466250709019
141	0.206223479490806
141	0.206203087381391
141	0.204440073064493
141	0.205092136728091
141	0.200619020821609
141	0.204433149795284
141	0.203500782695318
141	0.205164187482459
141	0.203776775648253
141	0.205444849845636
141	0.204765241765943
141	0.203786816269285
141	0.203672316384181
141	0.204665807929011
141	0.203883495145631
141	0.205704650836026
141	0.205287929125138
141	0.205139125496877
141	0.200765631646108
141	0.205961674946771
141	0.203777335984095
141	0.204486626402071
141	0.203001132502831
141	0.203513281919452
141	0.202925305310991
141	0.202162010388881
141	0.205058588168048
141	0.206028017546342
141	0.20711652962858
141	0.207795889440113
141	0.205329593267882
141	0.203452703666714
141	0.204044375789917
141	0.203421506612996
141	0.202136631993253
141	0.20172829012608
141	0.202849485117788
141	0.203149163503444
141	0.204769968952865
141	0.203498293515358
141	0.202937820878494
141	0.205404648557827
141	0.203432751828925
141	0.203675129751718
141	0.204285714285714
141	0.201908236284552
141	0.20621348154482
141	0.205001412828483
141	0.203358992302309
141	0.203209295891548
141	0.205171444631816
141	0.206128528869343
141	0.204538966600057
141	0.202044245309437
141	0.204856699138783
141	0.20385989992852
141	0.204996431120628
141	0.205386250885897
141	0.205348205348205
141	0.204417557681486
141	0.202397944618898
141	0.201583262651965
141	0.208279800142755
141	0.208967971530249
142	0.206568097810634
142	0.203880724782423
142	0.207114735658043
142	0.205448672939194
142	0.205769504050021
142	0.205349561279366
142	0.205344585091421
142	0.206267409470752
142	0.203318335208099
142	0.206871970345024
142	0.20362563237774
142	0.204304120062296
142	0.20697012802276
142	0.205865843390401
142	0.202994773273061
142	0.207205924238109
142	0.205092136728091
142	0.203258884674814
142	0.201696113074205
142	0.204264392324094
142	0.203569910752231
142	0.202855527283008
142	0.202857142857143
142	0.205857504928189
142	0.204853273137698
142	0.205214465937763
142	0.204539086578874
142	0.19983265932227
142	0.204232353358898
142	0.203918824352694
142	0.201040348657388
142	0.205243868057513
142	0.202447163515017
142	0.206940691224577
142	0.205099309761938
142	0.208721847654569
142	0.204503349009548
142	0.202604312517502
142	0.202337369754999
142	0.205160566540457
142	0.205063645265072
142	0.20675944333996
142	0.201598205523623
142	0.203939909297052
142	0.204342273307791
142	0.205752527409939
142	0.206201550387597
142	0.206355992589426
142	0.205886475122635
142	0.202721859937624
142	0.204953998584572
142	0.203291246985388
142	0.203575953822329
142	0.205328497698424
142	0.20429803478015
142	0.205487044478315
142	0.207348333808032
142	0.202215279750071
142	0.206308970567526
142	0.20744831492495
142	0.205248894594209
142	0.206814690685658
142	0.204905395935529
142	0.207118834080717
142	0.20369598443796
142	0.200840925017519
142	0.202151755379388
142	0.20557880055788
142	0.203648705982181
142	0.205066854327938
142	0.207060801344915
142	0.205861730472584
142	0.207061471374314
142	0.201354592916608
142	0.207683583782251
142	0.204472396925227
142	0.203406393969007
142	0.206466965285554
142	0.205510261456283
142	0.205186662866914
142	0.206658202849485
142	0.20149992924862
142	0.201425775789768
142	0.203636868406441
142	0.203413739596558
142	0.20486012998022
142	0.20542305508234
142	0.205961674946771
142	0.202554744525547
142	0.204767986377182
142	0.209111488398415
142	0.20611329220415
142	0.207344632768362
142	0.205820031077836
142	0.205521904493591
142	0.20581215779868
142	0.206097218319753
142	0.204510218463707
142	0.201973867111482
142	0.205760730072722
143	0.201409443269908
143	0.2054698457223
143	0.204968062455642
143	0.201127554615927
143	0.203010692177828
143	0.207366793195557
143	0.205729532369049
143	0.20481245576787
143	0.206872171945701
143	0.204758572428272
143	0.203794799718904
143	0.205365922180081
143	0.203133743704533
143	0.205160744500846
143	0.205915492957746
143	0.205586275343825
143	0.20228361996053
143	0.204827780914737
143	0.20272548468671
143	0.201683029453015
143	0.206838089855891
143	0.20766590389016
143	0.203238176395398
143	0.202112871837642
143	0.204006772009029
143	0.205882352941176
143	0.204848313013893
143	0.206304531381931
143	0.202115655853315
143	0.206799662826637
143	0.20482097547223
143	0.206760005656908
143	0.202357284862255
143	0.199329983249581
143	0.202818104184458
143	0.202725724020443
143	0.202809848379469
143	0.205013303458899
143	0.205413788241929
143	0.205985176898336
143	0.20611870858593
143	0.207106455266138
143	0.206028017546342
143	0.197300681786559
143	0.205898955687271
143	0.203096410978184
143	0.2023170387115
143	0.205371024734982
143	0.205828523159229
143	0.204434527959838
143	0.204010583484194
143	0.203019187358916
143	0.203703703703704
143	0.207509881422925
143	0.204570637119114
143	0.204854777606286
143	0.202135231316726
143	0.206511108006148
143	0.205704650836026
143	0.205699774266366
143	0.20410746940498
143	0.206580062129342
143	0.206975088967972
143	0.204314544189283
143	0.205296127562642
143	0.203822544642857
143	0.205251270468662
143	0.204689927955926
143	0.202908883502068
143	0.204349668125971
143	0.204423022398639
143	0.204299544419134
143	0.203288914091296
143	0.205221785513756
143	0.206153846153846
143	0.201009959321083
143	0.202593418851088
143	0.203841300995374
143	0.201904228507421
143	0.203748062561646
143	0.202947368421053
143	0.205422023476803
143	0.204516762519287
143	0.204999301773495
143	0.201432785503582
143	0.204757268048407
143	0.205380017079419
143	0.20526167698368
143	0.207344317229824
143	0.205185391692222
143	0.203482656930206
143	0.206421366671402
143	0.20293154973673
143	0.202251935256861
143	0.203737024221453
143	0.204564666103128
143	0.20673618940248
143	0.200338361765121
143	0.204906409529212
143	0.204927211646137
144	0.206605762473647
144	0.204261881396327
144	0.202424584155624
144	0.205753772387534
144	0.204101699676921
144	0.204325554923164
144	0.202767579779723
144	0.20389720417961
144	0.201651273439687
144	0.20708064062939
144	0.204380580357143
144	0.200453643322937
144	0.205435088707406
144	0.207042253521127
144	0.201538461538462
144	0.202988440936002
144	0.20353485762379
144	0.206049673928125
144	0.207216200798631
144	0.203972390477532
144	0.206935598018401
144	0.206145251396648
144	0.204936530324401
144	0.203043539523742
144	0.206514109223642
144	0.202798171491896
144	0.207107320540156
144	0.204971531731704
144	0.202478763403426
144	0.203490788197811
144	0.205712677641762
144	0.203872597165708
144	0.204052713617685
144	0.204319169821904
144	0.206619718309859
144	0.204858644693849
144	0.203536067892504
144	0.204190690479539
144	0.201997467998312
144	0.205546951992116
144	0.206823628929931
144	0.202886366820793
144	0.205128205128205
144	0.205781828538878
144	0.204050279329609
144	0.203468046427073
144	0.204194260485651
144	0.206143440890517
144	0.203299027209925
144	0.204467842914058
144	0.205339670114621
144	0.205465873690173
144	0.20422633115529
144	0.205250596658711
144	0.204745289602233
144	0.202076901487511
144	0.202476431687069
144	0.205221785513756
144	0.206896551724138
144	0.201546029515109
144	0.204618614415675
144	0.205290558604193
144	0.203564860659216
144	0.202729319077096
144	0.203558419725413
144	0.204211418880724
144	0.203063518830804
144	0.204936530324401
144	0.206139115742044
144	0.20519298245614
144	0.206993399803398
144	0.205803634314692
144	0.204936530324401
144	0.203878038499368
144	0.207549817569464
144	0.20337329244494
144	0.20563223198104
144	0.211311638482308
144	0.202430846605197
144	0.20578231292517
144	0.205986164054779
144	0.203555928881422
144	0.204685746352413
144	0.205078396003885
144	0.201407459535538
144	0.203415717856151
144	0.203296703296703
144	0.203970362085838
144	0.201843971631206
144	0.20377094972067
144	0.20443143812709
144	0.20613167561458
144	0.202778557395453
144	0.204529469686313
144	0.207967110859087
144	0.202935365509455
144	0.202223473121306
144	0.206150821513832
144	0.203342227215279
144	0.202025886325267
145	0.208561403508772
145	0.204426899760327
145	0.202521008403361
145	0.2026913372582
145	0.203224437844718
145	0.208015805814282
145	0.204347826086957
145	0.207703081232493
145	0.203745423824275
145	0.199915349887133
145	0.204687283317154
145	0.205610098176718
145	0.204609331084879
145	0.204977628635347
145	0.203898471462628
145	0.201958041958042
145	0.204073092481518
145	0.204741075208128
145	0.205721497686159
145	0.206184118060436
145	0.204999301773495
145	0.20551762574892
145	0.201947148817803
145	0.201878592457591
145	0.2069494836729
145	0.204335664335664
145	0.205120950629509
145	0.20653245107701
145	0.200779184638931
145	0.206030855539972
145	0.203816254416961
145	0.204529568013421
145	0.203120567375887
145	0.204924874791319
145	0.203107502799552
145	0.207051552184296
145	0.203122802081868
145	0.204308645451985
145	0.204032712915962
145	0.199748743718593
145	0.206703910614525
145	0.203662286832541
145	0.202302400673873
145	0.206468012992515
145	0.202610748507152
145	0.205596962452538
145	0.203901206848162
145	0.204953998584572
145	0.20423221495197
145	0.204273864754675
145	0.209682039530221
145	0.203107344632768
145	0.202522775052558
145	0.206769055745165
145	0.202862303737668
145	0.203074772886094
145	0.201842546063652
145	0.20174697097774
145	0.205841055883179
145	0.204961020552799
145	0.202492648088503
145	0.204164907837343
145	0.203600334914876
145	0.20338266384778
145	0.20185646993627
145	0.203113941967445
145	0.201525208303912
145	0.206549118387909
145	0.204883525119282
145	0.201235781491364
145	0.20470321575294
145	0.203048524681863
145	0.205610138117614
145	0.203750349846068
145	0.207091397089984
145	0.206544539225283
145	0.207472403056892
145	0.202264685067233
145	0.201552536734128
145	0.204906409529212
145	0.207134799774394
145	0.202773925104022
145	0.204554981137348
145	0.202804135391588
145	0.205689583042811
145	0.203527435610302
145	0.206322562596167
145	0.204198740377887
145	0.204311680991968
145	0.204152731326644
145	0.206906193205648
145	0.205611390284757
145	0.204637519206593
145	0.20611646418098
145	0.20676478913105
145	0.202668890742285
145	0.205548549810845
145	0.20355229771638
145	0.203708946772367
145	0.202261306532663
146	0.206080134491454
146	0.20449754040759
146	0.203682878830475
146	0.206896551724138
146	0.204087346024636
146	0.205907054871221
146	0.203921568627451
146	0.205185704274702
146	0.201674709054783
146	0.204133277098271
146	0.200450133633422
146	0.201611782687231
146	0.204222378606615
146	0.20456135441444
146	0.202424073558094
146	0.204666854090526
146	0.205663816066171
146	0.206271091113611
146	0.202329170759085
146	0.208298407376362
146	0.204714466114775
146	0.204113038612199
146	0.203884871685807
146	0.204660303200449
146	0.204053109713487
146	0.207170185631288
146	0.20480581167924
146	0.203978705519753
146	0.203021318650289
146	0.205494813568825
146	0.204358901783187
146	0.203302084790821
146	0.205181780192227
146	0.206221846846847
146	0.205207600281492
146	0.205673758865248
146	0.206071628427532
146	0.204127161182376
146	0.205002794857462
146	0.206039325842697
146	0.206031567080045
146	0.204490549950263
146	0.204599303135889
146	0.206537052690899
146	0.203509765072177
146	0.204356992269852
146	0.202648083623693
146	0.206373718938649
146	0.206485120718697
146	0.204943071369064
146	0.203007518796992
146	0.207363520947948
146	0.203665139525198
146	0.204398991314094
146	0.205644034646549
146	0.205512367491166
146	0.205319448353504
146	0.207077140835103
146	0.204471944874139
146	0.205741626794258
146	0.201534170153417
146	0.205218123158928
146	0.206944833380006
146	0.2013005371784
146	0.203541056740555
146	0.205182970240638
146	0.20605126768455
146	0.20511030438425
146	0.205288598237134
146	0.202189578713969
146	0.205898955687271
146	0.204317548746518
146	0.20107012109265
146	0.203981494462358
146	0.204564666103128
146	0.200254022015241
146	0.204883525119282
146	0.203894297635605
146	0.202843468468468
146	0.203044963005122
146	0.204605722260991
146	0.204789085340387
146	0.203140197304432
146	0.202344404130617
146	0.204007285974499
146	0.20605126768455
146	0.204500978473581
146	0.200564174894217
146	0.203477773103352
146	0.202034276159955
146	0.20492264416315
146	0.204967210827403
146	0.202971684889263
146	0.203484320557491
146	0.206429780033841
146	0.206583427922815
146	0.20377094972067
146	0.207169654022509
146	0.206882081409987
146	0.202914798206278
147	0.206523267257135
147	0.202412680600365
147	0.202729319077096
147	0.204472843450479
147	0.205763043782347
147	0.207509881422925
147	0.204619526711067
147	0.203898471462628
147	0.205171208944794
147	0.206743443874011
147	0.206006768189509
147	0.207113849600896
147	0.204016620498615
147	0.205715863592434
147	0.20673618940248
147	0.204352071418608
147	0.204501250347319
147	0.207711792851112
147	0.201018531616919
147	0.206564245810056
147	0.204577365908453
147	0.206382679600731
147	0.20419441689103
147	0.207303370786517
147	0.203488372093023
147	0.199887624666386
147	0.207061471374314
147	0.202847968728187
147	0.204807558705016
147	0.206244749369924
147	0.199045480067378
147	0.208467234874948
147	0.206500420285794
147	0.2039510294936
147	0.205610098176718
147	0.204729918835712
147	0.202075445239097
147	0.207597050229581
147	0.206195546950629
147	0.206214689265537
147	0.205418237676302
147	0.20763723150358
147	0.204404291360813
147	0.203309029725182
147	0.203249754867629
147	0.20229434806939
147	0.206978037253267
147	0.203221288515406
147	0.204999301773495
147	0.203600334914876
147	0.203430338816252
147	0.204583566238122
147	0.204398991314094
147	0.203862068965517
147	0.205406911928651
147	0.204144068975108
147	0.202996890019791
147	0.2060546875
147	0.20741894379159
147	0.205377252252252
147	0.205801104972376
147	0.204474653072784
147	0.204638088545327
147	0.204606094649628
147	0.202261306532663
147	0.20488073900455
147	0.203157747659634
147	0.203865943540537
147	0.205063291139241
147	0.203186689227298
147	0.204820955831127
147	0.20506718924972
147	0.200084127874369
147	0.201058201058201
147	0.202808988764045
147	0.20565371024735
147	0.203755215577191
147	0.203721841332027
147	0.205056179775281
147	0.206022408963585
147	0.204488078541374
147	0.205117390693097
147	0.206025945041149
147	0.20426613928521
147	0.203750349846068
147	0.204688154039347
147	0.202114164904863
147	0.203931551407156
147	0.20519298245614
147	0.203940886699507
147	0.204317764921688
147	0.206438068579426
147	0.205400056545095
147	0.204989604989605
147	0.208744710860367
147	0.205318404478656
147	0.203356367226061
147	0.203930861444104
147	0.203657174762702
147	0.209074359333427
148	0.199526264455901
148	0.206293212925074
148	0.20368574199806
148	0.204608938547486
148	0.202492211838006
148	0.203765690376569
148	0.206069160197601
148	0.202266051195971
148	0.204545454545455
148	0.203225806451613
148	0.204720011171624
148	0.203698514990193
148	0.207041072925398
148	0.207576617480136
148	0.202959830866808
148	0.204929577464789
148	0.203928123694108
148	0.204033048592634
148	0.204681621847569
148	0.204510650146178
148	0.203267792855165
148	0.200221698766801
148	0.205251270468662
148	0.205725512208813
148	0.203853672158615
148	0.205175080860638
148	0.201036704959372
148	0.203059805285118
148	0.205444849845636
148	0.205483284375437
148	0.205400056545095
148	0.206730086610819
148	0.206132404181185
148	0.204405162738496
148	0.20277149321267
148	0.205496651785714
148	0.20575959933222
148	0.202928870292887
148	0.205657708628006
148	0.201149425287356
148	0.205221276001675
148	0.20202731240321
148	0.203114041240006
148	0.204794235832063
148	0.199860041987404
148	0.203944607637432
148	0.205306292540631
148	0.204679181843654
148	0.205804381191572
148	0.202598854268548
148	0.203432751828925
148	0.205481357818587
148	0.205819730305181
148	0.20351898032696
148	0.200983146067416
148	0.202933295726978
148	0.203370943028277
148	0.20393634840871
148	0.200998751560549
148	0.20398773006135
148	0.20304002231209
148	0.205504330818664
148	0.205563282336579
148	0.20677586448271
148	0.204981110955646
148	0.205196629213483
148	0.20605725349191
148	0.205894856171178
148	0.205820624038058
148	0.201301398310951
148	0.204942063381265
148	0.205353408615642
148	0.204018978509629
148	0.206595264937993
148	0.204680792134053
148	0.20508521933501
148	0.202932632452621
148	0.206556466175858
148	0.204693242861182
148	0.20516399162596
148	0.204497834893141
148	0.205779701242496
148	0.20533070088845
148	0.203255425709516
148	0.205308243224266
148	0.204698930782217
148	0.201538461538462
148	0.20410996945293
148	0.204967210827403
148	0.205454545454545
148	0.202000281729821
148	0.203268065924778
148	0.202165049908618
148	0.201500833796554
148	0.204471944874139
148	0.204372355430183
148	0.206994195101232
148	0.202833496984149
148	0.203937119388189
148	0.206342553785974
149	0.205347144456887
149	0.206331418966242
149	0.206313730968012
149	0.205363345838544
149	0.205310971348707
149	0.204981110955646
149	0.203458374006415
149	0.204580581705775
149	0.203172413793103
149	0.200111482720178
149	0.205961293968075
149	0.205355884425652
149	0.205400867496852
149	0.203537338573835
149	0.203832268814218
149	0.203789473684211
149	0.205973079080202
149	0.204561257126964
149	0.205529181792795
149	0.205408434916632
149	0.203392206335856
149	0.203899721448468
149	0.201729910714286
149	0.207853475787429
149	0.203956533853441
149	0.206373504035625
149	0.20600196325901
149	0.203972390477532
149	0.204701273261508
149	0.203437194355177
149	0.204245872068822
149	0.204027777777778
149	0.204501250347319
149	0.205927156903476
149	0.204784292035398
149	0.206050467029137
149	0.20558798999166
149	0.206112196483394
149	0.203968364090468
149	0.203175045258321
149	0.207689033905519
149	0.205124614953794
149	0.204871259568546
149	0.203581922484959
149	0.207746478873239
149	0.20013783597519
149	0.205628623957007
149	0.204529469686313
149	0.205586592178771
149	0.203246392896781
149	0.205344585091421
149	0.204904171364149
149	0.200307735347601
149	0.206194196428571
149	0.202369200394867
149	0.202912757316902
149	0.200947603121516
149	0.203020134228188
149	0.203729473977178
149	0.205656959732479
149	0.204067515218594
149	0.204706865339089
149	0.205013927576602
149	0.203261019759569
149	0.204561257126964
149	0.203076923076923
149	0.201501877346683
149	0.204275534441805
149	0.204584040747029
149	0.202405930899426
149	0.20600083344909
149	0.205725512208813
149	0.204104270660011
149	0.205320033250208
149	0.201267392202783
149	0.203537377366312
149	0.206609275201333
149	0.204812534974818
149	0.204847975339779
149	0.206209969367864
149	0.202143740552425
149	0.203415931681366
149	0.206564245810056
149	0.206391292213229
149	0.203891591382905
149	0.203654624075882
149	0.205816554809843
149	0.20386057492015
149	0.20387275242047
149	0.204044630404463
149	0.199154929577465
149	0.205907172995781
149	0.207988787666433
149	0.205325858444289
149	0.205521472392638
149	0.204573804573805
149	0.205435540069686
149	0.204608550805108
149	0.205749079580855
149	0.205288796102992
150	0.202588006122165
150	0.200702740688686
150	0.205664852797544
150	0.206260480715484
150	0.202521008403361
150	0.204022191400832
150	0.205812491267291
150	0.200671704450042
150	0.205203116304953
150	0.203940066592675
150	0.201734750979295
150	0.205691744153283
150	0.205694444444444
150	0.205671767513688
150	0.207737594617325
150	0.206518685023883
150	0.204287690179806
150	0.205055783081486
150	0.205602240896359
150	0.203279144087814
150	0.20519228099403
150	0.205552439708357
150	0.204904405652535
150	0.201337606242162
150	0.205012672486623
150	0.205878294466676
150	0.206502023161713
150	0.202916666666667
150	0.205993031358885
150	0.20294076848384
150	0.202757276145384
150	0.199470309450795
150	0.203654991000969
150	0.20163334272036
150	0.204443823365008
150	0.203463203463203
150	0.202819653824679
150	0.206191343325396
150	0.205377252252252
150	0.202577248164057
150	0.204738675958188
150	0.206449834619625
150	0.20563223198104
150	0.205671767513688
150	0.204466638923568
150	0.205437647385213
150	0.204296604296604
150	0.205066515709029
150	0.201638661297042
150	0.202280405405405
150	0.204304120062296
150	0.205477547615738
150	0.204692329305985
150	0.203903946074989
150	0.205263157894737
150	0.206476030277544
150	0.203224028658033
150	0.20454864523375
150	0.204868439566624
150	0.204653770675638
150	0.202211027148055
150	0.205890525145874
150	0.201003624198495
150	0.201585976627713
150	0.205628308721092
150	0.206335973322218
150	0.205679741318712
150	0.206064008983717
150	0.204404679972471
150	0.202768166089965
150	0.205353408615642
150	0.206469760900141
150	0.20397592048159
150	0.204946505488398
150	0.204015725919685
150	0.202452278110631
150	0.203061367785423
150	0.202380952380952
150	0.204624117402741
150	0.204244762954796
150	0.204523513998069
150	0.202759197324415
150	0.202515897152336
150	0.205308243224266
150	0.204548587181254
150	0.204827682433375
150	0.203055555555556
150	0.202276829098987
150	0.205279415894412
150	0.204516938519448
150	0.203465623253214
150	0.202791346824843
150	0.203370943028277
150	0.204334365325077
150	0.205554005023723
150	0.206395754782852
150	0.204163775156142
150	0.198094704398991
150	0.205325858444289
150	0.203326403326403
151	0.20413544268665
151	0.204287515762926
151	0.204186304408095
151	0.203602848764139
151	0.203841300995374
151	0.202676331195985
151	0.19972027972028
151	0.204790586916935
151	0.203770446354311
151	0.20698849284311
151	0.204064587973274
151	0.205529181792795
151	0.205997210599721
151	0.202377661045065
151	0.203427615995541
151	0.205676733780761
151	0.205138888888889
151	0.205199499513416
151	0.205142537730576
151	0.202234636871508
151	0.2060546875
151	0.205783738474434
151	0.204851004851005
151	0.203636868406441
151	0.204269568857262
151	0.205542403564963
151	0.203776223776224
151	0.202269225381706
151	0.204132231404959
151	0.206009180692725
151	0.204064352243861
151	0.206578026592022
151	0.204770539824243
151	0.202715809893307
151	0.20482097547223
151	0.205139065367782
151	0.207065065624127
151	0.202685512367491
151	0.205287929125138
151	0.205475625087303
151	0.205919132972072
151	0.202219140083218
151	0.204362322867463
151	0.205475625087303
151	0.203670484338347
151	0.206009783368274
151	0.205621925509487
151	0.206935280078619
151	0.20335429769392
151	0.207339193525883
151	0.20628983097811
151	0.206562894404712
151	0.20800443151918
151	0.205217149993062
151	0.20172509738453
151	0.204852879654163
151	0.200939096809833
151	0.202991751712568
151	0.204935173567545
151	0.204153715738909
151	0.206272450953302
151	0.205027932960894
151	0.205591876477952
151	0.204330927262632
151	0.202855942881142
151	0.206324881582614
151	0.202295353982301
151	0.202715945681086
151	0.202595228128924
151	0.203118474175136
151	0.202778924198652
151	0.205323721059199
151	0.205359622327131
151	0.202407304925291
151	0.203274594144582
151	0.202426916712631
151	0.206757508342603
151	0.203946460604388
151	0.204365355206451
151	0.204907805351449
151	0.201694679816641
151	0.206311360448808
151	0.2007283933324
151	0.204409929274719
151	0.204705882352941
151	0.204426002766252
151	0.206434316353887
151	0.202424073558094
151	0.206819138487442
151	0.205967675093245
151	0.203847218378079
151	0.20467590648187
151	0.203406393969007
151	0.205170745195631
151	0.205898720089037
151	0.202948949784393
151	0.206619718309859
151	0.205142537730576
151	0.205110401333148
151	0.203279144087814
152	0.203129365744621
152	0.20272714623626
152	0.202959240647683
152	0.204551801172857
152	0.200941697825786
152	0.206043569922699
152	0.203683035714286
152	0.20504248502577
152	0.204188481675393
152	0.202395876863073
152	0.204421435567371
152	0.202118762196822
152	0.20157215047726
152	0.201256106071179
152	0.201554691837868
152	0.201630735212825
152	0.2052067381317
152	0.204058938003892
152	0.207443820224719
152	0.205562439763183
152	0.20353982300885
152	0.20548712206047
152	0.204265337210913
152	0.20398560752837
152	0.203724291272929
152	0.205972222222222
152	0.203190013869626
152	0.202666666666667
152	0.205989364679541
152	0.203786191536748
152	0.204946505488398
152	0.204589707927677
152	0.204446930499231
152	0.205038488453464
152	0.204681621847569
152	0.205602318200635
152	0.204374477570354
152	0.203092352695361
152	0.206021745190967
152	0.205438066465257
152	0.206748125520689
152	0.204605722260991
152	0.204269154650834
152	0.205180921052632
152	0.206309672063097
152	0.205829534466086
152	0.204968082153761
152	0.204010095344924
152	0.203403902034039
152	0.206456976583068
152	0.205382041271612
152	0.205160744500846
152	0.202127659574468
152	0.203338391502276
152	0.203472222222222
152	0.203871327113215
152	0.2041015625
152	0.203947368421053
152	0.20407315045719
152	0.203934607924633
152	0.202586206896552
152	0.205375603032391
152	0.204995089097797
152	0.203441576464058
152	0.203242941012021
152	0.204815903681926
152	0.205816866128583
152	0.204715672676838
152	0.203794113544427
152	0.205218123158928
152	0.204608938547486
152	0.203763516360062
152	0.202981331847311
152	0.20161627420928
152	0.205898797875315
152	0.205878275336199
152	0.205890603085554
152	0.203164029975021
152	0.204378550644312
152	0.204419121734297
152	0.20344200363789
152	0.203996087746262
152	0.203050657710607
152	0.204171846940185
152	0.204163775156142
152	0.203713892709766
152	0.20509977827051
152	0.202995008319468
152	0.206456140350877
152	0.205299860529986
152	0.203206357906276
152	0.200778642936596
152	0.206483439041579
152	0.203295942390251
152	0.200968858131488
152	0.203825212899623
152	0.206616204093075
152	0.206274292059967
152	0.20573566084788
152	0.20443143812709
153	0.20141588006663
153	0.207045391255918
153	0.204630012401819
153	0.206533931575996
153	0.20288048746711
153	0.203361577996944
153	0.206393718452047
153	0.20518149071765
153	0.207228579402735
153	0.204144068975108
153	0.201142220364953
153	0.204104270660011
153	0.206283013622463
153	0.202360876897133
153	0.204849152775864
153	0.203713817586019
153	0.204491889643699
153	0.200837404047453
153	0.206274292059967
153	0.202663337494798
153	0.20570150922303
153	0.205103179029559
153	0.202764976958525
153	0.204649232046492
153	0.20626485806181
153	0.206665736996235
153	0.202990861257269
153	0.20410996945293
153	0.20423221495197
153	0.206005586592179
153	0.205367074527253
153	0.205608774121894
153	0.20381901203819
153	0.205509948518158
153	0.202477632484515
153	0.2034444133296
153	0.20562414266118
153	0.205541770057899
153	0.204378550644312
153	0.203618005889777
153	0.203801331853496
153	0.205170745195631
153	0.205677706651823
153	0.206590972029909
153	0.2005313942106
153	0.204545454545455
153	0.203944665114368
153	0.203129365744621
153	0.204846121710068
153	0.20359612724758
153	0.205647979868587
153	0.205416666666667
153	0.203742203742204
153	0.202823595191501
153	0.204391658610689
153	0.207568325157673
153	0.206105815720403
153	0.204933847850055
153	0.203521419658949
153	0.205188031841889
153	0.202668539325843
153	0.202004733398302
153	0.204426725323068
153	0.204843024074335
153	0.20375483158476
153	0.206476030277544
153	0.204274215931168
153	0.204254727474972
153	0.203667685468186
153	0.200888518672775
153	0.205034965034965
153	0.207040489773202
153	0.205646860514117
153	0.205481357818587
153	0.20123751933624
153	0.2019055625613
153	0.201819685690653
153	0.203013813311009
153	0.203810057431013
153	0.204058938003892
153	0.204932797561314
153	0.203166226912929
153	0.202590959206174
153	0.205045095828636
153	0.203808472471367
153	0.205418855405032
153	0.20318339100346
153	0.207301720520353
153	0.206562370206285
153	0.206838799720865
153	0.206448911222781
153	0.205078396003885
153	0.204453157821033
153	0.205481357818587
153	0.204793944491169
153	0.205153068292007
153	0.204030576789437
153	0.204529665138252
153	0.206652806652807
153	0.204802649737786
154	0.203253162797164
154	0.205170975813178
154	0.20781577110956
154	0.206091937962834
154	0.204208777516267
154	0.207391910739191
154	0.204705882352941
154	0.205269692371362
154	0.20632946379215
154	0.202793296089385
154	0.201216141514649
154	0.205314685314685
154	0.204851004851005
154	0.204409097251291
154	0.206228373702422
154	0.206819763395964
154	0.204583333333333
154	0.206342553785974
154	0.203729473977178
154	0.205705495734862
154	0.203258768296051
154	0.205167813509339
154	0.208490434296886
154	0.204614534401768
154	0.203312629399586
154	0.203462603878116
154	0.204053109713487
154	0.207328967535182
154	0.201418834330227
154	0.205911055346438
154	0.204947484798231
154	0.203235172127748
154	0.206587245970568
154	0.20794425087108
154	0.20423221495197
154	0.202126190804915
154	0.204684035476718
154	0.207289927657206
154	0.200303909379749
154	0.203946460604388
154	0.203677904708833
154	0.204726573234405
154	0.202721466259372
154	0.205177637014597
154	0.202678197796066
154	0.205629506378258
154	0.200932656700041
154	0.204355108877722
154	0.204688154039347
154	0.202928870292887
154	0.206594323873122
154	0.204370359994397
154	0.205597118315323
154	0.20471894517696
154	0.203185595567867
154	0.204618166643483
154	0.205736348593491
154	0.203683035714286
154	0.203245324532453
154	0.204039286208328
154	0.203460207612457
154	0.204646633277685
154	0.204807558705016
154	0.20412399667866
154	0.2011899820119
154	0.201672607622704
154	0.20628983097811
154	0.203129327056217
154	0.207996656450265
154	0.202642559109875
154	0.205691393838928
154	0.207135915590726
154	0.204234122042341
154	0.203627370156636
154	0.205727725511898
154	0.201476940225721
154	0.204885412378208
154	0.206887014244226
154	0.203183912861332
154	0.204035874439462
154	0.204491889643699
154	0.202136631993253
154	0.204618166643483
154	0.203068841581421
154	0.20617707618394
154	0.205408434916632
154	0.204006036493346
154	0.203033676593376
154	0.202820406470344
154	0.203211517165006
154	0.203577867147414
154	0.205378291765362
154	0.205808080808081
154	0.205617822056178
154	0.203812920038404
154	0.202231712357074
154	0.203916083916084
154	0.20274625192658
154	0.199182983518805
154	0.203834931221342
155	0.20530167057849
155	0.204832509610104
155	0.202451452967911
155	0.200967519004838
155	0.203749655362559
155	0.203616786305908
155	0.204296604296604
155	0.203295942390251
155	0.205006954102921
155	0.204608550805108
155	0.203235172127748
155	0.205931263858093
155	0.205756782812285
155	0.202973048068908
155	0.202768843518389
155	0.203796761585706
155	0.206331418966242
155	0.203593642017968
155	0.204752694114396
155	0.20421571311251
155	0.206511108006148
155	0.206206896551724
155	0.204978445278821
155	0.204430734716769
155	0.208426651735722
155	0.202817687264612
155	0.200083426028921
155	0.207434219685368
155	0.203939097639335
155	0.205972222222222
155	0.201861628230064
155	0.206453415281464
155	0.206604689884834
155	0.205391884380211
155	0.205401662049861
155	0.206930141942666
155	0.204988851727982
155	0.205406147091109
155	0.207064386038103
155	0.202031292890475
155	0.206485587583149
155	0.203070964172085
155	0.205698401667825
155	0.205886436207136
155	0.20794425087108
155	0.201442841287458
155	0.206355814598945
155	0.208745300097479
155	0.208414872798434
155	0.208046138697426
155	0.204378550644312
155	0.20442527136098
155	0.205792682926829
155	0.204084467907752
155	0.203385165818082
155	0.204467117055012
155	0.203954646017699
155	0.205948372615039
155	0.202529886016125
155	0.203887568172284
155	0.204777685722176
155	0.204475952182374
155	0.204950905822155
155	0.203657865786579
155	0.203090200445434
155	0.205220273442895
155	0.203561986920829
155	0.206175574633066
155	0.204956836535784
155	0.201776297529836
155	0.202792369366879
155	0.205099623798244
155	0.200741962077494
155	0.206559665038381
155	0.203472222222222
155	0.20392644822342
155	0.206782464846981
155	0.204076012117874
155	0.204689655172414
155	0.205590496156534
155	0.201047986762272
155	0.203797295451441
155	0.206389239176124
155	0.203281423804227
155	0.205238359201774
155	0.205339670114621
155	0.202392410284614
155	0.205421023665383
155	0.205378291765362
155	0.203140063352155
155	0.203555928881422
155	0.204586518415566
155	0.201099985897617
155	0.201567441220954
155	0.205747605164515
155	0.204339467179346
155	0.204841192108577
155	0.203345673933909
155	0.204695222405272
155	0.207432057681642
156	0.200908215219485
156	0.20756816917084
156	0.206045479755962
156	0.205530334296327
156	0.202027214662594
156	0.200669829751605
156	0.202013237727523
156	0.201539538138558
156	0.203966395813249
156	0.204636956823546
156	0.205793103448276
156	0.205488898083023
156	0.202968256149512
156	0.206111111111111
156	0.204736334847859
156	0.203859060402685
156	0.203135840155404
156	0.205220772007776
156	0.205131742309284
156	0.202292184479426
156	0.203016883476335
156	0.205604883462819
156	0.205923248053393
156	0.202728776185226
156	0.202850422028504
156	0.202174511423066
156	0.205730258560447
156	0.204870665932856
156	0.20516717325228
156	0.202611683848797
156	0.204495311638169
156	0.203677904708833
156	0.206093189964158
156	0.204070330887443
156	0.204438280166436
156	0.202427455357143
156	0.204262385828951
156	0.203798696797449
156	0.204874651810585
156	0.202966865381949
156	0.204609331084879
156	0.204626824566235
156	0.202413603949534
156	0.203825136612022
156	0.205518018018018
156	0.20116134384073
156	0.204447533009034
156	0.199944459872258
156	0.201905814114073
156	0.205000690703136
156	0.203711397313391
156	0.205813148788927
156	0.20490101066039
156	0.203549488054608
156	0.20657602663707
156	0.201866337313023
156	0.205319002342566
156	0.20364238410596
156	0.204317548746518
156	0.204993792247207
156	0.204677553279823
156	0.205645161290323
156	0.203266787658802
156	0.203537377366312
156	0.20202850877193
156	0.206618464961068
156	0.207685904550499
156	0.203561986920829
156	0.20275671950379
156	0.208651046721198
156	0.205813148788927
156	0.204491560887153
156	0.203424941306449
156	0.20355078447564
156	0.203868843462752
156	0.202840595697739
156	0.203150912106136
156	0.202145444413486
156	0.20477910530703
156	0.204413793103448
156	0.202329773956455
156	0.205343404671982
156	0.203364125189577
156	0.205163606240508
156	0.202213001383126
156	0.202583837273227
156	0.202160066463584
156	0.203246392896781
156	0.20502609173304
156	0.202216066481994
156	0.203980099502488
156	0.204362322867463
156	0.204693792528815
156	0.20360931257749
156	0.204693792528815
156	0.203826039086155
156	0.203049203049203
156	0.202273672535699
156	0.205906821963394
156	0.204637519206593
157	0.204025365315688
157	0.205643496214728
157	0.203598615916955
157	0.202554243339742
157	0.202814569536424
157	0.20339919856294
157	0.201437854278999
157	0.203780353200883
157	0.203462603878116
157	0.202436998061479
157	0.20354472445306
157	0.204210816017614
157	0.202098288238542
157	0.203880803880804
157	0.204545454545455
157	0.205513784461153
157	0.205874241588527
157	0.205878275336199
157	0.203075218174262
157	0.20499653018737
157	0.205541770057899
157	0.205910919938948
157	0.206049673928125
157	0.205788671929096
157	0.203219592735278
157	0.203918322295806
157	0.204448716188384
157	0.200890372843628
157	0.207237299930411
157	0.206568235131779
157	0.205555555555556
157	0.205573951434879
157	0.200580993221746
157	0.204904405652535
157	0.206004427227449
157	0.206294191043948
157	0.20551934544446
157	0.204931506849315
157	0.203429677776241
157	0.204061761023786
157	0.201883134865688
157	0.20546056260342
157	0.205576362879734
157	0.205092528175873
157	0.205679625034464
157	0.204787602047876
157	0.204601479046836
157	0.206221358144702
157	0.202305791929728
157	0.201872762324429
157	0.204118050789293
157	0.205483245638327
157	0.204607789358201
157	0.206139741630782
157	0.204939642014708
157	0.205384401887316
157	0.202579034941764
157	0.205298931890692
157	0.205263890823005
157	0.205813148788927
157	0.200137080191912
157	0.201096641535298
157	0.204717892123051
157	0.205592105263158
157	0.20592694693315
157	0.205479452054795
157	0.204498125780925
157	0.204633740288568
157	0.205882352941176
157	0.203621169916435
157	0.201982651796778
157	0.204104270660011
157	0.206628761614201
157	0.207030707239127
157	0.204649232046492
157	0.201762842583666
157	0.205038975501114
157	0.205004147083218
157	0.202912621359223
157	0.206135480288728
157	0.204738427827992
157	0.20454232622161
157	0.203955500618047
157	0.203826955074875
157	0.205747605164515
157	0.202385906505757
157	0.203293661776917
157	0.205209481808159
157	0.206231661310605
157	0.202526374236535
157	0.204067515218594
157	0.203131437989287
157	0.201166990830786
157	0.206004427227449
157	0.203988995873453
157	0.203921027198675
157	0.204298112687698
157	0.203577867147414
157	0.203800605893693
157	0.204577169969299
158	0.205597118315323
158	0.203417634996582
158	0.202960120597506
158	0.206246560264172
158	0.204775787866167
158	0.200937155457552
158	0.201899256812552
158	0.203268781760747
158	0.205684470685157
158	0.202639538080836
158	0.20708258403652
158	0.204090035684875
158	0.206064782908339
158	0.203966802644535
158	0.202792369366879
158	0.206318681318681
158	0.205260228221542
158	0.205106970324362
158	0.204536025445996
158	0.206568235131779
158	0.205263890823005
158	0.207418727424285
158	0.202866593164278
158	0.204022592643615
158	0.202890571231934
158	0.200828157349896
158	0.207188454066056
158	0.203655352480418
158	0.204229271007234
158	0.205294360954088
158	0.206111111111111
158	0.205468102734051
158	0.203759604829857
158	0.204467117055012
158	0.203301237964237
158	0.204635852420793
158	0.204135079255686
158	0.204131892187714
158	0.20422633115529
158	0.205089615542482
158	0.204825960338372
158	0.203401548672566
158	0.201348747591522
158	0.204910029292788
158	0.20719723183391
158	0.205613938053097
158	0.203899721448468
158	0.205926738921663
158	0.204744069912609
158	0.203217379348274
158	0.205274909293888
158	0.202896551724138
158	0.204275862068966
158	0.203949185307926
158	0.203616786305908
158	0.201185879757308
158	0.203767358724048
158	0.205647979868587
158	0.205092528175873
158	0.205817782656422
158	0.204225352112676
158	0.203312629399586
158	0.200414937759336
158	0.20580148474017
158	0.202786591253966
158	0.203366445916115
158	0.204898857850557
158	0.202298532262531
158	0.206107934737136
158	0.206309324399777
158	0.20212472406181
158	0.204636956823546
158	0.201709637391424
158	0.203852549889135
158	0.204307012700166
158	0.205252246026261
158	0.205745554035568
158	0.202377661045065
158	0.206423923577461
158	0.205262432841989
158	0.203806612948041
158	0.204426725323068
158	0.205602318200635
158	0.200918324753026
158	0.20625259371974
158	0.20364238410596
158	0.206084801762115
158	0.205675712908114
158	0.203836599503174
158	0.20519516217702
158	0.203620525384511
158	0.206570155902004
158	0.20587416481069
158	0.20432030820033
158	0.203796065392075
158	0.203215169002473
158	0.205825510767532
158	0.201689984762432
158	0.206028075970273
158	0.203207077688692
159	0.206476612233601
159	0.202580290968982
159	0.204197155874638
159	0.205198358413133
159	0.204033706313027
159	0.203378192804175
159	0.204674318904716
159	0.202773201537617
159	0.205237181244859
159	0.206515737161789
159	0.202203318923442
159	0.203443966115817
159	0.204663923182442
159	0.206070732386522
159	0.202502062139126
159	0.202237878159967
159	0.200385356454721
159	0.205103179029559
159	0.206266318537859
159	0.203714046355767
159	0.204779563246807
159	0.202647379912664
159	0.205530334296327
159	0.202786591253966
159	0.205036466217146
159	0.203951913776427
159	0.201590784421284
159	0.202852832258949
159	0.20422633115529
159	0.203690856112113
159	0.205191594561187
159	0.205797101449275
159	0.202880313199105
159	0.206415042167842
159	0.205330019331676
159	0.205085682697623
159	0.204911209766926
159	0.204087268710301
159	0.205209481808159
159	0.204430466292903
159	0.202346445824707
159	0.204457897633462
159	0.204850644012058
159	0.202685864599197
159	0.201124982850871
159	0.204974986103391
159	0.201376462491397
159	0.20495867768595
159	0.202755357639855
159	0.204663923182442
159	0.203333333333333
159	0.207460184409053
159	0.204410751206065
159	0.206239646604086
159	0.206012745912995
159	0.204689655172414
159	0.205545592495517
159	0.20638650815593
159	0.204
159	0.203363914373089
159	0.206225147401618
159	0.204517112373562
159	0.203243094681874
159	0.205502292621926
159	0.206467661691542
159	0.202180513386696
159	0.20354718026881
159	0.205738373674191
159	0.204737498268458
159	0.205853927930416
159	0.202738210482644
159	0.206915629322268
159	0.204419889502762
159	0.204877376687793
159	0.204200055263885
159	0.204845814977974
159	0.206502273040364
159	0.204840940525588
159	0.203637365665473
159	0.204223395387608
159	0.205878313418486
159	0.203465003465003
159	0.204855842185129
159	0.201181805689158
159	0.203450655624569
159	0.204707170224412
159	0.205975930280813
159	0.203497177474873
159	0.202199312714777
159	0.201834862385321
159	0.205658022465677
159	0.204773007817858
159	0.205191935929301
159	0.202380952380952
159	0.205015155690273
159	0.206675938803894
159	0.206199644954254
159	0.203135744739376
159	0.205797101449275
159	0.205470038482683
160	0.204797806716929
160	0.204336947456214
160	0.203373427346882
160	0.205297104432551
160	0.204610951008646
160	0.20554716462996
160	0.201020267475527
160	0.20456443083774
160	0.201768933112217
160	0.206768468840281
160	0.205470038482683
160	0.205100082259391
160	0.203144393876707
160	0.204479868077504
160	0.203589532812714
160	0.202259575640672
160	0.203049869487567
160	0.20339919856294
160	0.2020146267421
160	0.205093099671413
160	0.205039933902506
160	0.204756697648989
160	0.206179853124567
160	0.205352190793123
160	0.203896816684962
160	0.205240773768693
160	0.204177617927791
160	0.203453038674033
160	0.204059091536656
160	0.201434878587196
160	0.204686423156444
160	0.205788671929096
160	0.201428964001099
160	0.201435869115008
160	0.203629863880104
160	0.202928581295759
160	0.204050702672913
160	0.202416918429003
160	0.204363435515051
160	0.20534477983938
160	0.203280044101433
160	0.205590746350868
160	0.206243956347562
160	0.206066508974537
160	0.203137789904502
160	0.203806612948041
160	0.20687742651137
160	0.199671097711388
160	0.203724137931034
160	0.204039286208328
160	0.202830836883331
160	0.203566529492455
160	0.203086249655552
160	0.203460207612457
160	0.203747397640527
160	0.205785123966942
160	0.205099931082012
160	0.205110592114301
160	0.203932893289329
160	0.20414322952394
160	0.205323721059199
160	0.204078801331853
160	0.203129289047488
160	0.205987858719647
160	0.206309672063097
160	0.205191256830601
160	0.206235342805904
160	0.205379310344828
160	0.203813734973055
160	0.204690535664724
160	0.204536082474227
160	0.202592745828162
160	0.203289924605894
160	0.205956025605344
160	0.206882255389718
160	0.202658262537682
160	0.204505119453925
160	0.204969796814937
160	0.203063038424723
160	0.20494941208641
160	0.20415512465374
160	0.205728449462958
160	0.20666758887813
160	0.205980066445183
160	0.20363536968703
160	0.203357445066194
160	0.203765227021041
160	0.204898857850557
160	0.20551762574892
160	0.201068346801808
160	0.202503783188884
160	0.205736348593491
160	0.201900564660515
160	0.200553633217993
160	0.201514108740537
160	0.205255193286559
160	0.205074875207987
160	0.207313681868743
160	0.202076786446236
160	0.204272915230875
161	0.204028141812664
161	0.203780353200883
161	0.201098901098901
161	0.206384149697303
161	0.206015657189946
161	0.203963666391412
161	0.205024986118823
161	0.20068306010929
161	0.204769736842105
161	0.206364647026126
161	0.206569543705333
161	0.204223395387608
161	0.203413157170383
161	0.206896551724138
161	0.200802102060573
161	0.201589694394957
161	0.205327413984462
161	0.203287671232877
161	0.204152249134948
161	0.205935127674258
161	0.205261715538504
161	0.202665941240479
161	0.206068094453597
161	0.203227152594241
161	0.204379562043796
161	0.205551700208189
161	0.204986149584488
161	0.20284502803994
161	0.204031262854792
161	0.204351418342055
161	0.202671072559548
161	0.201621770203408
161	0.205128205128205
161	0.203427004797807
161	0.204090035684875
161	0.204698447588955
161	0.204542345054043
161	0.202726897121609
161	0.203204862550076
161	0.206325093219169
161	0.205744914788345
161	0.206041291395317
161	0.203499586662993
161	0.203114234532176
161	0.202278029367367
161	0.203859407305307
161	0.205135246464369
161	0.206117387710113
161	0.203445899379738
161	0.20475797579758
161	0.203464393731097
161	0.202998212075368
161	0.206538301703837
161	0.200220781012833
161	0.202515897152336
161	0.204642807793285
161	0.204720087815587
161	0.204592613086181
161	0.205602318200635
161	0.203958218801539
161	0.203253162797164
161	0.205383984695272
161	0.206787579005221
161	0.205359622327131
161	0.205302609661299
161	0.203606828193833
161	0.202734107997266
161	0.20225027442371
161	0.20728834695857
161	0.205808782657032
161	0.202888583218707
161	0.206640033062405
161	0.204938271604938
161	0.203271028037383
161	0.207487221991988
161	0.204442616207322
161	0.204247689973797
161	0.205152802521584
161	0.20511767925561
161	0.205515159829881
161	0.202433628318584
161	0.205092911218169
161	0.204554808615722
161	0.204894234757362
161	0.203762622769401
161	0.20196159690565
161	0.204927057528214
161	0.203935599284436
161	0.203604347227954
161	0.206292258865738
161	0.204529855868222
161	0.205739636766949
161	0.202717692734332
161	0.20518149071765
161	0.205470038482683
161	0.203951913776427
161	0.204445057979017
161	0.203187250996016
161	0.203189441847677
161	0.202834120589053
162	0.203140063352155
162	0.206098406098406
162	0.204564088548784
162	0.202322404371585
162	0.205513100436681
162	0.204850644012058
162	0.20459833036814
162	0.204573462960427
162	0.202253366309426
162	0.203952786165248
162	0.205352190793123
162	0.204564315352697
162	0.203966395813249
162	0.205797499656546
162	0.201875344732488
162	0.202104097452935
162	0.203734211971444
162	0.204723328298778
162	0.206744057490326
162	0.20093586567575
162	0.205199115044248
162	0.206305309734513
162	0.202735978112175
162	0.202384214853384
162	0.205100231828719
162	0.20562414266118
162	0.203493207651788
162	0.204047685056834
162	0.205350986070887
162	0.201965669988926
162	0.202088198928424
162	0.205121145374449
162	0.205556315861503
162	0.203305785123967
162	0.204123711340206
162	0.202884615384615
162	0.205071967100754
162	0.205152802521584
162	0.204302548643464
162	0.205289845141839
162	0.201844967644224
162	0.204438930245382
162	0.202650469353948
162	0.205036466217146
162	0.204168380638969
162	0.204773007817858
162	0.20462364111738
162	0.20391941893929
162	0.206454282167977
162	0.205504079657032
162	0.204436532931672
162	0.20538905691504
162	0.205417296851368
162	0.204905608378118
162	0.204663923182442
162	0.204905608378118
162	0.203487573802005
162	0.204250621032294
162	0.203680642036806
162	0.204282012818764
162	0.204205029545142
162	0.202573682025737
162	0.204684035476718
162	0.204416839199448
162	0.203473945409429
162	0.204479868077504
162	0.205379310344828
162	0.20320197044335
162	0.204860634353975
162	0.203056167400881
162	0.204042348411935
162	0.204176971695521
162	0.204967248908297
162	0.203875545851528
162	0.203473266785177
162	0.204908990623276
162	0.204267033723331
162	0.206088029617441
162	0.204084448737409
162	0.202570125742711
162	0.204363435515051
162	0.204241839966947
162	0.204785754034502
162	0.206178458143704
162	0.206432829613198
162	0.203594457401564
162	0.202079627856068
162	0.203762185912399
162	0.207416632074166
162	0.201915184678523
162	0.205729166666667
162	0.205212620027435
162	0.203713968957871
162	0.202656442557853
162	0.203135744739376
162	0.205720572057206
162	0.202954048140044
162	0.204978445278821
162	0.204464039680353
162	0.203691045796309
163	0.203820780648708
163	0.20495958350459
163	0.20413544268665
163	0.204053683922213
163	0.200859439977821
163	0.203606828193833
163	0.201535508637236
163	0.206408140814081
163	0.202078206179929
163	0.202548992736741
163	0.200955631399317
163	0.205938697318008
163	0.205212620027435
163	0.201475208304876
163	0.204315760721114
163	0.204309987567344
163	0.201858685253519
163	0.204195613676611
163	0.202930302615364
163	0.202371218315617
163	0.203598615916955
163	0.204327923429047
163	0.203099286889742
163	0.203874158538261
163	0.202650469353948
163	0.205184474009052
163	0.205202312138728
163	0.206602475928473
163	0.205331112036651
163	0.206178458143704
163	0.202438022188741
163	0.202944853451868
163	0.201842430908841
163	0.202702702702703
163	0.203782962860693
163	0.20364533369878
163	0.205732396307014
163	0.20475866757308
163	0.207153708051374
163	0.201697932356566
163	0.202820406470344
163	0.204526520410997
163	0.203223163070199
163	0.203802489399535
163	0.203191054138824
163	0.203866191390184
163	0.203099286889742
163	0.203217379348274
163	0.204216618437371
163	0.204271631982475
163	0.203450655624569
163	0.20279528637983
163	0.202686035356996
163	0.204182718767199
163	0.204373538715445
163	0.202870549268562
163	0.203482791718086
163	0.205404667667531
163	0.203186708429797
163	0.205406147091109
163	0.204507971412864
163	0.204782847718527
163	0.204517453798768
163	0.203501999172756
163	0.204312815613484
163	0.202348066298343
163	0.204289249381358
163	0.203900709219858
163	0.204905608378118
163	0.204299602902917
163	0.206164383561644
163	0.205354678443279
163	0.203962545799973
163	0.206590972029909
163	0.204930450351191
163	0.203891591382905
163	0.205688375927453
163	0.203095042454122
163	0.19958988380041
163	0.203811908736784
163	0.204976629089909
163	0.204331834899877
163	0.202233419583277
163	0.204852119394848
163	0.205110685979776
163	0.204876021609641
163	0.20714877173613
163	0.2040395713108
163	0.205983257856457
163	0.202983848891322
163	0.205653420729209
163	0.202356487190026
163	0.206384149697303
163	0.204283131692393
163	0.204918032786885
163	0.204961197339246
163	0.204700737906532
163	0.203683492496589
163	0.20667682504502
163	0.2045203969129
164	0.204738427827992
164	0.203899491967596
164	0.204667863554758
164	0.204629502807835
164	0.204868708971554
164	0.203607543044548
164	0.204078839310156
164	0.204134720700986
164	0.205456800330715
164	0.203324632504465
164	0.201775956284153
164	0.205656232839099
164	0.201975850713502
164	0.20711527854385
164	0.204006036493346
164	0.204642219475347
164	0.204277488346586
164	0.205733095597312
164	0.205117565698479
164	0.204923669371476
164	0.205541770057899
164	0.206386186103878
164	0.20524797362275
164	0.203731444913523
164	0.204698447588955
164	0.204378550644312
164	0.204985017706347
164	0.203214383001907
164	0.20415414047554
164	0.20268215125121
164	0.20411261385592
164	0.205022075055188
164	0.206601298163237
164	0.202465753424658
164	0.205744914788345
164	0.202650997540312
164	0.203836599503174
164	0.205496308449549
164	0.204474150866185
164	0.204309987567344
164	0.202870813397129
164	0.204557935200439
164	0.201098901098901
164	0.20640373780404
164	0.206235342805904
164	0.20603152844414
164	0.204053683922213
164	0.204746136865342
164	0.206548770378558
164	0.206194081211287
164	0.204931506849315
164	0.20482919467691
164	0.202852832258949
164	0.206924866566306
164	0.205757368060315
164	0.202669572323618
164	0.203622991010624
164	0.203293661776917
164	0.206849126667584
164	0.203627932351337
164	0.204799563676029
164	0.201121137544435
164	0.203229779663337
164	0.20552104899931
164	0.206272450953302
164	0.203380513948056
164	0.204098360655738
164	0.204919165400028
164	0.20261260035379
164	0.204845515176262
164	0.202717391304348
164	0.20432030820033
164	0.201803525071731
164	0.203350267746808
164	0.203731650432158
164	0.204536138816778
164	0.206083858591395
164	0.202213417133488
164	0.203795379537954
164	0.200577002335486
164	0.204651162790698
164	0.203585325180656
164	0.206120488541238
164	0.205050782322262
164	0.204551686317521
164	0.205838015622859
164	0.205208617398418
164	0.205201525054466
164	0.205225911812738
164	0.203120722693676
164	0.204009273148779
164	0.203146563621308
164	0.202743074416078
164	0.203541037606368
164	0.20363182700305
164	0.204112405757368
164	0.202314499659632
164	0.207217210270645
164	0.203774617067834
164	0.203629863880104
165	0.204473284550601
165	0.204367531932427
165	0.203178517605151
165	0.205406147091109
165	0.20450204638472
165	0.202475928473177
165	0.20538905691504
165	0.20281151903917
165	0.204126246755021
165	0.206357906275692
165	0.205438477226377
165	0.20475797579758
165	0.204087230832533
165	0.206101601325235
165	0.204820936639118
165	0.2045203969129
165	0.202340454483603
165	0.206192629127278
165	0.204352586914864
165	0.203973329704722
165	0.20364533369878
165	0.205440131219245
165	0.204312815613484
165	0.204711392753823
165	0.204888766822302
165	0.205649563318777
165	0.204216618437371
165	0.204658213891951
165	0.203475643130816
165	0.202217602217602
165	0.202348066298343
165	0.203781798394776
165	0.200274160383825
165	0.20348204570185
165	0.206377446284385
165	0.204081632653061
165	0.204050910086219
165	0.20662178870724
165	0.2056151940545
165	0.201506849315068
165	0.203696098562628
165	0.204809400191283
165	0.206366480750918
165	0.204218600191755
165	0.203076085477065
165	0.205085910652921
165	0.205983730869985
165	0.205490734385724
165	0.204361541626663
165	0.201812191103789
165	0.204395604395604
165	0.205785577186729
165	0.204131557488448
165	0.204202142268608
165	0.20500760824457
165	0.204545454545455
165	0.203559206023272
165	0.206133113311331
165	0.203491543917076
165	0.20282114489181
165	0.204343668897692
165	0.203188879803761
165	0.202842555540224
165	0.204776283283009
165	0.202516067277451
165	0.205205894504889
165	0.205065359477124
165	0.204357418643133
165	0.205188031841889
165	0.20495958350459
165	0.204980842911877
165	0.205979155238618
165	0.203576341127923
165	0.205043859649123
165	0.203711340206186
165	0.203259827420901
165	0.204271631982475
165	0.205676676264912
165	0.203054684303832
165	0.203224495325837
165	0.205258810572687
165	0.200629102844639
165	0.20278764689806
165	0.203380588876772
165	0.205707982903626
165	0.204686423156444
165	0.203983516483516
165	0.206702376047246
165	0.203038112030381
165	0.205898491083676
165	0.204477204477204
165	0.203938309005784
165	0.204651802917699
165	0.205075445816187
165	0.205530334296327
165	0.200791160823899
165	0.205666031054209
165	0.202944413869015
165	0.206521739130435
165	0.205188031841889
166	0.200960878517502
166	0.205468102734051
166	0.20359037127703
166	0.205208617398418
166	0.202350047820741
166	0.203756635361372
166	0.203970628229535
166	0.20250550660793
166	0.202244078127164
166	0.204137553089464
166	0.205862210656075
166	0.204614117000824
166	0.201944140197152
166	0.204613704613705
166	0.206144561788506
166	0.204282012818764
166	0.205272552519566
166	0.201959716929777
166	0.202799121844127
166	0.203352869020035
166	0.201729106628242
166	0.203890191750586
166	0.204477204477204
166	0.204308452250274
166	0.206112100863369
166	0.204722260133752
166	0.205216671266906
166	0.201814980360287
166	0.20538905691504
166	0.204748181693427
166	0.204526972079154
166	0.203984172465548
166	0.202327173169062
166	0.204073264078732
166	0.204006036493346
166	0.203678287125995
166	0.204692001646316
166	0.20343878954608
166	0.202143740552425
166	0.204211956521739
166	0.205999724783267
166	0.205064684833471
166	0.204184901531729
166	0.206471072114066
166	0.203285420944559
166	0.203346028291621
166	0.204551686317521
166	0.204508419337317
166	0.203933888813004
166	0.204658213891951
166	0.204089979550102
166	0.205488803932277
166	0.206731427007799
166	0.204226312201772
166	0.205265322912382
166	0.204061895551257
166	0.207085965394122
166	0.206023271731691
166	0.203364125189577
166	0.205022643062989
166	0.205626810095159
166	0.202686035356996
166	0.201371742112483
166	0.206517255602915
166	0.203619909502262
166	0.204750204750205
166	0.201419213973799
166	0.203843514070007
166	0.205374280230326
166	0.203799890650629
166	0.20440251572327
166	0.201841260984796
166	0.202333562113933
166	0.205983730869985
166	0.201644962302947
166	0.203252032520325
166	0.203419972640219
166	0.203534935100801
166	0.20444323292899
166	0.204059392453344
166	0.204985017706347
166	0.203772037720377
166	0.201987205662175
166	0.204588910133843
166	0.202481592582493
166	0.205764722107296
166	0.20301576422207
166	0.201777170198223
166	0.20618838992333
166	0.204132231404959
166	0.202748673288883
166	0.206209644181893
166	0.205100231828719
166	0.206039076376554
166	0.203336523998359
166	0.204754706609867
166	0.205750102193759
166	0.203713817586019
166	0.203086588363835
166	0.203473266785177
167	0.203809523809524
167	0.202431361835815
167	0.204514549904814
167	0.202960120597506
167	0.204885412378208
167	0.203787566899959
167	0.204468517264726
167	0.204520547945205
167	0.202972972972973
167	0.203536184210526
167	0.202884746223976
167	0.200647685872352
167	0.206656663483836
167	0.205616438356164
167	0.204847323017938
167	0.203632887189293
167	0.203872903313787
167	0.203846674793444
167	0.203016714227477
167	0.20391941893929
167	0.205191256830601
167	0.202777014022546
167	0.205086359309126
167	0.205177111716621
167	0.203706227006404
167	0.206579849211789
167	0.205152802521584
167	0.206022618885407
167	0.20446758942031
167	0.20558583106267
167	0.204084429824561
167	0.206153000961406
167	0.205004812319538
167	0.202999318336742
167	0.202902519167579
167	0.203850354997269
167	0.202643772144999
167	0.203468523829032
167	0.203512115436973
167	0.207203505888798
167	0.206405693950178
167	0.20408719346049
167	0.204763208321927
167	0.20279528637983
167	0.205292593097804
167	0.20371128394051
167	0.203786950006811
167	0.202759939882498
167	0.202708247845712
167	0.201586433260394
167	0.203509726567814
167	0.204059243006034
167	0.204998634252936
167	0.202717540488608
167	0.205366922234392
167	0.20472114853672
167	0.203260869565217
167	0.203779786359901
167	0.204257060990585
167	0.203819918144611
167	0.204937250034478
167	0.203790167536391
167	0.203355155482815
167	0.205324232081911
167	0.204751441911563
167	0.204399508129526
167	0.204753448982379
167	0.205492685619652
167	0.203629863880104
167	0.203648243942282
167	0.204820917880975
167	0.204669579464773
167	0.204045373787071
167	0.206858860500068
167	0.202164087111355
167	0.204134720700986
167	0.204973210605852
167	0.204357829205576
167	0.205425299890949
167	0.203018765297797
167	0.20636438131658
167	0.201084010840108
167	0.205818082491123
167	0.202390766694147
167	0.205769230769231
167	0.202291638248534
167	0.204204204204204
167	0.203799890650629
167	0.206121604853164
167	0.205222860267979
167	0.203906036602021
167	0.204942654287275
167	0.205438066465257
167	0.204329243071832
167	0.203606828193833
167	0.204409363091998
167	0.206713057715923
167	0.204896730953358
167	0.202210397052804
167	0.20430987452264
168	0.204059243006034
168	0.203769461895657
168	0.202693511086927
168	0.202108963093146
168	0.203086588363835
168	0.204902491874323
168	0.203610009571995
168	0.203596924766612
168	0.204251260389699
168	0.205289845141839
168	0.203864997278171
168	0.204588650556611
168	0.203228869895537
168	0.204343668897692
168	0.202560958997412
168	0.203541037606368
168	0.203947368421053
168	0.20289657056975
168	0.203602620087336
168	0.205700973002604
168	0.201412467744126
168	0.206560527038155
168	0.204848815036775
168	0.202065498029624
168	0.204358552631579
168	0.203796610169492
168	0.20532216668918
168	0.202634106187406
168	0.204710392989183
168	0.203080278042797
168	0.205533596837945
168	0.20002730748225
168	0.203675970047651
168	0.203500203500204
168	0.201116557734205
168	0.203018765297797
168	0.205705705705706
168	0.203559206023272
168	0.203338391502276
168	0.20366847826087
168	0.203638338311159
168	0.204617287343686
168	0.202778156067003
168	0.204137180185084
168	0.20391941893929
168	0.204715823906229
168	0.204991816693944
168	0.205051194539249
168	0.202453987730061
168	0.204536082474227
168	0.203838875371722
168	0.204919165400028
168	0.203815536645622
168	0.204065040650407
168	0.203802489399535
168	0.205128205128205
168	0.201093643198906
168	0.204148921555159
168	0.202688026065707
168	0.202739726027397
168	0.204437185245678
168	0.202474226804124
168	0.205261715538504
168	0.203316118510465
168	0.203058855660249
168	0.204939282303179
168	0.205697069296083
168	0.202227352981122
168	0.202392410284614
168	0.206178458143704
168	0.20530803080308
168	0.204234972677596
168	0.204064929750375
168	0.20238256396372
168	0.202150830383882
168	0.203122859882208
168	0.205170068027211
168	0.203479679217072
168	0.204666393778142
168	0.205425299890949
168	0.205882352941176
168	0.204492852280463
168	0.204084429824561
168	0.204492535269141
168	0.203835616438356
168	0.204101161995899
168	0.204034028540066
168	0.204660726525017
168	0.205037919826652
168	0.203348636240886
168	0.202961554136666
168	0.202380952380952
168	0.205697069296083
168	0.204196379594076
168	0.203860898138007
168	0.203191635713303
168	0.203412969283276
168	0.203401360544218
168	0.205729166666667
168	0.203501094091904
169	0.20480283804066
169	0.202254822059223
169	0.203575782202357
169	0.206067231484012
169	0.203314470493129
169	0.204357829205576
169	0.203713817586019
169	0.204812687995625
169	0.204692891649413
169	0.205121220375919
169	0.204685573366215
169	0.204498977505112
169	0.204153658205511
169	0.203073545554336
169	0.206264532895637
169	0.206155950752394
169	0.20350588879759
169	0.200923160467011
169	0.202338863203699
169	0.205260303687636
169	0.201899592944369
169	0.206797313964643
169	0.204890042343942
169	0.203501094091904
169	0.204560972279121
169	0.2039780521262
169	0.201334059352028
169	0.203394433129667
169	0.205124710372087
169	0.204328886468827
169	0.205674721694271
169	0.201755570560432
169	0.202300405953992
169	0.203978743698051
169	0.203169443315725
169	0.20529982242863
169	0.202600958247775
169	0.207143842228658
169	0.205773195876289
169	0.201742444867955
169	0.203099510603589
169	0.204514363885089
169	0.20411220043573
169	0.203643284393692
169	0.204526972079154
169	0.205100379815518
169	0.204365620736699
169	0.204887983706721
169	0.203193231441048
169	0.203772545779981
169	0.205233033524121
169	0.204922491161273
169	0.205810480586478
169	0.20256445232574
169	0.205417914511299
169	0.204508196721311
169	0.202431361835815
169	0.203107810781078
169	0.205930582126264
169	0.204176334106729
169	0.203280929596719
169	0.205008895579581
169	0.204452891664404
169	0.205268186160775
169	0.206117387710113
169	0.204774897680764
169	0.202995234853642
169	0.204461977962182
169	0.205507325013565
169	0.201451657080252
169	0.204151304110337
169	0.203648243942282
169	0.201336788978311
169	0.205100379815518
169	0.205757368060315
169	0.205786026200873
169	0.204958005960444
169	0.203369107458226
169	0.204987667854207
169	0.204403370481109
169	0.205046883618312
169	0.205131704654019
169	0.202588555858311
169	0.204237867395762
169	0.202293202293202
169	0.204712612367202
169	0.203577280174768
169	0.205592105263158
169	0.203292181069959
169	0.204437185245678
169	0.204918032786885
169	0.203746436812814
169	0.203007518796992
169	0.202493900786121
169	0.204227285204502
169	0.204842219804135
169	0.202175390890551
169	0.20411220043573
169	0.20556540717501
169	0.20393220338983
170	0.204489795918367
170	0.205050782322262
170	0.202478213507625
170	0.204098360655738
170	0.202440677966102
170	0.202918130235072
170	0.203396739130435
170	0.205190922679712
170	0.203013698630137
170	0.204430466292903
170	0.202543634149641
170	0.205983257856457
170	0.204728713953806
170	0.204625850340136
170	0.202550535883869
170	0.206160164271047
170	0.203738824166892
170	0.203610009571995
170	0.204570333880679
170	0.204393505253104
170	0.203915171288744
170	0.202924055773656
170	0.20589841616603
170	0.204245475574908
170	0.20146420824295
170	0.206440957886045
170	0.201965065502183
170	0.20287887017925
170	0.204039852599973
170	0.204455916315718
170	0.204523646333105
170	0.203731444913523
170	0.202991162474507
170	0.204236827810972
170	0.204814361485108
170	0.20403649433232
170	0.203456722917801
170	0.204989885367498
170	0.203832042397065
170	0.203728905824714
170	0.203560266340535
170	0.20193883123976
170	0.203350585671479
170	0.203456722917801
170	0.203519301595962
170	0.205419460791022
170	0.203663500678426
170	0.202869129787522
170	0.203493926572949
170	0.203234501347709
170	0.200967519004838
170	0.203523035230352
170	0.203509726567814
170	0.201991271140207
170	0.205623901581722
170	0.200928834858626
170	0.205538962802064
170	0.202863317125878
170	0.205389955083708
170	0.20310161882737
170	0.201983156750883
170	0.204156479217604
170	0.204360780065005
170	0.201903467029232
170	0.203875545851528
170	0.203908705753724
170	0.202364773036151
170	0.204607046070461
170	0.204995927233234
170	0.205890410958904
170	0.206007406391441
170	0.203691138553399
170	0.206286027998902
170	0.202821869488536
170	0.204585778626996
170	0.203981456231252
170	0.202654625068418
170	0.204239706481859
170	0.205886360539583
170	0.202935979339405
170	0.20467518347377
170	0.201842430908841
170	0.204372623574144
170	0.204517621445095
170	0.202995234853642
170	0.205499864535356
170	0.204650530323633
170	0.203518267929635
170	0.201734182360114
170	0.205447577333698
170	0.199918456102202
170	0.205633032540334
170	0.202748673288883
170	0.203055292686224
170	0.203908705753724
170	0.205152671755725
170	0.203713670613563
170	0.204239706481859
170	0.204984253046693
170	0.201818675352877
171	0.202677122769064
171	0.202855200543848
171	0.202819214451895
171	0.204464530265681
171	0.203133514986376
171	0.201765105227427
171	0.204806116876024
171	0.202512834369089
171	0.203513105530397
171	0.203721309248947
171	0.204656862745098
171	0.204974036622028
171	0.202700859364343
171	0.206277412280702
171	0.202474843622518
171	0.203532608695652
171	0.2040395713108
171	0.200629102844639
171	0.204752206381534
171	0.205729877216917
171	0.202065498029624
171	0.203239858426354
171	0.205557825909277
171	0.201896646509071
171	0.204009753454348
171	0.204676753782669
171	0.202291638248534
171	0.206054024704764
171	0.204607415485278
171	0.204905813795907
171	0.204421397379913
171	0.205456800330715
171	0.204977437440175
171	0.202651515151515
171	0.204925840250374
171	0.201822385420917
171	0.202406706327745
171	0.203304889611269
171	0.20446147529766
171	0.203355432282506
171	0.204644808743169
171	0.205457025920873
171	0.206223556708066
171	0.204878048780488
171	0.204292311871774
171	0.201530263697226
171	0.20300136425648
171	0.203776660779785
171	0.203346028291621
171	0.205103711790393
171	0.204045373787071
171	0.205075726565698
171	0.203120722693676
171	0.201713819368879
171	0.204694323144105
171	0.202743074416078
171	0.204378569485994
171	0.204814361485108
171	0.204539239814055
171	0.204292311871774
171	0.203670972127804
171	0.201775956284153
171	0.204967248908297
171	0.202061296446976
171	0.203450164293538
171	0.204816017316017
171	0.20211038961039
171	0.203006500541712
171	0.205959082795551
171	0.202788682821172
171	0.203550616614717
171	0.205527706272863
171	0.204073319755601
171	0.203486015403324
171	0.206178551986935
171	0.204811089970101
171	0.2045300420453
171	0.204056629458209
171	0.203908705753724
171	0.205734474792771
171	0.205263871930539
171	0.201248473334238
171	0.203777199945258
171	0.204756697648989
171	0.203832042397065
171	0.203816483962647
171	0.204998634252936
171	0.201668033907575
171	0.204201336788978
171	0.204087230832533
171	0.204601143479445
171	0.204176334106729
171	0.204926908500271
171	0.201759133964817
171	0.204216786052169
171	0.201801064265248
171	0.205029545142229
171	0.20282570302948
171	0.205826300027226
171	0.20482908301682
172	0.204651162790698
172	0.203845104990455
172	0.203265306122449
172	0.203027845363612
172	0.204542363661091
172	0.204084392750879
172	0.204007039393529
172	0.203127143053079
172	0.202044989775051
172	0.203748981255094
172	0.205256740279095
172	0.203530210454854
172	0.203465547583593
172	0.20253682487725
172	0.206633001228334
172	0.204263356718834
172	0.203127124405167
172	0.204125950054289
172	0.204637368562955
172	0.204665672046657
172	0.20482908301682
172	0.204359673024523
172	0.202731944820124
172	0.204273271638541
172	0.203872903313787
172	0.20566217503743
172	0.201649986475521
172	0.202631222026312
172	0.203461433633143
172	0.201117318435754
172	0.203804347826087
172	0.204378569485994
172	0.20059880239521
172	0.205278993435449
172	0.20231135282121
172	0.201260446636526
172	0.203759193680196
172	0.204930245157795
172	0.202216815355501
172	0.203417634996582
172	0.205173587474472
172	0.203665987780041
172	0.203247631935047
172	0.204539239814055
172	0.203665709205307
172	0.202912357103974
172	0.20525027203482
172	0.203511141120864
172	0.205728449462958
172	0.203470245357191
172	0.205096588573777
172	0.204324324324324
172	0.203357703763878
172	0.20489338436304
172	0.206924979389942
172	0.203312239127508
172	0.204465014974136
172	0.204125950054289
172	0.203438395415473
172	0.203686006825939
172	0.205563093622795
172	0.203424378312271
172	0.202050175343944
172	0.203884813909264
172	0.202981808234168
172	0.205249627925856
172	0.204315760721114
172	0.204156479217604
172	0.204907975460123
172	0.202538556025659
172	0.204314204314204
172	0.204156479217604
172	0.205131686125441
172	0.204026115342764
172	0.203453858607663
172	0.205267445017649
172	0.205770277626565
172	0.204434167573449
172	0.201557802678327
172	0.20371128394051
172	0.204804560260586
172	0.204631635969664
172	0.205694047132543
172	0.202624103882051
172	0.203188879803761
172	0.205218331756117
172	0.202816138640672
172	0.203808752025932
172	0.202728512960437
172	0.203753713205509
172	0.205765815002049
172	0.20475995075913
172	0.203281800922159
172	0.204037097654119
172	0.202953529332069
172	0.204222492894844
172	0.202933985330073
172	0.20475995075913
172	0.204065040650407
172	0.204674412320994
173	0.205583412386502
173	0.203239858426354
173	0.203815665726186
173	0.204886704886705
173	0.205037919826652
173	0.203892745338233
173	0.201619433198381
173	0.205149051490515
173	0.204724409448819
173	0.204938271604938
173	0.203401360544218
173	0.205610021786492
173	0.204695722574551
173	0.20473518543862
173	0.203987522039875
173	0.203550616614717
173	0.204573462960427
173	0.204951298701299
173	0.204164965291956
173	0.203847728203029
173	0.203127124405167
173	0.205212170828217
173	0.205667028199566
173	0.203844071467244
173	0.203728721967036
173	0.203527815468114
173	0.205280974949221
173	0.205152542372881
173	0.204001622279302
173	0.2044474393531
173	0.205710401087695
173	0.203428725701944
173	0.203603359523164
173	0.204145218098076
173	0.205159538357094
173	0.203774617067834
173	0.202816901408451
173	0.205117790414297
173	0.205580631924497
173	0.203876914734987
173	0.204965591688031
173	0.203494623655914
173	0.204378569485994
173	0.202678933838452
173	0.203879544221378
173	0.205382628788909
173	0.203736533478795
173	0.204803022126282
173	0.204059539918809
173	0.205538962802064
173	0.204251260389699
173	0.204315760721114
173	0.203741358275722
173	0.201932235678324
173	0.204649905379832
173	0.203284868066774
173	0.201977783798429
173	0.204228215205312
173	0.203683785963969
173	0.20310182063385
173	0.204028855315095
173	0.204668838219327
173	0.206511374472143
173	0.204048582995951
173	0.203866432337434
173	0.20407887628309
173	0.203329694323144
173	0.204114780725501
173	0.203711228497901
173	0.201195489743241
173	0.205313351498638
173	0.205834018077239
173	0.203777199945258
173	0.203819068255688
173	0.205072562050726
173	0.20585445182274
173	0.205156186059201
173	0.203541019056629
173	0.20264017419706
173	0.204170051448687
173	0.20472972972973
173	0.203950953678474
173	0.20530612244898
173	0.202916160388821
173	0.204106776180698
173	0.205810480586478
173	0.205507325013565
173	0.203706227006404
173	0.203957175769074
173	0.204422137818774
173	0.201781616952355
173	0.203965236284628
173	0.201474201474201
173	0.203192640692641
173	0.206817259569863
173	0.203984819734345
173	0.20428513677402
173	0.202259425615898
173	0.204582429501085
173	0.202924055773656
174	0.204933586337761
174	0.204477611940299
174	0.202972972972973
174	0.204004329004329
174	0.204397394136808
174	0.201836100985554
174	0.200922534255868
174	0.203799185888738
174	0.202871072589382
174	0.20416723041537
174	0.202819956616052
174	0.204233953046546
174	0.201611801666439
174	0.202981029810298
174	0.202594945262873
174	0.203915171288744
174	0.205520227303477
174	0.206418275768289
174	0.204314204314204
174	0.204213938411669
174	0.202059899715409
174	0.201384176957525
174	0.203346377007152
174	0.202288516550879
174	0.202686202686203
174	0.205445881552076
174	0.204087156584112
174	0.206297502714441
174	0.203957175769074
174	0.203479679217072
174	0.200891049007695
174	0.203433360367667
174	0.203946479253953
174	0.205672787064949
174	0.203992937661279
174	0.205702647657841
174	0.203263086335826
174	0.205055034651447
174	0.202710027100271
174	0.203648243942282
174	0.204916925570715
174	0.202649722860619
174	0.202821869488536
174	0.203387533875339
174	0.20597462829082
174	0.203257504374748
174	0.206062253635993
174	0.202216815355501
174	0.204672008692109
174	0.203954496208017
174	0.203786342123056
174	0.205093470604172
174	0.203235454051115
174	0.204968100990905
174	0.202888676931462
174	0.204748982360923
174	0.203019903912148
174	0.202160702228224
174	0.203502579418952
174	0.203866432337434
174	0.20449591280654
174	0.203984819734345
174	0.204968944099379
174	0.204788313269309
174	0.203733766233766
174	0.204295229033573
174	0.203716262037163
174	0.201731836016777
174	0.204425853461071
174	0.205479452054795
174	0.203882177277046
174	0.203965236284628
174	0.203678658371653
174	0.204838928911241
174	0.204817637452368
174	0.202646145538005
174	0.205615082056151
174	0.203286257468767
174	0.204295229033573
174	0.204940282301846
174	0.20280577499319
174	0.205814427387583
174	0.203946479253953
174	0.201326834551855
174	0.204855428259684
174	0.202839202839203
174	0.203890097932535
174	0.204356009680022
174	0.204505119453925
174	0.205207771181867
174	0.203876914734987
174	0.202974983096687
174	0.2025522671735
174	0.202498981393454
174	0.20536076891837
174	0.202198980960043
174	0.201908657123381
174	0.204880043620502
174	0.203833693304536
174	0.202945547898933
175	0.204508639308855
175	0.203643724696356
175	0.203238866396761
175	0.203150242326333
175	0.201822385420917
175	0.204520844612886
175	0.203203474955884
175	0.204996623902768
175	0.2020366598778
175	0.203314470493129
175	0.202933985330073
175	0.203781798394776
175	0.20529982242863
175	0.203748651564186
175	0.202827623708537
175	0.201543042772063
175	0.203938494739682
175	0.20525027203482
175	0.202485478859922
175	0.206405693950178
175	0.203866432337434
175	0.20467518347377
175	0.203385240352065
175	0.20268074735987
175	0.203786342123056
175	0.205748052645716
175	0.203810546088823
175	0.204397394136808
175	0.202149367433002
175	0.203536239708463
175	0.203781228899392
175	0.204314204314204
175	0.204419140572048
175	0.204954650060918
175	0.202951529921473
175	0.204087156584112
175	0.204280682741804
175	0.203502579418952
175	0.203633405639913
175	0.204656199242014
175	0.205902352781178
175	0.203525423728814
175	0.204305442729488
175	0.20331386663045
175	0.202935979339405
175	0.203284027683539
175	0.204379562043796
175	0.202355170546833
175	0.204936932049369
175	0.20326409495549
175	0.205205068810465
175	0.204890501142013
175	0.205040871934605
175	0.204134017833018
175	0.205675675675676
175	0.204508639308855
175	0.203665987780041
175	0.203382894557359
175	0.204327248140636
175	0.203578205475739
175	0.204320065208531
175	0.202282298600734
175	0.205121220375919
175	0.20250606305578
175	0.205560120514927
175	0.203269754768392
175	0.202873018024122
175	0.205371676614216
175	0.20528178600599
175	0.20557963163597
175	0.205697069296083
175	0.204369656669833
175	0.204026482907715
175	0.20386121236668
175	0.201159498449508
175	0.204282251548613
175	0.205701814213613
175	0.205103969754253
175	0.20185958765665
175	0.204628999319265
175	0.204221564936811
175	0.205446211916959
175	0.202892673695593
175	0.205058839442716
175	0.203059428726141
175	0.205090023013402
175	0.204881355932203
175	0.205079708186976
175	0.203904555314534
175	0.204554697031314
175	0.203463203463203
175	0.203332430235708
175	0.205485059353254
175	0.204665672046657
175	0.203891477117018
175	0.205131704654019
175	0.203093203093203
175	0.202435723951286
175	0.203231061634537
175	0.20503744043567
176	0.204336043360434
176	0.203160880724031
176	0.204018338727077
176	0.204542400215025
176	0.203021718602455
176	0.202795323209246
176	0.20600272851296
176	0.203064104287058
176	0.205520227303477
176	0.201248473334238
176	0.204431833536009
176	0.204796550794934
176	0.204391433992952
176	0.204376604079427
176	0.203366820526745
176	0.204042870709537
176	0.204261672095548
176	0.203021718602455
176	0.204563867134756
176	0.204031930726559
176	0.204754186925986
176	0.202262321572852
176	0.204517787095902
176	0.204691122323742
176	0.203150461705595
176	0.204458945078847
176	0.203743895822029
176	0.205069124423963
176	0.203057359307359
176	0.201116557734205
176	0.205501618122977
176	0.202814233527263
176	0.203921568627451
176	0.204396504642272
176	0.202892673695593
176	0.20266093267034
176	0.203167298321603
176	0.203910991233985
176	0.205072562050726
176	0.203901910310256
176	0.204689394960248
176	0.205686301183512
176	0.20536076891837
176	0.201941224049609
176	0.202298850574713
176	0.204618689581096
176	0.202024291497976
176	0.205183878409554
176	0.204026482907715
176	0.202772492525143
176	0.205169847069969
176	0.203201302224634
176	0.203382949932341
176	0.203241053342336
176	0.204007039393529
176	0.203574307981725
176	0.204205418520016
176	0.203693717983284
176	0.20384047267356
176	0.204643628509719
176	0.204739336492891
176	0.203158747300216
176	0.204137180185084
176	0.204401242068314
176	0.202792463060865
176	0.201787648970748
176	0.201131617944227
176	0.203253125420083
176	0.203817314246762
176	0.202541914548405
176	0.203866432337434
176	0.203766427313372
176	0.204864864864865
176	0.202806638780192
176	0.205590989279414
176	0.202882931429341
176	0.201260391525878
176	0.200135135135135
176	0.205090023013402
176	0.203464947622885
176	0.203288490284006
176	0.205100526244771
176	0.204465014974136
176	0.20541422935655
176	0.204490127130106
176	0.201597617113458
176	0.204043126684636
176	0.203838875371722
176	0.202136400986031
176	0.205069124423963
176	0.205292593097804
176	0.204361873990307
176	0.204384531590414
176	0.204551575545381
176	0.204783660306369
176	0.204277785298497
176	0.20409824942326
176	0.203675970047651
176	0.203626031660127
176	0.20565170362358
177	0.203558910757617
177	0.204926908500271
177	0.203542197772709
177	0.203380662609872
177	0.203328412293652
177	0.204122877930477
177	0.204459459459459
177	0.204150841020076
177	0.20568243610658
177	0.204619124797407
177	0.20508658008658
177	0.204560788017811
177	0.202726413821028
177	0.201567144015131
177	0.204382524009198
177	0.203883495145631
177	0.203266297745985
177	0.202935631564772
177	0.203938494739682
177	0.20500338066261
177	0.205149162239477
177	0.205076279195356
177	0.20475866757308
177	0.204198473282443
177	0.204147589550229
177	0.205715059588299
177	0.206149261817689
177	0.20154095701541
177	0.204979028548234
177	0.204594594594595
177	0.205369310438812
177	0.202215318114278
177	0.202170963364993
177	0.203433360367667
177	0.20386121236668
177	0.203673689897353
177	0.20473292765382
177	0.204317132772197
177	0.204015631316534
177	0.204205418520016
177	0.204855023600809
177	0.204876719792944
177	0.204840454299621
177	0.204424416222859
177	0.204208254653359
177	0.203826842176686
177	0.205228405875219
177	0.205218331756117
177	0.203600920536077
177	0.203795934849913
177	0.205271022958837
177	0.205794746818305
177	0.203029893142161
177	0.20491029272899
177	0.203591197515863
177	0.203541019056629
177	0.205176853232145
177	0.204266234642905
177	0.203658536585366
177	0.204373650107991
177	0.204048582995951
177	0.20231135282121
177	0.203549341220758
177	0.20335997832272
177	0.202996355783507
177	0.202380952380952
177	0.203743603555077
177	0.20255033557047
177	0.203364737550471
177	0.203378378378378
177	0.206439393939394
177	0.205485059353254
177	0.202646145538005
177	0.202377735747095
177	0.203542197772709
177	0.204012927551845
177	0.20531958203284
177	0.204597392122597
177	0.202379342976883
177	0.204114562323518
177	0.203173322576308
177	0.204794798862251
177	0.20393487109905
177	0.203966005665722
177	0.204677571988644
177	0.202908307526592
177	0.202988289137165
177	0.203646185010128
177	0.20252484555466
177	0.203811325854845
177	0.20456682337139
177	0.202678933838452
177	0.204838928911241
177	0.20411220043573
177	0.203323426101054
177	0.204233953046546
177	0.202939590075512
177	0.202931683700914
177	0.203966005665722
177	0.20310182063385
178	0.202699055330634
178	0.20439234707626
178	0.203295961096853
178	0.205103969754253
178	0.203916272788656
178	0.20472653612424
178	0.204081632653061
178	0.20486951842884
178	0.203686263958025
178	0.203626595030222
178	0.205427408412483
178	0.204413158250981
178	0.203382949932341
178	0.201995685005394
178	0.202622330359557
178	0.203979426096372
178	0.205246078961601
178	0.203025800351209
178	0.204449871116538
178	0.204330175913396
178	0.20327604726101
178	0.204416913546997
178	0.204496788008565
178	0.201889338731444
178	0.205295315682281
178	0.202988289137165
178	0.203663793103448
178	0.203955334319925
178	0.202398598571621
178	0.202425876010782
178	0.203348636240886
178	0.204772175788622
178	0.20487936379566
178	0.202982267598066
178	0.204848484848485
178	0.204484062668828
178	0.203247631935047
178	0.205395878524946
178	0.202326210440898
178	0.203979426096372
178	0.204175084175084
178	0.20484669969206
178	0.201836100985554
178	0.205
178	0.204530133477147
178	0.204573129481802
178	0.203678658371653
178	0.203580632035806
178	0.205017534394389
178	0.203803614782843
178	0.203392111993539
178	0.202347227842979
178	0.203653949489522
178	0.204144798815772
178	0.205243140450964
178	0.202756959314775
178	0.204401242068314
178	0.204690253490579
178	0.204378569485994
178	0.205910133585211
178	0.205190922679712
178	0.204194112111843
178	0.204109037196186
178	0.205568320043249
178	0.203776129467296
178	0.203896631037749
178	0.204545454545455
178	0.204517787095902
178	0.204856871523538
178	0.20466810577442
178	0.204364812070591
178	0.204757399648601
178	0.204832360526673
178	0.206209327548807
178	0.202587949858472
178	0.205228405875219
178	0.203108108108108
178	0.202047413793103
178	0.204975662520281
178	0.204397394136808
178	0.204087156584112
178	0.202564102564103
178	0.204378569485994
178	0.203628486325481
178	0.204012471194252
178	0.202448210922787
178	0.204824202780049
178	0.203288490284006
178	0.204286489419425
178	0.205584783488466
178	0.205211726384365
178	0.203992937661279
178	0.203415096896598
178	0.202201386057888
178	0.204838709677419
178	0.20271186440678
178	0.204158283031522
178	0.203091397849462
178	0.204092695487193
178	0.203467275903776
179	0.202888768898488
179	0.20352671961233
179	0.202435723951286
179	0.204434829637642
179	0.204713804713805
179	0.202429149797571
179	0.205300686129423
179	0.204266234642905
179	0.204183535762483
179	0.202347227842979
179	0.202709954386906
179	0.202748215007409
179	0.201106015646075
179	0.204015192620727
179	0.203025800351209
179	0.203788903924222
179	0.203529094827586
179	0.204996623902768
179	0.204081632653061
179	0.202673507966514
179	0.203078982597055
179	0.204021049790851
179	0.204059539918809
179	0.205073144544356
179	0.203073993471164
179	0.20544420368364
179	0.205086798546629
179	0.202514532918751
179	0.204314204314204
179	0.204920248715869
179	0.204399141630901
179	0.202600216684724
179	0.204807950577491
179	0.203192060085837
179	0.204634774359669
179	0.203112313937754
179	0.204048582995951
179	0.204312668463612
179	0.204383487965578
179	0.204389390063283
179	0.202175390890551
179	0.203771043771044
179	0.203799185888738
179	0.202374527792768
179	0.20343762588962
179	0.204331450094162
179	0.202742672761495
179	0.204533189422558
179	0.202463120855325
179	0.205065691453339
179	0.203922622246104
179	0.205826814135419
179	0.205496141870854
179	0.203049109552078
179	0.204346065595897
179	0.203579117330463
179	0.205248990578735
179	0.203234501347709
179	0.20471063257066
179	0.203517250637669
179	0.203556513539
179	0.204947951872381
179	0.206100688352004
179	0.205155891483331
179	0.204208254653359
179	0.203618687550635
179	0.205065691453339
179	0.203139675298537
179	0.20604991861096
179	0.204299621416982
179	0.205069435081569
179	0.203686263958025
179	0.206370630314482
179	0.203686263958025
179	0.202160702228224
179	0.205818965517241
179	0.204249025144548
179	0.203355432282506
179	0.204705246078962
179	0.20349932705249
179	0.205166351095483
179	0.204013377926421
179	0.204656199242014
179	0.205266711681296
179	0.204338983050847
179	0.203726042085511
179	0.201960521015174
179	0.20486951842884
179	0.202830188679245
179	0.203278248018272
179	0.201587942403445
179	0.204356009680022
179	0.20570652173913
179	0.202446565398575
179	0.204526972079154
179	0.204736129905277
179	0.203346377007152
179	0.204959785522788
179	0.205190592051906
179	0.205176853232145
180	0.203629032258065
180	0.20460358056266
180	0.205280974949221
180	0.203691229960932
180	0.203658864675814
180	0.203219315895372
180	0.204649905379832
180	0.205187398153178
180	0.203606513255282
180	0.204296716659911
180	0.204177897574124
180	0.202101859337106
180	0.202031144211239
180	0.203879598662207
180	0.203858607663249
180	0.202844110544674
180	0.205525606469003
180	0.202818791946309
180	0.202259279182356
180	0.203464947622885
180	0.203723546745245
180	0.203243243243243
180	0.204686237543765
180	0.205000672133351
180	0.2045300420453
180	0.203887399463807
180	0.20386382058903
180	0.203546956872229
180	0.20383628258814
180	0.205131667792032
180	0.201963157187038
180	0.20412565727383
180	0.202982267598066
180	0.204164413196322
180	0.202820685023506
180	0.202898550724638
180	0.203585495042781
180	0.204505833445085
180	0.20293365630467
180	0.202978266702442
180	0.204851752021563
180	0.204007039393529
180	0.203621730382294
180	0.203574307981725
180	0.203599247918345
180	0.205342687533729
180	0.204211094614658
180	0.202050175343944
180	0.203196347031963
180	0.204704301075269
180	0.204545454545455
180	0.203152364273205
180	0.205584783488466
180	0.203971362960962
180	0.202483801295896
180	0.202611739364567
180	0.203758788534343
180	0.203884795713329
180	0.203215781651128
180	0.205287294308066
180	0.202835921674544
180	0.203909492569286
180	0.204076123633419
180	0.203546956872229
180	0.205283730961046
180	0.204958900417733
180	0.20400266844563
180	0.204661816222043
180	0.203903095558546
180	0.203561311210036
180	0.204502561337288
180	0.203224495325837
180	0.203964108745145
180	0.205830746389526
180	0.203583939638911
180	0.204103671706264
180	0.203053228857066
180	0.203561311210036
180	0.203127088066284
180	0.205538378814357
180	0.204180064308682
180	0.20384047267356
180	0.203905723905724
180	0.203641719105637
180	0.204103671706264
180	0.20352671961233
180	0.203460300429185
180	0.20366847826087
180	0.204671256919131
180	0.202962962962963
180	0.203571908150933
180	0.203383004430125
180	0.204658677797226
180	0.204747774480712
180	0.204328538782094
180	0.200677506775068
180	0.203220132593695
180	0.204832214765101
180	0.201592227769532
180	0.204368801929778
181	0.204591220298027
181	0.203219315895372
181	0.204070629464887
181	0.204880665057656
181	0.203460300429185
181	0.206276207223049
181	0.205038394180251
181	0.203530355710083
181	0.205072562050726
181	0.205217859064013
181	0.204037685060565
181	0.20492796553117
181	0.202758805410473
181	0.205708131394723
181	0.200751476113795
181	0.205010775862069
181	0.20388219544846
181	0.202048793637957
181	0.204062415926823
181	0.203878265553461
181	0.204986522911051
181	0.20384718140529
181	0.204166666666667
181	0.20464616624144
181	0.202904396934248
181	0.203771043771044
181	0.203818230707179
181	0.205284552845528
181	0.20380105135463
181	0.202939590075512
181	0.204092622509424
181	0.200647249190939
181	0.202863642446139
181	0.20482740021575
181	0.204100903817618
181	0.204862976894143
181	0.202935631564772
181	0.20439234707626
181	0.203873050026896
181	0.205225395965886
181	0.204305442729488
181	0.202103276257247
181	0.201837341259119
181	0.204837184164302
181	0.204393249397268
181	0.202964959568733
181	0.201186623516721
181	0.203179267966871
181	0.205224885537301
181	0.203255313424805
181	0.205488711639854
181	0.205342687533729
181	0.203403457054804
181	0.202892728003214
181	0.203651496845214
181	0.201291711517761
181	0.20343301595816
181	0.202832097100472
181	0.204551575545381
181	0.203551728777075
181	0.205374021064002
181	0.204484062668828
181	0.203974754934873
181	0.203856006471619
181	0.202675314146737
181	0.20254691689008
181	0.203268503511615
181	0.203154489080615
181	0.204579124579125
181	0.203908355795148
181	0.20504562533548
181	0.204652413607638
181	0.203921568627451
181	0.203471941865159
181	0.203835322515757
181	0.205203862660944
181	0.202713594841483
181	0.20391363022942
181	0.202715418739078
181	0.204689394960248
181	0.203671210689702
181	0.203169061366993
181	0.204707464694015
181	0.203120796341135
181	0.20429242119383
181	0.203291514906246
181	0.202728254997299
181	0.203099730458221
181	0.205507051712559
181	0.204289398669743
181	0.203567118144026
181	0.202388941081734
181	0.204719131250838
181	0.204034969737727
181	0.203974754934873
181	0.20426788350557
181	0.204954650060918
181	0.20343762588962
181	0.20349932705249
181	0.204835460040296
182	0.204413158250981
182	0.204735001345171
182	0.205020920502092
182	0.202545210984595
182	0.202717391304348
182	0.20364904749128
182	0.205124747134187
182	0.202986279257466
182	0.202226096285369
182	0.204360037448174
182	0.203755868544601
182	0.203467275903776
182	0.205331897132086
182	0.203661327231121
182	0.204578926228411
182	0.203268503511615
182	0.201314377682403
182	0.20533908588378
182	0.204389390063283
182	0.204622246249493
182	0.203464947622885
182	0.204303967720242
182	0.204034969737727
182	0.204404215077006
182	0.202849845409329
182	0.205607476635514
182	0.204177897574124
182	0.204413941596017
182	0.204997313272434
182	0.20492796553117
182	0.202962962962963
182	0.203133369041243
182	0.201681812016818
182	0.205014152850789
182	0.205732654701313
182	0.204762545405624
182	0.204578926228411
182	0.202682763246144
182	0.202024291497976
182	0.202747765772976
182	0.204554588077696
182	0.204078894404938
182	0.204835460040296
182	0.205231930960086
182	0.20384047267356
182	0.203330647327424
182	0.203067734491652
182	0.204389390063283
182	0.205723542116631
182	0.204076123633419
182	0.203536239708463
182	0.205241935483871
182	0.2049723010404
182	0.204147589550229
182	0.205906148867314
182	0.205551794177387
182	0.203116603976357
182	0.202131965996492
182	0.202943559276262
182	0.202104695089045
182	0.204649287825853
182	0.203845636681458
182	0.204213068562995
182	0.20468390415595
182	0.202087794432548
182	0.203844071467244
182	0.20533908588378
182	0.204128132958049
182	0.205582393988191
182	0.203807991418611
182	0.205042242188548
182	0.204347242721052
182	0.203074433656958
182	0.203087248322148
182	0.203141783029001
182	0.203586355669408
182	0.204043379301111
182	0.205110961667788
182	0.203097643097643
182	0.204251883745963
182	0.20349932705249
182	0.204958900417733
182	0.204448017148982
182	0.202982267598066
182	0.204465967177832
182	0.203209277238403
182	0.204649287825853
182	0.203486015403324
182	0.203269462682567
182	0.204373650107991
182	0.204149933065596
182	0.203303343628307
182	0.205325763719924
182	0.203489932885906
182	0.204892553047709
182	0.20169880005393
182	0.204903677758319
182	0.203237891356703
182	0.20407887628309
182	0.205370395358251
183	0.204469423257059
183	0.20150154176163
183	0.203544575725027
183	0.205183295286693
183	0.202720905172414
183	0.202846019599946
183	0.203230148048452
183	0.202318371748214
183	0.205104096709201
183	0.204298186702485
183	0.2044384667115
183	0.203040904198062
183	0.203758389261745
183	0.20388219544846
183	0.205355941326874
183	0.203994102667203
183	0.204707464694015
183	0.203691229960932
183	0.202989456826371
183	0.204207423288222
183	0.204874129619711
183	0.204828973843058
183	0.204153182308522
183	0.204728640515852
183	0.203886079318605
183	0.204474576271186
183	0.204674412320994
183	0.203778677462888
183	0.204046087888532
183	0.204161073825503
183	0.204153182308522
183	0.204034969737727
183	0.204952227156507
183	0.20351961311123
183	0.2055330634278
183	0.20510067114094
183	0.20456682337139
183	0.204572803850782
183	0.204349000540249
183	0.201967124764214
183	0.203247703979768
183	0.203290089608132
183	0.20334672021419
183	0.204172274562584
183	0.20439234707626
183	0.203219315895372
183	0.204683084376262
183	0.203122896755956
183	0.202177712058072
183	0.202591442839789
183	0.20492796553117
183	0.204144798815772
183	0.203353454057679
183	0.203621730382294
183	0.204919128458762
183	0.20450885668277
183	0.204935622317597
183	0.204759343909653
183	0.203897849462366
183	0.203867848509267
183	0.203629570322925
183	0.204328538782094
183	0.203664081305162
183	0.204319828280118
183	0.205234899328859
183	0.204704301075269
183	0.203974754934873
183	0.204706511565717
183	0.203901656867985
183	0.203494623655914
183	0.199892458663799
183	0.203532717784022
183	0.206223060344828
183	0.20316301703163
183	0.20261879049676
183	0.203658864675814
183	0.203656405430837
183	0.204426559356137
183	0.204600160470714
183	0.20418286633597
183	0.204298186702485
183	0.203648648648649
183	0.204759343909653
183	0.202737152824366
183	0.204353083434099
183	0.203357703763878
183	0.203036818059661
183	0.20418286633597
183	0.202568905539203
183	0.202555480833894
183	0.202580992068826
183	0.203850814595395
183	0.203013588053276
183	0.203321725154032
183	0.204221564936811
183	0.203639282847204
183	0.204356009680022
183	0.203963332434619
183	0.203758389261745
183	0.204191295002687
184	0.205079962370649
184	0.204456974090482
184	0.203960662804796
184	0.204664254121431
184	0.204588140595653
184	0.20499395892066
184	0.202570625251038
184	0.20402144772118
184	0.203999463159307
184	0.20427807486631
184	0.204856452911189
184	0.203621730382294
184	0.202093397745572
184	0.204056958624395
184	0.204426559356137
184	0.203698740284106
184	0.203424103531949
184	0.20367390721373
184	0.202972285446512
184	0.204627524408185
184	0.204076159828372
184	0.20276435856146
184	0.20352799679273
184	0.202653799758745
184	0.203733548213806
184	0.204238660907127
184	0.204133673332439
184	0.200618528976738
184	0.203994102667203
184	0.204390309195556
184	0.20080375083724
184	0.203731042813045
184	0.202621372208105
184	0.205369127516779
184	0.204089869500874
184	0.203733548213806
184	0.205141938939475
184	0.204306864064603
184	0.204155495978552
184	0.204649287825853
184	0.203557576568142
184	0.202592543097688
184	0.205031615767523
184	0.204043379301111
184	0.204679935449166
184	0.202976270277517
184	0.204141616566466
184	0.203448736799893
184	0.20455764075067
184	0.202254730908603
184	0.20449378092818
184	0.204269116455012
184	0.203609625668449
184	0.204328538782094
184	0.203906877174204
184	0.20206351333244
184	0.202677376171352
184	0.204980586423885
184	0.204328538782094
184	0.20421589688507
184	0.202970297029703
184	0.20367390721373
184	0.203104094193203
184	0.203215003348962
184	0.202070449045442
184	0.204051515964583
184	0.204312524956742
184	0.204713804713805
184	0.204817655766384
184	0.202955003357958
184	0.205059203444564
184	0.204468972943869
184	0.204103526887488
184	0.204417670682731
184	0.203619302949062
184	0.202514532918751
184	0.20206075204068
184	0.204450438300742
184	0.202457264957265
184	0.204542400215025
184	0.204612103439083
184	0.201753202966959
184	0.204007530930608
184	0.204673650282031
184	0.204791861865881
184	0.203403457054804
184	0.204265021459227
184	0.203091397849462
184	0.204560697518444
184	0.204798284412277
184	0.202070449045442
184	0.205348743448461
184	0.203994102667203
184	0.204475412032695
184	0.204625371923181
184	0.202140631350765
184	0.204106280193237
184	0.204319828280118
184	0.204420629604823
184	0.203542197772709
185	0.202035078323738
185	0.20437173125922
185	0.205719681640362
185	0.202834008097166
185	0.203994102667203
185	0.203629032258065
185	0.204010695187166
185	0.205062263129399
185	0.204087084279418
185	0.20099422275964
185	0.204838709677419
185	0.204969778374748
185	0.20315661675435
185	0.203339617559925
185	0.202834603556625
185	0.205097250167673
185	0.204084374580142
185	0.203187784623627
185	0.203614457831325
185	0.202988289137165
185	0.204727564102564
185	0.204487437861078
185	0.20385748727565
185	0.204298186702485
185	0.204682274247492
185	0.204147157190635
185	0.204701141705843
185	0.204606320299946
185	0.204456974090482
185	0.204270749395649
185	0.204780448502753
185	0.20336493523835
185	0.20238254584393
185	0.2044
185	0.201288244766506
185	0.204380542864821
185	0.205176344374413
185	0.200968523002421
185	0.203906877174204
185	0.206005116466945
185	0.20439619353974
185	0.20418286633597
185	0.201230110977403
185	0.203170796695977
185	0.204581993569132
185	0.203621730382294
185	0.20343301595816
185	0.202574071591366
185	0.204098031337887
185	0.203428115865001
185	0.204824147688991
185	0.201425305902918
185	0.203758389261745
185	0.204725466505571
185	0.204251883745963
185	0.202596012310986
185	0.205854579792257
185	0.204147157190635
185	0.203102018986496
185	0.203405738803969
185	0.202789699570815
185	0.203290089608132
185	0.204652413607638
185	0.201663759559909
185	0.204737053392212
185	0.205759655497241
185	0.203417193596125
185	0.204168893639765
185	0.206084264369363
185	0.203921045612163
185	0.205207354717488
185	0.204253611556982
185	0.204295302013423
185	0.204422869471413
185	0.20318565118458
185	0.205858640150497
185	0.203467275903776
185	0.202194567108256
185	0.204674412320994
185	0.204511883980126
185	0.204247929468341
185	0.204092550488164
185	0.204114346780657
185	0.203733548213806
185	0.203877005347594
185	0.204037972991042
185	0.204731818792848
185	0.204223469660519
185	0.204444444444444
185	0.204542418169673
185	0.20504562533548
185	0.203785743052759
185	0.203592011794666
185	0.202869401984446
185	0.204133673332439
185	0.204533261802575
185	0.204309764309764
185	0.204374664519592
185	0.200402144772118
185	0.201670483631955
186	0.203175026680896
186	0.203703703703704
186	0.205021482277121
186	0.203982777179763
186	0.203512535192385
186	0.204040404040404
186	0.203045685279188
186	0.203879598662207
186	0.204795070988481
186	0.20239537074418
186	0.202548625083836
186	0.204445039496586
186	0.20336493523835
186	0.204798284412277
186	0.204911433172303
186	0.202333065164924
186	0.203589606214841
186	0.200481798715203
186	0.201734489659773
186	0.204067978054329
186	0.204466434875635
186	0.202679169457468
186	0.202834603556625
186	0.205662393162393
186	0.203532717784022
186	0.203378468963668
186	0.203947368421053
186	0.203802892340653
186	0.203988756525231
186	0.201926936973103
186	0.203807991418611
186	0.203231406062225
186	0.205708131394723
186	0.203292291220557
186	0.204026845637584
186	0.203254201120299
186	0.204078894404938
186	0.204144385026738
186	0.203604806408545
186	0.203212851405622
186	0.201404835877347
186	0.204819277108434
186	0.203314470493129
186	0.205020920502092
186	0.204004838059401
186	0.204076159828372
186	0.203624161073825
186	0.203753351206434
186	0.205655526992288
186	0.203557576568142
186	0.204160554740632
186	0.204338510980182
186	0.20318565118458
186	0.20506974248927
186	0.20395267545039
186	0.204527189927672
186	0.203666532851599
186	0.204484783769354
186	0.203823371028541
186	0.204686237543765
186	0.205337982832618
186	0.203638814016173
186	0.203698740284106
186	0.203335557038025
186	0.203874415497662
186	0.203760913364674
186	0.204661130458077
186	0.204683084376262
186	0.20277366365962
186	0.204654895666132
186	0.20255376344086
186	0.204545454545455
186	0.204478412443014
186	0.204475412032695
186	0.203139675298537
186	0.204621343662348
186	0.202467149369804
186	0.205838826853222
186	0.204551575545381
186	0.204196178003475
186	0.202780376954953
186	0.204820899542149
186	0.203843052942757
186	0.2041661102951
186	0.205179817498658
186	0.203802892340653
186	0.203873050026896
186	0.202670226969292
186	0.203955334319925
186	0.202460550949452
186	0.204108858057631
186	0.204466434875635
186	0.205049013025379
186	0.205310446560279
186	0.204685408299866
186	0.204201793121906
186	0.204579124579125
186	0.203217158176944
186	0.20509042196919
186	0.203877005347594
187	0.202190170940171
187	0.205898123324397
187	0.203462622466783
187	0.204563650920737
187	0.203691320048148
187	0.203629570322925
187	0.204201793121906
187	0.202784098514255
187	0.203950880939669
187	0.204822505023443
187	0.201389816918348
187	0.202964347709975
187	0.203305563020693
187	0.203516249334044
187	0.203659188034188
187	0.202596012310986
187	0.204856452911189
187	0.204051515964583
187	0.201980993173605
187	0.203473613894456
187	0.204092550488164
187	0.204100777271509
187	0.204256458305448
187	0.202226096285369
187	0.20399678111588
187	0.203890006706908
187	0.203307785397338
187	0.203254201120299
187	0.204314040728832
187	0.203517250637669
187	0.204904851246315
187	0.204874129619711
187	0.203468979319546
187	0.203360448059741
187	0.205131631698517
187	0.204673650282031
187	0.204735001345171
187	0.203792735042735
187	0.203129178924846
187	0.203036818059661
187	0.204095289079229
187	0.204168893639765
187	0.204448017148982
187	0.203265087648869
187	0.204046087888532
187	0.20417942233462
187	0.203817405232248
187	0.203360448059741
187	0.203757995735608
187	0.20455764075067
187	0.203915823122003
187	0.203587203854906
187	0.204048800107253
187	0.204410973641743
187	0.203498464414475
187	0.203367183324425
187	0.203028678638435
187	0.20378263185935
187	0.202281879194631
187	0.203964108745145
187	0.204369837463363
187	0.203267273701125
187	0.20418567212235
187	0.203340013360053
187	0.203733333333333
187	0.204293905854114
187	0.204345507864569
187	0.205021482277121
187	0.203708680462241
187	0.204283801874163
187	0.204193376068376
187	0.203738317757009
187	0.203514891333512
187	0.204715969989282
187	0.20300851970181
187	0.203235726701431
187	0.203451043338684
187	0.204390309195556
187	0.202401835109972
187	0.204187783408909
187	0.203896450493728
187	0.203513909224012
187	0.20437275029996
187	0.204448588172616
187	0.20266093267034
187	0.204111600587372
187	0.203629570322925
187	0.202828929810515
187	0.202529960053262
187	0.20394298654589
187	0.202877314506461
187	0.204326923076923
187	0.204070701660418
187	0.20547577506375
187	0.202518081971605
187	0.204603238324635
187	0.20283081853385
187	0.204037972991042
187	0.202673796791444
187	0.204793321664198
188	0.203455149501661
188	0.202340912148527
188	0.204338510980182
188	0.203875656035527
188	0.202877314506461
188	0.205348743448461
188	0.203934162986752
188	0.202879232204745
188	0.201980993173605
188	0.202193099759294
188	0.204594017094017
188	0.203619302949062
188	0.203671445799276
188	0.203335557038025
188	0.204796802131912
188	0.205087014725569
188	0.204299639471224
188	0.204194112111843
188	0.203970157207567
188	0.20438444058281
188	0.202945113788487
188	0.203131272581293
188	0.204450998793404
188	0.204856452911189
188	0.203430394894296
188	0.202976270277517
188	0.204833756175724
188	0.204496788008565
188	0.201611820013432
188	0.204059829059829
188	0.204943219772879
188	0.203948245965053
188	0.203799654576857
188	0.203552824896487
188	0.203582408768881
188	0.203972088030059
188	0.204168893639765
188	0.204442065828204
188	0.20353745142704
188	0.204938934371225
188	0.204147157190635
188	0.203310639433987
188	0.204709660155205
188	0.204700226999599
188	0.203081044876088
188	0.202220141768089
188	0.204725466505571
188	0.203860072376357
188	0.203999463159307
188	0.203936797000536
188	0.2036319935906
188	0.203629570322925
188	0.203918432626949
188	0.203139675298537
188	0.204426559356137
188	0.202182883002795
188	0.203666532851599
188	0.204548512986139
188	0.203462622466783
188	0.203562340966921
188	0.20473072297207
188	0.203091397849462
188	0.204791861865881
188	0.204399141630901
188	0.203861517976032
188	0.20384204909285
188	0.203120832221926
188	0.202771116440181
188	0.204575862991705
188	0.204408009676119
188	0.204448017148982
188	0.205351170568562
188	0.204908140002682
188	0.204155495978552
188	0.203127088066284
188	0.204059829059829
188	0.203552824896487
188	0.203455665684436
188	0.204725466505571
188	0.204987263708272
188	0.204767644301594
188	0.203777600425645
188	0.203874415497662
188	0.203629032258065
188	0.204326923076923
188	0.20476126788819
188	0.203691320048148
188	0.206001622060016
188	0.204809619238477
188	0.203964108745145
188	0.204314040728832
188	0.204864359214219
188	0.202717101758125
188	0.203636849846236
188	0.203250940354648
188	0.203294495781438
188	0.204524160085665
188	0.203884795713329
188	0.203557576568142
188	0.203485254691689
189	0.204095289079229
189	0.203790204190578
189	0.203496973772697
189	0.2035848047084
189	0.204037972991042
189	0.203292291220557
189	0.20439414114514
189	0.204429530201342
189	0.204272363150868
189	0.204703367183324
189	0.204305388420912
189	0.201777659856726
189	0.203355704697987
189	0.20400266844563
189	0.203891257995736
189	0.203407880724175
189	0.20455453455853
189	0.202320618831688
189	0.205672805484608
189	0.204877395149404
189	0.205083612040134
189	0.202747765772976
189	0.201787143238197
189	0.203029497741164
189	0.203861517976032
189	0.204299639471224
189	0.203609625668449
189	0.203978107061807
189	0.202672010688043
189	0.204472415640064
189	0.204008016032064
189	0.204414715719064
189	0.203627150286705
189	0.204136449100188
189	0.204551539491299
189	0.204890501142013
189	0.204756146715034
189	0.203489146357704
189	0.204209404555748
189	0.203045685279188
189	0.203590425531915
189	0.204445627578863
189	0.204769517719158
189	0.203676568536033
189	0.204959785522788
189	0.202756959314775
189	0.203414699213019
189	0.204275217100868
189	0.203607214428858
189	0.202793446145582
189	0.204073482428115
189	0.20400266844563
189	0.204296770749933
189	0.20338080660189
189	0.204857867342853
189	0.204127829560586
189	0.203607214428858
189	0.203923662084612
189	0.20206075204068
189	0.20338080660189
189	0.204223469660519
189	0.203937741120128
189	0.204645574689628
189	0.203945614502799
189	0.205193414536207
189	0.204059829059829
189	0.204841963685272
189	0.203958807008158
189	0.204062541761326
189	0.202133333333333
189	0.203928905519177
189	0.204100652376514
189	0.203752994410434
189	0.203315064830905
189	0.204282484372922
189	0.203856006471619
189	0.204843457318705
189	0.202211269481817
189	0.202435108375702
189	0.204223469660519
189	0.2043571237637
189	0.203078982597055
189	0.203814859277044
189	0.203243386946697
189	0.204414715719064
189	0.203183520599251
189	0.204521134296415
189	0.203538645736331
189	0.203809777540962
189	0.202028289298105
189	0.203317281968967
189	0.204171680705977
189	0.204618259476775
189	0.204524284763806
189	0.203147925837001
189	0.203520938917045
189	0.204345507864569
189	0.201332445036642
189	0.20437275029996
189	0.204427256967596
190	0.203070761014686
190	0.203656746296543
190	0.204209404555748
190	0.204415480782019
190	0.205117899249732
190	0.204348406029078
190	0.201924361886944
190	0.203531598513011
190	0.205461116316423
190	0.202555230236891
190	0.203674121405751
190	0.20439414114514
190	0.202915997859818
190	0.20402989057913
190	0.203580016029923
190	0.204360037448174
190	0.201667114815811
190	0.203387570018672
190	0.204451552712248
190	0.204806408544726
190	0.204256458305448
190	0.204451552712248
190	0.201584743486436
190	0.204888473353813
190	0.204233790440687
190	0.204032581118974
190	0.204160554740632
190	0.204812834224599
190	0.204806408544726
190	0.2041661102951
190	0.204269513008672
190	0.203306225836555
190	0.204342613560677
190	0.204149487963825
190	0.203923662084612
190	0.203335557038025
190	0.20318565118458
190	0.205241342425458
190	0.204059829059829
190	0.204095289079229
190	0.203888666933014
190	0.204193376068376
190	0.203258547008547
190	0.204024144869215
190	0.202852192456351
190	0.203220654777748
190	0.204824093816631
190	0.204089815557338
190	0.204070701660418
190	0.203858948769128
190	0.203923662084612
190	0.205200375284814
190	0.204981353223229
190	0.201360181357514
190	0.20232994108195
190	0.204133333333333
190	0.203795269277028
190	0.203468979319546
190	0.204155495978552
190	0.204657351962741
190	0.203656746296543
190	0.203175026680896
190	0.204767644301594
190	0.203441835645678
190	0.202977535557623
190	0.20436295503212
190	0.204584832733573
190	0.202699091394976
190	0.203745819397993
190	0.202116260380391
190	0.204563650920737
190	0.202885000667824
190	0.203871829105474
190	0.203918432626949
190	0.205461116316423
190	0.203516249334044
190	0.204780448502753
190	0.204684588767634
190	0.202803738317757
190	0.203814859277044
190	0.204491097528568
190	0.204633721708852
190	0.203414699213019
190	0.204089869500874
190	0.204190577872681
190	0.202902409798962
190	0.204648677531392
190	0.202592543097688
190	0.203862660944206
190	0.20290047897818
190	0.204587890104028
190	0.203602401601067
190	0.204174471501204
190	0.20418220564731
190	0.203430394894296
190	0.204639381415811
190	0.201980993173605
190	0.20378263185935
190	0.202308304590077
190	0.204987996799146
191	0.203197868087941
191	0.202526595744681
191	0.203644586326151
191	0.203491471215352
191	0.205196892579695
191	0.20402720362715
191	0.203552824896487
191	0.202485966319166
191	0.204957356076759
191	0.204106119184109
191	0.201926936973103
191	0.20328131252501
191	0.203856382978723
191	0.20449378092818
191	0.204557569296375
191	0.203864090606262
191	0.204615179405095
191	0.203304023447908
191	0.201812849906692
191	0.203193612774451
191	0.203839488068258
191	0.204315396909963
191	0.203216374269006
191	0.20348450591834
191	0.203679018928286
191	0.203432676955828
191	0.204833756175724
191	0.204572803850782
191	0.204289544235925
191	0.204348406029078
191	0.204463450487772
191	0.20374081496326
191	0.203989361702128
191	0.204062541761326
191	0.203112529928172
191	0.203664081305162
191	0.204740224959829
191	0.204190577872681
191	0.204272363150868
191	0.203834376248169
191	0.204253611556982
191	0.203355972832601
191	0.205141938939475
191	0.203676568536033
191	0.202790697674419
191	0.204963971176942
191	0.204788657035848
191	0.203491471215352
191	0.203619909502262
191	0.203649440596697
191	0.20343725019984
191	0.204168893639765
191	0.20362473347548
191	0.203492276695769
191	0.204252491694352
191	0.204133333333333
191	0.20384718140529
191	0.204833756175724
191	0.204600160470714
191	0.205169412079818
191	0.20322925006672
191	0.203978107061807
191	0.204255319148936
191	0.203202134756504
191	0.205217391304348
191	0.204217832354511
191	0.203691408843447
191	0.203520938917045
191	0.204423592493298
191	0.203839488068258
191	0.204824093816631
191	0.203245544027667
191	0.203407880724175
191	0.20346435709527
191	0.203619909502262
191	0.203570476951772
191	0.203997335109927
191	0.203913217090377
191	0.204187783408909
191	0.203064623584277
191	0.204585065022121
191	0.20394298654589
191	0.203629570322925
191	0.204854627900774
191	0.203896450493728
191	0.205351170568562
191	0.203940362087327
191	0.203908015419381
191	0.20421501934107
191	0.202592543097688
191	0.20432819968136
191	0.20402989057913
191	0.203064623584277
191	0.204590951554784
191	0.203683929524826
191	0.203738317757009
191	0.203243386946697
191	0.204906012531662
191	0.204693959194559
191	0.202815013404826
192	0.203187250996016
192	0.203949112112377
192	0.204046319712498
192	0.204718112754898
192	0.203763010408327
192	0.203489146357704
192	0.203992015968064
192	0.203698775944651
192	0.203836930455636
192	0.203243386946697
192	0.204030226700252
192	0.203166577967004
192	0.203706172510332
192	0.204298222340143
192	0.203696316979125
192	0.204512276045123
192	0.204718112754898
192	0.204189870060992
192	0.201355661881978
192	0.20394298654589
192	0.203755493407911
192	0.204624431970061
192	0.204609031570534
192	0.203541001064963
192	0.204152249134948
192	0.203493799173223
192	0.2043785876385
192	0.203563355936711
192	0.203691408843447
192	0.204500066569032
192	0.203083466241361
192	0.204361122191198
192	0.203129178924846
192	0.20394298654589
192	0.204817673675805
192	0.203861517976032
192	0.204193376068376
192	0.203218513100146
192	0.203681472589036
192	0.204442670923118
192	0.203369434416366
192	0.204122607415339
192	0.203056478405316
192	0.201602136181575
192	0.204021840458117
192	0.203951730539716
192	0.204035275253875
192	0.201411075612354
192	0.204524284763806
192	0.204506065857886
192	0.202695489725113
192	0.204282484372922
192	0.205866523143165
192	0.203886079318605
192	0.20322925006672
192	0.203745517332979
192	0.20348450591834
192	0.203428115865001
192	0.203644586326151
192	0.201646090534979
192	0.203416978109984
192	0.204187783408909
192	0.20474540122634
192	0.204125083166999
192	0.204119601328904
192	0.202879232204745
192	0.204751735184196
192	0.203441835645678
192	0.204584832733573
192	0.20361509835194
192	0.203654307815417
192	0.204160554740632
192	0.204230973922299
192	0.202871576708322
192	0.203274760383387
192	0.204266666666667
192	0.204415480782019
192	0.203513909224012
192	0.20290047897818
192	0.204043628624634
192	0.203866666666667
192	0.203954352441614
192	0.203856382978723
192	0.202923588039867
192	0.204385382059801
192	0.20390023879013
192	0.203904265276106
192	0.20378767671379
192	0.202867764206054
192	0.204922418405564
192	0.20362473347548
192	0.204081632653061
192	0.202585632413701
192	0.20393512363733
192	0.204584832733573
192	0.203095809981318
192	0.203861517976032
192	0.203541001064963
192	0.203553905317597
192	0.202991452991453
193	0.203997335109927
193	0.202080832332933
193	0.205097411262343
193	0.204375667022412
193	0.203563355936711
193	0.204279638490165
193	0.204597086729921
193	0.203861517976032
193	0.204851392776223
193	0.20343725019984
193	0.203959606696784
193	0.204375667022412
193	0.204315396909963
193	0.201621477937267
193	0.203479877805817
193	0.204475822565605
193	0.203886079318605
193	0.203231406062225
193	0.2036518725843
193	0.204339723109691
193	0.203913217090377
193	0.203936797000536
193	0.20418220564731
193	0.203236932873441
193	0.203743031590125
193	0.203762586115527
193	0.203641719105637
193	0.203875763206796
193	0.203619909502262
193	0.203950880939669
193	0.204309656823623
193	0.204198219742261
193	0.204953145917001
193	0.204333953735709
193	0.203358208955224
193	0.203568100119824
193	0.204309656823623
193	0.204133333333333
193	0.203100158982512
193	0.203590425531915
193	0.20361509835194
193	0.204258150365935
193	0.202263648468708
193	0.204125083166999
193	0.204727564102564
193	0.202823278732188
193	0.203848706038487
193	0.202666666666667
193	0.202455625250234
193	0.204157782515991
193	0.204506065857886
193	0.20389507154213
193	0.203888666933014
193	0.20377007832205
193	0.204269513008672
193	0.202908217716115
193	0.204258150365935
193	0.201658197378978
193	0.204436769394261
193	0.203560988572947
193	0.203006518557935
193	0.204436769394261
193	0.202614379084967
193	0.203994673768309
193	0.204312524956742
193	0.201382427223182
193	0.20403825717322
193	0.203698775944651
193	0.203821656050955
193	0.204627044276027
193	0.203856382978723
193	0.202962369895917
193	0.20210078447015
193	0.203513909224012
193	0.20368407103101
193	0.203720930232558
193	0.203752994410434
193	0.204439718197528
193	0.202931379080613
193	0.203989361702128
193	0.203679018928286
193	0.203893852513668
193	0.203531598513011
193	0.203843605036448
193	0.203994673768309
193	0.204165561156806
193	0.204291044776119
193	0.202991452991453
193	0.203848706038487
193	0.204013822434875
193	0.203831825439063
193	0.20436295503212
193	0.203733333333333
193	0.203775089724844
193	0.202506332489001
193	0.203482190324296
193	0.203558624352676
193	0.203525641025641
193	0.204448588172616
193	0.203268234356317
194	0.202155975512377
194	0.203475261971084
194	0.202076677316294
194	0.203414505029116
194	0.204475822565605
194	0.203989361702128
194	0.203691408843447
194	0.204663557628248
194	0.204339723109691
194	0.203821656050955
194	0.205402514041187
194	0.203664365374403
194	0.202154541827371
194	0.203108395324123
194	0.203760501400187
194	0.203666799521722
194	0.203523288402509
194	0.204013822434875
194	0.202365134201435
194	0.20438829787234
194	0.20409247940473
194	0.203477568356783
194	0.203600741329097
194	0.204309656823623
194	0.204309656823623
194	0.203976143141153
194	0.204512276045123
194	0.203937741120128
194	0.204714970697922
194	0.204263824117255
194	0.203299627461416
194	0.20438829787234
194	0.203605514316013
194	0.204288187508323
194	0.203279125566516
194	0.203937741120128
194	0.20419264959533
194	0.202929427430093
194	0.203780114468255
194	0.204016491554728
194	0.203538645736331
194	0.203802180271204
194	0.203351509509243
194	0.203150026695141
194	0.203723404255319
194	0.204173866808454
194	0.203209974797719
194	0.204228161148783
194	0.203549198781618
194	0.203921045612163
194	0.204812834224599
194	0.203932509631991
194	0.203486824594091
194	0.203962239063954
194	0.20421501934107
194	0.20464807436919
194	0.20311046125216
194	0.204349555761835
194	0.204315396909963
194	0.2024
194	0.204703367183324
194	0.203701238183997
194	0.204130262112788
194	0.203893852513668
194	0.202979515828678
194	0.202794411177645
194	0.203866666666667
194	0.203014539148993
194	0.203612697569398
194	0.204790419161677
194	0.203992015968064
194	0.203924688411562
194	0.204521276595745
194	0.202742279020234
194	0.203505485683703
194	0.204070772914727
194	0.203575240128068
194	0.20310221397322
194	0.202840300107181
194	0.203740549144449
194	0.203775089724844
194	0.203915823122003
194	0.203617502327437
194	0.204293905854114
194	0.20408435664709
194	0.203428115865001
194	0.20366193445668
194	0.204119601328904
194	0.20476126788819
194	0.203553905317597
194	0.204442670923118
194	0.203428115865001
194	0.203997335109927
194	0.204699322978893
194	0.20441254651781
194	0.203477568356783
194	0.20343725019984
194	0.203951730539716
194	0.20464807436919
194	0.20464499004645
195	0.204466897101835
195	0.203612697569398
195	0.204971420975675
195	0.203738069989396
195	0.201990710019907
195	0.20409247940473
195	0.204279638490165
195	0.202837067479783
195	0.203924688411562
195	0.203475261971084
195	0.203205722612267
195	0.20440668967348
195	0.203978779840849
195	0.204249667994688
195	0.203978779840849
195	0.202888947786907
195	0.203886079318605
195	0.202731370989128
195	0.203430394894296
195	0.20395697782499
195	0.204011156860141
195	0.204222546806533
195	0.204609406404931
195	0.20332005312085
195	0.203762586115527
195	0.203846153846154
195	0.202896625033218
195	0.204319597190937
195	0.204397068620919
195	0.204333953735709
195	0.203299627461416
195	0.203342618384401
195	0.20377007832205
195	0.20464807436919
195	0.20339883165162
195	0.201810436634718
195	0.20504605526632
195	0.203344836740112
195	0.203317850033179
195	0.203374070138151
195	0.204433824505509
195	0.204458007164654
195	0.204032899973468
195	0.204233790440687
195	0.203940362087327
195	0.203780114468255
195	0.20421974522293
195	0.204084338947089
195	0.204065364687126
195	0.203927292026005
195	0.203752994410434
195	0.203403350172826
195	0.204005836317814
195	0.203216374269006
195	0.20146373918829
195	0.203374070138151
195	0.203452855245684
195	0.203970157207567
195	0.203905419766206
195	0.203973509933775
195	0.204433824505509
195	0.204950758583977
195	0.20421974522293
195	0.203765080206814
195	0.204225352112676
195	0.204255319148936
195	0.203848706038487
195	0.203964874933475
195	0.203681472589036
195	0.204288187508323
195	0.20428533404312
195	0.204171094580234
195	0.203603126241886
195	0.204168326032125
195	0.203921045612163
195	0.204084338947089
195	0.204128132958049
195	0.20339883165162
195	0.204027556968733
195	0.203797132235794
195	0.204684588767634
195	0.20358803986711
195	0.203691408843447
195	0.203139550352534
195	0.203656746296543
195	0.202244189153086
195	0.204509071504803
195	0.20397088021178
195	0.203516249334044
195	0.204536357571714
195	0.20464807436919
195	0.203970157207567
195	0.203750498736534
195	0.204122340425532
195	0.203897653453533
195	0.203533944466587
195	0.204263824117255
195	0.203533944466587
195	0.203799654576857
195	0.204125083166999
196	0.203846153846154
196	0.20436692850486
196	0.20520694259012
196	0.204189870060992
196	0.202585632413701
196	0.20382927802154
196	0.203932509631991
196	0.20387833709656
196	0.204630122405535
196	0.204116865869854
196	0.203466066940071
196	0.204049225883287
196	0.203583278035833
196	0.203691408843447
196	0.203865501720943
196	0.204303931987248
196	0.203964874933475
196	0.203600741329097
196	0.202998540533369
196	0.203389830508475
196	0.20339883165162
196	0.201541118639564
196	0.204040941113917
196	0.203851261620186
196	0.20440668967348
196	0.204385382059801
196	0.203497615262321
196	0.204518272425249
196	0.202260638297872
196	0.203541001064963
196	0.203691408843447
196	0.204043628624634
196	0.20387833709656
196	0.203578528827038
196	0.202017520573401
196	0.203531598513011
196	0.203324468085106
196	0.204195432819968
196	0.203513909224012
196	0.202823278732188
196	0.204228161148783
196	0.202938840349484
196	0.203506907545165
196	0.204436769394261
196	0.204114134041141
196	0.202785145888594
196	0.203519915310308
196	0.204032899973468
196	0.204276796387302
196	0.204081632653061
196	0.204087048832272
196	0.204705569586601
196	0.204081632653061
196	0.203914308384025
196	0.203058510638298
196	0.203504579848666
196	0.20390023879013
196	0.204542435914464
196	0.203131219318031
196	0.203875763206796
196	0.203826733988839
196	0.201988071570577
196	0.204303931987248
196	0.203358208955224
196	0.203889917967716
196	0.204288187508323
196	0.201859229747676
196	0.204766342697377
196	0.203419029949642
196	0.202630879617327
196	0.20387833709656
196	0.203428115865001
196	0.203711066931743
196	0.203875763206796
196	0.204536410664544
196	0.203531598513011
196	0.203706154864328
196	0.203841059602649
196	0.204418418951291
196	0.20367167753093
196	0.204119601328904
196	0.204040941113917
196	0.203362902158083
196	0.203234787219939
196	0.203973509933775
196	0.203868061994966
196	0.204173866808454
196	0.204303931987248
196	0.204054591228303
196	0.204265465624586
196	0.202813910273427
196	0.202890863280732
196	0.204279638490165
196	0.203865501720943
196	0.203875763206796
196	0.203713527851459
196	0.204143976623722
196	0.204633204633205
196	0.203853820598007
196	0.203937741120128
197	0.203571428571429
197	0.203394325112702
197	0.203313452617628
197	0.204430883523481
197	0.20361509835194
197	0.204333953735709
197	0.204309656823623
197	0.204542435914464
197	0.203713527851459
197	0.204430883523481
197	0.204127530096574
197	0.204157288494638
197	0.204081632653061
197	0.203883495145631
197	0.204198219742261
197	0.204160042395336
197	0.20376009532636
197	0.204059970810667
197	0.203529255672018
197	0.204458007164654
197	0.203205722612267
197	0.203897653453533
197	0.204687708083633
197	0.203556263269639
197	0.203622900965225
197	0.203841059602649
197	0.203745517332979
197	0.203634916423454
197	0.204152249134948
197	0.203610299973454
197	0.20375512362819
197	0.203551550490326
197	0.203502255240117
197	0.204241219350563
197	0.204760005318442
197	0.202338248970373
197	0.203819122132343
197	0.203497615262321
197	0.203461487646981
197	0.203524579303034
197	0.203466066940071
197	0.202858277094085
197	0.203452855245684
197	0.203833443489755
197	0.20358803986711
197	0.203324468085106
197	0.203315649867374
197	0.203419029949642
197	0.20330906684315
197	0.203549198781618
197	0.203681631571977
197	0.203185136031851
197	0.204030226700252
197	0.201649374833732
197	0.204273958056809
197	0.202366706554979
197	0.203897653453533
197	0.203916898240042
197	0.204000529871506
197	0.203767577606792
197	0.202750958867875
197	0.202661343978709
197	0.203846153846154
197	0.203932509631991
197	0.203657082284351
197	0.203288688502851
197	0.203949112112377
197	0.203311258278146
197	0.205001995476919
197	0.203792097586847
197	0.203546850185283
197	0.203809019970903
197	0.203185136031851
197	0.203374070138151
197	0.203659506762132
197	0.203421296910224
197	0.204005836317814
197	0.203843605036448
197	0.20375760783276
197	0.203392076321717
197	0.204355331297304
197	0.203738069989396
197	0.203794613241343
197	0.204705569586601
197	0.203927292026005
197	0.20366193445668
197	0.202992584745763
197	0.203261734287987
197	0.20375760783276
197	0.203765080206814
197	0.20366193445668
197	0.204062665958577
197	0.20386039132734
197	0.204463929852531
197	0.203794613241343
197	0.20418709420962
197	0.203735594118426
197	0.203563355936711
197	0.203997881916865
197	0.203787076271186
198	0.204235605559232
198	0.204135737009544
198	0.203924688411562
198	0.203183023872679
198	0.203549198781618
198	0.203862944833973
198	0.204376657824934
198	0.202568515821528
198	0.201538053566693
198	0.203627697603601
198	0.203499933713377
198	0.20386039132734
198	0.203943885653785
198	0.20314565159926
198	0.203676762333025
198	0.203419029949642
198	0.203600741329097
198	0.203463775780011
198	0.202992584745763
198	0.202233745512565
198	0.204078929943054
198	0.20335373968592
198	0.203387587667064
198	0.203360677427891
198	0.203149814716781
198	0.203671905956941
198	0.203333774308771
198	0.204173866808454
198	0.20368651372497
198	0.204076230809952
198	0.20429537319369
198	0.203578528827038
198	0.203873192731131
198	0.203997881916865
198	0.203042328042328
198	0.203862944833973
198	0.203914308384025
198	0.203809019970903
198	0.204062665958577
198	0.20272594945084
198	0.203765080206814
198	0.203333774308771
198	0.203916898240042
198	0.204460966542751
198	0.203838517538054
198	0.203706154864328
198	0.204081632653061
198	0.204933333333333
198	0.203306878306878
198	0.203598359571372
198	0.203189368770764
198	0.203571428571429
198	0.204373757455268
198	0.203412247057268
198	0.204049225883287
198	0.20368651372497
198	0.204000529871506
198	0.203735594118426
198	0.203946497152695
198	0.203789585265668
198	0.203914308384025
198	0.203230504435324
198	0.203997881916865
198	0.20432819968136
198	0.203865501720943
198	0.203968253968254
198	0.20339883165162
198	0.203659506762132
198	0.203553905317597
198	0.204436769394261
198	0.203938673010838
198	0.204244031830239
198	0.203338190488806
198	0.201618251757528
198	0.20389249304912
198	0.203546850185283
198	0.20409247940473
198	0.203767577606792
198	0.203466066940071
198	0.203583278035833
198	0.20436692850486
198	0.204024890771879
198	0.203317850033179
198	0.20375760783276
198	0.203098106712565
198	0.203360677427891
198	0.203916898240042
198	0.204078929943054
198	0.203652242953553
198	0.203943885653785
198	0.204024890771879
198	0.203728186144897
198	0.203902827558742
198	0.203423566878981
198	0.204130262112788
198	0.202068416865553
198	0.203873192731131
198	0.203738069989396
198	0.203603126241886
198	0.203968253968254
199	0.204022228102673
199	0.204162799946971
199	0.203542162305049
199	0.203279989419389
199	0.204211362733413
199	0.203676762333025
199	0.204022228102673
199	0.203515263644773
199	0.203603126241886
199	0.203463775780011
199	0.203637329085358
199	0.204100529100529
199	0.202934955050238
199	0.203365129835718
199	0.204100529100529
199	0.203593605496103
199	0.204563544706819
199	0.203461487646981
199	0.204076230809952
199	0.202988627347263
199	0.203277821834523
199	0.203728186144897
199	0.202802749867795
199	0.203752642706131
199	0.20389507154213
199	0.203522245762712
199	0.202940786859187
199	0.203676762333025
199	0.203919491525424
199	0.203752642706131
199	0.203841059602649
199	0.204049225883287
199	0.204678362573099
199	0.20418709420962
199	0.203924688411562
199	0.204027556968733
199	0.203857841194345
199	0.204160042395336
199	0.204160042395336
199	0.20418709420962
199	0.20377707342842
199	0.20368407103101
199	0.203997881916865
199	0.203792097586847
199	0.201007690267833
199	0.203916898240042
199	0.203779569181974
199	0.203811540497618
199	0.203257415254237
199	0.203762586115527
199	0.203419029949642
199	0.204019568954119
199	0.203811540497618
199	0.203919491525424
199	0.203654661016949
199	0.204427946440408
199	0.203725723345224
199	0.20353982300885
199	0.204184322033898
199	0.203293055371133
199	0.203243386946697
199	0.203362902158083
199	0.203838517538054
199	0.20367919534145
199	0.203416765991259
199	0.20376009532636
199	0.203625297697804
199	0.204316737288136
199	0.20371599203716
199	0.203846153846154
199	0.203387587667064
199	0.203919491525424
199	0.203409992069786
199	0.20375512362819
199	0.204105960264901
199	0.203868061994966
199	0.204211362733413
199	0.203573792190602
199	0.203566710700132
199	0.203603126241886
199	0.202750958867875
199	0.203922088246986
199	0.204100529100529
199	0.203968253968254
199	0.204022228102673
199	0.203884778012685
199	0.203564356435644
199	0.203642602613171
199	0.203706154864328
199	0.203997881916865
199	0.203884778012685
199	0.203784570596798
199	0.20299060473733
199	0.20375512362819
199	0.203674332540312
199	0.20314565159926
199	0.204022228102673
199	0.20375512362819
199	0.203273495248152
199	0.203701255783212
200	0.203459202534988
200	0.203622900965225
200	0.203674332540312
200	0.203600741329097
200	0.203569068076669
200	0.203515263644773
200	0.203828382838284
200	0.203725723345224
200	0.203992596509783
200	0.203725723345224
200	0.203911721950575
200	0.203595980962454
200	0.203784570596798
200	0.203542162305049
200	0.20375760783276
200	0.203250958107572
200	0.203801478352693
200	0.203654661016949
200	0.203488372093023
200	0.203941277608782
200	0.203706154864328
200	0.203938673010838
200	0.203833443489755
200	0.203965631196299
200	0.203951730539716
200	0.203676762333025
200	0.203997881916865
200	0.20407353524666
200	0.203595980962454
200	0.203706154864328
200	0.203461487646981
200	0.203622900965225
200	0.203610299973454
200	0.203968253968254
200	0.204244031830239
200	0.204076230809952
200	0.203992596509783
200	0.203911721950575
200	0.204030226700252
200	0.204043874719175
200	0.203806502775575
200	0.203331570597567
200	0.203995237465273
200	0.203830911492734
200	0.203992596509783
200	0.204132997748046
200	0.203938673010838
200	0.203803988905032
200	0.203936071853124
200	0.204016913319239
200	0.203436880370126
200	0.203703703703704
200	0.203779569181974
200	0.203676762333025
200	0.203992596509783
200	0.204289686217397
200	0.203989959043467
200	0.203358455639297
200	0.203819122132343
200	0.203387587667064
200	0.203250958107572
200	0.203833443489755
200	0.20389249304912
200	0.20389249304912
200	0.203277821834523
200	0.203347058042237
200	0.203887346291154
200	0.203409992069786
200	0.204076230809952
200	0.203466066940071
200	0.203779569181974
200	0.204298222340143
200	0.203407740060758
200	0.203461487646981
200	0.203992596509783
200	0.203752642706131
200	0.203963011889036
200	0.203358455639297
200	0.203833443489755
200	0.20364500792393
200	0.203708609271523
200	0.203333774308771
200	0.203828382838284
200	0.203887346291154
200	0.204130262112788
200	0.203439153439153
200	0.203911721950575
200	0.203495299880842
200	0.203642602613171
200	0.203976143141153
200	0.203857841194345
200	0.203488372093023
200	0.203038309114927
200	0.203735594118426
200	0.20373312152502
200	0.203835978835979
200	0.203622900965225
200	0.203436880370126
200	0.203835978835979
200	0.203542162305049
201	0.202093824542804
201	0.203607905557766
201	0.20348606892909
201	0.203963011889036
201	0.203632506960095
201	0.203862944833973
201	0.203669482576558
201	0.203591233166095
201	0.203750165060082
201	0.204097818902842
201	0.203963011889036
201	0.203642602613171
201	0.203273495248152
201	0.203887346291154
201	0.204151791617083
201	0.203782068235916
201	0.203698811096433
201	0.203803988905032
201	0.203463775780011
201	0.203172504957039
201	0.203698811096433
201	0.203562005277045
201	0.203911721950575
201	0.203642602613171
201	0.203642602613171
201	0.203562005277045
201	0.20377707342842
201	0.203963011889036
201	0.203226232976332
201	0.203354020863594
201	0.203324976909883
201	0.203011491216484
201	0.203114689190973
201	0.203855294428307
201	0.203642602613171
201	0.203887346291154
201	0.203992596509783
201	0.203667062392824
201	0.20377707342842
201	0.203838517538054
201	0.203693931398417
201	0.203801478352693
201	0.203809019970903
201	0.20324881141046
201	0.203671905956941
201	0.203828382838284
201	0.203542162305049
201	0.203195141272775
201	0.203667062392824
201	0.204081632653061
201	0.20259019426457
201	0.203752642706131
201	0.203720807494392
201	0.204078929943054
201	0.203671905956941
201	0.203593605496103
201	0.203591233166095
201	0.203725723345224
201	0.203642602613171
201	0.203725723345224
201	0.203938673010838
201	0.203011491216484
201	0.204154538237629
201	0.203640200474809
201	0.203703703703704
201	0.203642602613171
201	0.20377707342842
201	0.203434610303831
201	0.203830911492734
201	0.203752642706131
201	0.203911721950575
201	0.203725723345224
201	0.204232804232804
201	0.203593605496103
201	0.20371599203716
201	0.203387587667064
201	0.203728186144897
201	0.203750165060082
201	0.203914308384025
201	0.204016913319239
201	0.203728186144897
201	0.203806502775575
201	0.203667062392824
201	0.203671905956941
201	0.202774108322325
201	0.203698811096433
201	0.203324976909883
201	0.20389249304912
201	0.203774580968721
201	0.203569068076669
201	0.203774580968721
201	0.203992596509783
201	0.20407353524666
201	0.203725723345224
201	0.204051906779661
201	0.203674332540312
201	0.203324976909883
201	0.203593605496103
201	0.203828382838284
201	0.20364500792393
202	0.203884778012685
202	0.203720807494392
202	0.203300330033003
202	0.203720807494392
202	0.203693931398417
202	0.204103242885506
202	0.203774580968721
202	0.203720807494392
202	0.203752642706131
202	0.203693931398417
202	0.203696369636964
202	0.203271336235325
202	0.203830911492734
202	0.203774580968721
202	0.20321984692531
202	0.203830911492734
202	0.203640200474809
202	0.201984126984127
202	0.203432343234323
202	0.203720807494392
202	0.203618116994586
202	0.203588863966222
202	0.203774580968721
202	0.203801478352693
202	0.203618116994586
202	0.203887346291154
202	0.203324976909883
202	0.203830911492734
202	0.203720807494392
202	0.203483768804434
202	0.20377707342842
202	0.203884778012685
202	0.203456920438053
202	0.203884778012685
202	0.203963011889036
202	0.203642602613171
202	0.20353982300885
202	0.203667062392824
202	0.203640200474809
202	0.203911721950575
202	0.203752642706131
202	0.203591233166095
202	0.203696369636964
202	0.203324976909883
202	0.203640200474809
202	0.203034300791557
202	0.203693931398417
202	0.203835978835979
202	0.203882213125578
202	0.203720807494392
202	0.203667062392824
202	0.203618116994586
202	0.20364500792393
202	0.203618116994586
202	0.203271336235325
202	0.203693931398417
202	0.203747690683558
202	0.203667062392824
202	0.203720807494392
202	0.203909138932911
202	0.203640200474809
202	0.203642602613171
202	0.20386039132734
202	0.203667062392824
202	0.203693931398417
202	0.203615729743996
202	0.203642602613171
202	0.203618116994586
202	0.203497615262321
202	0.203667062392824
202	0.203693931398417
202	0.203640200474809
202	0.203642602613171
202	0.20386039132734
202	0.203720807494392
202	0.203938673010838
202	0.203693931398417
202	0.203693931398417
202	0.20353982300885
202	0.203828382838284
202	0.203640200474809
202	0.203720807494392
202	0.203591233166095
202	0.203618116994586
202	0.203618116994586
202	0.203483768804434
202	0.203588863966222
202	0.203774580968721
202	0.20386039132734
202	0.203801478352693
202	0.203693931398417
202	0.203640200474809
202	0.203801478352693
202	0.20321984692531
202	0.203747690683558
202	0.203693931398417
202	0.203909138932911
202	0.203693931398417
202	0.203720807494392
202	0.203300330033003
203	0.203640200474809
203	0.203640200474809
203	0.203640200474809
203	0.203640200474809
203	0.203640200474809
203	0.203640200474809
203	0.203640200474809
203	0.203640200474809
203	0.203640200474809
203	0.203640200474809
203	0.203640200474809
203	0.203640200474809
203	0.203640200474809
203	0.203640200474809
203	0.203640200474809
203	0.203640200474809
203	0.203640200474809
203	0.203640200474809
203	0.203640200474809
203	0.203640200474809
203	0.203640200474809
203	0.203640200474809
203	0.203640200474809
203	0.203640200474809
203	0.203640200474809
203	0.203640200474809
203	0.203640200474809
203	0.203640200474809
203	0.203640200474809
203	0.203640200474809
203	0.203640200474809
203	0.203640200474809
203	0.203640200474809
203	0.203640200474809
203	0.203640200474809
203	0.203640200474809
203	0.203640200474809
203	0.203640200474809
203	0.203640200474809
203	0.203640200474809
203	0.203640200474809
203	0.203640200474809
203	0.203640200474809
203	0.203640200474809
203	0.203640200474809
203	0.203640200474809
203	0.203640200474809
203	0.203640200474809
203	0.203640200474809
203	0.203640200474809
203	0.203640200474809
203	0.203640200474809
203	0.203640200474809
203	0.203640200474809
203	0.203640200474809
203	0.203640200474809
203	0.203640200474809
203	0.203640200474809
203	0.203640200474809
203	0.203640200474809
203	0.203640200474809
203	0.203640200474809
203	0.203640200474809
203	0.203640200474809
203	0.203640200474809
203	0.203640200474809
203	0.203640200474809
203	0.203640200474809
203	0.203640200474809
203	0.203640200474809
203	0.203640200474809
203	0.203640200474809
203	0.203640200474809
203	0.203640200474809
203	0.203640200474809
203	0.203640200474809
203	0.203640200474809
203	0.203640200474809
203	0.203640200474809
203	0.203640200474809
203	0.203640200474809
203	0.203640200474809
203	0.203640200474809
203	0.203640200474809
203	0.203640200474809
203	0.203640200474809
203	0.203640200474809
203	0.203640200474809
203	0.203640200474809
203	0.203640200474809
203	0.203640200474809
203	0.203640200474809
203	0.203640200474809
203	0.203640200474809
203	0.203640200474809
203	0.203640200474809
203	0.203640200474809
203	0.203640200474809
203	0.203640200474809
203	0.203640200474809
