"samples"	"habitat_otu_prop"
1	0.116498316498317
1	0.0510697032436163
1	0.0438037149986138
1	0.0683934807916182
1	0.0670498084291188
1	0.0108571428571429
1	0.0390243902439024
1	0.0818562681276184
1	0.091131498470948
1	0.0942749400068564
1	0.052589641434263
1	0.0920195439739414
1	0.0716981132075472
1	0.0603015075376884
1	0.097444089456869
1	0.0814350797266515
1	0.101863354037267
1	0
1	0.0469107551487414
1	0.0546190155091032
1	0.0420504605526632
1	0.0866279069767442
1	0.108695652173913
1	0.0451997196916608
1	0.0390243902439024
1	0.102177554438861
1	0.0680885972108285
1	0.0126861555432984
1	0.0304147465437788
1	0.0575880758807588
1	0.0425685425685426
1	0.0510969976905312
1	0.091131498470948
1	0.0716981132075472
1	0.0628019323671498
1	0.0675675675675676
1	0.0881731784582893
1	0.0665491405905685
1	0.12987012987013
1	0.10079275198188
1	0.0683195592286501
1	0.103004291845494
1	0.01
1	0.056910569105691
1	0.0795598815065595
1	0.0384351407000686
1	0.0575842696629214
1	0.052728387492336
1	0.0603015075376884
1	0.0951993490642799
1	0.0849220103986135
1	0.0377418331747542
1	0.158415841584158
1	0.0549450549450549
1	0.0600115406809002
1	0.0853503184713376
1	0.0813492063492064
1	0.0793226381461676
1	0.107945205479452
1	0.0670498084291188
1	0.0688935281837161
1	0.0778515389257695
1	0.0108571428571429
1	0.0510969976905312
1	0.0861266294227188
1	0.0469107551487414
1	0.0488644184445974
1	0.107289527720739
1	0.01
1	0.033319274567693
1	0.117996044825313
1	0.0510697032436163
1	0.0544189852700491
1	0.0720145852324521
1	0.125530110262935
1	0.0384351407000686
1	0.0986342943854325
1	0.152083333333333
1	0.0255741127348643
1	0.0813492063492064
1	0.108757870635375
1	0.0653873489694385
1	0.0652603823335531
1	0.124664879356568
1	0.0917180013689254
1	0.0683934807916182
1	0.0874147551146931
1	0.0314026517794836
1	0.118169398907104
1	0.0533117932148627
1	0.052728387492336
1	0.0720145852324521
1	0.0544444444444444
1	0.0510697032436163
1	0.047763918466687
1	0.116306954436451
1	0.0533117932148627
1	0.0575842696629214
1	0.0981075697211155
1	0.0871956009426551
2	0.0753462603878116
2	0.0771362586605081
2	0.0991551800800356
2	0.0837155963302752
2	0.0526166902404526
2	0.0343047965998786
2	0.0673785914060514
2	0.078506629448709
2	0.057487091222031
2	0.0457341535169832
2	0.0779889152810768
2	0.0715452466514211
2	0.0662251655629139
2	0.0530973451327434
2	0.101943844492441
2	0.0893617021276596
2	0.0841911764705882
2	0.061289466702043
2	0.0472673559822747
2	0.0444718962322421
2	0.0399853264856933
2	0.103939962476548
2	0.0854816824966079
2	0.0541619156214367
2	0.0428445229681979
2	0.0623973727422003
2	0.045847425779782
2	0.0452071996651319
2	0.0480682024306185
2	0.0471220746363061
2	0.0955271565495208
2	0.096800324017821
2	0.0421286031042129
2	0.0485510930350788
2	0.0535810446957458
2	0.0787934749153586
2	0.0735243355195029
2	0.0773979107312441
2	0.0703768405290741
2	0.0955387205387205
2	0.0523110988098533
2	0.0681754680078234
2	0.0951320394527521
2	0.041513223970539
2	0.0674729471674093
2	0.0805220389066732
2	0.0582763337893297
2	0.0280249110320285
2	0.0582129963898917
2	0.0419254658385093
2	0.0505443234836703
2	0.077995867768595
2	0.0510248582642826
2	0.0501359106010269
2	0.0921144452198186
2	0.0395667550839965
2	0.0559105431309904
2	0.0821537607549264
2	0.0952556086796616
2	0.0885393258426966
2	0.0901162790697674
2	0.0659041394335512
2	0.065336184366833
2	0.0955882352941176
2	0.0481041312959819
2	0.0447720447720448
2	0.0913804277381724
2	0.0423204945316215
2	0.0530523255813953
2	0.0929637526652452
2	0.0788707799767171
2	0.0376820772640912
2	0.056047197640118
2	0.0812575574365175
2	0.0474636606348265
2	0.0902711323763955
2	0.0562973655719957
2	0.0984340044742729
2	0.0971370143149284
2	0.110636277302944
2	0.0883432119672594
2	0.0586816720257235
2	0.0363501483679525
2	0.0966996699669967
2	0.0838167053364269
2	0.106760251200591
2	0.0553644041288708
2	0.13765541740675
2	0.0824862038919547
2	0.0952556086796616
2	0.0570071258907363
2	0.0257989988448209
2	0.047952951820855
2	0.0441241685144124
2	0.0566037735849057
2	0.084055459272097
2	0.0757575757575758
2	0.0337197049525817
2	0.0524903071875932
2	0.0544871794871795
3	0.0485531171101185
3	0.0625948406676783
3	0.067439659252248
3	0.0819104753114905
3	0.07
3	0.0478933508887426
3	0.0525712100936723
3	0.0912028725314183
3	0.0432733504712939
3	0.0652092675635277
3	0.0455840455840456
3	0.0355229212145267
3	0.059275053304904
3	0.0501424501424501
3	0.0546277950750071
3	0.0443650126156434
3	0.0890070921985816
3	0.0612442507867344
3	0.0437805820242081
3	0.0657170605373907
3	0.113162393162393
3	0.045814479638009
3	0.0651749245249512
3	0.0741225772655841
3	0.0376970527758739
3	0.052615933412604
3	0.0465645695364238
3	0.0506119062435179
3	0.0481464737793852
3	0.0584279108869273
3	0.0906047757197054
3	0.0470950704225352
3	0.0683583635422061
3	0.0486829727187206
3	0.0650899958141482
3	0.0654862282181001
3	0.039690548267743
3	0.0646048109965636
3	0.0636741479634248
3	0.0432031420466943
3	0.0812398703403566
3	0.0784510433386838
3	0.0545713381841189
3	0.0448017148981779
3	0.0798989113530327
3	0.0448862471817996
3	0.0819588936818066
3	0.0761581920903955
3	0.0461010299166258
3	0.105976896032145
3	0.0839138695376821
3	0.0902031063321386
3	0.0620949195065858
3	0.0578989255869479
3	0.0421377183967112
3	0.0741258741258741
3	0.0675625233296006
3	0.0568720379146919
3	0.102762102762103
3	0.0567511280805276
3	0.0547022932884494
3	0.0564297341291373
3	0.0436994911703083
3	0.0461234350977378
3	0.0595624864630713
3	0.0417937219730942
3	0.0694234832478117
3	0.0828533451484271
3	0.0536228093120586
3	0.0544593528018942
3	0.0272472625413802
3	0.050997150997151
3	0.0746003552397869
3	0.0705555555555556
3	0.0687006614038831
3	0.0645161290322581
3	0.0640343698854337
3	0.0483757887356859
3	0.0669842214944924
3	0.0619195046439628
3	0.0958408679927667
3	0.028274528757854
3	0.0683034890160606
3	0.0597429663077457
3	0.0434782608695652
3	0.0833333333333333
3	0.049510193275086
3	0.0532620320855615
3	0.0415954415954416
3	0.0494713744264911
3	0.0683016877637131
3	0.0834329428639732
3	0.0671848972792893
3	0.0699753390875462
3	0.0635621275656588
3	0.0589557399723375
3	0.0794952681388013
3	0.0477223427331887
3	0.102319801159901
3	0.0434071921540138
4	0.0729770336982185
4	0.0656362007168459
4	0.0663724047735818
4	0.0888707704851203
4	0.0517943743937924
4	0.0541917554423344
4	0.111466535433071
4	0.055774565630019
4	0.0294554455445545
4	0.0539367637941724
4	0.100354191263282
4	0.0523579650946899
4	0.0539296889379717
4	0.0516721687957514
4	0.0797222887239646
4	0.0623496391339214
4	0.0797186400937866
4	0.0597603279722485
4	0.0706512042818912
4	0.0598614775725594
4	0.0739750445632799
4	0.0758906783796974
4	0.0416027280477408
4	0.0776299879081016
4	0.0593193880736809
4	0.061731843575419
4	0.0627579336843603
4	0.0721305031446541
4	0.0632710609799084
4	0.0857457954232148
4	0.0633147113594041
4	0.0902612826603325
4	0.041830288543623
4	0.0424393041483464
4	0.0521390374331551
4	0.057859881491809
4	0.0539207348188467
4	0.0777848235045445
4	0.0665256229431124
4	0.0644329896907216
4	0.0670331994079087
4	0.0674856413529036
4	0.0511046047378227
4	0.0535905680600214
4	0.0745924584225259
4	0.0680727023319616
4	0.104544436982315
4	0.0754263226934849
4	0.0546341463414634
4	0.0591768238827062
4	0.0517799352750809
4	0.0696082160517307
4	0.063085263676688
4	0.0850955414012739
4	0.0777498284930254
4	0.0559848875150266
4	0.0627450980392157
4	0.0608097784568373
4	0.05863539445629
4	0.0543066993100378
4	0.0362830405516336
4	0.0565319273579379
4	0.0668436293436293
4	0.0491420956188572
4	0.0676274944567627
4	0.0740740740740741
4	0.0707070707070707
4	0.0751555768310196
4	0.0654205607476635
4	0.0408163265306122
4	0.0536196842554402
4	0.0786464410735122
4	0.0601279317697228
4	0.0707947530864197
4	0.0508794882977177
4	0.0687867265814034
4	0.0483796296296296
4	0.0552763819095477
4	0.058411214953271
4	0.0687151781191963
4	0.0595395219240358
4	0.0520570948782536
4	0.0467997247075017
4	0.0525133874589739
4	0.0592
4	0.0460526315789474
4	0.0666418466120625
4	0.0568807339449541
4	0.0701386649467914
4	0.0476956055734191
4	0.0542285345384119
4	0.044979079497908
4	0.0499434602336977
4	0.0512663085188028
4	0.0561289154445048
4	0.0638655462184874
4	0.0522822920038848
4	0.0563807214307366
4	0.057896665445218
4	0.0486187845303867
5	0.082093023255814
5	0.0541014768240971
5	0.0546704678852926
5	0.0754580868561535
5	0.0575916230366492
5	0.0431131923139028
5	0.0678110129163834
5	0.0756620428751576
5	0.0511650643636956
5	0.0552699228791774
5	0.0500464828013635
5	0.0632539941310727
5	0.0671372008951627
5	0.0501402952299622
5	0.0628406540557871
5	0.0622393326916907
5	0.0490380442644293
5	0.0616913852950458
5	0.0630588235294118
5	0.0865282215122471
5	0.0859030837004405
5	0.068758344459279
5	0.0482616986944404
5	0.0669164882226981
5	0.0537753807106599
5	0.0728262719074358
5	0.0721941354903943
5	0.0503355704697987
5	0.055359246171967
5	0.0691051033685124
5	0.0506027288382567
5	0.0609303341340904
5	0.0702516748144125
5	0.0820868296242247
5	0.0477839335180055
5	0.0528862195528862
5	0.0654580152671756
5	0.0848431285903668
5	0.0583183543039744
5	0.0675544007794739
5	0.0669425949253194
5	0.0578398281681497
5	0.0685378590078329
5	0.0483967337183828
5	0.0570420464569244
5	0.0527811004784689
5	0.0790016501650165
5	0.083349012229539
5	0.0668984931280013
5	0.0629426915647135
5	0.0571176210805241
5	0.0572569906790945
5	0.0539432693884243
5	0.0494007989347537
5	0.0581754668816337
5	0.0509761388286334
5	0.0748905819419679
5	0.0569383945239577
5	0.0764872521246459
5	0.0593276203032301
5	0.080711789005402
5	0.051242577523642
5	0.0582072176949942
5	0.0613111413043478
5	0.0611015490533563
5	0.0582540760869565
5	0.0536734693877551
5	0.0585096596136155
5	0.0587928335362672
5	0.0463652922669316
5	0.0669550498401354
5	0.0569830713422007
5	0.0476603119584055
5	0.0647854399732844
5	0.0642701525054466
5	0.0564746149458072
5	0.079215296746958
5	0.0473154362416107
5	0.0776186887716654
5	0.0486553707445982
5	0.0603844546594233
5	0.084765511214681
5	0.0644615184268785
5	0.0482512491077802
5	0.0635078969243558
5	0.0629079042784627
5	0.0579199549041714
5	0.061654563576819
5	0.0587060702875399
5	0.0824240062353858
5	0.0705821741370428
5	0.0536036036036036
5	0.0821578817124474
5	0.0485081137672308
5	0.0386168158680007
5	0.0669462333383256
5	0.0681338028169014
5	0.0611353711790393
5	0.06056236481615
5	0.0614817962884261
6	0.0619221070327823
6	0.0616817384262384
6	0.0800062627211523
6	0.064656381486676
6	0.0674140049140049
6	0.0534898891063275
6	0.0538000544810678
6	0.053040293040293
6	0.0687044707898872
6	0.0743576654755828
6	0.0572131651799446
6	0.0574599606631076
6	0.0588654503990878
6	0.0514800514800515
6	0.0680085987883526
6	0.0535183349851338
6	0.0631920064812314
6	0.0756467439785905
6	0.0623275645849009
6	0.0598027916506595
6	0.0604460093896714
6	0.0677356020942408
6	0.0603035974215013
6	0.0481283422459893
6	0.0873101952277657
6	0.0666035950804163
6	0.0514954486345904
6	0.0584406959755612
6	0.0569811817344387
6	0.0562089715536105
6	0.0560323069156991
6	0.0542825634113467
6	0.077728285077951
6	0.0566316922249126
6	0.0626133035838795
6	0.0691951896392229
6	0.0626607435118073
6	0.060309441111462
6	0.0632688927943761
6	0.0712556732223903
6	0.0582553128250854
6	0.0767738807176337
6	0.0622462787550744
6	0.0679965055329062
6	0.0853540252182347
6	0.0783099617556001
6	0.060649406379631
6	0.0637239165329053
6	0.061703760552571
6	0.0768049155145929
6	0.0657165479018211
6	0.0705818965517241
6	0.0600118835412953
6	0.0595905776780707
6	0.048834628190899
6	0.0543117744610282
6	0.039568855481492
6	0.0575100610151889
6	0.0453586497890295
6	0.0481518198555445
6	0.070970695970696
6	0.0564919429523986
6	0.0562645011600928
6	0.0616338439095551
6	0.0610003379520108
6	0.0541960913122023
6	0.0711821887739103
6	0.069921742089146
6	0.056208620456695
6	0.0518798005659615
6	0.0498242396454226
6	0.0708847910675013
6	0.066482419775833
6	0.0640198511166253
6	0.0444370751119217
6	0.0525349008082292
6	0.0538095238095238
6	0.0498321714433256
6	0.0530054644808743
6	0.048394257806719
6	0.0709587123862841
6	0.0565618591934381
6	0.0540042149631191
6	0.0622350674373796
6	0.0687738798193817
6	0.0646905294556301
6	0.0700992555831265
6	0.0565705778860468
6	0.0634390651085142
6	0.0773036487322202
6	0.0750869061413673
6	0.0625
6	0.0728136882129278
6	0.058590384283991
6	0.0457834884064392
6	0.0583534378769602
6	0.0867202268431002
6	0.0560047038071439
6	0.0620641562064156
6	0.0611768368617684
7	0.0592707525213344
7	0.0517300839176917
7	0.0515942756716043
7	0.0650406504065041
7	0.0840944881889764
7	0.0514110697877926
7	0.0546289040635845
7	0.0537387017255546
7	0.047432239657632
7	0.0623942867881977
7	0.0492152978820661
7	0.0634543603664744
7	0.0667623833452979
7	0.0634946411172459
7	0.0698851469729414
7	0.0654244886522835
7	0.0813672673230541
7	0.0606873019741652
7	0.0675446848541863
7	0.0555699818229031
7	0.0803206281694749
7	0.0656876884751541
7	0.0724914154902709
7	0.0713625154130703
7	0.0623457591895051
7	0.0652745552977572
7	0.0538597376387487
7	0.0674854557207498
7	0.0575235109717868
7	0.0643438793218529
7	0.0615027955816173
7	0.0528548915020002
7	0.0712131367292225
7	0.0557806591031875
7	0.0580529154893398
7	0.048374613003096
7	0.0557775046097111
7	0.0558375634517767
7	0.0554139421478444
7	0.0649164677804296
7	0.0583806818181818
7	0.0651275473849223
7	0.0554396423248882
7	0.0606516976998905
7	0.067717206132879
7	0.063047711781889
7	0.0689655172413793
7	0.0676844783715013
7	0.0514794685990338
7	0.0651135870351613
7	0.0917075163398693
7	0.0570078274996308
7	0.0533215495654736
7	0.0759389186958316
7	0.0624708624708625
7	0.063508064516129
7	0.0639103217353326
7	0.0712171052631579
7	0.0580681183696259
7	0.0572725042923718
7	0.073175391669851
7	0.0706384323640961
7	0.0527855338385853
7	0.056768038163387
7	0.0439663236669785
7	0.0547845142439737
7	0.0603660911333247
7	0.0574035914041802
7	0.0549215406562054
7	0.0649060570227303
7	0.0554565966037288
7	0.0442602220036532
7	0.0502873563218391
7	0.0544488711819389
7	0.0663010162929505
7	0.0632895559724828
7	0.0792442188381275
7	0.0595323311858745
7	0.0576105973506623
7	0.0652242082157416
7	0.061842276211511
7	0.0529708191726239
7	0.0636959721664659
7	0.0626980846079647
7	0.0610113361355241
7	0.0505023079011675
7	0.0576983380370022
7	0.0597334967069995
7	0.0613463626492942
7	0.0569455303622622
7	0.0530927160978161
7	0.051962342584668
7	0.0657011656658425
7	0.0567357512953368
7	0.0785591766723842
7	0.0523206751054852
7	0.0577060931899642
7	0.0859312549960032
7	0.0586423885392958
7	0.065847883989346
8	0.0447227191413238
8	0.0493911850454467
8	0.0687306501547988
8	0.0577551287076963
8	0.05991981796511
8	0.0418513047759724
8	0.0609468277106761
8	0.0684157124220902
8	0.0552056317154502
8	0.0609356376638856
8	0.05425642207119
8	0.0596641657734905
8	0.0662379421221865
8	0.0845070422535211
8	0.0675177678336404
8	0.0477307214788247
8	0.0523269012485812
8	0.072107765451664
8	0.0521433943344197
8	0.0651595744680851
8	0.06296032311713
8	0.0578034682080925
8	0.0503615374857288
8	0.0567002323780015
8	0.0917682168614773
8	0.0593455352190793
8	0.0530132533133283
8	0.061925199264255
8	0.0514757146177086
8	0.0575961126196942
8	0.0699274455841881
8	0.0597688187200451
8	0.0566546762589928
8	0.0627972027972028
8	0.0455294117647059
8	0.0662642521797451
8	0.0620225301048815
8	0.0621906333291027
8	0.0650324441240086
8	0.060296371997956
8	0.0550173010380623
8	0.0603683897801545
8	0.0596507144477206
8	0.0425658050746976
8	0.073654786862334
8	0.0469647482824642
8	0.0603346067711764
8	0.0709326327641208
8	0.0558671505553723
8	0.0624207411582359
8	0.0577967864986707
8	0.0594510367973151
8	0.0606734434561626
8	0.0522618020460989
8	0.0498089014918013
8	0.0624738530191047
8	0.0546673543063435
8	0.0634019982730973
8	0.0712640563609267
8	0.0582142388881605
8	0.058972198820556
8	0.0656137647663071
8	0.0528923572401833
8	0.0685518423307626
8	0.0517130758372899
8	0.0593391773432232
8	0.0635006784260516
8	0.0672020287404903
8	0.0582399626517274
8	0.0689897923266456
8	0.0541441066222407
8	0.0586845704339177
8	0.0572534919098327
8	0.0595587297538579
8	0.0514347590687602
8	0.057542383368395
8	0.0672514619883041
8	0.0575993555316864
8	0.0588313237047834
8	0.056486224560432
8	0.0500130582397493
8	0.0587353161709573
8	0.0574013855506857
8	0.0709450663889612
8	0.0603493912122816
8	0.0621935845356493
8	0.0598991172761665
8	0.0511182108626198
8	0.0796210106382979
8	0.0657182424776533
8	0.0592191840912414
8	0.0709230102556695
8	0.0656364974245769
8	0.064861893637488
8	0.0700700700700701
8	0.0628824969400245
8	0.0610472541507024
8	0.0442342111991818
8	0.0631739010229472
8	0.0635437881873727
9	0.0617633726201269
9	0.0639088729016787
9	0.0457296570275723
9	0.0664143572213405
9	0.0543729754743174
9	0.0682858148539247
9	0.0573316031614958
9	0.0608369476028602
9	0.0571748878923767
9	0.0542894001290045
9	0.0590471363405981
9	0.0574142480211082
9	0.0557869493878581
9	0.0658335193037268
9	0.0655980603448276
9	0.0550584996558844
9	0.0589516852492631
9	0.0665369176499209
9	0.0686333534015653
9	0.0562442907477489
9	0.0582145901838996
9	0.0537765017667845
9	0.0556088207094919
9	0.0563333700804762
9	0.0608004888481515
9	0.0606504541459127
9	0.0632336236274139
9	0.0594800420168067
9	0.0574787016068155
9	0.0507547582585867
9	0.0574261516215658
9	0.0503075571177504
9	0.0584512285927029
9	0.0534376746785914
9	0.0571636187477292
9	0.0564096048786685
9	0.0600654849271762
9	0.0579198907601274
9	0.0511390051139005
9	0.0566775244299674
9	0.0549313358302122
9	0.0521642619311876
9	0.0446497305619707
9	0.0553956005988714
9	0.0529113027046179
9	0.0592506158433813
9	0.0550842091933646
9	0.0635681790237305
9	0.0558946738479952
9	0.0504070480651277
9	0.0647037440930571
9	0.0730033581544751
9	0.0520984081041968
9	0.0499288295193255
9	0.0645304193738925
9	0.0562080536912752
9	0.0477456519330896
9	0.0548993875765529
9	0.0594132545377797
9	0.0556858871465613
9	0.0534443105902968
9	0.0449492508458192
9	0.0617625812665543
9	0.054602364943195
9	0.0614035087719298
9	0.0603768747596462
9	0.0629551327225746
9	0.0533412887828162
9	0.0560635750054431
9	0.0570050427537821
9	0.0542664211172498
9	0.0691218130311615
9	0.0693799508331057
9	0.0637947592262313
9	0.0607824556653581
9	0.0611852522053834
9	0.0607470912431108
9	0.0522239665096808
9	0.0617421430339025
9	0.0598750807667456
9	0.0530516431924883
9	0.0561977373339892
9	0.0636483727633001
9	0.0575169167402177
9	0.0510152284263959
9	0.0725240447101638
9	0.0628795546558704
9	0.0674790205770778
9	0.0746468401486989
9	0.0523895220955809
9	0.0646519692841219
9	0.060161662817552
9	0.0608099530278025
9	0.0535778068817716
9	0.0534548589727799
9	0.0550877192982456
9	0.0568840198040662
9	0.0656063618290258
9	0.0585918266863614
9	0.0579012207414044
10	0.0545702592087312
10	0.0569846955389124
10	0.0613539384154077
10	0.0695251937984496
10	0.0599442896935933
10	0.0677966101694915
10	0.0538852913968548
10	0.0681034482758621
10	0.0503472222222222
10	0.0579430226943506
10	0.0554103502352326
10	0.0655619596541787
10	0.0491164241164241
10	0.0573744267889517
10	0.0523438408747237
10	0.059911586784551
10	0.0612825563580652
10	0.0531328896029378
10	0.0584600173031764
10	0.0610277199517914
10	0.0563308546399104
10	0.0622250970245796
10	0.0691089425691889
10	0.0469649977846699
10	0.0520078999341672
10	0.0623229461756374
10	0.0530884808013356
10	0.0530436484634958
10	0.0591052299936988
10	0.0581446471752033
10	0.0654583387664624
10	0.0568449033841121
10	0.0567757977621218
10	0.054862023653088
10	0.0505879742622587
10	0.0509305694862365
10	0.0629139072847682
10	0.0538534056092387
10	0.0574400189102943
10	0.0537681798148964
10	0.0502258550225855
10	0.0684043995781227
10	0.0644842495367511
10	0.0649707392810223
10	0.0577632117984433
10	0.0558234992303746
10	0.0518775775993054
10	0.0443304843304843
10	0.0566279193771995
10	0.05116573478215
10	0.0592592592592593
10	0.0626858842370167
10	0.0698798020268678
10	0.0661211561303946
10	0.0591048436541999
10	0.0676907705757462
10	0.0711462450592885
10	0.0640375819013475
10	0.065082523703617
10	0.0582191780821918
10	0.0596083231334149
10	0.0552588808915719
10	0.0571767497034401
10	0.0575291241190853
10	0.054444560778976
10	0.0553482587064677
10	0.0580579562785968
10	0.0577173270254287
10	0.0731921293395162
10	0.0556726596404216
10	0.0640250987683012
10	0.0656147271531887
10	0.0617565781569146
10	0.0626267446021711
10	0.0627511226660364
10	0.0420047242477149
10	0.0568805151442881
10	0.0549964895857711
10	0.0562962962962963
10	0.0539675280128059
10	0.0560700111936501
10	0.058318500680557
10	0.0665919641427885
10	0.0627270525550981
10	0.0642700386665273
10	0.0585734529995276
10	0.0621286489279256
10	0.0511008111239861
10	0.0780853055221286
10	0.0530476626947754
10	0.0722377877938848
10	0.0632768361581921
10	0.0610670433554276
10	0.0612097935669707
10	0.0477630618416936
10	0.0620653866113129
10	0.0591079414964342
10	0.0521438279995057
10	0.0557227352910657
10	0.0591506572295248
11	0.0657219643293428
11	0.0538438822718772
11	0.0576085949800871
11	0.0522546932455971
11	0.0539778885757641
11	0.0686596184226516
11	0.0584039233169862
11	0.0600899742930591
11	0.0560210902928161
11	0.0556668423827095
11	0.0522418757712875
11	0.0575254418853776
11	0.0481836800689878
11	0.0526538828265706
11	0.0705563093622795
11	0.0527777777777778
11	0.061606648199446
11	0.0633517887563884
11	0.0587298215802889
11	0.0527881754486995
11	0.0622387891110358
11	0.057627875809694
11	0.0704459203036053
11	0.0545090180360721
11	0.0602742638460721
11	0.0524332113956324
11	0.0512640449438202
11	0.0636617100371747
11	0.0636626705250103
11	0.0620734481637959
11	0.056341000211015
11	0.0499092558983666
11	0.063161450123846
11	0.0604204077321221
11	0.0578310696095076
11	0.0732488154693303
11	0.0589791643699702
11	0.0518038852913969
11	0.0621217734963567
11	0.0697737433952039
11	0.062015503875969
11	0.0594424706203881
11	0.0607187112763321
11	0.0563570316554229
11	0.0545863213100717
11	0.0562469850458273
11	0.0544512581941214
11	0.0647270349787512
11	0.0527687296416938
11	0.051340165549862
11	0.0580989330746848
11	0.051748711764061
11	0.0501204819277108
11	0.064808596373405
11	0.0523005974216539
11	0.0635426889106968
11	0.0557616638560989
11	0.0591832504145937
11	0.0587717367378384
11	0.0536187113857017
11	0.055433801727472
11	0.0530357325688543
11	0.0647096362476069
11	0.0520879120879121
11	0.0541483845233347
11	0.0527478597072632
11	0.0498028636646607
11	0.0552793560606061
11	0.0592953929539295
11	0.0568181818181818
11	0.0562775330396476
11	0.0539134054954205
11	0.0658455708195168
11	0.0595546349041947
11	0.060330497702161
11	0.0562636562272396
11	0.0517872523686477
11	0.0599635935324981
11	0.0595712592911774
11	0.0496235818046867
11	0.0656695489600374
11	0.0656173344235487
11	0.0483825597749648
11	0.0532412327311371
11	0.0476238522853395
11	0.0510633584404076
11	0.0489990467111535
11	0.0686247216035635
11	0.0594987363100253
11	0.061226812336406
11	0.0595376332735142
11	0.0617783597190811
11	0.052657663238756
11	0.0639237884854342
11	0.0556181040306237
11	0.0543787543471388
11	0.0554434413170473
11	0.0609902721608919
11	0.0539679050340734
11	0.0512930113272067
12	0.0602409638554217
12	0.0551972685887709
12	0.0505535826195947
12	0.0598981731057203
12	0.0586088687382506
12	0.0587992146326341
12	0.0588235294117647
12	0.0573510773130545
12	0.0582048401919739
12	0.0571361114390273
12	0.0546058879392213
12	0.0727206062087509
12	0.0491675338189386
12	0.0574077932902688
12	0.0517384967728503
12	0.0567348881485007
12	0.0705586942875078
12	0.0621855934924542
12	0.0661126726139558
12	0.0612957971448537
12	0.0510404397330192
12	0.0602085435586949
12	0.0412688941925219
12	0.0552104899930987
12	0.055750273822563
12	0.0531736023539302
12	0.0615717517458444
12	0.0629253598125628
12	0.0533176621433914
12	0.0575784056704534
12	0.0525437864887406
12	0.0542346987491645
12	0.0662472242783124
12	0.0512411524274748
12	0.0498458376156218
12	0.0677639046538025
12	0.0579682956570678
12	0.0542582417582418
12	0.0529663340278539
12	0.0547023988758406
12	0.0655811341942729
12	0.0537846732487071
12	0.0640415404586759
12	0.0606511812586857
12	0.050791916985254
12	0.0537103216312802
12	0.0557506117672093
12	0.0618397320278279
12	0.0582787440704766
12	0.0724928669555109
12	0.0553538129355187
12	0.0563684572326426
12	0.0581468974250739
12	0.0547349251315257
12	0.0570579799221471
12	0.0460226145606031
12	0.0664185836716283
12	0.0541095890410959
12	0.0571491615180936
12	0.0566000590609312
12	0.0540157798907546
12	0.0667632634864021
12	0.0603740566553648
12	0.0509716470213444
12	0.0496475027306126
12	0.0572765072765073
12	0.0575212083591972
12	0.0594626865671642
12	0.0539714867617108
12	0.053744763461735
12	0.0486838093302165
12	0.0608196917194408
12	0.0558537070164977
12	0.0492898913951546
12	0.0547086171477998
12	0.0542563143124415
12	0.0584457289659602
12	0.0622041175822966
12	0.0546088689586447
12	0.056160580824258
12	0.0621984613378537
12	0.0639194327407255
12	0.0514705882352941
12	0.0551891367604268
12	0.0609567901234568
12	0.0569537751930212
12	0.060323796850743
12	0.0507966066625284
12	0.0609785202863962
12	0.0576750448833034
12	0.0665776986951364
12	0.0610605767369847
12	0.0524859046642747
12	0.0651379195746095
12	0.0601052631578947
12	0.0561332767402377
12	0.0492787297899119
12	0.0560766515380736
12	0.0544466310561334
12	0.0531705803248164
13	0.0579352850539291
13	0.0542782886845262
13	0.0514199655765921
13	0.0754550050556117
13	0.0635191303421081
13	0.0515304145679969
13	0.0546045711006981
13	0.0633983572895277
13	0.0579031399680681
13	0.0568970877811172
13	0.0531101867079423
13	0.0492295765093517
13	0.0573351903435469
13	0.0611415803371928
13	0.0575455079271873
13	0.063655462184874
13	0.0574617229293488
13	0.0558264028295574
13	0.0669720227779153
13	0.0740504715778741
13	0.0553980370774264
13	0.0584609266255717
13	0.0553347903834691
13	0.057785574244144
13	0.056547619047619
13	0.0608288770053476
13	0.0554068787788681
13	0.0539554152692839
13	0.0674332923970079
13	0.0524640657084189
13	0.051795748839482
13	0.067329062622565
13	0.063118667753581
13	0.0523991166432443
13	0.0530599629095405
13	0.0543157036584123
13	0.0503560004127541
13	0.0560425798371947
13	0.0564778367277084
13	0.063639172072907
13	0.050572785694328
13	0.0636963696369637
13	0.0582054187699598
13	0.0565061679267807
13	0.0525415198792149
13	0.0489299924723089
13	0.0605576096732287
13	0.0608242539081004
13	0.054227756577626
13	0.0622433542251999
13	0.058298755186722
13	0.0606320299946438
13	0.0590327853091049
13	0.0626380244930737
13	0.0565740193179578
13	0.0497912636187761
13	0.0616296575084682
13	0.0523637075462465
13	0.0586765293882447
13	0.0594427903019992
13	0.0588122605363985
13	0.0602131950446557
13	0.0653214774281806
13	0.0558510638297872
13	0.0566094549834387
13	0.0641058581706064
13	0.057756666306812
13	0.0500884461409552
13	0.052971693819969
13	0.0560846560846561
13	0.0589170287167532
13	0.055886524822695
13	0.0795395081109367
13	0.0508281573498965
13	0.048811013767209
13	0.0548757170172084
13	0.0580639252678817
13	0.0512919398380255
13	0.0623771029058335
13	0.0589868147120056
13	0.0623473304641154
13	0.0617047061199758
13	0.057543716958113
13	0.0476976542137272
13	0.0512072892938497
13	0.0529494664787598
13	0.0535750050070098
13	0.0534494704543205
13	0.0561088977423639
13	0.0703173615432483
13	0.0584982537834692
13	0.0559850081986414
13	0.0613648024628014
13	0.0654253677605185
13	0.0539645431521527
13	0.0541753653444676
13	0.0520361990950226
13	0.0546405735322612
13	0.0577452850180123
13	0.0554520037278658
14	0.0571537799866195
14	0.0509031198686371
14	0.063332284785572
14	0.0649059024807528
14	0.0571994165451136
14	0.0502025054158425
14	0.0492524916943522
14	0.0524732620320856
14	0.051766415402779
14	0.0616700201207243
14	0.0622637756116968
14	0.0525050841190608
14	0.0588235294117647
14	0.0642631394123844
14	0.0584044046205333
14	0.0576073865917302
14	0.0604133545310016
14	0.0556201377090226
14	0.0569047860989737
14	0.0609218060640195
14	0.0618085862173957
14	0.0523696169660247
14	0.0568931858324812
14	0.0516320474777448
14	0.0566944580676802
14	0.0622372723026623
14	0.0627101879327399
14	0.0617386777719938
14	0.0605733359513057
14	0.0617569700157812
14	0.0677251026979016
14	0.0567487340667016
14	0.0476930105070809
14	0.0565759113982464
14	0.0553846153846154
14	0.0582972050548842
14	0.052477850258008
14	0.0535420098846787
14	0.0592515592515593
14	0.0530225117129471
14	0.0463215258855586
14	0.0500173370319001
14	0.0531459419210722
14	0.0498788911814838
14	0.0541993077063217
14	0.0662636861313869
14	0.0591925804691762
14	0.0520563171545017
14	0.0584131611828405
14	0.0613394350083605
14	0.049004313113701
14	0.0533452098178939
14	0.0531102218988723
14	0.0653681710213777
14	0.0557284040995608
14	0.0593746710180019
14	0.053566229985444
14	0.0596774193548387
14	0.0600053816485783
14	0.0561577275275649
14	0.0548456850796147
14	0.061711079943899
14	0.0613776722090261
14	0.0539581114660987
14	0.0553501945525292
14	0.0607181522915915
14	0.0596013018714402
14	0.0556160406459808
14	0.0566213833869128
14	0.0621662852784134
14	0.0543547651618787
14	0.0543940628111141
14	0.0539592870361352
14	0.0608879492600423
14	0.0540093929379022
14	0.0586634128027032
14	0.0482644305772231
14	0.0691102060965075
14	0.0628571428571429
14	0.0544913151364764
14	0.0659146986253084
14	0.0527448869752422
14	0.0513133781307269
14	0.0542627569654597
14	0.0609507457881747
14	0.062625050020008
14	0.0460820895522388
14	0.0582513416815742
14	0.0632563815722567
14	0.0484101976511028
14	0.0546983184965381
14	0.053687482339644
14	0.0547309833024119
14	0.0591990116338927
14	0.0539985719385934
14	0.0619697132424015
14	0.0541389836595439
14	0.0582304720625648
14	0.0557737627651218
14	0.0508827613568736
15	0.0557761892154267
15	0.0637740789227604
15	0.0573831084827204
15	0.055897487639996
15	0.0510582992944671
15	0.055417406749556
15	0.053357161092673
15	0.0470654947547491
15	0.0592457886676876
15	0.0611314772614683
15	0.0489774422891249
15	0.0565662308129619
15	0.0606704220149598
15	0.0544966957188009
15	0.0618090452261307
15	0.0505040322580645
15	0.0673553719008265
15	0.0633854549270648
15	0.0639727361246349
15	0.044985593456641
15	0.0648096147366056
15	0.057513202112338
15	0.0560364058177924
15	0.0586443259710586
15	0.0509301897218641
15	0.0625992712323648
15	0.0598711189220855
15	0.0631990058583348
15	0.0462533881262569
15	0.0568181818181818
15	0.0520379146919431
15	0.0581372927111454
15	0.0564950038431975
15	0.0570306656694091
15	0.0616901408450704
15	0.0488842580533125
15	0.0497073306698876
15	0.0548714233973198
15	0.0580966274779027
15	0.0585491241431835
15	0.0515463917525773
15	0.0468887713731712
15	0.0556024378809189
15	0.0537974683544304
15	0.0564507955812304
15	0.0576595018764927
15	0.0495837857401375
15	0.0588451298999357
15	0.047346861007907
15	0.056059204440333
15	0.0541112710644424
15	0.0574890670553936
15	0.0545421379058738
15	0.0557902823122719
15	0.050250797993616
15	0.0671259842519685
15	0.0572760865739926
15	0.0579517579721995
15	0.0589890365770835
15	0.0484030589293747
15	0.0586092995680529
15	0.0681737483725885
15	0.0573689416419387
15	0.0589997503536656
15	0.0549284418464019
15	0.0527270990543509
15	0.0505021243723445
15	0.0652150709787597
15	0.0536488439306358
15	0.0577545195052331
15	0.0580609822895746
15	0.0571508224142738
15	0.0575632421270005
15	0.0536347093190307
15	0.0591257148395851
15	0.062882973380211
15	0.0570472916473102
15	0.06147964455466
15	0.0556007318560683
15	0.0516391686308121
15	0.0590486604702023
15	0.0529277131413313
15	0.0495337496791856
15	0.06327025715672
15	0.0575599776827227
15	0.0515234508729887
15	0.0572139303482587
15	0.053479381443299
15	0.0656495607951919
15	0.0532322630099651
15	0.0522910573429053
15	0.0606671554252199
15	0.0671969001733456
15	0.0543333965484544
15	0.0608062817198123
15	0.0567158269820845
15	0.056099732858415
15	0.0479408849238533
15	0.0497895493275844
15	0.0610620328123483
16	0.0513773710799733
16	0.0601837826921135
16	0.0543410921320471
16	0.0518056024299696
16	0.0518554927500614
16	0.056553048487758
16	0.0605077304829166
16	0.0547880393641181
16	0.0555955194738465
16	0.0560273133152412
16	0.0649377810310572
16	0.064788455875135
16	0.0595217466643563
16	0.0558256966523284
16	0.051364744749469
16	0.0546496253856324
16	0.0607324516785351
16	0.0464576074332172
16	0.0671687990094924
16	0.05474177617812
16	0.0556004852405985
16	0.0529011828257428
16	0.0626990445859873
16	0.051839939457005
16	0.0589714924538849
16	0.0662897683183682
16	0.0525736539112767
16	0.0540638936925457
16	0.059424645770717
16	0.0523981147768228
16	0.0570298335256305
16	0.0599443554506365
16	0.0564020315423683
16	0.0549066494987584
16	0.0487456477100259
16	0.0536977211211036
16	0.0549542825153947
16	0.0545310853530032
16	0.0493480772404687
16	0.0589467930029154
16	0.055605868502083
16	0.0519125683060109
16	0.0602790697674419
16	0.0556747269890796
16	0.05994455994456
16	0.0502363518398369
16	0.0506701868399675
16	0.0522441468152541
16	0.0602957906712173
16	0.051037983863657
16	0.0535530381050463
16	0.0540862318224339
16	0.0563191717243842
16	0.0601483357452967
16	0.0582471420794774
16	0.0539047619047619
16	0.0492900935785737
16	0.0570118608591648
16	0.0649855476926144
16	0.0649786732008349
16	0.0576431613819214
16	0.0581118603728679
16	0.0515483746874399
16	0.0612227447627191
16	0.0568444550745436
16	0.0495066794726273
16	0.0582340195016251
16	0.0629215559456713
16	0.0503591316277944
16	0.054153671675645
16	0.056283731688512
16	0.0539568345323741
16	0.0538971055258144
16	0.0564047987616099
16	0.0585953044170314
16	0.0567977111370139
16	0.0664563013960604
16	0.0584098121622781
16	0.0560933448573898
16	0.0573615573615574
16	0.047696384306351
16	0.0562910841588742
16	0.0632095734888002
16	0.0539547792016978
16	0.0569560354469586
16	0.0549392498679345
16	0.0612143495975355
16	0.0512683101107538
16	0.0591114457831325
16	0.0504982266509036
16	0.0564881176914372
16	0.058411214953271
16	0.0560973344478499
16	0.0607146513770861
16	0.0516242317822651
16	0.059427070508085
16	0.0555231427460132
16	0.0461859615551883
16	0.0559235348369246
16	0.053566229985444
17	0.0551711903494767
17	0.0533184511032884
17	0.0534529147982063
17	0.0563457832430944
17	0.0531310981018272
17	0.054831657192829
17	0.059661139149243
17	0.0526164462334675
17	0.0557201036653091
17	0.0567174455633015
17	0.0534936400069699
17	0.0549226322054072
17	0.0493396461500125
17	0.0554040981444024
17	0.0587736648770839
17	0.0566663756221077
17	0.0507068483873698
17	0.058084516234296
17	0.050430504305043
17	0.0650329877474081
17	0.0539720020239501
17	0.0582653570834027
17	0.057807671332485
17	0.0565187239944522
17	0.059599636032757
17	0.0524759168497549
17	0.0540282716156448
17	0.0565390173410405
17	0.0562119584675976
17	0.0567089062640424
17	0.0589991855940639
17	0.0544922691182616
17	0.0506134969325153
17	0.0644133268952197
17	0.052990930398451
17	0.0604374145674673
17	0.057923045097228
17	0.0597407306681171
17	0.0617927070235315
17	0.0543203181489516
17	0.0579143211525618
17	0.0570884083188334
17	0.0571597933779321
17	0.0574874548815917
17	0.0546149170791005
17	0.0491717065474625
17	0.0504081460910544
17	0.0550768983009904
17	0.0532183607699678
17	0.0537280701754386
17	0.060916990201516
17	0.0570314985682469
17	0.0598208851404226
17	0.0573282374900009
17	0.0554256314312442
17	0.0480192076830732
17	0.0568637274549098
17	0.0659088738179387
17	0.0553090801538006
17	0.0552107457156091
17	0.0576490691608958
17	0.0496289424860853
17	0.0561206594177482
17	0.0651816875384931
17	0.053238199780461
17	0.0648709776909633
17	0.0605390185036203
17	0.0499038629610208
17	0.0581383255330213
17	0.0577248065462955
17	0.0535135635589297
17	0.0482299042065806
17	0.0527303754266212
17	0.0579223504721931
17	0.0500683526999316
17	0.0589523328280276
17	0.0582814445828144
17	0.0560183066361556
17	0.0530017583521728
17	0.05555036004863
17	0.0572501603004488
17	0.057511444028298
17	0.0710529260378203
17	0.0668713001534751
17	0.0524071771184935
17	0.0552675430475838
17	0.0546293011706279
17	0.0602348568049337
17	0.052027027027027
17	0.0539292640132976
17	0.0548558170367915
17	0.0566481603462878
17	0.0598109373619578
17	0.0587732055778937
17	0.0602177554438861
17	0.0609283461018477
17	0.0551222970577809
17	0.0581414609905582
17	0.0713725490196078
17	0.0480290368869756
18	0.0508474576271186
18	0.0517063081695967
18	0.0569248311551618
18	0.0591116075264198
18	0.0560688974612003
18	0.0511206896551724
18	0.0514501065049975
18	0.0509078849183318
18	0.0517982977944541
18	0.0531146956599234
18	0.0541719077568134
18	0.0438686303851303
18	0.05503300330033
18	0.0547640249332146
18	0.0546129374337222
18	0.0561788274989456
18	0.0564961182302872
18	0.0598459057516574
18	0.0609929078014184
18	0.0553538216278452
18	0.0583009439200444
18	0.05440215301807
18	0.0546817700268927
18	0.0525957446808511
18	0.0547442465020261
18	0.0623163441078123
18	0.05488053494251
18	0.0524646378054008
18	0.0573325286662643
18	0.0502279320348114
18	0.0503914334563124
18	0.0585480093676815
18	0.052671307556823
18	0.0631673396141768
18	0.0509121061359867
18	0.0559103861648816
18	0.0654571326929918
18	0.0514356029532404
18	0.0565232240437158
18	0.0466601614477069
18	0.0502291000259358
18	0.0568143100511073
18	0.0572
18	0.0577163161432824
18	0.0474678255055992
18	0.0562850059682306
18	0.0481125716211662
18	0.0648027958062906
18	0.0489144882587506
18	0.0539755743445213
18	0.0544011415321502
18	0.0542680412371134
18	0.0577940925388424
18	0.0630118508526833
18	0.063633718110389
18	0.0463399982837038
18	0.0547473953214075
18	0.0583657587548638
18	0.0480396714706338
18	0.0529983653101609
18	0.0628180220186881
18	0.0589721254355401
18	0.0512232415902141
18	0.0542066123107248
18	0.055117501546073
18	0.0549486121226835
18	0.0581860782973738
18	0.0542540073982737
18	0.0563109902415614
18	0.052833738339735
18	0.0511379091486082
18	0.0602654781513419
18	0.0598983021632336
18	0.06281429201588
18	0.0561179961598883
18	0.0500653025685677
18	0.0573859522085445
18	0.0524460854241839
18	0.0569337128914193
18	0.0647430668841762
18	0.0522858411007546
18	0.0517180304640453
18	0.0476399753889426
18	0.0538083538083538
18	0.0556890338081345
18	0.0573514077163712
18	0.0547835382148584
18	0.0551258720048529
18	0.0548889249229771
18	0.0547292780748663
18	0.0613026819923372
18	0.0552826649995534
18	0.060801948660296
18	0.0507696027077121
18	0.0557177615571776
18	0.0559707830813657
18	0.054232259127998
18	0.0505373697596193
18	0.0576483535088462
18	0.0553642624139181
19	0.0563934426229508
19	0.0585688820982939
19	0.0532774153463809
19	0.0544144442603942
19	0.0546901456146292
19	0.0525322170237216
19	0.0550995459308418
19	0.0614349289048084
19	0.0547404953462691
19	0.0548689138576779
19	0.0536671058410189
19	0.0574684171414417
19	0.0565908702342281
19	0.0569904310271827
19	0.0582610235523287
19	0.0554983702178761
19	0.058086367485182
19	0.0535267633816908
19	0.0443938531587934
19	0.0540404464210791
19	0.0518852723171125
19	0.0573932711337291
19	0.0625
19	0.0611446853892641
19	0.053591606133979
19	0.0561152350653941
19	0.0543725617685306
19	0.0547850208044383
19	0.0538917423943105
19	0.0546655656482246
19	0.053023957111744
19	0.0537588531444663
19	0.0592337494619027
19	0.0556241257302724
19	0.0539697395102168
19	0.0574909747292419
19	0.0537772087067862
19	0.0523384388565812
19	0.052431490575004
19	0.0572558459422283
19	0.0510398541718452
19	0.0523382602374606
19	0.0605850186615745
19	0.0546618516086671
19	0.0589880498347318
19	0.0593490746649649
19	0.0536841242521105
19	0.0581139385401074
19	0.0559803386127799
19	0.0530439040313367
19	0.0580254835456962
19	0.0524040649173366
19	0.0581328984916429
19	0.0589565363034922
19	0.0556322585884837
19	0.0523255813953488
19	0.0553851704852968
19	0.0584134827494926
19	0.0615230825154489
19	0.0574067964368195
19	0.062304505875391
19	0.0575514475061039
19	0.0472340425531915
19	0.0629207432007899
19	0.0527866242038217
19	0.0511003667889296
19	0.0606235565819861
19	0.0582449538145741
19	0.0558673916856692
19	0.050210509901762
19	0.0530408947920308
19	0.0482030318514733
19	0.0572230252529547
19	0.0543397472954001
19	0.0560306431498308
19	0.0552205375603032
19	0.053786084057208
19	0.0526274632467939
19	0.0615022245485475
19	0.0539324003600949
19	0.0642902038250875
19	0.0563868325720586
19	0.0517555678846001
19	0.0522618231665524
19	0.0553213456078465
19	0.0541151905341918
19	0.0538173712284054
19	0.0519992491083161
19	0.0577826928393696
19	0.0650399129172714
19	0.0489288988913895
19	0.0582811412665275
19	0.053520146201375
19	0.0531632991056641
19	0.0514700023902478
19	0.0563899382659173
19	0.0594562878936045
19	0.0541250656857593
19	0.0541723013284544
19	0.0526826685492411
20	0.0612283169245195
20	0.055012521205267
20	0.0484181356323609
20	0.0542833607907743
20	0.0580763840224247
20	0.0562923119725494
20	0.0548526650885642
20	0.0539395876618188
20	0.0541906390918986
20	0.0578228370134891
20	0.0509841119279108
20	0.0497911445279866
20	0.0549944835780362
20	0.0576602335001191
20	0.0549785690735246
20	0.0625208681135225
20	0.0518196202531646
20	0.0557247510083134
20	0.058575407879029
20	0.0597503228583728
20	0.0553167329061562
20	0.0548014501306804
20	0.0531826741996234
20	0.0533401499659168
20	0.0607000081586032
20	0.0525707238109921
20	0.055125173285493
20	0.0601254149760236
20	0.0587320780791156
20	0.0561041684872848
20	0.0547989104310207
20	0.0562742028507869
20	0.0515772870662461
20	0.0495842781557067
20	0.0571292549393002
20	0.0517241379310345
20	0.0538480253020842
20	0.050733785703014
20	0.0601978171896317
20	0.0569180547417762
20	0.0608687879871291
20	0.0573891840111469
20	0.0557020698473587
20	0.0576985677083333
20	0.0563769293257514
20	0.0587320780791156
20	0.0551388445579317
20	0.0562306209670661
20	0.0504511573165947
20	0.0568842384985883
20	0.0538744096554137
20	0.0499145020763781
20	0.0550143724049824
20	0.0565256525652565
20	0.0572752855487502
20	0.0550745550745551
20	0.0553656299508046
20	0.0624119718309859
20	0.0577692564188063
20	0.0514541387024608
20	0.0582337705739828
20	0.0548573235317366
20	0.0574350234341713
20	0.0565926176197314
20	0.0588139326209316
20	0.0549937317175094
20	0.0560258312243651
20	0.0543788872079341
20	0.0561842844530059
20	0.0515778198895938
20	0.0515496773165485
20	0.0591238914270357
20	0.0543302392914928
20	0.0557232412351985
20	0.0469271877087508
20	0.0519389366555536
20	0.0525023287323228
20	0.0541232400804535
20	0.0608598548297041
20	0.048663897813651
20	0.0531421341206242
20	0.0527043513623424
20	0.0531941544885177
20	0.0584779940382255
20	0.0559741657696448
20	0.0546197464976651
20	0.0563002680965147
20	0.0566856753766278
20	0.0600939741159014
20	0.0535890994899901
20	0.0512973456606024
20	0.0501674786845311
20	0.0584811033494537
20	0.0578714307527867
20	0.0543427775197399
20	0.0550596479519479
20	0.0528148085250913
20	0.0510932280595202
20	0.0543452045984404
20	0.0511808034019288
21	0.0560654924336393
21	0.0555293748036444
21	0.0559066175179919
21	0.0515827456125964
21	0.054770168458478
21	0.0581039755351682
21	0.0521101804123711
21	0.0542412451361868
21	0.056010820272098
21	0.0534658149988171
21	0.0484017510531098
21	0.0535305655442955
21	0.0523190499117317
21	0.0521316033364226
21	0.0542905761283526
21	0.0477665471144441
21	0.0543420351624933
21	0.0552884615384615
21	0.052734527814725
21	0.0605698686231019
21	0.0574015748031496
21	0.057335712623167
21	0.0543442889684348
21	0.051480786489353
21	0.0549135251454531
21	0.0579963315573413
21	0.0508627156789197
21	0.0517200846328658
21	0.0520988622989408
21	0.0543988149123529
21	0.0573489963925631
21	0.0539179861956963
21	0.0586620926243568
21	0.0548497056089247
21	0.0477870429762668
21	0.0550631422072319
21	0.0562079917276017
21	0.0576243135484842
21	0.051675142087945
21	0.0495112962666239
21	0.0520365494811832
21	0.0568191797664003
21	0.0556450314060235
21	0.0515163147792706
21	0.0578505979189315
21	0.0545770476265698
21	0.0539511266264678
21	0.0635375494071146
21	0.0498910336239103
21	0.0541711809317443
21	0.057072171984303
21	0.0509666080843585
21	0.0602618709575643
21	0.0551216246373577
21	0.0518009219470271
21	0.050945238306559
21	0.0590327771660879
21	0.0530402092186989
21	0.0540621490078622
21	0.0499241153446761
21	0.0582862450654075
21	0.055247203483904
21	0.0547144115997757
21	0.0544201330448024
21	0.0569786535303777
21	0.0592720970537262
21	0.0535572178895432
21	0.0630834234057188
21	0.0587523277467412
21	0.0587333602258975
21	0.0514516129032258
21	0.0513205756761031
21	0.0544490844844202
21	0.0518806744487678
21	0.0491665392261814
21	0.0537924067682465
21	0.0509219301686936
21	0.0551335456995834
21	0.0611684420772304
21	0.0619469026548673
21	0.0513126491646778
21	0.0531641628395734
21	0.053017062005826
21	0.0580172413793103
21	0.0562450488513335
21	0.0526835693118209
21	0.0519658395101515
21	0.0578934365478053
21	0.0497462848858282
21	0.05473945772126
21	0.0588823122453686
21	0.0552715418241091
21	0.0527128005198181
21	0.0573797406008866
21	0.054566247345205
21	0.0523841504365346
21	0.0535067500823181
21	0.0640419496260638
21	0.0483292128558896
21	0.0586767615933924
22	0.0530797850351385
22	0.0540600176522507
22	0.0549230275817832
22	0.0512131392310564
22	0.052852806102592
22	0.0591517857142857
22	0.0536258895289732
22	0.0568974315359755
22	0.0501386494791276
22	0.054541047188106
22	0.0578664743127354
22	0.0592847910383455
22	0.0548025928108427
22	0.0548502604166667
22	0.0554278011260011
22	0.0498655397618133
22	0.054114912471853
22	0.0622485012728915
22	0.0551057501652346
22	0.0616058877036302
22	0.0476911430734292
22	0.0539049570494129
22	0.0487218045112782
22	0.0514974433893353
22	0.0512472680684302
22	0.0630964514036876
22	0.0566971399815483
22	0.0537493445201888
22	0.0537743190661479
22	0.0552957584707523
22	0.0574908647990256
22	0.0568287395478476
22	0.054257724189902
22	0.0538669876617514
22	0.0548042704626335
22	0.0574619617999353
22	0.0572987721691678
22	0.0574703619376619
22	0.0614570249416831
22	0.0596228279667298
22	0.0585921494714415
22	0.0586574931639764
22	0.0540911168672863
22	0.0574739829706717
22	0.0565114709851552
22	0.0576923076923077
22	0.0529117094552286
22	0.0567321660677422
22	0.0509171670642428
22	0.0495880495880496
22	0.0501241815308196
22	0.0493837171586117
22	0.051454658000619
22	0.0566522227571818
22	0.052824184566428
22	0.0542866334244813
22	0.0615968953843613
22	0.0577897662252738
22	0.0543929775060741
22	0.0500913520097442
22	0.0531725790246541
22	0.0562271353586766
22	0.0545537548504908
22	0.0574506283662478
22	0.0567285475260935
22	0.059832501207924
22	0.0562842437323593
22	0.0594910304547351
22	0.0566467630421119
22	0.0504915102770331
22	0.0557467309015829
22	0.0500546448087432
22	0.0561752988047809
22	0.0549475432108084
22	0.0542392005157963
22	0.0558523960594423
22	0.0538514495525128
22	0.0563690224291155
22	0.0543642885611798
22	0.0559111903411393
22	0.0548392498325519
22	0.0531871701177426
22	0.0522723622932391
22	0.0590054722817035
22	0.0500268549067751
22	0.0545764154959557
22	0.0570951332472857
22	0.0534254187504961
22	0.0538472964943553
22	0.0573777438765997
22	0.0576565406075635
22	0.0567857741989599
22	0.0525983256989417
22	0.0512500973596074
22	0.0535741975500078
22	0.0567381693139021
22	0.0564170240844606
22	0.0638480708086277
22	0.0526928449480056
22	0.0618240654006642
23	0.0533945971639072
23	0.0512170774783076
23	0.0549341287596321
23	0.0509292210359826
23	0.0547509151679134
23	0.0545681322107889
23	0.0515799256505576
23	0.0526431234919939
23	0.0537518635083651
23	0.0543539894694208
23	0.058219740515684
23	0.0492069632495164
23	0.0492773677736777
23	0.0556884437135596
23	0.0509009009009009
23	0.0558555368681951
23	0.0545043992836565
23	0.0535554894376674
23	0.0550981633945535
23	0.0546161784551877
23	0.0509674019423323
23	0.0539647577092511
23	0.0535279805352798
23	0.052894438138479
23	0.0583266932270916
23	0.0518126272912424
23	0.0541947785274274
23	0.0499132926185629
23	0.0611916264090177
23	0.0580328396651642
23	0.0540854417254251
23	0.0553022942978851
23	0.0517330958212722
23	0.0472190034762457
23	0.0495532697649974
23	0.0537746374116772
23	0.0511735589972856
23	0.0534871120055732
23	0.0554339897884756
23	0.0556987280738216
23	0.0525821596244131
23	0.0458393715200976
23	0.0533196006971954
23	0.0530795419374807
23	0.0528318454558759
23	0.0510790249961186
23	0.0492749334122521
23	0.0511963952765693
23	0.0545952942968096
23	0.0486667184949079
23	0.0496174356596337
23	0.0564650059311981
23	0.0503365973072215
23	0.0572191175243974
23	0.0498474059003052
23	0.055534652720295
23	0.0518366449153164
23	0.0500376222723853
23	0.0552610441767068
23	0.053496452873896
23	0.0517504968659226
23	0.0535851374174727
23	0.0535585621647586
23	0.0559247368028074
23	0.0572115023650424
23	0.0497533238565097
23	0.0511512787819695
23	0.0594543582704187
23	0.05219473264166
23	0.0524738783036263
23	0.0503468163042631
23	0.0558859470468432
23	0.0553388008599411
23	0.0556304282719377
23	0.05859410430839
23	0.0538351254480287
23	0.0511893572409804
23	0.057614859866853
23	0.061119713144813
23	0.053090096798213
23	0.0562360801781737
23	0.0545412347207179
23	0.0553478543563069
23	0.0547022773700537
23	0.0527935222672065
23	0.0625939700878373
23	0.0638586956521739
23	0.0448626270229582
23	0.0537790697674419
23	0.0553282042887543
23	0.0524867878085861
23	0.0552402572833901
23	0.0585321555353752
23	0.0541987034524348
23	0.054920277017233
23	0.0589614740368509
23	0.0566939890710383
23	0.0538931070418341
23	0.0568181818181818
23	0.0501930501930502
24	0.0560733384262796
24	0.0571648295308895
24	0.0545776130716752
24	0.0559692717723603
24	0.0538836113993773
24	0.0518626176088121
24	0.0526633014390115
24	0.0478109688636004
24	0.0523746116289392
24	0.0559237110069501
24	0.0535096002518099
24	0.061341059602649
24	0.0571981424148607
24	0.0553736231021137
24	0.0545231147289203
24	0.0573309015938466
24	0.0650328227571116
24	0.0530182534272514
24	0.0543421151392329
24	0.0546928263010378
24	0.0575533857267603
24	0.0517228657861728
24	0.0568759219800033
24	0.0590812934421275
24	0.0573160173160173
24	0.059054814586385
24	0.053155625245002
24	0.0563863692081392
24	0.0509007720903632
24	0.055045871559633
24	0.0445406742963192
24	0.0565035174375094
24	0.0554209569957601
24	0.0531628014484937
24	0.0559856630824373
24	0.0584457289659602
24	0.0574460916442049
24	0.0531551596139569
24	0.0546448087431694
24	0.0532620159710713
24	0.0532975460122699
24	0.0570664989781481
24	0.0553142857142857
24	0.0567699575626551
24	0.0569741584234338
24	0.0556302919996835
24	0.0544691691016708
24	0.0540375979907147
24	0.0535345512311358
24	0.0585651537335286
24	0.0581873940763457
24	0.0540048101450332
24	0.0570097087378641
24	0.0546278969339283
24	0.057263262270699
24	0.0513562938128619
24	0.0533061462277891
24	0.0586649754241319
24	0.0543278084714549
24	0.0543478260869565
24	0.0550766983199416
24	0.0558891454965358
24	0.0504934092055031
24	0.0532020456453706
24	0.0524208777097968
24	0.05211503347535
24	0.0498797610736173
24	0.0565329580107905
24	0.0538323889054578
24	0.0588633861268739
24	0.0554581673306773
24	0.0541762512889664
24	0.0562490711844256
24	0.0504936317733062
24	0.0521617635643872
24	0.0567952832300918
24	0.050831107153458
24	0.0552820901173798
24	0.0535407163688028
24	0.0570916738063712
24	0.0543436662839648
24	0.0544885784955623
24	0.053498254666869
24	0.0576789437109104
24	0.0542159871401432
24	0.0511655619274596
24	0.0547301978292664
24	0.0568465377417342
24	0.0535553555355536
24	0.0552162636994897
24	0.0557636582090607
24	0.0523204017170163
24	0.0485459480418767
24	0.0565708045140153
24	0.0508185791540114
24	0.0529393173198483
24	0.0558314522197141
24	0.0518176020408163
24	0.0542220823168332
24	0.0578980490874764
25	0.057089552238806
25	0.0526992287917738
25	0.052751618599176
25	0.055691996532794
25	0.0531609195402299
25	0.0522217132386624
25	0.0541584663605219
25	0.0555512512590067
25	0.0526615023807832
25	0.0550270187989954
25	0.0503064733143968
25	0.0527872246044655
25	0.0553100603918103
25	0.0552345736075803
25	0.0529464552796889
25	0.0546806005298793
25	0.0505801844689081
25	0.0528348524640816
25	0.0581705892171591
25	0.053484602917342
25	0.0553805339081413
25	0.0569591527987897
25	0.0541138307283987
25	0.0555869758422881
25	0.0487765614938828
25	0.0522158841597192
25	0.0531245201903885
25	0.0564009262322197
25	0.0515960809102402
25	0.0572002380243975
25	0.0543914725852376
25	0.057715491259795
25	0.0532155797101449
25	0.0532447224394058
25	0.0526239278964966
25	0.0537398085785183
25	0.056232427366448
25	0.0515133876600698
25	0.0584891671472115
25	0.0544259760340162
25	0.0554279832132394
25	0.0514873301505692
25	0.0516357333718495
25	0.053416955017301
25	0.0583756345177665
25	0.055279364843808
25	0.0545467857665837
25	0.0521814187068424
25	0.0575585072738773
25	0.0578815810029683
25	0.0535786658020588
25	0.0553074289117165
25	0.0529950457889206
25	0.0557402396598376
25	0.0574459404324765
25	0.0508816120906801
25	0.0597592433361995
25	0.0611615698691776
25	0.0546907516856739
25	0.052412107268675
25	0.0538765763748974
25	0.0568350378640019
25	0.0531421642057208
25	0.057333012589207
25	0.0554561717352415
25	0.0477135767458348
25	0.0552469135802469
25	0.0567849686847599
25	0.0572803477181
25	0.051611022014871
25	0.0536605657237937
25	0.0514664804469274
25	0.0543605788032851
25	0.056369785794814
25	0.0493117638711508
25	0.0536649214659686
25	0.0530679933665008
25	0.0626373626373626
25	0.056297200396674
25	0.052809554644219
25	0.0561286654211681
25	0.0576668139637649
25	0.0523485923381376
25	0.0552800466744457
25	0.0590710470949992
25	0.0536316273368066
25	0.0522565320665083
25	0.0498834169434042
25	0.0488405797101449
25	0.0530189353340479
25	0.0498749336769499
25	0.0470808437117558
25	0.054955692903418
25	0.0479415970497479
25	0.0575357197726225
25	0.0520519785625138
25	0.0546776467096966
25	0.0574053656743844
25	0.0544115436645123
25	0.0516312263326537
26	0.0510603098210257
26	0.0543550409322221
26	0.0545002261420172
26	0.0546721187339088
26	0.0525167297061391
26	0.0535100286532951
26	0.0568945976577257
26	0.0546514268412686
26	0.057917588269026
26	0.047786058746164
26	0.0537017726798749
26	0.0594903004944846
26	0.0581341911764706
26	0.0527175527175527
26	0.0516092840614263
26	0.0532896695445073
26	0.0520810149120855
26	0.0521834862385321
26	0.0516715062169608
26	0.0528322024853244
26	0.0603088803088803
26	0.0516492724918108
26	0.0512380668257757
26	0.0531411844179239
26	0.0582230932549404
26	0.0556735436893204
26	0.058411214953271
26	0.0514852952070524
26	0.0561977462740822
26	0.055223639593089
26	0.0590804767898127
26	0.0512163892445583
26	0.0556278215624761
26	0.0558317399617591
26	0.063061491495857
26	0.0519048293442855
26	0.0544354838709677
26	0.0539830317591411
26	0.053979025293029
26	0.0519225371877631
26	0.0554972977333226
26	0.0554028963980691
26	0.0590370955011839
26	0.0534259702922856
26	0.0539403500863947
26	0.0500510725229826
26	0.0584005057689268
26	0.0560669456066946
26	0.0501474926253687
26	0.0535951366082035
26	0.0584679023148516
26	0.0557369749146504
26	0.0574111128213021
26	0.0507080532112716
26	0.0561949361060402
26	0.0519669037596168
26	0.0525935558445311
26	0.0605575868372943
26	0.0568505663134819
26	0.0561806237257419
26	0.0547554541565664
26	0.0521264994547437
26	0.0516569916966713
26	0.0549170788478324
26	0.0539497578692494
26	0.0491641390985399
26	0.0548585677550066
26	0.0567904993909866
26	0.0546318289786223
26	0.0592737212026552
26	0.0551116421477112
26	0.0546630968317715
26	0.0572396001289906
26	0.0522156364662715
26	0.0560989410718616
26	0.052650077323211
26	0.0536699674956535
26	0.0598413842826244
26	0.0595170339051955
26	0.0508412042502952
26	0.0555418007757696
26	0.0561204382438717
26	0.0562276496994598
26	0.0524535904446683
26	0.0573355817875211
26	0.0510910851269829
26	0.0502270147559591
26	0.0538877770365429
26	0.0506658261760303
26	0.0548417424005014
26	0.0594603461002214
26	0.053039607000307
26	0.0535155355370639
26	0.0544157717582946
26	0.0608988564843542
26	0.0571563162440135
26	0.0469100889960908
26	0.0513029920558319
26	0.0541599446877161
26	0.0524501723362805
27	0.0609902897038761
27	0.0557323604750446
27	0.0577978203682826
27	0.057468677320129
27	0.0590067071223251
27	0.052475819257976
27	0.0531071772461299
27	0.0533303828280593
27	0.0548274205722912
27	0.0508354573775135
27	0.050195039375874
27	0.0573991031390135
27	0.0551390190565448
27	0.0590397247419456
27	0.0533490531279935
27	0.0599861036053424
27	0.0598006644518272
27	0.0492941967286579
27	0.0526276500447895
27	0.0514188034188034
27	0.0530666469850173
27	0.0494192185850053
27	0.0523453925904444
27	0.0536893274323442
27	0.0520113479304576
27	0.0529433820772403
27	0.0533614712089237
27	0.0513867985379488
27	0.0581254724111867
27	0.0587701196863393
27	0.0521775720597517
27	0.0514870931537598
27	0.0634669772084512
27	0.0540368722186904
27	0.0526556776556777
27	0.061002004008016
27	0.0513743936498604
27	0.0518728012692281
27	0.0586863016694613
27	0.0529228640608786
27	0.051523672011551
27	0.0529588179357765
27	0.0529336253114853
27	0.0512432922681581
27	0.053090096798213
27	0.0557646516629541
27	0.0522791263982954
27	0.0566751602192881
27	0.0547863629596546
27	0.0511699271192942
27	0.055559627647878
27	0.0522398949365242
27	0.0535104915414216
27	0.0523453925904444
27	0.0566065086613032
27	0.0546773961776117
27	0.0548463707881847
27	0.054645955779457
27	0.0510129718699898
27	0.0590166559897502
27	0.0527298850574713
27	0.0539115147963668
27	0.0538413317545448
27	0.0498573466476462
27	0.0580978909669717
27	0.0570893776321947
27	0.0591401869158878
27	0.0548444651307113
27	0.0530045769968995
27	0.0515088098292041
27	0.0523186682520809
27	0.0553002693709396
27	0.0567465321563682
27	0.0548063748467585
27	0.0530979626011722
27	0.0522787133849469
27	0.0561332127787824
27	0.0569874851013111
27	0.0560567010309278
27	0.0552771015322927
27	0.0531929923707262
27	0.0576134930643127
27	0.0518913317047894
27	0.0570185482024273
27	0.0609886056234118
27	0.0530342809991749
27	0.0592796957721274
27	0.0534124629080119
27	0.0496698046929886
27	0.053565043266824
27	0.0524840031634194
27	0.0540380047505938
27	0.0597975359020639
27	0.0508600237247924
27	0.0545679731895672
27	0.0517303145375081
27	0.051267113311972
27	0.0523740610571291
27	0.0560747663551402
27	0.0523214539258839
28	0.053456561922366
28	0.053177691309987
28	0.0507199189638955
28	0.0586763702524448
28	0.0506357856494096
28	0.0538183365241438
28	0.058854638863705
28	0.0542657342657343
28	0.0528293705282937
28	0.0559609030837004
28	0.0523855355424172
28	0.0536931618525546
28	0.0528282532239156
28	0.0597632176451508
28	0.0566394994648885
28	0.0527067561776889
28	0.0500234694561792
28	0.0520676015821647
28	0.0547152059057683
28	0.0541853512705531
28	0.0518724182298368
28	0.052869642592318
28	0.0526356709687451
28	0.052985761847418
28	0.050602242835387
28	0.0519406797700986
28	0.057015622718645
28	0.0529034924571192
28	0.0494198238501328
28	0.0554404970527322
28	0.0529458888646129
28	0.0492807488471333
28	0.0542454451701616
28	0.0570880963789445
28	0.0534667126595378
28	0.0520618189587636
28	0.0589280197713933
28	0.0522933746953246
28	0.0541012216404887
28	0.0535549399815328
28	0.0527507202634106
28	0.057930936680139
28	0.0567872136701775
28	0.0528906141688618
28	0.056599697558868
28	0.0524740761361264
28	0.059683219833193
28	0.0515633571036753
28	0.0562469582145589
28	0.0584009269988413
28	0.0537845349027301
28	0.0532616487455197
28	0.0515824819604201
28	0.0548982489351633
28	0.0583980107000226
28	0.0577713502816258
28	0.0533583978020389
28	0.0514034726511564
28	0.0509616734521971
28	0.053630611630009
28	0.0555137758938949
28	0.0549958958286695
28	0.0513775130305287
28	0.0551310861423221
28	0.0522148352879659
28	0.0551043271250525
28	0.0518728012692281
28	0.0553824362606232
28	0.0536589099816289
28	0.0515170894620905
28	0.0503384094754653
28	0.0535531085425074
28	0.0491343004211511
28	0.052175780131692
28	0.055474345855869
28	0.0562112271145408
28	0.0549101666786925
28	0.0534688466637207
28	0.0493425805519434
28	0.049608938547486
28	0.0519104991394148
28	0.0556617803271723
28	0.0533180450050165
28	0.0556684910086005
28	0.0502804761253249
28	0.0568356374807988
28	0.0591870691704302
28	0.0540460938075252
28	0.0522861981371719
28	0.0551403294691885
28	0.0522819179664934
28	0.054880791722897
28	0.0520156046814044
28	0.0548672566371681
28	0.0528524107471476
28	0.0526239067055394
28	0.0551909307875895
28	0.0587784504559736
28	0.0538113317757009
28	0.0530603258476442
29	0.052757793764988
29	0.0523583506377929
29	0.0520425677995194
29	0.0535025594278101
29	0.0541422048271363
29	0.0508245663918112
29	0.0575959933222037
29	0.0555677414637713
29	0.0512966252220249
29	0.0545296545731045
29	0.0532300823217525
29	0.0529104592228536
29	0.0515018418815529
29	0.0496574132937769
29	0.0533342752189884
29	0.0565061981899764
29	0.0578161703417443
29	0.0543478260869565
29	0.0510154232674995
29	0.0535199381109783
29	0.0562472535520727
29	0.056155950752394
29	0.0526777283151221
29	0.0526243849097868
29	0.0542973890158598
29	0.055851662788079
29	0.0493764867007857
29	0.0550489249816947
29	0.0525088339222615
29	0.0535496374991027
29	0.051695954229669
29	0.051254752851711
29	0.0527262264422385
29	0.0575233981281498
29	0.0544792312461252
29	0.0529445894981143
29	0.0555933587370713
29	0.0527256478999106
29	0.0534627743214603
29	0.054350947731189
29	0.0494047619047619
29	0.0527228581338883
29	0.0485313851200239
29	0.0599312392561338
29	0.0517647058823529
29	0.0498715330390671
29	0.0537172919839402
29	0.0522393257644355
29	0.0517215342796738
29	0.0537487408260181
29	0.0522857735666367
29	0.0549623790756001
29	0.0533644382882554
29	0.0529097077244259
29	0.0547523618665903
29	0.0578335591528204
29	0.0533379937084935
29	0.0544271774485002
29	0.0546352804417321
29	0.0529463243873979
29	0.0574049621238446
29	0.052312528064661
29	0.0525456434614814
29	0.0521342672128981
29	0.0536985903211743
29	0.0510240490972668
29	0.0483697839796055
29	0.0536664695446481
29	0.0545342296611332
29	0.0607980689447085
29	0.0506583506583507
29	0.0560222095671982
29	0.0515374621048073
29	0.0520961999564049
29	0.0528566817301485
29	0.0528136032855393
29	0.0490367775831874
29	0.0556134603930911
29	0.0545275452050939
29	0.0508973639932698
29	0.0541543026706231
29	0.0547827334002581
29	0.0557370065322352
29	0.0562083419226276
29	0.0569977830222413
29	0.0537841746436196
29	0.0589764539849959
29	0.0588917226988175
29	0.0513538095571259
29	0.0549264705882353
29	0.0539568345323741
29	0.0520599775784753
29	0.0506167014895194
29	0.0670605141306083
29	0.0562297163821081
29	0.0536219581211092
29	0.0504318751741432
29	0.0522458457296277
29	0.0554550514890064
29	0.0503044561306394
30	0.0576029962546816
30	0.0487703498441289
30	0.0533924160976318
30	0.0530193486194313
30	0.0547292841966444
30	0.0579083181542198
30	0.0510105871029836
30	0.0546015280016822
30	0.0502844300863825
30	0.0525683789192795
30	0.0562158469945355
30	0.0512346118266562
30	0.0541396886623502
30	0.0523390784382694
30	0.0535144312393888
30	0.0539875524677956
30	0.057315233785822
30	0.0566922104010118
30	0.0508615897720956
30	0.0541255152033595
30	0.0533595399286598
30	0.0544431452791581
30	0.0499281609195402
30	0.0500327248927351
30	0.0510691301640025
30	0.0513779254950838
30	0.0544141729938961
30	0.0499265785609398
30	0.0518094430308171
30	0.0511902254055193
30	0.0508427550808074
30	0.0539253449121087
30	0.0557455031960755
30	0.0536125796394198
30	0.0543438077634011
30	0.0521061269146608
30	0.0581256528876287
30	0.0525854513584575
30	0.0561122244488978
30	0.0534970857618651
30	0.0547575647101713
30	0.0555596492520816
30	0.0529934116299055
30	0.0502229215840546
30	0.0548273431994362
30	0.0511746613441529
30	0.0553800658646414
30	0.0574253107508905
30	0.0513787085514834
30	0.0584677419354839
30	0.0566498921639109
30	0.0513939063458524
30	0.0490209988649262
30	0.0513877641169108
30	0.0523793452581843
30	0.0534755724672148
30	0.049779416606308
30	0.0564572547922205
30	0.0533744433025009
30	0.0563947633434038
30	0.0507425742574257
30	0.048578733644157
30	0.0563598759048604
30	0.050713900862069
30	0.0535605186341728
30	0.0536649214659686
30	0.0590359669811321
30	0.0527406560423069
30	0.057209744677738
30	0.0522731962308274
30	0.0527238308911169
30	0.0555086534402702
30	0.0480106987629555
30	0.0569620253164557
30	0.0551385287293572
30	0.0504699632202697
30	0.0535714285714286
30	0.0560139531763601
30	0.0549713539778084
30	0.0551758507760216
30	0.0546588407923698
30	0.0561524136943131
30	0.0539516935829641
30	0.0506518486856166
30	0.0543068445475638
30	0.0540371374921761
30	0.0559251559251559
30	0.0526769149218129
30	0.0513185546742594
30	0.056786703601108
30	0.0510586974001608
30	0.0540460282108389
30	0.0531764038570618
30	0.055910294346675
30	0.0553426676492262
30	0.0522799283647885
30	0.051878949118723
30	0.0565898888807123
30	0.0548048048048048
30	0.0589620905410379
31	0.0519243754220122
31	0.0518267367838361
31	0.0553296543711879
31	0.0544955291135676
31	0.0599925009373828
31	0.0582620377571944
31	0.0510710739111931
31	0.0536805555555556
31	0.0557112824106517
31	0.0544279794929419
31	0.0549974334531055
31	0.0538868029481296
31	0.0526496902959394
31	0.0559375447643604
31	0.0501089324618736
31	0.0560037649589888
31	0.0489427251085282
31	0.0567874911158493
31	0.056145035485911
31	0.0574616669196903
31	0.0537357122943964
31	0.0518365717327655
31	0.049474204248712
31	0.0594801467070643
31	0.0539921231650555
31	0.0533188248095756
31	0.0528404344193818
31	0.0568877367321956
31	0.0504804439030992
31	0.0535775069780108
31	0.0578720878468615
31	0.0522091156557549
31	0.0533081813735765
31	0.0538882803943045
31	0.0454792288894923
31	0.0504864020450188
31	0.0541451668386653
31	0.0521243382652369
31	0.0534536151878282
31	0.0512784783668919
31	0.0537892139584068
31	0.0548584971420605
31	0.0530127258665542
31	0.0547747274399054
31	0.0517050180205157
31	0.0515145409362617
31	0.0479860599155553
31	0.0552891396332863
31	0.0592946362968406
31	0.056930166607586
31	0.053270901194354
31	0.0534436027521023
31	0.0565060783430887
31	0.0513320775026911
31	0.0515478358313489
31	0.0565459212778095
31	0.0540639136144754
31	0.0500663361497102
31	0.0553763809785219
31	0.0537293729372937
31	0.0528637350705755
31	0.0514075109614285
31	0.0497603608683394
31	0.057752530769791
31	0.0577373974208675
31	0.0513679110857794
31	0.0548267503208327
31	0.0467086834733894
31	0.0540804237229075
31	0.0549582684962512
31	0.0507600055780226
31	0.0543878804422001
31	0.0551301684532925
31	0.0530781239394556
31	0.0549847658187487
31	0.0501162313687953
31	0.0553131502987179
31	0.0581413820492454
31	0.0529245896898272
31	0.0540785077951002
31	0.0508186264086753
31	0.0529651755791928
31	0.0525746430116833
31	0.0542197397997412
31	0.0522494401845695
31	0.054036912538847
31	0.0511429152818287
31	0.0550694025347013
31	0.0538829487900957
31	0.0543603664743807
31	0.0494330752212389
31	0.0525779943276853
31	0.0526278906797477
31	0.0531082750102923
31	0.0556069117542487
31	0.0509065100974256
31	0.0551233118027011
31	0.0513218136168956
31	0.0560338642559908
31	0.0494315030504714
32	0.0485908649173955
32	0.0539901344685452
32	0.0542884457798416
32	0.0540722761596548
32	0.0516899965858655
32	0.051574962822766
32	0.0514505008455835
32	0.0481243663399797
32	0.052528901734104
32	0.0545757533675878
32	0.0570331389560518
32	0.0525635223378806
32	0.0525691147724099
32	0.0545171339563863
32	0.0543602165859219
32	0.0530985530985531
32	0.0522170747849107
32	0.0497996189475067
32	0.0532308767027593
32	0.0510943958799214
32	0.0514350102737456
32	0.0537443732096576
32	0.0557592128111133
32	0.0517482517482517
32	0.0565053607649957
32	0.0547475301866081
32	0.0520763338260986
32	0.0546180866450858
32	0.052805049088359
32	0.0525482093663912
32	0.0550352138241487
32	0.051824573150318
32	0.0494815592597454
32	0.0533462657613967
32	0.0505666379481742
32	0.0546625974906748
32	0.0539654347974588
32	0.053146483342147
32	0.0551055828753254
32	0.0523419767521838
32	0.0540559294982999
32	0.0474264466044752
32	0.0538729746359472
32	0.0551505780134011
32	0.0539785595651517
32	0.0486357479197575
32	0.0517508293402138
32	0.0550272689134387
32	0.0546567248171075
32	0.04630355276907
32	0.0511480908152735
32	0.0532933276182312
32	0.0552705729354815
32	0.0532685995623632
32	0.0551805107132375
32	0.0513613861386139
32	0.0576574061147564
32	0.0506166147174414
32	0.0578286195522493
32	0.0533425968812722
32	0.0574139814309121
32	0.0498208612181437
32	0.0549275169570422
32	0.0504997713464428
32	0.0554767214000946
32	0.0516735973822346
32	0.0538210138377025
32	0.0539641203703704
32	0.0549788280289578
32	0.0524362923550826
32	0.0506464081034253
32	0.0492890347279191
32	0.0531661100129507
32	0.0541325012698643
32	0.0545490875183162
32	0.0546362144420131
32	0.0552168253750771
32	0.0540450707970485
32	0.0552493896058598
32	0.0495297805642633
32	0.0554391183828003
32	0.0569633961446827
32	0.0530124040165387
32	0.0491046048891416
32	0.0507571326444401
32	0.0518683394037502
32	0.0492128678986995
32	0.053626007224229
32	0.0521269796179249
32	0.0511038430089943
32	0.0520570948782536
32	0.053658193084994
32	0.0548547129695252
32	0.0523367137082476
32	0.0560176299139831
32	0.0523184094042522
32	0.0544398907103825
32	0.0493333333333333
32	0.0574206182682893
32	0.0519949951341582
33	0.0521091811414392
33	0.0572313592447821
33	0.0517276911451535
33	0.0541970541970542
33	0.052757793764988
33	0.0497535633408818
33	0.0524657534246575
33	0.0567437800087298
33	0.0534616960262188
33	0.0523102539198002
33	0.0521792095289659
33	0.0518436912708185
33	0.0535276581649553
33	0.0528502349656065
33	0.0534206794083879
33	0.0546155493681731
33	0.0549945327072747
33	0.051394422310757
33	0.0526059763724809
33	0.0522351628425971
33	0.0495646349631614
33	0.0546560135756205
33	0.0526246372988657
33	0.0501557228133922
33	0.0560364816818674
33	0.0506471209720021
33	0.05127829463043
33	0.0527631401162005
33	0.0538328130419702
33	0.0524296675191816
33	0.0571692734417135
33	0.0518324607329843
33	0.0530811039740241
33	0.0559970834852351
33	0.0536553092954019
33	0.0554124608423251
33	0.0529846195541703
33	0.0533805495442324
33	0.049786438868126
33	0.0485483759740708
33	0.0571390068054713
33	0.0571106253966016
33	0.0531081081081081
33	0.0530925751246463
33	0.0506058936931975
33	0.0533567472646225
33	0.0518685567010309
33	0.0493883394065591
33	0.0494399114921864
33	0.0501844504767871
33	0.0524498738547338
33	0.0552544520306891
33	0.0538929998035492
33	0.0582677165354331
33	0.0497565530580938
33	0.0537010159651669
33	0.0521327014218009
33	0.0503044744506222
33	0.0542838456507521
33	0.0538607195455502
33	0.0505341810316576
33	0.0500939666904284
33	0.0545466213181031
33	0.0515988865503429
33	0.050568628853444
33	0.0563453280023693
33	0.0547731888964116
33	0.0543045493114026
33	0.0502645502645503
33	0.0504171970018385
33	0.054181717143651
33	0.0517263427109974
33	0.0499390161268465
33	0.0561599321842328
33	0.0498060828740559
33	0.0508334393688764
33	0.0488942273722886
33	0.0512215435868962
33	0.0516894740255529
33	0.0516923076923077
33	0.0526464361326747
33	0.0515566131271069
33	0.0569111424541608
33	0.0531768408628942
33	0.0508637852417956
33	0.0502150181938472
33	0.0574241770878252
33	0.0538362565179116
33	0.0523267697758397
33	0.0494546951094039
33	0.0530835284933646
33	0.0536194833153929
33	0.0546361055328578
33	0.0571176859261435
33	0.0523472037050032
33	0.0530102983892263
33	0.0501222493887531
33	0.0496207738783905
33	0.0536768279980557
33	0.050935007192363
34	0.0527180700716492
34	0.0524047342135869
34	0.0526315789473684
34	0.0497056462402997
34	0.0540134543792045
34	0.0531461694252392
34	0.0503734916682628
34	0.0505358838692172
34	0.0524876617313592
34	0.0528147801057634
34	0.0542641509433962
34	0.0525387870239774
34	0.0552238805970149
34	0.055531453362256
34	0.0516396052212671
34	0.0540352343151591
34	0.0516883116883117
34	0.0515141647671768
34	0.0530209617755857
34	0.0553405309974876
34	0.0534260039314799
34	0.0513335642535504
34	0.0527506153129781
34	0.0529738517816014
34	0.0545029846872567
34	0.0506363027461487
34	0.0524708118381754
34	0.0548767568331097
34	0.0528972479601715
34	0.048984468339307
34	0.0498109703521921
34	0.0554304048057888
34	0.0533185993507839
34	0.0524824521862322
34	0.0497256515775034
34	0.0563343885263906
34	0.0531914893617021
34	0.049983383183782
34	0.0522514315460698
34	0.0494197679071629
34	0.0542747044608451
34	0.0537049180327869
34	0.05279875767629
34	0.0527199462726662
34	0.0475609756097561
34	0.0528891910265126
34	0.0549202315403078
34	0.0509313533932526
34	0.0515077852966297
34	0.0527486910994764
34	0.050561797752809
34	0.0491945725553105
34	0.0548987634189428
34	0.0542827388700859
34	0.055786904078116
34	0.0494438415626696
34	0.0528829514778155
34	0.0551941381907827
34	0.0512307384430658
34	0.0504440743824591
34	0.0554759174311927
34	0.0501590246488206
34	0.055359477124183
34	0.0532627865961199
34	0.0476033493769368
34	0.0514030777188672
34	0.0531840934371524
34	0.0535386631716907
34	0.0486701016571508
34	0.0572575533488274
34	0.05135769359705
34	0.0564601395643899
34	0.052234823215477
34	0.05269163646127
34	0.0556546557260078
34	0.0497710922171354
34	0.0542881703365734
34	0.0561714708056172
34	0.0478586085920434
34	0.0557230022789091
34	0.0549223488635606
34	0.0506827564306129
34	0.0531576556110859
34	0.0510514396635393
34	0.0559232743482372
34	0.051796211626388
34	0.0512945096133824
34	0.0502920181700195
34	0.0563653335248079
34	0.0531759805623048
34	0.0545303752850923
34	0.0510849025868248
34	0.0520682862770847
34	0.0524555903866249
34	0.052119434817382
34	0.0516407373512877
34	0.052122908751583
34	0.0512838258703024
34	0.0568340306834031
34	0.0539674058242052
35	0.0525949367088608
35	0.051519069166128
35	0.0495967741935484
35	0.0589421783953384
35	0.0531376193833729
35	0.0607501320655045
35	0.0525258124870071
35	0.0519588953114965
35	0.0523913043478261
35	0.0554942782296981
35	0.0596928426543031
35	0.0538994066120373
35	0.0523499932276852
35	0.054890875624507
35	0.0526814093460472
35	0.0525031330387178
35	0.053093197643278
35	0.0541530944625407
35	0.0543190986228961
35	0.0497473255890267
35	0.053562108559499
35	0.0521206279261911
35	0.0547069725826037
35	0.0558188153310105
35	0.0522090932442846
35	0.0534273510068479
35	0.0575237009052677
35	0.053465878559914
35	0.0518559327869981
35	0.0553215926493109
35	0.0544394492835066
35	0.0534817865877204
35	0.0534808667588751
35	0.052427843803056
35	0.0557484173984072
35	0.0552247270664965
35	0.0512103071317022
35	0.0543202927103856
35	0.0512566371681416
35	0.0553420963936636
35	0.0553997674577662
35	0.0536740350165619
35	0.0549706823027719
35	0.0591455070700927
35	0.0526453469361062
35	0.0522805119884622
35	0.0574247076500947
35	0.0504696388411165
35	0.0521279443254818
35	0.0527466702007819
35	0.0534101958605362
35	0.050569388149006
35	0.0544798389895204
35	0.0515636634400596
35	0.0511246122026887
35	0.0513157894736842
35	0.0567612687813022
35	0.0531794973808103
35	0.0507781057150523
35	0.0522181443564484
35	0.0499365778756926
35	0.052478510954566
35	0.0565752388808689
35	0.0559161258112831
35	0.0540340488527017
35	0.0553001622498648
35	0.0535356796900226
35	0.0545879212545879
35	0.0525967143614202
35	0.0550790672741892
35	0.0525001687023416
35	0.0495086222881513
35	0.0510117533018296
35	0.0527723898067019
35	0.0533234958749748
35	0.051307779784601
35	0.0514945829526171
35	0.0537736488777378
35	0.0532272668477558
35	0.0557768924302789
35	0.0541454039366426
35	0.0581175443700902
35	0.0522597071928708
35	0.0544301207284633
35	0.0514580925837808
35	0.0507745854091312
35	0.0513188822146775
35	0.056288066394485
35	0.0504261363636364
35	0.05316734300846
35	0.0542318276394389
35	0.0547738693467337
35	0.0511600625651721
35	0.0529268131723091
35	0.0523134779396951
35	0.0516729360522669
35	0.0507545466271121
35	0.0566197000194793
35	0.0501674277016743
35	0.0536282162474704
36	0.0487577059592752
36	0.0534246575342466
36	0.0492268854528242
36	0.0516124854293485
36	0.0530895844576363
36	0.0553826611622737
36	0.0513907284768212
36	0.0520922288642186
36	0.0508372806724932
36	0.0536672629695885
36	0.0481318111053451
36	0.0520800254048904
36	0.0532398129592518
36	0.0532191069574247
36	0.0546573767164987
36	0.0512548383069047
36	0.0485875706214689
36	0.0532520046604071
36	0.0541353383458647
36	0.0549498746867168
36	0.053066349458102
36	0.0523842346011655
36	0.0542802955987182
36	0.0567861457913814
36	0.0564538807649044
36	0.0555905181455842
36	0.0540249966402365
36	0.0536994454213445
36	0.0511966444608932
36	0.0518913013792162
36	0.0496063540723194
36	0.0529086246457012
36	0.0534879125222317
36	0.0496277915632754
36	0.0539270826440813
36	0.0489209543699766
36	0.0506892230576441
36	0.0510663275288593
36	0.0521274636212931
36	0.0502557544757033
36	0.0540595536864953
36	0.0538322347162983
36	0.0548967940272288
36	0.0525675675675676
36	0.0565267668866063
36	0.0521744766349083
36	0.0523104303057268
36	0.0499467985228766
36	0.0554316230649632
36	0.051980198019802
36	0.0559459643856178
36	0.0530039965930682
36	0.0536052531885339
36	0.0527471108528633
36	0.0531020680453636
36	0.0531489390549793
36	0.0539097945022685
36	0.0520746887966805
36	0.0541525317250911
36	0.055227710070558
36	0.0550396985600861
36	0.0525513033832501
36	0.0527152317880795
36	0.0509414495744132
36	0.048263161237061
36	0.0580930330456746
36	0.054421768707483
36	0.048297293797747
36	0.0538228714304514
36	0.0523275117869712
36	0.0479591208520593
36	0.0524099507644467
36	0.0523735810113519
36	0.0511121024791282
36	0.0531404187224963
36	0.0531557079733562
36	0.0514815535239577
36	0.0535456809542535
36	0.0542205374670006
36	0.0544336569579288
36	0.0503243427791055
36	0.0518840765146184
36	0.0516738523966523
36	0.0527581140643783
36	0.0494667865861493
36	0.0548488578853782
36	0.0512621359223301
36	0.0545514295103516
36	0.0532235939643347
36	0.0506217256832671
36	0.0507765451664025
36	0.0523100420007636
36	0.0491979285082733
36	0.0517127799736495
36	0.0559090032774243
36	0.048236092265943
36	0.0534414067866465
36	0.050885905217338
36	0.0550622892146741
36	0.0518681906289686
37	0.0538821085432355
37	0.0531525162285494
37	0.0531476760149049
37	0.0526015951386251
37	0.0553808286612881
37	0.0501277139208174
37	0.0514289611895505
37	0.0520298487026768
37	0.052238329395236
37	0.0570017636684303
37	0.0508432385338229
37	0.0488570710876664
37	0.0557166528583264
37	0.0534638554216867
37	0.0524917374117037
37	0.0526532009585758
37	0.0484350300347771
37	0.0499542901919812
37	0.0500176118351532
37	0.053359087342307
37	0.052357367980961
37	0.053307392996109
37	0.0550263869223838
37	0.05174456879526
37	0.0525288152673679
37	0.0510210655156864
37	0.0520154401063089
37	0.0496966567703627
37	0.050126340230827
37	0.052012871872332
37	0.0522045620802022
37	0.0530474040632054
37	0.0517540349473123
37	0.0498569942797712
37	0.052850398139666
37	0.0566655529568994
37	0.0515457332652018
37	0.0542787616601325
37	0.0512673544771367
37	0.0562110116625983
37	0.0514677849790316
37	0.0544659422210443
37	0.0535324829819576
37	0.0543922204213938
37	0.053029315960912
37	0.0502040311611228
37	0.0517636572010697
37	0.0529054640069384
37	0.0506828920965758
37	0.0508042978696975
37	0.0517988321717838
37	0.0504071606433811
37	0.0544257214797598
37	0.0571310572687225
37	0.0513265240573007
37	0.057008765270205
37	0.0522032552600238
37	0.05184
37	0.0518617021276596
37	0.050228025238958
37	0.0512938394850913
37	0.0540657752078063
37	0.0510530525193282
37	0.049746060684985
37	0.0511793780892198
37	0.0502883363303776
37	0.0499595595097368
37	0.0563109462985854
37	0.0510183772308101
37	0.0547191860864783
37	0.0550016507098052
37	0.0541610738255034
37	0.05979837039083
37	0.053146483342147
37	0.0498071769396693
37	0.0480442460185247
37	0.0500513347022587
37	0.0547073791348601
37	0.0496667102339563
37	0.0536761389264772
37	0.0532048860345045
37	0.0573012939001848
37	0.0550706988701712
37	0.0546728062779687
37	0.0526518804243009
37	0.0532223727501452
37	0.0494018471456022
37	0.0522383252818035
37	0.052277770526041
37	0.0541044776119403
37	0.0500735392432143
37	0.0471602434077079
37	0.0537997274320202
37	0.0503809774040988
37	0.0522779196344577
37	0.0550688360450563
37	0.0505012765427486
37	0.0546050475254015
37	0.0503855357617655
37	0.0541045979235184
38	0.0507804909644407
38	0.055496618485612
38	0.0526577247888723
38	0.048758865248227
38	0.0505452883171162
38	0.0535000317319287
38	0.0545030020013342
38	0.049636803874092
38	0.0495193523905894
38	0.0516685274779804
38	0.0541938083406084
38	0.0510556621880998
38	0.0526814093460472
38	0.0539527411473325
38	0.0513828977416899
38	0.0558148839690584
38	0.0516874833909115
38	0.052113530641138
38	0.0522030336857312
38	0.0563474090848541
38	0.0526865574198603
38	0.0550994227068634
38	0.0523957685127567
38	0.0541283231083845
38	0.0513373880060166
38	0.0556603773584906
38	0.0547569699806111
38	0.0512721912452733
38	0.0503625576796308
38	0.052516845025763
38	0.0527041218167498
38	0.0532674354750137
38	0.0514152168267982
38	0.055764287126755
38	0.050914876690533
38	0.0527827157117462
38	0.0537132770142479
38	0.0550172551101672
38	0.0520310360565952
38	0.0503257120960531
38	0.0540435960273443
38	0.0525351252290776
38	0.0521578140960163
38	0.0513461178087326
38	0.0518138083474191
38	0.0507745810938982
38	0.0563199784162957
38	0.0534052596089009
38	0.0544333683105981
38	0.0495570676595198
38	0.0507232763479241
38	0.0515669149755972
38	0.0505255160187413
38	0.0505896758394019
38	0.0534688758333883
38	0.0541218868653066
38	0.0500096668170394
38	0.0513770847977507
38	0.052827965435978
38	0.0528933946225049
38	0.0493060396729831
38	0.0538599640933573
38	0.0536605096400162
38	0.0519675202998126
38	0.0555857939855763
38	0.0481613860786333
38	0.0527722526106415
38	0.0529501762788532
38	0.0517933618843683
38	0.0541875208541875
38	0.0515408181654352
38	0.0535207634769151
38	0.0510404149010183
38	0.0543645699614891
38	0.0526448521530799
38	0.0528604261134232
38	0.049811369013364
38	0.0548261529326384
38	0.053948500695042
38	0.0514746972989755
38	0.0556125064069708
38	0.0557286258220838
38	0.0487104146261835
38	0.0528590425531915
38	0.0538340170400757
38	0.0524152756702074
38	0.0503441494591937
38	0.0514039424478671
38	0.0541282604432242
38	0.051733262767928
38	0.0529477051641966
38	0.0516405315196171
38	0.0554566268125159
38	0.0534182305630027
38	0.0512177880598933
38	0.054561165288236
38	0.0536275447465501
38	0.0504546602677444
38	0.054421768707483
38	0.0531532100246197
39	0.0491290480863592
39	0.0542655066658321
39	0.050228025238958
39	0.0504900696414754
39	0.05269930755561
39	0.0526512090507864
39	0.0513779773039032
39	0.0519334251032411
39	0.0531294022942242
39	0.0563604944835837
39	0.0487002719625577
39	0.0519120397239956
39	0.0540540540540541
39	0.0569138276553106
39	0.0603466572338168
39	0.0520400684094796
39	0.0514781491002571
39	0.0531303304062164
39	0.0554997128087306
39	0.0536697835276034
39	0.050931133608299
39	0.0511943230057657
39	0.0511260272253936
39	0.0552541691782198
39	0.0525030525030525
39	0.05186948967115
39	0.0524766079958123
39	0.0470357025876187
39	0.05663728456782
39	0.0531367189982839
39	0.0538980412504864
39	0.0528642954678458
39	0.0474410945021535
39	0.0544418370767684
39	0.0517667956607245
39	0.0506697728596389
39	0.05197533373992
39	0.0541494997057092
39	0.0561398716022401
39	0.0521306376360809
39	0.0516848395244256
39	0.0515961160119312
39	0.0505754475703325
39	0.0553846153846154
39	0.0530849231161871
39	0.0513539343740045
39	0.0556607080266386
39	0.0540269130347459
39	0.0509756562639039
39	0.048153560042508
39	0.0524339882367664
39	0.0504174899611193
39	0.052539631187318
39	0.0516175226192801
39	0.0526788003076134
39	0.0542146073036518
39	0.0543309128630705
39	0.0539336303783999
39	0.0489126927792476
39	0.0488097493212098
39	0.0543052218991023
39	0.0543049896466502
39	0.0511621867289962
39	0.0548509624670057
39	0.0536020855852992
39	0.0518298346646851
39	0.0506500193075042
39	0.0501765471102026
39	0.0542583796079481
39	0.0517287234042553
39	0.0537892421515697
39	0.054023598037916
39	0.0540210383440787
39	0.0503517457008859
39	0.0563765379858082
39	0.0539295217080927
39	0.0518790581753788
39	0.0523678276121273
39	0.0530067123382465
39	0.0512739457545679
39	0.0524693340183675
39	0.0505082795217697
39	0.0524971260697407
39	0.051500769625449
39	0.0511532738095238
39	0.0534572140308355
39	0.0516628585935517
39	0.0543753161355589
39	0.0514278572767606
39	0.0486445877418143
39	0.0510386134828597
39	0.0520205259781912
39	0.0518114780378326
39	0.0506280193236715
39	0.0513940208263352
39	0.0503732554365466
39	0.0490786009778112
39	0.0535598495655557
39	0.053762746869756
39	0.0558768154922001
40	0.0553804592525889
40	0.0544412607449857
40	0.0512288641649381
40	0.051286891951419
40	0.0524987690792713
40	0.0563233216632885
40	0.0536445012787724
40	0.0526731110672716
40	0.0512684678321267
40	0.0568842048371842
40	0.0497987274379951
40	0.0538699299817069
40	0.0552729099930909
40	0.0554554554554555
40	0.0535528370640291
40	0.0518467249732587
40	0.0528485757121439
40	0.0503398743106323
40	0.0506321269211701
40	0.051750661497754
40	0.0507111935683364
40	0.0523028883684621
40	0.0568337441796768
40	0.0541202242123575
40	0.0531709669640704
40	0.0521497569290991
40	0.0539153573238723
40	0.0528815706143129
40	0.0519194881364969
40	0.0505297473512632
40	0.0544629349470499
40	0.0514485514485514
40	0.0484032561051972
40	0.0502503009948672
40	0.054614060638157
40	0.0538436796397555
40	0.0521586124552253
40	0.0542505592841163
40	0.0498701925979593
40	0.0517813537035878
40	0.0529049634474798
40	0.0529678099609254
40	0.0572513812154696
40	0.0534385424685656
40	0.0496436318562132
40	0.0493925635047245
40	0.0519446789169534
40	0.0528038265466675
40	0.0543485268519115
40	0.055820194565582
40	0.0505903262663451
40	0.0493380690991282
40	0.0538834332355567
40	0.0534573290314418
40	0.0515815392385883
40	0.0544773122741266
40	0.0527731522992186
40	0.0549287602346722
40	0.0544452984883423
40	0.050732449743167
40	0.0543010050907192
40	0.0513910355486862
40	0.0532376941300342
40	0.0567748091603053
40	0.0529345513702916
40	0.049819450394761
40	0.0504700643245918
40	0.0516725071678879
40	0.0511075527088337
40	0.0506989860202796
40	0.0515213248340672
40	0.0520287322849932
40	0.0539370841676894
40	0.0543513217984177
40	0.0516865461074772
40	0.049759846301633
40	0.052828003345988
40	0.05361875637105
40	0.0527932785754593
40	0.051179604261796
40	0.0516227801592162
40	0.0522978402812657
40	0.0540667291973737
40	0.053816960119455
40	0.0518134715025907
40	0.0536261491317671
40	0.0527582617746552
40	0.0534549327652776
40	0.0504366535881534
40	0.0567304464585431
40	0.049949545913219
40	0.0527524359213058
40	0.053168061410684
40	0.0498806382711396
40	0.0500901984365604
40	0.0533053114252961
40	0.0590922273781903
40	0.0529663767363365
40	0.0542003652491521
40	0.0504364048237724
41	0.0533554368514766
41	0.0507123579991213
41	0.0518993075778166
41	0.0528950132855466
41	0.0517465224111283
41	0.0499938732998407
41	0.0517469310670444
41	0.050963840241905
41	0.0530735209281456
41	0.0521224816708767
41	0.0538705583756345
41	0.0547346100324697
41	0.0541310541310541
41	0.0503483217226092
41	0.0497140075453328
41	0.0541294289155099
41	0.052750565184627
41	0.0540378464818763
41	0.056324711285203
41	0.0508994645328199
41	0.0499409901236102
41	0.0505624700813787
41	0.0512671696653124
41	0.0493101379724055
41	0.0533531856814939
41	0.0527039961713329
41	0.0527571913076247
41	0.0537928403382718
41	0.0512568373179276
41	0.0534117205578835
41	0.0542377583576085
41	0.0524632117722329
41	0.0530585541380438
41	0.053340784898162
41	0.0526620742934398
41	0.051728504495378
41	0.0549294867666946
41	0.0491340130205134
41	0.0525665575390697
41	0.0521252515090543
41	0.0542523833416959
41	0.0545490875183162
41	0.051338199513382
41	0.0523006039474503
41	0.054319876574955
41	0.0514018691588785
41	0.0540944217156958
41	0.0519488984487029
41	0.0542862597848915
41	0.0525192143467122
41	0.0516545075560188
41	0.0515201165119243
41	0.0523324798601137
41	0.0528387771421541
41	0.0522496371552975
41	0.0552232227189724
41	0.0528942115768463
41	0.0528788167333206
41	0.05583350010006
41	0.0529491921354876
41	0.0493018658099592
41	0.0520820538017443
41	0.0529067979083359
41	0.0513949199928618
41	0.0520915548539858
41	0.0517704038222397
41	0.0533219649767167
41	0.0524142882785855
41	0.0522955305564001
41	0.0492128503775758
41	0.0535078059208395
41	0.0530929125970448
41	0.0543973941368078
41	0.053872497365648
41	0.0535864161663116
41	0.0496052713371045
41	0.0506098671035864
41	0.0544685351665785
41	0.0507797641688855
41	0.0514682259204524
41	0.0531746995265266
41	0.0549535062574285
41	0.0524861878453039
41	0.0533883637331913
41	0.0516344486545501
41	0.0512998485613327
41	0.054052300304977
41	0.0529193754177046
41	0.0530889854524844
41	0.0564669973292636
41	0.0514588520717615
41	0.0533599301832689
41	0.0546854082998661
41	0.0555893279297535
41	0.0525617537431297
41	0.0522619935371613
41	0.0521385191885256
41	0.0522619935371613
41	0.0539550164265858
41	0.0544907437692157
42	0.0533956071699066
42	0.0543139127666348
42	0.0474234065031107
42	0.0542674208988624
42	0.0522345118598555
42	0.0504758980657046
42	0.0554968287526427
42	0.0526930564568462
42	0.0504458141344025
42	0.0523168908819133
42	0.0488257107540173
42	0.0586109995985548
42	0.0535387829720554
42	0.0520100502512563
42	0.0517591561292013
42	0.0544718439455282
42	0.0520680372001958
42	0.0520504731861199
42	0.0522168719904947
42	0.0491934985476794
42	0.05179161061514
42	0.0547144754316069
42	0.0498601181224744
42	0.0541216750065841
42	0.0540929927963327
42	0.0511827696775365
42	0.0522179220005954
42	0.0513759300814929
42	0.0536403314567651
42	0.0546234631147541
42	0.0531888390632785
42	0.0528722671177097
42	0.0504581398267855
42	0.0511067122548137
42	0.0511097410604192
42	0.0508972475892458
42	0.0499675535366645
42	0.0531259720062208
42	0.0536495656033991
42	0.0517103235747304
42	0.0557269571924412
42	0.0526449805843784
42	0.052855211485225
42	0.0511830033800097
42	0.0491905354919054
42	0.0545610109253653
42	0.0523096129837703
42	0.052455919395466
42	0.0525184275184275
42	0.0487469533154178
42	0.052433764633395
42	0.0521940242530316
42	0.0516299227435463
42	0.0533025099075297
42	0.0559866606810748
42	0.0484712017065655
42	0.0524730907227063
42	0.0545607343719697
42	0.0497579508548318
42	0.0535590877677954
42	0.0512598814229249
42	0.054045136597598
42	0.0514445007602636
42	0.0528273340477842
42	0.0564698289770894
42	0.0526901426888336
42	0.0511854103343465
42	0.0511578816663562
42	0.0531443755535872
42	0.0516985753883839
42	0.0540239142556223
42	0.0522264251111553
42	0.0526414857573096
42	0.0527889079692171
42	0.0522374539525334
42	0.0510314224034541
42	0.056187246492453
42	0.0532033772038739
42	0.0515268382120503
42	0.0554766210281581
42	0.0531166005375656
42	0.0569121701457267
42	0.052552646378804
42	0.0526249527886189
42	0.0528430371127
42	0.0496684519255292
42	0.0539767184756454
42	0.0536146882570445
42	0.0533856600012459
42	0.0521869110287905
42	0.0524420583998952
42	0.0520156882916479
42	0.0529566951933595
42	0.0529730410682792
42	0.0525696351510396
42	0.0496313278393953
42	0.0512726606848563
42	0.0554599349780073
42	0.0508310081281087
42	0.0532574320050601
43	0.0499532273152479
43	0.0534031413612565
43	0.0502097289175484
43	0.0504186273910652
43	0.0495887054430897
43	0.0527333131984295
43	0.0543969305031252
43	0.0533577453737004
43	0.0520162550797124
43	0.0515021459227468
43	0.0512820512820513
43	0.0510501576723984
43	0.0510204081632653
43	0.0507237334664337
43	0.0505563027264947
43	0.0487942373943
43	0.0528888888888889
43	0.0530480470975502
43	0.052821997105644
43	0.0475343473994112
43	0.0526118937788306
43	0.0517625231910946
43	0.0539375
43	0.0547998445394481
43	0.0490453669644421
43	0.053006329113924
43	0.0516081692552281
43	0.0534107946026987
43	0.0543871910540695
43	0.0531206831596132
43	0.0566970274659324
43	0.0524082052601119
43	0.0505974607916355
43	0.0525735969153559
43	0.053076876255402
43	0.049062674008538
43	0.0543742595248488
43	0.0501746777496687
43	0.0491970278044104
43	0.0525291828793774
43	0.0501075929910852
43	0.0525477707006369
43	0.0515626900158093
43	0.0516841246942232
43	0.0510388719036626
43	0.0524224557805691
43	0.0534511524439226
43	0.0524573465749936
43	0.0510854176498348
43	0.0537613981762918
43	0.0546865064224851
43	0.052309476261032
43	0.0536073403720463
43	0.0544871794871795
43	0.0565674022866259
43	0.0477776432118203
43	0.0481607887751232
43	0.0527390677558866
43	0.0550236096537251
43	0.0522641388586434
43	0.0530901848509367
43	0.047717213363245
43	0.0554006085192698
43	0.0537139349294045
43	0.0499653419593346
43	0.0535817169195314
43	0.0527165476560075
43	0.0508859322782017
43	0.0537819253438114
43	0.0497582081954696
43	0.0512467970751828
43	0.0516490354698195
43	0.0522537867266865
43	0.0514349608647037
43	0.0515581454269065
43	0.0507182644385811
43	0.049811636668062
43	0.0526983321707147
43	0.0524227101068937
43	0.0485611510791367
43	0.0533441985833386
43	0.0532200637141608
43	0.0518176216882317
43	0.0491345934866773
43	0.0533196150820069
43	0.0521013795316009
43	0.0506434699714013
43	0.0512051878135324
43	0.0550629658185556
43	0.0512820512820513
43	0.052949604435308
43	0.0547648514851485
43	0.0526315789473684
43	0.0521717107762441
43	0.0550481362626512
43	0.0520096056622851
43	0.0529341166066578
43	0.0556346308558698
43	0.0532501363058097
43	0.051519774674334
44	0.0542862365198318
44	0.0496511847149771
44	0.0513425253991292
44	0.0543382445535827
44	0.0517745043197215
44	0.0535527851133084
44	0.053727212562421
44	0.0505963359154064
44	0.0505775075987842
44	0.0518380586256607
44	0.0515496125968508
44	0.0513896490907985
44	0.0555697170532756
44	0.0514465408805031
44	0.0539000589429563
44	0.0536484712061527
44	0.0494275849536616
44	0.0521415270018622
44	0.0524379598453673
44	0.0510112761768391
44	0.0510409273716584
44	0.0490864799025579
44	0.0514035727305869
44	0.0526511858934559
44	0.0539844102299813
44	0.0510572139303483
44	0.0527829369121083
44	0.0543845125135324
44	0.0547656997131017
44	0.0497945972861944
44	0.0539839250680337
44	0.0541352379680929
44	0.0524903258020222
44	0.0539284349929963
44	0.0514453993629425
44	0.0507758294436735
44	0.0529356357927786
44	0.0508515375819943
44	0.0511516977342622
44	0.05270286910479
44	0.0504664970313825
44	0.050427298624159
44	0.0519512047095952
44	0.0520459658296346
44	0.0517964071856287
44	0.0517273692759418
44	0.0525684715385586
44	0.0526348076805104
44	0.0480691998764288
44	0.050956177687189
44	0.0521552750654918
44	0.0543471525066617
44	0.0509314432666374
44	0.0511048018763116
44	0.0512723845428841
44	0.0517056297709924
44	0.0515331415631312
44	0.0507509689922481
44	0.0533325334453177
44	0.0541140215716487
44	0.0545166402535658
44	0.052222917971196
44	0.0519472628956802
44	0.0536308475239773
44	0.0497745939603532
44	0.0525776496958053
44	0.0502212815085626
44	0.0547245530828165
44	0.0545604152161529
44	0.0533787620670074
44	0.0514067598350058
44	0.0492471213463242
44	0.0523704866562009
44	0.0521253490536767
44	0.0527886588323074
44	0.0521249119511622
44	0.0514798093804866
44	0.0507659422871393
44	0.0519052271617
44	0.0516535433070866
44	0.0524582164206417
44	0.0515029107758109
44	0.054198814002423
44	0.0524306591112437
44	0.0495506739890165
44	0.0520507524343464
44	0.0538689374305813
44	0.0529411764705882
44	0.0511494252873563
44	0.0507220643939394
44	0.0511442545739992
44	0.0494769748707467
44	0.0520942894264679
44	0.0514733542319749
44	0.0548326535896938
44	0.0534298300818125
44	0.0528887789187183
44	0.0530632229634617
44	0.0512976356895399
44	0.0477469412115786
45	0.0514313440077632
45	0.0508971072867082
45	0.0506467375682667
45	0.0493160547156228
45	0.0522527154701459
45	0.0550918196994992
45	0.0532789418381853
45	0.0536221590909091
45	0.052468952403589
45	0.0519111111111111
45	0.0531720531720532
45	0.0522584194120164
45	0.0528184642698624
45	0.0518045666584827
45	0.0531765307426818
45	0.0522307507795634
45	0.0537482319660538
45	0.0527002672301286
45	0.0509265095172066
45	0.0482907004542195
45	0.0525875463128959
45	0.0505220208808352
45	0.0521459357736903
45	0.0517324640830617
45	0.0493446880473516
45	0.0499911780274069
45	0.0533205235979344
45	0.0511769455313335
45	0.0507283414260158
45	0.0517797383632492
45	0.052657663238756
45	0.0507791017415215
45	0.0527713625866051
45	0.0525143220878421
45	0.0499621975806452
45	0.0536457333077268
45	0.0495541942136229
45	0.0524801401138425
45	0.0510813717289999
45	0.0533375117518019
45	0.0562809545249887
45	0.0529910206146453
45	0.0516585100598151
45	0.0512620192307692
45	0.0500460546515198
45	0.0536297026045194
45	0.0510488662543955
45	0.0520877651492129
45	0.0532150776053215
45	0.053108326095049
45	0.0524935983416656
45	0.0514223194748359
45	0.0532244089615051
45	0.0527465254798147
45	0.0517575757575758
45	0.0536735874525937
45	0.0491252065880207
45	0.0498952256895282
45	0.0488177861428067
45	0.0521900061690315
45	0.0517595839883904
45	0.0522879959437191
45	0.0502063697406518
45	0.05345069524174
45	0.0535958792462672
45	0.05442088091354
45	0.0545182972367438
45	0.0527348540593574
45	0.054593108738733
45	0.0488982795049804
45	0.0548985968996998
45	0.0518783542039356
45	0.0503466799925042
45	0.0548712206047032
45	0.052536344917951
45	0.0513293943870015
45	0.0504331316008069
45	0.0517210416043101
45	0.0500690607734807
45	0.0515502428091147
45	0.0526089889018333
45	0.0520589119326721
45	0.0523053570299159
45	0.0506477519198077
45	0.0537220843672457
45	0.0488677731844265
45	0.0498110831234257
45	0.0522383451682618
45	0.0534523959250409
45	0.0509820562560621
45	0.0493432523538301
45	0.0514007003501751
45	0.0521252930920459
45	0.0491093828399398
45	0.0548232105457681
45	0.0497828878967647
45	0.0537634408602151
45	0.0551354757403907
45	0.0553708439897698
45	0.047528290649196
46	0.0541238661620712
46	0.0543915215007918
46	0.0526933531010625
46	0.0543280478294775
46	0.0527499240352476
46	0.0530401034928849
46	0.0539947589737339
46	0.0497479596735478
46	0.0529110563246729
46	0.0513996138996139
46	0.0482133073598344
46	0.0515836549653863
46	0.0506968535086118
46	0.0503300829749864
46	0.0520845635998583
46	0.0506238433526357
46	0.052490724408491
46	0.0546849809763333
46	0.0505658999634903
46	0.0508214811181952
46	0.0507620233647631
46	0.0523248755614908
46	0.0492112375086418
46	0.0553865652724968
46	0.0520214030915577
46	0.0545350899417279
46	0.0516417729938925
46	0.0522456461961503
46	0.0532812696813201
46	0.0506159145309125
46	0.0537653765376538
46	0.0538422649140546
46	0.0520234823882088
46	0.0523897058823529
46	0.0573160287238949
46	0.051257253384913
46	0.0499316855049062
46	0.0523699627196876
46	0.0540264423076923
46	0.0508857666463042
46	0.0507654623392529
46	0.053148570426241
46	0.0509626955475331
46	0.0523432744978697
46	0.0502212933366118
46	0.0513198208814518
46	0.0511644318983769
46	0.0509585652442795
46	0.0544896854513743
46	0.0520175596848878
46	0.049712256642586
46	0.0544086556398458
46	0.051311425987338
46	0.0532883235879197
46	0.0484352603917821
46	0.0534346504559271
46	0.0509573622071328
46	0.0541414881279375
46	0.05387122563188
46	0.0536693573233101
46	0.0516758945049711
46	0.0504650465046505
46	0.0484638430358926
46	0.0521637138094944
46	0.0525768147876117
46	0.0537840952746831
46	0.0551797569835901
46	0.0510091743119266
46	0.0525435280996344
46	0.0529789295228869
46	0.054196247464503
46	0.0515666196578576
46	0.0530842046649756
46	0.0510883482714469
46	0.0548021205769942
46	0.0517909002904163
46	0.051521504351693
46	0.0514024390243902
46	0.0525040876884879
46	0.0511560167485891
46	0.0541471048513302
46	0.0535191984566557
46	0.0514111091137875
46	0.0518407662376534
46	0.0512135922330097
46	0.0535075822956479
46	0.0509856412752495
46	0.0507922590342582
46	0.051560541863102
46	0.0512269938650307
46	0.0539025442000862
46	0.0519359062285679
46	0.0490561571690633
46	0.0506388465596061
46	0.0537205081669691
46	0.0540845070422535
46	0.0551200543176347
46	0.052064631956912
46	0.0525201185938162
46	0.0499700059988002
47	0.0531725285171103
47	0.0529558904276737
47	0.0498101921085931
47	0.0561336924583741
47	0.0508058864751226
47	0.0506623140184569
47	0.0526653821451509
47	0.0519371977792371
47	0.0529522880994455
47	0.051973802799976
47	0.0523175215478271
47	0.053212432142218
47	0.0529223968565815
47	0.0511077247684914
47	0.0514514271862311
47	0.0512015457070402
47	0.0536243274288133
47	0.051881622214103
47	0.0529020935188667
47	0.0535235228685468
47	0.0523215740334607
47	0.0525558818241745
47	0.0506644518272425
47	0.0516238914664944
47	0.0526503023834934
47	0.0543061905350303
47	0.0541922912987883
47	0.048665249232223
47	0.0498313310055039
47	0.053057992202729
47	0.0487213531143566
47	0.0506716238906212
47	0.0574928050331303
47	0.0512836001208094
47	0.047858495030762
47	0.0509847918224882
47	0.0528959444375543
47	0.0522960689410931
47	0.0541911537271884
47	0.0532883235879197
47	0.0523432744978697
47	0.0522014079465458
47	0.0531015597094892
47	0.0506904178372885
47	0.0495015271134674
47	0.0527250133143973
47	0.054649215309224
47	0.0459214140690314
47	0.0529781321734928
47	0.053221797902649
47	0.0503942609829845
47	0.0529324972334932
47	0.052146321020176
47	0.0524788248534028
47	0.0511881863870447
47	0.0508424299952539
47	0.0521991598715098
47	0.0500496154800298
47	0.0535382644892731
47	0.0521135265700483
47	0.0519259818731118
47	0.0528197729126153
47	0.0517140517140517
47	0.0507412317705195
47	0.0531585654469325
47	0.0513461996664284
47	0.0510337934911612
47	0.0477542741234425
47	0.0493016098484848
47	0.0515879877802755
47	0.052603102080077
47	0.0532851115129596
47	0.0537311603970102
47	0.0491095848781377
47	0.0501312962520888
47	0.0497438341475039
47	0.0518279954672869
47	0.0527273830471452
47	0.0512118144464956
47	0.0521764364480557
47	0.0508553203827196
47	0.0499562809676479
47	0.0525332851376589
47	0.0494528493691323
47	0.0549924127465857
47	0.0517391014086388
47	0.0498886153124634
47	0.0492575153929736
47	0.0529097315028551
47	0.050222275621771
47	0.0533582539491137
47	0.0521670797316085
47	0.0488372093023256
47	0.0519745528748049
47	0.0538801029790364
47	0.0503742426042533
47	0.0523809523809524
47	0.054171584767348
47	0.0521083955932633
47	0.0514302920806986
48	0.0523966019718484
48	0.0533109911251784
48	0.0530607277595229
48	0.0518106190359677
48	0.0528445608188527
48	0.0529103643105173
48	0.0514766443110954
48	0.0528246515040352
48	0.0562804284323272
48	0.0546155760139338
48	0.0513469951646327
48	0.0524543129794798
48	0.0488066354454663
48	0.0474166317428007
48	0.051219512195122
48	0.0528665833184497
48	0.0506374359585369
48	0.0538877952755906
48	0.052471890058897
48	0.0524224183273917
48	0.0529241179313678
48	0.0509747808978716
48	0.0502160813196178
48	0.0510811288517056
48	0.0495678250132298
48	0.050722371630496
48	0.0537185220051777
48	0.0515290151697568
48	0.0509808528133443
48	0.0504144041154616
48	0.0537997587454765
48	0.0522822101403464
48	0.0494608532583216
48	0.0515241268665926
48	0.0508624502432552
48	0.052369682626373
48	0.0521395181589356
48	0.0516528925619835
48	0.0505955891024885
48	0.0527274936216742
48	0.0512607534856126
48	0.0525200922060931
48	0.0535996460400733
48	0.0508727881396461
48	0.0465753424657534
48	0.0523387965067592
48	0.0510713237452304
48	0.0490878314839195
48	0.0543142381744711
48	0.0521858412357607
48	0.0535735663833353
48	0.0512535145267104
48	0.0507404431178969
48	0.0496608527131783
48	0.0500385367878105
48	0.0533259355156895
48	0.0504410632881416
48	0.0510832248135433
48	0.052291640789964
48	0.0529012345679012
48	0.0521932911095473
48	0.0513814832767814
48	0.051135358301386
48	0.0536003357515439
48	0.0529511780422638
48	0.0536221152659509
48	0.0528917743760796
48	0.0491850321395776
48	0.052587142684839
48	0.0520505704594511
48	0.0506845147550958
48	0.0508215063894941
48	0.0535481062255115
48	0.0530518419938298
48	0.0531621264850594
48	0.054421768707483
48	0.0510406045702633
48	0.0517451950890274
48	0.0539712320200125
48	0.0527579376988176
48	0.0487172095704814
48	0.0509119458871844
48	0.0522745169301593
48	0.0510264625608164
48	0.0511121915643612
48	0.0542805100182149
48	0.0514041816157367
48	0.0519388538039308
48	0.0501600853788687
48	0.0522584802858984
48	0.0535169148339667
48	0.0487745985753954
48	0.0521537690959179
48	0.0533396270946424
48	0.053637943878818
48	0.0507114832816068
48	0.0505269320843091
48	0.053840982704883
48	0.0526476144049723
48	0.0512621590976905
49	0.0512745556594949
49	0.0525540564425853
49	0.0502566551271338
49	0.0497737556561086
49	0.0537673297166968
49	0.0499280989358643
49	0.0513720671698555
49	0.0498728967437356
49	0.053422566631443
49	0.0519534497090607
49	0.0523835417799529
49	0.049097556729151
49	0.0522520320234676
49	0.0527144439909033
49	0.0507141617995721
49	0.051119560625264
49	0.052924791086351
49	0.0498889355826379
49	0.0513781570753085
49	0.0510253027941
49	0.05267333984375
49	0.0541074020319303
49	0.0511616561985487
49	0.050656660412758
49	0.048506151142355
49	0.0493961421784672
49	0.0505788067675868
49	0.0505455617811855
49	0.0493080069479464
49	0.0504186273910652
49	0.0531082028511334
49	0.0498773507767784
49	0.0504168544389365
49	0.052901336262127
49	0.0529684018056111
49	0.0498081958229313
49	0.0516935067912201
49	0.0507229340543082
49	0.0476108922760747
49	0.0526284348864994
49	0.0517456729911378
49	0.0517809221761405
49	0.0504201680672269
49	0.0530915185251691
49	0.0541711129244868
49	0.0488043544737325
49	0.0512805134049061
49	0.0486524739045822
49	0.0492751894052377
49	0.0508545476275846
49	0.0505423629434184
49	0.049574504540522
49	0.0548358697019243
49	0.0510784546100972
49	0.0507736943907157
49	0.049772148902172
49	0.0517014925373134
49	0.0509212330809135
49	0.0522289156626506
49	0.052958947929625
49	0.0499941934734642
49	0.0513715710723192
49	0.0509439616421936
49	0.0516734093416697
49	0.0536418771712889
49	0.0524255722927292
49	0.0503792316704693
49	0.0506678372107606
49	0.0508215962441315
49	0.0527938818305168
49	0.0515263808011293
49	0.0514908394204287
49	0.0526948266538485
49	0.0513435700575816
49	0.0513404590853338
49	0.052140967043541
49	0.0524218270999387
49	0.0530457767631864
49	0.0502749880439981
49	0.0511979973775182
49	0.0526798825256975
49	0.0518952528996771
49	0.0518617796165725
49	0.0527746879248548
49	0.0522488389146908
49	0.0522045855379189
49	0.0491888459095895
49	0.0521279900590245
49	0.0516532618409294
49	0.0547895057962172
49	0.051200189192385
49	0.0505554565436939
49	0.0528046884343978
49	0.053197270696214
49	0.0534701267350634
49	0.0515381083562902
49	0.0514067995310668
49	0.0502172863351038
49	0.0510215995329831
49	0.0534986929296614
50	0.049458774758176
50	0.0502835067605458
50	0.0501914819542764
50	0.0548694316436252
50	0.054640442532268
50	0.0499632623071271
50	0.0542065244051999
50	0.049626651349799
50	0.0518641354071363
50	0.052600988084859
50	0.053664166185805
50	0.0543231961836613
50	0.0504033445209916
50	0.0504664233153717
50	0.0499745891919363
50	0.0522945570971185
50	0.0508353221957041
50	0.0501476601544752
50	0.0508038585209003
50	0.0496578347078435
50	0.0529271206690562
50	0.0522313637496884
50	0.0517572268201991
50	0.0532212885154062
50	0.0506411392779058
50	0.0519179086244808
50	0.0502141139203379
50	0.0527873121079418
50	0.0522658430836847
50	0.0506261499198766
50	0.0505014326647565
50	0.0516801991347123
50	0.0498189463847681
50	0.0521209252795362
50	0.0530624807633118
50	0.0506420256810272
50	0.0519132342188642
50	0.0501490443626162
50	0.0519270020410613
50	0.052838838603503
50	0.0520925304608865
50	0.0536556251865115
50	0.0519840791219395
50	0.0511457378551787
50	0.0534558867992985
50	0.0492933271547729
50	0.052763358778626
50	0.0522330671398994
50	0.049449546864546
50	0.0496739774748073
50	0.0504385964912281
50	0.0528024111748681
50	0.0509067584115692
50	0.0528175339840709
50	0.0504848295276822
50	0.0533613445378151
50	0.0503384094754653
50	0.0524261349987989
50	0.0528516668602625
50	0.0519143038632558
50	0.0511931588374646
50	0.051253772927792
50	0.0510095011876485
50	0.0524353876739563
50	0.0527313662756251
50	0.0518667153107139
50	0.0501211212365901
50	0.0537402752842609
50	0.052043740132156
50	0.0515489163707604
50	0.048533458228441
50	0.0524374017176727
50	0.0514033231688344
50	0.0533309604318681
50	0.053849389987379
50	0.0498675572958655
50	0.0506953001232177
50	0.0496520264342944
50	0.0512185047501033
50	0.0535912968228458
50	0.0531171044127152
50	0.0514038357482114
50	0.0537301216089804
50	0.0540095203222263
50	0.0515457788347206
50	0.0519572533506524
50	0.05011122819342
50	0.0515906616668683
50	0.0514205925206411
50	0.0518125447173861
50	0.0508609875698483
50	0.048817166984788
50	0.0521434820647419
50	0.051710566151983
50	0.0509905052162701
50	0.0531291936074174
50	0.0504096900605629
50	0.0478572720149479
50	0.0494318847370271
50	0.0517395715223489
51	0.0511107303980355
51	0.0521249545949873
51	0.0503479328694228
51	0.0532827045565899
51	0.0492300646860152
51	0.0498528648087243
51	0.0490735807731013
51	0.0512758931251876
51	0.0512506130456106
51	0.0520110531163648
51	0.0496379959455546
51	0.0508641119010462
51	0.0507885896486933
51	0.0548538880633977
51	0.0523863568484559
51	0.0522837247728077
51	0.0478617955253469
51	0.0507422871723498
51	0.0529702675326223
51	0.0512880837548524
51	0.0532321663281157
51	0.0536700378482348
51	0.0519222020018198
51	0.0517046737412508
51	0.0518432510885341
51	0.0499971462816049
51	0.0502961950330371
51	0.0511820059674088
51	0.0524364406779661
51	0.0529635072250796
51	0.0515880190441753
51	0.0514364873817985
51	0.0512414456195917
51	0.0494778291388461
51	0.0515982001986794
51	0.051079610024523
51	0.0506554362654962
51	0.0539281774727295
51	0.0519866761836783
51	0.0516558675305976
51	0.0522277080483017
51	0.0529816918820274
51	0.0540231269573597
51	0.0528275941098951
51	0.0513560300057703
51	0.0518496420047733
51	0.0523290269052981
51	0.0518851406560056
51	0.0524982323827481
51	0.0506008157865726
51	0.0573640459420014
51	0.0524977830328111
51	0.0525819382221174
51	0.0512596730086693
51	0.0499249682558005
51	0.0559239334417615
51	0.0514239594142742
51	0.0523273318480159
51	0.0507233218328188
51	0.0529875986471251
51	0.0514475271411339
51	0.0506830220239755
51	0.0521226128208247
51	0.0517837304036539
51	0.0531959503983706
51	0.049205448354143
51	0.051198129748685
51	0.0503002152486689
51	0.0557417752948479
51	0.0510706447594757
51	0.0523023768392208
51	0.0510868938476619
51	0.0521244763614602
51	0.0513804126707353
51	0.0521047983514866
51	0.0497630331753555
51	0.0520340012143291
51	0.0488010807159743
51	0.0522696011004127
51	0.0533845296339877
51	0.0526536731634183
51	0.0508611721188302
51	0.0503391019644528
51	0.0511129431162407
51	0.0542858856697259
51	0.0505499648958577
51	0.0514510348017112
51	0.050369685767098
51	0.0506750728602867
51	0.0513567656164633
51	0.0519972050774426
51	0.0508346858335266
51	0.0509314545020301
51	0.0514244759003763
51	0.0513276434329066
51	0.0509471702553242
51	0.0520489190285747
51	0.050468262226847
51	0.0510301868711069
51	0.0515272706196024
52	0.0536165603562402
52	0.0493603532208763
52	0.0507030982050989
52	0.0483436170850057
52	0.0521449054837011
52	0.05290784372204
52	0.0533594491927825
52	0.0504322766570605
52	0.0531505531505531
52	0.0505417276720351
52	0.0503975535168196
52	0.0498701605288008
52	0.0516159032783074
52	0.0488531426869228
52	0.0500057084142025
52	0.0518658702466142
52	0.0513247000118807
52	0.049647807316519
52	0.0512864105179644
52	0.0529873264936632
52	0.0549848942598187
52	0.0528428093645485
52	0.0487461091208081
52	0.0516697804764129
52	0.0518331966733044
52	0.0531625021740391
52	0.0514102936900262
52	0.0514244055630328
52	0.0511145493094952
52	0.0509248554913295
52	0.053436897739882
52	0.0528860326631684
52	0.0489467162329616
52	0.0496653751320888
52	0.0529393659587565
52	0.0484816508383163
52	0.054699396966559
52	0.0514662927912139
52	0.0523279769262464
52	0.0509120295543754
52	0.0494387118720943
52	0.0478300909404858
52	0.0502761487217446
52	0.0480190646410486
52	0.0529149647233568
52	0.0514943338617815
52	0.0504102473289652
52	0.0511953491131281
52	0.050374486590964
52	0.0539675008895742
52	0.053739284658587
52	0.0500296384113812
52	0.0491765251681744
52	0.0498079832421739
52	0.0533200375410605
52	0.0499349189445036
52	0.052482750820043
52	0.04923334262615
52	0.051753311161678
52	0.0522860353699651
52	0.0502126654064272
52	0.0488738738738739
52	0.0525039910128304
52	0.0500058213994644
52	0.0492559695466605
52	0.0526315789473684
52	0.0527153723686538
52	0.0519868714101512
52	0.0521874030406454
52	0.0514535048450162
52	0.0515967657495201
52	0.0515296033500058
52	0.0504187020237264
52	0.0524340175953079
52	0.0481956890288205
52	0.0478996499416569
52	0.0536692223439211
52	0.0494806861944218
52	0.0531668696711328
52	0.0521817634667469
52	0.0529119110330699
52	0.051402139346632
52	0.0513398013398013
52	0.049645390070922
52	0.0498182468267684
52	0.0500699463744463
52	0.0512939001848429
52	0.05266244428806
52	0.0507821355701655
52	0.0502876869965478
52	0.0493697478991597
52	0.0518755935422602
52	0.0516856572301186
52	0.0511149019130011
52	0.051097413445475
52	0.052975721983411
52	0.052489272908952
52	0.0513744654856445
52	0.050011327594019
52	0.0517586166333373
53	0.049626651349799
53	0.0504135486411973
53	0.0498770635756937
53	0.0520663086621527
53	0.0526253477771858
53	0.0493896925858951
53	0.0490587564175699
53	0.0540524469287031
53	0.0529913531198878
53	0.0546585336682215
53	0.0502754820936639
53	0.0506088705172606
53	0.0493131789183286
53	0.0514854925580587
53	0.0525417745351848
53	0.0489408327246165
53	0.0502214807570615
53	0.0484038861901457
53	0.0522188760725041
53	0.0518752608669727
53	0.0522064848413906
53	0.0518068062214946
53	0.0524032825322392
53	0.0548784260347708
53	0.0517403574788335
53	0.0504659256764343
53	0.0531455287920933
53	0.0518548527113838
53	0.0509543475834357
53	0.0518557982596342
53	0.0519102486355367
53	0.0511127986447807
53	0.0508435271609948
53	0.0521729026260748
53	0.0490909090909091
53	0.0532026601330067
53	0.0510678355003824
53	0.049732651066521
53	0.0517251444917975
53	0.0507075471698113
53	0.0528025018041857
53	0.0521021108332849
53	0.0519690703110951
53	0.0507188498402556
53	0.0480027827700157
53	0.0515771028037383
53	0.0503695755841679
53	0.0516879534688493
53	0.0507191521574565
53	0.0496839887640449
53	0.0515362886954517
53	0.0496816734879491
53	0.0511827444437824
53	0.0513955272319585
53	0.0491421429383025
53	0.0542978316707485
53	0.0510488730194153
53	0.0515393774451437
53	0.0501957576111728
53	0.0496872828353023
53	0.0509680429204572
53	0.0495712906706036
53	0.0513062288535138
53	0.0510119540774056
53	0.0504012470411639
53	0.0495588715826163
53	0.0499655410062026
53	0.0503638017280582
53	0.0517181734317343
53	0.0513569220199244
53	0.053075279031109
53	0.0483781689361231
53	0.0502351187062737
53	0.0518976169461606
53	0.0517001276546362
53	0.0497031382527566
53	0.0524772962409472
53	0.0530384112260673
53	0.0517450946344852
53	0.0531775366638846
53	0.0509018036072144
53	0.0518505586592179
53	0.0502381228946451
53	0.0523307733523844
53	0.0523411073526794
53	0.0539656095674421
53	0.0533099004100762
53	0.0511460727122739
53	0.0527019952300622
53	0.0514805605786618
53	0.0533675276302131
53	0.0510577945869283
53	0.0500283929585463
53	0.0493221805595616
53	0.0495802580427066
53	0.0503342508847818
53	0.0508435670836681
53	0.0480485689505637
53	0.0496181046676096
53	0.0476136684552386
54	0.0500201230380038
54	0.0525096525096525
54	0.0499971299006946
54	0.0510936431989064
54	0.0512952478984388
54	0.0526927322372625
54	0.0515839162827731
54	0.0511925870845965
54	0.0481765727410229
54	0.0497022318695386
54	0.0523169793454459
54	0.0495410684867028
54	0.0537110549741369
54	0.052320962433322
54	0.0523697901778057
54	0.0500057084142025
54	0.0505964386561401
54	0.0523947833020104
54	0.0500757023495766
54	0.052394333216251
54	0.0505917159763314
54	0.0507980957714926
54	0.0492162481038261
54	0.0488586528730462
54	0.0509196185286104
54	0.0523600569259962
54	0.0510325183954427
54	0.0494285875133705
54	0.0495623442119297
54	0.0505198915009042
54	0.0505954076690787
54	0.0521676989042401
54	0.0522401380377224
54	0.0503983373744371
54	0.0489772727272727
54	0.0516705069124424
54	0.0511130384504192
54	0.0524421897121284
54	0.0512437525133567
54	0.0490300449491365
54	0.0541991035621609
54	0.0516177839851024
54	0.0506524725274725
54	0.0519023282226008
54	0.0479558392271865
54	0.0512351326623971
54	0.0515752625437573
54	0.0513101696871753
54	0.0507023336504561
54	0.0515627759138266
54	0.0522187359928283
54	0.0519647962329727
54	0.050158209305051
54	0.0487648939261843
54	0.0536947814477274
54	0.0525164113785558
54	0.0494561522773623
54	0.0510904121813821
54	0.0543593363925168
54	0.0512910798122066
54	0.0529376498800959
54	0.0528060482698459
54	0.0533860311467673
54	0.0519368723098996
54	0.0503649635036496
54	0.0509395517319448
54	0.0503515671552854
54	0.0487404162102957
54	0.0500903842789667
54	0.0504103165298945
54	0.0530555875244562
54	0.0504163339796966
54	0.0518617763635349
54	0.0495420482930891
54	0.0505713315985971
54	0.0524559452022715
54	0.0488008923591746
54	0.0510352872557597
54	0.051392749423384
54	0.0512880699489467
54	0.0518305224187577
54	0.0479555779909137
54	0.0525943812945403
54	0.0526923965796164
54	0.0514621887137309
54	0.0502339741782714
54	0.0526347021125089
54	0.0502030685920578
54	0.0513018207698239
54	0.0517401392111369
54	0.0487510955302366
54	0.0535139403510903
54	0.0522902310498581
54	0.0523441055985435
54	0.0528275941098951
54	0.0508280327774913
54	0.0512283482395562
54	0.0527297092582882
54	0.0503296073373459
54	0.0507628294036061
55	0.0496943626896083
55	0.0525140304661551
55	0.0521865044888503
55	0.049820645675568
55	0.0503580093496657
55	0.0504391033048301
55	0.0520085052583185
55	0.0502958579881657
55	0.0503649635036496
55	0.0518122810040784
55	0.0515327543567033
55	0.0521182038554773
55	0.05212612412568
55	0.0511200459506031
55	0.052007299270073
55	0.0530172907362876
55	0.0538957234915056
55	0.0535255661919216
55	0.048884404081175
55	0.0507165182520493
55	0.0520544783010157
55	0.052665570690465
55	0.0505159315115092
55	0.0512937682070029
55	0.0523892111715807
55	0.0488455210756226
55	0.0513044491031912
55	0.0501092988061207
55	0.0520176730486009
55	0.051960728024344
55	0.0521876945718005
55	0.0518834399431414
55	0.0519910838002289
55	0.0492800183580976
55	0.051249199231262
55	0.0489502377914395
55	0.0526041062521749
55	0.0524235731721492
55	0.0515575878822521
55	0.0531864766167982
55	0.0522443392459933
55	0.0516102148937437
55	0.0519399954883826
55	0.0510132774283718
55	0.0516366710955429
55	0.0515115589804386
55	0.0496851745850029
55	0.0516357903035081
55	0.0523946912867859
55	0.0496810252357026
55	0.0505002664140667
55	0.0530412744388125
55	0.0501304613334814
55	0.0509226816164448
55	0.0524141053942378
55	0.0529503478052291
55	0.0539423984891407
55	0.0487144010146431
55	0.048800231280717
55	0.0521217712177122
55	0.0513781570753085
55	0.0529103575335368
55	0.05301685891748
55	0.0496065685939104
55	0.0535384248494604
55	0.05193338978267
55	0.0505160550458716
55	0.0501148342264884
55	0.0538616680507771
55	0.0494004245797234
55	0.0555043900042979
55	0.0531216425928137
55	0.0547739297739298
55	0.0530482041587902
55	0.0521774380356729
55	0.0494447691408533
55	0.0513668300171223
55	0.0494941990055438
55	0.0509793103448276
55	0.0522161853016872
55	0.0494480738905159
55	0.0514341665706716
55	0.0490719128598422
55	0.0513010728144259
55	0.0513573000733676
55	0.0503023794721076
55	0.0479383171304056
55	0.0503130464211179
55	0.0521122599704579
55	0.0519756489777165
55	0.0540282664440336
55	0.049046483909416
55	0.0495160297655682
55	0.0517732922796214
55	0.0535073018913096
55	0.0503514166483637
55	0.0512614217573703
55	0.0509618629767128
55	0.0519669459962756
55	0.0502322880371661
56	0.0507038962556224
56	0.0486119044898892
56	0.0511907411529045
56	0.0507013689369613
56	0.0526586620926244
56	0.0515187781387132
56	0.0516140581180261
56	0.0521678240065356
56	0.0523360019118174
56	0.0494750884519459
56	0.0522253521126761
56	0.0504965494024575
56	0.051689074680827
56	0.0511980787074941
56	0.0513528748590755
56	0.0541921089713481
56	0.0497000856898029
56	0.0525221317806429
56	0.0533110483545617
56	0.0510919769629925
56	0.051253294454102
56	0.0501223854027592
56	0.0519305344798516
56	0.0514761988613019
56	0.0508162924165599
56	0.0499001996007984
56	0.0502199622921785
56	0.0512117055326932
56	0.0511436201091374
56	0.0496218198487279
56	0.0509661835748792
56	0.0501205649328281
56	0.0490185266872519
56	0.0481389297431836
56	0.0504951635191156
56	0.0511970327076543
56	0.0501798156889189
56	0.0524379024839006
56	0.0523542410334863
56	0.0473392836967574
56	0.0516193767768549
56	0.0526617714547958
56	0.0508005427408412
56	0.0519524811004377
56	0.0510018214936248
56	0.054780817887614
56	0.0479142234880214
56	0.0505134610047183
56	0.0498216545852031
56	0.050189183173826
56	0.0508130081300813
56	0.0515368615669055
56	0.0520566649598908
56	0.0533325744208549
56	0.052558941920644
56	0.0515799517314924
56	0.0500983454818929
56	0.0509006873666746
56	0.0509355509355509
56	0.0507275094831003
56	0.0505557138785979
56	0.0508018327605956
56	0.05087759550304
56	0.0481333776448432
56	0.0514855029232788
56	0.0492495831017232
56	0.0529692189982932
56	0.0520706631914277
56	0.0521391127895834
56	0.0508671190766197
56	0.0524925136515765
56	0.0494073398677912
56	0.0525694034258712
56	0.0512565039300343
56	0.0524029783393502
56	0.0532835467045993
56	0.0485130420335604
56	0.0506243671954101
56	0.0507446221731936
56	0.0517835315035004
56	0.0514010658414991
56	0.0493663180032099
56	0.0500425049589119
56	0.051777345982398
56	0.0525922519829866
56	0.0505763349800047
56	0.0522392211404729
56	0.0515201268187737
56	0.050314465408805
56	0.049480180130094
56	0.0522640105329441
56	0.050285062713797
56	0.0505759223528036
56	0.051770809835326
56	0.0521140609636185
56	0.0488135593220339
56	0.0511603978506917
56	0.0510232532203201
56	0.0495615275813296
56	0.0483000389516443
57	0.0514295778782364
57	0.048696922039991
57	0.0516739446870451
57	0.0505378753922008
57	0.0543161978661494
57	0.0522187231606069
57	0.0523266022827041
57	0.0524231127679404
57	0.0521013412816691
57	0.0505498301571766
57	0.0533042761220403
57	0.0515845477677539
57	0.0520601336302895
57	0.0474519728517198
57	0.0538574361982986
57	0.0506380747042713
57	0.0526551898166321
57	0.0505374009336663
57	0.0516327577363652
57	0.0510775496351604
57	0.0500723589001447
57	0.0520280677734041
57	0.0520685947139057
57	0.0491711782106379
57	0.053139528040958
57	0.052010539580708
57	0.0496108949416342
57	0.0533791256766983
57	0.0516670472710665
57	0.0513779414302975
57	0.0505138858517385
57	0.0508127833683512
57	0.0491164681307514
57	0.0517718871870231
57	0.0510147499168238
57	0.0511182108626198
57	0.0507161567184975
57	0.0533114138093001
57	0.0511933972786081
57	0.0493666591268944
57	0.05168664622247
57	0.0542053916758067
57	0.0514314527424506
57	0.0504401360911595
57	0.0503105590062112
57	0.0485387403715451
57	0.0504538023563899
57	0.0523839577715302
57	0.0515687393040502
57	0.0530364372469636
57	0.0526962838781783
57	0.0485565756000442
57	0.0511198208286674
57	0.054572624028691
57	0.0495705383708527
57	0.0503407594066777
57	0.0514934221670149
57	0.0485469891803093
57	0.0496603687425081
57	0.0488938672640717
57	0.050925412833869
57	0.051932929669306
57	0.0504382338349595
57	0.0518096323738957
57	0.0501962983735278
57	0.0511728323024857
57	0.0529442908406377
57	0.0504782440426826
57	0.050204415372036
57	0.0511664161238238
57	0.0501153045728106
57	0.0513233985765125
57	0.0485103555210987
57	0.0518750739382468
57	0.0506008482563619
57	0.0527292766401763
57	0.0518926204650118
57	0.0502070972797492
57	0.0508609875698483
57	0.0494665918023582
57	0.0515452289645838
57	0.0503981734142674
57	0.0515985543508479
57	0.0507467752885268
57	0.0501963462523476
57	0.0518965517241379
57	0.0500397140587768
57	0.0499805631143444
57	0.0513928368391131
57	0.0525962399283796
57	0.0490931482310793
57	0.0493346865133063
57	0.0510427792456012
57	0.0511680270194202
57	0.0506482982171799
57	0.0519427162812537
57	0.0512660028449502
57	0.0517112021700237
57	0.0508171880073601
57	0.050070962248084
58	0.0515768908735696
58	0.0514999718579389
58	0.049609223435508
58	0.051080662730035
58	0.0515270431666951
58	0.0501214895179974
58	0.0498298759740972
58	0.0511043497858914
58	0.0515996477839742
58	0.0512461495379446
58	0.0517302052785924
58	0.0513220182426972
58	0.0503942406582105
58	0.0505912539045069
58	0.0484676882078614
58	0.0508209085107617
58	0.0504187510539037
58	0.0515202702702703
58	0.0477827050997783
58	0.0522895125553914
58	0.0502493074792244
58	0.0485076693061631
58	0.0519029202398969
58	0.0501004240124972
58	0.0506999176567463
58	0.0517428261737692
58	0.0508305647840532
58	0.05434330221773
58	0.0512370491988903
58	0.0494853753561668
58	0.0510940272028386
58	0.0492242756103126
58	0.0508339952343129
58	0.0500929734603031
58	0.051456367578972
58	0.0520839192305529
58	0.0495296070835639
58	0.0511854385253029
58	0.0506386345653894
58	0.0492949802594473
58	0.0515664640981769
58	0.0524367674275139
58	0.0532105703694846
58	0.0502232790117729
58	0.0514735451255242
58	0.0527675700505282
58	0.0536424987021976
58	0.0511140235910878
58	0.0515706655946706
58	0.0500370856392994
58	0.0522231662418578
58	0.0533969288040949
58	0.0540588028581469
58	0.0530466787404335
58	0.0500696184906711
58	0.0513904982618772
58	0.0515950708280548
58	0.0508654383026242
58	0.0516664808828447
58	0.0509892594686263
58	0.0513373346541577
58	0.0498164360350184
58	0.0504644313547802
58	0.0503514166483637
58	0.0486700938757264
58	0.0496989662615018
58	0.0504775687409551
58	0.0516069041669088
58	0.0483980527567078
58	0.0505427603239331
58	0.0511148852243467
58	0.0492384955510672
58	0.0520730773438355
58	0.0518134715025907
58	0.0525357163185156
58	0.0495043896913056
58	0.0515505905626346
58	0.0526284666784933
58	0.0503474199794965
58	0.0512283794205134
58	0.0509384862410719
58	0.0529346622369878
58	0.0531233472409943
58	0.0542172010854516
58	0.0515647430376113
58	0.0535134508348794
58	0.0520406969945036
58	0.0514735920630289
58	0.0530631934394597
58	0.0504394344669469
58	0.0513026512108344
58	0.0509454949944383
58	0.0505269154087155
58	0.0517627638250206
58	0.0516594516594517
58	0.0498171846435101
58	0.0516871250068806
58	0.0520373660381684
58	0.0500617353238298
58	0.04972406488656
59	0.0503893724232707
59	0.0491920807367782
59	0.0515579466487335
59	0.0480281140179617
59	0.0493424749915702
59	0.0515130907854471
59	0.0512322380106572
59	0.0492771558755696
59	0.0486432272803254
59	0.0516683405869881
59	0.0525296136388797
59	0.0501949860724234
59	0.0506336243311743
59	0.0502002523728535
59	0.0504989249683004
59	0.0513530309022089
59	0.0525878310983043
59	0.0524834912431812
59	0.0508687700045725
59	0.0509568190591739
59	0.051887323943662
59	0.0509224668084373
59	0.0523715969688465
59	0.0495329748089442
59	0.0521914648212226
59	0.0489087413773606
59	0.0529061525375673
59	0.048986933291012
59	0.0535846477991003
59	0.0507620096192849
59	0.0501219028179396
59	0.0519142679409602
59	0.0483783783783784
59	0.0501904919662084
59	0.0491126935684413
59	0.0504810413129598
59	0.0513079034335966
59	0.0515529020035593
59	0.0527125598358787
59	0.0498693627172555
59	0.0503650048101409
59	0.0507619964874511
59	0.0500778123610494
59	0.0497638326585695
59	0.047730744054113
59	0.0488914819136523
59	0.0524989981107231
59	0.0497161534491657
59	0.0497140343158821
59	0.0516347106474736
59	0.0532492555613943
59	0.0503996447602131
59	0.0507917374390444
59	0.0487763522296954
59	0.0515033725848862
59	0.0500190083093467
59	0.0503120551844958
59	0.0515364553804286
59	0.0521004592097058
59	0.051296473367456
59	0.0518926204650118
59	0.0497972059486255
59	0.0511246302394374
59	0.0499945420805589
59	0.047698429769843
59	0.0475206611570248
59	0.0525114155251142
59	0.0491565706335865
59	0.0503855743027773
59	0.0521297948260482
59	0.0522806231088199
59	0.0489096748746267
59	0.0495291245204046
59	0.0519274376417234
59	0.0515106769650159
59	0.0507552199022657
59	0.0502073293735291
59	0.0512063297487045
59	0.0537711158696169
59	0.0533952408589669
59	0.0527509596370827
59	0.0502584405586715
59	0.0504033411522398
59	0.0529544533827189
59	0.0525271390218279
59	0.0502249718785152
59	0.048834628190899
59	0.0503214364885835
59	0.0512290502793296
59	0.0531532575933225
59	0.0523192442775827
59	0.0502164502164502
59	0.0523446019629226
59	0.0498953442326187
59	0.0507085075194093
59	0.0510043766131747
59	0.052725968436155
59	0.0526676568033817
59	0.0513128445875867
59	0.0496904529162594
60	0.0529438354616341
60	0.0536141415319993
60	0.0517894498784418
60	0.050600390952248
60	0.0485264790604919
60	0.0486061076317685
60	0.0510807736063709
60	0.0511959228586321
60	0.050989768683274
60	0.0523522181249302
60	0.0500223064911889
60	0.0502208130449553
60	0.0480339588918677
60	0.0495881851746663
60	0.0500798854057628
60	0.0504810350547385
60	0.0502424720875155
60	0.0518772482014388
60	0.0511966583878979
60	0.0496566596674423
60	0.0504971072291187
60	0.0544640191101821
60	0.0513386696108198
60	0.0505226480836237
60	0.0494690073688773
60	0.049109131403118
60	0.0492178770949721
60	0.0508995418482512
60	0.0483517687000329
60	0.0496492468323454
60	0.0497661990647963
60	0.0497981157469717
60	0.0512124711316397
60	0.0501338389471336
60	0.0509884350253518
60	0.0513641755634638
60	0.0518161473575486
60	0.0488212673465976
60	0.0485863299478452
60	0.0498788813036776
60	0.0518248597374053
60	0.0527206912657637
60	0.0504413619167718
60	0.0522002694207454
60	0.0495947614191401
60	0.0505385252692626
60	0.0524981693234946
60	0.0509823848238482
60	0.0513446045614433
60	0.0501083273151492
60	0.0497370727432077
60	0.0519772740057378
60	0.0525125770165621
60	0.0556111929307806
60	0.051335535083145
60	0.052264035914205
60	0.0515633571036753
60	0.0529605834346241
60	0.0518128788745282
60	0.0537405982660619
60	0.0537729196050776
60	0.0512934384367714
60	0.0504719812298794
60	0.0504441276455752
60	0.0487832167832168
60	0.0511887031827459
60	0.0515390901661673
60	0.0512557077625571
60	0.0511813265015656
60	0.0505500868558193
60	0.0503835329176094
60	0.0514714302072598
60	0.0470221151740749
60	0.0515405846899116
60	0.0495184135977337
60	0.0503867279452976
60	0.0516221743215608
60	0.0482364264281266
60	0.0499100964419986
60	0.0486284983030101
60	0.0521991840384508
60	0.0502968522459953
60	0.0527560385113451
60	0.0505474556078743
60	0.0530289930255346
60	0.0520257826887661
60	0.0508624993066726
60	0.0501800180018002
60	0.0529457710332515
60	0.0503162573366004
60	0.0516617491510327
60	0.0492638414600011
60	0.049969395136609
60	0.049670855774985
60	0.0507254222607189
60	0.0518285842494952
60	0.05263773540765
60	0.0502011351738579
60	0.0523429710867398
60	0.0514874815905744
61	0.0508207780526197
61	0.0525427542754275
61	0.0505857294994675
61	0.0518021889863045
61	0.0532865708790587
61	0.0504452679904862
61	0.0488052872394509
61	0.0507348938486663
61	0.0503843813948344
61	0.0504017531044558
61	0.0525688272274008
61	0.052025061535019
61	0.0504885993485342
61	0.0512486550767314
61	0.0485571587125416
61	0.0492413716445284
61	0.0499297950014041
61	0.0503405221339387
61	0.0528251225776325
61	0.0502992696721762
61	0.0509507829977629
61	0.0519674580773701
61	0.0514279339580544
61	0.0499720826353992
61	0.052338219720194
61	0.0510668641325215
61	0.0501169940686728
61	0.0511397967591321
61	0.0519893297008911
61	0.0525854000935891
61	0.0526462862571956
61	0.0506258692628651
61	0.0522086096437001
61	0.0532875196552327
61	0.051621481010463
61	0.0495505252897216
61	0.0475059382422803
61	0.0521004592097058
61	0.0532345397549159
61	0.0507105043187517
61	0.0510237599912406
61	0.0503561643835616
61	0.0488721804511278
61	0.0486976847729297
61	0.0497085670295832
61	0.0517955409315255
61	0.0530686536602014
61	0.0506391347099312
61	0.0499597099113618
61	0.0511253284588141
61	0.051904869251578
61	0.0504107122763587
61	0.0528374655647383
61	0.0505730087234164
61	0.0508941595980334
61	0.0516419055972809
61	0.0510054225033891
61	0.049997206859952
61	0.0504356568364611
61	0.0502455610124669
61	0.0505055996520605
61	0.0486568953304637
61	0.0508761395272668
61	0.0492121615623613
61	0.0506864360241625
61	0.0499603937988005
61	0.0498825634716475
61	0.0523989154780149
61	0.0501894964807796
61	0.0492831052717658
61	0.0486868797631449
61	0.0497089373359206
61	0.052382561676242
61	0.0496928477402369
61	0.0484576738155691
61	0.0523539862314013
61	0.0504576914489841
61	0.0520341649808946
61	0.0503071559023742
61	0.0507976955461999
61	0.051143546718768
61	0.0504885073699667
61	0.049779118629458
61	0.0535694018840086
61	0.049644999724806
61	0.0530341662417134
61	0.0508437067773167
61	0.0509595931980972
61	0.0509561180501824
61	0.0513933302878027
61	0.0508409365724964
61	0.0506168759638687
61	0.050798963506802
61	0.0507078797450505
61	0.0503960896679589
61	0.0503216661214698
61	0.0499640347479666
61	0.0535661958623923
61	0.053410740203193
61	0.0509329299041856
62	0.050252682982227
62	0.0499972528981924
62	0.0525350902320252
62	0.0516769519720955
62	0.048169879854708
62	0.0495605740349316
62	0.0509329572575396
62	0.0497243848383247
62	0.0521590658735404
62	0.049964506088571
62	0.0505364047268965
62	0.0488389433319131
62	0.0511423066336361
62	0.0508937845077352
62	0.04931640625
62	0.0500447327219861
62	0.0528204553100819
62	0.0509954972060978
62	0.0508605047561445
62	0.0501782286811078
62	0.0507662301476734
62	0.0540399046012448
62	0.0513999650736364
62	0.0515080190486617
62	0.0501211720643314
62	0.0529948659440958
62	0.0502827364452822
62	0.0502835538752363
62	0.0529502421840599
62	0.0509154890856106
62	0.0469320066334992
62	0.0525243377858275
62	0.0492802070415701
62	0.0499493576416653
62	0.049195890104981
62	0.0510457093574817
62	0.0507650273224044
62	0.0515239081838504
62	0.0509147876685503
62	0.0510192897851819
62	0.0503074962601806
62	0.0499033949765388
62	0.0511328671328671
62	0.0503249458423596
62	0.0493155203694541
62	0.0507619964874511
62	0.0522118742724098
62	0.0505669795453312
62	0.0509173017217048
62	0.050814010853478
62	0.0507751309890347
62	0.050863669611208
62	0.0507343872631461
62	0.0506046926377975
62	0.0513545860080514
62	0.0489248813180676
62	0.0512762973352034
62	0.0502920723226704
62	0.0500746144917924
62	0.0496887686062246
62	0.0503483928972803
62	0.0498279057453005
62	0.052164780021006
62	0.049622496990918
62	0.0505781138692531
62	0.0504321190241768
62	0.0532940242657898
62	0.0523131085318224
62	0.0512596793543462
62	0.0499131944444444
62	0.0470657845193911
62	0.0498491911159857
62	0.0481389845094664
62	0.0514874782901003
62	0.0511995318899941
62	0.0531598721471429
62	0.0517136371186535
62	0.0535237883503779
62	0.0497948631484292
62	0.050609551504306
62	0.0500992907801418
62	0.0497478991596639
62	0.0512735142333944
62	0.0505862277756371
62	0.0521619388598182
62	0.0483267283135183
62	0.0517434063477872
62	0.0505540547990518
62	0.0512044817927171
62	0.0501405036090143
62	0.0506894434209792
62	0.049815192806311
62	0.0478468899521531
62	0.0516522862006222
62	0.0507825507825508
62	0.0489663286458625
62	0.0491414057754956
62	0.0513033372073717
62	0.0512201809706608
62	0.0500679532481653
63	0.0477226968493225
63	0.0498683252087186
63	0.0490044247787611
63	0.0513446077072359
63	0.0490787269681742
63	0.0515208287414591
63	0.0507693974859124
63	0.0497100714969318
63	0.0517686177836381
63	0.0501083273151492
63	0.054017094017094
63	0.0506851576688129
63	0.0504220223975285
63	0.0501728235039965
63	0.0514098063639452
63	0.0521189049991603
63	0.0488436216307467
63	0.0495535222136479
63	0.0504971511562954
63	0.0505239933811362
63	0.0497190259566497
63	0.0495016975139634
63	0.0502293197767586
63	0.0497389244765032
63	0.0506475613116561
63	0.0517183098591549
63	0.0486692015209125
63	0.0518814446903849
63	0.0528672292061305
63	0.0494440246140559
63	0.0529545454545455
63	0.051052179514709
63	0.0507193640485921
63	0.0497956150130063
63	0.0523246032191128
63	0.0501534751151063
63	0.0515609703034918
63	0.0520821827018668
63	0.0507998877350547
63	0.0506411296867392
63	0.0488074816003542
63	0.0534554537885096
63	0.0507851653859004
63	0.0506435838345231
63	0.0505419347359879
63	0.0489696432528252
63	0.0505934139410486
63	0.051018137309447
63	0.0498816274844464
63	0.0510440835266821
63	0.0502971366828741
63	0.0489391796322489
63	0.0508068033144352
63	0.0488321620504341
63	0.0510093829968723
63	0.0520040304523063
63	0.0516374882642072
63	0.0505776352882649
63	0.0509090909090909
63	0.0526617057813394
63	0.0529890541678361
63	0.0520342142778813
63	0.0500055561729081
63	0.0506703146374829
63	0.050460967759533
63	0.0505279034690799
63	0.0524724197793582
63	0.0519105984138428
63	0.0497246431053842
63	0.0501683136062548
63	0.0502799615406368
63	0.0492309358752166
63	0.0518296073851629
63	0.0499715424018213
63	0.051893876188887
63	0.0512249443207127
63	0.0508105755630508
63	0.049862258953168
63	0.0521549372613202
63	0.0519612263300271
63	0.0507413156345341
63	0.0518220409063344
63	0.0511341578392768
63	0.0499781992587748
63	0.0506863216364899
63	0.0491190300832814
63	0.0495989153767936
63	0.0503113462280267
63	0.0504188144329897
63	0.0497455883945004
63	0.0513152220784821
63	0.051109730615011
63	0.0509745127436282
63	0.0492103075644223
63	0.0494369678659709
63	0.0504833512352309
63	0.0524889942431426
63	0.0495654087358345
63	0.0512177845583828
63	0.0500277008310249
64	0.0522861150070126
64	0.0522257464727114
64	0.0501389660922735
64	0.0512820512820513
64	0.0497803806734993
64	0.0505126014523708
64	0.0494001013913141
64	0.0510981622590766
64	0.0508120011010184
64	0.0510209759083069
64	0.0512383048981838
64	0.0496280610305696
64	0.0511546496527582
64	0.0517174835970668
64	0.0520821513672983
64	0.0502769263859762
64	0.0501310615989515
64	0.0533258803801006
64	0.0506357349988847
64	0.0500811370376588
64	0.049603709494797
64	0.0524888411774677
64	0.0512412656933477
64	0.0494514491567054
64	0.0492823227637396
64	0.0522175732217573
64	0.0497496189854126
64	0.0517506311052574
64	0.049361881658053
64	0.0503992593449832
64	0.0495011927998265
64	0.0497468633061853
64	0.0476829006650933
64	0.0497984090661436
64	0.0505072191508776
64	0.0502715109444102
64	0.0508056560341993
64	0.0512641204948897
64	0.051637350828573
64	0.0500631530600528
64	0.0509304603330069
64	0.051145594084365
64	0.0511098779134295
64	0.0495226397186087
64	0.0515313563441906
64	0.0512568306010929
64	0.0509503546099291
64	0.0497475018803051
64	0.0512193767012944
64	0.051814052599114
64	0.050150787445549
64	0.0499351857070394
64	0.0493397425272114
64	0.0518020562648288
64	0.0497732551708882
64	0.0501310433279429
64	0.0501178921971816
64	0.0505367464905037
64	0.0496877396734962
64	0.0522413024085638
64	0.050421539298341
64	0.0512661440415092
64	0.0517566040781191
64	0.0520503007107709
64	0.0521510194936142
64	0.0499233632581563
64	0.0505668425188012
64	0.050889058579688
64	0.0491785262926534
64	0.0525596149639029
64	0.050154403151954
64	0.0515592280264871
64	0.0528754271153067
64	0.0516805592901318
64	0.0472061134897837
64	0.0488255763375381
64	0.0496670962199313
64	0.0524765437486363
64	0.0502009137447019
64	0.0531079234972678
64	0.0516780675502351
64	0.0510545056149
64	0.0512820512820513
64	0.0506747452492426
64	0.0510505581089954
64	0.0495297123905834
64	0.0508152780880054
64	0.0529929078014184
64	0.0500537634408602
64	0.0503332069133662
64	0.0511176670827187
64	0.0521065537226928
64	0.051405710527758
64	0.0516157739585071
64	0.052411375586589
64	0.0500704454318847
64	0.0496265829635242
64	0.0487458589682915
64	0.0502121640735502
64	0.0517832069643359
65	0.0481214339541393
65	0.0497504340277778
65	0.0507087133282057
65	0.0500594016632466
65	0.0507011866235167
65	0.0513394074963173
65	0.052388463271744
65	0.0503344481605351
65	0.0494898495845167
65	0.0506065096876887
65	0.0496706619155599
65	0.0503705294812587
65	0.0492132392837765
65	0.0545340338053906
65	0.0519607843137255
65	0.0503344664985196
65	0.0506538564184681
65	0.0512437810945274
65	0.0508801942497655
65	0.0512561209282521
65	0.0522908093278464
65	0.0506187356514922
65	0.0503034610968342
65	0.0497959183673469
65	0.0500430941607412
65	0.052020337168852
65	0.0495987936884054
65	0.0522097420556528
65	0.0487136229439055
65	0.0517419206967683
65	0.0492766476359404
65	0.0507506872488898
65	0.0499807766243752
65	0.0498948998783051
65	0.0512577123872805
65	0.0513287429579469
65	0.0515350877192982
65	0.0488301679053124
65	0.0507195976673265
65	0.0513738877385416
65	0.0507357536503608
65	0.0517770462534174
65	0.0519737928756263
65	0.0524876981957354
65	0.0520585797181542
65	0.0500660211267606
65	0.0512595357005653
65	0.0522442972774099
65	0.0514465956058299
65	0.0498867436091037
65	0.0505870259157063
65	0.051009333622748
65	0.0491076316653892
65	0.0521135574899016
65	0.0537867824409069
65	0.0490328872514493
65	0.0501747106355099
65	0.0511974037600716
65	0.0493813993174061
65	0.0484894097408881
65	0.0505061559507524
65	0.0510117326985207
65	0.0486596576209611
65	0.0500610500610501
65	0.0508301694338981
65	0.0524723047824912
65	0.0507178094340668
65	0.0533879718342376
65	0.0495509942270686
65	0.0516504002631868
65	0.051833686322595
65	0.0490869492377283
65	0.0488771466314399
65	0.0510948905109489
65	0.051808892571113
65	0.0496376614177519
65	0.050931267512774
65	0.0509721192770397
65	0.0486016834102634
65	0.0519617650327887
65	0.0511115954664342
65	0.0490924994533129
65	0.0522893672822642
65	0.0487977369165488
65	0.050671847175004
65	0.0507142066216366
65	0.0513802027172741
65	0.050557456672922
65	0.0505924497106641
65	0.0503581506403299
65	0.0518051639298944
65	0.0514988470407379
65	0.0497119341563786
65	0.0514705882352941
65	0.0512223515715949
65	0.0511523018535834
65	0.0487360754070266
65	0.0486080904741192
65	0.0505379850016303
65	0.0500558035714286
66	0.0503519220357336
66	0.0513151978417266
66	0.0509051014810752
66	0.0503727369542066
66	0.0479337924905577
66	0.0504228329809725
66	0.0486387603572581
66	0.0503120759837178
66	0.0513598439700943
66	0.0525968672712284
66	0.0517021276595745
66	0.0503967628356719
66	0.0497681440741939
66	0.0503755364806867
66	0.0490909090909091
66	0.0494388174103477
66	0.0509509018582094
66	0.0492794300210504
66	0.0517492711370262
66	0.0484447527076775
66	0.0486887301673846
66	0.0503526324421847
66	0.0486947791164659
66	0.050601750547046
66	0.0521777098570025
66	0.0499621089098192
66	0.0500948766603416
66	0.0520503007107709
66	0.0487265838770785
66	0.0513068731848984
66	0.0506535061554314
66	0.0498663816141101
66	0.0519372999227288
66	0.0510055534587804
66	0.0512806858725172
66	0.0507563025210084
66	0.052063032462832
66	0.0497920887088176
66	0.0497708621975914
66	0.052413715947866
66	0.0502064041057682
66	0.0517770462534174
66	0.0513237847222222
66	0.0504496833590549
66	0.0506506075922142
66	0.0512458607024592
66	0.0502031502198475
66	0.0517706758799395
66	0.0535572449790083
66	0.0518022998673153
66	0.0496559816523548
66	0.0505017452006981
66	0.0493094518774277
66	0.0504047490555855
66	0.0517475398710553
66	0.0505055996520605
66	0.051216814159292
66	0.0505435391684411
66	0.049813200498132
66	0.0487580993520518
66	0.0499763270029986
66	0.0510760085860532
66	0.0500734773852936
66	0.0527769946433606
66	0.0513528437327443
66	0.0503942962082748
66	0.0491059370104262
66	0.0507880910683012
66	0.0508465167915626
66	0.0496066784395569
66	0.0499427512131291
66	0.0485568576388889
66	0.051301395699736
66	0.0503052103771528
66	0.0489168041730984
66	0.0484414265091162
66	0.050853889943074
66	0.0502449646162221
66	0.0527897699327832
66	0.0519580805295091
66	0.0494640943193998
66	0.0524184476940382
66	0.0493601462522852
66	0.0519962859795729
66	0.050456055253862
66	0.0498140857392826
66	0.0518973214285714
66	0.0524995820096974
66	0.0474485706652418
66	0.0510996470268803
66	0.0483139856274185
66	0.0497112322556269
66	0.0487482136240936
66	0.0515781801872512
66	0.0509055310817425
66	0.0498751792638232
66	0.0499246825909189
66	0.0487007768550763
66	0.0503698105058576
66	0.0508034151773877
67	0.0494198312236287
67	0.0514566357852439
67	0.0483710714845997
67	0.0516525494103969
67	0.0501054852320675
67	0.0476090273028565
67	0.0492758448476777
67	0.0482895229937363
67	0.0482179142182437
67	0.0503134544285485
67	0.0506976485630107
67	0.0516232332155477
67	0.0506456392887384
67	0.05018923811091
67	0.0500413793103448
67	0.0519201059368793
67	0.0503701230032838
67	0.0511615195408582
67	0.0529587972644549
67	0.0502796359249918
67	0.0513112267013437
67	0.0494537703170797
67	0.0492676431424767
67	0.0486390723143823
67	0.0506064183750134
67	0.0496732026143791
67	0.0492424242424242
67	0.0509857612267251
67	0.0477073223924541
67	0.0522191780821918
67	0.0491138966933218
67	0.0493121810516974
67	0.0518376302797586
67	0.048437244313533
67	0.0501761040368464
67	0.0494779369326827
67	0.050032418413659
67	0.0499434906625047
67	0.0501074479794539
67	0.0532350986040328
67	0.0498518204911092
67	0.0527680165908174
67	0.0487206823027719
67	0.050298286902742
67	0.0505699929763899
67	0.0500794477014958
67	0.0481985080154489
67	0.0503561643835616
67	0.0522287257991896
67	0.0492422199449868
67	0.0506404046927134
67	0.0493246893571043
67	0.0493091446049995
67	0.0511672710788758
67	0.0506461369260379
67	0.0483525887890458
67	0.052042963127007
67	0.0524195804195804
67	0.0530842399043117
67	0.0498394004282655
67	0.0506596306068602
67	0.0513318235738165
67	0.0520400819354482
67	0.0488547172833574
67	0.0490739713873794
67	0.0513522574877067
67	0.0503914665545689
67	0.0488183912973581
67	0.0494181326116373
67	0.0492639948425916
67	0.0497848148344934
67	0.0497413657975861
67	0.0490933694181326
67	0.0501749663526245
67	0.0490807269653424
67	0.0523020665964873
67	0.0512580520839068
67	0.0506935001359804
67	0.0508299319727891
67	0.0509193776520509
67	0.047065598659756
67	0.0510192714715384
67	0.0512265512265512
67	0.0519290249063975
67	0.0504460843705254
67	0.0507088331515812
67	0.0511150903467361
67	0.0529918304261426
67	0.0521993165031419
67	0.0491653204092622
67	0.0500966583816625
67	0.0506982872200264
67	0.0503488183440593
67	0.0507049747273211
67	0.0498860058625556
67	0.050990563434689
67	0.0512102196324518
67	0.0509158307893589
67	0.0508865345556348
67	0.0494941803546176
68	0.0487726098191214
68	0.0484607853801806
68	0.0492240413844595
68	0.0507732237482427
68	0.0504921521681298
68	0.0504399147494399
68	0.0503983005841742
68	0.0494697773064687
68	0.0461530137431014
68	0.0502462537985958
68	0.0504282142667163
68	0.0504350628424106
68	0.0515372213265136
68	0.0494120128671624
68	0.0516712417245277
68	0.050647128035084
68	0.0507709251101322
68	0.0519494545847284
68	0.0501928461985523
68	0.0504730193964378
68	0.0499205087440382
68	0.0503747323340471
68	0.0505698005698006
68	0.0499652276253143
68	0.0497455261861763
68	0.0498660953401178
68	0.0506308637981236
68	0.050382096069869
68	0.0496160974318242
68	0.0510042283298097
68	0.0507762654189707
68	0.049203897971138
68	0.0511145272867025
68	0.0505783500654736
68	0.0508165019338204
68	0.0491129381220251
68	0.0492309358752166
68	0.052625873936372
68	0.0528406147470212
68	0.049853059043548
68	0.0519301723663197
68	0.0498580838644032
68	0.0501363541011118
68	0.0500957243139757
68	0.0505479157713795
68	0.0511292855982235
68	0.051037041200607
68	0.0493007563802579
68	0.0507538755574432
68	0.0517127071823204
68	0.0508336501384891
68	0.0516556291390728
68	0.0525711662075298
68	0.0479004340323171
68	0.0500716095626308
68	0.049381393605056
68	0.0481305730823382
68	0.0510463957479792
68	0.0494460514107952
68	0.0519819476918058
68	0.0506234280515867
68	0.0508006626173385
68	0.050534917477555
68	0.051672222819658
68	0.0515424093593069
68	0.0497202906885554
68	0.049846914110759
68	0.0493422790427387
68	0.0500628518336339
68	0.0508098152862792
68	0.0495911092472216
68	0.0496314756880004
68	0.0507427808379236
68	0.0506588896089868
68	0.0512655512655513
68	0.0502599653379549
68	0.0496857710694526
68	0.0507871468621954
68	0.0494814651368049
68	0.050738420228239
68	0.0486156175643522
68	0.0508284189834316
68	0.048334838264195
68	0.050589125499946
68	0.0483365737740333
68	0.050177157148812
68	0.0513281079904202
68	0.0485267715703876
68	0.050144184556232
68	0.0496339362618432
68	0.0494710973394593
68	0.0484551302330486
68	0.0516076294277929
68	0.0503555131062294
68	0.0510359869138495
68	0.0498802003920714
68	0.0511283878630817
68	0.05176686059039
68	0.0497826086956522
68	0.0501489304088817
69	0.0512167362202591
69	0.0509711401294854
69	0.0495994096563356
69	0.0512384918895221
69	0.0495172843350981
69	0.0492102718384012
69	0.048594722162626
69	0.0494475736568458
69	0.0498674887771107
69	0.0496265829635242
69	0.0506308372931345
69	0.0481072963595878
69	0.0509450358461873
69	0.0494695762106305
69	0.0521961241601422
69	0.0496229096076074
69	0.0505621151347381
69	0.0503643377625375
69	0.049500766020392
69	0.0508610976983744
69	0.0499919019597257
69	0.0511448275862069
69	0.0498211415832858
69	0.0502684493104537
69	0.0481458069953645
69	0.049057812416591
69	0.0493351625158295
69	0.0502684236212787
69	0.0515099652183515
69	0.0519578313253012
69	0.0494996521646064
69	0.0509081051775549
69	0.0500160136649941
69	0.0516097454861866
69	0.0498622440710929
69	0.0500805152979066
69	0.0469943627838365
69	0.051446081066552
69	0.0499355670103093
69	0.0499144018831586
69	0.0520065075921909
69	0.0492686682063125
69	0.0492642354446577
69	0.0477840789750053
69	0.0509554140127389
69	0.0500837430439246
69	0.0491335819258609
69	0.0497021182700794
69	0.0489551600662712
69	0.0508336501384891
69	0.0512243174781874
69	0.0512806205010881
69	0.0516809922750517
69	0.0509732761464863
69	0.0483820295318882
69	0.0508238072237428
69	0.0511711908931699
69	0.0499322422599812
69	0.0496665777540677
69	0.0508627555083621
69	0.0471607314725698
69	0.0496606700420123
69	0.0505758106458632
69	0.0501494159195871
69	0.0504552758435994
69	0.0502988852388389
69	0.0512493059411438
69	0.0513300655394614
69	0.0507726269315673
69	0.048876374648037
69	0.0498538400212596
69	0.0494288459485428
69	0.0504147015774923
69	0.0500268096514745
69	0.0507861721360872
69	0.0498625211505922
69	0.0519177561981229
69	0.0505386140736374
69	0.0504423823910229
69	0.048394650569808
69	0.0499045541314426
69	0.0500878266886677
69	0.0492684548880514
69	0.0510909189836226
69	0.0480159354196152
69	0.0506123818578379
69	0.0491011537429568
69	0.0508861296826913
69	0.0505387931034483
69	0.0504589589855149
69	0.0507028651142826
69	0.0504780114722753
69	0.0492957746478873
69	0.0506749630879561
69	0.0479010256952522
69	0.0518934846665939
69	0.0496707927311035
69	0.0509979019850449
69	0.0501903208265362
69	0.0502149795636711
70	0.050602280060228
70	0.0469580940225484
70	0.0511223988202523
70	0.0505737577236617
70	0.0487492666275535
70	0.0506095908967759
70	0.0490729491310549
70	0.0494107699624795
70	0.0501343363782912
70	0.0494567253653054
70	0.0481194985329421
70	0.0504435182216522
70	0.051231310466139
70	0.0510553187009843
70	0.0490496304118268
70	0.0499810061323059
70	0.0502661147250148
70	0.0511232020686311
70	0.0491625869621232
70	0.0498462889767238
70	0.0502217180571311
70	0.0508428045901279
70	0.0486500935578722
70	0.0513970145989393
70	0.051088238447518
70	0.0514157973174367
70	0.0519371610666965
70	0.0499894758998106
70	0.0501100110011001
70	0.0514554701872092
70	0.0491338582677165
70	0.0490211433046202
70	0.04898657682229
70	0.0498370308064347
70	0.0485745556887476
70	0.0499715188234685
70	0.0500132590824715
70	0.0506505327408042
70	0.0491995106643264
70	0.0500613758872819
70	0.05143508219847
70	0.0510355815188529
70	0.0506162435478774
70	0.0510848230863084
70	0.0510182092446935
70	0.0503455608718767
70	0.0478415547177826
70	0.0504223726323522
70	0.0497184744502284
70	0.0506867761917587
70	0.0503420544153742
70	0.0495536430213289
70	0.0509867560069099
70	0.048284287687241
70	0.0491208050210073
70	0.0492909842499084
70	0.0503012696363245
70	0.0495059748590347
70	0.0491889063317635
70	0.0501016631041134
70	0.0516737440026471
70	0.0514619883040936
70	0.0496238973970453
70	0.0501331662227793
70	0.0495070610178524
70	0.052461752433936
70	0.0495190986534762
70	0.0507352542188941
70	0.0490520455858411
70	0.0488157753724145
70	0.0494551994075955
70	0.0492069308485578
70	0.0481726708722173
70	0.0498532159060582
70	0.0501788451711804
70	0.0517156729038241
70	0.0484874038157479
70	0.0504197216023802
70	0.0487463738085371
70	0.0508678091911363
70	0.0490185619799445
70	0.0509901514349253
70	0.0504744042365402
70	0.0509336941813261
70	0.0524740954175209
70	0.0498014214046823
70	0.0509856872805833
70	0.0524681268388362
70	0.0492866407263294
70	0.0508213279464143
70	0.0502700679180705
70	0.0476312158225584
70	0.0519466316710411
70	0.0512722088177232
70	0.0501095004692877
70	0.0523243005067195
70	0.0516385302879841
70	0.0513867529299464
70	0.0499759216651506
70	0.0501059322033898
71	0.0490477710394723
71	0.0478626036394961
71	0.0474757076468103
71	0.0504427153206332
71	0.0500522523513558
71	0.0507063436643928
71	0.0511950904392765
71	0.0475914714398526
71	0.0499786871270247
71	0.0497635425623388
71	0.0492069308485578
71	0.050803467888895
71	0.0501273074474857
71	0.0504810290779375
71	0.0504162085754673
71	0.0502897124740352
71	0.0506694670517196
71	0.0497069676579119
71	0.0490052356020942
71	0.0505567576125389
71	0.0489791485664639
71	0.049548625359048
71	0.0502668089647812
71	0.0507950058691708
71	0.0482601491300746
71	0.0508880897896916
71	0.0504826713087514
71	0.0517603925163099
71	0.0511396999946618
71	0.051315574440268
71	0.0519121236777868
71	0.051514516298082
71	0.0492055638022981
71	0.0504061541772016
71	0.051382354495956
71	0.0517337186041343
71	0.0512380748204524
71	0.0496828752642706
71	0.0498022870578177
71	0.0493049522154648
71	0.0506172839506173
71	0.0513542795232936
71	0.0504792332268371
71	0.0504509283819629
71	0.0486306086772263
71	0.0504233608336952
71	0.0485749947992511
71	0.0507914512604594
71	0.0513510544815466
71	0.0505207774079244
71	0.051017130620985
71	0.0509264335050981
71	0.0508075897757566
71	0.0486787929327149
71	0.0497749262689502
71	0.0505174437213272
71	0.0495815569240486
71	0.0503286992132773
71	0.0510140316991422
71	0.0514866230519653
71	0.0504714959279897
71	0.049870841899942
71	0.048927686173079
71	0.048863875447086
71	0.0499049429657795
71	0.0499973405669911
71	0.0505857878024745
71	0.0501773143492299
71	0.0490600641907382
71	0.0511995484053062
71	0.0503589527027027
71	0.0492572753879287
71	0.0505840689254189
71	0.0490518727472183
71	0.0487418058786213
71	0.0502999785729591
71	0.04937604667495
71	0.0517376946060701
71	0.051830770072793
71	0.0501744739346516
71	0.0500889772846226
71	0.0520138850625379
71	0.0529130959912578
71	0.0500996606152023
71	0.0504631624299871
71	0.0492245448415374
71	0.0507400702800554
71	0.0481525368954002
71	0.0497187732144752
71	0.0480199068191444
71	0.0494455456152569
71	0.0483018867924528
71	0.0495065436601588
71	0.0494189090147629
71	0.0525769818737716
71	0.0512449799196787
71	0.0491409668125067
71	0.0502073783016809
71	0.0500080141048245
71	0.0518940223341362
72	0.0509517299400568
72	0.0509921058246213
72	0.0490114028664086
72	0.0480079576985498
72	0.049250188801381
72	0.0505399568034557
72	0.0510755536717177
72	0.0497346072186837
72	0.0499841822208162
72	0.0486381322957198
72	0.0493675615093131
72	0.0512413868533304
72	0.0502831375838926
72	0.0485200352495983
72	0.04902951342728
72	0.051067279113753
72	0.0489721235604348
72	0.0485787017394994
72	0.0503290538353652
72	0.049286992354823
72	0.0502501975243613
72	0.0495765891306678
72	0.049933528316937
72	0.0514304256124601
72	0.0486314249895529
72	0.0500906860130161
72	0.0495640686922061
72	0.0507677195884816
72	0.0518098325229606
72	0.0512053109865593
72	0.0505072424456138
72	0.0497907949790795
72	0.0516515884704397
72	0.0485452413940104
72	0.0506584536958369
72	0.0505061155630536
72	0.0505268846257768
72	0.0512987012987013
72	0.0491365777080063
72	0.0522595029637283
72	0.0482958887360538
72	0.0500840866092075
72	0.0484158623583718
72	0.0513013147303461
72	0.0513114128360325
72	0.0518422614230997
72	0.05209691438505
72	0.0482514152690334
72	0.0505186220239695
72	0.0539165818921668
72	0.0516459168600971
72	0.0496014171833481
72	0.0505955463490419
72	0.0490149222027508
72	0.050601765177855
72	0.0502645502645503
72	0.0510106382978723
72	0.0519537458212309
72	0.0502662754048473
72	0.0478042204593768
72	0.0503694848945881
72	0.0495628385989379
72	0.0509628066473226
72	0.0473999572009416
72	0.0515671325709445
72	0.0502886742567312
72	0.0515523088964258
72	0.0511228676311812
72	0.0489506847888351
72	0.0496491601105677
72	0.0506289308176101
72	0.0502515252060366
72	0.0495240076991104
72	0.0490267513271573
72	0.0502646946460732
72	0.0493428026287895
72	0.0491239214440739
72	0.0510302640051513
72	0.0486266743107312
72	0.0497905509305902
72	0.0502410283877879
72	0.0512727649006623
72	0.0516308714048524
72	0.0499439731070914
72	0.0481908590774439
72	0.0505820105820106
72	0.0502068965517241
72	0.0515390901661673
72	0.0504192646742636
72	0.0524556579869535
72	0.0479399601776689
72	0.0505578986706529
72	0.0513196480938416
72	0.0508630984692216
72	0.0511630332742255
72	0.049735562797158
72	0.0493481817702011
72	0.0476791757159453
72	0.0510610441328896
72	0.0507973386841272
73	0.0502196115785574
73	0.0487027998972515
73	0.0490086642215489
73	0.0475153024172632
73	0.0509885535900104
73	0.0520723226703755
73	0.0495577999895337
73	0.0497577241702704
73	0.0490665020830119
73	0.0507995735607676
73	0.0497754491017964
73	0.0496211323931804
73	0.0503484046733379
73	0.0506335881944073
73	0.0493094575434543
73	0.0508079470198676
73	0.0499356361295859
73	0.0504623513870542
73	0.0506751031015197
73	0.049906191369606
73	0.0492189957018555
73	0.050766537584213
73	0.0490015280046367
73	0.0490551937653464
73	0.0532512127323268
73	0.0505925492905352
73	0.051017130620985
73	0.0503476760600199
73	0.0508723214753497
73	0.0510824357470406
73	0.0526517641902257
73	0.0500267809319764
73	0.0494793015905912
73	0.0505953984589687
73	0.0509513060303128
73	0.0496084923012244
73	0.0518967334035827
73	0.0496966499604326
73	0.0507982583454282
73	0.0486843452441896
73	0.0521626437712619
73	0.0486500935578722
73	0.050373955125385
73	0.0485696645400288
73	0.0516371443907676
73	0.0509574813372282
73	0.0481135521578041
73	0.0520108378048133
73	0.0506200555911909
73	0.0484336464291336
73	0.049430251313804
73	0.0501389779773359
73	0.0513553578991953
73	0.0500443852640923
73	0.0491820524959234
73	0.0499816244027931
73	0.0518922318901352
73	0.0493506493506494
73	0.0485945688423059
73	0.0499076760749143
73	0.0514341168859176
73	0.0500371431603523
73	0.0483534806169237
73	0.0512943177589964
73	0.0505316403427274
73	0.0493503772003353
73	0.0487260650718696
73	0.0479966827346706
73	0.0486392588303416
73	0.0480082241069134
73	0.051473330846699
73	0.0506569574164952
73	0.0493398912762102
73	0.0497742253594228
73	0.0510412841630383
73	0.0490384615384615
73	0.0508519280476869
73	0.0499479708636837
73	0.050412514732669
73	0.0508062384351044
73	0.0519623233908948
73	0.0492193702037576
73	0.0487268154668343
73	0.0528498511271799
73	0.0488820107796574
73	0.0505445701596701
73	0.0491934622369405
73	0.0481291806020067
73	0.0511419291643038
73	0.0507342416370673
73	0.0491992044383963
73	0.0504540325613884
73	0.0480617711944532
73	0.0514388685633157
73	0.0503272047366781
73	0.0502646917277151
73	0.0501194556975174
73	0.0515195839427921
73	0.0504402248859658
73	0.0496960648395009
74	0.0518724145438711
74	0.0501794034166979
74	0.0498650150865491
74	0.0500130787339786
74	0.0495184254606365
74	0.0517926119362385
74	0.0485119831445878
74	0.0507704785077048
74	0.0517958009165512
74	0.0506322360347863
74	0.049647243271492
74	0.0504799913709416
74	0.0495346269127623
74	0.0507510953473816
74	0.0497559439458353
74	0.049825452237385
74	0.0514398886628841
74	0.0506342274901227
74	0.0499468650371945
74	0.0507995269679675
74	0.0493563378024678
74	0.0497491192484253
74	0.0498612056774734
74	0.050850101388239
74	0.0514103246407664
74	0.0491094677637746
74	0.0506042296072508
74	0.0497723010983123
74	0.0487400186663901
74	0.051052798645646
74	0.0514705882352941
74	0.0498808578236696
74	0.0501026261775696
74	0.0491997934950955
74	0.0476465340819646
74	0.0511094355881086
74	0.0512806773121852
74	0.0487992610837438
74	0.0494267515923567
74	0.0520341100429091
74	0.0519364813164928
74	0.0485817270020373
74	0.0497237569060773
74	0.0501877412872177
74	0.0508695652173913
74	0.0497434286312703
74	0.0511213185625507
74	0.0490573898552234
74	0.0495495495495495
74	0.0516439454691259
74	0.0489139093950821
74	0.050849285521704
74	0.0501152073732719
74	0.0503453002266856
74	0.0502002670226969
74	0.0490483162518302
74	0.0496929666133443
74	0.0494078363854542
74	0.0495732611028773
74	0.0499371201006078
74	0.0496036953440764
74	0.050208986415883
74	0.0494768389505232
74	0.0491540332177782
74	0.0493200836820084
74	0.051396942540854
74	0.0490762124711316
74	0.0483519900497512
74	0.0490313821732547
74	0.0514216256209703
74	0.0514084507042254
74	0.0498782824882167
74	0.0503276539973788
74	0.0504246004536104
74	0.0510700389105058
74	0.0484816753926702
74	0.049419054996127
74	0.0510898088148664
74	0.0497625215889465
74	0.0505215123859192
74	0.0495352710471176
74	0.051235523296152
74	0.0508412003586309
74	0.0509327962688149
74	0.0482489022169862
74	0.05109060850088
74	0.0503141305505271
74	0.0493462673977225
74	0.0502141327623126
74	0.050314465408805
74	0.0491266951612052
74	0.0502737418403875
74	0.051046205153031
74	0.051062920628138
74	0.0509877901797411
74	0.0502958579881657
74	0.0487004393626595
74	0.049543814979843
74	0.0506961419917101
74	0.0499023537876452
75	0.0496669936496463
75	0.0493668939355103
75	0.0504358988072953
75	0.0496508130702962
75	0.0496189142946026
75	0.0500392567390735
75	0.049291371404752
75	0.0521893682339635
75	0.0482240363302157
75	0.0505039843791229
75	0.0531403575093158
75	0.0510017262122718
75	0.051098376313276
75	0.0514136069691625
75	0.0517978513483885
75	0.0503678551216752
75	0.0495842315983985
75	0.0518733537601462
75	0.0506375418060201
75	0.0483709668929944
75	0.0492464444916154
75	0.0503082741826848
75	0.0491078315421402
75	0.0489650326974004
75	0.0499871034304875
75	0.0499055013536293
75	0.0488587356684548
75	0.0512351804460229
75	0.0491305689885791
75	0.0500882966768342
75	0.0491362366814937
75	0.048938134810711
75	0.0525145579671784
75	0.0492608291119611
75	0.050520059435364
75	0.0497934103188897
75	0.048801810140903
75	0.0498657071909999
75	0.0502418054809242
75	0.0491335372069317
75	0.0493517356754496
75	0.0508036890645586
75	0.0500971485585254
75	0.0502975720229631
75	0.0497558468260087
75	0.0513750854498606
75	0.050407030028573
75	0.0494268587653802
75	0.04784764718295
75	0.0498237245956035
75	0.0472649750415973
75	0.0515362824144694
75	0.0489015631601183
75	0.0497294511723783
75	0.0504776378636561
75	0.0508230781524692
75	0.0500289336630017
75	0.0482419422352449
75	0.0503515885643895
75	0.0490915716591181
75	0.0503984379122909
75	0.0484916082430423
75	0.0485013344282488
75	0.0510948905109489
75	0.0491992044383963
75	0.0494971715901948
75	0.0492779593127438
75	0.049100351466191
75	0.0492631145006699
75	0.0504731861198738
75	0.0523430782459157
75	0.0482694397020022
75	0.0494485579661368
75	0.0488326037106525
75	0.0485274080285085
75	0.0509276687281527
75	0.0494794405300242
75	0.049052455240289
75	0.0511462910996982
75	0.0503815080789946
75	0.0509947643979058
75	0.0497597437266417
75	0.0517578125
75	0.0496102801769539
75	0.048364376271717
75	0.0506698357821953
75	0.0514085627884768
75	0.0493057374901755
75	0.0489502941335204
75	0.0497840059003266
75	0.0506122878015452
75	0.0499482401656315
75	0.0497538770973376
75	0.0506160328550856
75	0.0507723941582749
75	0.0486038211211421
75	0.0495344506517691
75	0.048133225893097
75	0.0502854177477945
75	0.0486144610601919
76	0.0482809456115411
76	0.0494917067950776
76	0.050967913020419
76	0.0490575781048283
76	0.0509521091682665
76	0.0505002632964718
76	0.0483796177031274
76	0.0500879202856077
76	0.0503332808481604
76	0.0503497222793664
76	0.0503369621565578
76	0.0501683136062548
76	0.0490348692403487
76	0.0501626613495645
76	0.0495389904672605
76	0.0495935795863772
76	0.0485035579740477
76	0.0504936073798349
76	0.0478646585516815
76	0.0498801448462284
76	0.0504254981764364
76	0.0519741716947179
76	0.0505316403427274
76	0.0492389853137517
76	0.0509150018352472
76	0.0485846628924344
76	0.0493417642790505
76	0.0496288220941702
76	0.0500707065416645
76	0.0482805619626756
76	0.049234693877551
76	0.051999149298171
76	0.0513134757819577
76	0.0502865403479787
76	0.0490685126743357
76	0.0499300046663556
76	0.049199386989378
76	0.0493415996310908
76	0.0503402830290591
76	0.0503646188552542
76	0.0482908015005019
76	0.0511188885353696
76	0.048740560806886
76	0.0502323180175529
76	0.0497981862976359
76	0.0511976206914865
76	0.0498757159840052
76	0.0495259804175517
76	0.0492983654806328
76	0.0498947692623582
76	0.0492359046575914
76	0.0501827676240209
76	0.0526058366393131
76	0.0505060832225744
76	0.0499895528625157
76	0.0499402380086265
76	0.0517687187104583
76	0.0480259432748237
76	0.0505377466847656
76	0.0522435557441392
76	0.050215059335648
76	0.0495519240906695
76	0.0514204700365342
76	0.0507824808318454
76	0.0500078137208939
76	0.0502029480880154
76	0.0497624144953266
76	0.0502240283421903
76	0.0503134957344023
76	0.0502764159799729
76	0.0508160237388724
76	0.0508163158171033
76	0.0501445466491459
76	0.0493889506110494
76	0.0517148403796376
76	0.0512766848053579
76	0.0493051488206166
76	0.0495271026136479
76	0.0494954105177747
76	0.05
76	0.0494758237056055
76	0.0483820622203725
76	0.0506747746306076
76	0.0475458551081053
76	0.0479216585060944
76	0.0514033427940713
76	0.0509547420613989
76	0.0507326879331323
76	0.0489155514536225
76	0.0506858122588941
76	0.0486746240892885
76	0.0503280032800328
76	0.0506242427435073
76	0.0487004531486015
76	0.0485076550337646
76	0.0503981559094719
76	0.0491640543364681
76	0.0498597693985665
76	0.0492283546952655
76	0.0511730436151787
77	0.0502854748310722
77	0.0505135633394785
77	0.0490746945718851
77	0.0487521471152875
77	0.0498914252423071
77	0.0497063974451427
77	0.0496860496860497
77	0.0518550197797498
77	0.0504839531329598
77	0.0456719875119593
77	0.0510987003497051
77	0.0490906248371463
77	0.0515523389972729
77	0.0503843756492832
77	0.052450373877024
77	0.0485747222804443
77	0.0502203546171979
77	0.0499267322587398
77	0.0507767698884371
77	0.0501245488282243
77	0.0501060034127928
77	0.0501922583952833
77	0.0491145336878543
77	0.0500850208687587
77	0.0489350372736954
77	0.0483981632976197
77	0.0504857379082265
77	0.0504783550927639
77	0.051518524407696
77	0.0508959412780656
77	0.0477939274815083
77	0.0499259032142675
77	0.0504129300298931
77	0.0508943781942078
77	0.0505836575875486
77	0.0497159831153265
77	0.049901580039368
77	0.0504149377593361
77	0.0464524835210463
77	0.0515037593984962
77	0.0505155173307083
77	0.0496597579346527
77	0.0518132011479259
77	0.0508218893050354
77	0.0502367175170963
77	0.0502318795268615
77	0.0493329845670939
77	0.0519948948449032
77	0.0511075949367089
77	0.0480704480704481
77	0.0496617546803713
77	0.0493150684931507
77	0.0512519352944317
77	0.0487420584498094
77	0.051166728398328
77	0.0505108423686405
77	0.0481983133145924
77	0.0490838709677419
77	0.0489094175006415
77	0.0479069294858769
77	0.0491000947268709
77	0.0503036910138608
77	0.0500929614873838
77	0.0504587155963303
77	0.0497966943021598
77	0.0481803675297267
77	0.0494632708903389
77	0.0494261193258195
77	0.0506985605419136
77	0.0485797042532649
77	0.0495215185901794
77	0.0499215891270256
77	0.0505024478227261
77	0.0503664431623265
77	0.0496621090680497
77	0.0512820512820513
77	0.049632258396338
77	0.0505213764337852
77	0.0494391358537599
77	0.0500154846701765
77	0.0497132937029828
77	0.0492006188757091
77	0.0501381143482566
77	0.0493358633776091
77	0.0471409642238304
77	0.0499501547825174
77	0.0492647058823529
77	0.0502131691141639
77	0.0478375816830448
77	0.0503285782978041
77	0.0496500659296075
77	0.0497478816863336
77	0.0500052637119697
77	0.051358076984169
77	0.0502154369913293
77	0.0501272264631043
77	0.0486331684457173
77	0.0495306260048753
77	0.0497929606625259
77	0.0495729183042499
78	0.0515403785990774
78	0.050817068797705
78	0.0510193467859372
78	0.0509379128137384
78	0.048392165078035
78	0.0497730554982463
78	0.0501723871764524
78	0.0507890813756233
78	0.0490600641907382
78	0.0500104733975702
78	0.0514101531023368
78	0.048244724025974
78	0.0500362206354134
78	0.0498383205871786
78	0.0495894039735099
78	0.0501507119842012
78	0.0517331112730301
78	0.0505019305019305
78	0.0503660171151665
78	0.0491262436208052
78	0.0492925604746691
78	0.0482783102591409
78	0.0500335969400941
78	0.0492071611253197
78	0.0486605542181017
78	0.0488998814860617
78	0.0515675196632325
78	0.0501434186762987
78	0.0511088656065521
78	0.0500081182010067
78	0.0495247098366682
78	0.0494131209390065
78	0.0501615551671169
78	0.0507590622740886
78	0.0492575153929736
78	0.0500233269400238
78	0.0500835596406935
78	0.0501398638306856
78	0.050760113372842
78	0.0489918084436043
78	0.0482388183038942
78	0.0506576243321003
78	0.0507792071959
78	0.0510341261633919
78	0.0512115394593473
78	0.0488607859531773
78	0.0479605092231749
78	0.0497220182523864
78	0.0510326171773396
78	0.04899255479773
78	0.0497543315231446
78	0.0498860339825943
78	0.052575450570545
78	0.0488930367605123
78	0.0506549757025143
78	0.0488293608943261
78	0.0486808070356958
78	0.0493808363784003
78	0.0493278234032536
78	0.0490621244579132
78	0.0508465826966756
78	0.0497351231805791
78	0.0500417014178482
78	0.0498004871223506
78	0.0496609391729975
78	0.0499714892955264
78	0.0509195280110556
78	0.0514831412718737
78	0.0509739572305738
78	0.048376130955494
78	0.0494274908035853
78	0.0483964096372894
78	0.0493902130458985
78	0.0495434029600084
78	0.0500893514138547
78	0.0506302410210432
78	0.0497336611350133
78	0.0488585889887408
78	0.0482451704258117
78	0.0518602029312289
78	0.0489318781358299
78	0.0506166495375128
78	0.0505878712871287
78	0.0506781240294026
78	0.0496699151210311
78	0.0501752733741433
78	0.0507608811322763
78	0.0483600544902022
78	0.0503995403979736
78	0.0505594257969179
78	0.0514948398765826
78	0.0498563371288709
78	0.0503659280341533
78	0.0505787881948066
78	0.0511213549489822
78	0.0482137373323779
78	0.0490981963927856
78	0.0497969087935855
78	0.0495479204339964
78	0.0512048192771084
79	0.0510642759777708
79	0.0483804415102125
79	0.0506129320776556
79	0.0506295907660021
79	0.0519859813084112
79	0.0509785353535354
79	0.0504940818764252
79	0.0484917709360885
79	0.0482028712145028
79	0.0479589216944801
79	0.049500360564541
79	0.0514660012476606
79	0.0496298613283286
79	0.0482652351128343
79	0.0496875320151624
79	0.0503277648551491
79	0.0485968171092926
79	0.0480257208881744
79	0.0503537674947064
79	0.0491071428571429
79	0.0502675447622968
79	0.0508379317392193
79	0.0510736774124105
79	0.0496930261846041
79	0.0477334447461876
79	0.0498423039139652
79	0.0497774180493727
79	0.0478398951454353
79	0.0484887910328263
79	0.0481272341086878
79	0.049478375367163
79	0.0491565014274591
79	0.0491300412350397
79	0.0507202384237541
79	0.0508081924919707
79	0.0494988750255676
79	0.0495483870967742
79	0.0508738266867189
79	0.0503043229464704
79	0.0512697652132247
79	0.0491870544186285
79	0.049268469213669
79	0.0498086272887142
79	0.0474050888529887
79	0.049321570448331
79	0.0505836575875486
79	0.050264012997563
79	0.0502530730296457
79	0.0509062253743105
79	0.0503720663995421
79	0.0518281088716249
79	0.0506910039113429
79	0.0487431805435171
79	0.0525496511003757
79	0.0499328026465419
79	0.0507428332287089
79	0.0485920240626459
79	0.0513188683258881
79	0.0480482000911346
79	0.05096484271742
79	0.0502432778489117
79	0.0493649406078058
79	0.0505879278808466
79	0.0505118049483051
79	0.0510519964321318
79	0.049987090111025
79	0.0503537674947064
79	0.0505087021639209
79	0.0501554185764712
79	0.0500547473799468
79	0.0509744341994971
79	0.0504353201792798
79	0.0493859015378264
79	0.0497916666666667
79	0.049206017551191
79	0.0495678698525674
79	0.0494409683044415
79	0.0478310384097733
79	0.0488005765468959
79	0.0494729940995512
79	0.0506221869208366
79	0.0488205128205128
79	0.049923896499239
79	0.0507810459223656
79	0.0496483677967881
79	0.0514442336074215
79	0.0490405117270789
79	0.0497313891020721
79	0.0505344995140913
79	0.0505475115470445
79	0.0500786575773466
79	0.0490377010282099
79	0.0503853308530428
79	0.0491007561823012
79	0.0502813484074131
79	0.0486930312321364
79	0.048032021347565
79	0.0503626943005181
79	0.0496457595332361
79	0.0513877874702617
80	0.0516585950111962
80	0.0481209899175069
80	0.0489458629092065
80	0.0488188976377953
80	0.0504443282801882
80	0.0500334585885623
80	0.0497006891694753
80	0.0508308390958819
80	0.0485698029276367
80	0.04919457939146
80	0.0489439480097482
80	0.0496668685645064
80	0.050669619318781
80	0.0494471427095174
80	0.0476648282143399
80	0.0490236382322713
80	0.0486873757975107
80	0.0487680716758298
80	0.0496802251215145
80	0.0500125407574617
80	0.0500153108094315
80	0.0509160741163648
80	0.0493801759168767
80	0.0487903429466135
80	0.048440065681445
80	0.0507664846703066
80	0.0493973421242402
80	0.0506461570658714
80	0.0490591055127747
80	0.0503270732221988
80	0.050482515305593
80	0.04820411196433
80	0.0499508256120917
80	0.0480335768692678
80	0.0507238774653798
80	0.0511792816402035
80	0.0495884880169781
80	0.0499900517309988
80	0.050587034201123
80	0.0491462971612434
80	0.0506329113924051
80	0.0493840050114847
80	0.0485757884028484
80	0.0497147514262429
80	0.0486910724428151
80	0.0509036466688055
80	0.0495585157964579
80	0.0513311923754273
80	0.0505214611393533
80	0.0496181275605685
80	0.0500658067912609
80	0.0491922876498176
80	0.0503037792194419
80	0.0497604697882862
80	0.0508579060926744
80	0.0472215237616294
80	0.0521939229119816
80	0.050160029382444
80	0.0498935673121852
80	0.0504936240230358
80	0.0513376334989954
80	0.0495467333541732
80	0.0511328206194138
80	0.0494824539257763
80	0.0514018691588785
80	0.0486889460154242
80	0.0497299500662387
80	0.0514156404588991
80	0.051579283207487
80	0.0497257580461554
80	0.0478498504692173
80	0.0505428103236379
80	0.0498853503184713
80	0.0491577335375191
80	0.0510526315789474
80	0.0496343550645713
80	0.0486948557472142
80	0.0502021390921652
80	0.0503612078374305
80	0.0496377920620345
80	0.0480744901573807
80	0.0493133583021223
80	0.0493979623340537
80	0.0495380278749282
80	0.0485651214128035
80	0.0513542573344939
80	0.0489607390300231
80	0.0514481114968136
80	0.0481498684006812
80	0.0495427227593415
80	0.0485501667949705
80	0.0512956107879429
80	0.0500579008316665
80	0.0501017293997965
80	0.0506087494841106
80	0.0493086355335247
80	0.0499535075937597
80	0.049811981661773
80	0.0499606815203145
80	0.048006427638847
81	0.0491887451222017
81	0.0502624876552835
81	0.0494598330858635
81	0.0475023751187559
81	0.0502576634967858
81	0.0509358219070956
81	0.0492119000557498
81	0.0481334472190122
81	0.0497689299680057
81	0.0498176133402814
81	0.0504944796190676
81	0.0489589195272932
81	0.0490359562272017
81	0.050336264873254
81	0.0501778592217312
81	0.0508624272651704
81	0.0488444254226407
81	0.0493852670730447
81	0.0479096273135307
81	0.0486072633858863
81	0.0502821959979477
81	0.0493266601310562
81	0.0499095840867993
81	0.0497668814500498
81	0.0493897393462971
81	0.0503385187865006
81	0.0499974568943594
81	0.0492845786963434
81	0.0511627906976744
81	0.0511888692762953
81	0.048462014863749
81	0.0491006822410585
81	0.0492380425489111
81	0.0509321248326295
81	0.0504739943633103
81	0.0502325581395349
81	0.0505013768379488
81	0.0482897384305835
81	0.049961250322914
81	0.0472830981687181
81	0.0511145671332297
81	0.0489097516656572
81	0.0494571146553068
81	0.0502481065552364
81	0.0497597977243995
81	0.0502745018300122
81	0.0514741035856574
81	0.0504939050021017
81	0.0505397967823878
81	0.0498907686836356
81	0.0501389941875158
81	0.0486439284980481
81	0.0487435664547381
81	0.0496055825242718
81	0.0488622878076467
81	0.0486121530382596
81	0.0487642634191271
81	0.0517564891066403
81	0.0509249527012823
81	0.049093431090855
81	0.0490734561880807
81	0.0486794930061102
81	0.0493434764485202
81	0.0487667587759697
81	0.0486624203821656
81	0.0481728407438969
81	0.0500437625495547
81	0.0495838227033652
81	0.0494648394518356
81	0.0500673086879983
81	0.0502776221282665
81	0.0491129493782842
81	0.0485412219172512
81	0.0482776089159068
81	0.0505972215102271
81	0.0489903152689058
81	0.0513128360390458
81	0.0487467322774104
81	0.0493329845670939
81	0.0473651516720157
81	0.0484346701164295
81	0.050558041454508
81	0.0502814059679303
81	0.0498563807960607
81	0.0481764292173214
81	0.0508699342244855
81	0.0489214573227371
81	0.0495525441063667
81	0.0499079566373491
81	0.0510731630894564
81	0.0503221224572617
81	0.0495116375727348
81	0.0493920209024219
81	0.0474238283227047
81	0.0504792665138571
81	0.0495949314499377
81	0.0514182568334193
81	0.0493064695757821
81	0.0503235082674335
81	0.0513156515358004
82	0.0502409515021019
82	0.0509577930740089
82	0.0514793204936232
82	0.0510040782613185
82	0.0507864927256134
82	0.0500482699049845
82	0.0502614006936177
82	0.0492922143579373
82	0.0506895841910251
82	0.0489446778357038
82	0.0511316445182724
82	0.0478423547019207
82	0.0497612078262209
82	0.0491359879789632
82	0.049197592778335
82	0.0504694226878988
82	0.048881565807869
82	0.0509288248799833
82	0.0500128899200825
82	0.0498782166684316
82	0.0484893882646692
82	0.0505856477929518
82	0.049654736176269
82	0.0478940911878961
82	0.050561219235918
82	0.0492679887862112
82	0.0495351318396586
82	0.0494516863231947
82	0.0492070776604967
82	0.0492262268377113
82	0.0501385610181669
82	0.0498488652082586
82	0.0476869777868351
82	0.0494808812357559
82	0.050198352151358
82	0.0500693980362926
82	0.0492296883625232
82	0.0489051460640377
82	0.0506433350488935
82	0.0488877654196158
82	0.0492237210486129
82	0.0485476335567743
82	0.0504623099827613
82	0.0489447236180904
82	0.0504866180048662
82	0.0486276095637669
82	0.0493228219122701
82	0.0503494363107688
82	0.0491853360488798
82	0.049348136076594
82	0.0507049608355091
82	0.051712382650653
82	0.0506141465480728
82	0.0487142710787829
82	0.0496318797302168
82	0.0483089323062797
82	0.0502499744923987
82	0.0515419912495998
82	0.0506853681861651
82	0.049350783715276
82	0.0502154956399719
82	0.0501696309242315
82	0.0510084248149094
82	0.0503835786854655
82	0.0480449657869013
82	0.0505787881948066
82	0.0485136147889083
82	0.0494177058641657
82	0.0510301109350238
82	0.0488900100908174
82	0.0489152892561983
82	0.0503086892188377
82	0.0509154494959885
82	0.0509029518596204
82	0.0493220163544147
82	0.0498415294959616
82	0.0505992010652463
82	0.0493235056542811
82	0.0506638896120802
82	0.0475926392740106
82	0.0489881787216991
82	0.0494324970131422
82	0.0488337822043803
82	0.0501133215814656
82	0.0491026416616253
82	0.0494073165746986
82	0.0487629606816549
82	0.0493241880169457
82	0.0488935934270881
82	0.0484658477668705
82	0.0500867081505662
82	0.0485928325571978
82	0.0497746931164862
82	0.0509292908316893
82	0.0505748311594576
82	0.0494375064506141
82	0.0493050623922086
82	0.0487192890747517
82	0.0502383571690502
82	0.0494813278008299
83	0.0498047370289598
83	0.0485223836925778
83	0.0498423354694334
83	0.051027238556202
83	0.0500178453066843
83	0.0506110857548557
83	0.0490239904634183
83	0.0487103124526778
83	0.0515870926988472
83	0.0492028727143075
83	0.0502192524535394
83	0.048810826947955
83	0.0488645579886456
83	0.0505157232704403
83	0.0511778623598395
83	0.0482372863960589
83	0.0475217169136433
83	0.048873908380573
83	0.0497123010730392
83	0.0492009880526289
83	0.0495014062899514
83	0.0486373379606002
83	0.0494843265762333
83	0.0490017229147664
83	0.0487247415718664
83	0.0487303382337823
83	0.0499564928085172
83	0.0508431009664816
83	0.0506329113924051
83	0.0491720261305515
83	0.0508483343678874
83	0.0492888544091027
83	0.0504346015718524
83	0.0497388835369873
83	0.048580758603366
83	0.049697094157511
83	0.0493953156095321
83	0.0496414221046742
83	0.0486852917009039
83	0.05011945305749
83	0.0490186210367388
83	0.0496566567592498
83	0.0488808850012863
83	0.0484603735487128
83	0.0494695989650712
83	0.0511744966442953
83	0.0481516306230514
83	0.0500025668668823
83	0.0484144523821761
83	0.0495805114727585
83	0.0508290717495738
83	0.0499597099113618
83	0.0489777235276167
83	0.049690690539657
83	0.0490496012839159
83	0.0483483483483483
83	0.0479849379198046
83	0.050906662557148
83	0.0497201017811705
83	0.0494624716441464
83	0.05061621950601
83	0.0495740122564895
83	0.050708110115101
83	0.0501650495148545
83	0.0506888751799301
83	0.0500783263429178
83	0.0491980259099321
83	0.0494181495590461
83	0.0506270320483047
83	0.0494315620774278
83	0.0506264901334145
83	0.0502151327526498
83	0.0514341725134131
83	0.0488368587650103
83	0.0489284062291206
83	0.0477867973655996
83	0.0491414141414141
83	0.0495872006563766
83	0.0497434073471876
83	0.0495588605999496
83	0.0496347339516087
83	0.0492452735569931
83	0.0495531679887539
83	0.0488868369754796
83	0.0496210207175341
83	0.0501065016735977
83	0.0493555799780198
83	0.0501377129450168
83	0.0493958777540867
83	0.04949881161517
83	0.0496929089893914
83	0.0504544030084613
83	0.0501399979259567
83	0.0499695616883117
83	0.0486774065234686
83	0.0496450278359467
83	0.0488015000253383
83	0.0474707389360526
83	0.0478968998934497
83	0.0497936016511868
84	0.051381737942629
84	0.05
84	0.0499645999797714
84	0.0499565373012221
84	0.0491522002422285
84	0.0489292013101537
84	0.0481909547738693
84	0.0512886998910958
84	0.0508916253640591
84	0.050292517705019
84	0.0498428151303113
84	0.0480157528021812
84	0.0489503275390726
84	0.0503997571096043
84	0.0513590552784282
84	0.0505836575875486
84	0.0490558396192983
84	0.0497509960159363
84	0.0485502360080917
84	0.0494832445975572
84	0.0482851985559567
84	0.0497520069540318
84	0.0503090485358192
84	0.0511244220260614
84	0.0503496503496504
84	0.0480011962914964
84	0.0503232479958624
84	0.0503336609590813
84	0.0501832247557003
84	0.0485656898594016
84	0.050160029382444
84	0.0501149425287356
84	0.0494953614027934
84	0.0509143062029401
84	0.0500050973595677
84	0.0500557300638363
84	0.0493751593981127
84	0.0491704977013792
84	0.0511134127395132
84	0.0497302851271513
84	0.0501134358457272
84	0.0491449776841683
84	0.0500461018338285
84	0.050942921800352
84	0.0496179264766625
84	0.0482483416252073
84	0.051057886296622
84	0.0509504110593287
84	0.0495484257272591
84	0.0493147893422997
84	0.0503691983122363
84	0.0505726157900071
84	0.0498173022489836
84	0.0481170520940737
84	0.0481983607402443
84	0.0489685658153242
84	0.0508130081300813
84	0.0509844029659934
84	0.0502486796903041
84	0.0486556334178222
84	0.0496640826873385
84	0.0504171011470282
84	0.0502548059942479
84	0.0490245884982727
84	0.0487116312493584
84	0.0496231473519146
84	0.0496527777777778
84	0.05130727413927
84	0.0497245868803205
84	0.049031017558063
84	0.0488929889298893
84	0.0491368526394796
84	0.0507175050510283
84	0.0490729544538493
84	0.0503006829069412
84	0.049080393893607
84	0.0513901905654483
84	0.048687033820374
84	0.0507328654004955
84	0.0490140555012099
84	0.0492910887034857
84	0.0503759013962052
84	0.0500691846461333
84	0.0497825530826298
84	0.0496110452836021
84	0.0487324512675487
84	0.050749354005168
84	0.0503655979956026
84	0.0488689606529296
84	0.051370219860373
84	0.0500338771042894
84	0.0503911879761169
84	0.0490971799553662
84	0.048853388301984
84	0.0487829461270977
84	0.0487926810978353
84	0.0501009081735621
84	0.0511219305673158
84	0.0498621899273365
84	0.0500716772475937
85	0.050545043192102
85	0.0490176013098649
85	0.0504584857443504
85	0.050341036343276
85	0.0496157615142607
85	0.049392795183182
85	0.0492645936179958
85	0.0492181491925147
85	0.0490166261151663
85	0.0492886691554838
85	0.0484492295535362
85	0.0508526187576127
85	0.0492283950617284
85	0.0498100030810311
85	0.0485925925925926
85	0.0511538261186644
85	0.0481236881175447
85	0.050200905345608
85	0.0504348695391383
85	0.0504603859959424
85	0.0498343872327612
85	0.0493365438803217
85	0.0496525840645129
85	0.0471232606335735
85	0.0490245884982727
85	0.0494808812357559
85	0.0503530381899706
85	0.0485214917183213
85	0.0506461025427261
85	0.0493262268704747
85	0.0509803921568627
85	0.0484845433491089
85	0.0493410812493515
85	0.0495378543981722
85	0.0495639971935452
85	0.0496568219633943
85	0.0495737771463365
85	0.0494321308850753
85	0.049161277283751
85	0.0487205218263924
85	0.0486587333602259
85	0.0491166077738516
85	0.0491635545096434
85	0.0486017646179154
85	0.0504449476067611
85	0.0497848801475108
85	0.0483674092157461
85	0.0488902219556089
85	0.0496160064672595
85	0.0507484109083453
85	0.0495504495504496
85	0.0467856962217389
85	0.0495451508454541
85	0.0515722626241934
85	0.0493200730667749
85	0.0490812987666751
85	0.04794660144706
85	0.0484381380155165
85	0.0498612110619924
85	0.0480579328505596
85	0.0492561318858062
85	0.0496528825837609
85	0.0493020937188435
85	0.0497999794850754
85	0.0494463825269225
85	0.0505860901276374
85	0.0509332489718444
85	0.0492912530251395
85	0.049469075537215
85	0.0492628189000151
85	0.0507985574446162
85	0.0489572989076465
85	0.0473505638159864
85	0.0479935470861061
85	0.0489370236662655
85	0.049148665819568
85	0.0500875115824153
85	0.0493417695683233
85	0.0503809040121889
85	0.049906425452277
85	0.0507954371067574
85	0.0499589238036558
85	0.0484076433121019
85	0.0507550988634594
85	0.0488025759710203
85	0.0493164556962025
85	0.050140252454418
85	0.0501679152673728
85	0.0502120177888096
85	0.0503088264594541
85	0.049190376462175
85	0.048100365704998
85	0.0499056940408829
85	0.0492247863685207
85	0.0493511698982915
85	0.0489714993804213
85	0.0502019043820729
85	0.0488365125337062
85	0.0488435788192331
85	0.0485314190384713
86	0.0494236458227073
86	0.0496837380126505
86	0.048891980522707
86	0.0513507939781398
86	0.049079754601227
86	0.0480659545784507
86	0.0497923234749537
86	0.0490598550504283
86	0.049150365540407
86	0.0499190774833097
86	0.0485451683339258
86	0.0500711671411143
86	0.0489054726368159
86	0.0496138898702872
86	0.0489976595095146
86	0.0501192106731598
86	0.0479874595469256
86	0.0508958712022851
86	0.0483530829483832
86	0.0496475953565506
86	0.0507476444080295
86	0.049953314659197
86	0.0502867001573045
86	0.0499457111834962
86	0.0487657430730479
86	0.0500457270602581
86	0.048909253909752
86	0.0494697879151661
86	0.0489338855652708
86	0.0495413768773309
86	0.0490306698122884
86	0.0476748157907578
86	0.0494326985555056
86	0.0491836425213567
86	0.0501431200163566
86	0.048667672197084
86	0.0498596580760398
86	0.0466771749631362
86	0.0490539593552908
86	0.0482776218423067
86	0.0500812677773263
86	0.0491017359709326
86	0.0491868503506242
86	0.0491010726695875
86	0.0499244332493703
86	0.0502735625064519
86	0.0484725454275387
86	0.0497656886715566
86	0.0495520296311127
86	0.0495613360012313
86	0.0498980072179507
86	0.0508535582064994
86	0.0483879005332137
86	0.048196362913644
86	0.0495212447636146
86	0.0487792625339094
86	0.0511542764161497
86	0.0486513994910941
86	0.0493205837946653
86	0.0506264901334145
86	0.0501518218623482
86	0.0506683245259559
86	0.049885233358837
86	0.0485422226698222
86	0.0504279674126018
86	0.0492787249066882
86	0.0483472117083018
86	0.0507283284099012
86	0.0508691861955797
86	0.0487916560671585
86	0.0505662626664017
86	0.048834628190899
86	0.0490672752530264
86	0.0507755267013591
86	0.0493870578778135
86	0.0487331375379561
86	0.049287735146672
86	0.0495788571140364
86	0.049425988011785
86	0.0490530113237799
86	0.0500254194204372
86	0.0509544413336727
86	0.0489310448660042
86	0.049123502030306
86	0.0495283018867925
86	0.0506635119843638
86	0.0503223227225026
86	0.0492146596858639
86	0.0497652102899142
86	0.0490087551574922
86	0.0485592583312453
86	0.0492799509753856
86	0.0485102560263512
86	0.0494105843992977
86	0.050696073050247
86	0.0475363469458641
86	0.0504539826661164
86	0.0499974254672777
86	0.0483421918501645
86	0.0484845433491089
87	0.0489922171223309
87	0.0496680477212599
87	0.0498773098302369
87	0.0482190453113642
87	0.049569501816553
87	0.0485636801928485
87	0.050372654844513
87	0.0502567682105998
87	0.0495268773907791
87	0.0492522432701894
87	0.0484130982367758
87	0.0494811634207432
87	0.0483771251931994
87	0.048125
87	0.0494764000607072
87	0.0503100267177497
87	0.04892890713897
87	0.05010449054488
87	0.0487454842381353
87	0.0492293652403164
87	0.0515218851738928
87	0.0495034377387319
87	0.0498247371056585
87	0.0505760190112104
87	0.0491803278688525
87	0.0483879055307627
87	0.0490794501513572
87	0.0506142005199042
87	0.0507928255783728
87	0.0498210023866348
87	0.0500101337657073
87	0.0478204617834395
87	0.0481455771519238
87	0.0476333133612942
87	0.0499461566073535
87	0.050382068262863
87	0.0495647012267511
87	0.0473127929005883
87	0.0500678630674106
87	0.0487236576399317
87	0.0493405977901115
87	0.0510257211288139
87	0.0507216705906439
87	0.0488351254480287
87	0.050651305205252
87	0.0487273447558681
87	0.0487587334621674
87	0.0491606714628297
87	0.0491349119230568
87	0.0484025157232704
87	0.0494242079770672
87	0.050422799874726
87	0.0507389913149474
87	0.0506303681751972
87	0.0494917342642982
87	0.0499071973602805
87	0.0491270198609235
87	0.0495937376139516
87	0.0491370558375635
87	0.0490131075636252
87	0.0491705867789057
87	0.0500154527660451
87	0.0481096219243849
87	0.0490062893081761
87	0.0499150054087467
87	0.0499505182561592
87	0.0493876331773375
87	0.0478733926805143
87	0.0487461681491532
87	0.0497263007111066
87	0.0507514926909615
87	0.0495749257400389
87	0.0494455183640248
87	0.0496107464509235
87	0.049274177059906
87	0.05
87	0.047814344303291
87	0.049440488301119
87	0.0485402919416117
87	0.0476143190506926
87	0.0516251382816204
87	0.0495179445762455
87	0.0501194556975174
87	0.0490474058598219
87	0.0508105868337909
87	0.0507792071959
87	0.0502819067145054
87	0.0497502497502497
87	0.051322482197355
87	0.0487360970677452
87	0.0489043023723361
87	0.0499187487304489
87	0.0494864140059708
87	0.0507864028411974
87	0.0498208066225834
87	0.0493542897186906
87	0.0501172631793617
87	0.0469235248447205
87	0.0485868371117547
87	0.0501173828723078
88	0.0490554539914686
88	0.0504083072890412
88	0.0495888614235988
88	0.0496204595241734
88	0.0479143743122937
88	0.0498535205576321
88	0.0492225363489499
88	0.049480757483201
88	0.0484845458630848
88	0.0482150903720022
88	0.0482651579632504
88	0.0501570574526294
88	0.0499949295203326
88	0.0488417384173842
88	0.0503832396525294
88	0.048854102721506
88	0.0498380894555758
88	0.0495382888628131
88	0.050322710770472
88	0.0484601449275362
88	0.0494028784321731
88	0.0494734750645738
88	0.0472972972972973
88	0.0500328830879749
88	0.0491778699585187
88	0.0491373025516403
88	0.0484506761139664
88	0.0483879157146484
88	0.0502657555049355
88	0.0490221373651891
88	0.0498784687056917
88	0.0495299706863439
88	0.0491896945771868
88	0.0484935722440065
88	0.0492677094749427
88	0.0496132709139019
88	0.0501405571173013
88	0.0481103115092346
88	0.0492546986390149
88	0.0496020821862956
88	0.0510624632018412
88	0.0489481785531042
88	0.0501327343271391
88	0.0499627143922446
88	0.0491411501120239
88	0.0484764542936288
88	0.0484978113808197
88	0.0492954239904397
88	0.0483879055307627
88	0.0488691840191292
88	0.0492894762993143
88	0.0501600853788687
88	0.0490656591442867
88	0.0496872828353023
88	0.0489324290379302
88	0.0489133175331552
88	0.049958839267339
88	0.0476120857699805
88	0.0482871449110109
88	0.0489109105180534
88	0.0487648853459305
88	0.0495610734888387
88	0.0490521209721329
88	0.0485875706214689
88	0.0477570874072618
88	0.0502646836400302
88	0.0486750138281289
88	0.0490185842555857
88	0.0490453756508802
88	0.0500899049576162
88	0.0492065127782358
88	0.0499515775523727
88	0.0484836392657622
88	0.0491481984019297
88	0.0497375528716302
88	0.0504624453704645
88	0.0496510468594217
88	0.0488888888888889
88	0.0495676653931229
88	0.0496291780961089
88	0.0503005703129014
88	0.0477565954169074
88	0.0490176423416199
88	0.048388696083292
88	0.0512793679033018
88	0.0507418848432673
88	0.0488341399032116
88	0.0502098397127977
88	0.0494979919678715
88	0.0493796152107299
88	0.0496015048759962
88	0.0491819682793816
88	0.0497459349593496
88	0.0505241626182562
88	0.0516235609932373
88	0.0489884465970435
88	0.048461266360099
88	0.0501575236285443
88	0.0487230846269404
88	0.0475470175969344
89	0.0484132616850857
89	0.050522559265868
89	0.0495705521472393
89	0.0499582042582485
89	0.0496944598757639
89	0.0497284794851167
89	0.0488699444885012
89	0.0501106862547796
89	0.0494112911341451
89	0.04945
89	0.0484022324294957
89	0.0487876561351947
89	0.0489775051124744
89	0.0480638842850686
89	0.0485868371117547
89	0.0499798671230119
89	0.0500638569604087
89	0.0496824068147127
89	0.0489699764422836
89	0.0499058380414313
89	0.0486600846262341
89	0.0490240127801907
89	0.0488473398267339
89	0.0500050561229649
89	0.0500508646998983
89	0.04926182585116
89	0.0488441080196399
89	0.0479289940828402
89	0.0488740289113974
89	0.0486947791164659
89	0.0485185921654404
89	0.0486483750126557
89	0.0494624741331449
89	0.0493573006627837
89	0.0493938936673206
89	0.049824418545473
89	0.0502386335091686
89	0.0510561566202988
89	0.0487841715752907
89	0.0489014531567723
89	0.0499875156054931
89	0.0498556680855228
89	0.0504316219900045
89	0.0482748408114912
89	0.0502704909666224
89	0.0489608313349321
89	0.0494211932324132
89	0.048314606741573
89	0.04945502699399
89	0.0500375657400451
89	0.0488009473995855
89	0.0498932631683463
89	0.0496966632962588
89	0.0485165616744564
89	0.0487633924101332
89	0.050837076357697
89	0.0489127755041665
89	0.0495153919550043
89	0.0487876561351947
89	0.0496853430775477
89	0.0498535205576321
89	0.0488379082348227
89	0.048530587764894
89	0.0501615709669401
89	0.0491455102242418
89	0.0495560295649586
89	0.049525607272366
89	0.0503404791929382
89	0.0484605484605485
89	0.0492782983033679
89	0.0486464481986566
89	0.0501819672971449
89	0.0499380728263562
89	0.0486567164179104
89	0.0491861648016277
89	0.0486111111111111
89	0.0489742558326629
89	0.0475623667113029
89	0.0484674618752831
89	0.0501540481842517
89	0.0491591844833573
89	0.0489043023723361
89	0.0478785717923904
89	0.0500350596013222
89	0.0506109979633401
89	0.0506891503003988
89	0.0499949192155269
89	0.0490456389960423
89	0.0483950861898157
89	0.0498610760293003
89	0.0497287522603978
89	0.0496194672541558
89	0.0497405707443624
89	0.0504044489383215
89	0.050391315324413
89	0.0482899387663663
89	0.0492326707178906
89	0.0507708119218911
89	0.0500254712175242
89	0.0494393222028408
90	0.049217331566809
90	0.0495663574021783
90	0.0491549154915492
90	0.0499974672002432
90	0.0495908752789487
90	0.0500815993472052
90	0.0496981891348089
90	0.0490598119623925
90	0.0489577069553017
90	0.04995495044549
90	0.0489642184557439
90	0.0486158661840947
90	0.0504319871408479
90	0.0488168621992444
90	0.0488530990727184
90	0.0499089805825243
90	0.0495341852059258
90	0.0486236688768334
90	0.0501034360966749
90	0.0495969935222272
90	0.0503922751961376
90	0.0490733359904344
90	0.0474681953034646
90	0.0486206896551724
90	0.0476688062894959
90	0.0493247210804463
90	0.0493560072449185
90	0.0493312312465036
90	0.0494574186127919
90	0.0505163554967696
90	0.0497326990043651
90	0.0492866407263294
90	0.0504921058027476
90	0.0491918130410849
90	0.0484761099786208
90	0.0495574336150423
90	0.0487575021080304
90	0.04800039793076
90	0.0479610408775641
90	0.0488951104889511
90	0.0505112789681928
90	0.0505718828537724
90	0.0491047600562861
90	0.0490722055421568
90	0.0488683649649853
90	0.0491868306227687
90	0.0507716282109285
90	0.0499102512963702
90	0.0474443508006544
90	0.0484092644438789
90	0.0500403144527313
90	0.0478853547710591
90	0.0491655390166892
90	0.0481144343302991
90	0.049261332123229
90	0.048528320554044
90	0.0505906394856203
90	0.0498583287766566
90	0.0488975551222439
90	0.0493685419058553
90	0.0487467929741464
90	0.0491884402216944
90	0.0491730436929153
90	0.0491573736060409
90	0.0490009282329376
90	0.0487890841347364
90	0.0482900411192458
90	0.0494580287370809
90	0.0487219248661898
90	0.0485036119711042
90	0.0508362899138368
90	0.0483398930265415
90	0.0491933089181431
90	0.0491711866984336
90	0.048318804483188
90	0.0499846043313148
90	0.0485854547294904
90	0.0492022594391042
90	0.0490445859872611
90	0.0483672363690095
90	0.049785190801112
90	0.04997476022211
90	0.0486788568067062
90	0.0496990972918756
90	0.049952306842713
90	0.049522551808208
90	0.0498443931332196
90	0.0493621741541875
90	0.0500356306627303
90	0.0493759904912837
90	0.0486453822137174
90	0.0491057896332222
90	0.0494089717592364
90	0.0489809983262774
90	0.0490102731145076
90	0.0495714500526289
90	0.0499085179914617
90	0.0502590157401873
90	0.0478206724782067
90	0.0487123178279098
91	0.0500906161900926
91	0.0489111563073565
91	0.0494947512999117
91	0.0496443242160104
91	0.0492632612966601
91	0.048177212675077
91	0.050251256281407
91	0.048697012663179
91	0.0487418268278185
91	0.0479158550837554
91	0.0494117647058823
91	0.0496987201832578
91	0.048964689406822
91	0.0497335701598579
91	0.0484971685784812
91	0.0498222397787873
91	0.0504121431443506
91	0.048829761024883
91	0.0481424379569304
91	0.0493044898767388
91	0.0495372890582471
91	0.0497232107552392
91	0.0488320629456602
91	0.0491195092995647
91	0.0476825114763809
91	0.0490358395013635
91	0.0493895392654374
91	0.0483951355661882
91	0.049851302989062
91	0.0496177558569667
91	0.0484833538840937
91	0.0485992274971887
91	0.0474010632014176
91	0.0488082286618534
91	0.0498368883312422
91	0.0485722843450479
91	0.0491607905452379
91	0.0511482788604163
91	0.0493412937287216
91	0.0499468112051061
91	0.0494959217792188
91	0.0492671816201228
91	0.0494710177320817
91	0.0504108484145788
91	0.048822800495663
91	0.0493394715772618
91	0.0488906536953393
91	0.0506659836065574
91	0.0497004223553678
91	0.0491803278688525
91	0.0498001998001998
91	0.0487271280827367
91	0.0519257757679713
91	0.0489103638694409
91	0.0498165956181223
91	0.0499171395570733
91	0.0500326518310142
91	0.049352095565904
91	0.048780487804878
91	0.0484491284151641
91	0.049353760167673
91	0.0472976326368554
91	0.0476049820312115
91	0.0492235715707744
91	0.0488352371925974
91	0.0493706225204486
91	0.0498992950654582
91	0.0489159561510353
91	0.0489922171223309
91	0.0501612503100968
91	0.049715041726033
91	0.0494168201350522
91	0.0490779444307844
91	0.0495059191859896
91	0.0484699013489028
91	0.0504342526283712
91	0.0501802736207833
91	0.0499875280618608
91	0.0496556542569119
91	0.0485417793734324
91	0.0500950855770193
91	0.0489524279023909
91	0.0509136420525657
91	0.0509349776908808
91	0.0487222829869742
91	0.0494335736354274
91	0.0495039633082407
91	0.0493141083408431
91	0.0479384976985604
91	0.048527032988579
91	0.0485564304461942
91	0.0493192281320404
91	0.0503650355169692
91	0.0486000794281176
91	0.0487121510027527
91	0.0483192237239467
91	0.0495526838966203
91	0.0491045357212381
91	0.0495335631717704
91	0.050242285131344
92	0.0476885155188893
92	0.0492049204920492
92	0.0489400422999361
92	0.050777562478263
92	0.0493672157492969
92	0.048072651892799
92	0.0497314501690869
92	0.0496092765313839
92	0.0494186046511628
92	0.0500460075656886
92	0.0491625080290528
92	0.0498076634860369
92	0.0508655261688411
92	0.0494157258863141
92	0.0486650727236501
92	0.0501263064044777
92	0.0501378535688757
92	0.0489236790606654
92	0.0492586326997711
92	0.0488367621611229
92	0.0496536380644183
92	0.0486135053932916
92	0.0496851291714187
92	0.0493233529965796
92	0.0487230051464576
92	0.0494454030071481
92	0.049616599007668
92	0.0499703146645557
92	0.0483972649241065
92	0.0497688062447173
92	0.0489236790606654
92	0.0484908461157843
92	0.0494292754060442
92	0.0489985180935991
92	0.0490750132830991
92	0.0478028503562945
92	0.0487008166295471
92	0.0488082850205639
92	0.0490547507979376
92	0.0481283422459893
92	0.0491851560966032
92	0.0475417097298095
92	0.051166099283573
92	0.0492567335524702
92	0.0495030208536348
92	0.0489869069547468
92	0.0490399841646873
92	0.0495769630399287
92	0.0496957403651116
92	0.0468765419915129
92	0.0487254901960784
92	0.0498627181800353
92	0.0495777986272283
92	0.0496939142960029
92	0.0490672752530264
92	0.0475047749644939
92	0.0503057115872148
92	0.0495495495495495
92	0.0495814231612517
92	0.0482402764932094
92	0.049735871623642
92	0.048711173156504
92	0.0500804505229284
92	0.0494649707248132
92	0.0483282522864711
92	0.0487720511933587
92	0.0484006942722539
92	0.0494687249398557
92	0.0487876274576767
92	0.0491470951792336
92	0.0502525002475493
92	0.0503460983018774
92	0.0506283845918055
92	0.0479584261321455
92	0.05102402022756
92	0.0483404422218954
92	0.050002527933667
92	0.0494104716227018
92	0.0491714073707643
92	0.0493839527196234
92	0.0492329289080517
92	0.0486989030449112
92	0.049061412537372
92	0.0493692261845634
92	0.0479949014609275
92	0.0495346590042211
92	0.048206556887717
92	0.0502673262379453
92	0.049150365540407
92	0.0482384823848238
92	0.0495079033701163
92	0.0489162855438457
92	0.0485232067510548
92	0.0484353199122982
92	0.0478958612808665
92	0.05027711797308
92	0.0506448882027787
92	0.0489972200158856
92	0.0482957320050786
92	0.0501984824883172
93	0.0493470999088977
93	0.0494837132738066
93	0.0490356487679112
93	0.0505885299273729
93	0.0478008627956563
93	0.0494034948764913
93	0.0486738999397227
93	0.0496457366235035
93	0.0492310764929099
93	0.0469485895592683
93	0.0479524821325092
93	0.048306577916993
93	0.0500050105220964
93	0.0485398964742651
93	0.0500672545209984
93	0.0509154494959885
93	0.0500900720576461
93	0.0495212447636146
93	0.0501170726847008
93	0.0496383632220351
93	0.0486265226611432
93	0.0486824475212148
93	0.0499194060469887
93	0.0484647055905551
93	0.048602318106555
93	0.049472066623705
93	0.0490348995905635
93	0.0495876132166169
93	0.0478726002637878
93	0.0501192106731598
93	0.0489545386496332
93	0.048662996460873
93	0.0497606701236538
93	0.0491302419553541
93	0.0493895392654374
93	0.048988920355741
93	0.0485259852091987
93	0.0495173310658731
93	0.050449205252246
93	0.0495741643282627
93	0.0486416682609527
93	0.0483729111697449
93	0.0489551653095261
93	0.0485070974057758
93	0.0493704275120689
93	0.0502427063003553
93	0.0497987177575667
93	0.0505751786347742
93	0.0487342088180956
93	0.0498268184067293
93	0.048776842210154
93	0.0492252503612177
93	0.0498898016429573
93	0.0492695214105793
93	0.048556170886076
93	0.0492857493495656
93	0.0480992634336843
93	0.0484083907877365
93	0.0487530011269538
93	0.0484824978182876
93	0.0505553618568511
93	0.050321199143469
93	0.049583498611662
93	0.0490971205466081
93	0.048172998020949
93	0.049326675745196
93	0.0495359110537549
93	0.0485554746297645
93	0.0480035231943629
93	0.0494259383205478
93	0.0490147044113234
93	0.047509765625
93	0.0486545526760004
93	0.0483590685666054
93	0.0496770988574267
93	0.0499346273760434
93	0.0495440581264934
93	0.0500297206261145
93	0.0492230527143981
93	0.0480067100848628
93	0.0489465633788918
93	0.0504921058027476
93	0.0487530011269538
93	0.0495802076605892
93	0.0484928557447641
93	0.0487852664576802
93	0.0508483160293745
93	0.0508055148729862
93	0.0497542686325176
93	0.0487756221634831
93	0.0501883948756594
93	0.0485321146490487
93	0.0497341099012408
93	0.0480923062006108
93	0.0488417939871858
93	0.0489575214341387
93	0.0498019801980198
93	0.0491649372467635
93	0.0484723854289072
93	0.0501670572981599
94	0.0484385574784879
94	0.0480793308959784
94	0.048885119968075
94	0.0498533724340176
94	0.0496158612143742
94	0.0487718588901243
94	0.0489883384830061
94	0.0479129209388211
94	0.049913258983891
94	0.0490269274799662
94	0.0505484506899864
94	0.049632907573167
94	0.0505665651674737
94	0.0468673399352878
94	0.048602256007847
94	0.0497948153338004
94	0.0472995800955645
94	0.0504935271067903
94	0.048461614076477
94	0.0496041442674225
94	0.0493383835899454
94	0.0481461259740904
94	0.0502652184895176
94	0.0494591194968553
94	0.0476166658330416
94	0.0498005982053839
94	0.0488793398115142
94	0.0492200368181378
94	0.0487817106186704
94	0.0494891602292549
94	0.0501248026081198
94	0.0487650411652945
94	0.0504927975739196
94	0.0494729100269674
94	0.0484367245657568
94	0.0487459052461742
94	0.050379988927475
94	0.0505151545463639
94	0.0491226355149323
94	0.0486532153861445
94	0.0475387894710752
94	0.0487695302750462
94	0.048513224087264
94	0.0472214083406583
94	0.04973178924149
94	0.0487816623326592
94	0.0490569823434992
94	0.0483720473407651
94	0.0488505747126437
94	0.0482837414932194
94	0.0492843441050612
94	0.0494734264021553
94	0.0486767252040564
94	0.048105387803434
94	0.0497927358863008
94	0.0492230527143981
94	0.0490099980396001
94	0.0481138579730129
94	0.0504401147265355
94	0.0480494050308781
94	0.0491695693876521
94	0.0502535043244855
94	0.0506108202443281
94	0.0493839477228513
94	0.0483428123161404
94	0.0505299110954845
94	0.0482789229707072
94	0.049090201420648
94	0.0490523421388589
94	0.0502379163536188
94	0.0484920753217072
94	0.0481933499903902
94	0.0496348188999851
94	0.0494865082561418
94	0.0490101277418698
94	0.0480674423190692
94	0.0488573680063042
94	0.0498606687898089
94	0.0472836526621681
94	0.048924651070382
94	0.0488581789669705
94	0.0493901520855293
94	0.0491885143570537
94	0.0505336638170874
94	0.0503377212443919
94	0.050173869846001
94	0.0489216963381097
94	0.0488431876606684
94	0.0488379082348227
94	0.0490465893453902
94	0.0489219330855019
94	0.0483356587602153
94	0.0497931515725465
94	0.0493024179534283
94	0.0480634857256938
94	0.0492379835873388
94	0.0494923235395105
94	0.0493090909090909
94	0.0480107020760046
94	0.0490918016691213
95	0.0484147596412996
95	0.0489616418275104
95	0.0475401043444341
95	0.049278492195936
95	0.0479305999806145
95	0.0490720193665524
95	0.0498827437951925
95	0.0506430066792942
95	0.0483425414364641
95	0.0489845852703695
95	0.0494371023005384
95	0.0491631276542593
95	0.0481998530492285
95	0.0494480568577045
95	0.0466924214241427
95	0.0482648002333042
95	0.0486568926498081
95	0.049561533155976
95	0.0488701534238518
95	0.0494423421629158
95	0.050268229684085
95	0.0487792848335388
95	0.0500024273022962
95	0.0491951710261569
95	0.0478762582862755
95	0.0493685419058553
95	0.0494748208501031
95	0.0485905398948877
95	0.048765923566879
95	0.0501536326692437
95	0.0467303171328504
95	0.0487565123365772
95	0.0490930599369085
95	0.0500786318065658
95	0.04991796350619
95	0.0489793850985159
95	0.0500738552437223
95	0.0489787921829848
95	0.048728813559322
95	0.0494822196170379
95	0.0494099211595906
95	0.0499380728263562
95	0.0484489538327103
95	0.0473878422994756
95	0.0498203121153941
95	0.0506896380022905
95	0.0487539017985433
95	0.0488996348564098
95	0.0491385767790262
95	0.048612792330412
95	0.0487780988295215
95	0.0494717092919917
95	0.0482538762498189
95	0.0490740285896743
95	0.0480630203918831
95	0.0494302279088365
95	0.050296909100137
95	0.0493628240808554
95	0.048310363431262
95	0.0489160366494768
95	0.0499441113707957
95	0.0491465567981165
95	0.0504745896776745
95	0.0480807478122514
95	0.0493857860446611
95	0.0501718897912411
95	0.0497750976224606
95	0.0500700280112045
95	0.0485218666015148
95	0.0487188382812113
95	0.0494715208455666
95	0.0498765680890725
95	0.0482948945397201
95	0.0492205118148838
95	0.050095583549826
95	0.0488399880513791
95	0.0503862618707868
95	0.0484690104038262
95	0.0477111229274424
95	0.0486296626100722
95	0.0495336278841433
95	0.0493123280820205
95	0.0477888377160402
95	0.0485014423311984
95	0.0509240246406571
95	0.0495835181625511
95	0.0507545271629779
95	0.049470491721772
95	0.049803343166175
95	0.0488767603917938
95	0.0504846725385032
95	0.0492064281805065
95	0.0495365147873854
95	0.050019692792438
95	0.0487899510160532
95	0.0485422669336329
95	0.0499750374438342
95	0.049374877905841
95	0.0486210117496682
95	0.0494039150272286
96	0.0486639360249659
96	0.049303800604529
96	0.0500877022022997
96	0.0496064161592158
96	0.0492143492439964
96	0.0491577861808181
96	0.0486791332739685
96	0.0489708660634384
96	0.0496349649664364
96	0.0500221992008288
96	0.0468230742522692
96	0.0510136680046746
96	0.0485359801488834
96	0.049278199168094
96	0.0494921330412268
96	0.0490643656248432
96	0.0484447449768161
96	0.0490072639225182
96	0.0482076637824475
96	0.0488081166272656
96	0.0492632832266706
96	0.0504853397378165
96	0.0480351453123491
96	0.048637461193515
96	0.0489708660634384
96	0.0497853653722801
96	0.0488558751682537
96	0.0501703619574342
96	0.0495388802096457
96	0.0494927607603664
96	0.047733154413879
96	0.048484254860669
96	0.0499372647427854
96	0.0504023075755276
96	0.0489281937902528
96	0.0484666206488512
96	0.0487331327055626
96	0.0494436381228834
96	0.0487674429911995
96	0.0487264127703602
96	0.0491170796854133
96	0.0499656424855208
96	0.0489599064646563
96	0.048780487804878
96	0.0498431845597105
96	0.0474964667878054
96	0.0488150500855118
96	0.0488377783215072
96	0.0488605733888753
96	0.0481441896618733
96	0.0487887761541822
96	0.0488273551438707
96	0.0491891627063838
96	0.0477685139774399
96	0.0498074834633231
96	0.0491754272333217
96	0.0488490166116232
96	0.0491235119795068
96	0.0494540783558125
96	0.0481921792100609
96	0.0485704610323642
96	0.0482095721898501
96	0.0481314811191548
96	0.0485325052589402
96	0.0494906832298137
96	0.0480588758273239
96	0.0497112109394283
96	0.048943868570311
96	0.0498209873430488
96	0.0503116651825467
96	0.0488011143169834
96	0.0485701758659327
96	0.0478594218772323
96	0.0496292347210779
96	0.0500394399526721
96	0.0496015048759962
96	0.0481212596880212
96	0.0496724357093967
96	0.0489821882951654
96	0.0482720789906747
96	0.048516732427298
96	0.0499530609219823
96	0.0477386934673367
96	0.0493821177610855
96	0.0485869618455209
96	0.0493507785682304
96	0.0499707488299532
96	0.0483293263333497
96	0.0491579204295826
96	0.0494392979034617
96	0.0488923587391432
96	0.0489729888720035
96	0.0479749865650496
96	0.0500649545318277
96	0.0497306464485235
96	0.0492885932112854
96	0.0493319630010277
96	0.0474400898042852
96	0.0497906698564593
96	0.0477834212732383
97	0.049673075046355
97	0.0492574621379209
97	0.0491150442477876
97	0.0482485766669883
97	0.0517090271691499
97	0.0481117934335864
97	0.0503940169653165
97	0.0505915548735211
97	0.049366709883315
97	0.049818217549376
97	0.0509071348232187
97	0.0470458469211586
97	0.0484915877006382
97	0.0491779141104294
97	0.048409740039696
97	0.0498247000148141
97	0.0482458262763126
97	0.0477384464110128
97	0.0497430427615631
97	0.0484131253362023
97	0.0503026093858518
97	0.0486533449174631
97	0.0486965076242007
97	0.0483401281304601
97	0.048980192194548
97	0.0492565995751998
97	0.0496749781701756
97	0.0500345406098885
97	0.0492991783470276
97	0.0474479141372444
97	0.04947275056667
97	0.0500247402276101
97	0.0500353428254064
97	0.0486781165573138
97	0.0487353184853063
97	0.0493747518856689
97	0.0492010911925175
97	0.0502393525144352
97	0.0482962680156533
97	0.0475588406924723
97	0.0496149289099526
97	0.047737610725401
97	0.0485047232147227
97	0.0495044694908667
97	0.049076412618234
97	0.0476872899782566
97	0.0472922940218196
97	0.0493845396356475
97	0.0493967003201182
97	0.0493085970178633
97	0.0505120126033872
97	0.0496798078847308
97	0.0484391819160387
97	0.0498571287811607
97	0.0494113105578074
97	0.0494992016257802
97	0.0486952358151784
97	0.049455155071249
97	0.0488321646572164
97	0.048787788087399
97	0.0485199420955424
97	0.0492454328832407
97	0.0504120459863669
97	0.0493839329719073
97	0.04966771598461
97	0.0486590416091501
97	0.0480298550865119
97	0.0496845811531126
97	0.0493240231763482
97	0.049412458822951
97	0.0490633363068689
97	0.0475055845122859
97	0.0502092050209205
97	0.0489995509206127
97	0.0487469962238242
97	0.0494167445981198
97	0.048806127046103
97	0.0496613995485327
97	0.0492596248766041
97	0.0500620809535634
97	0.0494111874386654
97	0.0493534169613019
97	0.0491600790513834
97	0.0505815119310207
97	0.0497617527140541
97	0.0478494623655914
97	0.0478758949880668
97	0.048208500556066
97	0.0502678001081028
97	0.0488636363636364
97	0.0477086348287506
97	0.0507979660675628
97	0.0482109778687725
97	0.0493944076160096
97	0.0494754892071818
97	0.0485246888799679
97	0.048582995951417
97	0.0488719996151811
97	0.0490704500978474
97	0.0486326609775019
98	0.049515555771946
98	0.0485982221353912
98	0.0494923235395105
98	0.0483863020448386
98	0.0487434478028707
98	0.0492351581329005
98	0.0499305141949573
98	0.0490788716177317
98	0.0492383292383292
98	0.0489358550195052
98	0.0487009730163507
98	0.0485474375060322
98	0.0492845786963434
98	0.0497640706328744
98	0.0488880083213631
98	0.0480893704751402
98	0.0481481481481481
98	0.0501287893798296
98	0.049093107617896
98	0.0488903963562361
98	0.0485839725961306
98	0.0485951061638798
98	0.0491778922345483
98	0.0500871924045728
98	0.0484544695071011
98	0.0484739676840215
98	0.0484193092698134
98	0.049515555771946
98	0.0491835242505484
98	0.048315834481448
98	0.0491491540299381
98	0.0483108272802613
98	0.0480693459416864
98	0.0485886610373945
98	0.0493286775193036
98	0.0499243570347958
98	0.049304865938431
98	0.0495564695971059
98	0.0493168127724178
98	0.0496429279904781
98	0.0482843137254902
98	0.0481202271392207
98	0.0498483514333235
98	0.0502925746569814
98	0.0487649480494021
98	0.0490278533616979
98	0.0487649167607916
98	0.0470918216710954
98	0.0490989425606911
98	0.0487241213288397
98	0.0497931442080378
98	0.049116781157998
98	0.0498690258488608
98	0.0495548961424332
98	0.0484639315574567
98	0.0481775268869531
98	0.0485013623978202
98	0.0480026854649211
98	0.0485352830823993
98	0.0483054524417876
98	0.0494672010949262
98	0.0485572835925389
98	0.0486438679245283
98	0.0498370048404623
98	0.0487958521102873
98	0.048262929332807
98	0.0481367220018608
98	0.0492888670917116
98	0.048488360861586
98	0.0488529950948818
98	0.0490836420354845
98	0.0496162942226941
98	0.0496520874751491
98	0.0502502502502502
98	0.048319532391622
98	0.0496095314377253
98	0.0472875660105617
98	0.0490558785374526
98	0.0493422637690936
98	0.0477407532429956
98	0.0492988500169829
98	0.047774901079576
98	0.0477526707034904
98	0.0486941124391324
98	0.0499384388081753
98	0.0480039428289798
98	0.0507767331959178
98	0.0494051715662177
98	0.0500074936304141
98	0.0488535375853096
98	0.0497110392790675
98	0.0490339578454333
98	0.0498756837394331
98	0.0492099102614124
98	0.0491771539206196
98	0.0489637560161084
98	0.0492410960276512
98	0.0484175017362834
98	0.049918530588061
98	0.0476653696498054
99	0.0478134110787172
99	0.0476353834844401
99	0.0491983728164633
99	0.0491642566540856
99	0.0502149277061352
99	0.048867583035758
99	0.049719717280039
99	0.0481224056376098
99	0.0494311304768821
99	0.0487936181666911
99	0.0493379107405591
99	0.0479116658665386
99	0.0487642585551331
99	0.0490507101371468
99	0.0505447490174618
99	0.0488222907791
99	0.0491898709614825
99	0.0477991080085321
99	0.0484392338495682
99	0.0481791338582677
99	0.0486021930257829
99	0.0487620487620488
99	0.0482397716460514
99	0.0491288343558282
99	0.0498308361527308
99	0.0479428765725944
99	0.0500320718409237
99	0.0481072938432383
99	0.04995904995905
99	0.0474106491611962
99	0.0515017133642411
99	0.049187527448397
99	0.0487381625266498
99	0.0492557775166471
99	0.0480007634316252
99	0.0486384156108927
99	0.0490883590462833
99	0.0494956487341772
99	0.0493605890331331
99	0.048250786163522
99	0.0494197482297404
99	0.0479918311776719
99	0.0481662591687042
99	0.0485381507012123
99	0.0485436893203883
99	0.0493202341966855
99	0.0491659777269854
99	0.0496436349237775
99	0.049179539001973
99	0.0492444358615362
99	0.0476190476190476
99	0.0497593887979362
99	0.0496057979530875
99	0.0484020492803123
99	0.0488679885586852
99	0.0505671792286362
99	0.0488202191726725
99	0.0475226527858107
99	0.049315464712688
99	0.0487511429808942
99	0.0485569422776911
99	0.0493705743509048
99	0.0498456329050891
99	0.0487746275828928
99	0.0489469862018882
99	0.0499194847020934
99	0.0488893296310988
99	0.0481486831335163
99	0.0496376990190763
99	0.0487508505881209
99	0.0487972508591065
99	0.0497829090191435
99	0.0491292927327561
99	0.0486439532863623
99	0.0490669005506018
99	0.0492716785609542
99	0.049281714146579
99	0.0489292088042832
99	0.0490586442510937
99	0.0482827992527662
99	0.0491984787945891
99	0.048861184368257
99	0.0478677110530896
99	0.0494615272160226
99	0.0498390714912708
99	0.0489520667572288
99	0.0481047418231746
99	0.0499776441949426
99	0.0480051100628931
99	0.048900462962963
99	0.0486258951035417
99	0.0491542288557214
99	0.0481660231660232
99	0.0503562018151654
99	0.050239001073066
99	0.0498116161863287
99	0.0496564494907656
99	0.0488814850071395
99	0.0489503629586031
99	0.0484532599778003
100	0.049103663289166
100	0.0493791230112534
100	0.0487673907737369
100	0.0486687246768281
100	0.0496699908464614
100	0.0494956949569496
100	0.0494292899980654
100	0.050475350387141
100	0.0493029581774906
100	0.0492108616802274
100	0.0492687430154026
100	0.0492112312729437
100	0.051217926274196
100	0.0495839283076469
100	0.0480651331600373
100	0.0479918805277657
100	0.0487710282639259
100	0.0485762959357508
100	0.0492574621379209
100	0.0496145965460045
100	0.047279299847793
100	0.0491426896585413
100	0.0486723483915464
100	0.0493509019302767
100	0.0495584879452327
100	0.0494452014794627
100	0.0482062780269058
100	0.0471878892402031
100	0.04873046875
100	0.049354042676731
100	0.048970971069306
100	0.04999504999505
100	0.0498227648680583
100	0.0487529457973291
100	0.0484081356587275
100	0.0488884564868415
100	0.0490411359976577
100	0.0497935631497786
100	0.0477086945751796
100	0.048989075090217
100	0.0494294683342468
100	0.0495074013565028
100	0.0481844607577475
100	0.0505848097517643
100	0.0500435161009574
100	0.048647078755022
100	0.0499487829861958
100	0.0492610837438424
100	0.049054199745173
100	0.0494440617927777
100	0.0494233152225717
100	0.0494518999164332
100	0.0488497161637287
100	0.0480845181674566
100	0.0485329485329485
100	0.0496502807605162
100	0.0491730436929153
100	0.0489188402986522
100	0.0489723053169931
100	0.0482675649663138
100	0.0482623639488257
100	0.0490818030050083
100	0.0497042596550524
100	0.0500122819945959
100	0.048631924973412
100	0.0484156662074395
100	0.0489774210704443
100	0.0490361040334599
100	0.0498597543282716
100	0.0487487969201155
100	0.0496602962021604
100	0.0483870967741935
100	0.0482319728216661
100	0.0487126974839087
100	0.0481951030678409
100	0.0483648307706955
100	0.0473808263985762
100	0.0487674689440994
100	0.0479818681583643
100	0.0482992547296006
100	0.0484222771557365
100	0.0485123209721753
100	0.048842683405257
100	0.0490191282226897
100	0.0485595485595486
100	0.0482987876417677
100	0.0487673645079241
100	0.049247406108432
100	0.0495831072080517
100	0.0475595695618755
100	0.0496671040482092
100	0.048385518590998
100	0.0488491553887188
100	0.0487463162471617
100	0.0485065476482417
100	0.0494259583576571
100	0.0486405707674508
100	0.0488017008117511
100	0.0488256505213917
100	0.0493105296496614
101	0.0495333462959362
101	0.0491312741312741
101	0.0494733790704416
101	0.0487863960079453
101	0.0485661871198223
101	0.04806030343768
101	0.0496095093079228
101	0.0486589476769749
101	0.0480298550865119
101	0.0487296353762607
101	0.0485036119711042
101	0.0468352608090599
101	0.0493589125614576
101	0.0483886483886484
101	0.0477322338103323
101	0.0493995235085331
101	0.0474375885485368
101	0.049400479616307
101	0.0482725756492733
101	0.0490057854052214
101	0.0494524050755054
101	0.0480574568591536
101	0.0481435761086317
101	0.0495337995337995
101	0.0491116086314486
101	0.048689138576779
101	0.0481939393939394
101	0.0487957009883888
101	0.0493244585734155
101	0.0485247500609607
101	0.0508500614502253
101	0.0485114690092728
101	0.049087260803602
101	0.0495001219214826
101	0.0497410339098993
101	0.0482795283201237
101	0.0482946402980797
101	0.0485799347856907
101	0.0483941926968764
101	0.0490675271674655
101	0.0470083432657926
101	0.0502843912014899
101	0.0477736324434323
101	0.0485436893203883
101	0.0488694383661561
101	0.0486117876278617
101	0.0489271625132301
101	0.0485497204568261
101	0.0487188214129431
101	0.0494658276013464
101	0.0484374249915991
101	0.0495323865604434
101	0.0489849314404768
101	0.0479501318628626
101	0.0487875990086982
101	0.0495604289440634
101	0.0495811082259566
101	0.0496264674493063
101	0.0494721992508634
101	0.0494812059514487
101	0.0504246542101432
101	0.047263799046225
101	0.0465344590614569
101	0.0492792490781093
101	0.049124199870987
101	0.0505988755805427
101	0.0475866757307954
101	0.0495513459621137
101	0.0484334648930468
101	0.0492027780494962
101	0.0491253644314869
101	0.047764470105454
101	0.0487863842955227
101	0.0479873186665386
101	0.0481598619896492
101	0.0478321543717819
101	0.0484540614467836
101	0.04771973665241
101	0.0481699314635688
101	0.0493113082692025
101	0.0496199627133228
101	0.0483518617408612
101	0.0480601357904947
101	0.0483777239709443
101	0.049454866908948
101	0.0484886649874055
101	0.049297159146761
101	0.0489109483423285
101	0.0486932468523464
101	0.0502226620484908
101	0.0497722039876549
101	0.0484034587701077
101	0.0493117604443371
101	0.0487506723387609
101	0.0472429706456064
101	0.0474612610856642
101	0.0488131699846861
101	0.0483316977428852
101	0.0504093277102456
101	0.0491425277417495
102	0.0482307435175016
102	0.0491435264262359
102	0.0483566484340965
102	0.048227089676849
102	0.0484839748210081
102	0.0483492261248742
102	0.0484895505018668
102	0.048980192194548
102	0.0484002886697137
102	0.0500268961807423
102	0.0475870024995193
102	0.0484889058913542
102	0.0494687591383176
102	0.0485109296298107
102	0.0481998819594728
102	0.0496429619485474
102	0.048583984375
102	0.0483080291275998
102	0.0498296212158625
102	0.0509751773049645
102	0.0486895062334348
102	0.0494599481941254
102	0.0480243749093195
102	0.048511317742087
102	0.0479248771468885
102	0.0471973530556637
102	0.0489663204891779
102	0.0491483234906535
102	0.0490670018369912
102	0.0495445563641621
102	0.0488523798018845
102	0.0486311933680355
102	0.0483101104093342
102	0.0490129339686862
102	0.0482673875645122
102	0.0484961301067895
102	0.0481739377575671
102	0.0480958083832335
102	0.0496971502333433
102	0.0488375423688356
102	0.0466192680250036
102	0.0496820937453793
102	0.0486642599277978
102	0.048719789423307
102	0.0489217738402375
102	0.04938630961044
102	0.0486502093258265
102	0.0485549692598151
102	0.0471661678092112
102	0.0495990495990496
102	0.0488781664656212
102	0.0485271994953171
102	0.0481788953404674
102	0.0493256262042389
102	0.0505685218432077
102	0.0487196700872734
102	0.0494322631166797
102	0.0484704766421627
102	0.0493624420401855
102	0.0476029219679745
102	0.0486884227626738
102	0.0469696247198512
102	0.0484437506098156
102	0.0501862379925505
102	0.0497975318164288
102	0.0496696965181543
102	0.0491143712281046
102	0.048598586400195
102	0.0485441438067597
102	0.0487135010118531
102	0.0493636714230621
102	0.049280015567231
102	0.0494126976260098
102	0.0496903496367094
102	0.049791717716246
102	0.0488433125972006
102	0.0489462950373895
102	0.0480179214960553
102	0.0489797868781956
102	0.0475917156933085
102	0.0480653108545481
102	0.0489317711922812
102	0.0489551366359784
102	0.0478418640183346
102	0.0485287023637241
102	0.0495093013036473
102	0.0486353763339314
102	0.0496909643873246
102	0.049120942812983
102	0.0476213428447486
102	0.0479517156163863
102	0.0485685318399073
102	0.049128670327047
102	0.0493401615127044
102	0.0479805213405901
102	0.0495348497394184
102	0.0484424052161314
102	0.0489159561510353
102	0.0490040032797955
102	0.0491112960877442
103	0.0486592419100425
103	0.0479859228610834
103	0.0470565453137103
103	0.0481992562145234
103	0.0473878422994756
103	0.0495863723138675
103	0.0490243902439024
103	0.0486778558791182
103	0.0489174399238639
103	0.0495140467095402
103	0.0495161369553471
103	0.0488941199548821
103	0.0483585798251063
103	0.0492303223932617
103	0.047842802221273
103	0.0479311169576656
103	0.0492624946298153
103	0.0482567315510067
103	0.0501173479366321
103	0.0466888064075015
103	0.0488639139995114
103	0.0498163896405102
103	0.0482297864039793
103	0.0491120578239433
103	0.0477559871770696
103	0.0476395671741837
103	0.0482245681381958
103	0.0479072822822823
103	0.0495822558185797
103	0.0489641281411855
103	0.0485362464663888
103	0.0486517608674791
103	0.0485148996159642
103	0.0490821444222623
103	0.0493868880950082
103	0.0488645186335404
103	0.0484617219174815
103	0.0489976667777725
103	0.048118943568307
103	0.0495204541006068
103	0.0494452014794627
103	0.0485851318944844
103	0.0484259170116492
103	0.0492748145698493
103	0.0487746960486322
103	0.0491329479768786
103	0.0476236382917189
103	0.0473863959776112
103	0.0489941284050438
103	0.0491132332878581
103	0.0488279350257757
103	0.0489795918367347
103	0.0488967259209837
103	0.0496542451018056
103	0.0483855281073721
103	0.0497001278143742
103	0.04953211503601
103	0.0492016160061562
103	0.0480920769855294
103	0.0478898819480954
103	0.0495598928434749
103	0.0470886318003633
103	0.0492415179212327
103	0.0483005366726297
103	0.0495330701838837
103	0.0490538922155689
103	0.0484915343661566
103	0.0486338272080046
103	0.04959745552132
103	0.0485122589859557
103	0.04960848207772
103	0.0485057037805223
103	0.0491852294812379
103	0.0479406763650104
103	0.0485917523791214
103	0.0491314181223233
103	0.048900350330868
103	0.0488648543310923
103	0.0491542576261385
103	0.0479889439573008
103	0.0479438893159108
103	0.0494186046511628
103	0.0485975056147561
103	0.0477930570247139
103	0.0483731644111719
103	0.0495808383233533
103	0.0486014489276975
103	0.0494751908396947
103	0.0497822931785196
103	0.0490371156909117
103	0.0483181022749368
103	0.0478104809763101
103	0.0491448791035974
103	0.048768710767745
103	0.0488024662082049
103	0.0487343269458245
103	0.0490639435934841
103	0.0485928615796264
103	0.0499902931469618
103	0.0485549132947977
104	0.0477190303493033
104	0.0483978005309063
104	0.0495346890541139
104	0.0478468899521531
104	0.0478601684600029
104	0.0498208579451922
104	0.0489999042970619
104	0.0485311679006449
104	0.0478507704785077
104	0.049609756097561
104	0.0485754095997694
104	0.0484774066797642
104	0.0488485023318429
104	0.049207510363326
104	0.0483886483886484
104	0.0491308370258558
104	0.048373885810648
104	0.0488597768073751
104	0.04848105531751
104	0.0485663851915462
104	0.0479935182537413
104	0.0489367899796097
104	0.0485432286229477
104	0.048866547440669
104	0.0491701640595193
104	0.0473449417182328
104	0.0497150246659323
104	0.0498846597462514
104	0.0502247410592144
104	0.0487816884075806
104	0.0485029651415072
104	0.0485978564087505
104	0.0490191421650121
104	0.0490569725398221
104	0.0485810714455483
104	0.0479980819947255
104	0.0492340302533963
104	0.0492738340602981
104	0.0493264756306637
104	0.0494262580100343
104	0.0493107104984093
104	0.0497614178595774
104	0.0480497726728882
104	0.0496163195271913
104	0.0492150630838871
104	0.0492300288739172
104	0.0485451089340547
104	0.0488202570496835
104	0.0487274834596996
104	0.0491669074448618
104	0.0494011976047904
104	0.0505413361273262
104	0.0482758620689655
104	0.0479616306954436
104	0.0476483974966812
104	0.0494051316355296
104	0.0491402891754592
104	0.0483870967741935
104	0.0482388233017225
104	0.0491435660098287
104	0.0496628131021195
104	0.0493271348177147
104	0.0495102577847083
104	0.0488190485315958
104	0.0497264797200729
104	0.0478860876773785
104	0.0494494973671613
104	0.04845478824876
104	0.048119069408988
104	0.0479674796747967
104	0.0480046269519954
104	0.0494949978459624
104	0.0494204374605946
104	0.0479601219571214
104	0.0484380313851236
104	0.0489821575359025
104	0.047782874617737
104	0.0487363738573593
104	0.0487548396348167
104	0.0492393338772376
104	0.0501533817013196
104	0.0485132264916007
104	0.047424087342204
104	0.0488272818840232
104	0.0489138323092554
104	0.0487781731909846
104	0.0487840115579099
104	0.0479811347995572
104	0.0485600269243714
104	0.0475255114262444
104	0.0480764680830928
104	0.0493959994131168
104	0.0482422982422982
104	0.048680266847143
104	0.048045486851457
104	0.0491874637260592
104	0.0492435193215766
104	0.0484055211803903
104	0.0493839045051983
104	0.0477165277574694
105	0.0491835053544604
105	0.0482751928581825
105	0.0496447136248748
105	0.0493003661166558
105	0.0487159757622391
105	0.0483756561214357
105	0.049424736337488
105	0.0482925647856624
105	0.0486489067124988
105	0.0491522939365808
105	0.0488001900689
105	0.0484845623642716
105	0.049832247878429
105	0.0485627909208695
105	0.0484925982393154
105	0.0489675800849093
105	0.0480667754005565
105	0.0483794089609152
105	0.0492144065748127
105	0.0510306686777275
105	0.047399667537402
105	0.0488768919309746
105	0.0492125984251969
105	0.0491444682092164
105	0.0492196878751501
105	0.049109763255723
105	0.0493455622432407
105	0.0485867446393762
105	0.04723991507431
105	0.0482313575525813
105	0.0486291486291486
105	0.0490452835579258
105	0.0484324953896923
105	0.0490926924963217
105	0.047521056661562
105	0.048691273573702
105	0.0498753117206983
105	0.0490396988037935
105	0.0497800976269876
105	0.0484141835804424
105	0.0499756690997567
105	0.0483029958285931
105	0.0482074826609358
105	0.0485553579154848
105	0.0479135196374622
105	0.048425102188026
105	0.047928937868136
105	0.0484177678092545
105	0.0495234351970129
105	0.0480617937348019
105	0.0482893543923271
105	0.0486685032139578
105	0.0497955967098458
105	0.0482460309915391
105	0.0490443387988745
105	0.0489146026585063
105	0.0487674947939368
105	0.0496304635113308
105	0.048557761994492
105	0.0474123539232053
105	0.0512036306235201
105	0.0490562327959103
105	0.049749550162914
105	0.0474980828220859
105	0.0499082036911779
105	0.0486154738317305
105	0.0487545858273798
105	0.0493035808954648
105	0.0490442170303147
105	0.0475729564922809
105	0.0501254341952914
105	0.0478525293479798
105	0.0496669278996865
105	0.0491344809296495
105	0.048816357512216
105	0.0491606137861369
105	0.0494439362572818
105	0.0486645756106834
105	0.0487572612132178
105	0.0497873163186388
105	0.047773162013332
105	0.0491565566242931
105	0.0494641384995878
105	0.048611773685717
105	0.0488543836394622
105	0.0483663248270928
105	0.0494561276287165
105	0.0499505440158259
105	0.0490021639817264
105	0.0493109905411245
105	0.0490351763630239
105	0.0486852134146341
105	0.0483411406770657
105	0.0493585349133288
105	0.0494005488949877
105	0.0492056593751509
105	0.0486723554369071
105	0.0479379963639843
105	0.0472363226170333
105	0.0495320589406611
106	0.0485800778434482
106	0.0478550259923238
106	0.0489742215291652
106	0.0480925518692036
106	0.0485422811004206
106	0.0483225314525353
106	0.0495875695376942
106	0.0486715148058368
106	0.0492102357290316
106	0.0488912767412328
106	0.0469597487867542
106	0.0486312093751483
106	0.0496355265681949
106	0.0496688741721854
106	0.049297806848788
106	0.0479733698844723
106	0.0480211081794195
106	0.0476076210586937
106	0.0483705976910712
106	0.0489666909798201
106	0.0480042117354264
106	0.0484947424016901
106	0.0492967818831943
106	0.0489527172097905
106	0.0484327749243988
106	0.0486582839524016
106	0.0480691202444031
106	0.0490072026474596
106	0.0477392920101005
106	0.0484396392993721
106	0.0488412181574411
106	0.0499032882011605
106	0.0484671951103047
106	0.0490904795653201
106	0.0484356341055648
106	0.048102593440122
106	0.0497104247104247
106	0.0485008395298633
106	0.04778972520908
106	0.0480920020909566
106	0.0490030415680973
106	0.0478008699855002
106	0.0475692132052136
106	0.0498754335401299
106	0.0497664915353182
106	0.0484781776416539
106	0.049028414732164
106	0.0494201434002214
106	0.0498276852383688
106	0.0484335869205689
106	0.0487168119797054
106	0.0482371265398593
106	0.0483638113570741
106	0.0478660132273874
106	0.0477716143840857
106	0.0498186215235792
106	0.0488208926135256
106	0.0490853366535772
106	0.0488867608331338
106	0.0498346946713341
106	0.0481554900159551
106	0.0492930836836072
106	0.0479649106258548
106	0.0485574873276801
106	0.0487346348517715
106	0.0483839563862928
106	0.0478646486069604
106	0.0486985328916233
106	0.0492231740961231
106	0.0478758949880668
106	0.048562696972591
106	0.0484813917011265
106	0.0480065485362096
106	0.0496742272081517
106	0.0482435375437932
106	0.0497551040201736
106	0.0485180381419033
106	0.0492115668619885
106	0.0485510688836105
106	0.0485722554505113
106	0.0489085517040206
106	0.048888036809816
106	0.0488035115872941
106	0.049443400318057
106	0.048208778173191
106	0.0477818941768785
106	0.0489486882716049
106	0.0479504289799809
106	0.0491198741272495
106	0.0492032160223388
106	0.0482866807196431
106	0.0486342438374417
106	0.048546469998568
106	0.050031542679672
106	0.0493785201009905
106	0.0475028702640643
106	0.0486074744108546
106	0.0485366908549185
106	0.0483556232449669
106	0.0483543078412391
107	0.0473192138904789
107	0.0488124795053169
107	0.0482985729967069
107	0.0488756199739972
107	0.0480782800959684
107	0.0493732657161994
107	0.0479101982326248
107	0.0482319797940548
107	0.0480446927374302
107	0.0491462087886098
107	0.0482625482625483
107	0.0476995305164319
107	0.047954055994257
107	0.048378573144367
107	0.0486605224201328
107	0.0491097070649052
107	0.0492702470666794
107	0.0482262162416486
107	0.0492632397996401
107	0.0484676722067442
107	0.048155156102176
107	0.0489513800123089
107	0.0482639389137012
107	0.0480701258306235
107	0.048718925611963
107	0.0480022858231344
107	0.0487816440694036
107	0.0481050261127881
107	0.0489341544291805
107	0.0478304453673206
107	0.0489964864994946
107	0.0497340807819462
107	0.0480728203669464
107	0.0499169678616782
107	0.0486427486712225
107	0.0489020025152365
107	0.0489299519185444
107	0.0494579295788161
107	0.0468413664014974
107	0.049830791112855
107	0.0490239034126868
107	0.047363328495404
107	0.0493589125614576
107	0.0485240208373529
107	0.0492617830777967
107	0.0482573726541555
107	0.0499006831064386
107	0.0484609085216051
107	0.0487978038621734
107	0.048922056384743
107	0.0488963531669866
107	0.0478266985511324
107	0.0488552543347064
107	0.048307304297216
107	0.0493515325205227
107	0.0479738065863149
107	0.0475842230998001
107	0.0483924116179447
107	0.0488348915571164
107	0.0487055317563792
107	0.048292220113852
107	0.0481651376146789
107	0.0485534230879404
107	0.0487504733055661
107	0.0478796169630643
107	0.0473267801486454
107	0.0472463768115942
107	0.0482464638635923
107	0.0487327573862823
107	0.0492007872125954
107	0.0479245463685546
107	0.049090301322764
107	0.049128670327047
107	0.0481779460482726
107	0.0486522336444171
107	0.0491378889268793
107	0.0493609519612164
107	0.0485395393018285
107	0.0492009077301917
107	0.0493269276506683
107	0.0480451739484136
107	0.0486160565921284
107	0.0490401064436419
107	0.0489254469379992
107	0.0485948197443386
107	0.0491312741312741
107	0.0486829727187206
107	0.047603429695919
107	0.0494766427602248
107	0.0497395957761957
107	0.0478157644824311
107	0.047801881359186
107	0.048709348111419
107	0.049032562529495
107	0.0481373744956367
107	0.0482107595241535
107	0.0489790089961445
107	0.0483209311200153
107	0.0483657034580767
107	0.0490468435673915
108	0.0478521718262539
108	0.0495234446094162
108	0.048495061555025
108	0.0478376985428478
108	0.0487456562098348
108	0.0492920818038804
108	0.0486924277907884
108	0.0498964504166065
108	0.0470131958567847
108	0.0491250060261293
108	0.048403217362334
108	0.0481107947690971
108	0.0496263371269477
108	0.049128670327047
108	0.0485814033534936
108	0.0477985021227878
108	0.0487301358682606
108	0.0469477079014052
108	0.0500931281246937
108	0.0482565979580042
108	0.0499975224220802
108	0.0480253648528932
108	0.0490144609363814
108	0.0473961098508615
108	0.0477946458502945
108	0.0481412904144709
108	0.0492981203901975
108	0.0482926132304615
108	0.0489051798977525
108	0.0479804043994044
108	0.0480714690867839
108	0.0479213694507148
108	0.0486225229579507
108	0.0493022357429137
108	0.0487386958591147
108	0.0473988439306358
108	0.0496481249397474
108	0.0481217891313569
108	0.0482615464452517
108	0.050765192412461
108	0.048893166506256
108	0.0475710928883134
108	0.0487456960157403
108	0.0493054567866117
108	0.0481711067997918
108	0.0485750987202055
108	0.0482669722142653
108	0.0493959469992206
108	0.048828125
108	0.0490375360923965
108	0.0490032827441838
108	0.0479703018031048
108	0.0487235594456601
108	0.0492046051688721
108	0.0480648316333659
108	0.0493036346872422
108	0.0483801912373341
108	0.0501037651941892
108	0.0490782858510893
108	0.049983162553519
108	0.047522320374132
108	0.0492601339952764
108	0.0488949073850172
108	0.0481347199694686
108	0.0488359711533808
108	0.0491032476975279
108	0.0497438598171111
108	0.0483932126267893
108	0.0484345602778716
108	0.0483080291275998
108	0.0482945111248162
108	0.0498244929797192
108	0.0489470416885536
108	0.0487746391060381
108	0.0490384615384615
108	0.0478338502020487
108	0.0491613090346594
108	0.0485180290730602
108	0.0468528828913844
108	0.0489416075992092
108	0.0483234244946492
108	0.0490598453755846
108	0.0495713396235452
108	0.0486411216748295
108	0.0489706651452479
108	0.048747461069736
108	0.0489395622976955
108	0.0478387795460966
108	0.0488048282089056
108	0.0477791789267199
108	0.0482947712732695
108	0.0491386342914727
108	0.0488307456392563
108	0.0480534989252448
108	0.0486384087141842
108	0.0477258323989665
108	0.04844191278541
108	0.0484608786810254
108	0.0502389962158932
108	0.0487361164304864
109	0.0481583706100695
109	0.0489051798977525
109	0.0478228157622496
109	0.0485436893203883
109	0.0495206136145733
109	0.0489564297393479
109	0.0482984169115556
109	0.0489490626775232
109	0.0484476774592307
109	0.0495111799438583
109	0.0488507126061711
109	0.0483886255924171
109	0.0494443628530866
109	0.0488490682933804
109	0.0490343191829227
109	0.0473506200676437
109	0.0494958753437214
109	0.0480652680652681
109	0.0485609824692978
109	0.0485911849099205
109	0.0477498815727144
109	0.0478157644824311
109	0.0492355034137898
109	0.0489669912134885
109	0.0479197097488574
109	0.0480316443774722
109	0.0475286974670335
109	0.0480760139926255
109	0.0496113616735438
109	0.0484069789493647
109	0.0491699527773721
109	0.0477774134619889
109	0.0486684171042761
109	0.0489045197471603
109	0.0496175908221797
109	0.049020531173479
109	0.0493923189110355
109	0.0488076773943389
109	0.0490855680849048
109	0.0487070407724296
109	0.0484415893409469
109	0.0484822119102862
109	0.0482468313442502
109	0.049683872794187
109	0.0484608208955224
109	0.0485719744006113
109	0.0501964207769533
109	0.049628398200665
109	0.0494834662012359
109	0.0487078943638683
109	0.0488429438543247
109	0.0486114407785426
109	0.0485199303496635
109	0.0478351295140858
109	0.0470834921845215
109	0.0480378250591017
109	0.049324129997124
109	0.0483825198637911
109	0.0487332198903384
109	0.0478189538699093
109	0.0479189996267264
109	0.0484653441567799
109	0.0485487874737445
109	0.0500023924589693
109	0.046920137918181
109	0.0478459957013363
109	0.0481127185335281
109	0.0495547256535478
109	0.048585690515807
109	0.049289283461893
109	0.0490688879314472
109	0.0494882193897258
109	0.0497245508982036
109	0.0495415486534492
109	0.0498530899282308
109	0.0482489898018087
109	0.048506752900894
109	0.0490538922155689
109	0.0481270631009903
109	0.0488139117285701
109	0.0484725243544878
109	0.046938199604929
109	0.0474499218639011
109	0.0486313337216075
109	0.049001986567023
109	0.0488157134604275
109	0.0487651939031449
109	0.0482197258187357
109	0.0487425093191148
109	0.04830940912776
109	0.0483132814343005
109	0.0488474463956075
109	0.0482540879317657
109	0.0474238596825699
109	0.0488099261333462
109	0.0487062404870624
109	0.0484865736787171
109	0.0487501792286001
109	0.0485914161467196
109	0.0484386174016687
110	0.0473225987642764
110	0.0487459928342448
110	0.0478908070575926
110	0.0480056643851782
110	0.0478369580601028
110	0.0485606418121756
110	0.0490800477897252
110	0.0480760315252666
110	0.049358434017046
110	0.0487666303678803
110	0.0488391498552005
110	0.047168492192962
110	0.0488372093023256
110	0.0483202087507572
110	0.0486250838363514
110	0.0492116579073101
110	0.0481215103624491
110	0.0473361441165197
110	0.0486615678776291
110	0.0485718359393565
110	0.0490645284459717
110	0.0492799387589111
110	0.0490036405441655
110	0.04860025579082
110	0.0485422949877926
110	0.0488979090951999
110	0.049378008674515
110	0.0491592435573763
110	0.0488753914776502
110	0.0459860424273236
110	0.0475333775210681
110	0.0485911849099205
110	0.0484474373363262
110	0.0483833011719302
110	0.0482381759939702
110	0.0483452150512252
110	0.0483665676707679
110	0.0481714418821337
110	0.0498242911471622
110	0.0487327573862823
110	0.0487935395991438
110	0.0501260422726391
110	0.0485692771084337
110	0.0498038465218639
110	0.049
110	0.0485853100885967
110	0.0477620343436239
110	0.0479716981132075
110	0.0497578577532998
110	0.0482573726541555
110	0.0483681615402677
110	0.0478226518566715
110	0.0502326464723198
110	0.0493288431437651
110	0.0488497585913093
110	0.0486829727187206
110	0.0495977914227236
110	0.0483297796730633
110	0.0478589420654912
110	0.0489790089961445
110	0.0485636754935903
110	0.047625804010594
110	0.0487286132904811
110	0.0491501416430595
110	0.048062752555265
110	0.0470219435736677
110	0.0487639360155114
110	0.0480442176870748
110	0.0490696136771512
110	0.0490654205607477
110	0.0478852245202161
110	0.0483495606744241
110	0.0482554532003246
110	0.048155156102176
110	0.047530599609468
110	0.0495931809376211
110	0.0488693348471946
110	0.0483995001441892
110	0.0482121714421028
110	0.0483993180526615
110	0.0473924628854206
110	0.0499637243047158
110	0.048617641527177
110	0.0480764703112492
110	0.0482330025044059
110	0.0484519689458423
110	0.0493092862624712
110	0.0488500373971578
110	0.0481574539363484
110	0.0483665676707679
110	0.0480538428954676
110	0.0490196078431373
110	0.0487274103510266
110	0.047335072679836
110	0.0483603842331898
110	0.0488897270284286
110	0.0488378658134939
110	0.0492875835998837
110	0.0479662317728319
110	0.0488105392853758
111	0.0488659593108148
111	0.0481627666572691
111	0.0485712953899222
111	0.0474612656337502
111	0.0488500285116898
111	0.0491056601983204
111	0.0483369452558183
111	0.0480741932431154
111	0.0490385978173572
111	0.0482504427744005
111	0.0491206210763406
111	0.0479958551175168
111	0.0482142857142857
111	0.0491632295074195
111	0.0480814779725249
111	0.0489868094054674
111	0.047625711353671
111	0.0494350955808743
111	0.0489405859356146
111	0.0475831882148068
111	0.0489826676714393
111	0.0494265559767743
111	0.0477790563866513
111	0.0480163056358724
111	0.0483584323262557
111	0.0476879309513477
111	0.0484963296234904
111	0.0490768200516598
111	0.0475050462376191
111	0.0487920867414875
111	0.04895949012602
111	0.050004785146904
111	0.0486974611129497
111	0.0487957009883888
111	0.0479759404239068
111	0.0504475183075671
111	0.0473189043889327
111	0.0482487321674013
111	0.0479720477831815
111	0.0501540238737004
111	0.0480549199084668
111	0.0494210674950579
111	0.0481499051233397
111	0.0487219319305183
111	0.0476955802410778
111	0.0479177474885629
111	0.0492940894950945
111	0.0489976667777725
111	0.0488878371982963
111	0.049102656137832
111	0.0486927320700408
111	0.0476736957873093
111	0.0484319735911342
111	0.0486247779964479
111	0.0490909090909091
111	0.047569706103994
111	0.0504290810915052
111	0.0483978957436633
111	0.0482765098149714
111	0.0485222138554217
111	0.0476592550895956
111	0.0494970008973693
111	0.0481389111100654
111	0.0478556362784157
111	0.0490224405277858
111	0.0480339172568021
111	0.0485624205919721
111	0.0488474463956075
111	0.0489756567847674
111	0.0487041140765006
111	0.0489878352355455
111	0.048503220917014
111	0.0480252615703648
111	0.0491597450260769
111	0.0488374309129026
111	0.0487421383647799
111	0.0486757337151038
111	0.0484594104741009
111	0.0480090369951991
111	0.0486368386054906
111	0.0486133921449017
111	0.048049031533639
111	0.0486326473075839
111	0.049641662685141
111	0.0493990725844611
111	0.0498375915062782
111	0.049065760737685
111	0.0483727464294076
111	0.0480060124947156
111	0.0486706586826347
111	0.0487515427703408
111	0.047557779366214
111	0.0481859941876816
111	0.0496693467814834
111	0.048755980861244
111	0.0492061973986228
111	0.0486450253758499
111	0.0491393403211847
111	0.0476905745399925
111	0.0479969404340759
112	0.0490917782026769
112	0.048689138576779
112	0.0485171389504456
112	0.0487875848690592
112	0.0476366663583387
112	0.0486940915316677
112	0.0485414235705951
112	0.048604518701348
112	0.0482722858624428
112	0.047949798812033
112	0.0480827470530681
112	0.0488574793875147
112	0.0489724736048265
112	0.0486799070957956
112	0.0490962266864842
112	0.0475400511896862
112	0.0489936690919399
112	0.0489376939603724
112	0.0487898763412404
112	0.0486107801553639
112	0.0484394387706404
112	0.0488941176470588
112	0.049090219863533
112	0.0479741136747327
112	0.0489567381316998
112	0.048720026695905
112	0.0483740802278661
112	0.0482980029271517
112	0.0475894691576282
112	0.0475445582100872
112	0.0480098676407799
112	0.0490867041110115
112	0.0480982274741507
112	0.049151411136537
112	0.0476928860069542
112	0.0484165944749254
112	0.0488924649753881
112	0.0487146712114756
112	0.0474369866893231
112	0.0480361818614616
112	0.048
112	0.0484669586745382
112	0.0481876733580932
112	0.0485737036863553
112	0.0485879422959447
112	0.0478224141167637
112	0.0472662477726719
112	0.0493932096142041
112	0.0487091140793883
112	0.0480214054358541
112	0.0476859658984448
112	0.0468061157489916
112	0.048905005009781
112	0.0483747974454294
112	0.0492199724975105
112	0.0485689916603487
112	0.0484575157127093
112	0.0485364256990555
112	0.048240335082567
112	0.0488143048384012
112	0.0488583821917155
112	0.0483438636798775
112	0.0478473353502444
112	0.0489990467111535
112	0.0479176415535798
112	0.0471291072021241
112	0.0492496200607903
112	0.0480339062867907
112	0.0481534950868533
112	0.048900462962963
112	0.0483135824977211
112	0.0479487299433971
112	0.0493361352564715
112	0.0477212051868802
112	0.0482115085536547
112	0.0493252005187071
112	0.0479936320644285
112	0.0478125295284891
112	0.0474319662706018
112	0.0480851876611594
112	0.0497242867417885
112	0.0490266762797404
112	0.0472459527068485
112	0.0472161189285213
112	0.048019093078759
112	0.0498800724460326
112	0.0482064369771728
112	0.0481944772244513
112	0.049752210669517
112	0.048237649578619
112	0.0488070441204317
112	0.0482777959527037
112	0.0486877139596805
112	0.0487898211039893
112	0.0485229123051873
112	0.0485606418121756
112	0.0495258166491043
112	0.0483236561153774
112	0.0485469112975869
112	0.0484314008963423
113	0.0493507715468574
113	0.0487920867414875
113	0.049182685393797
113	0.0481944508992889
113	0.0484731203096238
113	0.0487724111831212
113	0.0477852728902307
113	0.0487735715298455
113	0.0483665676707679
113	0.047963545826091
113	0.0483196239717979
113	0.0493952098694039
113	0.0482369534555712
113	0.0483743061062649
113	0.0481016205109046
113	0.0481201613277085
113	0.047921103805908
113	0.048918422168811
113	0.04841557476071
113	0.0496605421829749
113	0.0464734571374977
113	0.0481039158776229
113	0.0491486250648554
113	0.0474073380756271
113	0.047647852589456
113	0.0477846593616008
113	0.0491685090839181
113	0.0492220514790626
113	0.0491733585262163
113	0.0482474612756797
113	0.0488272818840232
113	0.0491209927611169
113	0.0495252008765522
113	0.0481318785130603
113	0.0476387929048606
113	0.0489641303839499
113	0.0478356704028514
113	0.0493991989319092
113	0.0484934086629002
113	0.0487547387110706
113	0.0469573327115878
113	0.047852298417483
113	0.0503473874559817
113	0.0484241785611649
113	0.0503614342476902
113	0.0472143531633617
113	0.0490806157301268
113	0.0484144161099087
113	0.0475178309952293
113	0.0491027037265022
113	0.0493950177935943
113	0.0499295740443926
113	0.0486400920995827
113	0.048055673108572
113	0.0492136211212393
113	0.0483204257138785
113	0.049189786988508
113	0.0495110313223414
113	0.0477647058823529
113	0.0483893655929104
113	0.0467863672589189
113	0.0485115766262404
113	0.0490177736202058
113	0.0484007128787168
113	0.0482138632599953
113	0.0496043234896738
113	0.0482223903177005
113	0.0488129787335268
113	0.0477925519329958
113	0.0493064074738133
113	0.0483234714003945
113	0.047936462913062
113	0.0478857462895547
113	0.0496343477235197
113	0.0487183118538451
113	0.0486999197772639
113	0.0491350140590001
113	0.0486660664360517
113	0.0468595624558927
113	0.0500484496124031
113	0.0475277884246838
113	0.0482580037664783
113	0.0485536229187983
113	0.0483311968855339
113	0.0474109263657957
113	0.0490000947777462
113	0.0477904608535026
113	0.0488647818365094
113	0.0483702861474323
113	0.0496701590997284
113	0.0486104524328939
113	0.0487033219883994
113	0.0483306535514991
113	0.0491067208620853
113	0.0485672883653532
113	0.0486163760424564
113	0.0485880003803366
113	0.048936678614098
113	0.0482794528328679
113	0.0493277743945285
114	0.0481816075978689
114	0.04894198934792
114	0.0485666903577351
114	0.0478919943154903
114	0.0500670112961899
114	0.0500607533414338
114	0.0490196078431373
114	0.0483576214797807
114	0.0478811991117691
114	0.049001130795326
114	0.0480126300148588
114	0.0487265194670684
114	0.0489757475865317
114	0.0485801455057498
114	0.0480654351622094
114	0.0479843705327361
114	0.04769570416705
114	0.0481829903060981
114	0.048486867148839
114	0.0490864857129228
114	0.0479128686953676
114	0.0487598647125141
114	0.0496245668078552
114	0.0484594104741009
114	0.047676805374137
114	0.0483743061062649
114	0.0488878371982963
114	0.0482798220010527
114	0.0486870120652945
114	0.0475792212619645
114	0.0492997728993187
114	0.0489715040573693
114	0.0484420873188749
114	0.0486163760424564
114	0.0485464837378874
114	0.0477712996050404
114	0.0477017700361519
114	0.0495166234378684
114	0.048133641640319
114	0.0488140417457305
114	0.0493417937304669
114	0.0483795209018318
114	0.049024725926629
114	0.0486279634123577
114	0.0490384165457863
114	0.0483766233766234
114	0.0483727464294076
114	0.0487932593897272
114	0.0479304867794076
114	0.0493676242418543
114	0.0484412917677805
114	0.0494255056499858
114	0.0481749737920518
114	0.0480298437864304
114	0.0477571448617803
114	0.0472064815248443
114	0.0489784362761289
114	0.048601026236809
114	0.0491581841864055
114	0.047585327857244
114	0.0483581807888281
114	0.0489150943396226
114	0.0482526000187389
114	0.0491601024959666
114	0.0482257455643639
114	0.0471267579398342
114	0.0480855272453257
114	0.0479137365213315
114	0.0478738252535591
114	0.0479132997433216
114	0.0483029958285931
114	0.0476454806180035
114	0.0488840137352156
114	0.0493041371775994
114	0.047138519037608
114	0.0479925736829891
114	0.0482228716885076
114	0.0486912468336617
114	0.0482035364936042
114	0.0493422637690936
114	0.0490144609363814
114	0.0490360235372913
114	0.0484196684356361
114	0.0494411006018917
114	0.0480130141761562
114	0.0489420510865421
114	0.0484327794561934
114	0.0481418918918919
114	0.048472869311497
114	0.0489342681033266
114	0.0487201446379294
114	0.0479328105424342
114	0.0486692015209125
114	0.0478954322385806
114	0.0486721481901522
114	0.0493809658822418
114	0.0481826261870234
114	0.0483710813750059
114	0.0480656506447831
114	0.0473059274327073
115	0.0494358385924651
115	0.0494090844368503
115	0.0479874691475223
115	0.047364722417428
115	0.0478796169630643
115	0.0468907409103398
115	0.0488292404340377
115	0.0493625210488333
115	0.0487458589682915
115	0.0493163828256177
115	0.0492653414001729
115	0.0474802557352388
115	0.0487175880339476
115	0.0487119660968525
115	0.0488059630631914
115	0.0482840236686391
115	0.0474729157948575
115	0.0483410970624584
115	0.0479292694276408
115	0.0479256080114449
115	0.0482103381778844
115	0.0477068557919622
115	0.0474783106111164
115	0.0473724223130286
115	0.0485382308845577
115	0.0486426387473362
115	0.0486329315762322
115	0.0490405117270789
115	0.0485737036863553
115	0.0490003736920777
115	0.0490681764567115
115	0.0486447931526391
115	0.0486326473075839
115	0.0485487133650092
115	0.0480244590780809
115	0.0475568817605371
115	0.049283969538771
115	0.0487471096220093
115	0.0480691969560902
115	0.0487376613515566
115	0.0487816418263544
115	0.0479553903345725
115	0.0484774892583598
115	0.0481660049158631
115	0.0478477824931213
115	0.0487723480333731
115	0.0482228716885076
115	0.0493590343407879
115	0.0477408354646206
115	0.0475967613609772
115	0.0482567536365735
115	0.0473679254167059
115	0.0481760599195525
115	0.0491124541950221
115	0.0481708171751624
115	0.048062381852552
115	0.0476455063203223
115	0.0482018452268876
115	0.0477404731548378
115	0.0482143677896769
115	0.0495315877972616
115	0.048445681400066
115	0.0480574045224945
115	0.0472814348765142
115	0.0485135197810862
115	0.0489427978100812
115	0.0484422581400796
115	0.0491086284763489
115	0.0478946130322277
115	0.0501571877679337
115	0.0488183056899873
115	0.0489058668175816
115	0.04844419601267
115	0.0480048994205493
115	0.0488522102067919
115	0.0479653195357293
115	0.0491856982403594
115	0.0484260355029586
115	0.0481101304681504
115	0.0492671981668019
115	0.0467976813233423
115	0.0470796625180627
115	0.0482829127747572
115	0.0492544492544493
115	0.0478433201212404
115	0.0482348499150463
115	0.0474969702619558
115	0.0486364914253584
115	0.0483969970253553
115	0.0488912005295759
115	0.0496450544249882
115	0.0487514296606939
115	0.0485495474588072
115	0.0484404536862004
115	0.0487178267281983
115	0.0481109249953471
115	0.0490103675777568
115	0.0480239185275156
115	0.0484446950474579
115	0.0470950293761074
116	0.0480291029655553
116	0.0479591836734694
116	0.0480463638063189
116	0.0478604651162791
116	0.0489923066031057
116	0.0484877126654064
116	0.0488269454123113
116	0.0481483211133424
116	0.0482849232790578
116	0.048028077953265
116	0.04847801578354
116	0.0479281313202577
116	0.0486384976525822
116	0.0488101929923178
116	0.0481950661967806
116	0.0479670226719131
116	0.0480622374952272
116	0.0492180754101506
116	0.0491619065455567
116	0.0488886791562456
116	0.0479233226837061
116	0.0492093023255814
116	0.0477871939736347
116	0.048176601258793
116	0.0473499883259398
116	0.0493844832522187
116	0.0489130434782609
116	0.0480517047583365
116	0.0479929381155919
116	0.0482495405927531
116	0.0484161608497724
116	0.0498082454458293
116	0.0491904175740934
116	0.0477668643439585
116	0.0475768459349783
116	0.0482945111248162
116	0.0483345738742092
116	0.0478610758153325
116	0.0491380925613641
116	0.0467163483931067
116	0.0480041619371926
116	0.048815472885434
116	0.0479200557750407
116	0.0484962406015038
116	0.048706169135571
116	0.0476388888888889
116	0.0482971846161053
116	0.048603138155377
116	0.0484345351043643
116	0.047868154252118
116	0.0482363439951153
116	0.0483833122154958
116	0.0477360809150203
116	0.0487345053494839
116	0.0486175976088175
116	0.0490921003369525
116	0.047972027972028
116	0.0487816600182631
116	0.0479537572254335
116	0.0486368386054906
116	0.0488960485170094
116	0.0484991727723942
116	0.0480328941220447
116	0.0482819220274707
116	0.0478937986677925
116	0.0482347328244275
116	0.048050139275766
116	0.049023739289226
116	0.0492081447963801
116	0.0487553808721692
116	0.048198475450973
116	0.0483587478029547
116	0.0480407560824644
116	0.0494508107080025
116	0.0478877179893686
116	0.0481392334752824
116	0.0475475944856044
116	0.0486402413159259
116	0.0478024783032441
116	0.047686630712461
116	0.0486572471226724
116	0.0491850431447747
116	0.0480697500932488
116	0.047561203513362
116	0.048804317483949
116	0.0487243339754734
116	0.0485578506563779
116	0.0472127417519909
116	0.0489130434782609
116	0.0469792351780513
116	0.0485455321975988
116	0.0479762241720917
116	0.0481128550074738
116	0.0481226125034939
116	0.0485418888219203
116	0.0481255857544517
116	0.048425251635048
116	0.0487244419433502
116	0.0480411107444251
116	0.0489473934324954
117	0.0488442680364231
117	0.0486623724669707
117	0.0490024169470641
117	0.0505615269677544
117	0.0480755674608769
117	0.0486451493572552
117	0.0468417645426801
117	0.0473894475823116
117	0.0480036714089032
117	0.0483772771975835
117	0.0481261043429741
117	0.0484726803384483
117	0.048077826863427
117	0.0490567804147358
117	0.0486094881981771
117	0.048346530041919
117	0.0486997635933806
117	0.0488233061301955
117	0.0484791764155358
117	0.0483327799649006
117	0.0485294811877449
117	0.0475390716118498
117	0.0486607568391955
117	0.0482601201844692
117	0.0475143805827059
117	0.0493031193704371
117	0.0485105985619572
117	0.0462581852198316
117	0.0486091858423436
117	0.0492229203079975
117	0.0492020020776277
117	0.0492516370439663
117	0.0478189106342844
117	0.0486915887850467
117	0.0474444083375888
117	0.0489279568392168
117	0.0492227979274611
117	0.0485205974693179
117	0.0482482953209499
117	0.0480067377877597
117	0.0484220442769666
117	0.0483893459768512
117	0.0488340978593272
117	0.0496517742928886
117	0.0478595255744996
117	0.0487229120438128
117	0.0486574830726127
117	0.0492934291288005
117	0.0485831830998937
117	0.0484293193717278
117	0.0490446462353386
117	0.0483091787439614
117	0.0491228070175439
117	0.0484817436661699
117	0.0478740593693735
117	0.0484741347227391
117	0.0497119184800724
117	0.0497588462824125
117	0.0502053636143996
117	0.0476658246795771
117	0.0478748248482018
117	0.0474286245698875
117	0.048176601258793
117	0.0484748944157672
117	0.0481673922201938
117	0.0480660908749531
117	0.0487712665406427
117	0.0482474612756797
117	0.0489262371615313
117	0.0485219259328445
117	0.0480235217249265
117	0.0487977369165488
117	0.0484581497797357
117	0.0493394573606705
117	0.0495630998424295
117	0.047625711353671
117	0.0492020646872188
117	0.0480331262939959
117	0.0483985428395704
117	0.0491709548313322
117	0.0471556886227545
117	0.0474188273767811
117	0.0492782244792401
117	0.0480851063829787
117	0.0485828040572566
117	0.0479856420913427
117	0.0483840572882314
117	0.048827847501776
117	0.0483825729244577
117	0.0485478158205431
117	0.0493338482332497
117	0.0483529909308773
117	0.0489425416432716
117	0.0477934182994103
117	0.0479930191972077
117	0.0489776733254994
117	0.0485177726783122
117	0.0494570629237991
117	0.0485721029029974
117	0.0489378738636899
118	0.0467397310738626
118	0.0492447271196745
118	0.047686230248307
118	0.0483210864105665
118	0.0478895354207075
118	0.0490539262062441
118	0.0490684983063606
118	0.0483490566037736
118	0.048681446907818
118	0.0489340194817129
118	0.0488817589883929
118	0.0475351296201827
118	0.0475369343337838
118	0.0474560375146542
118	0.049672828007833
118	0.0478343978740268
118	0.0492592243087666
118	0.0476810112463984
118	0.0485414235705951
118	0.0482277473427916
118	0.0483215836406928
118	0.048399141230281
118	0.0483916611640411
118	0.0487712665406427
118	0.0479432757325319
118	0.0480945014765856
118	0.0475038384590332
118	0.0484490675663012
118	0.0474613686534216
118	0.0474689412201001
118	0.0477583765927324
118	0.0472209248014946
118	0.047418141795836
118	0.0478870597063928
118	0.0466815600856372
118	0.0485113668791021
118	0.0477365871833085
118	0.0473513011152416
118	0.0479539945820066
118	0.0489701654333789
118	0.0485558811218083
118	0.0486058779201206
118	0.0486418487629875
118	0.0487598647125141
118	0.0476497695852535
118	0.04739336492891
118	0.0487404419008303
118	0.0481798715203426
118	0.049390908659999
118	0.0485751295336788
118	0.0491337688156774
118	0.0481067803679844
118	0.0492348636061211
118	0.0490905628035425
118	0.0480916384547605
118	0.047945205479452
118	0.0483162518301611
118	0.0482574978977857
118	0.0488269454123113
118	0.0478218146085817
118	0.0484515949037478
118	0.0479928968643395
118	0.0477001703577513
118	0.0485696838743013
118	0.0484154929577465
118	0.0482123008521675
118	0.0485725054178837
118	0.0479955866127253
118	0.0486078338839075
118	0.0482694106641721
118	0.0477851083883129
118	0.0480241748024175
118	0.04722533632287
118	0.0485614035087719
118	0.048562240760591
118	0.0486985726280437
118	0.0478303980357902
118	0.0479732592627466
118	0.0485301630056193
118	0.0483848014800057
118	0.0474256640059749
118	0.0482855143456963
118	0.0492461373290389
118	0.0480586352460918
118	0.0486875529212532
118	0.0479391308406852
118	0.0484743864887562
118	0.0484842866413275
118	0.0480869647773664
118	0.0480890088915786
118	0.0485029381587538
118	0.0475573649148779
118	0.0475221893491124
118	0.0479713381723432
118	0.0486504341260853
118	0.0480241748024175
118	0.0483269643023581
118	0.0485473289597001
118	0.0476079888527636
118	0.0485826140276402
119	0.0495351609058403
119	0.0489140788721661
119	0.0484710474951204
119	0.0487620844140533
119	0.048193336461755
119	0.0477642276422764
119	0.0471953037644428
119	0.049344424080079
119	0.0478533933258343
119	0.047741935483871
119	0.0484921816827997
119	0.0480371660859466
119	0.0481311044327573
119	0.0479353430256863
119	0.0483201033782536
119	0.0484698637805561
119	0.047765077595019
119	0.0488349976224441
119	0.048896867765862
119	0.0483629560336763
119	0.0476345840130506
119	0.048902615938977
119	0.0486900069557153
119	0.0489020548267269
119	0.0482871891130924
119	0.0478952291861553
119	0.0477187107576392
119	0.0485423086039346
119	0.0487635775363994
119	0.048308727340684
119	0.0489468030451637
119	0.0476410517074072
119	0.0474185788304959
119	0.048552359466065
119	0.0482897384305835
119	0.0484486873508353
119	0.0491325403168931
119	0.0471693724705773
119	0.0475705220251054
119	0.0475059382422803
119	0.047707100591716
119	0.049319967998494
119	0.048727818984133
119	0.048572366261897
119	0.0488561637491896
119	0.0480564059745802
119	0.0491764483150322
119	0.0491772181913027
119	0.0478123805884601
119	0.0490581951082373
119	0.0487039239001189
119	0.0487576183778715
119	0.0484491631508183
119	0.0483502900066559
119	0.0490889503021219
119	0.0474410448105589
119	0.048057963039391
119	0.0485680473372781
119	0.0475833645560135
119	0.0484711850077498
119	0.0481173502756237
119	0.048630805709238
119	0.0497302369223551
119	0.0483123759099934
119	0.0482995406671925
119	0.0485599776307205
119	0.0487972824091076
119	0.048819641170916
119	0.0481534950868533
119	0.0482331821617536
119	0.048901355773726
119	0.0492531669502742
119	0.0469855248981121
119	0.0483999065638869
119	0.0477870429762668
119	0.0473861486642366
119	0.0482492802080431
119	0.0489378738636899
119	0.0482158724220175
119	0.0477452347745235
119	0.0487921549868453
119	0.0474498620915338
119	0.0487367937528709
119	0.049576553430393
119	0.0493861737385053
119	0.0476966241288804
119	0.0490200708382527
119	0.0477375140818626
119	0.0492132574489454
119	0.0480666325438556
119	0.0484306603334265
119	0.048134328358209
119	0.0498193572922609
119	0.0480817943167688
119	0.0486343366778149
119	0.0479861332846782
119	0.0485410040105103
119	0.0479104406811821
119	0.0483638895335345
119	0.0488033786954481
120	0.0484363081617086
120	0.0487192599135326
120	0.0488775220233021
120	0.0477048120439642
120	0.0493757361601885
120	0.0492901653938059
120	0.0480692347490711
120	0.0484535594183678
120	0.0485062491288389
120	0.0484865212991076
120	0.0488734030197445
120	0.0482068001863065
120	0.0482548606230967
120	0.0476855732513738
120	0.0483433665732273
120	0.0493382038996157
120	0.049500215218327
120	0.048384030418251
120	0.0481322831744277
120	0.0481313178150793
120	0.048487074704991
120	0.0471060799707869
120	0.0475536637832395
120	0.0478260869565217
120	0.0484885183287531
120	0.0485854570960954
120	0.0480040657919054
120	0.0482209737827715
120	0.0476922360393088
120	0.0487244419433502
120	0.0486405820081145
120	0.0482591244282647
120	0.0475027644673793
120	0.0486886160714286
120	0.0493140170776168
120	0.0479072345929964
120	0.048047767877968
120	0.0479008171315864
120	0.0484035168903286
120	0.0489960972398552
120	0.0485835627946049
120	0.0481447124304267
120	0.0480036925917378
120	0.0475240172645844
120	0.0474086348154285
120	0.0476894639556377
120	0.0475082146768894
120	0.0486078560044999
120	0.0485657352055239
120	0.0483923807740909
120	0.0486219928103973
120	0.0485058873199794
120	0.0491325403168931
120	0.0481598220079726
120	0.0487484766101059
120	0.0480497456189938
120	0.0491587555221355
120	0.0479067153694858
120	0.0490062491190152
120	0.0480014769685221
120	0.0484400277328403
120	0.0488117587801639
120	0.0489315145025374
120	0.047876269621422
120	0.0480214249434363
120	0.0489655497431547
120	0.0496350364963504
120	0.0482371352296787
120	0.0472841676691034
120	0.0486597553002708
120	0.0481540182733545
120	0.047932200250081
120	0.0491259231560251
120	0.0491648579786732
120	0.0491349805429228
120	0.0494181938097706
120	0.0468843001694062
120	0.0484595935949059
120	0.0483195233218509
120	0.0480543942665503
120	0.048542783865703
120	0.0485328365160689
120	0.0482813154100191
120	0.0484260377008079
120	0.0486059822747415
120	0.0477371647868208
120	0.0477464788732394
120	0.0477238344106725
120	0.0482608494280024
120	0.0476212218062277
120	0.0484250117536436
120	0.0481789897510981
120	0.0477864643567563
120	0.047451343836886
120	0.0485486891385768
120	0.048234479575352
120	0.0480070776680946
120	0.0480624529721595
120	0.0480640236850627
120	0.0483585152023876
121	0.0477779809802487
121	0.0481950392996658
121	0.0493798485622706
121	0.0478634073521179
121	0.0483252245508982
121	0.0482984716258023
121	0.0487328528249244
121	0.048585830299636
121	0.0488983917449103
121	0.0488200658352265
121	0.0486946861692279
121	0.0482842110164362
121	0.0480868182243428
121	0.0485835627946049
121	0.0484750462107209
121	0.0484035168903286
121	0.048156819538172
121	0.0484462817594872
121	0.0475992421091548
121	0.0488150316306298
121	0.0492576337659912
121	0.0483511379470506
121	0.0477832735853338
121	0.0478285026391333
121	0.0479936691183316
121	0.0480198251274139
121	0.047750444298943
121	0.0477334688785176
121	0.0477467067252138
121	0.0482765011119348
121	0.0489273965621091
121	0.0476696874422046
121	0.048535138142036
121	0.0481029178707933
121	0.0490649792217605
121	0.0483774728048836
121	0.0486731811235123
121	0.0475517461475335
121	0.0471496326606528
121	0.0482833121976422
121	0.0487838906199135
121	0.0486168933296327
121	0.0474222015791918
121	0.0486489000511604
121	0.0485621521335807
121	0.0475670759436107
121	0.048297852386758
121	0.0480294998847661
121	0.0479129520413295
121	0.0485553004209721
121	0.0471528194707431
121	0.0486529025090269
121	0.0478645066273932
121	0.0478252683110525
121	0.0488089133373735
121	0.048711943793911
121	0.0486967159122989
121	0.048202842017275
121	0.0482353481114324
121	0.0476972933497649
121	0.0477990944312188
121	0.0489752089266539
121	0.0495898757909538
121	0.048949076033291
121	0.0490324390015892
121	0.0486476506969445
121	0.0480635274449707
121	0.0471663451823275
121	0.0476190476190476
121	0.0480531014817931
121	0.0486260902185126
121	0.0479378806900079
121	0.0472059434266993
121	0.0485944342421246
121	0.0479665840447994
121	0.047230968697907
121	0.047887323943662
121	0.0480559803512674
121	0.0498075186540564
121	0.0484367708819412
121	0.04862883392882
121	0.0479959033564545
121	0.0487929433611885
121	0.0484355914685709
121	0.0481601979562847
121	0.0484375
121	0.0473252966660388
121	0.048176476074993
121	0.0485273492286115
121	0.0479985000468735
121	0.048064085447263
121	0.0482060717571297
121	0.049039098740888
121	0.047897692416592
121	0.0485363905464455
121	0.0472869298367973
121	0.0484104383548854
121	0.048887215922458
121	0.0480928689883914
121	0.0475353740867474
122	0.0482742427799953
122	0.0473524823345875
122	0.0490840118430792
122	0.0483886346300534
122	0.0484019103600294
122	0.0482937445015511
122	0.0479240587991337
122	0.0480304719435154
122	0.0484577392600876
122	0.0484346224677716
122	0.047935520361991
122	0.0482370453065401
122	0.047917537261457
122	0.0477432577204341
122	0.0480590638930163
122	0.0476786790965169
122	0.0484228002213614
122	0.0481365023582725
122	0.0476495628690438
122	0.0484902226163252
122	0.0481693786982249
122	0.0489837492476504
122	0.0484813917011265
122	0.048791800009276
122	0.0482266236757255
122	0.0490473320662
122	0.048019985196151
122	0.0488591622788293
122	0.0492792961437664
122	0.0488385110551357
122	0.0487428009551903
122	0.0486667909752004
122	0.0479577036447855
122	0.0479391719597571
122	0.0484363434492968
122	0.0475926182877758
122	0.0481647102664431
122	0.0477191998504393
122	0.0487623647424883
122	0.0485604956268222
122	0.0474767901461531
122	0.0479930191972077
122	0.0474428928142051
122	0.0481534286896932
122	0.0491665890678834
122	0.0482178355138459
122	0.0486091598763698
122	0.0489868005205428
122	0.0480107203918488
122	0.048357156116577
122	0.0483413666005103
122	0.048272664038952
122	0.0491094506320786
122	0.0466368951705723
122	0.0480898045918603
122	0.0483545696214135
122	0.0472603060221796
122	0.0485454882342042
122	0.0482403194354165
122	0.0476124503555925
122	0.0480876346082436
122	0.0491365327735903
122	0.0486967813746406
122	0.0482717245835064
122	0.048143824422134
122	0.0472195479759776
122	0.0489646656534954
122	0.0484194798524537
122	0.0481599699586932
122	0.0474989684104351
122	0.0483281690792212
122	0.0475130950725444
122	0.0487781866213794
122	0.049028414732164
122	0.0480451092781583
122	0.0485577823562465
122	0.0476300364609775
122	0.0480080778410134
122	0.048043375766148
122	0.0477556686719112
122	0.0484649636747129
122	0.0481989309783872
122	0.048064085447263
122	0.0488164317951552
122	0.048936071145877
122	0.0489712714515976
122	0.0490716803760282
122	0.0484529790130992
122	0.0486874166704979
122	0.0486156125567182
122	0.0482661668228679
122	0.0485445879031885
122	0.0487827369974179
122	0.0487465826421389
122	0.0485676342250047
122	0.0485751295336788
122	0.0482017055988135
122	0.0479586129753915
122	0.0475885128017222
122	0.0475818674505121
123	0.0484125510582993
123	0.0479477268544082
123	0.0483795428999625
123	0.0480968380356239
123	0.0482310668877833
123	0.0476787372330548
123	0.0484395318595579
123	0.0478654592496766
123	0.0469417431609561
123	0.0490969102411295
123	0.0479918938835667
123	0.048164380979311
123	0.0483529909308773
123	0.0487328528249244
123	0.0487172231654405
123	0.0475686130042365
123	0.0493856444802884
123	0.0478617430385025
123	0.0475726352919335
123	0.0484281679707394
123	0.0478524203615516
123	0.0481251437773177
123	0.0485534821878868
123	0.0482285290298646
123	0.0494082284426076
123	0.0484296897104593
123	0.0483626008542952
123	0.0474890071742652
123	0.0477793361383824
123	0.0484979927091505
123	0.0475415174210355
123	0.0480080317619678
123	0.0485912240184758
123	0.0482710926694329
123	0.0481600735970561
123	0.0491910595716824
123	0.0487849863973809
123	0.0491452991452991
123	0.0477460901563937
123	0.0474778801422968
123	0.0478168559032586
123	0.0486185279777107
123	0.0478235052299822
123	0.0487194027029581
123	0.0485800046178712
123	0.0489372683338807
123	0.0483773619945216
123	0.0483727879721716
123	0.0483452150512252
123	0.0481782874052155
123	0.0487602160964122
123	0.0481810156576685
123	0.0478062157221207
123	0.0490843873890882
123	0.0489812813319229
123	0.0489965137096014
123	0.0484786924604091
123	0.0483231988207113
123	0.0478515625
123	0.0483661945755809
123	0.0480265853325443
123	0.047713717693837
123	0.0474803926172921
123	0.0489092677504516
123	0.0481488320561352
123	0.0489056885528956
123	0.04774499521182
123	0.047962076497653
123	0.0475531571421982
123	0.0471913186211928
123	0.0480252178750232
123	0.0490214352283318
123	0.0475345536047815
123	0.0481331321893268
123	0.0480466580262914
123	0.0478061861389801
123	0.0475269411439624
123	0.0486429000786054
123	0.0481180201296015
123	0.0476544702217676
123	0.0486098152640418
123	0.0484597701149425
123	0.047588156248552
123	0.0478921051424377
123	0.0471916350513556
123	0.0480040424456796
123	0.0474626451403988
123	0.0488783172426659
123	0.0478752507751231
123	0.0483541007997024
123	0.0476963763745186
123	0.049009093028678
123	0.0474217311233886
123	0.0473359037487806
123	0.0479915336124787
123	0.0483040230151733
123	0.0484972360291727
123	0.0478056426332288
123	0.0485679270119377
123	0.0489662174635407
124	0.0483410138248848
124	0.0478861677384047
124	0.0471870155922312
124	0.0485243778332871
124	0.0480773658761225
124	0.04804016397218
124	0.0492957746478873
124	0.0497195909326547
124	0.0483863456433661
124	0.0475206611570248
124	0.047236134724073
124	0.0485374181046415
124	0.0489494127006411
124	0.0486646605228512
124	0.0472104973389613
124	0.0485915492957746
124	0.0484814186002641
124	0.0477975198963539
124	0.0480106588256914
124	0.0485812955012134
124	0.0485237962186831
124	0.0480848718655277
124	0.0482692483331811
124	0.0491205089820359
124	0.0481832909048831
124	0.0479433146222508
124	0.047663290904023
124	0.0485669523546217
124	0.048353383807887
124	0.0478681174987157
124	0.0479870430356317
124	0.048471879797181
124	0.0482060211703249
124	0.0485679859115766
124	0.0477677751240125
124	0.0477260223730057
124	0.0486766611141958
124	0.0473994835853928
124	0.0479125805547772
124	0.0486845800954967
124	0.0476934387061202
124	0.04858985827958
124	0.0480055658627087
124	0.0478914828827166
124	0.0487083506631545
124	0.0481769612897179
124	0.0492820925934701
124	0.0484035641358827
124	0.0489034064395707
124	0.0466204830556076
124	0.0481922133234572
124	0.0485799701046338
124	0.0480520679468242
124	0.0482617396565365
124	0.0484632475467506
124	0.0478044661287296
124	0.0484361120201973
124	0.0486394713898958
124	0.0484424317277343
124	0.0472710664535282
124	0.0473307141206379
124	0.049430365031388
124	0.048987039723015
124	0.0474185788304959
124	0.0485356419230061
124	0.0492020020776277
124	0.048427266857301
124	0.048216096616576
124	0.0479097299297077
124	0.0492078285181733
124	0.0494194147700883
124	0.0475123468081215
124	0.0487226022616222
124	0.0481960766381636
124	0.0477250591345485
124	0.0479083252795803
124	0.0485396576385364
124	0.0488508420954685
124	0.0477386934673367
124	0.047264367816092
124	0.0491856376087359
124	0.0478906932879422
124	0.0473606768438477
124	0.0480125571303264
124	0.0492173112338858
124	0.047461881740424
124	0.0484290101582802
124	0.04820545687603
124	0.0475861751576235
124	0.0482045096037858
124	0.0474677716390424
124	0.0476497993449882
124	0.047784253862522
124	0.0481555011773397
124	0.0482385074765057
124	0.0484338346902166
124	0.0483145035363277
124	0.0491720331186753
124	0.0480978638617302
124	0.0486901786540776
125	0.0470830473575841
125	0.0479835953520164
125	0.0489293764087153
125	0.0482583621683968
125	0.0473155747100087
125	0.0490507808846909
125	0.0474367354561584
125	0.0478672335756412
125	0.0485884032607194
125	0.0486531829620654
125	0.0481189038550859
125	0.0478333487983669
125	0.0483547534408896
125	0.0483691106774463
125	0.0478178023772797
125	0.0481212009578191
125	0.0486963719133674
125	0.0481702763256161
125	0.0478718493213923
125	0.0471389771210238
125	0.0476035969222212
125	0.0468293128654971
125	0.0482061740984518
125	0.0483354227608302
125	0.0488032038744528
125	0.0479852636426433
125	0.0484122613803231
125	0.0473462278852324
125	0.0473200473200473
125	0.0487399612295763
125	0.0480235067260456
125	0.0482698325050617
125	0.0483996519987179
125	0.0479243542435424
125	0.048561234419165
125	0.0469216164903716
125	0.0487211857670548
125	0.0474856486796785
125	0.0472524924646418
125	0.0478266793841123
125	0.0478019435446553
125	0.0469217663581526
125	0.0490578297595841
125	0.0484792198746227
125	0.0486152711856596
125	0.049390694239291
125	0.0480667798009448
125	0.0489425416432716
125	0.0481300516005297
125	0.0478189876370422
125	0.0472469896130159
125	0.0474284662802466
125	0.0476431596391088
125	0.0475220952292814
125	0.0484376440224906
125	0.0486837191934279
125	0.0485260559772738
125	0.0489815031608523
125	0.0482968988307067
125	0.0488414893115002
125	0.0476426575317768
125	0.0486201148360808
125	0.0476763005780347
125	0.0482771500606966
125	0.0481290861037696
125	0.0476990869031936
125	0.0486516541562413
125	0.0475244781082579
125	0.0482094938465809
125	0.0487034110976857
125	0.0484589676940215
125	0.0493030702580524
125	0.0489036420590023
125	0.0483532864396516
125	0.0490396214159785
125	0.0481071098799631
125	0.0469606894326927
125	0.0486481472893382
125	0.0482439926062847
125	0.0476676723137619
125	0.048648142950697
125	0.046266942338617
125	0.0485260559772738
125	0.0470921726408193
125	0.0487349453832509
125	0.0479473948582127
125	0.0480062477030503
125	0.0472466154409074
125	0.04823670605613
125	0.0486399262332872
125	0.0481507327285415
125	0.048219000416879
125	0.0476673895990033
125	0.0479505740236986
125	0.0485472770104855
125	0.046968596841532
125	0.0480427866660519
125	0.0476433949986056
125	0.0477006437271338
125	0.0479429716255882
126	0.0480121759985241
126	0.0479041916167665
126	0.048250681702639
126	0.0477092185479401
126	0.0474915770526607
126	0.0485748327376043
126	0.0486195035790648
126	0.0482291231490507
126	0.0482388616748309
126	0.0473107569721116
126	0.0478598685117926
126	0.0474952094169176
126	0.0480171783625731
126	0.0491718426501035
126	0.0474644473912845
126	0.0474822112753147
126	0.0477194590877836
126	0.0481916480238628
126	0.0486701398409652
126	0.0480166051660517
126	0.0468540829986613
126	0.0486419639994504
126	0.0486008154188288
126	0.0476869309298262
126	0.0484823323184796
126	0.0476255582900374
126	0.0483930211202938
126	0.0477223427331887
126	0.048596915071548
126	0.0478824703001723
126	0.0475300765585126
126	0.0488360206310116
126	0.0485290074237009
126	0.0478699038021072
126	0.0488234204187512
126	0.0484962925436375
126	0.048448457624788
126	0.0489792139252812
126	0.048154167634084
126	0.0477496001827736
126	0.047795137283905
126	0.0486725663716814
126	0.0474873213462425
126	0.0494492726681229
126	0.0477291270057112
126	0.0483209728683956
126	0.0485777613594385
126	0.0479546710889994
126	0.0482688201986448
126	0.0482863882336617
126	0.0484065780916101
126	0.0486017715531234
126	0.0479216923362405
126	0.047608179660398
126	0.0489298065239742
126	0.047447911927941
126	0.0487102085620198
126	0.0484012771273888
126	0.0480972031178359
126	0.048773677107088
126	0.0475390483109335
126	0.0487317662361795
126	0.0481268673868076
126	0.0480809009423121
126	0.0485281325825207
126	0.0480359458958681
126	0.0476904891798509
126	0.0480333348596547
126	0.0477395023685784
126	0.0477746582593087
126	0.0482200647249191
126	0.0483147096537827
126	0.0490104555638536
126	0.0485468048042541
126	0.0481112229031373
126	0.0482919467691041
126	0.0469020896067159
126	0.0486597553002708
126	0.0484242535938076
126	0.0466977080602143
126	0.0485550759992494
126	0.0484649636747129
126	0.0483698928720493
126	0.0482755419393771
126	0.0475417439703154
126	0.0474231464737794
126	0.0479806065041394
126	0.0474649905254887
126	0.0484429065743945
126	0.0475312341524134
126	0.0477307214788247
126	0.0479557610370773
126	0.0478913182691428
126	0.0472258303952496
126	0.0481222872240045
126	0.048292324641939
126	0.048799813563272
126	0.0479274611398964
126	0.0475755221424981
126	0.0480479107616348
127	0.0472920740302851
127	0.0475095785440613
127	0.0479868913857678
127	0.0477741080150719
127	0.0480921727773113
127	0.0485572231773616
127	0.0481723775104076
127	0.0473555293477275
127	0.0478098788443616
127	0.0486484047114039
127	0.0487497667475275
127	0.0477438940251138
127	0.0479360852197071
127	0.048677443056576
127	0.0469166436908372
127	0.0480418943533698
127	0.0485861656074422
127	0.0477831380657018
127	0.047286503263499
127	0.0482927054052809
127	0.0479474095527054
127	0.0475696168253825
127	0.047465734523043
127	0.048792825936997
127	0.0480627983841351
127	0.0478242927231877
127	0.0478115096679374
127	0.0473402552257238
127	0.0481859941876816
127	0.0481256332320162
127	0.0483290251107829
127	0.0480930951406882
127	0.0476802939825448
127	0.0483974949346104
127	0.0476712328767123
127	0.0477178423236514
127	0.0474380695086771
127	0.0488618979185017
127	0.0474263368497636
127	0.048553328290469
127	0.0480672114590028
127	0.0481663162812427
127	0.0478888685797843
127	0.0477934444240981
127	0.0476881891192885
127	0.048674809864024
127	0.0472501936483346
127	0.04799855098714
127	0.0483045425463852
127	0.0482123762146078
127	0.0482359426681367
127	0.0477451159393829
127	0.047181400427681
127	0.0478582391516674
127	0.0480311749512891
127	0.0490209565735773
127	0.0487646293888166
127	0.0480174608948709
127	0.0487668422770292
127	0.0492682697284834
127	0.0482733011511326
127	0.048387851560672
127	0.048121414029243
127	0.0489716868025454
127	0.0481203708016956
127	0.0482819629388211
127	0.0479323737719899
127	0.0486959693598395
127	0.0484605826315063
127	0.0485414557835649
127	0.0483162518301611
127	0.0463096960926194
127	0.0476996249885667
127	0.0475347316807409
127	0.0489621148654938
127	0.0478981126851553
127	0.0481650320025786
127	0.0475537265660722
127	0.0475508979271502
127	0.0468376539805111
127	0.0490953680995789
127	0.0476716362967053
127	0.0490682648188033
127	0.0482571257540176
127	0.047005411354673
127	0.0477517821239262
127	0.0480079862056448
127	0.0480070367112634
127	0.0482886216466235
127	0.0479185938945421
127	0.0479112686940315
127	0.0479006233956729
127	0.0482522971787413
127	0.0477027714801277
127	0.0474397931878997
127	0.0484430666728358
127	0.0492967618335592
127	0.0482803016369321
127	0.0485566725076086
127	0.0491433935695846
128	0.0478388010600384
128	0.0486302328837448
128	0.047685898016484
128	0.0472494553376906
128	0.0478733114275283
128	0.0472323049001815
128	0.0480032636779838
128	0.0485655267385816
128	0.0484879359051544
128	0.0472636815920398
128	0.0483610714121064
128	0.0483610714121064
128	0.0476277289093478
128	0.0477492254419537
128	0.0479340382913309
128	0.0476364300054755
128	0.0481971869702662
128	0.0479508196721311
128	0.0477905969264444
128	0.0485891962131056
128	0.047208352246936
128	0.0476894639556377
128	0.048224622817813
128	0.0479298769116001
128	0.0481182175017317
128	0.048462597521799
128	0.0485463647636982
128	0.0483420992453693
128	0.0483752860411899
128	0.0490627928772259
128	0.0480325644504749
128	0.0481938645852242
128	0.0475641262225503
128	0.0468821536489333
128	0.048230632600082
128	0.0479533773861968
128	0.048309620751178
128	0.0488253413636155
128	0.0475599098477531
128	0.0473953106468388
128	0.048630519843488
128	0.0481674435609176
128	0.0483760135599432
128	0.0474603746397695
128	0.0482771413996197
128	0.0471125313855284
128	0.0470523868143893
128	0.0473043320809379
128	0.0480800110106895
128	0.0483878365362565
128	0.0479327578373467
128	0.0482103060899622
128	0.0475299913333029
128	0.0472892395193102
128	0.0481117194024311
128	0.0480548146785616
128	0.0483136671931618
128	0.0478897580498454
128	0.0486275222686784
128	0.04724373367548
128	0.0498715853373803
128	0.0475970425138632
128	0.048062865497076
128	0.0471805625199435
128	0.0483788908931132
128	0.0479829558612385
128	0.0478229185644015
128	0.0484622123853
128	0.0482506288589069
128	0.0473494360988083
128	0.0474128208598367
128	0.0479624116114626
128	0.0490501973020097
128	0.048087984906355
128	0.0485026041666667
128	0.0489178088513545
128	0.0476039783001808
128	0.0485752184055253
128	0.0480782476925196
128	0.0489733629300777
128	0.047801924727782
128	0.0476815200180955
128	0.0485562485562486
128	0.0483337217431834
128	0.0481383464135791
128	0.047857239421387
128	0.0471897008029426
128	0.0482454123166076
128	0.0483149146040734
128	0.0484898863951233
128	0.0476627789512352
128	0.0484626921634796
128	0.0481319880010908
128	0.0480951950049769
128	0.0472253939255538
128	0.0486583348649145
128	0.04779142228739
128	0.0478393633755899
128	0.0473849515226
128	0.0483120437956204
129	0.0477650180720135
129	0.0478114783872139
129	0.0479981592268753
129	0.0469865817602911
129	0.0486024486024486
129	0.0476954091450564
129	0.0470106842464196
129	0.0486088455981731
129	0.0481582474465037
129	0.0483901073261783
129	0.0477701232777375
129	0.0482407916437603
129	0.0484110071342537
129	0.0478440637920851
129	0.0469489981785064
129	0.048333792343707
129	0.0475233964848208
129	0.0487691808446525
129	0.0488600867173295
129	0.0472942246475671
129	0.047603935258648
129	0.0481600735970561
129	0.047982103725347
129	0.0485490303947187
129	0.0473636363636364
129	0.0470706059088633
129	0.0471595047341588
129	0.0471880169086565
129	0.0478124423112424
129	0.0471711037033654
129	0.0490374306623782
129	0.0476125074394543
129	0.0486705308676051
129	0.0474976830398517
129	0.0485436893203883
129	0.0474206259341456
129	0.0477708456669247
129	0.0486421688413482
129	0.0473841899055082
129	0.0479025587419897
129	0.0481581229743917
129	0.0485627975100696
129	0.0479405190895407
129	0.0482401940592247
129	0.0483278206541713
129	0.0487319511292114
129	0.0475863646762755
129	0.0485718228232372
129	0.0489162946942156
129	0.0477751969759075
129	0.047425724303377
129	0.048532055122828
129	0.0477341114251846
129	0.0480349344978166
129	0.0481469604654359
129	0.0470384860340278
129	0.0472945345509064
129	0.0486168173103259
129	0.048023117145216
129	0.0485135197810862
129	0.0473345797801997
129	0.0483663138518178
129	0.047483989021043
129	0.0480524208227157
129	0.0472911759376699
129	0.0484106686152722
129	0.0478098533831163
129	0.0481235003848069
129	0.0483312560587176
129	0.047061513834896
129	0.0478584815102619
129	0.0483566127322178
129	0.0482081716503081
129	0.0478794283876304
129	0.0472508591065292
129	0.0481728338313031
129	0.0479006505026611
129	0.0481068227547101
129	0.0480094743554705
129	0.0481521937010741
129	0.0473313192346425
129	0.0490811603501214
129	0.0477017271314996
129	0.0479461401992449
129	0.0480856059237854
129	0.0469770865924358
129	0.0482758620689655
129	0.0480769230769231
129	0.0477452368986156
129	0.0476212535322185
129	0.0482692918386789
129	0.047945205479452
129	0.0474758520138509
129	0.0472636815920398
129	0.0476587467000139
129	0.0479332783429567
129	0.0482511294303945
129	0.0489435802182494
129	0.0477727272727273
129	0.047649504317237
130	0.0472143960737981
130	0.0479193518689008
130	0.0473836011536877
130	0.0484862385321101
130	0.0484092784450353
130	0.0476124439513706
130	0.0465696277150501
130	0.0476712328767123
130	0.0469850855522006
130	0.0481080834360309
130	0.0474864161453815
130	0.047640632790898
130	0.0487681791072166
130	0.0481548363198592
130	0.0478355681343664
130	0.0477341114251846
130	0.0485984710593375
130	0.0480355343895961
130	0.048592064362772
130	0.0472704266088214
130	0.0481824725571351
130	0.0480934697944027
130	0.0490118207727889
130	0.0475737392959087
130	0.0485889797238003
130	0.0476841098510725
130	0.0471552817539409
130	0.0478616005873715
130	0.0477639465191332
130	0.0483766534085653
130	0.0477474184410125
130	0.0472910927456382
130	0.0476471925437599
130	0.0477469276285844
130	0.0477941176470588
130	0.0481195448521683
130	0.0475781285333092
130	0.047875988842654
130	0.0487214611872146
130	0.0477422282732017
130	0.0478497057492078
130	0.0473977267498044
130	0.0475152175888071
130	0.04853833425262
130	0.0487827201171517
130	0.0482113673506446
130	0.0483308877476156
130	0.0491909385113269
130	0.0479714912280702
130	0.0474405850091408
130	0.0476755326429125
130	0.0478853709267391
130	0.0476146321108999
130	0.0485712975278631
130	0.0488381800473076
130	0.0487984871546515
130	0.0474011713030747
130	0.0478226881868763
130	0.0475584250250068
130	0.0479514973360279
130	0.0478385904048934
130	0.0485570948589313
130	0.0480351342696372
130	0.0484421196270184
130	0.0483076361645835
130	0.0481195448521683
130	0.0473857705338339
130	0.0485289377963995
130	0.0484184804742296
130	0.0483870967741935
130	0.0475223395613322
130	0.0481302720014435
130	0.0486649047662444
130	0.0483167225462729
130	0.0476947535771065
130	0.0485653263998514
130	0.0488348342772259
130	0.0482988233147861
130	0.0483288584390334
130	0.0473262275667304
130	0.0481167777978014
130	0.0472860920622115
130	0.0475840191255574
130	0.048056794393374
130	0.0483466362599772
130	0.0483145035363277
130	0.0481098089288157
130	0.0477232325994804
130	0.0475259232308532
130	0.0462967178039787
130	0.0488546049555867
130	0.0482642980150458
130	0.0479116042363945
130	0.0476756954612006
130	0.0479188369038453
130	0.0478762025776003
130	0.0477498512109143
130	0.0484862280901434
130	0.047685898016484
130	0.0485379585906284
131	0.0471135007062469
131	0.0488232579603138
131	0.0479733430710243
131	0.0477605118829982
131	0.0481340021167917
131	0.0474518278408068
131	0.047068426064481
131	0.0475801696375924
131	0.0482981728710074
131	0.0474268873271367
131	0.048432652683243
131	0.0474507824331146
131	0.0486311074546369
131	0.0481503498102337
131	0.0479716677398583
131	0.047417133998997
131	0.0474608663997088
131	0.0475271189556904
131	0.0481895154026302
131	0.0476608322172447
131	0.0480791037329342
131	0.0482897384305835
131	0.0475408340177023
131	0.0479524136353237
131	0.0479267635971998
131	0.0491578176492127
131	0.0475870713582237
131	0.0488041370394312
131	0.047418859054335
131	0.0485534821878868
131	0.0484100399210756
131	0.0491757861199612
131	0.0480432856010075
131	0.0478837304660805
131	0.0486694840477407
131	0.0486063119096982
131	0.0474206984940724
131	0.0477673935617861
131	0.0487793449229183
131	0.0474568574023615
131	0.0480349344978166
131	0.0484392316217215
131	0.047849245781299
131	0.0474212688270196
131	0.0473558135249678
131	0.0470161107329249
131	0.047556142668428
131	0.0469536814408202
131	0.0481511765240302
131	0.0477397167292638
131	0.048083081709214
131	0.0471395674357701
131	0.0476628211610057
131	0.0489816842988302
131	0.0484769687964339
131	0.0478205478205478
131	0.0476782752902156
131	0.0479236146009411
131	0.0479151426481346
131	0.0491652907723353
131	0.0482720537481018
131	0.0479914350882093
131	0.0472927280104594
131	0.0471723762914628
131	0.0480184331797235
131	0.0467830965523482
131	0.047194689460762
131	0.0474198047419805
131	0.048047088884833
131	0.0481724546531766
131	0.0479461340322654
131	0.047556973974019
131	0.0472251261306304
131	0.0475844203063219
131	0.0476233878685686
131	0.047738923471256
131	0.047588629830725
131	0.0479445852951829
131	0.0488747442600591
131	0.0481269044631654
131	0.0479486591794637
131	0.0477261254646414
131	0.0476704443245188
131	0.0482042878601666
131	0.0486703462117411
131	0.0473734220171033
131	0.048728813559322
131	0.0487427113702624
131	0.0481987916231318
131	0.0481373531287002
131	0.0472979130593274
131	0.0474576271186441
131	0.0483684866386671
131	0.0482914041300649
131	0.0476017276653785
131	0.0479141407337554
131	0.0486975697156246
131	0.0480188807697545
131	0.0476729445852952
131	0.048294930875576
132	0.0480526049570056
132	0.0484760785023062
132	0.0475610855648724
132	0.0493407259003867
132	0.0479102025917138
132	0.0486963719133674
132	0.0476125011456328
132	0.0476711828839925
132	0.0478427829229727
132	0.0480007328356158
132	0.0482178396960376
132	0.0476451760402378
132	0.0475887748615021
132	0.0470337445573295
132	0.047907514450867
132	0.0476538250867263
132	0.0476982557094048
132	0.0482686729514141
132	0.0480291029655553
132	0.0475581926061159
132	0.0477666362807657
132	0.048331363099027
132	0.0484934517812987
132	0.0478836337353752
132	0.047742581467322
132	0.0478567503205715
132	0.0474457535368239
132	0.0481802112133436
132	0.0492859143097172
132	0.047312215563466
132	0.0485299488677867
132	0.048777130271188
132	0.0479312683698847
132	0.0477116497829233
132	0.0476083235744528
132	0.048019870291155
132	0.0474239941744038
132	0.0486046941415635
132	0.0475822226265751
132	0.0471591166734685
132	0.0480466791265898
132	0.0493290316547435
132	0.0478851483349234
132	0.0479476934253542
132	0.0465861248398316
132	0.0477937845429012
132	0.0481412385675934
132	0.0470914127423823
132	0.0475105908076345
132	0.0485932328061787
132	0.0480968380356239
132	0.0481105906961939
132	0.047834958059397
132	0.0475436533067945
132	0.0481823164048228
132	0.047571448043982
132	0.046945366874403
132	0.0475054034582133
132	0.0492885706314517
132	0.0479050214810366
132	0.0476737771239426
132	0.0480502343358966
132	0.0483267985775508
132	0.0472193074501574
132	0.0480594849474066
132	0.0481693828721051
132	0.0476233548912306
132	0.048062085867296
132	0.047670106777465
132	0.0478252940640102
132	0.0480795423590302
132	0.0482976324689966
132	0.048453847942339
132	0.0486190367496005
132	0.0470466414550693
132	0.0470776255707763
132	0.0485210881869637
132	0.0480421341882299
132	0.04756904816252
132	0.047814634581901
132	0.0482746045493914
132	0.0478659935750344
132	0.0477331367489864
132	0.0484706745540423
132	0.0480503600380418
132	0.0478395061728395
132	0.0479572115600701
132	0.0482498505128559
132	0.0475325736595996
132	0.0473867281022722
132	0.0479307819080754
132	0.0475690960503512
132	0.0467643522023783
132	0.0474625775830595
132	0.047179253867152
132	0.0487424270240499
132	0.047338090010977
132	0.0480972031178359
132	0.047651279274401
132	0.0476212449817729
133	0.0474758520138509
133	0.0475869203436333
133	0.0479556231546927
133	0.0473547578551607
133	0.0475211229826993
133	0.0472578763127188
133	0.0476842345425508
133	0.0474597721930935
133	0.047755622325412
133	0.0479055563152377
133	0.0476190476190476
133	0.0480453050785532
133	0.0479408849238533
133	0.047504208945716
133	0.0468458634647746
133	0.0479794566833356
133	0.0482349150826161
133	0.0480609728760368
133	0.0484781710508194
133	0.0467134994854356
133	0.0479963570127505
133	0.0477078406403493
133	0.0485102078352032
133	0.0491765251681744
133	0.0489247558347471
133	0.048336727766463
133	0.04791351747515
133	0.0479721481213546
133	0.0474633237952491
133	0.0475284309727697
133	0.0475823628041872
133	0.0482031320720558
133	0.048110599078341
133	0.0484553437372037
133	0.0484669543493073
133	0.0467894474863116
133	0.0479395979259529
133	0.0483716256337642
133	0.0480413219362801
133	0.0473664959765911
133	0.0477250022704568
133	0.0480861353163922
133	0.0487292968928229
133	0.0481899716529579
133	0.0477442756744502
133	0.0477078406403493
133	0.047514819881441
133	0.0479671494968639
133	0.04815657715066
133	0.0482428115015974
133	0.0480738472787095
133	0.0486968449931413
133	0.0482576172231345
133	0.0481348864614966
133	0.0484882005899705
133	0.0481871994080651
133	0.048212573620052
133	0.0481960641399417
133	0.0481873451925242
133	0.04726469129121
133	0.0472394583088002
133	0.0477714182703141
133	0.0482878913063435
133	0.0485494646289009
133	0.0484723179416494
133	0.048500405295866
133	0.0481037744347356
133	0.048502994011976
133	0.0479112686940315
133	0.0471076617633788
133	0.0480958340783122
133	0.0474302770263968
133	0.0471392751310691
133	0.0476515876269874
133	0.0482241623622983
133	0.0486149330398092
133	0.047853529701419
133	0.047749101005963
133	0.0479880369766177
133	0.0480777887818493
133	0.0481483168587437
133	0.0475805364604394
133	0.048236042916894
133	0.0475038092677243
133	0.0482980680772769
133	0.048204802323998
133	0.0480610181951847
133	0.0481217438990951
133	0.0466660602201401
133	0.0474912432334076
133	0.048579453884054
133	0.048084796651806
133	0.0476212052560036
133	0.0481307772870088
133	0.0468033450229296
133	0.0487535645294821
133	0.0477380087209302
133	0.0478723404255319
133	0.0483153210425938
133	0.0485472600220669
134	0.0481229758700908
134	0.0477557060221515
134	0.0474157715964381
134	0.0472927582963859
134	0.047732589526723
134	0.0481373531287002
134	0.0476084041126509
134	0.0484194224287146
134	0.0479708162334701
134	0.0470763131813677
134	0.0481188658669575
134	0.0483660130718954
134	0.0481181080834776
134	0.0474043654867652
134	0.0480150707590516
134	0.0479879688283279
134	0.0473466078025047
134	0.0481300663227708
134	0.0482507950931395
134	0.0484512970673011
134	0.0480634201585504
134	0.0479877554695237
134	0.0485807609145696
134	0.0473935786435786
134	0.0482064821558631
134	0.0483182899995509
134	0.0474822726864734
134	0.0482746045493914
134	0.0475526989977078
134	0.0478744984898346
134	0.0476772063147419
134	0.0477125376677929
134	0.0488295537673738
134	0.0471698113207547
134	0.0486168173103259
134	0.0477165211062591
134	0.0479641288101816
134	0.0475799461703389
134	0.0480887232398527
134	0.0476297968397291
134	0.0484386413440467
134	0.0480112222272501
134	0.0475451016213747
134	0.0477169153784291
134	0.048234754699679
134	0.0480249289707635
134	0.0476341839978204
134	0.0484157738773649
134	0.0475655767157743
134	0.0480069166363305
134	0.0473086151478111
134	0.0474382454102828
134	0.0482196521264001
134	0.0488413223890073
134	0.0480331451466035
134	0.0477412962212314
134	0.0482704619777993
134	0.0469320672023375
134	0.0476749435665914
134	0.0483642834329516
134	0.047127207690588
134	0.0477299185098952
134	0.0479824521317918
134	0.047127207690588
134	0.0475283446712018
134	0.0471283319593295
134	0.0475672244139119
134	0.0479473948582127
134	0.0481994459833795
134	0.0478589420654912
134	0.0473140589057778
134	0.0481130793276854
134	0.0470757344353607
134	0.0477757966442646
134	0.0478320401643085
134	0.0480507706255666
134	0.0474228650754556
134	0.0472268984030211
134	0.0485445794178318
134	0.0477283983970462
134	0.0481483168587437
134	0.047903649370642
134	0.048060822736118
134	0.0477185966187966
134	0.0483739098837209
134	0.0471069918113921
134	0.0485641119443936
134	0.0473950795947902
134	0.0478648734320518
134	0.0479816513761468
134	0.048168249660787
134	0.0474700761697497
134	0.0468288247328938
134	0.0476889214966985
134	0.0484460282376291
134	0.0487838776928423
134	0.0471329664477188
134	0.0477924442421484
134	0.0481048889709616
134	0.0468827035991215
135	0.0480386840202458
135	0.0477927763589931
135	0.0478170478170478
135	0.0486022291247944
135	0.0482717792249192
135	0.0482636040470331
135	0.0478120304175584
135	0.048659248449471
135	0.0477682422921491
135	0.0478364067920394
135	0.0482853223593964
135	0.0485637055023595
135	0.0482796385872045
135	0.0478300593878483
135	0.0487052741372273
135	0.0482090560937148
135	0.0490339712480542
135	0.0478017513767265
135	0.0479139357230032
135	0.0471719508323128
135	0.0486693401385345
135	0.0477011755094631
135	0.0479787574966809
135	0.04789236844522
135	0.0479356664719889
135	0.0482830668604651
135	0.0473636773321316
135	0.047494000996061
135	0.0477676753969331
135	0.04777890186701
135	0.0483129539395054
135	0.0478181818181818
135	0.047850145137881
135	0.0475159063219169
135	0.0477867427450631
135	0.0476923076923077
135	0.0479182677094164
135	0.0477205715581765
135	0.0470820791589919
135	0.0477671127934748
135	0.0477824827278805
135	0.0478207405383249
135	0.0487036698922768
135	0.0473184707673024
135	0.048059823993434
135	0.0482814687683483
135	0.048012413856054
135	0.0474327848215089
135	0.0477628080926418
135	0.0473327305605787
135	0.0484980094100615
135	0.0480581421757892
135	0.0476082108233581
135	0.0477761706743808
135	0.0484114285714286
135	0.0475416497358797
135	0.0482774252039891
135	0.0474184782608696
135	0.0476255520648363
135	0.0481000045291906
135	0.0470419247688302
135	0.048593117868994
135	0.0476103943303653
135	0.0473787114081753
135	0.0482501929099905
135	0.0477585041676053
135	0.0475491096016156
135	0.0484377131941602
135	0.0473738879104006
135	0.0488428356233167
135	0.0476147533591848
135	0.0485316420791397
135	0.0475333902954535
135	0.0482590654880029
135	0.0484898482973555
135	0.0479708162334701
135	0.0477479916960014
135	0.0484284365304195
135	0.0482027268971216
135	0.0480484583504122
135	0.0482378151643642
135	0.0471656135979354
135	0.0479001441961067
135	0.0485724710389492
135	0.0468881692764938
135	0.0487124365366144
135	0.0480039965484354
135	0.0475032644423432
135	0.0481172512328893
135	0.0474793518978201
135	0.0487244311652494
135	0.0484084577796045
135	0.0481894908793901
135	0.0477702672050084
135	0.0482254131671634
135	0.0486139747995418
135	0.0474722285196101
135	0.0482202269723349
135	0.0478982500451019
135	0.0477982350042557
136	0.0471702367531003
136	0.0477109515260323
136	0.0474503927711937
136	0.0483359027840755
136	0.0474046729392698
136	0.047552257714234
136	0.0470379308774646
136	0.04744443947592
136	0.0480760525124491
136	0.0480181200453001
136	0.0482855460433936
136	0.0478282530911726
136	0.048014440433213
136	0.0486690962771601
136	0.0482780382257483
136	0.0477241006708388
136	0.0476168963180483
136	0.0482730670509299
136	0.0482384081781672
136	0.0475610306394116
136	0.0482529874142396
136	0.0476896133638691
136	0.04702590486506
136	0.0468547413600393
136	0.0471783705316639
136	0.0481471463348661
136	0.0474901907725612
136	0.0479751340150457
136	0.0481084030556566
136	0.048113597720693
136	0.047825107054316
136	0.0469681351678394
136	0.0485940485940486
136	0.047552257714234
136	0.0472070294987896
136	0.0475740815684158
136	0.0477005540290978
136	0.0481581311769991
136	0.0482863944661546
136	0.0480540836835374
136	0.0476254904613719
136	0.0477067517182517
136	0.0475694287138133
136	0.0477168012408193
136	0.0473027920845758
136	0.0484343526826589
136	0.0472529957042731
136	0.0487894015532206
136	0.0479082321187584
136	0.047457011932308
136	0.0478870682220507
136	0.0476340978869424
136	0.0480220791168353
136	0.0473228772309356
136	0.0481611999638565
136	0.0475995449374289
136	0.0473878248358961
136	0.0474626597084758
136	0.0472042962227537
136	0.0486785266384876
136	0.0475166925820909
136	0.0480760565918717
136	0.0476276303338891
136	0.0484443047636151
136	0.0488073394495413
136	0.0476920302921024
136	0.0480189884973526
136	0.0475605874596463
136	0.047523943534111
136	0.0471409665495368
136	0.0479009197705127
136	0.0490839799807154
136	0.0478592855194982
136	0.047847533632287
136	0.0477869704778697
136	0.0489577619308832
136	0.048496867535043
136	0.0480769230769231
136	0.0468295784883721
136	0.0479617399225689
136	0.048398969451601
136	0.0483041674183655
136	0.0476018263188825
136	0.0476532030304389
136	0.0482589549189631
136	0.047279498592061
136	0.048488751897686
136	0.0476919612699842
136	0.0481712347602897
136	0.0471783705316639
136	0.0481302558597245
136	0.0479564032697548
136	0.048040855063949
136	0.0479276360199811
136	0.0485684373435295
136	0.0478066005704197
136	0.0473815461346633
136	0.0479276360199811
136	0.0483030495264851
136	0.0490777793109793
137	0.0482730300679838
137	0.0474046729392698
137	0.0482024682525487
137	0.0484773999726888
137	0.0480481840413006
137	0.0477912917665144
137	0.0483922608974066
137	0.0475802804161013
137	0.0475245739020651
137	0.0475846826936088
137	0.0474196163199135
137	0.0479501211088185
137	0.0479600108078898
137	0.0480431848852901
137	0.047672286570368
137	0.0479136560693642
137	0.0478064487276955
137	0.0482547127266168
137	0.0470858067997841
137	0.0485330907436889
137	0.0482009504412763
137	0.0479861332846782
137	0.0490451985162797
137	0.0475711279846309
137	0.0478231445973381
137	0.0479877554695237
137	0.0485347564061278
137	0.0476405509144276
137	0.0471012858109632
137	0.0475200072342542
137	0.0476907630522088
137	0.0475807532502346
137	0.0476898135639016
137	0.0483664902354444
137	0.0478577939835916
137	0.0476902851443855
137	0.0482740021574973
137	0.0483067501485307
137	0.0475731276117004
137	0.0477929573019523
137	0.0483411035169511
137	0.0475606432270373
137	0.0483217197249169
137	0.0481219579392047
137	0.0472923859712884
137	0.0475171614513685
137	0.0480479128202819
137	0.0485088197854155
137	0.0482176528688157
137	0.0472936763129689
137	0.0477498986440831
137	0.0471400216528329
137	0.0476363306415026
137	0.0482849126617793
137	0.0480434290884415
137	0.047769566378773
137	0.0473568774898169
137	0.0480068388373976
137	0.0471330737209615
137	0.0481774384146896
137	0.0468314606741573
137	0.0491321517127376
137	0.0487058930935317
137	0.0483374105282232
137	0.0482736572890026
137	0.0482646420824295
137	0.0474882967230825
137	0.0474106491611962
137	0.0481687717868622
137	0.0482977757603268
137	0.0489414978374687
137	0.0474889117871063
137	0.047683493481301
137	0.0481072916189866
137	0.0477807971014493
137	0.0480361173814898
137	0.0478757133798351
137	0.0484033305883429
137	0.0476016945292215
137	0.0483117816091954
137	0.0482474039813177
137	0.0474436157785965
137	0.048033526756931
137	0.0483080830989749
137	0.0477809510857246
137	0.0478456014362657
137	0.0472344480239575
137	0.0477019658158823
137	0.0486669101533966
137	0.0483279786415675
137	0.048
137	0.0478325859491779
137	0.0474573241576548
137	0.0487173666288309
137	0.0481813246471227
137	0.0474306482035239
137	0.0473824472650075
137	0.0478763789022375
137	0.0483600235902554
137	0.0472196900638104
138	0.0486488916865249
138	0.0473484000895055
138	0.0481017160131591
138	0.0477803369010523
138	0.0476489872906094
138	0.0471168947722683
138	0.0478290213723285
138	0.0475718533201189
138	0.0466056034482759
138	0.0471357690572846
138	0.0478462377317339
138	0.0474959900196043
138	0.0475180505415162
138	0.047550497098385
138	0.0477088101970289
138	0.0476190476190476
138	0.0484741305037863
138	0.0474612698128414
138	0.0471913125083791
138	0.0474777448071217
138	0.0474310074040835
138	0.0480777928539123
138	0.0474315374977627
138	0.0469181649381821
138	0.048747461069736
138	0.0480460082416338
138	0.0475210309647396
138	0.0471526195899772
138	0.0477239023951827
138	0.0478381275683402
138	0.0486019549897704
138	0.0477386934673367
138	0.0483131271852155
138	0.0475589983786705
138	0.0475255477709849
138	0.0472151669085631
138	0.0480222192357658
138	0.0478260869565217
138	0.0476190476190476
138	0.047394653375623
138	0.0478173270651444
138	0.0479916298958286
138	0.0477207653501795
138	0.0475787787074951
138	0.0485956713099505
138	0.0473426446580809
138	0.0466448811495591
138	0.0480955455132343
138	0.0474906770903536
138	0.0478325859491779
138	0.0482094938465809
138	0.0480286738351254
138	0.0483449084513394
138	0.0478135943252222
138	0.0475012370113805
138	0.0480321720663323
138	0.0478794943064646
138	0.0481383464135791
138	0.0469635627530364
138	0.0476232983708994
138	0.0476934756397088
138	0.0482122053947486
138	0.0480341414691728
138	0.0471929505813953
138	0.0481578709151806
138	0.0477011755094631
138	0.0482008592910849
138	0.0481807003961929
138	0.0476126308224408
138	0.0471162020672066
138	0.0476752633490737
138	0.0475137622958217
138	0.0471614166221748
138	0.0470503402586867
138	0.0476470854658273
138	0.0482969904487295
138	0.0475847152126893
138	0.047499213589179
138	0.0478162989644304
138	0.0479590462077327
138	0.0469908565709867
138	0.0480118348500471
138	0.047746184310061
138	0.0479192938209332
138	0.0476423923700865
138	0.0477951122734241
138	0.0493736856542013
138	0.0469886006642133
138	0.0482695393078157
138	0.0482390704823907
138	0.0472814286347321
138	0.0469417431609561
138	0.0480557428635648
138	0.0476320707416017
138	0.0482921083627797
138	0.0468415417558887
138	0.0477840269966254
138	0.0480106588256914
138	0.0482163144739832
138	0.0484340859431901
139	0.0479448971323099
139	0.0469441588053829
139	0.0479974425720418
139	0.0473253787370961
139	0.047442449459545
139	0.0480712967547374
139	0.0479250334672021
139	0.0480378588329836
139	0.0485634260932418
139	0.048011529973427
139	0.0484009202038883
139	0.0472733790384012
139	0.0471117846318417
139	0.0471064454428184
139	0.0480227262479145
139	0.047260767705893
139	0.0479479886225112
139	0.0468314606741573
139	0.0469173065826268
139	0.0486687136244902
139	0.0482238090933743
139	0.0483443411061688
139	0.0479039181660426
139	0.0477538185085355
139	0.0478356830773389
139	0.0475308363077757
139	0.0476873431337397
139	0.0480115952531932
139	0.0476683005801142
139	0.0473627556512379
139	0.0477941176470588
139	0.0478615530217675
139	0.0484704376057433
139	0.0474989869884292
139	0.0472797346957067
139	0.0476497398830625
139	0.047988170983063
139	0.0471058422021644
139	0.0479711534072755
139	0.0479778838007758
139	0.0477068345323741
139	0.0483015102725747
139	0.0474975378279166
139	0.0477481883252567
139	0.0477707006369427
139	0.0466235792288834
139	0.0476571886263516
139	0.0478359908883827
139	0.0473622719511099
139	0.0479087452471483
139	0.0473863534475029
139	0.0481629039397964
139	0.0484066155707947
139	0.0477952650586295
139	0.047947043563825
139	0.0477650985521627
139	0.047687471935339
139	0.0473033910533911
139	0.0478447303091853
139	0.0479200286892595
139	0.0475124266714433
139	0.0475908552691502
139	0.0477642732206126
139	0.0474528643944888
139	0.0478671297533173
139	0.0474442753558321
139	0.0468792463085424
139	0.048113597720693
139	0.0480623710158221
139	0.047303987757674
139	0.0480726031089945
139	0.047093023255814
139	0.0481350467917432
139	0.0472451543431443
139	0.0476594983681316
139	0.0473042852646252
139	0.0477299716817393
139	0.0474097749367426
139	0.047080308226805
139	0.048205266955267
139	0.0471543232396935
139	0.0476233467250485
139	0.0479066022544283
139	0.0477393737027344
139	0.0475763820446197
139	0.047403654785598
139	0.0482636845203061
139	0.0464541080181679
139	0.0477619965052198
139	0.0476576576576577
139	0.0472058625185452
139	0.0485057680079935
139	0.0475803905651017
139	0.0482003410824881
139	0.0477826499706162
139	0.0471441926723946
139	0.0475827086232437
139	0.047199749698297
139	0.047696038803557
139	0.0474470457079153
140	0.0473777777777778
140	0.0476981064345329
140	0.046940486169321
140	0.0478950442557398
140	0.0481390481390481
140	0.047211272710797
140	0.0475153165418652
140	0.0473856943757587
140	0.0471933102037185
140	0.0478183720824423
140	0.0480167014613779
140	0.0480148996093395
140	0.0471546170365068
140	0.0476744186046512
140	0.0483331827626705
140	0.0471276077423927
140	0.0476835545922514
140	0.0475699888017917
140	0.0476838618937435
140	0.0482724491632176
140	0.0469972722801055
140	0.0483856380573392
140	0.0474095357816288
140	0.0477451200358986
140	0.0474817551130733
140	0.048112442562393
140	0.047996773326163
140	0.0480296122421342
140	0.0481798715203426
140	0.0472419688652929
140	0.0478584897189548
140	0.0475788913053127
140	0.0472254490215352
140	0.0474559686888454
140	0.0474369803939003
140	0.0478492680281945
140	0.0475360764866193
140	0.0474381585492697
140	0.0481348314606742
140	0.0477849676455948
140	0.0478066248880931
140	0.0485428092281195
140	0.0473845334753095
140	0.0470888113764422
140	0.0475892017728433
140	0.0472362716763006
140	0.0479023027353432
140	0.0473606972917686
140	0.047508275923772
140	0.0487359678744182
140	0.0466827180310326
140	0.0481829318089016
140	0.0477696931350838
140	0.0472486962776479
140	0.0478851828668515
140	0.0470719713902548
140	0.047841516553614
140	0.0478039091770866
140	0.0481340782122905
140	0.0473856943757587
140	0.0476082418081147
140	0.0477328044712882
140	0.0474408659628491
140	0.0474652310453118
140	0.0476940382452193
140	0.0470477640001791
140	0.0475977453699562
140	0.047651279274401
140	0.0480963725446128
140	0.0479640044994376
140	0.0473231572785808
140	0.0483509589532174
140	0.0475356067753965
140	0.0482367247669234
140	0.0481519461411565
140	0.0475570909417201
140	0.0473895582329317
140	0.0481235410307057
140	0.0480196912060864
140	0.0485459020877017
140	0.0482541994810397
140	0.0468998410174881
140	0.0485537190082645
140	0.0480325644504749
140	0.0483294904832949
140	0.0479321603482677
140	0.0475366542209271
140	0.0482531371309921
140	0.0475433657251839
140	0.0471968475729894
140	0.0479737916797559
140	0.0476851437270529
140	0.0469969233513176
140	0.0470398855303166
140	0.047638344815165
140	0.0472081676906397
140	0.0472080088987764
140	0.0475827086232437
140	0.0480946596481756
140	0.047479879501821
141	0.0481446583209943
141	0.0474054805579226
141	0.0482272037152809
141	0.0486749594375338
141	0.0473094662859653
141	0.0477542010181556
141	0.0469238790406674
141	0.0482359797373022
141	0.0472683449384039
141	0.0472869612165932
141	0.0479202694093019
141	0.0475589415318036
141	0.0480864475461504
141	0.047540908883723
141	0.0477691453940067
141	0.0470845026504521
141	0.0479479886225112
141	0.0472122102078049
141	0.048338504429156
141	0.0481509841899014
141	0.0486367317556015
141	0.0475720755055374
141	0.0480264349085642
141	0.0475061507492731
141	0.047250472504725
141	0.0486801663352016
141	0.047882054251481
141	0.0474852862493312
141	0.0480872844827586
141	0.0475783603903404
141	0.0477141689744405
141	0.0466442199775533
141	0.0473061169374803
141	0.0469594745543095
141	0.047760255200611
141	0.0472945712108307
141	0.0474744316913045
141	0.0479544838797074
141	0.0477965949418265
141	0.0474473672497441
141	0.0475806451612903
141	0.0475064680167722
141	0.0481283422459893
141	0.047945205479452
141	0.0472929790924861
141	0.0484257126078511
141	0.0477481140172562
141	0.0476972953768264
141	0.0470736199074698
141	0.0476232706633558
141	0.0481126450488465
141	0.0475437962795738
141	0.0479558699230393
141	0.0472552223645277
141	0.0476275899183783
141	0.0469405984814649
141	0.0477334400996486
141	0.0487651549169286
141	0.047710534742235
141	0.0482218743010512
141	0.0475133214920071
141	0.0479178806759604
141	0.0467479674796748
141	0.0475676647783473
141	0.0476889541349704
141	0.0474483623818271
141	0.0482134780642243
141	0.0479031172908724
141	0.0474076704545455
141	0.047627662942693
141	0.0475491504314563
141	0.048351748698749
141	0.0478355765732994
141	0.0474997722925585
141	0.0474739666227093
141	0.0478471041088533
141	0.0473864191499756
141	0.0479031172908724
141	0.0474195561101702
141	0.0476709838673029
141	0.0466856735566643
141	0.0484569572279372
141	0.0469271726378486
141	0.0472483463078792
141	0.0474036628087446
141	0.048160924689754
141	0.0475689521108722
141	0.047754073273922
141	0.0472660286651391
141	0.0481230658833027
141	0.0479286226685796
141	0.0480708978605317
141	0.0473895220505428
141	0.0484351041760621
141	0.0474995518910199
141	0.0482812428289504
141	0.0481067241611643
141	0.0475361542581682
141	0.0478888439228383
141	0.0479161922113414
142	0.0470437811383978
142	0.0482990722212116
142	0.0478942652329749
142	0.0470556840419854
142	0.0477937885975119
142	0.0472483463078792
142	0.0475783219301404
142	0.0476791916640354
142	0.0479992782063428
142	0.0477451200358986
142	0.0473531382622292
142	0.0471850588129658
142	0.04721874441066
142	0.0481614349775785
142	0.0480726031089945
142	0.0476876012236818
142	0.0480528353450239
142	0.0472316384180791
142	0.0479963980189104
142	0.0476849578068491
142	0.0472900695311107
142	0.047127207690588
142	0.0472828982418753
142	0.0483834603417956
142	0.0476648351648352
142	0.0469636712989857
142	0.0479633538420084
142	0.0471036991040539
142	0.0474851608872227
142	0.0485252140818268
142	0.0479249011857708
142	0.0473812095032397
142	0.0469980862521697
142	0.0474689165186501
142	0.0473695992836356
142	0.0477135383782809
142	0.0477587685640771
142	0.0483575418994413
142	0.0470272686633885
142	0.0479359654645202
142	0.047482786372172
142	0.0476211689237349
142	0.0479769566587155
142	0.0480854853072128
142	0.0478206051873199
142	0.0472346119536128
142	0.0472295870219746
142	0.0478843888737882
142	0.0468115173997527
142	0.047901256572498
142	0.0478186407066883
142	0.0474945726817598
142	0.0482967380500587
142	0.0476254782804411
142	0.0478140860119313
142	0.0476082930575003
142	0.048262893982808
142	0.0476805846441781
142	0.0482165262591862
142	0.0476019561218538
142	0.0472560296018902
142	0.0475268042165961
142	0.0470239165617695
142	0.0483291412145167
142	0.0478268614178839
142	0.0480721533258174
142	0.0473415548628992
142	0.0479047277936963
142	0.0478365058552245
142	0.04752987337257
142	0.0485099860240747
142	0.0484601656523132
142	0.0475448515336331
142	0.0483603247947602
142	0.0472212294496069
142	0.047309915518008
142	0.0478456014362657
142	0.0472599071760086
142	0.0478445387536297
142	0.0472433886149709
142	0.0465631929046563
142	0.0477208929287528
142	0.0469910428950803
142	0.0480090497737557
142	0.047031819613844
142	0.0471483905436089
142	0.0479860208790716
142	0.0476939674548233
142	0.0483878241262683
142	0.047775133581788
142	0.0474155382608304
142	0.0475632297912628
142	0.048097086512292
142	0.0483390503701029
142	0.047407867311189
142	0.0478563411896745
142	0.0480479128202819
142	0.0472217210896626
142	0.047091287433276
142	0.0482514980770951
143	0.0478885893980234
143	0.0480046528274875
143	0.0478384604960022
143	0.0474452554744526
143	0.0483957940145592
143	0.0477221470455571
143	0.0475256353098529
143	0.0482205922303722
143	0.0480646919861894
143	0.0476890849935375
143	0.0471101611897765
143	0.0482602801626751
143	0.0476319350473613
143	0.0474690563861408
143	0.0469942428705315
143	0.047782025068895
143	0.0471362504446816
143	0.0472576127225084
143	0.0483602501237123
143	0.0477510507019583
143	0.0479960415635824
143	0.0484649023939408
143	0.0478718617834968
143	0.0477441767247138
143	0.0485109823473925
143	0.047891770011274
143	0.0479098379057968
143	0.047427473067811
143	0.0486923528614662
143	0.0473227077363897
143	0.0479770855710705
143	0.0471125293622302
143	0.0476233183856502
143	0.0481593995711222
143	0.0482990152193375
143	0.0472235938411815
143	0.0469136914141642
143	0.0483586941797986
143	0.0479409410299742
143	0.0470959708262919
143	0.0476447806899036
143	0.0475977853188069
143	0.0481911447084233
143	0.0479464365956682
143	0.0481673038003148
143	0.0479917240138533
143	0.0474838942199396
143	0.0473603878613755
143	0.0471899138772973
143	0.0484066155707947
143	0.0474185685796588
143	0.0474072756381749
143	0.0471470667023841
143	0.0478348665021315
143	0.0482873775892414
143	0.0472194947781844
143	0.0477811114594062
143	0.0481993204983012
143	0.0476528844872763
143	0.04746354120068
143	0.0478794943064646
143	0.0473660911907924
143	0.0481155495373505
143	0.0472936763129689
143	0.0471878190615706
143	0.0475975229399268
143	0.0473587526322864
143	0.0481486444236009
143	0.0482621108442471
143	0.0465417224453369
143	0.0477015323117921
143	0.0476977356973784
143	0.0488114679731446
143	0.0475168745250548
143	0.0475168745250548
143	0.047722922138628
143	0.0479089818230301
143	0.0480464389372628
143	0.0475198368722018
143	0.0474006810442679
143	0.0476658476658477
143	0.0480209414631945
143	0.0480256618776543
143	0.0478272628921745
143	0.0480890005383097
143	0.0480146500513645
143	0.0482842804828428
143	0.0478040845834086
143	0.0470645749077819
143	0.0470893088504669
143	0.0473121167360458
143	0.047820472861659
143	0.0483593961854831
143	0.047896728243935
143	0.0479220432499778
143	0.0486274155679971
143	0.0472469075157415
143	0.0472133475328364
143	0.0478178879310345
143	0.0472858543542205
144	0.047877635985157
144	0.047490484199345
144	0.0474168435951875
144	0.0481857373809952
144	0.0467590077856238
144	0.0477042070908034
144	0.0479619504822865
144	0.0473351562149805
144	0.0472374337740973
144	0.0466205568201716
144	0.0478809012875537
144	0.0484412040971508
144	0.0477755083917947
144	0.0478704366499642
144	0.0473003123605533
144	0.0469703670942061
144	0.0479191810826516
144	0.0478151148890955
144	0.0472898107521163
144	0.0475092046311494
144	0.048425161114641
144	0.0480920490808576
144	0.046913689423417
144	0.047638326585695
144	0.047673852419105
144	0.047498332221481
144	0.0475396539293439
144	0.0477453580901857
144	0.0472192608386638
144	0.0472676862534657
144	0.0472856193219588
144	0.0478154459753444
144	0.0474143720617864
144	0.0482106018476993
144	0.0483776870259839
144	0.0473712303175874
144	0.0473149230907619
144	0.0479381211494356
144	0.0478468899521531
144	0.0472797346957067
144	0.0475296221775095
144	0.0479531641043976
144	0.0480185647982863
144	0.0471306039437616
144	0.0475448515336331
144	0.0479784366576819
144	0.0478233664074372
144	0.0477646329035403
144	0.0474682132500558
144	0.0478766567487152
144	0.0475743348982786
144	0.0480149379807051
144	0.0471546170365068
144	0.0482187837351565
144	0.0482910992875823
144	0.0474952952773546
144	0.0471908111477161
144	0.0475703097187611
144	0.0466325772474979
144	0.0478797397352479
144	0.0472490175062522
144	0.0481090471735935
144	0.0476694915254237
144	0.0475739110810201
144	0.0473611173284391
144	0.0474191819967851
144	0.0473910319520272
144	0.0477314217017677
144	0.0483935832700299
144	0.0477245535516462
144	0.0478073328540618
144	0.0477665544332211
144	0.0470787922101126
144	0.0480415882405665
144	0.0490165329987903
144	0.0476339986544068
144	0.0477875313507703
144	0.0473569748346722
144	0.0473441625274086
144	0.047410518789937
144	0.0478256938793961
144	0.0478015783540023
144	0.0479162924375786
144	0.0474901247170565
144	0.0475747508305648
144	0.0476190476190476
144	0.0471587843912965
144	0.0473625639884264
144	0.047409188034188
144	0.0479816183096053
144	0.0476530430126718
144	0.0481738035264484
144	0.0474361264963373
144	0.0482118605703938
144	0.0474917579969705
144	0.0465954606141522
144	0.0473847517730496
144	0.0476916181084715
144	0.04785656511189
144	0.0465136883139895
145	0.0476042314872433
145	0.0478877053619787
145	0.0478003763103665
145	0.0476423487544484
145	0.0477504338925726
145	0.0474568774878372
145	0.0474754747547475
145	0.046930447125621
145	0.046933972736557
145	0.0469888675280547
145	0.0478324532990194
145	0.047277106284287
145	0.0474742131711188
145	0.0479047238146025
145	0.0469798657718121
145	0.0478620998432953
145	0.0482067793578392
145	0.0476358348389371
145	0.0475525735128563
145	0.0471731763866595
145	0.0476423270076885
145	0.0477452389507725
145	0.0479400416869928
145	0.0473552537526805
145	0.0473047304730473
145	0.0477060947879977
145	0.04793380997347
145	0.0468236339404709
145	0.048134942402633
145	0.0484549932825795
145	0.0477721225109385
145	0.0482316553857188
145	0.0475440097249111
145	0.0485660173160173
145	0.0469751204206991
145	0.0473137298253372
145	0.0479036534399856
145	0.0468923295328512
145	0.0481314723097704
145	0.0476318381233772
145	0.0471393859067815
145	0.0474576271186441
145	0.0474420251371924
145	0.0476105483914149
145	0.0477516912057302
145	0.0471555555555556
145	0.0471555555555556
145	0.0479906709723717
145	0.0477754284943092
145	0.0468618877258072
145	0.0485040797824116
145	0.0474331358822474
145	0.0481379745125411
145	0.048148815422034
145	0.047913031807811
145	0.0476851437270529
145	0.0479203122896756
145	0.0482555808047053
145	0.0476827690797984
145	0.0482062780269058
145	0.0472960913796181
145	0.0477670247713753
145	0.0478848283499446
145	0.0471255204181061
145	0.0480563480741797
145	0.0473077432748796
145	0.0471798040427222
145	0.0470977709114986
145	0.0477409503278541
145	0.0464135021097046
145	0.0475239616613419
145	0.0475870412689878
145	0.0469840148370573
145	0.0477763886408287
145	0.0471108332589086
145	0.0471912111373037
145	0.0469554411503639
145	0.0474051674300707
145	0.0475574392148115
145	0.0478806556791281
145	0.047092765201953
145	0.0473889112632568
145	0.0475128262324336
145	0.047430474304743
145	0.0476489028213166
145	0.0479971609812359
145	0.0477885556643232
145	0.0479762813889762
145	0.0471506704304869
145	0.0469423102544744
145	0.0477628080926418
145	0.0480699855699856
145	0.0480224729121149
145	0.0470479298029014
145	0.0473544973544974
145	0.0471520687802257
145	0.0470572698859885
145	0.0471171452815864
145	0.047778671672477
145	0.047583314941514
146	0.0474518278408068
146	0.0475749966961808
146	0.0471968475729894
146	0.0475019009706132
146	0.0478391598976798
146	0.0472936763129689
146	0.0480028498909026
146	0.0470729966089595
146	0.0472032621221523
146	0.0477167320727792
146	0.0470019084816475
146	0.047195530726257
146	0.0476274709238049
146	0.0480286738351254
146	0.0475153346964175
146	0.0480751933801043
146	0.0480492628550881
146	0.0479400416869928
146	0.0473226504215777
146	0.0473409708910979
146	0.0476400140894681
146	0.0479708162334701
146	0.0474711623779947
146	0.0478023453585176
146	0.0471757228538179
146	0.0477124765896727
146	0.0478575901243403
146	0.0476782937125083
146	0.0474564243580077
146	0.0472877149441588
146	0.04782085024758
146	0.0471790315415371
146	0.0470577848408599
146	0.0475181063416358
146	0.0471685660227923
146	0.04734385418982
146	0.0478123188082601
146	0.0482690494364869
146	0.0476126788819045
146	0.0476
146	0.0468047205522155
146	0.0471761093061551
146	0.0459548344661258
146	0.0474155202350741
146	0.0477323753929053
146	0.0474109389484836
146	0.0475190924925193
146	0.04851667339886
146	0.0472038083374116
146	0.046519870630455
146	0.0475957475201281
146	0.0467698069463641
146	0.0481307567274697
146	0.047756424481825
146	0.0470910456332553
146	0.0466034054629301
146	0.047250364995797
146	0.0476296958855098
146	0.047060386045688
146	0.047422954303932
146	0.0482154038822793
146	0.0478882156100208
146	0.0472576446189825
146	0.0474082025135292
146	0.0472705786100632
146	0.0468224464506992
146	0.0478166806481522
146	0.0478048342975021
146	0.0468212482687754
146	0.0477760941260362
146	0.0475299567909484
146	0.0482541112863258
146	0.0472774262543445
146	0.0482715385993194
146	0.047398638123637
146	0.0479161016182985
146	0.0475106050457691
146	0.0471113863576042
146	0.0474649884772204
146	0.0477503112217677
146	0.0482089954214921
146	0.0473789872853
146	0.0469679481488058
146	0.0476295772156377
146	0.047917221778133
146	0.0467327084536449
146	0.047540398178734
146	0.0476190476190476
146	0.0476064182469169
146	0.0477865859089694
146	0.0480807721389494
146	0.047373610613123
146	0.0475294539264436
146	0.0477957614235894
146	0.0476339845850511
146	0.0475578406169666
146	0.0475854776172013
146	0.0480977280923188
146	0.0475935351370658
146	0.047976078903914
147	0.0475171614513685
147	0.0477136299435028
147	0.0472291076487252
147	0.0474101643847756
147	0.0479588150289017
147	0.0472573839662447
147	0.0474428439275803
147	0.0481444784723473
147	0.0481766775012245
147	0.0478969880591695
147	0.0482239158532781
147	0.0469322139858891
147	0.0476042590949423
147	0.047130786833304
147	0.0480282887963833
147	0.0474473672497441
147	0.0471123277993642
147	0.0471009626147302
147	0.0468569396283453
147	0.0480944566010212
147	0.0477685579726396
147	0.0473786751682607
147	0.0475957692649542
147	0.047693059194458
147	0.0469540307058771
147	0.0485883424408015
147	0.04761694030181
147	0.0473230933143923
147	0.0472549455434541
147	0.0473773265651438
147	0.0473520522142888
147	0.0479473519272955
147	0.0476673875623428
147	0.0473367545567156
147	0.0477931341952742
147	0.0469226350903548
147	0.0477332267661294
147	0.0479868602121898
147	0.046832077979619
147	0.0474341437585492
147	0.0479188996070025
147	0.0477444112266298
147	0.0478379222633763
147	0.0472933966872419
147	0.0473660911907924
147	0.0479039262607463
147	0.0471864526371494
147	0.047778521991516
147	0.0476380218709877
147	0.0469867211440245
147	0.0467032967032967
147	0.0470954175063524
147	0.0480726232000716
147	0.0470453241537579
147	0.047736884729596
147	0.0484015804597701
147	0.0474609725462049
147	0.0474967329097382
147	0.0477442938659058
147	0.0469274236270528
147	0.0472205092062373
147	0.0476296759217927
147	0.0479227566657809
147	0.047060397894549
147	0.0467240238252813
147	0.0477802021641359
147	0.0467157166917826
147	0.0475348220207827
147	0.0478782740618446
147	0.0475342709631476
147	0.047591616076572
147	0.0480453860473362
147	0.0485799368860838
147	0.0472951809924381
147	0.0471440712081227
147	0.0480918399007136
147	0.0479079311267731
147	0.0475957692649542
147	0.0482462034672759
147	0.0478690274935493
147	0.046783367873363
147	0.0477609285364878
147	0.0472388849682428
147	0.0473848904783192
147	0.0481088850956787
147	0.0476488747707038
147	0.0481302558597245
147	0.0476794778825236
147	0.0473548730694124
147	0.0480252764612954
147	0.0474559686888454
147	0.0468274615282861
147	0.0481159420289855
147	0.0475893969044654
147	0.0476933363048808
147	0.0479291011032736
147	0.0475131239434113
147	0.0474660956459672
147	0.0472011700571732
147	0.0480589022757697
148	0.0471548301720335
148	0.0469005073902493
148	0.0477821773368332
148	0.0479281522319047
148	0.0478305738771481
148	0.0476147936394497
148	0.0467330923199012
148	0.0476781833503349
148	0.0473505191550304
148	0.0471236774250911
148	0.04808640315497
148	0.0477818730849505
148	0.0477538026176158
148	0.0474290780141844
148	0.0476315674159765
148	0.0476421973748177
148	0.0475574392148115
148	0.0479208810968757
148	0.0476422404250609
148	0.0478492239467849
148	0.046816976127321
148	0.0472426881000223
148	0.0480081716036772
148	0.0477085571070534
148	0.0482126163023639
148	0.0477702732924811
148	0.0476190476190476
148	0.0474892780557541
148	0.0476904751400715
148	0.0475872507122507
148	0.0472381794078657
148	0.048068669527897
148	0.0478411513859275
148	0.0476865803935472
148	0.047735238010736
148	0.0471727172717272
148	0.0479829393993247
148	0.0474201146615706
148	0.0475267585781615
148	0.0485489313835771
148	0.0479226105563481
148	0.0475108080402906
148	0.0476254002134472
148	0.0470072216561074
148	0.0476083840917234
148	0.0471213463241807
148	0.0470551711903495
148	0.0483632618333259
148	0.0467486818980668
148	0.0474220383469016
148	0.047756424481825
148	0.0479684739774426
148	0.0473009086050241
148	0.0471801623875357
148	0.0477803530041006
148	0.0474504883950175
148	0.0480649188514357
148	0.0474756421612046
148	0.047780959198282
148	0.0483827972276524
148	0.0478475276556044
148	0.0478961504028648
148	0.0469564449156286
148	0.0480855251386652
148	0.0471176392514268
148	0.0476890195030724
148	0.0475123263110713
148	0.047877347917694
148	0.0472797642608963
148	0.0475539885412076
148	0.0470785673276509
148	0.0476823539838695
148	0.0468124422543887
148	0.0481266442892135
148	0.04805931484211
148	0.0471429840931307
148	0.0471869328493648
148	0.0477765363128492
148	0.047040704070407
148	0.0474280110546492
148	0.0477037300493487
148	0.0481976691661397
148	0.0471148284913467
148	0.0472369963039755
148	0.0478627873563218
148	0.0472378256446548
148	0.0476925791935057
148	0.0471215825739053
148	0.0474480405799704
148	0.0472057390842264
148	0.0471320586927523
148	0.0472493345164153
148	0.0471022550371392
148	0.0468423625616639
148	0.0477333333333333
148	0.0473006327693758
148	0.046851541111013
148	0.0476232943904397
148	0.0478943389513941
148	0.047474837445444
149	0.0474634641706036
149	0.0475682404196675
149	0.0472901168969182
149	0.0471342052137277
149	0.0467900852737154
149	0.0473707467962881
149	0.0471006443012664
149	0.0480488571556873
149	0.047994622451266
149	0.0470691934773028
149	0.0468088819089997
149	0.0476360871315472
149	0.0470123412945041
149	0.0481259504427945
149	0.0467961931494233
149	0.0471967335469992
149	0.0479860987346284
149	0.0461058368495077
149	0.0466877533746158
149	0.0476527587274899
149	0.0469454513305632
149	0.0472514308531878
149	0.0476275181215814
149	0.047998567206949
149	0.0470878709051629
149	0.0478889583147371
149	0.0465556730091614
149	0.0470216646647983
149	0.0473518850987433
149	0.0473159812140631
149	0.0475667120939025
149	0.0473393842320698
149	0.047112595587589
149	0.0482073318114677
149	0.0472513490984074
149	0.0473826514782146
149	0.0475661751643276
149	0.04731554021157
149	0.0472021819461552
149	0.047472859939491
149	0.0478003009648579
149	0.047790202342918
149	0.0472635717125315
149	0.0474844295242723
149	0.0471702248914997
149	0.0472558959664977
149	0.0469054796949814
149	0.0470888527043084
149	0.0473547578551607
149	0.0481127417979444
149	0.0472949235903741
149	0.0476741083340745
149	0.0474353859112471
149	0.0478351799937703
149	0.0477573836876623
149	0.0474470240979779
149	0.0471977725884678
149	0.0474773494403979
149	0.0473291262998845
149	0.048152742092673
149	0.0471527502095188
149	0.0473893805309735
149	0.0480688217817392
149	0.0474255347653285
149	0.0479559396408902
149	0.047062970960208
149	0.0474725274725275
149	0.047375672192347
149	0.0479719534925002
149	0.0474673744746737
149	0.0471293541046736
149	0.0478744803540298
149	0.0469171867392555
149	0.047339925723746
149	0.0483491090076879
149	0.0478125
149	0.0478972483610578
149	0.048032588746139
149	0.0479750778816199
149	0.0478328517448322
149	0.0475008862105636
149	0.047276736493936
149	0.0480938933992234
149	0.0475538678912045
149	0.0478737512156308
149	0.047343503419253
149	0.0475014334230142
149	0.0477853911953066
149	0.0469751204206991
149	0.0483364720652856
149	0.0471609886439546
149	0.0468847490863713
149	0.0473041934768138
149	0.0469667318982387
149	0.0480046269519954
149	0.0469378827646544
149	0.0474470240979779
149	0.0474633197808025
149	0.0470437811383978
149	0.0473325310870437
150	0.0466314340276236
150	0.047117903930131
150	0.0471368560689808
150	0.0476148448876925
150	0.0481346145170749
150	0.0470894567280109
150	0.0467401407515602
150	0.0471404117104859
150	0.0471853201226285
150	0.0476528214903143
150	0.0477380326144135
150	0.0469354193519712
150	0.0479418454265709
150	0.0480683638953178
150	0.0476572600419063
150	0.047421938270494
150	0.0479503992149516
150	0.0478758971158561
150	0.0479551771297481
150	0.0474346994170783
150	0.0479518711846412
150	0.0477071494647813
150	0.0480433419897913
150	0.0474549310710498
150	0.0477240649258998
150	0.0478434540640007
150	0.0466101694915254
150	0.0476486246672582
150	0.046721203902183
150	0.047903924282334
150	0.0472930648769575
150	0.0473041934768138
150	0.0477448907681466
150	0.0480007045974987
150	0.0472402669141367
150	0.0474248736814112
150	0.0474470457079153
150	0.0462300978113075
150	0.0478981228518551
150	0.047911931185096
150	0.0476381283112951
150	0.0478289913159653
150	0.0477285796434733
150	0.0480535010407901
150	0.0478919543293794
150	0.0470437811383978
150	0.0468825732540207
150	0.0472691865096928
150	0.0475077194530216
150	0.0473693487265356
150	0.0476614699331849
150	0.047705447625791
150	0.0469078486334968
150	0.0474236002676779
150	0.046821137147096
150	0.0482364915696774
150	0.0477809671009053
150	0.0476715956742441
150	0.0473391089108911
150	0.0473038566763745
150	0.0470006995452956
150	0.0469589941801057
150	0.0480214621059692
150	0.0482712469328575
150	0.0477243575567252
150	0.0476587894228235
150	0.0473409432793558
150	0.0472798504140326
150	0.047633776678008
150	0.0479842145387686
150	0.0479597244303127
150	0.047644397125366
150	0.0473642313815673
150	0.0474320508295094
150	0.0474405319766145
150	0.0472095472095472
150	0.0475917431192661
150	0.0479503992149516
150	0.0478481689387864
150	0.0466956865848833
150	0.0478645393538065
150	0.0473198770217885
150	0.0470126894606979
150	0.0480155917788802
150	0.0469135802469136
150	0.0478477410174315
150	0.0480384667235878
150	0.0478014879493919
150	0.0480854458429356
150	0.0476969321899036
150	0.0468695348023785
150	0.047791359604607
150	0.0471664906722985
150	0.0480193150317446
150	0.0479092526690391
150	0.0477499445799158
150	0.0472430524922806
150	0.0470688725049452
150	0.0482088160873618
150	0.0479801339186732
151	0.0474234998012982
151	0.0475045634655625
151	0.0478053986747899
151	0.0471906068649062
151	0.0475182932204884
151	0.0477034149798467
151	0.0477170993733214
151	0.0471028860982595
151	0.0470759203804827
151	0.0469274717606524
151	0.0472048043804645
151	0.0472628058440415
151	0.0479156471059305
151	0.048302055406613
151	0.0477008456659619
151	0.0477500665660779
151	0.0474004766528379
151	0.047139970125648
151	0.0478647048268437
151	0.0478052248089568
151	0.0483059820010588
151	0.0470749139680579
151	0.0470303563572371
151	0.0468729484878988
151	0.0473691174524765
151	0.0478464667904838
151	0.0472939811716415
151	0.04783609168953
151	0.047843485993775
151	0.0480972515856237
151	0.0479868602121898
151	0.0469994689325544
151	0.0479853316041322
151	0.0470526037536347
151	0.0475454023242455
151	0.0480605571978859
151	0.0471108000524911
151	0.0477995273554198
151	0.0478747005058124
151	0.047296405473184
151	0.0471070374124179
151	0.0469147722285614
151	0.0470267657012262
151	0.0468002127282397
151	0.0473296664300923
151	0.0471858756049471
151	0.0482147627103553
151	0.0472084313213135
151	0.0472845414233657
151	0.0476127379532706
151	0.0477474689420399
151	0.0470686472708095
151	0.0473752170622022
151	0.0476084041126509
151	0.0468653010552452
151	0.0472416541220225
151	0.0486889692585895
151	0.0476549005713273
151	0.0481292972586838
151	0.0470248259556023
151	0.0469580496376016
151	0.0476841038297122
151	0.047635897209076
151	0.0466902030008826
151	0.0474583698510079
151	0.0469377842539851
151	0.0479558699230393
151	0.0469342397699046
151	0.0473020944266951
151	0.0477571284214226
151	0.0478386167146974
151	0.0476860812950906
151	0.0480777807510481
151	0.0470094901787685
151	0.0474721737964329
151	0.0476781833503349
151	0.0475274970938031
151	0.0468507601613404
151	0.0479214780600462
151	0.0473017988007995
151	0.0472788963793026
151	0.0478413587657285
151	0.0470795679964734
151	0.0477647684938797
151	0.0481261795632246
151	0.0472416541220225
151	0.047554168681053
151	0.0471338708248427
151	0.0475038486914449
151	0.0474846788060491
151	0.0473714361256775
151	0.0476485148514851
151	0.0477658623771224
151	0.0482203352545207
151	0.0471432344396514
151	0.0475291845870271
151	0.0471752033413937
151	0.0481927710843374
151	0.0475600035426446
151	0.0485761397566737
152	0.0476566267701346
152	0.0474637521484289
152	0.0471706415559271
152	0.0475852587697902
152	0.0471956829440906
152	0.0476274787535411
152	0.0471868528880469
152	0.0480632551528074
152	0.0470079816554218
152	0.0472211168589999
152	0.0469940541730896
152	0.0471909126792685
152	0.0472313416502517
152	0.0476836850862597
152	0.047468908740585
152	0.0473989965672036
152	0.0475364638918534
152	0.0469660460021906
152	0.0470098711876411
152	0.0474460638816285
152	0.0472123680637674
152	0.0480888888888889
152	0.0472562318329957
152	0.0475258098967604
152	0.0475479650524652
152	0.0472730456097347
152	0.0471577649597112
152	0.0473212701791733
152	0.0472861659023109
152	0.0481471583823267
152	0.0470119521912351
152	0.047735940034191
152	0.0475250131648236
152	0.0475382003395586
152	0.0473530194200585
152	0.0478542760111145
152	0.0474885037141847
152	0.0480692053866048
152	0.0478901836158192
152	0.04715904101168
152	0.0471919049091954
152	0.0479036613981494
152	0.0471558192287559
152	0.0473463320800909
152	0.0472898595394302
152	0.0474132168798182
152	0.0478195355433434
152	0.0474761736674903
152	0.0472761012680599
152	0.0478723404255319
152	0.0475751995089012
152	0.0477707006369427
152	0.047248251286789
152	0.0471731293414227
152	0.0479244610725102
152	0.0480939716312057
152	0.0476966440588391
152	0.047060386045688
152	0.0476001060726598
152	0.0470074152542373
152	0.0477670753064799
152	0.0464525176388098
152	0.0468101829614427
152	0.0480777728678745
152	0.0476589735669211
152	0.0467430239242913
152	0.0470124753775443
152	0.0471398305084746
152	0.0473479834083488
152	0.0468053491827637
152	0.0473635604028321
152	0.0472952356043764
152	0.0474086510846993
152	0.0471429197912555
152	0.047424581741536
152	0.0476042176447035
152	0.0476316485842816
152	0.0479322063821336
152	0.0475372279495991
152	0.047351560100057
152	0.0471718811707403
152	0.047287406290201
152	0.0475081304386042
152	0.0475563744845135
152	0.0474987815144667
152	0.0477853417027672
152	0.0472007807647946
152	0.0467892727033314
152	0.0470391700004396
152	0.0481499578021587
152	0.0476630171921031
152	0.0474290780141844
152	0.0466174716097389
152	0.0480936843516739
152	0.0469552133120906
152	0.0471739900779589
152	0.0470887407927043
152	0.0473858371939113
152	0.0478068232166593
152	0.0468448729184925
153	0.0475791885105071
153	0.0470945856645667
153	0.0473950474838023
153	0.0479573712255773
153	0.0474158786012756
153	0.0473512741553979
153	0.0474292546831407
153	0.0474723920982005
153	0.0471498944405348
153	0.0475641139408998
153	0.0471047894991
153	0.0478255039556608
153	0.0473453870297511
153	0.0472244146277295
153	0.0473476545374836
153	0.0470754176400582
153	0.0470245710000441
153	0.0476044091168592
153	0.0473795659078878
153	0.0468933687464623
153	0.0473753280839895
153	0.0471938775510204
153	0.0473877136421852
153	0.0470504996904572
153	0.0473017403884091
153	0.046771778384568
153	0.046583445696142
153	0.0475355200841958
153	0.0470762915411153
153	0.0474489570930899
153	0.048059807760769
153	0.0473169442241607
153	0.0475939816642541
153	0.0475707162084639
153	0.0471204188481675
153	0.0469045628547543
153	0.0475269289953836
153	0.047553319381985
153	0.0479039262607463
153	0.0480479148181012
153	0.0472406566538596
153	0.0475815621446689
153	0.0476001411681666
153	0.0475601131541726
153	0.04729878236406
153	0.0477346992846419
153	0.0475494753619339
153	0.0469312494512249
153	0.0476357575225897
153	0.0474166264954643
153	0.0475556147595577
153	0.0473222124670764
153	0.0477048100153745
153	0.0476914137576543
153	0.0477596158082566
153	0.0476676126285917
153	0.0470624022249261
153	0.0469164163279731
153	0.0476653696498054
153	0.0478500262191924
153	0.0474623854015879
153	0.0471876511719952
153	0.047571071882255
153	0.0474002738878827
153	0.0470516345860067
153	0.0469664715274082
153	0.0477489768076398
153	0.046875
153	0.0476946834326053
153	0.0473967051361114
153	0.0468148407420371
153	0.0478547125624144
153	0.0474944567627494
153	0.0477541790449164
153	0.0474107767669699
153	0.0475119110640551
153	0.0474582218518356
153	0.0472405984993118
153	0.0474254143646409
153	0.0479789103690685
153	0.0470317453424241
153	0.0476778002996387
153	0.047240986051408
153	0.0468208346131906
153	0.0484608892639808
153	0.0472465442908574
153	0.0479594087800574
153	0.0480167014613779
153	0.0475460794185894
153	0.0469623059866962
153	0.0478496280318704
153	0.0468859342197341
153	0.0470742932281394
153	0.0478380051286586
153	0.0477954144620811
153	0.0480853296030775
153	0.0469452525786829
153	0.0474219541191493
153	0.0478824622737532
153	0.0478904351667771
154	0.0474998902497915
154	0.0473492335397725
154	0.0476780185758514
154	0.0474318774014044
154	0.0460813405480887
154	0.0476232471999294
154	0.0480593962566132
154	0.0471598877980365
154	0.0473674942771615
154	0.0472520697551524
154	0.0479303794672439
154	0.047238212418157
154	0.0472916757892893
154	0.0481018311746315
154	0.0474834640150686
154	0.0480142793395805
154	0.0470245710000441
154	0.0474634641706036
154	0.0481366459627329
154	0.0470890038697335
154	0.0472650026553372
154	0.0472593113141251
154	0.0470598583806131
154	0.0483007760235483
154	0.0470747349592077
154	0.0472082329756952
154	0.047156116658602
154	0.0478157686560605
154	0.0469957835558679
154	0.0473942014915494
154	0.0468770516916882
154	0.0468619614387984
154	0.0470899470899471
154	0.0472286424490864
154	0.04730027305558
154	0.0474417382162257
154	0.0464550919377652
154	0.0479237456422929
154	0.0478247454489355
154	0.0477176594994713
154	0.047604341304156
154	0.0470431893687708
154	0.0475742928750448
154	0.0481240885589288
154	0.0475016508914814
154	0.0476464852406702
154	0.0476505042497908
154	0.0473447658943143
154	0.0476548340038018
154	0.0463669033219388
154	0.0473852627887608
154	0.0474181498571742
154	0.0469042335639386
154	0.0468178815238934
154	0.0477193906668423
154	0.0473820952045445
154	0.0480528760271526
154	0.0477826220989122
154	0.0474929299277281
154	0.0476925791935057
154	0.0478207164284454
154	0.0468391312025428
154	0.0474270184974139
154	0.0467104393425285
154	0.0475064582512369
154	0.046523946148753
154	0.0477330142268315
154	0.0477094183069997
154	0.0478471021240743
154	0.0474513601549432
154	0.0475102184327341
154	0.0473612394911748
154	0.0473173715484096
154	0.0483047115808014
154	0.0485014357501795
154	0.0471681571102928
154	0.0480893278170737
154	0.047325642370215
154	0.0473489844368241
154	0.047746184310061
154	0.0473236440978376
154	0.04702070837529
154	0.0481468345451321
154	0.0476549005713273
154	0.0472350738048028
154	0.0480769230769231
154	0.0475553176302641
154	0.0470040414689861
154	0.0468935236004391
154	0.0474937508222602
154	0.0474939811775005
154	0.047443816533053
154	0.0471277432893241
154	0.0477755862371247
154	0.0474776132635872
154	0.0474787884116587
154	0.0471389404793491
154	0.0478869495880216
154	0.0476106584452764
154	0.0479561848784398
155	0.0474103585657371
155	0.0472847682119205
155	0.0476315329487852
155	0.0468583599574015
155	0.0474408659628491
155	0.0477728137302605
155	0.047326285992304
155	0.0477236772719283
155	0.0473737507154493
155	0.0472869237180331
155	0.0467024573349046
155	0.047521489333274
155	0.0471929824561403
155	0.0465803424002781
155	0.0477911646586345
155	0.0469675845242245
155	0.0470301341229751
155	0.0467884707626564
155	0.047274313126908
155	0.0468906175307462
155	0.0473484020460805
155	0.0469919844974896
155	0.0474000707463742
155	0.0470055404098144
155	0.0465959212192672
155	0.0475813892183999
155	0.0477365892361264
155	0.0474623854015879
155	0.0470608817354794
155	0.0469500110107906
155	0.0475752801120448
155	0.047222100990704
155	0.0478217999282897
155	0.0471927689900921
155	0.0476042176447035
155	0.0478983813346271
155	0.0483325922632281
155	0.0469734079776067
155	0.0475787787074951
155	0.047358754591569
155	0.0471769023301057
155	0.0470100546833657
155	0.0473180581160565
155	0.0470294863942602
155	0.0467769537934969
155	0.0482034863038065
155	0.0467931505040278
155	0.047675962815405
155	0.0475773241040918
155	0.0481366459627329
155	0.0472313416502517
155	0.0474124709697209
155	0.0473611789249412
155	0.0474513601549432
155	0.0471467330872215
155	0.0469828154529073
155	0.0475812497243904
155	0.0469883731095375
155	0.0481395556348711
155	0.0476105801289175
155	0.047660960260529
155	0.0471805665175831
155	0.0475269289953836
155	0.0478349782164133
155	0.0475813892183999
155	0.047158191096252
155	0.0466309974335552
155	0.0465277476931075
155	0.0470970005262235
155	0.0475649705175803
155	0.0472550989212561
155	0.046781844292615
155	0.0472272070731387
155	0.0477051276398748
155	0.046601430514722
155	0.0481425658303041
155	0.0469992137677994
155	0.0472451424008517
155	0.0476127262268242
155	0.0472434081499237
155	0.0477451239961168
155	0.047105561861521
155	0.0480224729121149
155	0.0474026825112499
155	0.0481208289427468
155	0.0458112314234361
155	0.0475106187327582
155	0.0468299081766506
155	0.0472316284797045
155	0.0470459518599562
155	0.0473871264973016
155	0.0480722411579833
155	0.0475518306131451
155	0.0471727308899598
155	0.0473797875622548
155	0.0470354860039674
155	0.0469452814533386
155	0.0477329082536309
155	0.0475101178954777
155	0.047852545860514
156	0.0475388773204555
156	0.0472080554465804
156	0.0472975934774032
156	0.0472863107009448
156	0.047407213572332
156	0.0467519901482166
156	0.0476736493936053
156	0.0474458950319811
156	0.0471183630731643
156	0.0474313551815766
156	0.0469810489202292
156	0.0477887788778878
156	0.0470841195313528
156	0.0479746043101136
156	0.0473563421308147
156	0.0476400529333922
156	0.047861906630051
156	0.0469334742218113
156	0.0472272070731387
156	0.0473169442241607
156	0.0472292742712072
156	0.0467677783119892
156	0.047384481255449
156	0.0471019291043129
156	0.0472599736957475
156	0.0478515625
156	0.0481406236198216
156	0.0474954923259598
156	0.0477430172527909
156	0.0476752316028666
156	0.0476607291347543
156	0.0473929482106744
156	0.0475604395604396
156	0.048057350207983
156	0.0475161034148063
156	0.0475501796827066
156	0.0473525230987918
156	0.0473302570863546
156	0.0477037937320948
156	0.0479367323495626
156	0.0472430524922806
156	0.0474234998012982
156	0.0470835338905177
156	0.0473802296423387
156	0.0472633556108854
156	0.0468852315885974
156	0.0480811451655397
156	0.0473842663292465
156	0.0479449030947861
156	0.047187091146969
156	0.0467277486910995
156	0.0472730456097347
156	0.0475667120939025
156	0.0473863338860284
156	0.0477178423236514
156	0.0469119579500657
156	0.0478854625550661
156	0.0475772086280367
156	0.0477850335333569
156	0.0474350433044637
156	0.0472399384209369
156	0.0475857548612628
156	0.046775956284153
156	0.0476692125362128
156	0.0477923444556496
156	0.0475061468212153
156	0.0469860489602527
156	0.0474096226581054
156	0.047451049567825
156	0.047722910486826
156	0.046989010989011
156	0.0469557599649584
156	0.0472622729450712
156	0.0469943907071242
156	0.0473484848484848
156	0.0468892063904403
156	0.047004648333985
156	0.0472091695577708
156	0.0477236772719283
156	0.047089715536105
156	0.0473106044028185
156	0.0469240635089116
156	0.0475180126420015
156	0.0472322768605986
156	0.0468299081766506
156	0.0471785793317106
156	0.0476398984149225
156	0.0476630578294164
156	0.047635850388144
156	0.0471275474349965
156	0.0463630833405753
156	0.0478557290521223
156	0.0467576941651666
156	0.0473720909962521
156	0.0471664906722985
156	0.0471027216856892
156	0.047635850388144
156	0.0477052074139453
156	0.0473914949583516
156	0.0485119713582457
157	0.04653082504236
157	0.0479768786127168
157	0.047302126139003
157	0.0471899351356058
157	0.0478167752087067
157	0.0474385781495034
157	0.0474344857960802
157	0.0469027699510165
157	0.0471657103112502
157	0.0478753665047481
157	0.0470948012232416
157	0.0463300364393545
157	0.047234469812721
157	0.0468531468531469
157	0.0472949389179756
157	0.0472297910990009
157	0.047562789883609
157	0.048030316383185
157	0.0463935422272372
157	0.0474956063268893
157	0.0471263368402748
157	0.0474266643246092
157	0.0478310703579616
157	0.0472738456131101
157	0.0473654341467674
157	0.0475939585528627
157	0.0469681037504381
157	0.0468419462073134
157	0.0474018855514142
157	0.0476672090057605
157	0.047818865285427
157	0.047344262295082
157	0.0479382579933848
157	0.0474622409553916
157	0.0471144583588756
157	0.0473458304134548
157	0.0472866864421567
157	0.0476758045292014
157	0.0477300721449938
157	0.047384481255449
157	0.0470825478935601
157	0.0477116098250574
157	0.0471879646636928
157	0.0471809183273013
157	0.0466797300239495
157	0.0474444589934966
157	0.0473114525139665
157	0.0477936304607094
157	0.0474577762139338
157	0.0480739734431833
157	0.0471895424836601
157	0.04714229747965
157	0.0476609990309224
157	0.0474463716195552
157	0.0479787939032472
157	0.0479165749989
157	0.0471111894583756
157	0.0476855895196507
157	0.0474051460968164
157	0.0477643162206921
157	0.0467713787085515
157	0.0475748330901534
157	0.0468756832393196
157	0.0472001055733955
157	0.0475206611570248
157	0.0475246652572234
157	0.0473354643779831
157	0.0466079525636554
157	0.0479165749989
157	0.0477419919481883
157	0.0474682152127051
157	0.0470014069644741
157	0.0481172471637311
157	0.0472681288972223
157	0.047562478000704
157	0.0472919765508793
157	0.0478327832783278
157	0.0472608195415523
157	0.0478161324410004
157	0.0475125032903396
157	0.0474290974444396
157	0.0471880492091388
157	0.0476190476190476
157	0.0475412730643595
157	0.0476609215617306
157	0.0472347704048068
157	0.0474344455091907
157	0.0474833391792354
157	0.0470752942205889
157	0.0476421330982812
157	0.0478475217888899
157	0.0476462573073711
157	0.0468057366362451
157	0.0474894662921348
157	0.0472663139329806
157	0.0469687021230028
157	0.04711859990446
157	0.0476064299593711
157	0.0472117985862641
157	0.0472523626181309
158	0.0468953538862353
158	0.0474351660889025
158	0.0469161834475488
158	0.0476021943018935
158	0.0465857492141111
158	0.0469692300920016
158	0.0466898954703833
158	0.0475399081565712
158	0.0479911699779249
158	0.0472427116262733
158	0.0468839588938385
158	0.0473674942771615
158	0.0474446188731903
158	0.0474897047226847
158	0.0472358749075725
158	0.0475857853837423
158	0.0470593319216974
158	0.0476065688329839
158	0.0465916611515553
158	0.0469238790406674
158	0.0480930891071587
158	0.0472229557257284
158	0.0473380598000793
158	0.0477743499338916
158	0.0468675066486463
158	0.0472287275565964
158	0.047492114265405
158	0.0466072053165442
158	0.046765563144386
158	0.0474332558853185
158	0.0468715841021381
158	0.0475706713780919
158	0.0470639408438452
158	0.0474963984808137
158	0.0470011915795048
158	0.0467805747576192
158	0.0464803402482423
158	0.0468129662754679
158	0.0472434081499237
158	0.0470644682892786
158	0.0470500700280112
158	0.0471343700856194
158	0.0476460578559274
158	0.0469550864390583
158	0.0471941564973975
158	0.047244094488189
158	0.0477676217261382
158	0.0477090845132354
158	0.0471135286892437
158	0.0475690341779353
158	0.048043804645412
158	0.0474096226581054
158	0.0473594697134883
158	0.0468318351238763
158	0.0472258628221931
158	0.0468186753528773
158	0.0474636082928981
158	0.0475750780459922
158	0.0469909315746084
158	0.047002252642523
158	0.0472878390201225
158	0.0475857853837423
158	0.0471486895825102
158	0.047248543858124
158	0.046837487450347
158	0.0465591444594183
158	0.0470608741121617
158	0.04680795735275
158	0.0473235743937077
158	0.0469886911545542
158	0.0471859010801592
158	0.0469562153114263
158	0.0471792637769549
158	0.0470932262569832
158	0.0478057807543179
158	0.047304104069029
158	0.0475503062117235
158	0.0472649795634403
158	0.0470742358078603
158	0.0477562965590635
158	0.0468620343276412
158	0.0480769230769231
158	0.0469775018711751
158	0.0475223933283325
158	0.0469361147327249
158	0.0470769909552173
158	0.0480636699124094
158	0.0471534867624156
158	0.0476004682013266
158	0.0475044836183894
158	0.047660960260529
158	0.0466963428471677
158	0.0473153042946393
158	0.047823986649686
158	0.0470511140235911
158	0.0474742131711188
158	0.047531512605042
158	0.0476295382446246
158	0.0468956406869221
158	0.047401011686726
159	0.0480489738395138
159	0.0475128944837835
159	0.0468439685692082
159	0.0472810131019675
159	0.0472167216721672
159	0.0476000708466171
159	0.0470459518599562
159	0.0471627947674673
159	0.047465131724596
159	0.0478160519095937
159	0.0472255017709563
159	0.0473815461346633
159	0.0466438148132078
159	0.0474982505248426
159	0.0480488336603445
159	0.0468621421456105
159	0.0468647728760309
159	0.0471760504386932
159	0.047050713085441
159	0.0468614530951968
159	0.0472145999390217
159	0.047679901291147
159	0.0470797535364054
159	0.0470209899613228
159	0.0472365736117744
159	0.04701769718156
159	0.0476295188670947
159	0.047722720543412
159	0.0473548556201127
159	0.047315188609628
159	0.0479118176628167
159	0.0470105970084166
159	0.0471644899553087
159	0.0470078057241977
159	0.0470921367893705
159	0.0474803252315318
159	0.047627378088782
159	0.0480764993610364
159	0.0470055710306407
159	0.0471215631420204
159	0.0475712477632785
159	0.0473991997537704
159	0.0464151602480133
159	0.0472136559093081
159	0.0477588397669018
159	0.0476754905834321
159	0.0477214856440425
159	0.0478000611700966
159	0.0470629401215938
159	0.0473282442748092
159	0.0473697984820728
159	0.0476525099916553
159	0.0474085098931886
159	0.0469266933658367
159	0.047516293817157
159	0.0469450855724426
159	0.0475485500304798
159	0.0473850473850474
159	0.0476839836361237
159	0.0470048476454294
159	0.0470096630974145
159	0.047448287925832
159	0.0476232355657183
159	0.047735940034191
159	0.04729878236406
159	0.0472860763919238
159	0.0471270381027117
159	0.0472826806763498
159	0.0472724083494124
159	0.0472922440719722
159	0.0479162120881519
159	0.047099216480324
159	0.04720692368214
159	0.0469769274550151
159	0.0471027216856892
159	0.0476376925084834
159	0.046946916231973
159	0.0468864468864469
159	0.0467122750446643
159	0.0468538491768918
159	0.0475544667074985
159	0.0475813196003345
159	0.0474118991124
159	0.0471311475409836
159	0.0477594858702351
159	0.0470588235294118
159	0.0476148911098503
159	0.0469096121270034
159	0.0470240197809961
159	0.0477279725509172
159	0.0481187162488475
159	0.0475878914769258
159	0.0473069745236752
159	0.0472719240114866
159	0.0477432474249591
159	0.047036025720074
159	0.0474306582036345
159	0.0477131936206669
159	0.0473120153350179
159	0.0467793076488729
160	0.0477454754635161
160	0.0472931740911865
160	0.047465034965035
160	0.0463248382755177
160	0.0474998902497915
160	0.047907876230661
160	0.0473321107326871
160	0.0474881061498843
160	0.0469674077271746
160	0.0476859576710284
160	0.046665800077993
160	0.0475961748395267
160	0.047771118596614
160	0.0470867501078981
160	0.0472058313085734
160	0.0473393377713962
160	0.0474035673490906
160	0.0469100638701882
160	0.0465675557498907
160	0.0464372189553788
160	0.0467034159468727
160	0.047201647894114
160	0.046565317768001
160	0.0474107767669699
160	0.0471964852755666
160	0.0472026450883146
160	0.0473668082125815
160	0.0471288332898966
160	0.0485111329696861
160	0.0471837729607382
160	0.0470172992287246
160	0.0470388581871981
160	0.0464634251662492
160	0.0471558836300478
160	0.0471245654947859
160	0.0473642662924305
160	0.046952914699263
160	0.0471698113207547
160	0.0476544072682799
160	0.0469426641261043
160	0.0473668082125815
160	0.0471008183876023
160	0.0470268850162011
160	0.0471290927322666
160	0.0472972972972973
160	0.0474760411606236
160	0.0472048603522881
160	0.0477152012642114
160	0.0473336541406011
160	0.0476065573770492
160	0.0475567760777647
160	0.0475136683155428
160	0.0475188497282132
160	0.0474206001052816
160	0.0470150885633064
160	0.046814942776938
160	0.0472852353376584
160	0.0475458100804148
160	0.046984572230014
160	0.0470737357401984
160	0.0474215099777302
160	0.0474012839679887
160	0.046953264515005
160	0.0472990548859794
160	0.0472444386171933
160	0.0479581520066816
160	0.0474380815096318
160	0.0474351184792987
160	0.0470900853807283
160	0.0470521293824134
160	0.0469589325940045
160	0.0478202846975089
160	0.0470777806811253
160	0.0469986446902461
160	0.047419256151392
160	0.047148552608771
160	0.0471532590578121
160	0.0480101906351577
160	0.0471865403745513
160	0.0473494821836054
160	0.04731032065884
160	0.0475981382278036
160	0.047700394218134
160	0.0470844212358573
160	0.0472327620044485
160	0.0474730664798108
160	0.0472361367431233
160	0.0476106351029061
160	0.0474394949140652
160	0.0470945359930616
160	0.047424939732632
160	0.0476064881972834
160	0.047351209941138
160	0.0473684210526316
160	0.0470146975445942
160	0.0471197354681518
160	0.0469203133792148
160	0.0466005912015302
160	0.0471028688346176
160	0.0482118506136454
161	0.0472540394582118
161	0.0472099279701467
161	0.0470885194533902
161	0.0468777178639763
161	0.0479717813051146
161	0.0472179794894174
161	0.0472492474150343
161	0.047025916699445
161	0.0464374645057009
161	0.0474561403508772
161	0.0469385079323456
161	0.0472444367176634
161	0.0467874083656749
161	0.0472087912087912
161	0.0466454509786826
161	0.0470971950424005
161	0.0468641114982578
161	0.0469924812030075
161	0.0466240041791825
161	0.0468138746413979
161	0.0472106760008751
161	0.0469259178796437
161	0.0469804540275221
161	0.0471685832067694
161	0.0471706377014716
161	0.0472389139874556
161	0.0472004503529208
161	0.0473730297723292
161	0.0472225893132461
161	0.0474758043421397
161	0.0475942557160831
161	0.0476670317634173
161	0.0477129337539432
161	0.0474945533769063
161	0.0479023444385687
161	0.0467464635473341
161	0.0465979561533758
161	0.0468715936341836
161	0.047575320302593
161	0.0474044544587919
161	0.0474237598708608
161	0.0471874863840356
161	0.0462709284627093
161	0.0473279776458261
161	0.0468083272272747
161	0.0475708947021323
161	0.0463633603677842
161	0.0470252013510003
161	0.0472730456097347
161	0.0471169831131333
161	0.0474897047226847
161	0.0472289156626506
161	0.04706548241031
161	0.0477589685115341
161	0.0473811089195705
161	0.0466692738886716
161	0.0477993992425232
161	0.0466056150307408
161	0.0467098682207628
161	0.0474968465921448
161	0.0476002456786874
161	0.0473991461183236
161	0.0470459518599562
161	0.0475749150447946
161	0.0476065344019621
161	0.0474012111706531
161	0.0476273324344309
161	0.0469740758314282
161	0.0476399176052943
161	0.0473078933612128
161	0.0469356597600872
161	0.0470737357401984
161	0.0470460939190651
161	0.0469819000606218
161	0.0472783143107989
161	0.0477237739168683
161	0.0472248845517121
161	0.0471451021477213
161	0.0474596896866444
161	0.0472760607647983
161	0.0470408386110504
161	0.0470341390916641
161	0.0474980282183858
161	0.0471838376771034
161	0.0475546442127307
161	0.0474698690336336
161	0.0473199877883902
161	0.0466087106214495
161	0.0476107429368678
161	0.0469102586356535
161	0.0479333717272848
161	0.0473186119873817
161	0.0474225908715855
161	0.0478534077426726
161	0.0473599442824185
161	0.0471847044378179
161	0.0478356890459364
161	0.0472351736459105
161	0.0469028472071289
161	0.0476896897770409
162	0.0466895278290688
162	0.0465976331360947
162	0.0472773693709557
162	0.047672754088405
162	0.047812595603339
162	0.0467514309433303
162	0.0477293588006469
162	0.0469237435008666
162	0.0465339200906279
162	0.0470746178164653
162	0.0479506742370476
162	0.0469598738391449
162	0.0473357249103159
162	0.0477100895107326
162	0.0482196820391539
162	0.0470522032724439
162	0.0472386245224036
162	0.0475814931650894
162	0.0474842082335003
162	0.0468061198029216
162	0.0479971921203878
162	0.0475243243243243
162	0.0471702248914997
162	0.0473718647764449
162	0.0468621421456105
162	0.0472314818823326
162	0.0470812237656324
162	0.0472770532252379
162	0.0469853574504737
162	0.0467225148976596
162	0.0471147611843527
162	0.0470805649667796
162	0.0474058467210956
162	0.0475961538461538
162	0.0469618055555556
162	0.0471262881041694
162	0.0478602620087336
162	0.0469781286398343
162	0.0475899139098894
162	0.047292846792254
162	0.0472786281303452
162	0.0471722813754582
162	0.0471755592305684
162	0.0478716350616629
162	0.046888542208355
162	0.04787607512726
162	0.046699634487207
162	0.0467004189944134
162	0.0468607231431928
162	0.0473324094924649
162	0.0469801571794538
162	0.0470842332613391
162	0.0472133163511792
162	0.0472781245907365
162	0.0471677701328487
162	0.0473491454482037
162	0.047175585869185
162	0.0472687704026115
162	0.0477299696743287
162	0.0473175021987687
162	0.0479853159688838
162	0.0473168415144843
162	0.0470971950424005
162	0.0475234562513637
162	0.0473011301653794
162	0.0472735172713448
162	0.047675962815405
162	0.0469266933658367
162	0.0467085734241313
162	0.0466136669707633
162	0.0469839345256138
162	0.0465670348711284
162	0.0473995477474343
162	0.047859820416703
162	0.046953264515005
162	0.0472362677730239
162	0.0477974815912161
162	0.0467424573677307
162	0.0468716125395655
162	0.0471498336142444
162	0.0473184746648093
162	0.0472444367176634
162	0.0471163074775325
162	0.0470796460176991
162	0.0469618055555556
162	0.0466822998089283
162	0.0469946773984162
162	0.0470835338905177
162	0.047325642370215
162	0.047288143000743
162	0.0473892439459154
162	0.0466890448581019
162	0.0472720888381688
162	0.0473029045643154
162	0.0470302399236409
162	0.0470379505820243
162	0.0471004985568092
162	0.047265625
162	0.0469795721971917
162	0.0474752778507045
163	0.0471513623918995
163	0.0476336546888694
163	0.0471779778393352
163	0.0469255663430421
163	0.0473743795175477
163	0.0470018329405604
163	0.047567000393477
163	0.0478739609174392
163	0.0472678072625698
163	0.047022622865563
163	0.0473842663292465
163	0.0469595040232159
163	0.0474576271186441
163	0.0470746178164653
163	0.0473002537848954
163	0.0469839609483961
163	0.0465136535865163
163	0.0474371772058504
163	0.0473582756505739
163	0.0471714458979468
163	0.0469354908869459
163	0.0470414329811747
163	0.0469218403788504
163	0.0468729542181294
163	0.0470446320868516
163	0.047307037085572
163	0.0472379295345803
163	0.0472022643152624
163	0.0472195796938511
163	0.0471067927474625
163	0.0471915987624733
163	0.0471208715199723
163	0.0468494095336609
163	0.0470789174038714
163	0.0474247609019918
163	0.0474225908715855
163	0.0474393998525649
163	0.0474182892906815
163	0.0471624095545288
163	0.0475538678912045
163	0.0472074759794674
163	0.0476211280527764
163	0.048064615792029
163	0.0475732400524705
163	0.0475733240223464
163	0.0472153384635451
163	0.0470302399236409
163	0.0475506830244497
163	0.0478942299273269
163	0.0468096234309623
163	0.0471531036925529
163	0.0473681937907509
163	0.047151788815561
163	0.047864442309372
163	0.0470578039691481
163	0.0467841295825615
163	0.0473164149218648
163	0.0472427268779852
163	0.0471505958829902
163	0.0470373429552667
163	0.0470430107526882
163	0.046999434266069
163	0.0470351230621004
163	0.0474591057797165
163	0.0467879526462396
163	0.0470906979744549
163	0.0470455237184225
163	0.0468695802983004
163	0.0468365894682365
163	0.0471262881041694
163	0.0476252439817827
163	0.0464823028089399
163	0.0473014212224257
163	0.0473436623365414
163	0.0470292742075178
163	0.0472284579519945
163	0.0472820423758249
163	0.0471426074799021
163	0.0465753424657534
163	0.0474126722718211
163	0.0477747264722549
163	0.0474468455907982
163	0.0471780154796069
163	0.0473287760700135
163	0.0473621891856335
163	0.0472108606735706
163	0.0469477496120021
163	0.0470709944394155
163	0.0472827755603316
163	0.0466942862074918
163	0.0475938423536677
163	0.0469359452197278
163	0.0474857892435505
163	0.0468431771894094
163	0.0469483568075117
163	0.047735940034191
163	0.047000564701794
163	0.047451898075923
163	0.0468042493904563
163	0.0478155872667398
164	0.0470751124956732
164	0.0472112333173934
164	0.0472612911679916
164	0.0469033428349313
164	0.0471587197909863
164	0.0475729862820964
164	0.0468544929565141
164	0.047275398643101
164	0.0468533287101248
164	0.0468155070958809
164	0.0467993079584775
164	0.0466692738886716
164	0.0462950989266779
164	0.0478336980306346
164	0.0471889719545396
164	0.0475652173913043
164	0.0474220519073332
164	0.0471936552204985
164	0.0465437589050559
164	0.0472027219087816
164	0.0476004173187272
164	0.0476960034942127
164	0.0470055710306407
164	0.0472048603522881
164	0.0464194979115532
164	0.0474344455091907
164	0.0470464780726684
164	0.047712332941535
164	0.0470048476454294
164	0.0469568984188867
164	0.0476983779044279
164	0.0469976154346412
164	0.0475511174512601
164	0.0469591659426586
164	0.046855413875081
164	0.0470024601838664
164	0.0472689529905289
164	0.0467569679604064
164	0.0469426111281087
164	0.0473730297723292
164	0.0473416510889884
164	0.047302580140735
164	0.0469638439168367
164	0.0473898716614638
164	0.0479614204296361
164	0.047114967462039
164	0.0477263688187724
164	0.0470527180729144
164	0.0468398268398268
164	0.0473752711496746
164	0.046863516493018
164	0.0477182023251779
164	0.0468329133721435
164	0.0477086707226332
164	0.047223663725999
164	0.0471457586102588
164	0.0468237660123289
164	0.0473107139773806
164	0.0465462181197778
164	0.0469556915332205
164	0.0471855029326797
164	0.047050653240158
164	0.0470227557321128
164	0.0474783892967291
164	0.0470886297121391
164	0.0471607314725698
164	0.0471522144623259
164	0.0472757460567134
164	0.0473766640563821
164	0.0476232010466638
164	0.0474301408082305
164	0.0474970694221335
164	0.0472620456837213
164	0.0477061821984054
164	0.0473318872017354
164	0.047021535255297
164	0.0473560619238128
164	0.0472857705262237
164	0.047310518763317
164	0.0469222135888803
164	0.0469915033813074
164	0.0471603974142045
164	0.0472928755289909
164	0.046836268754077
164	0.0475126992468033
164	0.04732778066979
164	0.0474515932968655
164	0.0471775765715028
164	0.0470330632800526
164	0.0475072803929239
164	0.0472621729336337
164	0.0475379779989523
164	0.0474079867900752
164	0.0467334287076776
164	0.0468386095057362
164	0.0477594858702351
164	0.0468137041234417
164	0.0464923023093072
164	0.0470480907076763
164	0.0468844264414376
165	0.0474263586128878
165	0.0471812138478805
165	0.0474738675958188
165	0.0473601809167609
165	0.0469292418463121
165	0.0474376731301939
165	0.0468675482332538
165	0.0473264479016865
165	0.0474643800614958
165	0.047501975590482
165	0.047420892934547
165	0.0472692706533011
165	0.0468155789657735
165	0.0468992248062016
165	0.0473842663292465
165	0.0475626863054533
165	0.046858774662513
165	0.0476835664335664
165	0.0472041612483745
165	0.0474901789611523
165	0.0468851185079653
165	0.047411561691113
165	0.0469406313601524
165	0.0471016061301355
165	0.0469026931223793
165	0.0469571261022545
165	0.0473168415144843
165	0.0467655276165914
165	0.0472888041263924
165	0.0469463160182569
165	0.0471603539205858
165	0.0467897516476802
165	0.0473285104157587
165	0.0470557762044552
165	0.0469307867681851
165	0.0469184027777778
165	0.0471169831131333
165	0.047333940734956
165	0.0469489685124864
165	0.0472526047295837
165	0.0472791763993425
165	0.046781844292615
165	0.0474536534537403
165	0.0467398823936354
165	0.0473429530493919
165	0.0470965783425127
165	0.0469027699510165
165	0.0467123525329632
165	0.0471088361601527
165	0.0464271819478667
165	0.0473902882368216
165	0.047043534762833
165	0.046937082478278
165	0.0475199445022546
165	0.0470867501078981
165	0.0473841360508893
165	0.0471595601338723
165	0.047197386519945
165	0.0478876935187615
165	0.0470613656006914
165	0.0466807210773136
165	0.0465826318314651
165	0.0467965367965368
165	0.0475184794086589
165	0.0471122647631408
165	0.0469329652316452
165	0.0469656306813263
165	0.0472406756111328
165	0.0474722029186935
165	0.0460118712360816
165	0.0472786772304513
165	0.0470140869414917
165	0.047608657706406
165	0.047437508122861
165	0.0469196776709124
165	0.0477639587192379
165	0.047760024380687
165	0.047333940734956
165	0.046872965583091
165	0.0469848156182213
165	0.0470293825775553
165	0.0473367660421444
165	0.0470351230621004
165	0.0471776123950037
165	0.0470020435671116
165	0.0468851185079653
165	0.0472619462853157
165	0.0471290210999654
165	0.0476605005440696
165	0.0472690902765698
165	0.0468012022327179
165	0.0474368450802209
165	0.0476047131676271
165	0.0471379011274935
165	0.0475489983991693
165	0.047119511032121
165	0.0474747911888172
165	0.0469720996014229
165	0.047469184369263
165	0.0478232334281339
166	0.0465581759637978
166	0.0471856803968083
166	0.0465664224821146
166	0.0470756062767475
166	0.0476107505336063
166	0.0470948804282138
166	0.0466276668960771
166	0.0478506638622322
166	0.0469746595414584
166	0.0471571471874594
166	0.0469465319167314
166	0.0472403302911777
166	0.047201354813496
166	0.0469839084416143
166	0.0468269439029673
166	0.0473536400950529
166	0.0469450855724426
166	0.046515619636114
166	0.046737060758179
166	0.0474195638091125
166	0.0469894663834583
166	0.0470807345807346
166	0.047398091934085
166	0.0468628635539829
166	0.0477163095910651
166	0.0481859162326579
166	0.0470265167767957
166	0.0474147271702856
166	0.0466812545587163
166	0.0473634080872803
166	0.0470501666450245
166	0.047204641350211
166	0.047100038925652
166	0.046777275886032
166	0.047330359849305
166	0.0477256761503337
166	0.0472853888148562
166	0.0469639468690702
166	0.047110768175583
166	0.0473968779977326
166	0.0467853908843948
166	0.046894693380851
166	0.0473565413664381
166	0.0472678656143529
166	0.0472958460414966
166	0.0477247019925172
166	0.0476643187416274
166	0.0472219821999482
166	0.0473620059202507
166	0.0473877658177999
166	0.0470001312852829
166	0.0472492474150343
166	0.0470333477695972
166	0.0473913043478261
166	0.047135574181284
166	0.0468480881846366
166	0.0470633994554648
166	0.0471329278887924
166	0.0473253728732012
166	0.0474227698715724
166	0.0469298435671881
166	0.0470424857874409
166	0.0470349414762666
166	0.0474006116207951
166	0.0474860335195531
166	0.0471936552204985
166	0.0471984065125141
166	0.0470303449468315
166	0.0479717659361248
166	0.0469621621621622
166	0.0474640982255195
166	0.0477021016830906
166	0.0472492190211732
166	0.046865516344403
166	0.0472661467534146
166	0.0467237687366167
166	0.0476458126161961
166	0.0471866174234195
166	0.0469039913700108
166	0.047300815830585
166	0.047209931698097
166	0.0471253941514405
166	0.047573282075925
166	0.0466916032503547
166	0.0473372781065089
166	0.0471628271567304
166	0.047432037352184
166	0.0466444550214184
166	0.047368189999561
166	0.04743528595586
166	0.0476522953395008
166	0.0467379445777875
166	0.0470603515455884
166	0.0469392169586848
166	0.0468189867403792
166	0.0468182604184679
166	0.0471637162424086
166	0.0474346142129771
166	0.0471907182896624
166	0.0473589934029446
167	0.0471926637252357
167	0.0467541496480403
167	0.0474052327087471
167	0.0472616190268383
167	0.0470149573565337
167	0.0474708512316998
167	0.0470334412081985
167	0.0476107732406603
167	0.0475776289466817
167	0.0466606459381585
167	0.0475671908350394
167	0.0473614152604234
167	0.0466276668960771
167	0.0471718526853334
167	0.0470154113305839
167	0.0472923090285317
167	0.0470995670995671
167	0.0471097640181858
167	0.0478200330693586
167	0.0474296337930736
167	0.0465745192307692
167	0.047301394784718
167	0.0472601256226987
167	0.0472637888654103
167	0.0472597988206729
167	0.0470953551559063
167	0.0473805687410182
167	0.0472478454809233
167	0.0471706338826402
167	0.0472952488197843
167	0.0472891044517582
167	0.0466176407345289
167	0.0472964169381107
167	0.0471877156659765
167	0.0463330457290768
167	0.0473324448647952
167	0.0470476519337017
167	0.0469711413467372
167	0.0474906497347134
167	0.0466025255562237
167	0.0473823008084389
167	0.0470750528085528
167	0.047554820744866
167	0.0471787781906161
167	0.0466453397890368
167	0.0467540331300549
167	0.047008547008547
167	0.0463065993323633
167	0.0471592378653332
167	0.0468904033260469
167	0.0471881899649335
167	0.046897266485296
167	0.047126786257221
167	0.0467901766479966
167	0.0472916757892893
167	0.0468642906100069
167	0.0469335861742016
167	0.0473894535661541
167	0.0471075449721755
167	0.0475983859070595
167	0.047023576918067
167	0.0464753316569843
167	0.0474643800614958
167	0.0473519436472737
167	0.0472761970853574
167	0.0472852353376584
167	0.0470896010464356
167	0.0475306510101882
167	0.0471158842889312
167	0.0471264861152839
167	0.0471592378653332
167	0.0469434682632652
167	0.046923608710681
167	0.0470481301939058
167	0.0471644899553087
167	0.0471510218219605
167	0.0471677701328487
167	0.0468586387434555
167	0.0470740660764414
167	0.04702329594478
167	0.0472802984297736
167	0.0473847747281201
167	0.0468143805500474
167	0.0475671908350394
167	0.0468903192804467
167	0.0475407708612709
167	0.0469989651604001
167	0.047246477046771
167	0.046605789110958
167	0.0470177555593863
167	0.0467949545826338
167	0.0470445799282224
167	0.0473688780826676
167	0.0470348534766777
167	0.046950796950797
167	0.0475444096133751
167	0.0471865403745513
167	0.0466683951257454
167	0.0469594005924377
167	0.0470405119114532
168	0.0469170063307606
168	0.0471718433636324
168	0.046896013188148
168	0.0465965213656861
168	0.0470258620689655
168	0.0475657526580862
168	0.0469118846302416
168	0.0472194443236662
168	0.0474003466204506
168	0.0468030139935414
168	0.0471837088388215
168	0.0470598393921078
168	0.0471457586102588
168	0.0469114470842333
168	0.0475060407317915
168	0.0470547679579437
168	0.0474333983105913
168	0.0473101539526034
168	0.0475568898751251
168	0.047146079111728
168	0.047159189329638
168	0.0470685383980182
168	0.0473513513513514
168	0.0464512780589075
168	0.0472169567465104
168	0.047068431911967
168	0.0477059436913451
168	0.0476459346768589
168	0.0472290827158889
168	0.0470415605714039
168	0.0472981784984567
168	0.0469189189189189
168	0.0464573059953283
168	0.0472283717497938
168	0.0474965108164689
168	0.0470007790184368
168	0.0471150122628114
168	0.0474431941608376
168	0.0465086262530654
168	0.0481236589744713
168	0.0472911915314773
168	0.0471397849462366
168	0.047302868550102
168	0.047703562616337
168	0.0472491909385113
168	0.0466729874159628
168	0.0473019716361121
168	0.0473331593143653
168	0.0470756062767475
168	0.0472719430666379
168	0.0473777662292668
168	0.046939477303989
168	0.0471064416121254
168	0.0467220923183511
168	0.0468985732143627
168	0.0469414950780209
168	0.0477495107632094
168	0.0469479508905412
168	0.0473324094924649
168	0.0468399240200311
168	0.0470134874759152
168	0.0470440033013336
168	0.0465066621113768
168	0.0474280732345248
168	0.047079600275672
168	0.0474640982255195
168	0.0470098312797836
168	0.0474906497347134
168	0.046907394609537
168	0.0471972558725196
168	0.0468304073337369
168	0.0465934443109662
168	0.0473122959738847
168	0.0468145473304101
168	0.0475236311364725
168	0.0468211578221916
168	0.0474515932968655
168	0.0472525582595236
168	0.0471829151836097
168	0.046950796950797
168	0.0470896291208791
168	0.0466509736785791
168	0.0470802445051372
168	0.0474435144628995
168	0.0472522270516848
168	0.0474012111706531
168	0.0474318545077541
168	0.0475609224464885
168	0.0467978161019152
168	0.0478385665825868
168	0.0471607733844278
168	0.0470870253841873
168	0.0465697900047432
168	0.0473437092426746
168	0.0468540250292296
168	0.0469475494411006
168	0.0472899552310166
168	0.0463461953007114
168	0.0474682171215343
168	0.0472218602024415
169	0.0472373071286958
169	0.0472608695652174
169	0.0476605384682408
169	0.0470893745942437
169	0.047380252464119
169	0.046864201796821
169	0.0468364831552999
169	0.0473684210526316
169	0.0469865015905769
169	0.0467732896495236
169	0.047193545588618
169	0.0471179247325798
169	0.0472106722106722
169	0.0475942557160831
169	0.0472894042313849
169	0.0472043798767082
169	0.0469723183391003
169	0.0473627556512379
169	0.0474462017111745
169	0.0474496877168633
169	0.0468884675056025
169	0.0470553038721258
169	0.0471967468420142
169	0.0467361915797605
169	0.0474306600731026
169	0.0471089313371193
169	0.0467544847907098
169	0.0467394106022854
169	0.0468123626018363
169	0.0471033178614406
169	0.0475263795191143
169	0.0470899700533831
169	0.0469187977058088
169	0.0465748694263392
169	0.0467022245349291
169	0.0467080317132023
169	0.0469390396479572
169	0.0470379505820243
169	0.0469590668445745
169	0.0472532188841202
169	0.0470704978859263
169	0.0473262610954752
169	0.0469971647048716
169	0.0474332292750607
169	0.0464874691598494
169	0.0473180657171306
169	0.0471546829627703
169	0.047160856057991
169	0.0470276959842957
169	0.047372060857538
169	0.0470760359740092
169	0.0469645396182515
169	0.0468648013576433
169	0.046722544594885
169	0.0470975282455305
169	0.047156428663543
169	0.0473126581735512
169	0.0463222303615288
169	0.0472356183258698
169	0.0470759732464414
169	0.047333940734956
169	0.0474195638091125
169	0.0464727085478888
169	0.0469252196271695
169	0.0472273927535605
169	0.0468028722858608
169	0.0468648858585423
169	0.0471409488516396
169	0.0472679965307892
169	0.0466220591409454
169	0.0468294772922022
169	0.0470562956596476
169	0.0470920138888889
169	0.047237269772481
169	0.046794208893485
169	0.0471644899553087
169	0.0474104276915069
169	0.0469861956614936
169	0.0470756062767475
169	0.0474435144628995
169	0.0470496827383779
169	0.0467148233055063
169	0.0471483216572828
169	0.0467967535831463
169	0.047208078018469
169	0.0472850873418811
169	0.0468776732249786
169	0.0470709500085896
169	0.0469121911109188
169	0.0467833735770955
169	0.0475262109002686
169	0.0473220047322005
169	0.0472681833850396
169	0.0472301443263331
169	0.0472123471776641
169	0.046745790308068
169	0.0473416191955809
169	0.0475678465442347
169	0.0473116416099822
169	0.0468030139935414
170	0.0474063150589868
170	0.0470847179664235
170	0.0469078580318441
170	0.0469519770380842
170	0.0471014492753623
170	0.0474683544303797
170	0.0472116052814454
170	0.0467381974248927
170	0.0468830499742401
170	0.0470983296022042
170	0.0466927744545337
170	0.0472229442855905
170	0.0473280457677805
170	0.0463930774503084
170	0.0473390557939914
170	0.0468154366728059
170	0.0466078205620229
170	0.0467471756914686
170	0.0472799895801676
170	0.0468628635539829
170	0.0464907018596281
170	0.0472213852180276
170	0.0470557873456923
170	0.0468176914778856
170	0.0473579692626489
170	0.04682818251862
170	0.0468009988805649
170	0.0468560540446908
170	0.0465166501101369
170	0.0467587215554695
170	0.0471613097026134
170	0.0469798657718121
170	0.0472807130861646
170	0.0467241379310345
170	0.0466937857019214
170	0.0469787087320059
170	0.0471368865526304
170	0.0473372781065089
170	0.0472675472675473
170	0.0473810041295371
170	0.047203627726193
170	0.0473670624677336
170	0.0472498600163673
170	0.0468729879383612
170	0.0469614444396792
170	0.0471803222488858
170	0.0468783385325413
170	0.0471170395869191
170	0.0471003573427477
170	0.0472437553832903
170	0.0470674676924407
170	0.0472117687307561
170	0.0475322307592134
170	0.047233235649026
170	0.047449176945889
170	0.0466430790472903
170	0.0473352484671783
170	0.0470871283725726
170	0.0473436623365414
170	0.0471981464000687
170	0.046835059139552
170	0.0472739820565908
170	0.0471999309690223
170	0.0468729768224783
170	0.0473525613430908
170	0.0480059732958538
170	0.0471637439437465
170	0.0470194937698085
170	0.0472539847539848
170	0.0475387144216628
170	0.0468541979815332
170	0.0464946863215632
170	0.0464935737082722
170	0.0471763383205051
170	0.0470400551890657
170	0.0471070811744387
170	0.0473418703919286
170	0.0471012935665478
170	0.047080574426004
170	0.0475156358582349
170	0.0466531440162272
170	0.0472434156644683
170	0.0471738755815957
170	0.0477306257051115
170	0.0472254509449395
170	0.0472182657861798
170	0.0470782035720479
170	0.0468857240905971
170	0.0473686479031076
170	0.0472028728421235
170	0.0467357779300891
170	0.0474221475642848
170	0.0471633336194318
170	0.047384481255449
170	0.0469943468692012
170	0.0470090999266831
170	0.0479877515310586
170	0.0472542606300568
170	0.0471033178614406
170	0.0467558069769435
171	0.0470015509219369
171	0.0471448980475345
171	0.0470456695622259
171	0.0468870759982825
171	0.0473382966820158
171	0.0465566992549205
171	0.0467366067589647
171	0.0475345253041257
171	0.0471933293217571
171	0.0468850628998326
171	0.04642132965184
171	0.0468796783438128
171	0.0470014126107615
171	0.0472529371112647
171	0.0472203038674033
171	0.0470855867456434
171	0.0471515308099729
171	0.0468576314664386
171	0.0468696397941681
171	0.0469885215596922
171	0.0466874546153518
171	0.0473144132926882
171	0.0477931574823714
171	0.047283659007945
171	0.0471851471594798
171	0.0471762790299083
171	0.0470770822555613
171	0.0469181629834254
171	0.046845534030516
171	0.047808764940239
171	0.0471832505935679
171	0.0470613470613471
171	0.0476745692447208
171	0.0464885825075399
171	0.0471587707511595
171	0.0471795756425737
171	0.0472870566838436
171	0.047135293358013
171	0.0474212530287297
171	0.0472858446694772
171	0.0468388092991336
171	0.046916137942941
171	0.0476355748373102
171	0.047076949413678
171	0.0465388112039482
171	0.0466056150307408
171	0.0472481827622015
171	0.0471885813148789
171	0.0466967936302991
171	0.0466414705377083
171	0.0460276080174366
171	0.0468817019816419
171	0.0468884675056025
171	0.0470777806811253
171	0.0472600379114251
171	0.0474113490644219
171	0.0475676608969655
171	0.0469766840494764
171	0.0472859178650084
171	0.0468837369349219
171	0.046575925138239
171	0.0468756701119355
171	0.0466076188838249
171	0.0468441391155002
171	0.0470404443672973
171	0.0470816282575921
171	0.0469290934735222
171	0.0470825987874618
171	0.0467277655866787
171	0.0470997380962604
171	0.0473723168023686
171	0.0467715587653684
171	0.0469542056877739
171	0.0471256394693488
171	0.0473115502174007
171	0.0469815935126786
171	0.0472444348389885
171	0.0473555807266707
171	0.0472195796938511
171	0.0472788673853747
171	0.0468981118941965
171	0.0468482356971566
171	0.0467561330028208
171	0.046549367953536
171	0.0468662017585654
171	0.0470092815400481
171	0.0475449515905947
171	0.04633468689891
171	0.0468134315573068
171	0.0469144250096224
171	0.0473451517362751
171	0.0464086021505376
171	0.0474287699791522
171	0.0467954800310532
171	0.0472872942610816
171	0.0472993459522675
171	0.0469132620183013
171	0.046820284466733
171	0.0468374011687865
171	0.0472806067172264
172	0.0464402972179022
172	0.0471020687296974
172	0.0468575838120552
172	0.0469309407755683
172	0.0471140997456787
172	0.0471796204834936
172	0.046793389845021
172	0.0464937723937895
172	0.0470751124956732
172	0.0466050966307508
172	0.0468223142259593
172	0.0470253246473101
172	0.0467257844474761
172	0.0471006635728846
172	0.0471285757562643
172	0.04702342574683
172	0.0467273737762387
172	0.0470735173780094
172	0.0474839610701349
172	0.047372060857538
172	0.047005795235029
172	0.0467926468697776
172	0.0473138629618478
172	0.047371138456243
172	0.0465962089769372
172	0.0469666481140557
172	0.0468436980520864
172	0.0476790681502086
172	0.0472667842243344
172	0.0470578114246387
172	0.0469801553062985
172	0.0468474663686767
172	0.0473337069448636
172	0.0474217907227616
172	0.0469568984188867
172	0.0472711645896003
172	0.047008363714347
172	0.0470593300611384
172	0.0467908725749936
172	0.0466202482376854
172	0.0469245946641503
172	0.0469012446703131
172	0.0467783889812801
172	0.0469981677958158
172	0.0470186952204136
172	0.0468837369349219
172	0.0471429802637249
172	0.0470730235365118
172	0.0470048847373382
172	0.0469613259668508
172	0.0471917867310845
172	0.0467936862930627
172	0.0472451136902964
172	0.0468233171527987
172	0.0468194474191476
172	0.0471677701328487
172	0.0469723183391003
172	0.0470618601049643
172	0.0474840847649778
172	0.0463556224467856
172	0.0472258064516129
172	0.0468508666552257
172	0.0462569256539106
172	0.0465155976614177
172	0.0470054054054054
172	0.047414164013424
172	0.0470887824247917
172	0.0470452011321726
172	0.0472631442519549
172	0.0466936108005847
172	0.0470441119399767
172	0.0471621332191047
172	0.0468863840912013
172	0.0463069759494212
172	0.0470361652043655
172	0.0470096518441917
172	0.0473650247365025
172	0.0467956989247312
172	0.0468447541618273
172	0.0472923408845739
172	0.0466807210773136
172	0.0469453376205788
172	0.0466549672559175
172	0.0467036511417882
172	0.0470588235294118
172	0.0469167744717551
172	0.0462183077515071
172	0.0469711973134714
172	0.0469396551724138
172	0.0466584211199727
172	0.0472430697149798
172	0.0467803599810988
172	0.0470162748643761
172	0.0469094207593624
172	0.0473188843795873
172	0.0473634080872803
172	0.0473164448261056
172	0.047012055481139
172	0.0471888845872586
172	0.0472501936483346
173	0.0469144250096224
173	0.0471823441182773
173	0.0474074713139505
173	0.0473057239926031
173	0.0467110314819555
173	0.04706034038164
173	0.0473444090556942
173	0.0473702392261853
173	0.0475820379965458
173	0.0469960406266139
173	0.0472222222222222
173	0.0472287275565964
173	0.0469348246934825
173	0.0467831237392163
173	0.0467776355100299
173	0.0471551724137931
173	0.0468870099923136
173	0.0467160834338907
173	0.0471641791044776
173	0.0470960297448609
173	0.0467685982269048
173	0.0470315119728301
173	0.0471827367699949
173	0.0468223142259593
173	0.0479008293020041
173	0.0468923655638198
173	0.0469479545941315
173	0.0472086274849495
173	0.0467321804059563
173	0.0467253761969904
173	0.0470293825775553
173	0.047076949413678
173	0.047653895824365
173	0.0475429657137922
173	0.0469310993332194
173	0.0468023379837024
173	0.0472481383206368
173	0.0467189576100467
173	0.0471229086507285
173	0.0472935207876521
173	0.0467625899280576
173	0.0469437443936611
173	0.0466370421502222
173	0.0470068989158846
173	0.0466635156619258
173	0.0473579692626489
173	0.0469321851453175
173	0.0468070447401283
173	0.0471947051953108
173	0.0474480968858131
173	0.0473760932944606
173	0.0477141492640993
173	0.0473188843795873
173	0.0467257844474761
173	0.0466194462330972
173	0.0471410800840733
173	0.0467136958017894
173	0.0468897468897469
173	0.0476832716989341
173	0.0473115502174007
173	0.0465687330375221
173	0.0472376169033599
173	0.0476416929661493
173	0.0468763353559525
173	0.0470939283860924
173	0.0470613470613471
173	0.0471945915687034
173	0.0468823655453182
173	0.0470567882012024
173	0.0466912711355248
173	0.0465918895599655
173	0.0468563639461578
173	0.0468549422336329
173	0.0470669367699668
173	0.0474251808220365
173	0.046829940171308
173	0.0469677419354839
173	0.0471381918184943
173	0.0470401917561957
173	0.0473548387096774
173	0.0472108550506138
173	0.046220633299285
173	0.0466401130669408
173	0.0466334592923394
173	0.0469031097404266
173	0.0471936049245501
173	0.047111416781293
173	0.0467605875048174
173	0.047114556416882
173	0.0466663804576482
173	0.0467060192166832
173	0.0470157293686705
173	0.0473167174295397
173	0.0469318717081317
173	0.0461669869741619
173	0.0472760212224475
173	0.0464499572284003
173	0.0474568965517241
173	0.0469164314429903
173	0.0469677419354839
174	0.0468576314664386
174	0.047787610619469
174	0.0470169723984228
174	0.0473672899204814
174	0.0466123499142367
174	0.0465235392035512
174	0.0473145227498596
174	0.0468562617783108
174	0.0472444348389885
174	0.0468187274909964
174	0.0470446838648753
174	0.0469845115514407
174	0.0467061245496655
174	0.0467122117847993
174	0.0464591406549419
174	0.0468850353243417
174	0.0467165205432353
174	0.0469270877852808
174	0.0470914127423823
174	0.0471474703982777
174	0.0466050966307508
174	0.0474344061005558
174	0.0469230769230769
174	0.0471669615500798
174	0.047244094488189
174	0.0470825987874618
174	0.0472235304191463
174	0.0467848750267037
174	0.0471665810648862
174	0.0471698113207547
174	0.046934497069268
174	0.0470208647020865
174	0.0472801000819637
174	0.0469741128064461
174	0.0471852170176193
174	0.0469724143820992
174	0.0469309407755683
174	0.0474817046922084
174	0.0472952618668503
174	0.0468830721542965
174	0.0470704128833305
174	0.0465016882506304
174	0.0473681956400702
174	0.0472667842243344
174	0.0467125807417547
174	0.0465385109389048
174	0.0474814559254787
174	0.0475778546712803
174	0.0468743323505533
174	0.0474015340860122
174	0.0469379014989293
174	0.0468528768181233
174	0.0470127747429997
174	0.0468221699122619
174	0.0475923369002416
174	0.0474994587573068
174	0.0467269687486603
174	0.0469310993332194
174	0.0466081746201584
174	0.0470723796517583
174	0.0470593282141478
174	0.0471884107663295
174	0.0469688458713218
174	0.0470754232939969
174	0.0466172500964052
174	0.0469628675681477
174	0.0472958367558688
174	0.0469545863116894
174	0.0471093917902429
174	0.0465096396357885
174	0.0467481411845141
174	0.0469356089992242
174	0.0469679211702913
174	0.0471928397070789
174	0.0472380300372256
174	0.0467065868263473
174	0.0475363577165183
174	0.0471377575158058
174	0.0467281699206179
174	0.047008547008547
174	0.0470654334860403
174	0.0469643924515413
174	0.0473919395033084
174	0.0469178082191781
174	0.047076949413678
174	0.0468997389704309
174	0.0471468262449241
174	0.0472062483906961
174	0.0469784326286568
174	0.046893718979976
174	0.0469018194301407
174	0.046831955922865
174	0.0469966031732382
174	0.0471240173546974
174	0.0469267495376145
174	0.0470507426805186
174	0.0464113402502028
174	0.047117707973766
174	0.0469933661459448
174	0.0467389906093221
175	0.0472802091817052
175	0.0473167174295397
175	0.0469772814786292
175	0.0468836890961201
175	0.0471556565353453
175	0.0469076785180759
175	0.0470096518441917
175	0.0468350110902576
175	0.0466536601917041
175	0.0467180967978279
175	0.0468616749104554
175	0.0470416236670107
175	0.0469321851453175
175	0.0463180362860192
175	0.0470014126107615
175	0.0465344842321169
175	0.0464570624120131
175	0.0469533896488144
175	0.0468630288584319
175	0.0468134315573068
175	0.047569579708263
175	0.0470371323214133
175	0.0469729497638471
175	0.046976126184047
175	0.0473586774013002
175	0.0470476927708253
175	0.0469801534570706
175	0.047040645521267
175	0.0467004639972504
175	0.0468116003929441
175	0.0469252196271695
175	0.0470698387028131
175	0.047229164871154
175	0.0467429352002049
175	0.0467554791577138
175	0.0467162012127423
175	0.047010380029167
175	0.046792130025663
175	0.0470760359740092
175	0.0467046096363557
175	0.0469853224357054
175	0.0471665810648862
175	0.0466595517609392
175	0.0469473503687189
175	0.0468012022327179
175	0.0467999313658202
175	0.0470397404703974
175	0.0472053410938971
175	0.0472234179939733
175	0.0470963020362478
175	0.0464839094159714
175	0.0469711413467372
175	0.0471376162443478
175	0.0467281735861951
175	0.0470350288320854
175	0.0469752421959096
175	0.0471475719000471
175	0.0468416103940508
175	0.0466606845276247
175	0.0468783476882204
175	0.0467866323907455
175	0.0471734393026535
175	0.0465475118940465
175	0.0470502298801186
175	0.0470899923083497
175	0.046961682363566
175	0.0474624670099078
175	0.0471123973273184
175	0.0471588212452
175	0.0467656596688855
175	0.0472451081359423
175	0.0469037531561604
175	0.0468327829480636
175	0.0469435569755059
175	0.0469076785180759
175	0.0467125807417547
175	0.0470749935572545
175	0.0463664542793181
175	0.0467818704172205
175	0.0472437553832903
175	0.0464532061653751
175	0.0470648859878902
175	0.0466912711355248
175	0.0468021390374332
175	0.047465912014407
175	0.0466479734896763
175	0.0471047104710471
175	0.046883027915739
175	0.047118614867775
175	0.0465552523874488
175	0.0467999313658202
175	0.046462919427228
175	0.0471613481994105
175	0.0468870099923136
175	0.0467321657411363
175	0.0473010812906561
175	0.0471323846485554
175	0.0468072315025551
175	0.0470155005566498
175	0.0469069529652352
176	0.0471483216572828
176	0.0466370015403046
176	0.0464898063635588
176	0.0468396085302791
176	0.0469409507567683
176	0.0467510186575166
176	0.0464454170738962
176	0.0471944789746667
176	0.0464888358615988
176	0.0467690723418862
176	0.04682617814493
176	0.047324306898775
176	0.0466994232001709
176	0.0466429885746074
176	0.0471567866079903
176	0.0470755448359032
176	0.0467134652201659
176	0.0465691500703655
176	0.0469441223210067
176	0.0472731960978125
176	0.047240371389271
176	0.047018987613047
176	0.0472410702854948
176	0.046606529209622
176	0.04706438579902
176	0.0472269624573379
176	0.0473813314971812
176	0.0468008719066547
176	0.0469565961818337
176	0.0467137657889103
176	0.0471023742660199
176	0.0470376558282997
176	0.0467381552527022
176	0.047088456284153
176	0.0466583680302185
176	0.0469421628292974
176	0.047237652327434
176	0.0469643924515413
176	0.046961207818314
176	0.046927374301676
176	0.0470070726237709
176	0.046731369447176
176	0.0467934618536249
176	0.0472034736253815
176	0.0472835717681636
176	0.0469315616881734
176	0.0471090249626627
176	0.0465831873156973
176	0.047401927047488
176	0.0469341730139143
176	0.0467616690843929
176	0.046834196669378
176	0.0466899548436568
176	0.0473659393887436
176	0.046773365285861
176	0.0470074492679168
176	0.0468816472390028
176	0.0475096449781092
176	0.0466672385691001
176	0.0472993329029481
176	0.0467437874892888
176	0.046939477303989
176	0.0469991837436096
176	0.0462669973488412
176	0.0465245915698298
176	0.0472312703583062
176	0.0470431836699687
176	0.0467017679037712
176	0.0471734558097609
176	0.0469784326286568
176	0.04696781913757
176	0.0470102027637866
176	0.0471577330146808
176	0.046950774644865
176	0.047448869752422
176	0.0466418708050105
176	0.0472106684962051
176	0.0465492298527785
176	0.0473344797936371
176	0.0471444998083557
176	0.0469542056877739
176	0.0467818831942789
176	0.047143840330351
176	0.0472522717438338
176	0.0464639562692176
176	0.0468344190403202
176	0.0472057125753624
176	0.0466345539025534
176	0.0474960168798174
176	0.0468021390374332
176	0.0472258064516129
176	0.0469804427251236
176	0.0469130527665029
176	0.0468276009399701
176	0.0464018373596461
176	0.0470853928754048
176	0.0471734558097609
176	0.047114807510932
176	0.0473835834372447
176	0.046452666408835
177	0.0463785445848992
177	0.0470553038721258
177	0.0466230377689379
177	0.0466228332337119
177	0.0465900841269163
177	0.0466870022030164
177	0.0471505238947099
177	0.0470305526948163
177	0.0469304812834225
177	0.0469218254987585
177	0.0465561224489796
177	0.047217826440272
177	0.0470588235294118
177	0.047326157526055
177	0.0470357249562508
177	0.0469801534570706
177	0.0469646373833376
177	0.04675047943746
177	0.0470185937166061
177	0.0474718859987982
177	0.0464212504270584
177	0.0467226031773074
177	0.0467959166166252
177	0.0467913866175778
177	0.0467948717948718
177	0.0467714528462192
177	0.0471928397070789
177	0.0474182444061962
177	0.0474885453689034
177	0.0472069910897875
177	0.0477568116067188
177	0.0467481411845141
177	0.0469770021760464
177	0.0474323625710839
177	0.046446798473217
177	0.0467936862930627
177	0.047129318770983
177	0.0469724143820992
177	0.0470446838648753
177	0.0469024651661308
177	0.0469483568075117
177	0.0470005127328662
177	0.0471387666139579
177	0.046965811965812
177	0.0467665952890792
177	0.0473670624677336
177	0.0467861266732241
177	0.0467105825990247
177	0.046928945910234
177	0.0467624365915001
177	0.046833127738313
177	0.0473273221450451
177	0.0473591473634449
177	0.0466427473090723
177	0.046997947314403
177	0.0469269456994289
177	0.0473146877144818
177	0.0471451246192785
177	0.0472033209226687
177	0.0468090548663512
177	0.0472713131400423
177	0.0464671371482017
177	0.0467285702003267
177	0.0466868110822658
177	0.0467217678043767
177	0.046689628779181
177	0.046781134165566
177	0.0471273724347714
177	0.0472978778245554
177	0.0467950903511763
177	0.0469091376429765
177	0.0468284376330353
177	0.0467823787794789
177	0.0467269869589227
177	0.046888248261828
177	0.0468250245213016
177	0.0468124946803983
177	0.0473523202206041
177	0.0470357249562508
177	0.0472787951394831
177	0.0472697636511817
177	0.0470502921980975
177	0.0469264661847115
177	0.0468863219811602
177	0.0463902211281355
177	0.0470653852754419
177	0.0464768895907132
177	0.0469144250096224
177	0.0470305526948163
177	0.0465931435410789
177	0.0467721248396751
177	0.0465662213496095
177	0.0467513580563754
177	0.0470985097570349
177	0.047060836827244
177	0.047152034261242
177	0.0472874215458688
177	0.0470542735593657
177	0.0467245932362211
177	0.0467743998635569
178	0.0469453376205788
178	0.046893718979976
178	0.0467722083103434
178	0.0470372110906994
178	0.046912215039129
178	0.0469967221489081
178	0.046949965729952
178	0.0465648854961832
178	0.0469357249626308
178	0.0469511673650902
178	0.0471060955800633
178	0.0470623630033954
178	0.0473492165700794
178	0.0466170558549311
178	0.0469726813393851
178	0.0468423966273474
178	0.0469701486181493
178	0.0471589208602334
178	0.0470231485436064
178	0.046979006656426
178	0.0471673708717772
178	0.0462366502797084
178	0.0468258689555537
178	0.0470869231425403
178	0.0465975702998896
178	0.0471905274488697
178	0.0469312532144694
178	0.0471617584293641
178	0.0464693446088795
178	0.0464779123315709
178	0.047247804669094
178	0.0467736428815295
178	0.0468541979815332
178	0.0466175656690366
178	0.0469093258668964
178	0.0470704128833305
178	0.0471580931168887
178	0.0471823441182773
178	0.0467863692583273
178	0.046950155365428
178	0.0470195272353546
178	0.0472215086908126
178	0.0473568755645404
178	0.0472535483041036
178	0.0467766116941529
178	0.0474697138929461
178	0.0470261018399658
178	0.047235319331333
178	0.0467341859067891
178	0.04661487236404
178	0.0468414267296949
178	0.0465185436934449
178	0.0465255250128052
178	0.0465871692952088
178	0.0468549970128873
178	0.0470553038721258
178	0.0471778306698402
178	0.046852997653083
178	0.0466564312521324
178	0.0469487561131193
178	0.0466700732413558
178	0.0470397404703974
178	0.0468783294268059
178	0.0467365028203062
178	0.0469016729259133
178	0.0468137672516613
178	0.0469417392790022
178	0.0465908606958818
178	0.0471641535298149
178	0.0471240173546974
178	0.0471452363667421
178	0.0470161977834612
178	0.0466805419870025
178	0.0467217678043767
178	0.0466797041067936
178	0.0470557984057598
178	0.0468589083419155
178	0.0467305644302449
178	0.047144269199364
178	0.0469561515538527
178	0.0469996161555849
178	0.0466970872958335
178	0.0469853224357054
178	0.0466469807848676
178	0.0465374434292545
178	0.046645122884599
178	0.0472488038277512
178	0.0466471063485989
178	0.0473752151462995
178	0.0468470768445239
178	0.0469314079422383
178	0.0468503096305787
178	0.0470218102971812
178	0.0469890316247706
178	0.0467651944290643
178	0.0468311356869417
178	0.0467748825288338
178	0.046875
178	0.0467724055598192
178	0.0471432231616705
179	0.0466743461751781
179	0.047192071731949
179	0.0468350110902576
179	0.046988157109994
179	0.0468716770873208
179	0.0470658580336551
179	0.0471293916023993
179	0.047380252464119
179	0.0470891514500537
179	0.0466367713004484
179	0.0466409200865764
179	0.0469595602335194
179	0.0466717674062739
179	0.0467696509345396
179	0.0462856412223501
179	0.0470932948320523
179	0.0470358084545377
179	0.0467519268230711
179	0.0472366556447803
179	0.0470147346904012
179	0.0471050049067713
179	0.0467670129319483
179	0.0471195258197945
179	0.0471629225548731
179	0.0470760359740092
179	0.047179050457739
179	0.0465937619675759
179	0.0462224108658744
179	0.0468803418803419
179	0.0464190419719622
179	0.0472145144076841
179	0.046768417462483
179	0.0466715060421026
179	0.0469471523858389
179	0.0466740482071374
179	0.0469310993332194
179	0.0469266638406104
179	0.0472414087149314
179	0.0469260469260469
179	0.0468271520925485
179	0.0470784784098698
179	0.0473152350775028
179	0.0470038249043774
179	0.0472121341593677
179	0.047143530621866
179	0.0472735079433233
179	0.0467556016060096
179	0.0469601498637602
179	0.0469169472024545
179	0.0468709980363698
179	0.0471718341266778
179	0.0471532909067612
179	0.0469586062240486
179	0.0469467450542849
179	0.0468183176134181
179	0.0470313825275657
179	0.0471823441182773
179	0.0469557786797693
179	0.0466255595911817
179	0.0465214992147375
179	0.0472677361242172
179	0.0473016555579445
179	0.0467341384589216
179	0.0469523646918217
179	0.0470703708445355
179	0.0469343345991381
179	0.0470663265306122
179	0.0472952747487706
179	0.0471050049067713
179	0.0467189576100467
179	0.0476891119958456
179	0.0468113975576662
179	0.0469263256687001
179	0.0464371155160629
179	0.0472143531633617
179	0.0470482469283788
179	0.0466979122283767
179	0.0465895120607063
179	0.046896903275137
179	0.0465925194314424
179	0.0467729624289712
179	0.0469707283866576
179	0.0467990793623732
179	0.0473621103117506
179	0.0471222098691525
179	0.0471794871794872
179	0.0471423682409309
179	0.0471843003412969
179	0.0468863529512331
179	0.0468557336621455
179	0.0467547923662175
179	0.046486809527875
179	0.0467627428474259
179	0.0465856972991337
179	0.046807059425356
179	0.0470838654746701
179	0.0465205200101963
179	0.0469062300659154
179	0.0469707283866576
179	0.0469641488546368
180	0.0467377000466953
180	0.0470014126107615
180	0.0470138150903294
180	0.0470518165574747
180	0.046892413201886
180	0.0467604433077579
180	0.0469429026289747
180	0.0469892838918183
180	0.0465705954443646
180	0.0469254289111602
180	0.0469591993841416
180	0.0473213138623614
180	0.0467408855273222
180	0.0465720737994802
180	0.0469355594360918
180	0.0468696250429997
180	0.0470240896837962
180	0.0468576788607487
180	0.0470709059009799
180	0.0467042349726776
180	0.0467042349726776
180	0.0468117732248584
180	0.0468836653726377
180	0.0465037338764426
180	0.0466288327968829
180	0.046930179126069
180	0.0467357161049325
180	0.0472505266778451
180	0.0468962585034014
180	0.046572184751985
180	0.047190340060588
180	0.0468923181856936
180	0.0467036456789601
180	0.0470239628961608
180	0.0474795346833261
180	0.0467604433077579
180	0.0469337205329689
180	0.0466706556115907
180	0.0467361258770997
180	0.0469867211440245
180	0.0469614444396792
180	0.0466279513373744
180	0.0469841540296473
180	0.0470326663246109
180	0.0471195184866724
180	0.0468018056383613
180	0.0466945819058495
180	0.0468405895307471
180	0.046883641778345
180	0.0468155995045064
180	0.0465293992782849
180	0.0470452506088963
180	0.0470411017860986
180	0.0468883205456095
180	0.0472296750564286
180	0.0466572925987473
180	0.0468363077448553
180	0.0467861085166002
180	0.0470337174562527
180	0.0468963748290014
180	0.0468962585034014
180	0.0463641008174387
180	0.0466508192546057
180	0.0468226005009127
180	0.0469878494349562
180	0.0465037049655055
180	0.0467783889812801
180	0.0474796607980715
180	0.0468230277185501
180	0.0468195992994148
180	0.0467749459310462
180	0.0469844524175636
180	0.0471039182282794
180	0.0470583179337316
180	0.0471324562523949
180	0.0468377088305489
180	0.0459168475254266
180	0.0468410976388003
180	0.0466294547015887
180	0.0468052544318327
180	0.0467960422947896
180	0.0472397104801062
180	0.0463113006396588
180	0.0469525384909021
180	0.0467429352002049
180	0.0470568176974554
180	0.0469035188250775
180	0.0468023379837024
180	0.0470338082075271
180	0.0466780238500852
180	0.0470266341755376
180	0.0467078627743448
180	0.0468962585034014
180	0.0467996071565823
180	0.0468597185015095
180	0.0467560093597107
180	0.0470252787471274
180	0.0469487561131193
180	0.0467345207803223
180	0.0464282666211488
181	0.0466417910447761
181	0.0467674793985218
181	0.0469050365244137
181	0.0468045272742745
181	0.0471019121843192
181	0.0464987427012743
181	0.0464363311038214
181	0.0468836653726377
181	0.0462041996089433
181	0.0469050365244137
181	0.0470111016225448
181	0.0466957712720425
181	0.0466644062049674
181	0.0467560093597107
181	0.047012358262199
181	0.0468803273099216
181	0.0466598674145844
181	0.0463567732632115
181	0.0468283104243149
181	0.047080338536129
181	0.0469844524175636
181	0.0469656545123449
181	0.0464167304259118
181	0.0470271655561251
181	0.0462393416196496
181	0.0467676552165564
181	0.0468057921635434
181	0.0464750403945914
181	0.0465096577431379
181	0.0467409399410936
181	0.0469622609578609
181	0.0471898648074143
181	0.0466864910790144
181	0.0467333276840946
181	0.0470663265306122
181	0.0467405198125266
181	0.0466825248492057
181	0.0469252196271695
181	0.0467217678043767
181	0.0468144869557816
181	0.047196759752718
181	0.0470422655350365
181	0.0472044387537345
181	0.0467460655040408
181	0.0468976700520611
181	0.0470904666353584
181	0.0469730371375276
181	0.046992160872529
181	0.0470522992918693
181	0.0464402880149972
181	0.0467119219346627
181	0.0469947216073557
181	0.0468012752391073
181	0.046733732331593
181	0.0470187393526405
181	0.046584508533435
181	0.0473828258638385
181	0.0468855788761002
181	0.0464092140921409
181	0.0466018589579603
181	0.0466376063312032
181	0.0474193272275957
181	0.0471050049067713
181	0.046897485820706
181	0.0463756986219549
181	0.0465809418376905
181	0.0466601802106688
181	0.0468537414965986
181	0.0469103160049469
181	0.0470917653048237
181	0.0468736779761401
181	0.0467901287370087
181	0.0464692675901216
181	0.0468159225115765
181	0.0471690044474855
181	0.0464820929641859
181	0.0471456608925676
181	0.0471179653218592
181	0.0464419791622727
181	0.0468211779715075
181	0.0465303017496408
181	0.0470363288718929
181	0.0467664236688409
181	0.0470236825261361
181	0.046779632079901
181	0.0468963165075034
181	0.0470392207126378
181	0.0469867648948473
181	0.0469287991498406
181	0.0470783363102832
181	0.046833940832415
181	0.047084914914488
181	0.0469029564624691
181	0.0471919709587871
181	0.0472558377364922
181	0.0467796610169492
181	0.046700723712218
181	0.0469473594765688
181	0.0465145969869776
181	0.0469909665380211
182	0.0469274217522402
182	0.0469417392790022
182	0.0472223421245737
182	0.0470299127192611
182	0.0471653978650108
182	0.0470823409322899
182	0.0471734229444043
182	0.0472057125753624
182	0.0466455026455026
182	0.0463446752474406
182	0.0468856655290102
182	0.046328449225036
182	0.0469850211240558
182	0.0469355594360918
182	0.0465509944985188
182	0.0465747613997879
182	0.0471444998083557
182	0.0468770012380993
182	0.0464613951124476
182	0.0469667318982387
182	0.0468948572396848
182	0.0466564963132469
182	0.0467794017675051
182	0.0465650804460713
182	0.046599872095502
182	0.0469459654484486
182	0.047237344078186
182	0.046997499682163
182	0.0470227446971633
182	0.0465843760568143
182	0.046301787681098
182	0.0466790918332769
182	0.0468996714035762
182	0.0468072442819488
182	0.046930029278228
182	0.0467035304125904
182	0.0470250342935528
182	0.046712288009521
182	0.046888974064137
182	0.0467372881355932
182	0.0461987561873334
182	0.0471923536439665
182	0.0469519443029377
182	0.0467261777644898
182	0.0462213512822697
182	0.0466051473078226
182	0.0468723440421554
182	0.0468995373710793
182	0.0469784416907146
182	0.0466675206011699
182	0.046937388497154
182	0.0466675151669424
182	0.046748831279218
182	0.0466226294481142
182	0.0467761789549641
182	0.046673455532926
182	0.0472222222222222
182	0.0470369273719386
182	0.0466514266361866
182	0.0472839612117051
182	0.0467923562531991
182	0.0466433804736752
182	0.0464842105263158
182	0.0469533440979009
182	0.0471774365082741
182	0.0468516222801693
182	0.0466723549488055
182	0.0465522381702798
182	0.0466229091679018
182	0.0466756779589423
182	0.0469201973796154
182	0.0465285195471053
182	0.0470206035735659
182	0.0472165300546448
182	0.046694425560843
182	0.0468191869365538
182	0.0470291743197642
182	0.0467273737762387
182	0.0468067048589009
182	0.0468783203706065
182	0.0471529491871649
182	0.0467547923662175
182	0.046913475418188
182	0.0467642690430724
182	0.046997499682163
182	0.0467915571755531
182	0.0468436980520864
182	0.0467313477100369
182	0.0467766626977377
182	0.0466894832467148
182	0.047080338536129
182	0.0470302306741142
182	0.0466393477250644
182	0.0467075038284839
182	0.0467158262648651
182	0.0468390069106732
182	0.0467657898081078
182	0.0467875911171385
182	0.0469818614332441
182	0.0468570455802868
183	0.0470180542483101
183	0.0472662238119571
183	0.0470482852755502
183	0.0466051473078226
183	0.0465530399389468
183	0.0467253925698966
183	0.0469240560033941
183	0.0469970546804969
183	0.0470717950892668
183	0.0470036255065046
183	0.0468187783092749
183	0.046892177589852
183	0.0469002466196105
183	0.0469533440979009
183	0.0470658325886208
183	0.0469369484588822
183	0.046742089145968
183	0.0465224569275706
183	0.0466871322588897
183	0.0465895120607063
183	0.0470132743362832
183	0.046954152654208
183	0.046927708271062
183	0.0469924812030075
183	0.0466836734693878
183	0.0468736707783922
183	0.046849210715646
183	0.0468293921062651
183	0.0464240372407956
183	0.0468238793286594
183	0.0468649689706826
183	0.0472044387537345
183	0.0466083708294422
183	0.0466457467560003
183	0.047026455026455
183	0.0471630153820077
183	0.0469160940018665
183	0.0467384850284163
183	0.0470311832550192
183	0.0466399831472509
183	0.0467277820218997
183	0.046875
183	0.046528457707207
183	0.0465695587924847
183	0.0473337327741162
183	0.046413323751955
183	0.0469841540296473
183	0.0468869772591772
183	0.0466646851513736
183	0.0467472752043597
183	0.046937388497154
183	0.0469619124453314
183	0.0472551267354477
183	0.0476806345921711
183	0.0468146513305887
183	0.0469453649417962
183	0.0471521145975443
183	0.0470618271562912
183	0.0468041848447626
183	0.0466406845717191
183	0.0468252958391653
183	0.0466417910447761
183	0.0472387135352155
183	0.0471224246552018
183	0.0469068660774983
183	0.0464102889537589
183	0.0469969460468273
183	0.0470972947721578
183	0.0470723796517583
183	0.0471357594802327
183	0.047116407746329
183	0.0467234294912526
183	0.046913475418188
183	0.0472053410938971
183	0.0466972321276957
183	0.0464133219470538
183	0.0465922543548114
183	0.047179881303104
183	0.0465884545339037
183	0.0467878581463664
183	0.0472199770281193
183	0.0469904066559131
183	0.0467309662000683
183	0.046503762577154
183	0.0469455567862316
183	0.0467635066258919
183	0.0466030082812236
183	0.0467615204926736
183	0.0467615204926736
183	0.0465768560622158
183	0.0467333475207491
183	0.0467722083103434
183	0.0464175898235121
183	0.0469827039370745
183	0.0470001704448611
183	0.0468477660162394
183	0.0468816112380469
183	0.0466714752429038
183	0.0472141514271065
183	0.0465667598001863
184	0.0467964691472737
184	0.0464582979446237
184	0.0467155139553598
184	0.0466185714888411
184	0.0468856364874064
184	0.0467321512097632
184	0.0470903522205207
184	0.0466646976920805
184	0.0468009478672986
184	0.0468358196268435
184	0.047004921092822
184	0.0467752167477268
184	0.0470488322717622
184	0.0467508181393174
184	0.0465412544057072
184	0.0470888227794305
184	0.0462755382598029
184	0.0468458538239783
184	0.0468902776006462
184	0.0468564650059312
184	0.0465264229366359
184	0.0467388545808307
184	0.0470553292600136
184	0.0468478399118158
184	0.0468532354058503
184	0.0466661025554239
184	0.0465715250802229
184	0.0467222783956859
184	0.0466107110902816
184	0.0463057108964582
184	0.0468802840716943
184	0.0470853928754048
184	0.0471040820688181
184	0.0465322682895905
184	0.0466141198406645
184	0.047167797840099
184	0.0471754550893086
184	0.0469727268859295
184	0.0471710162203585
184	0.0468637040187115
184	0.0467479674796748
184	0.0470287539936102
184	0.0470568321272904
184	0.0467187170289091
184	0.0467305572046476
184	0.0468484539585457
184	0.0467601588240264
184	0.046773439823272
184	0.0467452850270339
184	0.0466708941027267
184	0.0466700516205467
184	0.0468551595699653
184	0.0464081373172282
184	0.0470613197538723
184	0.0468490702523297
184	0.0466341049055001
184	0.046754348748409
184	0.0466985322109894
184	0.0464831546060964
184	0.0468373175375502
184	0.0466815935110473
184	0.0470628357063688
184	0.0470493743659114
184	0.0468175089871009
184	0.0467127294307151
184	0.0467651944290643
184	0.0467562088190573
184	0.0468941604296165
184	0.0468148148148148
184	0.0467464155425469
184	0.046572897633111
184	0.0463771785458075
184	0.0464694978092349
184	0.0466596417281349
184	0.0465491611807178
184	0.046966235085047
184	0.047555973337891
184	0.0469369484588822
184	0.046601202065521
184	0.046579887697805
184	0.0469357249626308
184	0.0469582875031729
184	0.0466380182002022
184	0.0468217450579414
184	0.0467071461933676
184	0.047035371956909
184	0.0469852878646143
184	0.0469735720375107
184	0.0467579986385296
184	0.0470483233456585
184	0.046813549287436
184	0.0466040767994587
184	0.0470141937683816
184	0.0467349010319743
184	0.0466297126898828
184	0.0472112147939836
184	0.0469094922737307
184	0.0465933135844266
184	0.047134895988429
184	0.046729761703566
185	0.0466683621566633
185	0.0468247248094835
185	0.046830672820426
185	0.0463947990543735
185	0.0468119451170299
185	0.0464299318576205
185	0.0470418102164944
185	0.046703995927717
185	0.0469525384909021
185	0.0469605056632588
185	0.0468314910134166
185	0.046906779661017
185	0.0465135910855985
185	0.0470258089204473
185	0.0465737169979235
185	0.0466443946377976
185	0.0466993491674415
185	0.0467448580656128
185	0.0466954022988506
185	0.0469930428101925
185	0.0470159684865941
185	0.0465145807762306
185	0.0464938701056293
185	0.0469208211143695
185	0.0466531440162272
185	0.0468591263122249
185	0.0467476222826087
185	0.046717064469549
185	0.04680796839825
185	0.0466474771418896
185	0.0464028322164623
185	0.0468889360798471
185	0.0468293921062651
185	0.046083534340485
185	0.0465155402279514
185	0.0468340519063319
185	0.0469089514720293
185	0.0468013468013468
185	0.047025927808846
185	0.0467052707215013
185	0.0471474521753851
185	0.0468531764506708
185	0.0468451648491535
185	0.0469989395546129
185	0.0465738303472871
185	0.0471092986704048
185	0.0469082248873012
185	0.0473044960579587
185	0.046766085083013
185	0.0467595345281576
185	0.0464731347084288
185	0.0468630937261875
185	0.0465344005449591
185	0.0468424852422814
185	0.0467929600537657
185	0.0469790120839517
185	0.0467890684491074
185	0.0466001353179973
185	0.0466981928728255
185	0.0465791466801313
185	0.0466244725738397
185	0.0468683606696694
185	0.0468789701024816
185	0.0466190496557033
185	0.046553911205074
185	0.0468796276708272
185	0.0464664385586956
185	0.0465106472696606
185	0.046703995927717
185	0.0466028425625237
185	0.0467707893626003
185	0.0466875105627852
185	0.0466756779589423
185	0.0469439728353141
185	0.0468763244892769
185	0.0467572286334795
185	0.0468076109936575
185	0.0468320723614692
185	0.0470152746457899
185	0.0467198918599248
185	0.046928182437032
185	0.0464672992206032
185	0.0467189576100467
185	0.0469194514033374
185	0.0468697123519459
185	0.0464851652056642
185	0.0465184935262115
185	0.0468650507280214
185	0.0468856076035302
185	0.0468637955034378
185	0.0467123635440467
185	0.0468485259234158
185	0.0470134384670821
185	0.0470003821169278
185	0.0467831310012267
185	0.0468115696887686
185	0.0469659008875111
185	0.0465774249398252
185	0.0468783203706065
185	0.0468544241960834
186	0.0466675098014418
186	0.0464596168453034
186	0.0468855503038487
186	0.0468631258971544
186	0.0468022024565862
186	0.0464782792070856
186	0.0469167196439924
186	0.0466400475745476
186	0.046785120797648
186	0.0469920833156937
186	0.0466771146596637
186	0.0472829322221277
186	0.0464722563169256
186	0.0463550927101854
186	0.0468128333192246
186	0.0467486522911051
186	0.0464050901378579
186	0.0469424004059883
186	0.0467214842926418
186	0.0470653142638883
186	0.0464674601164852
186	0.046855213170114
186	0.0469271383315734
186	0.0466225053795199
186	0.0467791735397369
186	0.0468230241273317
186	0.0468186255783352
186	0.0466198493950419
186	0.046680978237993
186	0.0465490245863484
186	0.046704810341174
186	0.0466564963132469
186	0.046581869230442
186	0.0466455026455026
186	0.046787089132366
186	0.0468544799830544
186	0.0469334012911995
186	0.0469668146269288
186	0.0468108519913658
186	0.046594982078853
186	0.0464213369345037
186	0.0468988307066599
186	0.0467301641296029
186	0.0465440121529243
186	0.0467029489937983
186	0.0470773687798228
186	0.0468265760984929
186	0.0469240560033941
186	0.0466233875727173
186	0.0465902845305035
186	0.0465204395234286
186	0.0468942646996301
186	0.0468763244892769
186	0.0469320207077994
186	0.0466167955707705
186	0.0466646851513736
186	0.0467776789119105
186	0.0466192620019355
186	0.0467349010319743
186	0.0468776659273162
186	0.0468412812592561
186	0.0467846134357978
186	0.0466542593689197
186	0.0467694660379763
186	0.0467238392970301
186	0.0469292672596357
186	0.0469259086870055
186	0.0467794322352048
186	0.0469381675815992
186	0.0463126843657817
186	0.0468572390855892
186	0.046620538351194
186	0.0466906322689786
186	0.046716689982619
186	0.0467139719547221
186	0.0469704684317719
186	0.0465816131903531
186	0.0469294147625924
186	0.0467569734565557
186	0.0469291205541945
186	0.0468068898387575
186	0.0467364688001351
186	0.0468809554059205
186	0.0466435283162617
186	0.0465981648272654
186	0.0466139334207521
186	0.0468922710653856
186	0.0464117250673854
186	0.0464585885036111
186	0.0470918845269522
186	0.0468822659057282
186	0.0469185899061628
186	0.0465557994259666
186	0.046692607003891
186	0.0470188839380437
186	0.0468829624596569
186	0.046884323587077
186	0.0469226856561546
186	0.0469413763806287
186	0.0465667598001863
187	0.0466347579312974
187	0.0460874349316518
187	0.0465660216882841
187	0.0469960624920615
187	0.046601202065521
187	0.0466646976920805
187	0.0464623341387935
187	0.046571743368082
187	0.0466347365767583
187	0.046556741028128
187	0.0467344708750105
187	0.0464556962025316
187	0.0469419803913246
187	0.0467974076256207
187	0.0467250200854159
187	0.0465752271962302
187	0.0464510709785804
187	0.047041294167731
187	0.0468802984062394
187	0.0468063534978033
187	0.0468459326906815
187	0.0465204715426543
187	0.0469447633626738
187	0.0468809554059205
187	0.0468374193003924
187	0.0469066937119675
187	0.0466384778012685
187	0.0466246776852517
187	0.0469014561462919
187	0.046695886716116
187	0.0467539067462838
187	0.0470658073270014
187	0.0463785194225832
187	0.0465439534981677
187	0.0469107551487414
187	0.0464168696967151
187	0.0463326992179243
187	0.0465391274969382
187	0.0466683514446972
187	0.0466957368443334
187	0.0467831310012267
187	0.0465459762839178
187	0.0470150515812616
187	0.0464
187	0.0468119451170299
187	0.0470758491529752
187	0.0470078204692282
187	0.0469167196439924
187	0.0464054773678205
187	0.0467155139553598
187	0.0466655425343563
187	0.0468407750631845
187	0.0463774220724516
187	0.0467206512061729
187	0.0466214222484509
187	0.0467356553928992
187	0.0466537424140256
187	0.0464227198252321
187	0.0467833790339591
187	0.0465647885535283
187	0.0465884545339037
187	0.0463919699717431
187	0.0464732048294853
187	0.0468829408775199
187	0.046601202065521
187	0.0466593739481656
187	0.0465371621621622
187	0.0467606110617409
187	0.0471506105834464
187	0.0470588235294118
187	0.0467262030727557
187	0.0466917834314016
187	0.0466207362948561
187	0.0465381207543985
187	0.0465813590100933
187	0.0465293668954996
187	0.0464006755330378
187	0.046990093980188
187	0.0465901417960837
187	0.0466262319939348
187	0.0466734125980268
187	0.0468703774143105
187	0.0470927031719815
187	0.0467534663510314
187	0.0468340519063319
187	0.0467321368100237
187	0.0465814858690134
187	0.0467893417194339
187	0.0468226005009127
187	0.0469529202941425
187	0.0466787873662847
187	0.0471505238947099
187	0.0468981893737014
187	0.0470273937749131
187	0.0466972321276957
187	0.046826837816155
187	0.0464821466300444
187	0.0464998736416477
187	0.0464900046490005
187	0.0468544241960834
188	0.0464441829186281
188	0.046763651697238
188	0.0467305429483947
188	0.0469511419975423
188	0.0463963017440639
188	0.0466883363586475
188	0.0469362796778139
188	0.0470419323508298
188	0.0468424852422814
188	0.0468348565893105
188	0.046907412895305
188	0.0467356553928992
188	0.0467880627212949
188	0.0470418715036447
188	0.0467009787377658
188	0.0465047393364929
188	0.0469398120714467
188	0.046556741028128
188	0.0468816112380469
188	0.0467052707215013
188	0.0471813985006988
188	0.0468479134074669
188	0.0467692828146143
188	0.0468763173425512
188	0.046480296396093
188	0.0465077020468453
188	0.0466517763074719
188	0.0467645689618689
188	0.0469213178622851
188	0.0469199526146556
188	0.0466599104805337
188	0.0468305523712478
188	0.0468511934992382
188	0.0465833262944505
188	0.0466896609741735
188	0.0465312671536545
188	0.0468085106382979
188	0.0471108465495982
188	0.046765623682213
188	0.0467562088190573
188	0.0469630822701649
188	0.0466503129758078
188	0.0468630937261875
188	0.0466458789819653
188	0.0464851171627612
188	0.0465489566613162
188	0.0465843760568143
188	0.0466221045108673
188	0.0469291205541945
188	0.0467695681511471
188	0.0464618484009066
188	0.0465822784810127
188	0.0466010393341502
188	0.0468597599762521
188	0.0468420608820305
188	0.0467932489451477
188	0.0464154605679565
188	0.0467607549736439
188	0.0466498103666245
188	0.0468361367564605
188	0.0464841108857336
188	0.04673173617273
188	0.0465989119892042
188	0.0468816291896479
188	0.0467471099485276
188	0.0465126085856456
188	0.0466007156388129
188	0.0464655826101609
188	0.046986115814426
188	0.0467572913597913
188	0.0467466835123184
188	0.0468451648491535
188	0.0469576999618919
188	0.0466784840043893
188	0.0463517503163222
188	0.0467653276955603
188	0.0469784416907146
188	0.046986155484558
188	0.0467155746690277
188	0.0469439728353141
188	0.0463828167942159
188	0.0467816575515356
188	0.0462876932173325
188	0.0467155746690277
188	0.0468506425110596
188	0.0465705954443646
188	0.0468182202315558
188	0.0463467139420033
188	0.0466360534187134
188	0.0465960410247752
188	0.046798652064027
188	0.0468511288406043
188	0.0467432950191571
188	0.0466711556266308
188	0.046713168463327
188	0.0466493113873027
188	0.0465421589802228
188	0.0468736779761401
188	0.0466616084977238
188	0.0464225589225589
189	0.0468281137737205
189	0.0466078439650441
189	0.0466478445914626
189	0.0466244725738397
189	0.0466526315789474
189	0.0464428963478995
189	0.0467873264987554
189	0.0467395877156079
189	0.0470200911700152
189	0.0466351829988194
189	0.0465909090909091
189	0.0464920407647604
189	0.0467080535495587
189	0.0467242254951752
189	0.0469008176926662
189	0.0467230174574183
189	0.0467589466576637
189	0.0467262155557428
189	0.0463623395149786
189	0.0466849084403284
189	0.0468789593715685
189	0.0465047891110738
189	0.0468427482202283
189	0.0465749979039155
189	0.0464988597009883
189	0.0468491406747295
189	0.0468220338983051
189	0.0464154605679565
189	0.0466469843947701
189	0.0468076109936575
189	0.0463754685986268
189	0.0465749979039155
189	0.0464519926013116
189	0.0468400860069986
189	0.0462888729482257
189	0.0467920682773555
189	0.0466498103666245
189	0.0464246701957819
189	0.0465674912554258
189	0.0467695681511471
189	0.0466504160712785
189	0.0466271093717123
189	0.0468611474648541
189	0.0468348565893105
189	0.0466543375924681
189	0.04664563617245
189	0.0467580523084686
189	0.0466266929431003
189	0.0467203100644563
189	0.0461512548425131
189	0.0467893004809721
189	0.0467005076142132
189	0.0466675098014418
189	0.0466148254585411
189	0.0468486686889114
189	0.0467163738994903
189	0.0464734136681554
189	0.046864406779661
189	0.0466506673403225
189	0.0467792055093642
189	0.0467202708421498
189	0.0467195567308903
189	0.0466883363586475
189	0.0467364688001351
189	0.0464309878213802
189	0.046963906581741
189	0.0466484555578903
189	0.046715143316141
189	0.0467258274803381
189	0.0471162001696353
189	0.0466790918332769
189	0.0467101114147572
189	0.0466135626079993
189	0.0466840819078116
189	0.0467305500443244
189	0.0465576809640179
189	0.0464453386988598
189	0.0471501930993507
189	0.046589088456025
189	0.0467900349871433
189	0.0465831963239324
189	0.046928974639818
189	0.0469775913923836
189	0.0465450244973813
189	0.046862455102472
189	0.0465252991811883
189	0.0469014561462919
189	0.046417419191493
189	0.0467606110617409
189	0.0466162859811497
189	0.0466026774437989
189	0.046761679878563
189	0.0465302678759755
189	0.0466239986436655
189	0.0464596168453034
189	0.046611417273148
189	0.0468108519913658
189	0.0464930701385972
189	0.0466812853166906
189	0.0465714165296919
190	0.046782146921229
190	0.0466891606916913
190	0.0468076109936575
190	0.0465165406227555
190	0.0465263424305058
190	0.0468275396557543
190	0.0466711841436558
190	0.0466264399341744
190	0.0465557194017274
190	0.0465761486401278
190	0.0465547777684069
190	0.0465833262944505
190	0.0468454059514289
190	0.0468763209062474
190	0.0467140394399361
190	0.0465909090909091
190	0.0468433490884538
190	0.0466083886694125
190	0.046352615462058
190	0.0469903404057873
190	0.0464725408630615
190	0.0467698519515478
190	0.0463900134952767
190	0.0465841125431724
190	0.0467647058823529
190	0.0467068900046412
190	0.0464930028662957
190	0.0465362018682108
190	0.0467542340668159
190	0.0468598012264749
190	0.0463551087368023
190	0.0470141380037983
190	0.0467108316806616
190	0.0468348565893105
190	0.0465233245316233
190	0.0467368068072264
190	0.0467982381839743
190	0.0466464952092789
190	0.046704569383028
190	0.0468605141171513
190	0.0468796027437613
190	0.0463033055765834
190	0.0468241558551325
190	0.046439237790771
190	0.046826134730792
190	0.0466904811935281
190	0.0462100226643163
190	0.0468228836816551
190	0.0464281187951502
190	0.0466153393075014
190	0.0466596417281349
190	0.0465761486401278
190	0.0467081476498781
190	0.0466888393045089
190	0.0464861216569645
190	0.0464734136681554
190	0.046745065098698
190	0.0468888983014952
190	0.0466201446107281
190	0.0467930961005753
190	0.0466196528862801
190	0.0468901949177625
190	0.0467309481519073
190	0.0466345340774564
190	0.0469237910372183
190	0.0464433918765981
190	0.0466717031813985
190	0.0463731656184486
190	0.0466369222998569
190	0.0467442935810669
190	0.0467645689618689
190	0.0469315598956141
190	0.0469192111153343
190	0.0466983313017528
190	0.0467786878324749
190	0.0470384012870994
190	0.0467792055093642
190	0.0463787598722904
190	0.0466596417281349
190	0.0470065580706579
190	0.0465595558546433
190	0.0466750841750842
190	0.0469455819647908
190	0.0467016682191549
190	0.0466258183649488
190	0.0464615774148626
190	0.0466347365767583
190	0.0465360686060198
190	0.0465009015053042
190	0.0468513853904282
190	0.0469869810440609
190	0.0467860906217071
190	0.0465615141955836
190	0.0466173005721979
190	0.0468492803781708
190	0.0467187631291488
190	0.046875
190	0.0470822562190109
190	0.0468789593715685
190	0.0464255677039529
191	0.0463517874355643
191	0.0467285774588434
191	0.0464414452175371
191	0.0467428087986464
191	0.0467501891869167
191	0.0463539912428427
191	0.0468052866402896
191	0.0466319064838954
191	0.0463737649779273
191	0.0467128027681661
191	0.0465851602023609
191	0.046861854282349
191	0.0467932489451477
191	0.0464491201545504
191	0.0469677202137957
191	0.0464666834719771
191	0.046861783116224
191	0.0463746159996633
191	0.0468013468013468
191	0.0466092798656309
191	0.0468690941161648
191	0.046863825669934
191	0.0467285792326764
191	0.0466323412449244
191	0.0463718153535693
191	0.0468088708312172
191	0.046773039195049
191	0.0466185714888411
191	0.0467372881355932
191	0.0468310302826662
191	0.0465467988573349
191	0.0466393477250644
191	0.0465077162440604
191	0.0466960352422907
191	0.046653485339279
191	0.0466478445914626
191	0.0468987662666892
191	0.0463911009986095
191	0.0466559702752913
191	0.0468446396891104
191	0.0466759177494639
191	0.0467101958814666
191	0.0467160037002775
191	0.0467175443774508
191	0.0466354074261817
191	0.046779689537672
191	0.0469574764579199
191	0.0467015706806283
191	0.046902093465849
191	0.0468293921062651
191	0.0464381946783429
191	0.0464345637583893
191	0.0468309117708991
191	0.0468025949953661
191	0.0466473527312424
191	0.0463294444678432
191	0.0468487394957983
191	0.0466790133849651
191	0.046473482777474
191	0.0467364350859496
191	0.0469000421762969
191	0.046826134730792
191	0.0467340688845073
191	0.0467893004809721
191	0.0467242468927744
191	0.0468941087167377
191	0.0466003942787635
191	0.0467333080264878
191	0.0467619848612279
191	0.0466773486254006
191	0.0463274932614555
191	0.0467348743210812
191	0.0466717031813985
191	0.0468539136302294
191	0.0462191942131382
191	0.0465126085856456
191	0.0464783997310472
191	0.0465915280512842
191	0.0466703171728234
191	0.0464890427732973
191	0.0469336934959693
191	0.0467718191377497
191	0.0465946808957607
191	0.0469428174118242
191	0.0466258183649488
191	0.0467017913593256
191	0.0468506425110596
191	0.0468255642269563
191	0.0467238623938094
191	0.0469495461262402
191	0.0469224283305228
191	0.0469311029442825
191	0.046583981500946
191	0.0466360534187134
191	0.0468505104418181
191	0.0467470284346256
191	0.046558534330616
191	0.0469455819647908
191	0.046851321771342
191	0.0464359656906241
192	0.0464472856843429
192	0.0466756779589423
192	0.046501849983182
192	0.0466927708307019
192	0.0467211044700732
192	0.0467407781707933
192	0.0466215086134805
192	0.0466271093717123
192	0.0465292385359697
192	0.0468855218855219
192	0.0464344245072908
192	0.0466781817415849
192	0.0467706013363029
192	0.0467400008429216
192	0.0466219051615611
192	0.0469318662716885
192	0.0465946808957607
192	0.0465715250802229
192	0.0466475982165391
192	0.0463553913335573
192	0.0465877612692017
192	0.0464073111427853
192	0.0467053774299419
192	0.0467541204170871
192	0.0466719925997561
192	0.046551651765101
192	0.0465671892027831
192	0.0466173005721979
192	0.0467254408060453
192	0.0465779866560363
192	0.0465976953486416
192	0.0464930701385972
192	0.046653485339279
192	0.046592723300563
192	0.0467019133937563
192	0.0463339908507156
192	0.046670294253066
192	0.0466225053795199
192	0.0466793168880455
192	0.0469291205541945
192	0.0465145700670518
192	0.0470002531431947
192	0.0470478925584931
192	0.0464363758614893
192	0.046572934973638
192	0.0466549295774648
192	0.0468255642269563
192	0.0466633005133384
192	0.0466064299222526
192	0.0468190813018399
192	0.0467927389125216
192	0.0465692449819434
192	0.0465909090909091
192	0.0466386554621849
192	0.046917115902965
192	0.0467348743210812
192	0.0465440121529243
192	0.0466515227999327
192	0.0467816575515356
192	0.0467541204170871
192	0.0465360686060198
192	0.0463737649779273
192	0.0466329966329966
192	0.0467077930253053
192	0.0466240645758009
192	0.0463154342599232
192	0.0462978509066488
192	0.0465664603595638
192	0.0466666666666667
192	0.0468723655370089
192	0.0467073427309068
192	0.0465633790989629
192	0.0465418289975284
192	0.0467474543465455
192	0.0466279852001345
192	0.0466778805719092
192	0.0467104708954595
192	0.0467085035589437
192	0.0465155261283158
192	0.046780430396772
192	0.0471179851250845
192	0.0466795399210814
192	0.0464901607015483
192	0.0468001009166597
192	0.046925156276398
192	0.0467477968946706
192	0.0467407781707933
192	0.0468320723614692
192	0.0467647058823529
192	0.0467490823172018
192	0.0466565605524676
192	0.0462920216561044
192	0.0467592592592593
192	0.0467592592592593
192	0.046798133120296
192	0.0466523767494641
192	0.0469441984056687
192	0.0463084131875554
192	0.0468106563576771
192	0.0468473777253978
193	0.0466731198181895
193	0.046588808603596
193	0.0466627536474929
193	0.0468027896815394
193	0.0467956519914383
193	0.0464501510574018
193	0.046411905662757
193	0.0465604908181704
193	0.0464530219664833
193	0.0468020688785165
193	0.0466493113873027
193	0.0465605792708596
193	0.0465535302744605
193	0.0464950528257588
193	0.0465689345528965
193	0.0470152083245566
193	0.0469651657470199
193	0.0465330762136329
193	0.0464138568906079
193	0.0460802417324156
193	0.0467784642541924
193	0.0466773486254006
193	0.0466245343824551
193	0.0466349593838125
193	0.0465989119892042
193	0.0465282447881641
193	0.0466277752129937
193	0.0467683492036741
193	0.0466658273532251
193	0.0467183895994967
193	0.046656037593354
193	0.046448087431694
193	0.0463083037021544
193	0.0468993390308593
193	0.0468703774143105
193	0.0466756212222968
193	0.046778947368421
193	0.046532082425867
193	0.0466493113873027
193	0.0466764520863913
193	0.0464707359959809
193	0.0466051969823973
193	0.0468599236481101
193	0.046830792618555
193	0.0466554480437526
193	0.0468256973368673
193	0.0467959527824621
193	0.0467750084203436
193	0.0465615141955836
193	0.0463587252397504
193	0.0466336467427804
193	0.046584762463835
193	0.0466593739481656
193	0.0470518165574747
193	0.0466610667786644
193	0.0467525903462219
193	0.0464920761696582
193	0.0465564161607704
193	0.0465467988573349
193	0.0466574109133746
193	0.0463659674639539
193	0.0465778671357963
193	0.0467266156819901
193	0.0464354689730456
193	0.0465770684586308
193	0.0465899995787523
193	0.0465564969381763
193	0.0466429617234888
193	0.0465683184129786
193	0.0466862416107383
193	0.0466321243523316
193	0.046945391772978
193	0.0467085953878407
193	0.0467678849308155
193	0.0468822268006559
193	0.0465525918470055
193	0.0467372134038801
193	0.0465632858340319
193	0.0466275288254424
193	0.0466790133849651
193	0.0467172246197679
193	0.0466247379454927
193	0.0463083581964113
193	0.0465009015053042
193	0.0467772412345161
193	0.0465654313717242
193	0.0470712624233453
193	0.0466577316133356
193	0.0468558896714605
193	0.0465565780074793
193	0.0464813570708767
193	0.0465564969381763
193	0.0466051969823973
193	0.0467701342281879
193	0.046625612668091
193	0.0467242680983139
193	0.0466130114017438
193	0.0465174860405559
193	0.0468809232972495
193	0.0465594693312062
194	0.0466730793358705
194	0.0468362413285684
194	0.0465476789006201
194	0.0466110575512428
194	0.0465496977837475
194	0.0466043038718067
194	0.0465194250031432
194	0.0467234792829856
194	0.0463993281545245
194	0.0466921172966397
194	0.0467701342281879
194	0.0464960415532191
194	0.0465886694343104
194	0.0464638846991788
194	0.0467666708685239
194	0.0463529017670212
194	0.0464794635373009
194	0.0465623558035152
194	0.0464940623557551
194	0.0466092798656309
194	0.0468244294060779
194	0.0466092798656309
194	0.0467372134038801
194	0.0465937762825904
194	0.0466091038645318
194	0.0467654590487385
194	0.0464960134284515
194	0.046352615462058
194	0.0469663204810159
194	0.0467880627212949
194	0.0464970285427304
194	0.0466053659151027
194	0.0467277927321669
194	0.0467277927321669
194	0.0466596858638743
194	0.0465670892431279
194	0.0465283050704463
194	0.0469085851561512
194	0.0466984684910871
194	0.046917115902965
194	0.0465243109451693
194	0.0465641197124227
194	0.046745065098698
194	0.0465475494698172
194	0.0463995305557884
194	0.0465155261283158
194	0.0469105622523814
194	0.0464454579689527
194	0.0466197537069615
194	0.0464970022221291
194	0.0466197537069615
194	0.0464852607709751
194	0.0465535302744605
194	0.0464249832551909
194	0.0465515796530629
194	0.0465184318314804
194	0.0465671892027831
194	0.0467863298163017
194	0.046392831721308
194	0.0467273954116059
194	0.0467784642541924
194	0.0465067516564623
194	0.0466243315508021
194	0.0466829432564405
194	0.0465858060183825
194	0.0465233456499832
194	0.046531196095755
194	0.046829515251234
194	0.0459808552439075
194	0.0465380249716232
194	0.0465809811827957
194	0.0468441192548673
194	0.0466130114017438
194	0.0466499162479062
194	0.046478519386986
194	0.0467863298163017
194	0.0467023769668564
194	0.0464531276203253
194	0.04644260513335
194	0.0465749979039155
194	0.0465378825890617
194	0.0466649865591398
194	0.0468355495707793
194	0.0466284374869198
194	0.0470013477088949
194	0.0463697886206032
194	0.0467380310182063
194	0.0466538236033169
194	0.04682246133154
194	0.0467403640031945
194	0.0466834592779177
194	0.0466845953441466
194	0.0466419482598803
194	0.046801872074883
194	0.0464249832551909
194	0.0467191821000587
194	0.0467474543465455
194	0.0467932489451477
194	0.046738399462004
194	0.0461712656210685
195	0.0466714148058151
195	0.0467737864894422
195	0.0465798182046664
195	0.046510650812991
195	0.0468047561026848
195	0.0465767158193742
195	0.0464179292399379
195	0.0464629552113855
195	0.0466462519400982
195	0.0465789032366259
195	0.0465358931552588
195	0.0463578929751893
195	0.046636470390874
195	0.0467497586973855
195	0.0467360295351569
195	0.0468677689427405
195	0.0464474014561888
195	0.0465682161436483
195	0.0467175957018133
195	0.0464940939934657
195	0.0466451531788274
195	0.0465702757229321
195	0.0465886694343104
195	0.0467069892473118
195	0.046625612668091
195	0.0464805216518977
195	0.0464258778178161
195	0.0464735516372796
195	0.0463343108504399
195	0.04648146598611
195	0.0464804656421423
195	0.046581643320092
195	0.0467187631291488
195	0.046584762463835
195	0.0464774540263666
195	0.0464823593573017
195	0.04656606612883
195	0.0467027208317612
195	0.046780430396772
195	0.0465233668447398
195	0.0464901607015483
195	0.0466186809507867
195	0.046779689537672
195	0.0464969758064516
195	0.0467466835123184
195	0.0466197537069615
195	0.0469164945411626
195	0.0467600185021656
195	0.0463870049401323
195	0.0465515078004099
195	0.0466414777497901
195	0.0466286481046629
195	0.0467152673035026
195	0.0466149654160553
195	0.0464775156112485
195	0.0467720961449725
195	0.0464066223504327
195	0.0467352508922948
195	0.0465194109772423
195	0.0463238063355233
195	0.0464523142534599
195	0.046622583075249
195	0.0461912140374388
195	0.0469538875799394
195	0.0467458352565985
195	0.0467104708954595
195	0.0466878820869274
195	0.0469572541587703
195	0.0464746938604923
195	0.046637335009428
195	0.0464921114467942
195	0.0466190676186476
195	0.0462628974079356
195	0.0465408278575315
195	0.0464044896762575
195	0.0468822463004342
195	0.0466619109563174
195	0.0465789032366259
195	0.0467101114147572
195	0.046310602580699
195	0.0465808561485892
195	0.0468460891505467
195	0.0463481971053292
195	0.0466574689577323
195	0.0464375523889355
195	0.0469592318059299
195	0.0463175464218652
195	0.046597385182702
195	0.0465583654329258
195	0.046587487453998
195	0.0467466040583599
195	0.046905893736065
195	0.0466171097391962
195	0.0464103208511351
195	0.0466078669063245
195	0.0465633790989629
195	0.0465563356736877
195	0.046918355335071
195	0.0468368292477466
195	0.0468546455435559
196	0.0466227831118192
196	0.0465330376197849
196	0.0464261857047428
196	0.0463218679387396
196	0.0465778671357963
196	0.0465369780311924
196	0.0465554810593362
196	0.0464161534916845
196	0.04656811424264
196	0.0465203919269743
196	0.0464736202489209
196	0.0465961803669188
196	0.0466117796073464
196	0.0467226890756302
196	0.046584762463835
196	0.0465349429800744
196	0.0466767498529535
196	0.04648146598611
196	0.0467242680983139
196	0.0466347365767583
196	0.0465301336013737
196	0.046584762463835
196	0.0466188739361925
196	0.046345139412208
196	0.046572934973638
196	0.0466041370069508
196	0.046276907613703
196	0.0464219875984582
196	0.0465622644669626
196	0.0465174544847169
196	0.0465583654329258
196	0.0465546218487395
196	0.0464172107818517
196	0.0465828092243187
196	0.0465368869579748
196	0.0464853556485356
196	0.046572934973638
196	0.0466957031577184
196	0.0466351583085867
196	0.046822319622387
196	0.0466029147701173
196	0.0464960415532191
196	0.0466050286574907
196	0.0465067516564623
196	0.0464736202489209
196	0.0467093963386536
196	0.046478578892372
196	0.0465796956012711
196	0.0467309304274937
196	0.046498013798871
196	0.0466811934294335
196	0.0467023769668564
196	0.0467941980239647
196	0.0463317216733235
196	0.0466988052819115
196	0.0466599530043639
196	0.0466002344665885
196	0.0465739654883565
196	0.0466334269074454
196	0.0465466722478024
196	0.0465710932260228
196	0.0464200427332523
196	0.0464463709846296
196	0.0465077373483898
196	0.0468335787923417
196	0.0465058027886783
196	0.0466873792929717
196	0.0465525918470055
196	0.0464202074272332
196	0.0466206319313664
196	0.0465991801221451
196	0.0464309595453026
196	0.04644260513335
196	0.0463958498933188
196	0.0466957031577184
196	0.0466577316133356
196	0.0467062860969281
196	0.0467708813545115
196	0.0466845953441466
196	0.0467085953878407
196	0.0464931035928395
196	0.0466303892842193
196	0.0466091038645318
196	0.0465554810593362
196	0.0467069892473118
196	0.0467610827118076
196	0.0468960863697706
196	0.0467414977383146
196	0.0466176101680743
196	0.0467105539016311
196	0.0467360295351569
196	0.0464687133031371
196	0.0465272247139204
196	0.0467043314500942
196	0.0464311042509699
196	0.0464698009034633
196	0.0465925770601803
196	0.0465915280512842
196	0.0467203489347425
196	0.0466060885222562
197	0.0468383092921838
197	0.0465281255216158
197	0.0464406637963466
197	0.0463048016701461
197	0.0465466722478024
197	0.0466020229039539
197	0.0466644345860886
197	0.0465885307660109
197	0.0466466215651883
197	0.0466078669063245
197	0.0465669896424992
197	0.0465931863727455
197	0.0466571476566437
197	0.0464931701407745
197	0.0464338004601548
197	0.046513573430376
197	0.0465193970017121
197	0.0467446442795455
197	0.046636021730046
197	0.0463094541502967
197	0.0464941255174144
197	0.0464776381175095
197	0.046490276270762
197	0.0466546717435876
197	0.0465865807207735
197	0.0465651409923856
197	0.0468152999958013
197	0.0467062860969281
197	0.046513573430376
197	0.0466820180029307
197	0.0463036482928664
197	0.046636470390874
197	0.0465846308387745
197	0.046637970663212
197	0.0466499162479062
197	0.0465533798171266
197	0.046469725539493
197	0.0465203761755486
197	0.0467678849308155
197	0.0464718162839248
197	0.0467799454583596
197	0.0465806074278314
197	0.0465475494698172
197	0.0464815201503445
197	0.0466303892842193
197	0.0465982834414905
197	0.0467454134204574
197	0.0465659684553117
197	0.0464640561075395
197	0.0464348407590069
197	0.0465096825463215
197	0.0466098152328401
197	0.046587487453998
197	0.0465758006522284
197	0.0463288175280147
197	0.0466624816907303
197	0.0466101694915254
197	0.0467242680983139
197	0.0467630421118793
197	0.0467254408060453
197	0.0465213396809488
197	0.046558534330616
197	0.0464394987216564
197	0.04644260513335
197	0.0468101170252926
197	0.0467321083983556
197	0.0465291120207167
197	0.0465963325797538
197	0.0465320456540825
197	0.0467152673035026
197	0.0468309117708991
197	0.0467779828830341
197	0.0464485435272515
197	0.0463820337704781
197	0.0462904779858406
197	0.0467831345540064
197	0.0465282148101531
197	0.0466384263725202
197	0.0466071503415902
197	0.0467740582263613
197	0.0463028683562273
197	0.0466744946741592
197	0.0466477177729477
197	0.0464815201503445
197	0.0463814140063513
197	0.0467833808008042
197	0.0464610104223348
197	0.0464688675302967
197	0.0464911913629326
197	0.0466756212222968
197	0.0466501657087721
197	0.0465583654329258
197	0.0463617724590987
197	0.0463562330340363
197	0.0466126472308078
197	0.0466059187426852
197	0.046603078982597
197	0.0460289563980249
197	0.0465145488800502
197	0.0466945606694561
198	0.046581643320092
198	0.0465728248611169
198	0.0465329991645781
198	0.0466137123745819
198	0.0465690376569038
198	0.0464892861618145
198	0.0466312575801932
198	0.0466108786610879
198	0.0464756327128216
198	0.0465906231653107
198	0.0466507677503033
198	0.046428124086677
198	0.0466672242201221
198	0.0466128289886606
198	0.0467113531629661
198	0.0464244040673446
198	0.0465963325797538
198	0.0463515374024782
198	0.0466145942107681
198	0.0465863118822205
198	0.046585539246435
198	0.0463426853707415
198	0.046463970557484
198	0.0462579917262129
198	0.0465534549104902
198	0.046637970663212
198	0.0465670892431279
198	0.0464601769911504
198	0.0465261840183601
198	0.0466566239852707
198	0.04656811424264
198	0.0464689442289242
198	0.0466021856550685
198	0.0467794622665215
198	0.0465621734587252
198	0.0466859272285726
198	0.0465339510037144
198	0.0465223399355136
198	0.0465465465465465
198	0.0464854498457433
198	0.046414558811253
198	0.0465213396809488
198	0.0466769835626751
198	0.0464863962610583
198	0.0464366468469977
198	0.046652719665272
198	0.0464553794829024
198	0.0467356254449516
198	0.0464786972637541
198	0.0464970285427304
198	0.0466069784955234
198	0.0466208284420594
198	0.0465184196253494
198	0.046637970663212
198	0.0464767616191904
198	0.0465301003344482
198	0.0464951123736319
198	0.0465817694369973
198	0.0463827304550758
198	0.0465895760013407
198	0.0464756973442459
198	0.0466038050734312
198	0.046587487453998
198	0.0466254077109643
198	0.0466546717435876
198	0.0465768329427519
198	0.0465232616308154
198	0.0465865807207735
198	0.0466488159986612
198	0.0465203761755486
198	0.0466210256625646
198	0.0464115632049461
198	0.046467857292233
198	0.0467270136618892
198	0.0465476140688386
198	0.0466937476443737
198	0.0467454134204574
198	0.0464455768106257
198	0.046405747462512
198	0.0465592116251879
198	0.0465067604336724
198	0.0465320456540825
198	0.0464999581834908
198	0.0467277980153247
198	0.0463531870428422
198	0.0463988630188521
198	0.0466438184401906
198	0.0466193656093489
198	0.0465582814393781
198	0.0464416972936853
198	0.046429019181746
198	0.0466596858638743
198	0.0465562554753661
198	0.0466663876449169
198	0.0464172107818517
198	0.0464083769633508
198	0.0463233452967198
198	0.0465798182046664
198	0.0464221488018067
198	0.0465611558859147
199	0.0466154745012937
199	0.0464036152140257
199	0.0465417205827107
199	0.0466273575042864
199	0.0464272306344638
199	0.0466254077109643
199	0.0465688318185608
199	0.0465048381715048
199	0.0464980382335754
199	0.0465717981888745
199	0.0465854065787277
199	0.0465252011506233
199	0.0465339510037144
199	0.0464882943143813
199	0.0465252011506233
199	0.0464349785139138
199	0.0465184196253494
199	0.0466174199741246
199	0.0466068072666527
199	0.0465009592126116
199	0.0467215179246075
199	0.0465242653513355
199	0.0465786615423177
199	0.0465377885176235
199	0.046241324525462
199	0.04656504489455
199	0.0465378354689261
199	0.0465242426771259
199	0.0464708094780392
199	0.0465659684553117
199	0.0465456063452306
199	0.0464240903387704
199	0.0466048609371085
199	0.0466895168032102
199	0.0466076942334975
199	0.0463921830633038
199	0.0465746570487429
199	0.0466859272285726
199	0.0465456063452306
199	0.0465038334241066
199	0.04641438427765
199	0.0466273575042864
199	0.0465058027886783
199	0.0465232616308154
199	0.046461101362079
199	0.0465242881072027
199	0.0465436633828686
199	0.0465271686923109
199	0.0465990229237129
199	0.0465562554753661
199	0.0467321083983556
199	0.0465388310982997
199	0.046697658834862
199	0.0465756854889195
199	0.0465815176558978
199	0.0466507677503033
199	0.0465504993523045
199	0.046665272841313
199	0.0464961253228898
199	0.0464611919756433
199	0.0464776990412672
199	0.0465583654329258
199	0.0465912411806454
199	0.0464912646457908
199	0.0467696688020768
199	0.0465290806754221
199	0.0464980382335754
199	0.0465901981230448
199	0.0465436633828686
199	0.0464786972637541
199	0.0465640255351108
199	0.046548488008342
199	0.0464515052956384
199	0.0465466092842519
199	0.0466898371089988
199	0.0465329991645781
199	0.0464659138435801
199	0.0467043314500942
199	0.0464863509050625
199	0.0465028829280521
199	0.0465901981230448
199	0.0465858060183825
199	0.0465280959720082
199	0.0464892861618145
199	0.0464223094264006
199	0.0464573168188832
199	0.0465145384005674
199	0.0466878820869274
199	0.0464805774606751
199	0.0465960287001502
199	0.0463310793889306
199	0.0465378354689261
199	0.0465349011758819
199	0.0464883779055236
199	0.0467838711030924
199	0.046572715143429
199	0.0465582814393781
199	0.046316754908909
199	0.0465407754010695
199	0.0465466092842519
200	0.0465436059835826
200	0.0464291673619222
200	0.0464805774606751
200	0.0464388534234573
200	0.0464089318446926
200	0.0465746570487429
200	0.0464776990412672
200	0.0467062860969281
200	0.0464001334055947
200	0.0464078722428387
200	0.0465571857285762
200	0.0465106595602931
200	0.0464882943143813
200	0.0465854065787277
200	0.0465125980310362
200	0.0465242200841351
200	0.0464340794464591
200	0.0465281255216158
200	0.0465533049929149
200	0.0465659684553117
200	0.0465213396809488
200	0.0465271408321521
200	0.0465776293823038
200	0.0466349365397462
200	0.0466252034895855
200	0.0466457680250784
200	0.0464708826964792
200	0.0465533798171266
200	0.0463739105050252
200	0.0465456063452306
200	0.0464069985419704
200	0.0465
200	0.0463874520273653
200	0.0465466092842519
200	0.046454462128156
200	0.0466128289886606
200	0.0465368416663192
200	0.0465213396809488
200	0.0465349429800744
200	0.0464806330695544
200	0.0465748838766372
200	0.0465514362057448
200	0.0465
200	0.0465601401810672
200	0.0465679115376591
200	0.046580483736447
200	0.0464263388205876
200	0.0463954021073675
200	0.04664467365432
200	0.0464757617439873
200	0.0465310555114657
200	0.0464156136619542
200	0.046507751291882
200	0.046623257367059
200	0.0465873512836569
200	0.0465009592126116
200	0.046535849685456
200	0.0464467216529201
200	0.0465271686923109
200	0.0463760875900254
200	0.0464922512914514
200	0.0464912646457908
200	0.0463855170400033
200	0.0464369158878505
200	0.0463476701013725
200	0.0465572675268278
200	0.0465067778936392
200	0.0467149010915478
200	0.0464312484384109
200	0.046660261497974
200	0.0467070876019235
200	0.0465135699373695
200	0.0465689345528965
200	0.0464011996001333
200	0.0467129474740716
200	0.0466184886586741
200	0.0464912280701754
200	0.0465135664568833
200	0.0465436633828686
200	0.0467219291635268
200	0.0464360150062526
200	0.0464932032357602
200	0.0465
200	0.0464698759968269
200	0.0465096895186497
200	0.0464757617439873
200	0.046601860736785
200	0.0465494927566484
200	0.0465864460599983
200	0.0466098152328401
200	0.0465426641087664
200	0.0465193970017121
200	0.0465184074629352
200	0.0464078722428387
200	0.0463700429506693
200	0.0464941569282137
200	0.0464698759968269
200	0.0464941882264717
200	0.0464680141696187
200	0.0465096895186497
201	0.0464971069391833
201	0.0465164789319983
201	0.0464340794464591
201	0.0465573496193424
201	0.0464467216529201
201	0.0465571857285762
201	0.0464980625807258
201	0.04646809218737
201	0.0465096895186497
201	0.0463692038495188
201	0.0464971069391833
201	0.046502898611169
201	0.046450591568072
201	0.0466312575801932
201	0.0466087537587705
201	0.0463498938075209
201	0.0464477462854289
201	0.0463799492068779
201	0.0464951714951715
201	0.0465572675268278
201	0.0465630080453541
201	0.0464409179890874
201	0.046394330971238
201	0.0465329608472668
201	0.0465455454621218
201	0.0465096895186497
201	0.0465523714178451
201	0.046472890813692
201	0.0465242200841351
201	0.0463090325538744
201	0.0465232616308154
201	0.0463981990995498
201	0.046580483736447
201	0.0464757617439873
201	0.0463874520273653
201	0.0465009783106449
201	0.0464786972637541
201	0.0464602691778824
201	0.0465261840183601
201	0.0465592116251879
201	0.0463700429506693
201	0.0464573168188832
201	0.0464748261358431
201	0.0465009783106449
201	0.0465552452798733
201	0.0464370496855608
201	0.0465765991160037
201	0.0464873879508026
201	0.046472890813692
201	0.0465329608472668
201	0.0464214214214214
201	0.0465203604806409
201	0.04646809218737
201	0.0465863118822205
201	0.0466388308977035
201	0.0465116279069767
201	0.0464632166201757
201	0.0464360150062526
201	0.0465213222727083
201	0.0465494249041507
201	0.0464312484384109
201	0.0464922512914514
201	0.0464419475655431
201	0.0465494249041507
201	0.0465688318185608
201	0.0465019375807325
201	0.0465610671112964
201	0.0465475494698172
201	0.0465737417577832
201	0.0465019375807325
201	0.0465184074629352
201	0.0465455454621218
201	0.0465494249041507
201	0.0465048503268246
201	0.0465242426771259
201	0.0464563976500979
201	0.0465145331889731
201	0.0465756854889195
201	0.0464535464535465
201	0.0466135291908359
201	0.0465436059835826
201	0.0465203604806409
201	0.046484505164945
201	0.046558197747184
201	0.0464864414545757
201	0.0465513648676808
201	0.0465571857285762
201	0.0464563976500979
201	0.0463001585050471
201	0.0465523714178451
201	0.0463653405540512
201	0.0464525267674874
201	0.046322548365577
201	0.0465048381715048
201	0.0464428523825392
201	0.0464022639310833
201	0.0464622051837653
201	0.0464776990412672
201	0.0465474851023045
201	0.0464447869371433
202	0.0464738922404826
202	0.0464796937416778
202	0.0464632166201757
202	0.0464990425443344
202	0.0465009783106449
202	0.0464419475655431
202	0.0464913010904853
202	0.0463623097769439
202	0.0464380825565912
202	0.0464951714951715
202	0.0465184074629352
202	0.0464893661297707
202	0.0464816278972993
202	0.0464516129032258
202	0.0464854966914978
202	0.0465630080453541
202	0.0464602691778824
202	0.0465096895186497
202	0.0464825690366113
202	0.0465368416663192
202	0.04646809218737
202	0.0464622051837653
202	0.0464622051837653
202	0.0464282737351004
202	0.0464932362122789
202	0.0464825690366113
202	0.046531972505728
202	0.0465203448419474
202	0.0465125962939829
202	0.0466096390569581
202	0.0466661096256685
202	0.04644001498065
202	0.0464419475655431
202	0.04640419510571
202	0.0465164702452838
202	0.0465125962939829
202	0.0464612822647794
202	0.0464980625807258
202	0.0464980625807258
202	0.046535849685456
202	0.046274313798992
202	0.0465125962939829
202	0.0464922512914514
202	0.0464816278972993
202	0.0465776293823038
202	0.0464874313301149
202	0.046455480164842
202	0.0464874313301149
202	0.0465125962939829
202	0.0464661591580349
202	0.0464738922404826
202	0.0465009783106449
202	0.0464893661297707
202	0.0464602691778824
202	0.0464835622138993
202	0.0465009783106449
202	0.0464816278972993
202	0.0464467216529201
202	0.0464951714951715
202	0.0464796937416778
202	0.0464748261358431
202	0.04646809218737
202	0.04646809218737
202	0.0464661591580349
202	0.0464941882264717
202	0.0465290806754221
202	0.0464641413510022
202	0.0464951714951715
202	0.0464874313301149
202	0.0464971069391833
202	0.0464874313301149
202	0.0464796937416778
202	0.0464157855299309
202	0.0464903145178088
202	0.0464661591580349
202	0.0465377885176235
202	0.0464816278972993
202	0.0464932362122789
202	0.046455480164842
202	0.0464661591580349
202	0.0464990425443344
202	0.0465242200841351
202	0.0465339110148309
202	0.0464593480704384
202	0.0464951714951715
202	0.0464602691778824
202	0.0464854966914978
202	0.0465474851023045
202	0.0465368416663192
202	0.0464805774606751
202	0.0464138533905008
202	0.0466096390569581
202	0.0464001334055947
202	0.0465571857285762
202	0.0463479636878488
202	0.046470025377543
202	0.0464854966914978
202	0.0464602691778824
202	0.0464893661297707
202	0.0464835622138993
203	0.0464661591580349
203	0.0464661591580349
203	0.0464661591580349
203	0.0464661591580349
203	0.0464661591580349
203	0.0464661591580349
203	0.0464661591580349
203	0.0464661591580349
203	0.0464661591580349
203	0.0464661591580349
203	0.0464661591580349
203	0.0464661591580349
203	0.0464661591580349
203	0.0464661591580349
203	0.0464661591580349
203	0.0464661591580349
203	0.0464661591580349
203	0.0464661591580349
203	0.0464661591580349
203	0.0464661591580349
203	0.0464661591580349
203	0.0464661591580349
203	0.0464661591580349
203	0.0464661591580349
203	0.0464661591580349
203	0.0464661591580349
203	0.0464661591580349
203	0.0464661591580349
203	0.0464661591580349
203	0.0464661591580349
203	0.0464661591580349
203	0.0464661591580349
203	0.0464661591580349
203	0.0464661591580349
203	0.0464661591580349
203	0.0464661591580349
203	0.0464661591580349
203	0.0464661591580349
203	0.0464661591580349
203	0.0464661591580349
203	0.0464661591580349
203	0.0464661591580349
203	0.0464661591580349
203	0.0464661591580349
203	0.0464661591580349
203	0.0464661591580349
203	0.0464661591580349
203	0.0464661591580349
203	0.0464661591580349
203	0.0464661591580349
203	0.0464661591580349
203	0.0464661591580349
203	0.0464661591580349
203	0.0464661591580349
203	0.0464661591580349
203	0.0464661591580349
203	0.0464661591580349
203	0.0464661591580349
203	0.0464661591580349
203	0.0464661591580349
203	0.0464661591580349
203	0.0464661591580349
203	0.0464661591580349
203	0.0464661591580349
203	0.0464661591580349
203	0.0464661591580349
203	0.0464661591580349
203	0.0464661591580349
203	0.0464661591580349
203	0.0464661591580349
203	0.0464661591580349
203	0.0464661591580349
203	0.0464661591580349
203	0.0464661591580349
203	0.0464661591580349
203	0.0464661591580349
203	0.0464661591580349
203	0.0464661591580349
203	0.0464661591580349
203	0.0464661591580349
203	0.0464661591580349
203	0.0464661591580349
203	0.0464661591580349
203	0.0464661591580349
203	0.0464661591580349
203	0.0464661591580349
203	0.0464661591580349
203	0.0464661591580349
203	0.0464661591580349
203	0.0464661591580349
203	0.0464661591580349
203	0.0464661591580349
203	0.0464661591580349
203	0.0464661591580349
203	0.0464661591580349
203	0.0464661591580349
203	0.0464661591580349
203	0.0464661591580349
203	0.0464661591580349
203	0.0464661591580349
