"sampleID_NGI"	"sampleID_FIELD"	"trapID"	"placing_date"	"collecting_date"	"mid_date"	"trap_habitat"	"latitude"	"longitude"
"P27359_1001"	"SU41WX"	"TUAPDE"	2020-05-27	2020-06-03	2020-05-31	"Rainforest"	-12.517164	49.179873
"P27359_1002"	"SWGMUL"	"TG6SK4"	2019-10-23	2019-10-30	2019-10-27	"Rainforest"	-13.40849	48.30587
"P27359_1003"	"SFWSQK"	"TW51Z9"	2019-10-23	2019-10-30	2019-10-27	"Dry_Forest"	-12.278013	49.381504
"P27359_1004"	"SBHQUR"	"TKRH5P"	2020-04-29	2020-05-06	2020-05-03	"Dry_Forest"	-16.46848	45.41309
"P27359_1005"	"SPZAJF"	"TEGSKQ"	2020-04-09	2020-04-16	2020-04-13	"Rainforest"	-18.86682	48.29323
"P27359_1006"	"SQS5YY"	"TDY8SA"	2020-02-05	2020-02-12	2020-02-09	"Montane_Rainforest"	-18.41335	47.94285
"P27359_1007"	"SINRSE"	"TW51Z9"	2020-04-01	2020-04-08	2020-04-05	"Dry_Forest"	-12.278013	49.381504
"P27359_1008"	"SNLWEX"	"TPQKYN"	2020-05-06	2020-05-13	2020-05-10	"Rainforest"	-16.28466	48.81669
"P27359_1009"	"S7ZVVB"	"TPQKYN"	2020-07-29	2020-08-05	2020-08-02	"Rainforest"	-16.28466	48.81669
"P27359_1010"	"SS19F9"	"TG6SK4"	2020-02-05	2020-02-12	2020-02-09	"Rainforest"	-13.40849	48.30587
"P27359_1011"	"SVAAIA"	"TN1QSL"	2020-07-29	2020-08-05	2020-08-02	"Dry_Forest"	-16.06344	45.26049
"P27359_1012"	"SVVSTM"	"TW51Z9"	2019-12-18	2019-12-25	2019-12-22	"Dry_Forest"	-12.278013	49.381504
"P27359_1013"	"SKZXVU"	"TPQKYN"	2019-08-21	2019-08-28	2019-08-25	"Rainforest"	-16.28466	48.81669
"P27359_1014"	"SLGCWX"	"TR4LDL"	2020-07-01	2020-07-08	2020-07-05	"Dry_Forest"	-15.97018	45.71465
"P27359_1015"	"SVQG89"	"TRA8W1"	2020-06-03	2020-06-10	2020-06-07	"Rainforest"	-14.43606	49.75736
"P27359_1016"	"SQ75NU"	"TPQKYN"	2019-09-25	2019-10-02	2019-09-29	"Rainforest"	-16.28466	48.81669
"P27359_1017"	"STCYI1"	"TK1MIJ"	2019-10-23	2019-10-30	2019-10-27	"Dry_Forest"	-13.14696	49.70374
"P27359_1018"	"SZXMXE"	"TRJZGH"	2020-02-05	2020-02-12	2020-02-09	"Rainforest"	-14.44448	49.73728
"P27359_1019"	"SFGW6S"	"TPQKYN"	2019-12-11	2019-12-18	2019-12-15	"Rainforest"	-16.28466	48.81669
"P27359_1020"	"SKC1QA"	"TW51Z9"	2020-07-22	2020-07-29	2020-07-26	"Dry_Forest"	-12.278013	49.381504
"P27359_1021"	"SXP2R4"	"TW51Z9"	2019-08-21	2019-08-28	2019-08-25	"Dry_Forest"	-12.278013	49.381504
"P27359_1022"	"SLFKL3"	"TW51Z9"	2020-02-05	2020-02-12	2020-02-09	"Dry_Forest"	-12.278013	49.381504
"P27359_1023"	"SZCEIZ"	"T9VS8I"	2019-09-18	2019-09-25	2019-09-22	"Rainforest"	-15.67664	49.95653
"P27359_1024"	"SIK3IM"	"TG6SK4"	2019-08-21	2019-08-28	2019-08-25	"Rainforest"	-13.40849	48.30587
"P27359_1027"	"S7GYN6"	"TW51Z9"	2020-06-24	2020-07-01	2020-06-28	"Dry_Forest"	-12.278013	49.381504
"P27359_1028"	"S2A4X8"	"TAVVN5"	2019-12-04	2019-12-11	2019-12-08	"Rainforest"	-12.515596	49.180805
"P27359_1029"	"SSYYRL"	"TPQKYN"	2020-07-01	2020-07-08	2020-07-05	"Rainforest"	-16.28466	48.81669
"P27359_1030"	"SPINMQ"	"TRA8W1"	2020-02-12	2020-02-19	2020-02-16	"Rainforest"	-14.43606	49.75736
"P27359_1031"	"SWFATT"	"TUAPDE"	2019-08-14	2019-08-21	2019-08-18	"Rainforest"	-12.517164	49.179873
"P27359_1032"	"S29GDP"	"TQKQRH"	2020-06-03	2020-06-10	2020-06-07	"Rainforest"	-15.68117	49.9577
"P27359_1033"	"SMZY3H"	"TPQKYN"	2020-06-03	2020-06-10	2020-06-07	"Rainforest"	-16.28466	48.81669
"P27359_1034"	"SRIHAH"	"TW51Z9"	2019-09-18	2019-09-25	2019-09-22	"Dry_Forest"	-12.278013	49.381504
"P27359_1035"	"STGLFK"	"TUAPDE"	2020-01-01	2020-01-08	2020-01-05	"Rainforest"	-12.517164	49.179873
"P27359_1036"	"SH6BP9"	"TPQKYN"	2020-07-22	2020-07-29	2020-07-26	"Rainforest"	-16.28466	48.81669
"P27359_1037"	"S9CEEK"	"TIYMCS"	2020-02-26	2020-03-04	2020-03-01	"Dry_Forest"	-22.88694444	44.69277778
"P27359_1038"	"SLXJWR"	"TYBVPP"	2020-03-11	2020-03-18	2020-03-15	"Dry_Forest"	-23.655035	44.629599
"P27359_1039"	"SVME5L"	"TEGSKQ"	2020-01-01	2020-01-08	2020-01-05	"Rainforest"	-18.86682	48.29323
"P27359_1040"	"SCCVYS"	"TFBCWJ"	2019-08-14	2019-08-21	2019-08-18	"Rainforest"	-24.58194444	47.135
"P27359_1041"	"SZSCGF"	"TK4SS2"	2019-12-04	2019-12-11	2019-12-08	"Dry_Forest"	-19.14032	44.81435
"P27359_1042"	"S1DDKX"	"THYGHQ"	2019-12-04	2019-12-11	2019-12-08	"Dry_Forest"	-20.7949	44.16618
"P27359_1043"	"SXMN4K"	"TW51Z9"	2020-07-29	2020-08-05	2020-08-02	"Dry_Forest"	-12.278013	49.381504
"P27359_1044"	"SHIXJZ"	"TFBCWJ"	2019-12-11	2019-12-19	2019-12-15	"Rainforest"	-24.58194444	47.135
"P27359_1045"	"S6QRW8"	"TYBVPP"	2019-09-19	2019-09-25	2019-09-22	"Dry_Forest"	-23.655035	44.629599
"P27359_1046"	"SIQQA4"	"TRA8W1"	2020-01-08	2020-01-15	2020-01-12	"Rainforest"	-14.43606	49.75736
"P27359_1047"	"SU5I7Y"	"TR4LDL"	2019-10-16	2019-10-23	2019-10-20	"Dry_Forest"	-15.97018	45.71465
"P27359_1048"	"SVRGVE"	"TFBCWJ"	2020-06-17	2020-06-24	2020-06-21	"Rainforest"	-24.58194444	47.135
"P27359_1049"	"SSWHUD"	"TKDVTA"	2020-01-01	2020-01-08	2020-01-05	"Rainforest"	-24.5825	47.15027778
"P27359_1050"	"SX563R"	"TFBCWJ"	2019-11-06	2019-11-13	2019-11-10	"Rainforest"	-24.58194444	47.135
"P27359_1051"	"SXHEXU"	"TQCQRI"	2020-01-15	2020-01-22	2020-01-19	"Dry_Forest"	-16.32714	46.82259
"P27359_1052"	"SQXTLN"	"TFBCWJ"	2019-09-11	2019-09-18	2019-09-15	"Rainforest"	-24.58194444	47.135
"P27359_1053"	"SCKK2D"	"TRA8W1"	2019-09-18	2019-09-25	2019-09-22	"Rainforest"	-14.43606	49.75736
"P27359_1054"	"SKKAPL"	"TULADB"	2019-11-06	2019-11-13	2019-11-10	"Rainforest"	-24.585	47.13583333
"P27359_1055"	"S6G8FK"	"TR4LDL"	2019-08-28	2019-09-04	2019-09-01	"Dry_Forest"	-15.97018	45.71465
"P27359_1056"	"SZCDTC"	"TEGSKQ"	2020-04-22	2020-04-29	2020-04-26	"Rainforest"	-18.86682	48.29323
"P27359_1057"	"S9ZT1W"	"TG1QMA"	2019-08-21	2019-08-28	2019-08-25	"Dry_Forest"	-20.06509	44.65473
"P27359_1058"	"SIRXE4"	"TAVVN5"	2020-06-17	2020-06-24	2020-06-21	"Rainforest"	-12.515596	49.180805
"P27359_1059"	"SHVWHK"	"TR4LDL"	2019-10-09	2019-10-16	2019-10-13	"Dry_Forest"	-15.97018	45.71465
"P27359_1060"	"S6DXZF"	"TFBCWJ"	2019-12-18	2019-12-25	2019-12-22	"Rainforest"	-24.58194444	47.135
"P27359_1061"	"SNIJEN"	"TPSMAA"	2020-02-26	2020-03-04	2020-03-01	"Montane_Rainforest"	-18.196437	47.286287
"P27359_1062"	"SDMUGG"	"T6UDMB"	2020-07-01	2020-07-08	2020-07-05	"Dry_Forest"	-22.82777778	43.51916667
"P27359_1063"	"SN1MUJ"	"T6UDMB"	2019-08-28	2019-09-04	2019-09-01	"Dry_Forest"	-22.82777778	43.51916667
"P27359_1064"	"SHXQ38"	"TYBVPP"	2020-01-08	2020-01-15	2020-01-12	"Dry_Forest"	-23.655035	44.629599
"P27359_1065"	"SKGVUN"	"T6UDMB"	2019-11-20	2019-11-27	2019-11-24	"Dry_Forest"	-22.82777778	43.51916667
"P27359_1066"	"SC6XJG"	"TR4LDL"	2020-04-08	2020-04-15	2020-04-12	"Dry_Forest"	-15.97018	45.71465
"P27359_1069"	"S4ZJWW"	"TK4SS2"	2020-01-08	2020-01-15	2020-01-12	"Dry_Forest"	-19.14032	44.81435
"P27359_1070"	"SDFPBD"	"TB43DA"	2020-04-08	2020-04-15	2020-04-12	"Rainforest"	-21.258128	47.422347
"P27359_1071"	"SRZ5QC"	"TRJZGH"	2020-05-06	2020-05-13	2020-05-10	"Rainforest"	-14.44448	49.73728
"P27359_1072"	"SWSNSY"	"TRA8W1"	2020-04-08	2020-04-15	2020-04-12	"Rainforest"	-14.43606	49.75736
"P27359_1073"	"S9WEPV"	"TULADB"	2020-07-29	2020-08-05	2020-08-02	"Rainforest"	-24.585	47.13583333
"P27359_1074"	"SNIB2K"	"TRA8W1"	2019-08-28	2019-09-04	2019-09-01	"Rainforest"	-14.43606	49.75736
"P27359_1075"	"SRY85Q"	"TB43DA"	2020-04-01	2020-04-08	2020-04-05	"Rainforest"	-21.258128	47.422347
"P27359_1076"	"SUCPW3"	"TFBCWJ"	2020-06-24	2020-07-01	2020-06-28	"Rainforest"	-24.58194444	47.135
"P27359_1077"	"SYY7GN"	"TRA8W1"	2019-11-13	2019-11-20	2019-11-17	"Rainforest"	-14.43606	49.75736
"P27359_1078"	"SCBBDG"	"TR4LDL"	2020-01-15	2020-01-23	2020-01-19	"Dry_Forest"	-15.97018	45.71465
"P27359_1079"	"SJCXPA"	"TULADB"	2020-05-27	2020-06-03	2020-05-31	"Rainforest"	-24.585	47.13583333
"P27359_1080"	"SIZT5X"	"TKDVTA"	2019-10-23	2019-10-31	2019-10-27	"Rainforest"	-24.5825	47.15027778
"P27359_1081"	"SVGXEG"	"TXS3QU"	2019-08-28	2019-09-04	2019-09-01	"Rainforest"	-14.44021	49.77818
"P27359_1082"	"SERJII"	"TG6SK4"	2019-10-16	2019-10-23	2019-10-20	"Rainforest"	-13.40849	48.30587
"P27359_1083"	"SPJZGR"	"TPQKYN"	2020-02-12	2020-02-19	2020-02-16	"Rainforest"	-16.28466	48.81669
"P27359_1084"	"SRJA36"	"TXS3QU"	2020-04-29	2020-05-06	2020-05-03	"Rainforest"	-14.44021	49.77818
"P27359_1085"	"SBKHJD"	"TFBCWJ"	2020-04-02	2020-04-09	2020-04-06	"Rainforest"	-24.58194444	47.135
"P27359_1086"	"SL1CTU"	"TXS3QU"	2019-11-13	2019-11-20	2019-11-17	"Rainforest"	-14.44021	49.77818
"P27359_1087"	"SGZEU3"	"TB43DA"	2019-12-11	2019-12-18	2019-12-15	"Rainforest"	-21.258128	47.422347
"P27359_1088"	"SWADF7"	"TB43DA"	2020-01-08	2020-01-15	2020-01-12	"Rainforest"	-21.258128	47.422347
"P27359_1089"	"SJQ87B"	"TRA8W1"	2019-10-24	2019-10-30	2019-10-27	"Rainforest"	-14.43606	49.75736
"P27359_1090"	"SC7TA1"	"TR4LDL"	2020-02-12	2020-02-19	2020-02-16	"Dry_Forest"	-15.97018	45.71465
"P27359_1091"	"SRHXBG"	"TB43DA"	2019-10-16	2019-10-23	2019-10-20	"Rainforest"	-21.258128	47.422347
"P27359_1092"	"SW7ZDK"	"TFWNLD"	2019-10-23	2019-10-30	2019-10-27	"Dry_Forest"	-16.32886	46.82082
"P27359_1099"	"SDLX2K"	"TFBCWJ"	2019-11-13	2019-11-20	2019-11-17	"Rainforest"	-24.58194444	47.135
"P27359_1100"	"SAP8HW"	"TFBCWJ"	2020-07-01	2020-07-08	2020-07-05	"Rainforest"	-24.58194444	47.135
"P27359_1101"	"SBGMLN"	"TAVVN5"	2020-05-06	2020-05-14	2020-05-10	"Rainforest"	-12.515596	49.180805
"P27359_1102"	"SMAR4V"	"TKRH5P"	2020-07-22	2020-07-29	2020-07-26	"Dry_Forest"	-16.46848	45.41309
"P27359_1103"	"SKRL6U"	"TKRH5P"	2019-09-18	2019-09-25	2019-09-22	"Dry_Forest"	-16.46848	45.41309
"P27359_1104"	"STFHWG"	"T6UDMB"	2020-03-05	2020-03-11	2020-03-08	"Dry_Forest"	-22.82777778	43.51916667
"P27359_1105"	"STSSJR"	"TG6SK4"	2020-07-01	2020-07-08	2020-07-05	"Rainforest"	-13.40849	48.30587
"P27359_1106"	"S3AUJP"	"TUP4R5"	2020-04-08	2020-04-15	2020-04-12	"Dry_Forest"	-24.02303	43.7859
"P27359_1107"	"SI7BP8"	"T9VS8I"	2020-03-04	2020-03-11	2020-03-08	"Rainforest"	-15.67664	49.95653
"P27359_1108"	"SRIYBQ"	"TRA8W1"	2020-03-04	2020-03-11	2020-03-08	"Rainforest"	-14.43606	49.75736
"P27359_1109"	"SDSYML"	"TUAPDE"	2020-07-22	2020-07-29	2020-07-26	"Rainforest"	-12.517164	49.179873
"P27359_1110"	"SEHLEG"	"TK1MIJ"	2020-07-22	2020-07-29	2020-07-26	"Dry_Forest"	-13.14696	49.70374
"P27359_1111"	"SU2P7Y"	"TK1MIJ"	2019-10-16	2019-10-23	2019-10-20	"Dry_Forest"	-13.14696	49.70374
"P27359_1112"	"S7RFGD"	"TRJZGH"	2020-07-01	2020-07-08	2020-07-05	"Rainforest"	-14.44448	49.73728
"P27359_1113"	"S4BZGF"	"TAHDZD"	2019-10-23	2019-10-30	2019-10-27	"Rainforest"	-14.437	49.74282
"P27359_1114"	"SF6JZ9"	"T6UDMB"	2020-02-05	2020-02-12	2020-02-09	"Dry_Forest"	-22.82777778	43.51916667
"P27359_1115"	"SB8UGE"	"TKRH5P"	2020-03-04	2020-03-11	2020-03-08	"Dry_Forest"	-16.46848	45.41309
"P27359_1116"	"SY243Y"	"TKDVTA"	2019-11-20	2019-11-27	2019-11-24	"Rainforest"	-24.5825	47.15027778
"P27359_1117"	"SBLRBZ"	"TULADB"	2020-01-09	2020-01-16	2020-01-13	"Rainforest"	-24.585	47.13583333
"P27359_1118"	"SQ9KBF"	"TRJZGH"	2020-06-03	2020-06-10	2020-06-07	"Rainforest"	-14.44448	49.73728
"P27359_1119"	"SLZZKQ"	"TEGSKQ"	2019-08-28	2019-09-04	2019-09-01	"Rainforest"	-18.86682	48.29323
"P27359_1120"	"SINM88"	"TFBCWJ"	2019-11-21	2019-11-27	2019-11-24	"Rainforest"	-24.58194444	47.135
"P27359_1121"	"SI9GMT"	"TYBVPP"	2019-12-11	2019-12-18	2019-12-15	"Dry_Forest"	-23.655035	44.629599
"P27359_1122"	"SCJHRJ"	"THYGHQ"	2020-04-29	2020-05-06	2020-05-03	"Dry_Forest"	-20.7949	44.16618
"P27359_1123"	"SBC7PQ"	"TYBVPP"	2019-10-16	2019-10-23	2019-10-20	"Dry_Forest"	-23.655035	44.629599
"P27359_1124"	"SEKK4F"	"TUAPDE"	2020-07-29	2020-08-05	2020-08-02	"Rainforest"	-12.517164	49.179873
"P27359_1125"	"SUYNIC"	"T6UDMB"	2019-11-13	2019-11-20	2019-11-17	"Dry_Forest"	-22.82777778	43.51916667
"P27359_1126"	"S62QIH"	"T6UDMB"	2019-09-25	2019-10-02	2019-09-29	"Dry_Forest"	-22.82777778	43.51916667
"P27359_1127"	"SMMRKL"	"TEGSKQ"	2020-03-04	2020-03-11	2020-03-08	"Rainforest"	-18.86682	48.29323
"P27359_1128"	"SMU9S7"	"TEGSKQ"	2020-05-27	2020-06-10	2020-06-03	"Rainforest"	-18.86682	48.29323
"P27359_1129"	"SUXY6Q"	"THI5PX"	2020-04-08	2020-04-15	2020-04-12	"Dry_Forest"	-12.682717	49.545424
"P27359_1130"	"SK5PSV"	"TXS3QU"	2020-04-08	2020-04-16	2020-04-12	"Rainforest"	-14.44021	49.77818
"P27359_1131"	"SRIGPQ"	"TEGSKQ"	2020-07-22	2020-07-29	2020-07-26	"Rainforest"	-18.86682	48.29323
"P27359_1132"	"SZNZFL"	"THI5PX"	2019-12-11	2019-12-18	2019-12-15	"Dry_Forest"	-12.682717	49.545424
"P27359_1133"	"SH44WW"	"TRA8W1"	2019-11-20	2019-11-27	2019-11-24	"Rainforest"	-14.43606	49.75736
"P27359_1134"	"SMHLSC"	"TAHDZD"	2019-12-18	2019-12-25	2019-12-22	"Rainforest"	-14.437	49.74282
"P27359_1135"	"SYQQSF"	"TKDVTA"	2019-12-11	2019-12-19	2019-12-15	"Rainforest"	-24.5825	47.15027778
"P27359_1136"	"SFQIUU"	"THYGHQ"	2019-12-19	2019-12-25	2019-12-22	"Dry_Forest"	-20.7949	44.16618
"P27359_1137"	"SCNYSM"	"TEGSKQ"	2019-11-13	2019-11-20	2019-11-17	"Rainforest"	-18.86682	48.29323
"P27359_1138"	"SLKDYQ"	"THYGHQ"	2020-03-04	2020-03-11	2020-03-08	"Dry_Forest"	-20.7949	44.16618
"P27359_1141"	"SDVETF"	"TRKQU5"	2020-06-17	2020-06-24	2020-06-21	"Dry_Forest"	-12.96002	49.120911
"P27359_1142"	"S4NLDQ"	"T4ZF4M"	2019-11-06	2019-11-13	2019-11-10	"Dry_Forest"	-22.53959	45.37872
"P27359_1143"	"S3UYRV"	"TRKQU5"	2019-12-04	2019-12-11	2019-12-08	"Dry_Forest"	-12.96002	49.120911
"P27359_1144"	"SKNFLV"	"TNQVM4"	2019-12-25	2020-01-01	2019-12-29	"Rainforest"	-15.67889	49.95685
"P27359_1145"	"SSQB3S"	"TK4SS2"	2019-08-14	2019-08-21	2019-08-18	"Dry_Forest"	-19.14032	44.81435
"P27359_1146"	"SVSYCU"	"TUAPDE"	2020-02-26	2020-03-04	2020-03-01	"Rainforest"	-12.517164	49.179873
"P27359_1147"	"SZF3ET"	"TUP4R5"	2019-08-28	2019-09-04	2019-09-01	"Dry_Forest"	-24.02303	43.7859
"P27359_1148"	"S4MXWW"	"TNKTYG"	2019-11-06	2019-11-13	2019-11-10	"Rainforest"	-12.514783	49.181247
"P27359_1149"	"SSRQUT"	"TRKQU5"	2020-05-20	2020-05-27	2020-05-24	"Dry_Forest"	-12.96002	49.120911
"P27359_1150"	"SJS8SE"	"TKRH5P"	2019-10-09	2019-10-16	2019-10-13	"Dry_Forest"	-16.46848	45.41309
"P27359_1151"	"SBA5QL"	"TAVVN5"	2019-08-21	2019-08-28	2019-08-25	"Rainforest"	-12.515596	49.180805
"P27359_1152"	"SK18RL"	"TUAPDE"	2019-10-09	2019-10-16	2019-10-13	"Rainforest"	-12.517164	49.179873
"P27359_1153"	"SRBMS6"	"TQCQRI"	2019-12-04	2019-12-11	2019-12-08	"Dry_Forest"	-16.32714	46.82259
"P27359_1154"	"SPRXIP"	"TRKQU5"	2019-11-06	2019-11-13	2019-11-10	"Dry_Forest"	-12.96002	49.120911
"P27359_1155"	"SSFTCH"	"THGFVB"	2020-06-17	2020-06-24	2020-06-21	"Rainforest"	-23.18722222	47.71861111
"P27359_1156"	"SIXSZX"	"TQKQRH"	2020-04-22	2020-04-29	2020-04-26	"Rainforest"	-15.68117	49.9577
"P27359_1157"	"SKCVLT"	"TDY8SA"	2020-03-25	2020-04-01	2020-03-29	"Montane_Rainforest"	-18.41335	47.94285
"P27359_1158"	"SVH2ZM"	"TQKQRH"	2020-01-29	2020-02-05	2020-02-02	"Rainforest"	-15.68117	49.9577
"P27359_1159"	"SVT3TU"	"T4ZF4M"	2019-09-11	2019-09-18	2019-09-15	"Dry_Forest"	-22.53959	45.37872
"P27359_1160"	"SBYX1W"	"TIPGKX"	2019-10-16	2019-10-23	2019-10-20	"Dry_Forest"	-25.540964	45.137877
"P27359_1161"	"SPWYJ3"	"TUAPDE"	2019-11-06	2019-11-13	2019-11-10	"Rainforest"	-12.517164	49.179873
"P27359_1162"	"S7AAQH"	"THYGHQ"	2020-02-26	2020-03-04	2020-03-01	"Dry_Forest"	-20.7949	44.16618
"P27359_1163"	"SB7YK2"	"TFBCWJ"	2019-08-28	2019-09-04	2019-09-01	"Rainforest"	-24.58194444	47.135
"P27359_1164"	"STZRZL"	"TFBCWJ"	2019-10-23	2019-10-30	2019-10-27	"Rainforest"	-24.58194444	47.135
"P27359_1165"	"SNKLSI"	"THGFVB"	2019-10-09	2019-10-15	2019-10-12	"Rainforest"	-23.18722222	47.71861111
"P27359_1166"	"SABTMI"	"TQCQRI"	2019-08-14	2019-08-21	2019-08-18	"Dry_Forest"	-16.32714	46.82259
"P27359_1167"	"SVIMCC"	"TQKQRH"	2019-08-14	2019-08-21	2019-08-18	"Rainforest"	-15.68117	49.9577
"P27359_1168"	"SLLZ2T"	"TDY8SA"	2019-09-18	2019-09-25	2019-09-22	"Montane_Rainforest"	-18.41335	47.94285
"P27359_1169"	"SMSJP6"	"THYGHQ"	2019-10-16	2019-10-23	2019-10-20	"Dry_Forest"	-20.7949	44.16618
"P27359_1170"	"SG5GVI"	"TIPGKX"	2020-02-13	2020-02-19	2020-02-16	"Dry_Forest"	-25.540964	45.137877
"P27359_1171"	"STBZRP"	"TYBVPP"	2020-02-05	2020-02-12	2020-02-09	"Dry_Forest"	-23.655035	44.629599
"P27359_1172"	"SSYEXP"	"TB43DA"	2020-03-04	2020-03-11	2020-03-08	"Rainforest"	-21.258128	47.422347
"P27359_1173"	"SHQUT1"	"TN1QSL"	2019-10-16	2019-10-23	2019-10-20	"Dry_Forest"	-16.06344	45.26049
"P27359_1174"	"SWZWQL"	"TN1QSL"	2019-12-11	2019-12-18	2019-12-15	"Dry_Forest"	-16.06344	45.26049
"P27359_1175"	"SWH4NF"	"THYGHQ"	2020-07-01	2020-07-08	2020-07-05	"Dry_Forest"	-20.7949	44.16618
"P27359_1176"	"SJRH2B"	"T6UDMB"	2019-10-16	2019-10-23	2019-10-20	"Dry_Forest"	-22.82777778	43.51916667
"P27359_1177"	"SMCXEN"	"TZJWN3"	2020-05-27	2020-06-03	2020-05-31	"Rainforest"	-17.9201	49.20044
"P27359_1178"	"SRHCZP"	"TG6SK4"	2020-03-04	2020-03-11	2020-03-08	"Rainforest"	-13.40849	48.30587
"P27359_1179"	"SSXDKX"	"TN1QSL"	2019-08-21	2019-08-28	2019-08-25	"Dry_Forest"	-16.06344	45.26049
"P27359_1180"	"SIQXE6"	"THGFVB"	2019-10-23	2019-10-30	2019-10-27	"Rainforest"	-23.18722222	47.71861111
"P27359_1183"	"SQQXLX"	"TXS3QU"	2019-09-18	2019-09-25	2019-09-22	"Rainforest"	-14.44021	49.77818
"P27359_1184"	"STLUM6"	"TDY8SA"	2020-04-22	2020-04-29	2020-04-26	"Montane_Rainforest"	-18.41335	47.94285
"P27359_1185"	"SDMVSB"	"T6UDMB"	2020-04-29	2020-05-06	2020-05-03	"Dry_Forest"	-22.82777778	43.51916667
"P27359_1186"	"SWY36F"	"TUAPDE"	2020-05-06	2020-05-13	2020-05-10	"Rainforest"	-12.517164	49.179873
"P27359_1187"	"SVFAUZ"	"TUAPDE"	2019-09-18	2019-09-25	2019-09-22	"Rainforest"	-12.517164	49.179873
"P27359_1188"	"SLUANM"	"TUAPDE"	2019-08-21	2019-08-28	2019-08-25	"Rainforest"	-12.517164	49.179873
"P27359_1193"	"SLSRTG"	"T4ZF4M"	2020-04-22	2020-04-29	2020-04-26	"Dry_Forest"	-22.53959	45.37872
"P27359_1194"	"STQA1M"	"TUAPDE"	2019-11-13	2019-11-20	2019-11-17	"Rainforest"	-12.517164	49.179873
"P27359_1195"	"SH8H2L"	"TRGIDB"	2020-04-29	2020-05-06	2020-05-03	"Rainforest"	-16.31439	49.79369
"P27359_1196"	"S32UF2"	"TG1QMA"	2019-10-23	2019-10-31	2019-10-27	"Dry_Forest"	-20.06509	44.65473
"P27359_1197"	"SG7EIA"	"TULADB"	2019-09-18	2019-09-25	2019-09-22	"Rainforest"	-24.585	47.13583333
"P27359_1198"	"SWD3ZD"	"TUH8A4"	2019-08-28	2019-09-05	2019-09-01	"Dry_Forest"	-16.32425	46.82299
"P27359_1199"	"SR7KEF"	"TUAPDE"	2020-04-29	2020-05-06	2020-05-03	"Rainforest"	-12.517164	49.179873
"P27359_1200"	"SEQALA"	"THI5PX"	2020-04-22	2020-05-07	2020-04-30	"Dry_Forest"	-12.682717	49.545424
"P27359_1201"	"S3KTGA"	"TULADB"	2020-04-29	2020-05-06	2020-05-03	"Rainforest"	-24.585	47.13583333
"P27359_1202"	"SXICMS"	"THYGHQ"	2020-06-03	2020-06-10	2020-06-07	"Dry_Forest"	-20.7949	44.16618
"P27359_1203"	"SITBGW"	"TAHDZD"	2019-10-16	2019-10-23	2019-10-20	"Rainforest"	-14.437	49.74282
"P27359_1204"	"SUNCDQ"	"TRGIDB"	2019-12-04	2019-12-11	2019-12-08	"Rainforest"	-16.31439	49.79369
"P27359_1205"	"SMEDXC"	"TG1QMA"	2019-11-13	2019-11-20	2019-11-17	"Dry_Forest"	-20.06509	44.65473
"P27359_1206"	"SKQKTJ"	"TK1MIJ"	2020-02-12	2020-02-19	2020-02-16	"Dry_Forest"	-13.14696	49.70374
"P27359_1208"	"SIRWIC"	"THYGHQ"	2019-12-11	2019-12-19	2019-12-15	"Dry_Forest"	-20.7949	44.16618
"P27359_1209"	"SGHGRR"	"TKDVTA"	2020-04-02	2020-04-09	2020-04-06	"Rainforest"	-24.5825	47.15027778
"P27359_1210"	"S2IMFW"	"TR4LDL"	2020-07-15	2020-07-22	2020-07-19	"Dry_Forest"	-15.97018	45.71465
"P27359_1211"	"SPACF4"	"TRJZGH"	2020-04-01	2020-04-08	2020-04-05	"Rainforest"	-14.44448	49.73728
"P27359_1212"	"SAWGXZ"	"TPSMAA"	2019-11-13	2019-11-20	2019-11-17	"Montane_Rainforest"	-18.196437	47.286287
"P27359_1213"	"SPLJIJ"	"TB43DA"	2020-03-11	2020-03-18	2020-03-15	"Rainforest"	-21.258128	47.422347
"P27359_1214"	"SKNTQG"	"TB43DA"	2020-02-12	2020-02-19	2020-02-16	"Rainforest"	-21.258128	47.422347
"P27359_1215"	"SQITHF"	"TUAPDE"	2019-10-23	2019-10-30	2019-10-27	"Rainforest"	-12.517164	49.179873
"P27359_1216"	"SQBV9Y"	"TULADB"	2020-02-12	2020-02-19	2020-02-16	"Rainforest"	-24.585	47.13583333
"P27359_1217"	"SGG4M7"	"TPSMAA"	2020-04-08	2020-04-15	2020-04-12	"Montane_Rainforest"	-18.196437	47.286287
"P27359_1218"	"S1YNQF"	"TKDVTA"	2019-10-16	2019-10-23	2019-10-20	"Rainforest"	-24.5825	47.15027778
"P27359_1221"	"SR1GBF"	"THYGHQ"	2020-03-11	2020-03-18	2020-03-15	"Dry_Forest"	-20.7949	44.16618
"P27359_1222"	"SVFNAH"	"TIYMCS"	2020-03-11	2020-03-18	2020-03-15	"Dry_Forest"	-22.88694444	44.69277778
"P27359_1223"	"SGEG3T"	"TIPGKX"	2020-01-15	2020-01-22	2020-01-19	"Dry_Forest"	-25.540964	45.137877
"P27359_1224"	"SDGVRH"	"TFBCWJ"	2019-08-21	2019-08-28	2019-08-25	"Rainforest"	-24.58194444	47.135
"P27359_1225"	"SQUMGR"	"TIYMCS"	2019-11-20	2019-11-27	2019-11-24	"Dry_Forest"	-22.88694444	44.69277778
"P27359_1226"	"SJ7X5H"	"TRKQU5"	2020-01-01	2020-01-08	2020-01-05	"Dry_Forest"	-12.96002	49.120911
"P27359_1227"	"SCJINL"	"TEGSKQ"	2020-05-20	2020-05-27	2020-05-24	"Rainforest"	-18.86682	48.29323
"P27359_1228"	"SZC2QD"	"TEGSKQ"	2020-07-15	2020-07-22	2020-07-19	"Rainforest"	-18.86682	48.29323
"P27359_1229"	"SL41QG"	"TDY8SA"	2020-07-15	2020-07-22	2020-07-19	"Montane_Rainforest"	-18.41335	47.94285
"P27359_1230"	"SFUCSJ"	"TNKTYG"	2020-05-06	2020-05-14	2020-05-10	"Rainforest"	-12.514783	49.181247
"P27359_1231"	"S8DZRB"	"T9VS8I"	2020-04-22	2020-04-29	2020-04-26	"Rainforest"	-15.67664	49.95653
"P27359_1232"	"SYDNDC"	"TAHDZD"	2020-04-29	2020-05-06	2020-05-03	"Rainforest"	-14.437	49.74282
"P27359_1233"	"S6WNXM"	"TRKQU5"	2020-05-06	2020-05-13	2020-05-10	"Dry_Forest"	-12.96002	49.120911
"P27359_1234"	"STZSH2"	"TYBVPP"	2019-09-26	2019-10-02	2019-09-29	"Dry_Forest"	-23.655035	44.629599
"P27359_1235"	"SGXYSV"	"TN1QSL"	2020-04-01	2020-04-08	2020-04-05	"Dry_Forest"	-16.06344	45.26049
"P27359_1236"	"S69IL9"	"TNKTYG"	2019-08-21	2019-08-28	2019-08-25	"Rainforest"	-12.514783	49.181247
"P27359_1237"	"SSZY57"	"THYGHQ"	2019-08-28	2019-09-04	2019-09-01	"Dry_Forest"	-20.7949	44.16618
"P27359_1238"	"SQYBR9"	"TDY8SA"	2020-03-04	2020-03-11	2020-03-08	"Montane_Rainforest"	-18.41335	47.94285
"P27359_1239"	"SB2KZN"	"TPSMAA"	2020-04-22	2020-04-29	2020-04-26	"Montane_Rainforest"	-18.196437	47.286287
"P27359_1240"	"SLA5BA"	"TPSMAA"	2019-08-28	2019-09-04	2019-09-01	"Montane_Rainforest"	-18.196437	47.286287
"P27359_1243"	"SNGFWW"	"TK1MIJ"	2020-04-29	2020-05-06	2020-05-03	"Dry_Forest"	-13.14696	49.70374
"P27359_1244"	"SPETHJ"	"THI5PX"	2019-09-11	2019-09-18	2019-09-15	"Dry_Forest"	-12.682717	49.545424
"P27359_1245"	"S7DWYA"	"TRGIDB"	2019-09-11	2019-09-18	2019-09-15	"Rainforest"	-16.31439	49.79369
"P27359_1246"	"SE6YFY"	"TAVVN5"	2020-01-01	2020-01-08	2020-01-05	"Rainforest"	-12.515596	49.180805
"P27359_1247"	"SFEG4A"	"TIYMCS"	2020-04-22	2020-04-29	2020-04-26	"Dry_Forest"	-22.88694444	44.69277778
"P27359_1248"	"SQZSQK"	"TPSMAA"	2020-05-20	2020-05-27	2020-05-24	"Montane_Rainforest"	-18.196437	47.286287
"P27359_1249"	"SQAVPS"	"TRKQU5"	2020-04-08	2020-04-15	2020-04-12	"Dry_Forest"	-12.96002	49.120911
"P27359_1250"	"SVRBFD"	"TIYMCS"	2020-01-29	2020-02-05	2020-02-02	"Dry_Forest"	-22.88694444	44.69277778
"P27359_1251"	"SVEALZ"	"T4ZF4M"	2020-01-01	2020-01-08	2020-01-05	"Dry_Forest"	-22.53959	45.37872
"P27359_1252"	"SWVZEI"	"TPSMAA"	2019-09-11	2019-09-18	2019-09-15	"Montane_Rainforest"	-18.196437	47.286287
"P27359_1253"	"SJ9ASH"	"TIYMCS"	2019-11-13	2019-11-20	2019-11-17	"Dry_Forest"	-22.88694444	44.69277778
"P27359_1254"	"SX3GAC"	"TN1QSL"	2020-05-06	2020-05-13	2020-05-10	"Dry_Forest"	-16.06344	45.26049
"P27359_1255"	"SUFSIW"	"TRA8W1"	2019-08-21	2019-08-28	2019-08-25	"Rainforest"	-14.43606	49.75736
"P27359_1256"	"SQLPZD"	"T9VS8I"	2019-08-28	2019-09-04	2019-09-01	"Rainforest"	-15.67664	49.95653
"P27359_1257"	"SJKD3Z"	"TIYMCS"	2020-07-15	2020-07-22	2020-07-19	"Dry_Forest"	-22.88694444	44.69277778
"P27359_1258"	"S7HHPX"	"TIYMCS"	2019-11-06	2019-11-13	2019-11-10	"Dry_Forest"	-22.88694444	44.69277778
"P27359_1259"	"SYH5UF"	"TIYMCS"	2020-03-25	2020-04-01	2020-03-29	"Dry_Forest"	-22.88694444	44.69277778
"P27359_1260"	"SUHNMS"	"TPSMAA"	2020-05-27	2020-06-03	2020-05-31	"Montane_Rainforest"	-18.196437	47.286287
"P27359_1261"	"SRGLIV"	"TUH8A4"	2019-11-13	2019-11-20	2019-11-17	"Dry_Forest"	-16.32425	46.82299
"P27359_1262"	"SMKLIW"	"TIYMCS"	2019-09-18	2019-09-25	2019-09-22	"Dry_Forest"	-22.88694444	44.69277778
"P27359_1263"	"SYTWCC"	"THI5PX"	2019-10-16	2019-10-23	2019-10-20	"Dry_Forest"	-12.682717	49.545424
"P27359_1264"	"SR352S"	"TDKTHY"	2020-03-04	2020-03-11	2020-03-08	"Rainforest"	-18.96534	48.45539
"P27359_1265"	"SWQGGP"	"TIYMCS"	2020-05-06	2020-05-13	2020-05-10	"Dry_Forest"	-22.88694444	44.69277778
"P27359_1266"	"SCF7TY"	"TN1QSL"	2020-05-27	2020-06-03	2020-05-31	"Dry_Forest"	-16.06344	45.26049
"P27359_1267"	"S4TVFM"	"TNQVM4"	2020-01-15	2020-01-22	2020-01-19	"Rainforest"	-15.67889	49.95685
"P27359_1268"	"SFNRGH"	"TK1MIJ"	2019-12-11	2019-12-18	2019-12-15	"Dry_Forest"	-13.14696	49.70374
"P27359_1269"	"SEN9BZ"	"TDY8SA"	2019-08-28	2019-09-04	2019-09-01	"Montane_Rainforest"	-18.41335	47.94285
"P27359_1270"	"SIQL2Q"	"T4ZF4M"	2020-06-03	2020-06-10	2020-06-07	"Dry_Forest"	-22.53959	45.37872
"P27359_1271"	"SUSFHH"	"TG1QMA"	2019-09-25	2019-10-02	2019-09-29	"Dry_Forest"	-20.06509	44.65473
"P27359_1272"	"SJRN9H"	"TK1MIJ"	2020-04-01	2020-04-08	2020-04-05	"Dry_Forest"	-13.14696	49.70374
"P27359_1273"	"STMEG4"	"TN1QSL"	2020-06-03	2020-06-10	2020-06-07	"Dry_Forest"	-16.06344	45.26049
"P27359_1274"	"S8WYFV"	"TDKTHY"	2020-02-05	2020-02-12	2020-02-09	"Rainforest"	-18.96534	48.45539
"P27359_1275"	"S5ZSUY"	"TUH8A4"	2019-10-16	2019-10-23	2019-10-20	"Dry_Forest"	-16.32425	46.82299
"P27359_1276"	"SQNHMC"	"TDY8SA"	2020-03-11	2020-03-18	2020-03-15	"Montane_Rainforest"	-18.41335	47.94285
"P27359_1277"	"SWM3YE"	"T4ZF4M"	2019-11-20	2019-11-27	2019-11-24	"Dry_Forest"	-22.53959	45.37872
"P27359_1278"	"SHG58K"	"TN1QSL"	2020-02-12	2020-02-19	2020-02-16	"Dry_Forest"	-16.06344	45.26049
"P27359_1279"	"SWQRIV"	"TNQVM4"	2020-06-03	2020-06-10	2020-06-07	"Rainforest"	-15.67889	49.95685
"P27359_1280"	"S2YLXU"	"TDKTHY"	2020-05-06	2020-05-13	2020-05-10	"Rainforest"	-18.96534	48.45539
"P27359_1281"	"SGFNHF"	"TPSMAA"	2019-10-23	2019-10-30	2019-10-27	"Montane_Rainforest"	-18.196437	47.286287
"P27359_1282"	"SVRMMM"	"TR4LDL"	2020-04-29	2020-05-06	2020-05-03	"Dry_Forest"	-15.97018	45.71465
"P27359_1283"	"SEPQ3L"	"TR4LDL"	2019-10-23	2019-10-30	2019-10-27	"Dry_Forest"	-15.97018	45.71465
"P27359_1284"	"SRRSKD"	"TYBVPP"	2019-10-23	2019-10-31	2019-10-27	"Dry_Forest"	-23.655035	44.629599
"P27359_2841"	"SVJMAS"	"TEGSKQ"	2019-11-20	2019-11-27	2019-11-24	"Rainforest"	-18.86682	48.29323
"P27359_2842"	"SMXL6K"	"THI5PX"	2020-06-03	2020-06-10	2020-06-07	"Dry_Forest"	-12.682717	49.545424
"P27359_2843"	"STEEKQ"	"TPSMAA"	2020-03-11	2020-03-18	2020-03-15	"Montane_Rainforest"	-18.196437	47.286287
"P27359_2844"	"SZ1SDL"	"TRKQU5"	2019-11-13	2019-11-20	2019-11-17	"Dry_Forest"	-12.96002	49.120911
"P27359_2845"	"SI5WNZ"	"TXS3QU"	2020-03-11	2020-03-19	2020-03-15	"Rainforest"	-14.44021	49.77818
"P27359_2846"	"SGRUF1"	"TRGIDB"	2019-11-13	2019-11-20	2019-11-17	"Rainforest"	-16.31439	49.79369
"P27359_2847"	"SHWJJX"	"TUH8A4"	2019-08-21	2019-08-28	2019-08-25	"Dry_Forest"	-16.32425	46.82299
"P27359_2848"	"SAXRI7"	"T9VS8I"	2020-07-22	2020-07-29	2020-07-26	"Rainforest"	-15.67664	49.95653
"P27359_2849"	"SS9PIU"	"TIPGKX"	2019-12-11	2019-12-18	2019-12-15	"Dry_Forest"	-25.540964	45.137877
"P27359_2850"	"SFIUHM"	"TG6SK4"	2019-12-18	2019-12-25	2019-12-22	"Rainforest"	-13.40849	48.30587
"P27359_2851"	"SLNNTX"	"TDY8SA"	2019-09-25	2019-10-02	2019-09-29	"Montane_Rainforest"	-18.41335	47.94285
"P27359_2852"	"SYQVMP"	"TUH8A4"	2020-01-15	2020-01-22	2020-01-19	"Dry_Forest"	-16.32425	46.82299
"P27359_2853"	"SGVCGN"	"TEGSKQ"	2020-07-29	2020-08-05	2020-08-02	"Rainforest"	-18.86682	48.29323
"P27359_2854"	"SMVLMC"	"TPSMAA"	2019-12-18	2019-12-25	2019-12-22	"Montane_Rainforest"	-18.196437	47.286287
"P27359_2855"	"SRIQS8"	"TKRH5P"	2020-01-08	2020-01-15	2020-01-12	"Dry_Forest"	-16.46848	45.41309
"P27359_2856"	"SADBMF"	"TUP4R5"	2020-06-24	2020-07-01	2020-06-28	"Dry_Forest"	-24.02303	43.7859
"P27359_2859"	"SMIMU5"	"TK1MIJ"	2020-06-03	2020-06-10	2020-06-07	"Dry_Forest"	-13.14696	49.70374
"P27359_2860"	"SMJ5WM"	"TAHDZD"	2020-06-24	2020-07-01	2020-06-28	"Rainforest"	-14.437	49.74282
"P27359_2861"	"SKWZDV"	"TE8SYJ"	2019-11-13	2019-11-20	2019-11-17	"Dry_Forest"	-24.02532	43.73899
"P27359_2862"	"SMM7QI"	"TRGIDB"	2020-03-11	2020-03-18	2020-03-15	"Rainforest"	-16.31439	49.79369
"P27359_2863"	"SHMQ6C"	"THI5PX"	2020-07-01	2020-07-08	2020-07-05	"Dry_Forest"	-12.682717	49.545424
"P27359_2864"	"SFIMZL"	"THI5PX"	2020-07-22	2020-07-29	2020-07-26	"Dry_Forest"	-12.682717	49.545424
"P27359_2865"	"SVUHCL"	"TK4SS2"	2019-08-28	2019-09-04	2019-09-01	"Dry_Forest"	-19.14032	44.81435
"P27359_2866"	"SPCNAW"	"THI5PX"	2019-09-25	2019-10-02	2019-09-29	"Dry_Forest"	-12.682717	49.545424
"P27359_2867"	"STCSHD"	"TK1MIJ"	2019-09-11	2019-09-18	2019-09-15	"Dry_Forest"	-13.14696	49.70374
"P27359_2868"	"SRNIQJ"	"THI5PX"	2019-09-18	2019-09-25	2019-09-22	"Dry_Forest"	-12.682717	49.545424
"P27359_2869"	"SKZB9U"	"TRGIDB"	2019-08-28	2019-09-04	2019-09-01	"Rainforest"	-16.31439	49.79369
"P27359_2870"	"SQKAPT"	"TRGIDB"	2019-12-11	2019-12-18	2019-12-15	"Rainforest"	-16.31439	49.79369
"P27359_2871"	"SFLGZQ"	"THI5PX"	2020-07-29	2020-08-05	2020-08-02	"Dry_Forest"	-12.682717	49.545424
"P27359_2872"	"S3EUDQ"	"TRKQU5"	2019-10-16	2019-10-23	2019-10-20	"Dry_Forest"	-12.96002	49.120911
"P27359_2873"	"SWAKQK"	"TFWNLD"	2019-12-11	2019-12-18	2019-12-15	"Dry_Forest"	-16.32886	46.82082
"P27359_2874"	"SCVL83"	"TNQVM4"	2019-09-25	2019-10-02	2019-09-29	"Rainforest"	-15.67889	49.95685
"P27359_2875"	"SVWQ2B"	"TQKQRH"	2019-10-23	2019-10-30	2019-10-27	"Rainforest"	-15.68117	49.9577
"P27359_2876"	"SKHHDQ"	"THI5PX"	2019-08-28	2019-09-04	2019-09-01	"Dry_Forest"	-12.682717	49.545424
"P27359_2877"	"SH9EU5"	"TRKQU5"	2019-08-21	2019-08-28	2019-08-25	"Dry_Forest"	-12.96002	49.120911
"P27359_2878"	"SQ1CNX"	"THI5PX"	2020-03-25	2020-04-08	2020-04-01	"Dry_Forest"	-12.682717	49.545424
"P27359_2881"	"SPWBBK"	"THGFVB"	2020-02-05	2020-02-12	2020-02-09	"Rainforest"	-23.18722222	47.71861111
"P27359_2882"	"SAGKBP"	"TNQVM4"	2019-11-13	2019-11-20	2019-11-17	"Rainforest"	-15.67889	49.95685
"P27359_2883"	"SPR9UV"	"TK1MIJ"	2020-04-08	2020-04-15	2020-04-12	"Dry_Forest"	-13.14696	49.70374
"P27359_2884"	"SMV1GY"	"THYGHQ"	2020-07-29	2020-08-05	2020-08-02	"Dry_Forest"	-20.7949	44.16618
"P27359_2885"	"SQSWGX"	"TE8SYJ"	2020-03-11	2020-03-18	2020-03-15	"Dry_Forest"	-24.02532	43.73899
"P27359_2886"	"SNRSBU"	"TUP4R5"	2020-02-12	2020-02-19	2020-02-16	"Dry_Forest"	-24.02303	43.7859
"P27359_2887"	"SRMTNF"	"TGJ4FW"	2020-01-15	2020-01-22	2020-01-19	"Dry_Forest"	-20.06286	44.65663
"P27359_2888"	"S2FFCN"	"TRKQU5"	2019-09-25	2019-10-02	2019-09-29	"Dry_Forest"	-12.96002	49.120911
"P27359_2889"	"SUAG1E"	"TNQVM4"	2019-12-18	2019-12-25	2019-12-22	"Rainforest"	-15.67889	49.95685
"P27359_2890"	"SYPFT8"	"TUP4R5"	2020-07-01	2020-07-08	2020-07-05	"Dry_Forest"	-24.02303	43.7859
"P27359_2891"	"SAMRKP"	"TG1QMA"	2020-05-06	2020-05-13	2020-05-10	"Dry_Forest"	-20.06509	44.65473
"P27359_2892"	"SUJQ8W"	"TGJ4FW"	2020-06-24	2020-07-01	2020-06-28	"Dry_Forest"	-20.06286	44.65663
"P27359_2893"	"SMRD51"	"TUP4R5"	2020-04-29	2020-05-06	2020-05-03	"Dry_Forest"	-24.02303	43.7859
"P27359_2894"	"SCVFDU"	"TK1MIJ"	2020-02-05	2020-02-12	2020-02-09	"Dry_Forest"	-13.14696	49.70374
"P27359_2895"	"SK8C47"	"TQKQRH"	2020-07-01	2020-07-08	2020-07-05	"Rainforest"	-15.68117	49.9577
"P27359_2896"	"SPQB5X"	"TK1MIJ"	2020-03-11	2020-03-18	2020-03-15	"Dry_Forest"	-13.14696	49.70374
"P27359_2897"	"S4LBGM"	"TFWNLD"	2019-10-16	2019-10-23	2019-10-20	"Dry_Forest"	-16.32886	46.82082
"P27359_2898"	"SFXYCF"	"THYGHQ"	2019-10-23	2019-10-30	2019-10-27	"Dry_Forest"	-20.7949	44.16618
"P27359_2899"	"SLV281"	"TAVVN5"	2020-03-04	2020-03-11	2020-03-08	"Rainforest"	-12.515596	49.180805
"P27359_2900"	"SRZVVU"	"TNQVM4"	2019-10-23	2019-10-30	2019-10-27	"Rainforest"	-15.67889	49.95685
"P27359_2901"	"SNATYR"	"TUP4R5"	2019-09-18	2019-09-25	2019-09-22	"Dry_Forest"	-24.02303	43.7859
"P27359_2902"	"SYX6RH"	"TG1QMA"	2020-06-24	2020-07-01	2020-06-28	"Dry_Forest"	-20.06509	44.65473
"P27359_2903"	"SCED9F"	"THYGHQ"	2019-11-13	2019-11-20	2019-11-17	"Dry_Forest"	-20.7949	44.16618
"P27359_2904"	"SP7SHQ"	"THYGHQ"	2020-02-06	2020-02-12	2020-02-09	"Dry_Forest"	-20.7949	44.16618
"P27359_2905"	"SVGZ9A"	"TRKQU5"	2020-04-29	2020-05-06	2020-05-03	"Dry_Forest"	-12.96002	49.120911
"P27359_2906"	"SYKRUR"	"TUAPDE"	2020-03-11	2020-03-18	2020-03-15	"Rainforest"	-12.517164	49.179873
"P27359_2907"	"SSTRE4"	"TK1MIJ"	2020-06-24	2020-07-01	2020-06-28	"Dry_Forest"	-13.14696	49.70374
"P27359_2908"	"SIWB51"	"TG1QMA"	2019-12-19	2019-12-25	2019-12-22	"Dry_Forest"	-20.06509	44.65473
"P27359_2909"	"SBMRDK"	"TNQVM4"	2020-03-11	2020-03-18	2020-03-15	"Rainforest"	-15.67889	49.95685
"P27359_2910"	"SYFTK4"	"TQKQRH"	2019-11-13	2019-11-20	2019-11-17	"Rainforest"	-15.68117	49.9577
"P27359_2911"	"SQUUNY"	"TRJZGH"	2020-01-08	2020-01-15	2020-01-12	"Rainforest"	-14.44448	49.73728
"P27359_2912"	"SRAVU5"	"TN1QSL"	2019-09-25	2019-10-02	2019-09-29	"Dry_Forest"	-16.06344	45.26049
"P27359_2913"	"SWCJTG"	"TK1MIJ"	2020-07-01	2020-07-08	2020-07-05	"Dry_Forest"	-13.14696	49.70374
"P27359_2914"	"S1UHP6"	"TUP4R5"	2019-11-13	2019-11-20	2019-11-17	"Dry_Forest"	-24.02303	43.7859
"P27359_2915"	"SUQMTY"	"TG1QMA"	2020-07-23	2020-07-29	2020-07-26	"Dry_Forest"	-20.06509	44.65473
"P27359_2916"	"SF8B9C"	"TR4LDL"	2020-05-06	2020-05-13	2020-05-10	"Dry_Forest"	-15.97018	45.71465
"P27359_2917"	"SEKTGS"	"TIPGKX"	2019-10-23	2019-10-30	2019-10-27	"Dry_Forest"	-25.540964	45.137877
"P27359_2918"	"SVEWBI"	"T6UDMB"	2019-09-18	2019-09-25	2019-09-22	"Dry_Forest"	-22.82777778	43.51916667
"P27359_2919"	"SXLHHD"	"TRGIDB"	2019-09-25	2019-10-02	2019-09-29	"Rainforest"	-16.31439	49.79369
"P27359_2920"	"SQPIFE"	"THI5PX"	2020-06-17	2020-07-01	2020-06-24	"Dry_Forest"	-12.682717	49.545424
"P27359_2923"	"SDK7KK"	"TGRG5T"	2019-08-28	2019-09-04	2019-09-01	"Rainforest"	-24.76388889	46.86111111
"P27359_2924"	"SQCJ1A"	"TUP4R5"	2020-01-08	2020-01-15	2020-01-12	"Dry_Forest"	-24.02303	43.7859
"P27359_2925"	"SLCB2P"	"TZJWN3"	2020-07-29	2020-08-05	2020-08-02	"Rainforest"	-17.9201	49.20044
"P27359_2926"	"S3MU7D"	"THGFVB"	2020-06-24	2020-07-01	2020-06-28	"Rainforest"	-23.18722222	47.71861111
"P27359_2927"	"SXZQLD"	"TUP4R5"	2019-08-21	2019-08-28	2019-08-25	"Dry_Forest"	-24.02303	43.7859
"P27359_2928"	"STGR6Z"	"TUP4R5"	2019-10-16	2019-10-23	2019-10-20	"Dry_Forest"	-24.02303	43.7859
"P27359_2929"	"S2VDVS"	"TUP4R5"	2020-01-15	2020-01-22	2020-01-19	"Dry_Forest"	-24.02303	43.7859
"P27359_2930"	"SKS6UM"	"TRA8W1"	2020-03-11	2020-03-18	2020-03-15	"Rainforest"	-14.43606	49.75736
"P27359_2931"	"SPVTQ7"	"TP2FUA"	2020-03-04	2020-03-11	2020-03-08	"Dry_Forest"	-20.06763	44.65485
"P27359_2932"	"SERECT"	"THYGHQ"	2019-08-21	2019-08-28	2019-08-25	"Dry_Forest"	-20.7949	44.16618
"P27359_2937"	"S36ENM"	"TUAPDE"	2020-07-15	2020-07-22	2020-07-19	"Rainforest"	-12.517164	49.179873
"P27359_2938"	"SHY2RW"	"TK4SS2"	2020-04-22	2020-04-29	2020-04-26	"Dry_Forest"	-19.14032	44.81435
"P27359_2939"	"SHAA5Y"	"TZJWN3"	2020-06-03	2020-06-11	2020-06-07	"Rainforest"	-17.9201	49.20044
"P27359_2940"	"SWVC17"	"T6UDMB"	2020-05-13	2020-05-20	2020-05-17	"Dry_Forest"	-22.82777778	43.51916667
"P27359_2941"	"S71CKF"	"TIPGKX"	2020-03-04	2020-03-11	2020-03-08	"Dry_Forest"	-25.540964	45.137877
"P27359_2942"	"SMKSEX"	"TZJWN3"	2020-03-11	2020-03-18	2020-03-15	"Rainforest"	-17.9201	49.20044
"P27359_2943"	"SIBRUH"	"THYGHQ"	2019-11-20	2019-11-27	2019-11-24	"Dry_Forest"	-20.7949	44.16618
"P27359_2944"	"S4BR8D"	"TDY8SA"	2019-09-11	2019-09-18	2019-09-15	"Montane_Rainforest"	-18.41335	47.94285
"P27359_2945"	"SVBLVP"	"TULADB"	2019-12-11	2019-12-19	2019-12-15	"Rainforest"	-24.585	47.13583333
"P27359_2946"	"S7T5C6"	"TNQVM4"	2020-05-13	2020-05-20	2020-05-17	"Rainforest"	-15.67889	49.95685
"P27359_2947"	"SEKHTQ"	"THGFVB"	2020-03-04	2020-03-11	2020-03-08	"Rainforest"	-23.18722222	47.71861111
"P27359_2948"	"SMIF9M"	"TZJWN3"	2020-07-22	2020-07-29	2020-07-26	"Rainforest"	-17.9201	49.20044
"P27359_2949"	"SAUAZ2"	"THGFVB"	2019-08-21	2019-08-28	2019-08-25	"Rainforest"	-23.18722222	47.71861111
"P27359_2950"	"SAATDU"	"THGFVB"	2020-07-01	2020-07-08	2020-07-05	"Rainforest"	-23.18722222	47.71861111
"P27359_2951"	"SD6YN9"	"TEGSKQ"	2019-10-23	2019-10-31	2019-10-27	"Rainforest"	-18.86682	48.29323
"P27359_2952"	"SXDQWT"	"TFWNLD"	2019-09-11	2019-09-18	2019-09-15	"Dry_Forest"	-16.32886	46.82082
"P27359_2953"	"SZZRVA"	"TKRH5P"	2019-10-23	2019-10-30	2019-10-27	"Dry_Forest"	-16.46848	45.41309
"P27359_2954"	"S9BH6Q"	"TG1QMA"	2020-06-03	2020-06-10	2020-06-07	"Dry_Forest"	-20.06509	44.65473
"P27359_2955"	"SLXSEJ"	"TFBCWJ"	2020-04-29	2020-05-06	2020-05-03	"Rainforest"	-24.58194444	47.135
"P27359_2956"	"SGC6ET"	"TRA8W1"	2020-06-24	2020-07-01	2020-06-28	"Rainforest"	-14.43606	49.75736
"P27359_2957"	"SUBAJA"	"TK1MIJ"	2020-07-29	2020-08-05	2020-08-02	"Dry_Forest"	-13.14696	49.70374
"P27359_2958"	"SWDYET"	"TRKQU5"	2020-03-25	2020-04-01	2020-03-29	"Dry_Forest"	-12.96002	49.120911
"P27359_2959"	"SVNTLH"	"TIPGKX"	2019-12-18	2019-12-25	2019-12-22	"Dry_Forest"	-25.540964	45.137877
"P27359_2960"	"SBAATQ"	"TXS3QU"	2020-02-06	2020-02-12	2020-02-09	"Rainforest"	-14.44021	49.77818
"P27359_2961"	"SUD1MJ"	"T9VS8I"	2020-06-17	2020-06-24	2020-06-21	"Rainforest"	-15.67664	49.95653
"P27359_2962"	"SRXQP3"	"TYBVPP"	2020-04-29	2020-05-06	2020-05-03	"Dry_Forest"	-23.655035	44.629599
"P27359_2963"	"SSUIJP"	"TAHDZD"	2020-02-05	2020-02-12	2020-02-09	"Rainforest"	-14.437	49.74282
"P27359_2964"	"SQ9AYS"	"TZJWN3"	2020-04-29	2020-05-06	2020-05-03	"Rainforest"	-17.9201	49.20044
"P27359_2965"	"SQTFLM"	"TAHDZD"	2020-01-15	2020-01-22	2020-01-19	"Rainforest"	-14.437	49.74282
"P27359_2966"	"SJXCFM"	"TKRH5P"	2019-12-04	2019-12-11	2019-12-08	"Dry_Forest"	-16.46848	45.41309
"P27359_2967"	"SVJDYG"	"TXS3QU"	2020-05-27	2020-06-03	2020-05-31	"Rainforest"	-14.44021	49.77818
"P27359_2968"	"S2AP2C"	"TKRH5P"	2020-03-11	2020-03-18	2020-03-15	"Dry_Forest"	-16.46848	45.41309
"P27359_2969"	"S8NHVM"	"TAHDZD"	2019-09-25	2019-10-02	2019-09-29	"Rainforest"	-14.437	49.74282
"P27359_2970"	"SMICZ4"	"T9VS8I"	2020-05-20	2020-05-27	2020-05-24	"Rainforest"	-15.67664	49.95653
"P27359_2973"	"SQCWNW"	"TFBCWJ"	2020-04-09	2020-04-16	2020-04-13	"Rainforest"	-24.58194444	47.135
"P27359_2974"	"SFJKHH"	"TEGSKQ"	2019-09-25	2019-10-02	2019-09-29	"Rainforest"	-18.86682	48.29323
"P27359_2975"	"S7C1UR"	"TZJWN3"	2020-04-08	2020-04-15	2020-04-12	"Rainforest"	-17.9201	49.20044
"P27359_2976"	"SAJBWC"	"TKRH5P"	2019-10-16	2019-10-23	2019-10-20	"Dry_Forest"	-16.46848	45.41309
"P27359_2977"	"SFUK6Q"	"TULADB"	2020-06-24	2020-07-01	2020-06-28	"Rainforest"	-24.585	47.13583333
"P27359_2978"	"SMCFA6"	"TZJWN3"	2020-05-06	2020-05-13	2020-05-10	"Rainforest"	-17.9201	49.20044
"P27359_2979"	"SB6RBS"	"T6UDMB"	2020-07-22	2020-08-05	2020-07-29	"Dry_Forest"	-22.82777778	43.51916667
"P27359_2980"	"SGDUIC"	"TZJWN3"	2020-04-01	2020-04-08	2020-04-05	"Rainforest"	-17.9201	49.20044
"P27359_2981"	"ST5JX5"	"TG1QMA"	2019-11-20	2019-11-27	2019-11-24	"Dry_Forest"	-20.06509	44.65473
"P27359_2982"	"S7D1JK"	"TN1QSL"	2020-04-08	2020-04-15	2020-04-12	"Dry_Forest"	-16.06344	45.26049
"P27359_2983"	"S8SLPM"	"TZJWN3"	2020-01-15	2020-01-22	2020-01-19	"Rainforest"	-17.9201	49.20044
"P27359_2984"	"SMAXVZ"	"TQKQRH"	2020-01-15	2020-01-22	2020-01-19	"Rainforest"	-15.68117	49.9577
"P27359_2985"	"SYC46M"	"TAVVN5"	2020-03-11	2020-03-18	2020-03-15	"Rainforest"	-12.515596	49.180805
"P27359_2986"	"STHFKU"	"TPSMAA"	2020-04-29	2020-05-06	2020-05-03	"Montane_Rainforest"	-18.196437	47.286287
"P27359_2987"	"SB1RAS"	"TZJWN3"	2019-11-13	2019-11-20	2019-11-17	"Rainforest"	-17.9201	49.20044
"P27359_2988"	"SBEKUF"	"TFBCWJ"	2020-01-15	2020-01-22	2020-01-19	"Rainforest"	-24.58194444	47.135
"P27359_2989"	"SUGFH9"	"THGFVB"	2020-07-29	2020-08-05	2020-08-02	"Rainforest"	-23.18722222	47.71861111
"P27359_2990"	"SCZPL5"	"TKDVTA"	2020-04-09	2020-04-16	2020-04-13	"Rainforest"	-24.5825	47.15027778
"P27359_2991"	"SYQVI4"	"THGFVB"	2020-04-08	2020-04-15	2020-04-12	"Rainforest"	-23.18722222	47.71861111
"P27359_2992"	"S3CKEH"	"TUAPDE"	2020-02-05	2020-02-12	2020-02-09	"Rainforest"	-12.517164	49.179873
"P27359_2993"	"SWQGYP"	"TB43DA"	2020-01-15	2020-01-22	2020-01-19	"Rainforest"	-21.258128	47.422347
"P27359_2994"	"SR5IFN"	"TB43DA"	2020-06-24	2020-07-01	2020-06-28	"Rainforest"	-21.258128	47.422347
"P27359_2995"	"SLPAL5"	"TFBCWJ"	2019-09-18	2019-09-25	2019-09-22	"Rainforest"	-24.58194444	47.135
"P27359_2996"	"SLAAVA"	"TB43DA"	2020-02-05	2020-02-12	2020-02-09	"Rainforest"	-21.258128	47.422347
"P27359_2997"	"SMN5ZE"	"TZJWN3"	2019-11-20	2019-11-27	2019-11-24	"Rainforest"	-17.9201	49.20044
"P27359_2999"	"SCDWZS"	"TRGIDB"	2020-05-06	2020-05-13	2020-05-10	"Rainforest"	-16.31439	49.79369
"P27359_3001"	"SX6GSM"	"TULADB"	2020-02-05	2020-02-12	2020-02-09	"Rainforest"	-24.585	47.13583333
"P27359_3002"	"ST2NQN"	"TG6SK4"	2019-11-20	2019-11-27	2019-11-24	"Rainforest"	-13.40849	48.30587
"P27359_3003"	"SK5ITD"	"TULADB"	2020-07-22	2020-07-29	2020-07-26	"Rainforest"	-24.585	47.13583333
"P27359_3004"	"SBJJX8"	"TKDVTA"	2020-05-06	2020-05-13	2020-05-10	"Rainforest"	-24.5825	47.15027778
"P27359_3005"	"SIPULM"	"TULADB"	2020-03-04	2020-03-19	2020-03-12	"Rainforest"	-24.585	47.13583333
"P27359_3006"	"S3VSQU"	"TB43DA"	2019-11-13	2019-11-20	2019-11-17	"Rainforest"	-21.258128	47.422347
"P27359_3007"	"SLUCKX"	"THGFVB"	2019-09-18	2019-09-25	2019-09-22	"Rainforest"	-23.18722222	47.71861111
"P27359_3008"	"SJNZE3"	"THGFVB"	2020-05-27	2020-06-03	2020-05-31	"Rainforest"	-23.18722222	47.71861111
"P27359_3009"	"SFUS4Z"	"TZJWN3"	2020-06-24	2020-07-02	2020-06-28	"Rainforest"	-17.9201	49.20044
"P27359_3010"	"SNRNUL"	"TKDVTA"	2020-07-01	2020-07-08	2020-07-05	"Rainforest"	-24.5825	47.15027778
"P27359_3011"	"SAKRY1"	"TZJWN3"	2020-01-08	2020-01-15	2020-01-12	"Rainforest"	-17.9201	49.20044
"P27359_3012"	"SEUR6L"	"TXS3QU"	2020-05-06	2020-05-13	2020-05-10	"Rainforest"	-14.44021	49.77818
"P27359_3013"	"S9D4ZG"	"TFBCWJ"	2020-02-05	2020-02-12	2020-02-09	"Rainforest"	-24.58194444	47.135
"P27359_3016"	"S1MEB8"	"TUAPDE"	2020-01-08	2020-01-15	2020-01-12	"Rainforest"	-12.517164	49.179873
"P27359_3017"	"SSXNJC"	"TPSMAA"	2019-12-11	2019-12-18	2019-12-15	"Montane_Rainforest"	-18.196437	47.286287
"P27359_3018"	"STFMIR"	"TFBCWJ"	2019-10-16	2019-10-23	2019-10-20	"Rainforest"	-24.58194444	47.135
"P27359_3019"	"SRVXS3"	"TKDVTA"	2019-11-13	2019-11-20	2019-11-17	"Rainforest"	-24.5825	47.15027778
"P27359_3020"	"S3RFK2"	"TG6SK4"	2019-09-25	2019-10-02	2019-09-29	"Rainforest"	-13.40849	48.30587
"P27359_3021"	"SPPK8H"	"TPSMAA"	2020-07-15	2020-07-22	2020-07-19	"Montane_Rainforest"	-18.196437	47.286287
"P27359_3022"	"SISZDF"	"TG1QMA"	2020-07-29	2020-08-05	2020-08-02	"Dry_Forest"	-20.06509	44.65473
"P27359_3023"	"S6S5RB"	"T9VS8I"	2020-03-25	2020-04-01	2020-03-29	"Rainforest"	-15.67664	49.95653
"P27359_3024"	"SP852X"	"TRKQU5"	2020-06-24	2020-07-01	2020-06-28	"Dry_Forest"	-12.96002	49.120911
"P27359_3025"	"SVALVW"	"TRGIDB"	2019-10-09	2019-10-16	2019-10-13	"Rainforest"	-16.31439	49.79369
"P27359_3026"	"SSHLKL"	"THI5PX"	2019-12-04	2019-12-11	2019-12-08	"Dry_Forest"	-12.682717	49.545424
"P27359_3027"	"SWQQPF"	"TUAPDE"	2019-12-04	2019-12-11	2019-12-08	"Rainforest"	-12.517164	49.179873
"P27359_3028"	"SFRHLG"	"TB43DA"	2020-07-29	2020-08-05	2020-08-02	"Rainforest"	-21.258128	47.422347
"P27359_3029"	"SU1NC2"	"THYGHQ"	2020-04-09	2020-04-15	2020-04-12	"Dry_Forest"	-20.7949	44.16618
"P26762_1193"	"SQI8FH"	"TEE8KA"	2020-04-01	2020-04-08	2020-04-05	"Rainforest"	-17.70517	49.45715
"P26762_1194"	"SW6EUE"	"TEGSKQ"	2019-08-14	2019-08-21	2019-08-18	"Rainforest"	-18.86682	48.29323
"P26762_1195"	"STSQDF"	"TDY8SA"	2019-10-09	2019-10-16	2019-10-13	"Montane_Rainforest"	-18.41335	47.94285
"P26762_1196"	"S4VXYL"	"TULADB"	2019-10-09	2019-10-16	2019-10-13	"Rainforest"	-24.585	47.13583333
"P26762_1197"	"SGSJVA"	"TQKQRH"	2020-05-20	2020-05-27	2020-05-24	"Rainforest"	-15.68117	49.9577
"P26762_1198"	"SSZUXG"	"TE8SYJ"	2020-06-03	2020-06-10	2020-06-07	"Dry_Forest"	-24.02532	43.73899
"P26762_1199"	"SGBGT1"	"TKDVTA"	2020-06-17	2020-06-24	2020-06-21	"Rainforest"	-24.5825	47.15027778
"P26762_1200"	"SMDWHE"	"THYGHQ"	2020-01-01	2020-01-08	2020-01-05	"Dry_Forest"	-20.7949	44.16618
"P26762_1201"	"SBPJD4"	"TTFJBN"	2020-06-17	2020-06-24	2020-06-21	"Rainforest"	-18.96579	48.46074
"P26762_1202"	"STSCVG"	"TK4SS2"	2019-09-11	2019-09-18	2019-09-15	"Dry_Forest"	-19.14032	44.81435
"P26762_1203"	"SBTHD2"	"TULADB"	2020-01-02	2020-01-09	2020-01-06	"Rainforest"	-24.585	47.13583333
"P26762_1204"	"S6YL4B"	"TR4LDL"	2020-01-01	2020-01-08	2020-01-05	"Dry_Forest"	-15.97018	45.71465
"P26762_1205"	"SE6F7C"	"TRGIDB"	2020-07-15	2020-07-22	2020-07-19	"Rainforest"	-16.31439	49.79369
"P26762_1206"	"SGJSYV"	"TNKTYG"	2019-09-18	2019-09-25	2019-09-22	"Rainforest"	-12.514783	49.181247
"P26762_1207"	"S3VEXA"	"TKDVTA"	2019-08-14	2019-08-21	2019-08-18	"Rainforest"	-24.5825	47.15027778
"P26762_1208"	"SCYMCC"	"THYGHQ"	2020-05-20	2020-05-27	2020-05-24	"Dry_Forest"	-20.7949	44.16618
"P26762_1209"	"SPQGXG"	"TK4SS2"	2020-02-26	2020-03-04	2020-03-01	"Dry_Forest"	-19.14032	44.81435
"P26762_1210"	"SD4PC3"	"TEYXBT"	2019-10-16	2019-10-23	2019-10-20	"Rainforest"	-18.96439	48.45811
"P26762_1211"	"SWUCRZ"	"TFBCWJ"	2020-03-25	2020-04-02	2020-03-29	"Rainforest"	-24.58194444	47.135
"P26762_1212"	"SAGJVL"	"TULADB"	2020-04-22	2020-04-29	2020-04-26	"Rainforest"	-24.585	47.13583333
"P26762_1213"	"SCB35B"	"TKRH5P"	2020-03-25	2020-04-01	2020-03-29	"Dry_Forest"	-16.46848	45.41309
"P26762_1214"	"SHPXFD"	"TW51Z9"	2020-01-08	2020-01-15	2020-01-12	"Dry_Forest"	-12.278013	49.381504
"P26762_1215"	"SVNDH4"	"TRGIDB"	2019-08-21	2019-08-28	2019-08-25	"Rainforest"	-16.31439	49.79369
"P26762_1216"	"SE2HZB"	"T4ZF4M"	2020-02-26	2020-03-04	2020-03-01	"Dry_Forest"	-22.53959	45.37872
"P26762_1217"	"SF4JYX"	"T4ZF4M"	2020-07-15	2020-07-22	2020-07-19	"Dry_Forest"	-22.53959	45.37872
"P26762_1218"	"SDUEDF"	"TEE8KA"	2020-02-26	2020-03-04	2020-03-01	"Rainforest"	-17.70517	49.45715
"P26762_1219"	"SPSZDZ"	"TDY8SA"	2020-01-01	2020-01-08	2020-01-05	"Montane_Rainforest"	-18.41335	47.94285
"P26762_1220"	"SNT2N2"	"TKDVTA"	2020-02-12	2020-02-19	2020-02-16	"Rainforest"	-24.5825	47.15027778
"P26762_1221"	"SKQMF4"	"TAVVN5"	2020-04-01	2020-04-08	2020-04-05	"Rainforest"	-12.515596	49.180805
"P26762_1222"	"SZ9PQX"	"TW51Z9"	2020-06-03	2020-06-10	2020-06-07	"Dry_Forest"	-12.278013	49.381504
"P26762_1223"	"S4EKNI"	"THGFVB"	2020-01-01	2020-01-08	2020-01-05	"Rainforest"	-23.18722222	47.71861111
"P26762_1224"	"SS7T5J"	"TRGIDB"	2020-05-27	2020-06-03	2020-05-31	"Rainforest"	-16.31439	49.79369
"P26762_1225"	"SHWTJS"	"TR4LDL"	2020-04-22	2020-04-29	2020-04-26	"Dry_Forest"	-15.97018	45.71465
"P26762_1226"	"SMRZDA"	"TEE8KA"	2019-10-16	2019-10-23	2019-10-20	"Rainforest"	-17.70517	49.45715
"P26762_1227"	"SIJ6FR"	"TULADB"	2020-03-26	2020-04-01	2020-03-29	"Rainforest"	-24.585	47.13583333
"P26762_1229"	"SFM4YK"	"TAVVN5"	2020-04-08	2020-04-15	2020-04-12	"Rainforest"	-12.515596	49.180805
"P26762_1230"	"SGM33Y"	"TP2FUA"	2020-07-29	2020-08-05	2020-08-02	"Dry_Forest"	-20.06763	44.65485
"P26762_1231"	"SUYKS1"	"THYGHQ"	2020-03-25	2020-04-01	2020-03-29	"Dry_Forest"	-20.7949	44.16618
"P26762_1232"	"SBBAVB"	"THGFVB"	2020-07-15	2020-07-22	2020-07-19	"Rainforest"	-23.18722222	47.71861111
"P26762_1233"	"SS5DDZ"	"T4ZF4M"	2019-08-14	2019-08-21	2019-08-18	"Dry_Forest"	-22.53959	45.37872
"P26762_1234"	"SVNIIT"	"TEYXBT"	2020-03-25	2020-04-01	2020-03-29	"Rainforest"	-18.96439	48.45811
"P26762_1235"	"SAXPPD"	"TEE8KA"	2019-12-13	2019-12-20	2019-12-17	"Rainforest"	-17.70517	49.45715
"P26762_1237"	"S7ZFK2"	"TQKQRH"	2020-03-25	2020-04-01	2020-03-29	"Rainforest"	-15.68117	49.9577
"P26762_1238"	"S7UAJK"	"TPSMAA"	2020-06-24	2020-07-01	2020-06-28	"Montane_Rainforest"	-18.196437	47.286287
"P26762_1239"	"S8KQIP"	"TRKQU5"	2019-09-11	2019-09-18	2019-09-15	"Dry_Forest"	-12.96002	49.120911
"P26762_1240"	"S4YZBG"	"TRGIDB"	2019-10-23	2019-10-30	2019-10-27	"Rainforest"	-16.31439	49.79369
"P26762_1241"	"S13NDZ"	"TDY8SA"	2019-12-04	2019-12-11	2019-12-08	"Montane_Rainforest"	-18.41335	47.94285
"P26762_1242"	"SYGUFX"	"T9VS8I"	2019-10-16	2019-10-23	2019-10-20	"Rainforest"	-15.67664	49.95653
"P26762_1243"	"SDP5BB"	"TEE8KA"	2019-09-25	2019-10-02	2019-09-29	"Rainforest"	-17.70517	49.45715
"P26762_1244"	"SCBSRP"	"T9VS8I"	2020-07-15	2020-07-22	2020-07-19	"Rainforest"	-15.67664	49.95653
"P26762_1245"	"S75JGI"	"TPSMAA"	2019-11-20	2019-11-26	2019-11-23	"Montane_Rainforest"	-18.196437	47.286287
"P26762_1246"	"SHRVVH"	"THYGHQ"	2020-04-01	2020-04-09	2020-04-05	"Dry_Forest"	-20.7949	44.16618
"P26762_1248"	"SU6SA3"	"TAVVN5"	2019-10-09	2019-10-16	2019-10-13	"Rainforest"	-12.515596	49.180805
"P26762_1249"	"S8HTDP"	"THYGHQ"	2019-11-06	2019-11-13	2019-11-10	"Dry_Forest"	-20.7949	44.16618
"P26762_1250"	"SCDCHB"	"THYGHQ"	2020-06-17	2020-06-24	2020-06-21	"Dry_Forest"	-20.7949	44.16618
"P26762_1251"	"SVZ92U"	"TFBCWJ"	2020-01-01	2020-01-08	2020-01-05	"Rainforest"	-24.58194444	47.135
"P26762_1252"	"SJDXLP"	"TKRH5P"	2020-01-01	2020-01-08	2020-01-05	"Dry_Forest"	-16.46848	45.41309
"P26762_1253"	"SUK2BR"	"TAVVN5"	2019-10-23	2019-10-30	2019-10-27	"Rainforest"	-12.515596	49.180805
"P26762_1254"	"S3YUC1"	"TEGSKQ"	2020-04-01	2020-04-08	2020-04-05	"Rainforest"	-18.86682	48.29323
"P26762_1255"	"SUVAIT"	"TR4LDL"	2020-02-26	2020-03-04	2020-03-01	"Dry_Forest"	-15.97018	45.71465
"P26762_1256"	"SX1ACF"	"TRGIDB"	2020-07-29	2020-08-05	2020-08-02	"Rainforest"	-16.31439	49.79369
"P26762_1257"	"S6Q34Q"	"TKDVTA"	2019-11-06	2019-11-13	2019-11-10	"Rainforest"	-24.5825	47.15027778
"P26762_1258"	"SF3844"	"TEGSKQ"	2020-03-11	2020-03-18	2020-03-15	"Rainforest"	-18.86682	48.29323
"P26762_1259"	"S94MIJ"	"TDY8SA"	2020-02-12	2020-02-19	2020-02-16	"Montane_Rainforest"	-18.41335	47.94285
"P26762_1260"	"SERXAX"	"TDKTHY"	2019-09-11	2019-09-18	2019-09-15	"Rainforest"	-18.96534	48.45539
"P26762_1261"	"SVMKZL"	"TRJZGH"	2019-10-23	2019-10-30	2019-10-27	"Rainforest"	-14.44448	49.73728
"P26762_1262"	"SSX1NL"	"TPSMAA"	2020-07-22	2020-07-29	2020-07-26	"Montane_Rainforest"	-18.196437	47.286287
"P26762_1263"	"SZMTXR"	"THI5PX"	2019-10-09	2019-10-16	2019-10-13	"Dry_Forest"	-12.682717	49.545424
"P26762_1265"	"SKKHEJ"	"TDY8SA"	2019-11-06	2019-11-13	2019-11-10	"Montane_Rainforest"	-18.41335	47.94285
"P26762_1266"	"SH3D43"	"TFBCWJ"	2020-07-15	2020-07-22	2020-07-19	"Rainforest"	-24.58194444	47.135
"P26762_1267"	"SNQ3GR"	"TKDVTA"	2020-03-26	2020-04-02	2020-03-30	"Rainforest"	-24.5825	47.15027778
"P26762_1268"	"SBSM59"	"T4ZF4M"	2020-06-17	2020-06-24	2020-06-21	"Dry_Forest"	-22.53959	45.37872
"P26762_1269"	"SMKYL9"	"TPSMAA"	2020-07-01	2020-07-08	2020-07-05	"Montane_Rainforest"	-18.196437	47.286287
"P26762_1270"	"SXH3WN"	"TGJ4FW"	2020-07-01	2020-07-08	2020-07-05	"Dry_Forest"	-20.06286	44.65663
"P26762_1271"	"SSPSIT"	"T4ZF4M"	2019-12-04	2019-12-11	2019-12-08	"Dry_Forest"	-22.53959	45.37872
"P26762_1273"	"SMP7JM"	"TRGIDB"	2020-03-04	2020-03-11	2020-03-08	"Rainforest"	-16.31439	49.79369
"P26762_1274"	"SFZKC2"	"TUAPDE"	2020-04-22	2020-04-29	2020-04-26	"Rainforest"	-12.517164	49.179873
"P26762_1275"	"SUZSLX"	"TKDVTA"	2020-01-30	2020-02-05	2020-02-02	"Rainforest"	-24.5825	47.15027778
"P26762_1276"	"S5WNCV"	"TR4LDL"	2020-06-17	2020-06-24	2020-06-21	"Dry_Forest"	-15.97018	45.71465
"P26762_1277"	"SIHJJX"	"TFWNLD"	2019-08-21	2019-08-28	2019-08-25	"Dry_Forest"	-16.32886	46.82082
"P26762_1278"	"SYUF8C"	"TIPGKX"	2020-03-11	2020-03-18	2020-03-15	"Dry_Forest"	-25.540964	45.137877
"P26762_1281"	"SVJHHA"	"TRGIDB"	2020-06-24	2020-07-01	2020-06-28	"Rainforest"	-16.31439	49.79369
"P26762_1282"	"SA74Q7"	"TN1QSL"	2020-01-15	2020-01-22	2020-01-19	"Dry_Forest"	-16.06344	45.26049
"P26762_1283"	"SU58CQ"	"TEE8KA"	2019-10-23	2019-10-30	2019-10-27	"Rainforest"	-17.70517	49.45715
"P26762_1284"	"SQYEDN"	"TNQVM4"	2020-01-29	2020-02-05	2020-02-02	"Rainforest"	-15.67889	49.95685
"P26762_1285"	"SZ98A8"	"TEGSKQ"	2019-12-11	2019-12-18	2019-12-15	"Rainforest"	-18.86682	48.29323
"P26762_1286"	"SYVDMM"	"TW51Z9"	2019-12-11	2019-12-18	2019-12-15	"Dry_Forest"	-12.278013	49.381504
"P26762_1289"	"SYZL6P"	"TRGIDB"	2020-06-03	2020-06-10	2020-06-07	"Rainforest"	-16.31439	49.79369
"P26762_1290"	"SV3SDN"	"TEE8KA"	2020-07-22	2020-07-29	2020-07-26	"Rainforest"	-17.70517	49.45715
"P26762_1291"	"SUWGBY"	"TN1QSL"	2020-04-29	2020-05-06	2020-05-03	"Dry_Forest"	-16.06344	45.26049
"P26762_1292"	"SFFSSJ"	"TRA8W1"	2020-02-05	2020-02-12	2020-02-09	"Rainforest"	-14.43606	49.75736
"P26762_1293"	"S8TI22"	"TPQKYN"	2020-05-27	2020-06-03	2020-05-31	"Rainforest"	-16.28466	48.81669
"P26762_1294"	"SITQYZ"	"TAHDZD"	2020-05-27	2020-06-03	2020-05-31	"Rainforest"	-14.437	49.74282
"P26762_1295"	"SN2WJC"	"TKRH5P"	2019-09-25	2019-10-02	2019-09-29	"Dry_Forest"	-16.46848	45.41309
"P26762_1296"	"STKVIR"	"TNQVM4"	2019-11-20	2019-11-27	2019-11-24	"Rainforest"	-15.67889	49.95685
"P26762_1297"	"S1QC3S"	"TKDVTA"	2019-09-11	2019-09-18	2019-09-15	"Rainforest"	-24.5825	47.15027778
"P26762_1298"	"STMVRL"	"THYGHQ"	2020-07-15	2020-07-22	2020-07-19	"Dry_Forest"	-20.7949	44.16618
"P26762_1299"	"SJDSVA"	"TRJZGH"	2020-03-11	2020-03-18	2020-03-15	"Rainforest"	-14.44448	49.73728
"P26762_1300"	"SP1BZI"	"TR4LDL"	2020-05-27	2020-06-03	2020-05-31	"Dry_Forest"	-15.97018	45.71465
"P26762_1301"	"S227RG"	"TP2FUA"	2020-04-01	2020-04-08	2020-04-05	"Dry_Forest"	-20.06763	44.65485
"P26762_1302"	"SYZJQL"	"TYBVPP"	2020-07-29	2020-08-05	2020-08-02	"Dry_Forest"	-23.655035	44.629599
"P26762_1303"	"SYILVJ"	"TKRH5P"	2019-12-18	2019-12-25	2019-12-22	"Dry_Forest"	-16.46848	45.41309
"P26762_1304"	"S3DTGY"	"TRJZGH"	2020-06-24	2020-07-01	2020-06-28	"Rainforest"	-14.44448	49.73728
"P26762_1305"	"SY7RM5"	"TPSMAA"	2019-11-06	2019-11-13	2019-11-10	"Montane_Rainforest"	-18.196437	47.286287
"P26762_1306"	"SMI7FC"	"TQKQRH"	2020-07-29	2020-08-05	2020-08-02	"Rainforest"	-15.68117	49.9577
"P26762_1307"	"S8RQ1C"	"TGJ4FW"	2019-08-28	2019-09-04	2019-09-01	"Dry_Forest"	-20.06286	44.65663
"P26762_1308"	"SL5J4B"	"TFWNLD"	2019-09-25	2019-10-02	2019-09-29	"Dry_Forest"	-16.32886	46.82082
"P26762_1309"	"SZVQ4H"	"TW51Z9"	2019-10-16	2019-10-23	2019-10-20	"Dry_Forest"	-12.278013	49.381504
"P26762_1310"	"SSE2AG"	"TYBVPP"	2020-05-27	2020-06-10	2020-06-03	"Dry_Forest"	-23.655035	44.629599
"P26762_1312"	"SN4GTZ"	"TDY8SA"	2019-11-13	2019-11-20	2019-11-17	"Montane_Rainforest"	-18.41335	47.94285
"P26762_1313"	"SEFDKZ"	"TEE8KA"	2020-01-08	2020-01-15	2020-01-12	"Rainforest"	-17.70517	49.45715
"P26762_1314"	"SPCYNR"	"TFBCWJ"	2019-10-09	2019-10-16	2019-10-13	"Rainforest"	-24.58194444	47.135
"P26762_1315"	"STFZS8"	"THI5PX"	2019-12-18	2019-12-25	2019-12-22	"Dry_Forest"	-12.682717	49.545424
"P26762_1316"	"SH2JGM"	"TW51Z9"	2019-11-20	2019-11-27	2019-11-24	"Dry_Forest"	-12.278013	49.381504
"P26762_1317"	"SSQXRA"	"TUH8A4"	2019-09-25	2019-10-02	2019-09-29	"Dry_Forest"	-16.32425	46.82299
"P26762_1318"	"SZRPP9"	"TNKTYG"	2020-04-22	2020-04-29	2020-04-26	"Rainforest"	-12.514783	49.181247
"P26762_1320"	"S3FSZB"	"THI5PX"	2019-11-13	2019-11-20	2019-11-17	"Dry_Forest"	-12.682717	49.545424
"P26762_1321"	"SH3PKF"	"T4ZF4M"	2020-05-20	2020-05-27	2020-05-24	"Dry_Forest"	-22.53959	45.37872
"P26762_1322"	"STL3XR"	"TRGIDB"	2020-07-01	2020-07-08	2020-07-05	"Rainforest"	-16.31439	49.79369
"P26762_1323"	"SFQYNQ"	"TPQKYN"	2020-02-05	2020-02-12	2020-02-09	"Rainforest"	-16.28466	48.81669
"P26762_1324"	"STNIUD"	"TPQKYN"	2019-11-13	2019-11-20	2019-11-17	"Rainforest"	-16.28466	48.81669
"P26762_1325"	"S8B5LE"	"TFWNLD"	2019-08-28	2019-09-05	2019-09-01	"Dry_Forest"	-16.32886	46.82082
"P26762_1326"	"SNTUZE"	"TKRH5P"	2020-07-29	2020-08-05	2020-08-02	"Dry_Forest"	-16.46848	45.41309
"P26762_1327"	"S82B6E"	"TG6SK4"	2019-08-28	2019-09-04	2019-09-01	"Rainforest"	-13.40849	48.30587
"P26762_1328"	"SLYBFU"	"TEGSKQ"	2019-09-18	2019-09-25	2019-09-22	"Rainforest"	-18.86682	48.29323
"P26762_1329"	"SL8URG"	"THYGHQ"	2020-04-22	2020-04-29	2020-04-26	"Dry_Forest"	-20.7949	44.16618
"P26762_1330"	"SQZK1C"	"TPSMAA"	2020-05-06	2020-05-13	2020-05-10	"Montane_Rainforest"	-18.196437	47.286287
"P26762_1331"	"SINUFK"	"TIPGKX"	2020-04-29	2020-05-06	2020-05-03	"Dry_Forest"	-25.540964	45.137877
"P26762_1332"	"SCXS9Z"	"TPQKYN"	2019-10-23	2019-10-30	2019-10-27	"Rainforest"	-16.28466	48.81669
"P26762_1334"	"SYX1NX"	"TNKTYG"	2020-05-27	2020-06-03	2020-05-31	"Rainforest"	-12.514783	49.181247
"P26762_1335"	"S6CTCS"	"TKRH5P"	2019-11-20	2019-11-27	2019-11-24	"Dry_Forest"	-16.46848	45.41309
"P26762_1336"	"SSYT6G"	"TEGSKQ"	2020-04-29	2020-05-06	2020-05-03	"Rainforest"	-18.86682	48.29323
"P26762_1337"	"SPKLYV"	"TR4LDL"	2020-05-20	2020-05-27	2020-05-24	"Dry_Forest"	-15.97018	45.71465
"P26762_1338"	"S7WLHN"	"TIYMCS"	2019-10-16	2019-10-23	2019-10-20	"Dry_Forest"	-22.88694444	44.69277778
"P26762_1339"	"SWYKSA"	"TPQKYN"	2020-01-15	2020-01-22	2020-01-19	"Rainforest"	-16.28466	48.81669
"P26762_1340"	"SHVTHA"	"TW51Z9"	2020-02-12	2020-02-19	2020-02-16	"Dry_Forest"	-12.278013	49.381504
"P26762_1341"	"SQ82D9"	"TB43DA"	2019-09-18	2019-09-25	2019-09-22	"Rainforest"	-21.258128	47.422347
"P26762_1342"	"SWKFFJ"	"TYBVPP"	2019-08-28	2019-09-05	2019-09-01	"Dry_Forest"	-23.655035	44.629599
"P26762_1343"	"SLMU44"	"TEGSKQ"	2019-12-18	2019-12-25	2019-12-22	"Rainforest"	-18.86682	48.29323
"P26762_1344"	"SP4WHH"	"TN1QSL"	2019-09-18	2019-09-25	2019-09-22	"Dry_Forest"	-16.06344	45.26049
"P26762_1345"	"SPYDAB"	"TNQVM4"	2019-08-28	2019-09-04	2019-09-01	"Rainforest"	-15.67889	49.95685
"P26762_1346"	"S7EMMI"	"TAVVN5"	2019-11-13	2019-11-20	2019-11-17	"Rainforest"	-12.515596	49.180805
"P26762_1347"	"SWMW7U"	"TGJ4FW"	2019-10-23	2019-10-31	2019-10-27	"Dry_Forest"	-20.06286	44.65663
"P26762_1348"	"S9E9XS"	"TW51Z9"	2019-11-13	2019-11-20	2019-11-17	"Dry_Forest"	-12.278013	49.381504
"P26762_1349"	"SKUFTC"	"TKDVTA"	2019-09-18	2019-09-25	2019-09-22	"Rainforest"	-24.5825	47.15027778
"P26762_1350"	"SESZVX"	"TW51Z9"	2020-05-27	2020-06-03	2020-05-31	"Dry_Forest"	-12.278013	49.381504
"P26762_1351"	"SDYNJJ"	"TKRH5P"	2020-06-24	2020-07-01	2020-06-28	"Dry_Forest"	-16.46848	45.41309
"P26762_1352"	"SAQ1HN"	"TN1QSL"	2019-11-20	2019-11-27	2019-11-24	"Dry_Forest"	-16.06344	45.26049
"P26762_1353"	"SCLV5K"	"TR4LDL"	2019-08-14	2019-08-21	2019-08-18	"Dry_Forest"	-15.97018	45.71465
"P26762_1354"	"SI5BL6"	"TNQVM4"	2020-05-27	2020-06-03	2020-05-31	"Rainforest"	-15.67889	49.95685
"P26762_1356"	"S2W6BY"	"TPQKYN"	2019-12-18	2019-12-25	2019-12-22	"Rainforest"	-16.28466	48.81669
"P26762_1357"	"S3SXRU"	"TAHDZD"	2019-08-21	2019-08-28	2019-08-25	"Rainforest"	-14.437	49.74282
"P26762_1358"	"SEM3ZU"	"TNKTYG"	2019-12-04	2019-12-11	2019-12-08	"Rainforest"	-12.514783	49.181247
"P26762_1359"	"SM3TVH"	"T6UDMB"	2020-04-08	2020-04-15	2020-04-12	"Dry_Forest"	-22.82777778	43.51916667
"P26762_1361"	"SVHLZW"	"TNQVM4"	2020-07-22	2020-07-29	2020-07-26	"Rainforest"	-15.67889	49.95685
"P26762_1362"	"SB91SY"	"TDY8SA"	2020-06-03	2020-06-10	2020-06-07	"Montane_Rainforest"	-18.41335	47.94285
"P26762_1364"	"SLTDK8"	"TQKQRH"	2020-06-24	2020-07-01	2020-06-28	"Rainforest"	-15.68117	49.9577
"P26762_1365"	"SPQJTJ"	"TAHDZD"	2019-09-18	2019-09-25	2019-09-22	"Rainforest"	-14.437	49.74282
"P26762_1366"	"SVCPSQ"	"TRKQU5"	2020-07-22	2020-07-29	2020-07-26	"Dry_Forest"	-12.96002	49.120911
"P26762_1367"	"S8LACQ"	"TYBVPP"	2020-05-06	2020-05-13	2020-05-10	"Dry_Forest"	-23.655035	44.629599
"P26762_1369"	"SGU5PM"	"TPSMAA"	2020-06-17	2020-06-24	2020-06-21	"Montane_Rainforest"	-18.196437	47.286287
"P26762_1370"	"SVLUVN"	"TAVVN5"	2020-07-22	2020-07-29	2020-07-26	"Rainforest"	-12.515596	49.180805
"P26762_1371"	"SYEQCB"	"TK1MIJ"	2019-12-18	2019-12-25	2019-12-22	"Dry_Forest"	-13.14696	49.70374
"P26762_1372"	"SAXDIA"	"TP2FUA"	2019-12-18	2019-12-25	2019-12-22	"Dry_Forest"	-20.06763	44.65485
"P26762_1373"	"SHEHXC"	"TRJZGH"	2019-12-11	2019-12-18	2019-12-15	"Rainforest"	-14.44448	49.73728
"P26762_1374"	"SFVV7K"	"TKRH5P"	2020-02-12	2020-02-19	2020-02-16	"Dry_Forest"	-16.46848	45.41309
"P26762_1375"	"SPQKFB"	"TFBCWJ"	2020-01-08	2020-01-15	2020-01-12	"Rainforest"	-24.58194444	47.135
"P26762_1377"	"SDVFBT"	"THGFVB"	2020-02-26	2020-03-04	2020-03-01	"Rainforest"	-23.18722222	47.71861111
"P26762_1378"	"SPR3S6"	"TNQVM4"	2020-01-08	2020-01-15	2020-01-12	"Rainforest"	-15.67889	49.95685
"P26762_1379"	"SLSYWJ"	"TFWNLD"	2019-09-18	2019-09-25	2019-09-22	"Dry_Forest"	-16.32886	46.82082
"P26762_1380"	"SJWDAB"	"TRJZGH"	2020-04-29	2020-05-06	2020-05-03	"Rainforest"	-14.44448	49.73728
"P26762_1381"	"SBBWJS"	"TYBVPP"	2020-01-15	2020-01-22	2020-01-19	"Dry_Forest"	-23.655035	44.629599
"P26762_1382"	"SXYASF"	"TG6SK4"	2019-11-13	2019-11-20	2019-11-17	"Rainforest"	-13.40849	48.30587
"P26762_1383"	"S3G8VN"	"TFBCWJ"	2020-03-04	2020-03-19	2020-03-12	"Rainforest"	-24.58194444	47.135
"P26762_1385"	"S6CAPY"	"TYBVPP"	2020-02-12	2020-02-19	2020-02-16	"Dry_Forest"	-23.655035	44.629599
"P26762_1386"	"SV9QHL"	"TRKQU5"	2020-01-08	2020-01-15	2020-01-12	"Dry_Forest"	-12.96002	49.120911
"P26762_1387"	"S3FIIX"	"TP2FUA"	2020-05-27	2020-06-03	2020-05-31	"Dry_Forest"	-20.06763	44.65485
"P26762_1388"	"SHQ6N3"	"TK4SS2"	2019-11-20	2019-11-27	2019-11-24	"Dry_Forest"	-19.14032	44.81435
"P26762_1389"	"S872QP"	"THYGHQ"	2020-02-12	2020-02-19	2020-02-16	"Dry_Forest"	-20.7949	44.16618
"P26762_1390"	"SYQQUL"	"TUAPDE"	2020-04-08	2020-04-15	2020-04-12	"Rainforest"	-12.517164	49.179873
"P26762_1391"	"SMIUXB"	"TXS3QU"	2019-11-20	2019-11-27	2019-11-24	"Rainforest"	-14.44021	49.77818
"P26762_1392"	"SFXYEJ"	"TK4SS2"	2020-02-12	2020-02-19	2020-02-16	"Dry_Forest"	-19.14032	44.81435
"P26762_1393"	"SJT7L3"	"TE8SYJ"	2020-04-29	2020-05-06	2020-05-03	"Dry_Forest"	-24.02532	43.73899
"P26762_1394"	"SHQSAE"	"TK1MIJ"	2020-03-04	2020-03-11	2020-03-08	"Dry_Forest"	-13.14696	49.70374
"P26762_1395"	"SVI9PY"	"TEGSKQ"	2020-01-08	2020-01-15	2020-01-12	"Rainforest"	-18.86682	48.29323
"P26762_1396"	"STY9CA"	"TIPGKX"	2019-08-21	2019-08-28	2019-08-25	"Dry_Forest"	-25.540964	45.137877
"P26762_1397"	"S7T6AP"	"TZJWN3"	2019-10-16	2019-10-23	2019-10-20	"Rainforest"	-17.9201	49.20044
"P26762_1398"	"SGLMFF"	"TN1QSL"	2020-07-22	2020-07-29	2020-07-26	"Dry_Forest"	-16.06344	45.26049
"P26762_1399"	"SXQJTX"	"TXS3QU"	2020-01-16	2020-01-22	2020-01-19	"Rainforest"	-14.44021	49.77818
"P26762_1400"	"SUGWCX"	"TXS3QU"	2019-09-25	2019-10-02	2019-09-29	"Rainforest"	-14.44021	49.77818
"P26762_1401"	"SWU3AI"	"T6UDMB"	2019-08-21	2019-08-28	2019-08-25	"Dry_Forest"	-22.82777778	43.51916667
"P26762_1402"	"SBGQWI"	"TPSMAA"	2020-02-12	2020-02-19	2020-02-16	"Montane_Rainforest"	-18.196437	47.286287
"P26762_1403"	"SYV1LK"	"TUAPDE"	2020-06-03	2020-06-10	2020-06-07	"Rainforest"	-12.517164	49.179873
"P26762_1404"	"S1BEFY"	"TIPGKX"	2019-09-18	2019-09-25	2019-09-22	"Dry_Forest"	-25.540964	45.137877
"P26762_1406"	"S3UVGT"	"TNQVM4"	2020-02-12	2020-02-19	2020-02-16	"Rainforest"	-15.67889	49.95685
"P26762_1407"	"SVXDT5"	"TQKQRH"	2019-12-11	2019-12-18	2019-12-15	"Rainforest"	-15.68117	49.9577
"P26762_1408"	"SNHNXX"	"TRJZGH"	2019-08-21	2019-08-28	2019-08-25	"Rainforest"	-14.44448	49.73728
"P26762_1409"	"SINUSG"	"TGRG5T"	2019-09-18	2019-09-25	2019-09-22	"Rainforest"	-24.76388889	46.86111111
"P26762_1410"	"SVS5AM"	"TPSMAA"	2020-03-04	2020-03-11	2020-03-08	"Montane_Rainforest"	-18.196437	47.286287
"P26762_1411"	"S4A6RD"	"TQKQRH"	2020-07-22	2020-07-29	2020-07-26	"Rainforest"	-15.68117	49.9577
"P26762_1412"	"SJBGPF"	"THYGHQ"	2020-05-27	2020-06-03	2020-05-31	"Dry_Forest"	-20.7949	44.16618
"P26762_1414"	"SEHJJS"	"TUAPDE"	2020-03-04	2020-03-11	2020-03-08	"Rainforest"	-12.517164	49.179873
"P26762_1415"	"SWWNWD"	"TP2FUA"	2020-01-15	2020-01-22	2020-01-19	"Dry_Forest"	-20.06763	44.65485
"P26762_1416"	"SW78W6"	"TUAPDE"	2020-01-15	2020-01-22	2020-01-19	"Rainforest"	-12.517164	49.179873
"P26762_1417"	"SCDSZF"	"TQCQRI"	2019-09-18	2019-09-25	2019-09-22	"Dry_Forest"	-16.32714	46.82259
"P26762_1418"	"S1RF5W"	"TRKQU5"	2020-03-04	2020-03-11	2020-03-08	"Dry_Forest"	-12.96002	49.120911
"P26762_1419"	"SE9XF4"	"TK4SS2"	2019-11-13	2019-11-20	2019-11-17	"Dry_Forest"	-19.14032	44.81435
"P26762_1420"	"SPCSX3"	"TNKTYG"	2020-03-04	2020-03-11	2020-03-08	"Rainforest"	-12.514783	49.181247
"P26762_1421"	"SWFS4Q"	"TAHDZD"	2020-04-08	2020-04-15	2020-04-12	"Rainforest"	-14.437	49.74282
"P26762_1422"	"SH23WD"	"THI5PX"	2020-01-15	2020-01-22	2020-01-19	"Dry_Forest"	-12.682717	49.545424
"P26762_1423"	"SSA8KN"	"TNQVM4"	2020-06-24	2020-07-01	2020-06-28	"Rainforest"	-15.67889	49.95685
"P26762_1424"	"SR7JKS"	"TAHDZD"	2020-03-04	2020-03-11	2020-03-08	"Rainforest"	-14.437	49.74282
"P26762_1425"	"SLYAMJ"	"T6UDMB"	2020-03-11	2020-03-18	2020-03-15	"Dry_Forest"	-22.82777778	43.51916667
"P26762_1426"	"SQNUKZ"	"TKRH5P"	2020-06-03	2020-06-10	2020-06-07	"Dry_Forest"	-16.46848	45.41309
"P26762_1427"	"SBGZWV"	"TEGSKQ"	2020-02-05	2020-02-12	2020-02-09	"Rainforest"	-18.86682	48.29323
"P26762_1428"	"SBQ7VF"	"TRA8W1"	2020-05-06	2020-05-13	2020-05-10	"Rainforest"	-14.43606	49.75736
"P26762_1429"	"SBM3JB"	"TRKQU5"	2019-12-11	2019-12-18	2019-12-15	"Dry_Forest"	-12.96002	49.120911
"P26762_1430"	"SDC6SX"	"TG6SK4"	2020-01-08	2020-01-15	2020-01-12	"Rainforest"	-13.40849	48.30587
"P26762_1431"	"SXQGS1"	"TUAPDE"	2020-02-12	2020-02-19	2020-02-16	"Rainforest"	-12.517164	49.179873
"P26762_1432"	"SNUC4G"	"TUAPDE"	2019-12-11	2019-12-18	2019-12-15	"Rainforest"	-12.517164	49.179873
"P26762_1433"	"SMMLIY"	"TRJZGH"	2020-02-12	2020-02-19	2020-02-16	"Rainforest"	-14.44448	49.73728
"P26762_1434"	"SWLGLC"	"TRKQU5"	2019-09-18	2019-09-25	2019-09-22	"Dry_Forest"	-12.96002	49.120911
"P26762_1435"	"SBR7PM"	"TEGSKQ"	2020-05-06	2020-05-13	2020-05-10	"Rainforest"	-18.86682	48.29323
"P26762_1436"	"SGDQGH"	"TNKTYG"	2019-11-20	2019-11-27	2019-11-24	"Rainforest"	-12.514783	49.181247
"P26762_1437"	"STBTYZ"	"TRGIDB"	2020-01-15	2020-01-22	2020-01-19	"Rainforest"	-16.31439	49.79369
"P26762_1438"	"SRLBPN"	"TRGIDB"	2019-12-18	2019-12-25	2019-12-22	"Rainforest"	-16.31439	49.79369
"P26762_1439"	"SGZRAV"	"TAHDZD"	2019-11-20	2019-11-27	2019-11-24	"Rainforest"	-14.437	49.74282
"P26762_1440"	"S65CMY"	"TNKTYG"	2019-10-16	2019-10-23	2019-10-20	"Rainforest"	-12.514783	49.181247
"P26762_1441"	"SJAESF"	"TKRH5P"	2020-07-01	2020-07-08	2020-07-05	"Dry_Forest"	-16.46848	45.41309
"P26762_1442"	"SSRTVS"	"TPSMAA"	2020-02-05	2020-02-12	2020-02-09	"Montane_Rainforest"	-18.196437	47.286287
"P26762_1443"	"SWZHC8"	"TQCQRI"	2019-12-11	2019-12-18	2019-12-15	"Dry_Forest"	-16.32714	46.82259
"P26762_1444"	"SXXZ2T"	"TYBVPP"	2020-07-22	2020-07-29	2020-07-26	"Dry_Forest"	-23.655035	44.629599
"P26762_1445"	"STCUCC"	"TZJWN3"	2019-09-18	2019-09-25	2019-09-22	"Rainforest"	-17.9201	49.20044
"P26762_1446"	"SAA9BV"	"T9VS8I"	2020-01-08	2020-01-15	2020-01-12	"Rainforest"	-15.67664	49.95653
"P26762_1447"	"SPS9KW"	"TUAPDE"	2019-12-18	2019-12-25	2019-12-22	"Rainforest"	-12.517164	49.179873
"P26762_1448"	"S7KELJ"	"TK1MIJ"	2019-08-21	2019-08-28	2019-08-25	"Dry_Forest"	-13.14696	49.70374
"P26762_1449"	"SFWGMC"	"TE8SYJ"	2020-04-08	2020-04-15	2020-04-12	"Dry_Forest"	-24.02532	43.73899
"P26762_1450"	"STC8TF"	"TIPGKX"	2019-09-25	2019-10-02	2019-09-29	"Dry_Forest"	-25.540964	45.137877
"P26762_1451"	"SHBVER"	"TEE8KA"	2019-08-28	2019-09-04	2019-09-01	"Rainforest"	-17.70517	49.45715
"P26762_1452"	"SUWGHV"	"TXS3QU"	2020-06-24	2020-07-01	2020-06-28	"Rainforest"	-14.44021	49.77818
"P26762_1453"	"SZQDZK"	"TDKTHY"	2019-11-13	2019-11-20	2019-11-17	"Rainforest"	-18.96534	48.45539
"P26762_1454"	"S9CLPN"	"TPSMAA"	2020-07-29	2020-08-05	2020-08-02	"Montane_Rainforest"	-18.196437	47.286287
"P26762_1455"	"SFVMKF"	"TGRG5T"	2019-10-23	2019-10-30	2019-10-27	"Rainforest"	-24.76388889	46.86111111
"P26762_1457"	"S6GUTZ"	"TRKQU5"	2020-07-01	2020-07-08	2020-07-05	"Dry_Forest"	-12.96002	49.120911
"P26762_1458"	"SWKWGZ"	"TK4SS2"	2019-10-23	2019-10-30	2019-10-27	"Dry_Forest"	-19.14032	44.81435
"P26762_1459"	"SYAZFW"	"THYGHQ"	2020-07-22	2020-07-29	2020-07-26	"Dry_Forest"	-20.7949	44.16618
"P26762_1460"	"SUUCRY"	"TUP4R5"	2019-09-25	2019-10-02	2019-09-29	"Dry_Forest"	-24.02303	43.7859
"P26762_1461"	"S9Q6XF"	"TUAPDE"	2020-04-01	2020-04-08	2020-04-05	"Rainforest"	-12.517164	49.179873
"P26762_1462"	"S2FT3W"	"TRA8W1"	2020-01-15	2020-01-22	2020-01-19	"Rainforest"	-14.43606	49.75736
"P26762_1463"	"SSMNA3"	"TRKQU5"	2020-02-12	2020-02-19	2020-02-16	"Dry_Forest"	-12.96002	49.120911
"P26762_1465"	"SQTPJB"	"TAVVN5"	2020-02-05	2020-02-12	2020-02-09	"Rainforest"	-12.515596	49.180805
"P26762_1466"	"SWBT4W"	"TP2FUA"	2020-07-01	2020-07-08	2020-07-05	"Dry_Forest"	-20.06763	44.65485
"P26762_1467"	"SURCJP"	"TEGSKQ"	2019-08-21	2019-08-28	2019-08-25	"Rainforest"	-18.86682	48.29323
"P26762_1468"	"SE19K8"	"TRA8W1"	2020-04-29	2020-05-06	2020-05-03	"Rainforest"	-14.43606	49.75736
"P26762_1469"	"SYEBZB"	"TRGIDB"	2019-11-20	2019-11-27	2019-11-24	"Rainforest"	-16.31439	49.79369
"P26762_1470"	"SFICM6"	"TK4SS2"	2019-12-11	2019-12-18	2019-12-15	"Dry_Forest"	-19.14032	44.81435
"P26762_1471"	"S1LRCD"	"TAVVN5"	2019-12-11	2019-12-18	2019-12-15	"Rainforest"	-12.515596	49.180805
"P26762_1473"	"S1XMCP"	"TAHDZD"	2020-01-08	2020-01-15	2020-01-12	"Rainforest"	-14.437	49.74282
"P26762_1474"	"SAFITC"	"TIPGKX"	2019-08-28	2019-09-04	2019-09-01	"Dry_Forest"	-25.540964	45.137877
"P26762_1475"	"SP9BVT"	"TIPGKX"	2020-06-24	2020-07-01	2020-06-28	"Dry_Forest"	-25.540964	45.137877
"P26762_1476"	"SRRNCH"	"TRJZGH"	2019-11-13	2019-11-20	2019-11-17	"Rainforest"	-14.44448	49.73728
"P26762_1477"	"SFE1ZF"	"TEGSKQ"	2020-02-12	2020-02-19	2020-02-16	"Rainforest"	-18.86682	48.29323
"P26762_1478"	"SG3MYB"	"TGRG5T"	2019-09-25	2019-10-02	2019-09-29	"Rainforest"	-24.76388889	46.86111111
"P26762_1479"	"SGUATJ"	"TUAPDE"	2020-07-01	2020-07-08	2020-07-05	"Rainforest"	-12.517164	49.179873
"P27361_1001"	"SEICJA"	"T3JY78"	2019-09-25	2019-10-02	2019-09-29	"Dry_Forest"	-24.02663	43.740925
"P27361_1002"	"SNSQUA"	"TEE8KA"	2019-08-21	2019-08-28	2019-08-25	"Rainforest"	-17.70517	49.45715
"P27361_1005"	"S7CHSB"	"TG1QMA"	2020-03-04	2020-03-11	2020-03-08	"Dry_Forest"	-20.06509	44.65473
"P27361_1006"	"SQAVNT"	"TK1MIJ"	2020-01-01	2020-01-08	2020-01-05	"Dry_Forest"	-13.14696	49.70374
"P27361_1007"	"SG4LW6"	"T6UDMB"	2020-01-15	2020-01-22	2020-01-19	"Dry_Forest"	-22.82777778	43.51916667
"P27361_1008"	"SWMJNL"	"TFWNLD"	2019-12-18	2019-12-25	2019-12-22	"Dry_Forest"	-16.32886	46.82082
"P27361_1009"	"S71AVN"	"TE8SYJ"	2020-01-08	2020-01-15	2020-01-12	"Dry_Forest"	-24.02532	43.73899
"P27361_1010"	"SWYNPZ"	"TZJWN3"	2019-09-25	2019-10-02	2019-09-29	"Rainforest"	-17.9201	49.20044
"P27361_1011"	"SER9WB"	"TK1MIJ"	2020-05-06	2020-05-13	2020-05-10	"Dry_Forest"	-13.14696	49.70374
"P27361_1012"	"SU1RX7"	"TK1MIJ"	2020-05-27	2020-06-03	2020-05-31	"Dry_Forest"	-13.14696	49.70374
"P27361_1013"	"SYEVNP"	"TNKTYG"	2019-12-11	2019-12-18	2019-12-15	"Rainforest"	-12.514783	49.181247
"P27361_1014"	"SS7LYD"	"TE8SYJ"	2019-11-20	2019-11-27	2019-11-24	"Dry_Forest"	-24.02532	43.73899
"P27361_1015"	"SY2UFX"	"TDKTHY"	2019-08-28	2019-09-04	2019-09-01	"Rainforest"	-18.96534	48.45539
"P27361_1016"	"SUJPCB"	"TEYXBT"	2019-09-18	2019-09-25	2019-09-22	"Rainforest"	-18.96439	48.45811
"P27361_1017"	"SQV479"	"TP2FUA"	2020-02-06	2020-02-12	2020-02-09	"Dry_Forest"	-20.06763	44.65485
"P27361_1018"	"SMMNQT"	"TYBVPP"	2020-04-01	2020-04-08	2020-04-05	"Dry_Forest"	-23.655035	44.629599
"P27361_1019"	"SSAWTU"	"THGFVB"	2019-11-20	2019-11-27	2019-11-24	"Rainforest"	-23.18722222	47.71861111
"P27361_1020"	"SWDVHG"	"TQKQRH"	2020-03-04	2020-03-11	2020-03-08	"Rainforest"	-15.68117	49.9577
"P27361_1021"	"SSSDIF"	"TGRG5T"	2019-10-16	2019-10-23	2019-10-20	"Rainforest"	-24.76388889	46.86111111
"P27361_1022"	"SGRIYC"	"TXS3QU"	2020-04-02	2020-04-08	2020-04-05	"Rainforest"	-14.44021	49.77818
"P27361_1023"	"SLKRLB"	"TN1QSL"	2019-12-18	2019-12-25	2019-12-22	"Dry_Forest"	-16.06344	45.26049
"P27361_1024"	"SJJCXZ"	"TIPGKX"	2019-11-13	2019-11-20	2019-11-17	"Dry_Forest"	-25.540964	45.137877
"P27361_1025"	"SFZMYQ"	"TIYMCS"	2020-02-05	2020-02-12	2020-02-09	"Dry_Forest"	-22.88694444	44.69277778
"P27361_1026"	"SZU7SA"	"TEE8KA"	2020-06-24	2020-07-01	2020-06-28	"Rainforest"	-17.70517	49.45715
"P27361_1027"	"S1RTP8"	"TZJWN3"	2020-02-05	2020-02-12	2020-02-09	"Rainforest"	-17.9201	49.20044
"P27361_1028"	"S2IQIX"	"TIYMCS"	2019-12-18	2019-12-25	2019-12-22	"Dry_Forest"	-22.88694444	44.69277778
"P27361_1029"	"SRPTAF"	"TEYXBT"	2019-11-13	2019-11-20	2019-11-17	"Rainforest"	-18.96439	48.45811
"P27361_1030"	"SRKZSN"	"TIYMCS"	2020-01-08	2020-01-15	2020-01-12	"Dry_Forest"	-22.88694444	44.69277778
"P27361_1031"	"S99337"	"TK1MIJ"	2020-01-08	2020-01-15	2020-01-12	"Dry_Forest"	-13.14696	49.70374
"P27361_1032"	"SKXIIK"	"TIYMCS"	2020-01-15	2020-01-22	2020-01-19	"Dry_Forest"	-22.88694444	44.69277778
"P27361_1033"	"SFXZZN"	"TE8SYJ"	2020-06-17	2020-06-24	2020-06-21	"Dry_Forest"	-24.02532	43.73899
"P27361_1034"	"SYISYB"	"TE8SYJ"	2019-10-09	2019-10-16	2019-10-13	"Dry_Forest"	-24.02532	43.73899
"P27361_1035"	"SCDUFU"	"TGRG5T"	2020-01-29	2020-02-05	2020-02-02	"Rainforest"	-24.76388889	46.86111111
"P27361_1036"	"SRFGZL"	"TDKTHY"	2020-05-27	2020-06-03	2020-05-31	"Rainforest"	-18.96534	48.45539
"P27361_1037"	"SG4AXJ"	"TKRH5P"	2019-09-11	2019-09-18	2019-09-15	"Dry_Forest"	-16.46848	45.41309
"P27361_1038"	"SLK61S"	"TGRG5T"	2020-03-11	2020-03-18	2020-03-15	"Rainforest"	-24.76388889	46.86111111
"P27361_1039"	"SNHQ9H"	"TUP4R5"	2019-08-14	2019-08-21	2019-08-18	"Dry_Forest"	-24.02303	43.7859
"P27361_1040"	"SXXCHQ"	"TUP4R5"	2019-10-09	2019-10-16	2019-10-13	"Dry_Forest"	-24.02303	43.7859
"P27361_1041"	"S86YK2"	"TGRG5T"	2019-08-21	2019-08-28	2019-08-25	"Rainforest"	-24.76388889	46.86111111
"P27361_1042"	"SC8MNV"	"TNKTYG"	2019-09-25	2019-10-02	2019-09-29	"Rainforest"	-12.514783	49.181247
"P27361_1043"	"SQGQJH"	"TTFJBN"	2020-04-08	2020-04-15	2020-04-12	"Rainforest"	-18.96579	48.46074
"P27361_1044"	"SM41U6"	"TZJWN3"	2020-03-04	2020-03-11	2020-03-08	"Rainforest"	-17.9201	49.20044
"P27361_1045"	"SU89G4"	"TE8SYJ"	2019-09-11	2019-09-18	2019-09-15	"Dry_Forest"	-24.02532	43.73899
"P27361_1046"	"SJM79B"	"TAVVN5"	2019-09-11	2019-09-18	2019-09-15	"Rainforest"	-12.515596	49.180805
"P27361_1047"	"STTI5L"	"TUH8A4"	2020-01-01	2020-01-08	2020-01-05	"Dry_Forest"	-16.32425	46.82299
"P27361_1048"	"SAJYAD"	"TFWNLD"	2020-01-01	2020-01-08	2020-01-05	"Dry_Forest"	-16.32886	46.82082
"P27361_1049"	"SSC5PT"	"TAHDZD"	2020-01-29	2020-02-05	2020-02-02	"Rainforest"	-14.437	49.74282
"P27361_1050"	"SGZSL2"	"TPSMAA"	2019-08-14	2019-08-21	2019-08-18	"Montane_Rainforest"	-18.196437	47.286287
"P27361_1051"	"S3AZQS"	"TGRG5T"	2019-11-06	2019-11-13	2019-11-10	"Rainforest"	-24.76388889	46.86111111
"P27361_1052"	"SDDDJS"	"TE8SYJ"	2019-11-06	2019-11-13	2019-11-10	"Dry_Forest"	-24.02532	43.73899
"P27361_1053"	"SS3TLP"	"TEYXBT"	2020-02-26	2020-03-04	2020-03-01	"Rainforest"	-18.96439	48.45811
"P27361_1054"	"SVPIQG"	"THGFVB"	2020-03-25	2020-04-01	2020-03-29	"Rainforest"	-23.18722222	47.71861111
"P27361_1055"	"S5WCAX"	"TP2FUA"	2020-05-20	2020-05-27	2020-05-24	"Dry_Forest"	-20.06763	44.65485
"P27361_1056"	"S9U54T"	"T3JY78"	2020-02-26	2020-03-04	2020-03-01	"Dry_Forest"	-24.02663	43.740925
"P27361_1057"	"SHFFFN"	"TRA8W1"	2020-02-26	2020-03-04	2020-03-01	"Rainforest"	-14.43606	49.75736
"P27361_1058"	"SZHJKR"	"T3JY78"	2019-11-06	2019-11-13	2019-11-10	"Dry_Forest"	-24.02663	43.740925
"P27361_1059"	"SW2VPD"	"TUP4R5"	2020-03-25	2020-04-01	2020-03-29	"Dry_Forest"	-24.02303	43.7859
"P27361_1060"	"SEWWF6"	"TFWNLD"	2019-10-09	2019-10-16	2019-10-13	"Dry_Forest"	-16.32886	46.82082
"P27361_1061"	"SM9K8A"	"TXS3QU"	2020-01-29	2020-02-06	2020-02-02	"Rainforest"	-14.44021	49.77818
"P27361_1062"	"S9CULQ"	"T3JY78"	2020-04-22	2020-04-29	2020-04-26	"Dry_Forest"	-24.02663	43.740925
"P27361_1063"	"SWUVSE"	"TP2FUA"	2019-08-14	2019-08-21	2019-08-18	"Dry_Forest"	-20.06763	44.65485
"P27361_1064"	"SJQ4Q3"	"TE8SYJ"	2020-03-25	2020-04-01	2020-03-29	"Dry_Forest"	-24.02532	43.73899
"P27361_1067"	"SGQQSS"	"TFBCWJ"	2019-12-04	2019-12-11	2019-12-08	"Rainforest"	-24.58194444	47.135
"P27361_1068"	"S4IFRA"	"TPQKYN"	2019-09-11	2019-09-18	2019-09-15	"Rainforest"	-16.28466	48.81669
"P27361_1069"	"SM8Q5J"	"TAHDZD"	2020-05-20	2020-05-27	2020-05-24	"Rainforest"	-14.437	49.74282
"P27361_1070"	"SWNILW"	"TKRH5P"	2020-07-15	2020-07-22	2020-07-19	"Dry_Forest"	-16.46848	45.41309
"P27361_1071"	"ST5HXR"	"T3JY78"	2019-08-14	2019-08-21	2019-08-18	"Dry_Forest"	-24.02663	43.740925
"P27361_1072"	"SFSIIM"	"TGJ4FW"	2020-07-16	2020-07-23	2020-07-20	"Dry_Forest"	-20.06286	44.65663
"P27361_1073"	"SJ2ZTR"	"TRJZGH"	2020-05-20	2020-05-27	2020-05-24	"Rainforest"	-14.44448	49.73728
"P27361_1074"	"SK7SHJ"	"TGJ4FW"	2020-03-25	2020-04-01	2020-03-29	"Dry_Forest"	-20.06286	44.65663
"P27361_1075"	"S6DVIF"	"TRA8W1"	2020-06-17	2020-06-24	2020-06-21	"Rainforest"	-14.43606	49.75736
"P27361_1076"	"S9HID3"	"TULADB"	2019-08-14	2019-08-21	2019-08-18	"Rainforest"	-24.585	47.13583333
"P27361_1077"	"SGVI2H"	"TG1QMA"	2020-05-20	2020-05-27	2020-05-24	"Dry_Forest"	-20.06509	44.65473
"P27361_1078"	"SIDNHI"	"TPQKYN"	2020-06-17	2020-06-24	2020-06-21	"Rainforest"	-16.28466	48.81669
"P27361_1079"	"SBP4DH"	"TPQKYN"	2020-04-22	2020-04-29	2020-04-26	"Rainforest"	-16.28466	48.81669
"P27361_1080"	"S38BMG"	"TPQKYN"	2019-12-04	2019-12-11	2019-12-08	"Rainforest"	-16.28466	48.81669
"P27361_1081"	"SII45Y"	"TPQKYN"	2019-11-06	2019-11-13	2019-11-10	"Rainforest"	-16.28466	48.81669
"P27361_1082"	"SGZ5RQ"	"TKRH5P"	2019-11-06	2019-11-13	2019-11-10	"Dry_Forest"	-16.46848	45.41309
"P27361_1083"	"S9FXYU"	"TUH8A4"	2019-08-14	2019-08-21	2019-08-18	"Dry_Forest"	-16.32425	46.82299
"P27361_1084"	"SCY3QZ"	"TW51Z9"	2019-09-11	2019-09-18	2019-09-15	"Dry_Forest"	-12.278013	49.381504
"P27361_1085"	"SDDI6X"	"TGJ4FW"	2020-05-20	2020-05-27	2020-05-24	"Dry_Forest"	-20.06286	44.65663
"P27361_1086"	"SW9DYA"	"TP2FUA"	2019-09-11	2019-09-18	2019-09-15	"Dry_Forest"	-20.06763	44.65485
"P27361_1087"	"SWYPYD"	"TW51Z9"	2019-11-06	2019-11-13	2019-11-10	"Dry_Forest"	-12.278013	49.381504
"P27361_1088"	"SXMJ9T"	"TG1QMA"	2019-09-11	2019-09-18	2019-09-15	"Dry_Forest"	-20.06509	44.65473
"P27361_1089"	"SR441K"	"TFWNLD"	2019-11-06	2019-11-13	2019-11-10	"Dry_Forest"	-16.32886	46.82082
"P27361_1090"	"SMIPFR"	"TRJZGH"	2020-03-25	2020-04-01	2020-03-29	"Rainforest"	-14.44448	49.73728
"P27361_1091"	"SAPYYB"	"TAHDZD"	2020-04-22	2020-04-29	2020-04-26	"Rainforest"	-14.437	49.74282
"P27361_1092"	"S83YS3"	"TRA8W1"	2019-08-14	2019-08-21	2019-08-18	"Rainforest"	-14.43606	49.75736
"P27361_1097"	"SIW3QW"	"TTFJBN"	2020-02-26	2020-03-04	2020-03-01	"Rainforest"	-18.96579	48.46074
"P27361_1098"	"SXMZ6R"	"TAVVN5"	2020-05-20	2020-05-27	2020-05-24	"Rainforest"	-12.515596	49.180805
"P27361_1099"	"SWCGXP"	"T3JY78"	2020-01-29	2020-02-05	2020-02-02	"Dry_Forest"	-24.02663	43.740925
"P27361_1100"	"SVVWHK"	"TN1QSL"	2020-01-29	2020-02-05	2020-02-02	"Dry_Forest"	-16.06344	45.26049
"P27361_1101"	"SX8AFQ"	"T6UDMB"	2020-05-20	2020-05-27	2020-05-24	"Dry_Forest"	-22.82777778	43.51916667
"P27361_1102"	"SVUHWL"	"TB43DA"	2020-02-26	2020-03-04	2020-03-01	"Rainforest"	-21.258128	47.422347
"P27361_1103"	"SCDASL"	"TYBVPP"	2020-05-20	2020-05-27	2020-05-24	"Dry_Forest"	-23.655035	44.629599
"P27361_1104"	"S2VFAZ"	"TTFJBN"	2019-12-04	2019-12-11	2019-12-08	"Rainforest"	-18.96579	48.46074
"P27361_1105"	"SBL8CX"	"T6UDMB"	2019-10-09	2019-10-16	2019-10-13	"Dry_Forest"	-22.82777778	43.51916667
"P27361_1106"	"SKAJLX"	"TGRG5T"	2019-10-09	2019-10-16	2019-10-13	"Rainforest"	-24.76388889	46.86111111
"P27361_1109"	"SKWNZH"	"TQKQRH"	2020-07-15	2020-07-22	2020-07-19	"Rainforest"	-15.68117	49.9577
"P27361_1110"	"SJNTYN"	"TRGIDB"	2020-06-17	2020-06-24	2020-06-21	"Rainforest"	-16.31439	49.79369
"P27361_1111"	"SVDQ7J"	"TPQKYN"	2019-10-09	2019-10-16	2019-10-13	"Rainforest"	-16.28466	48.81669
"P27361_1112"	"SQ3TM6"	"TPQKYN"	2020-01-29	2020-02-05	2020-02-02	"Rainforest"	-16.28466	48.81669
"P27361_1113"	"SSWQQS"	"TRA8W1"	2020-01-29	2020-02-05	2020-02-02	"Rainforest"	-14.43606	49.75736
"P27361_1114"	"SNZ9QV"	"TKRH5P"	2020-04-22	2020-04-29	2020-04-26	"Dry_Forest"	-16.46848	45.41309
"P27361_1115"	"SPNMG9"	"TEYXBT"	2020-04-22	2020-04-29	2020-04-26	"Rainforest"	-18.96439	48.45811
"P27361_1116"	"S4WEQ8"	"THYGHQ"	2020-01-29	2020-02-06	2020-02-02	"Dry_Forest"	-20.7949	44.16618
"P27361_1117"	"SD5SYE"	"TZJWN3"	2020-05-20	2020-05-27	2020-05-24	"Rainforest"	-17.9201	49.20044
"P27361_1119"	"S4DBGZ"	"TGRG5T"	2020-04-22	2020-04-29	2020-04-26	"Rainforest"	-24.76388889	46.86111111
"P27361_1120"	"SG7LXE"	"T6UDMB"	2020-07-15	2020-07-23	2020-07-19	"Dry_Forest"	-22.82777778	43.51916667
"P27361_1121"	"SEAUWL"	"TRGIDB"	2020-04-22	2020-04-29	2020-04-26	"Rainforest"	-16.31439	49.79369
"P27361_1122"	"SQWXHG"	"TIYMCS"	2019-10-09	2019-10-16	2019-10-13	"Dry_Forest"	-22.88694444	44.69277778
"P27361_1123"	"S246BU"	"TEYXBT"	2019-10-09	2019-10-16	2019-10-13	"Rainforest"	-18.96439	48.45811
"P27361_1124"	"SETZ3A"	"TYBVPP"	2019-11-07	2019-11-13	2019-11-10	"Dry_Forest"	-23.655035	44.629599
"P27361_1126"	"SCUJPA"	"TTFJBN"	2019-10-09	2019-10-16	2019-10-13	"Rainforest"	-18.96579	48.46074
"P27361_1127"	"SUM3JZ"	"TEYXBT"	2019-11-06	2019-11-13	2019-11-10	"Rainforest"	-18.96439	48.45811
"P27361_1128"	"SMQCLK"	"TIPGKX"	2019-10-09	2019-10-16	2019-10-13	"Dry_Forest"	-25.540964	45.137877
"P27361_1129"	"SWI5JD"	"TGRG5T"	2020-01-01	2020-01-08	2020-01-05	"Rainforest"	-24.76388889	46.86111111
"P27361_1130"	"SSUBJK"	"TZJWN3"	2019-09-11	2019-09-18	2019-09-15	"Rainforest"	-17.9201	49.20044
"P27361_1131"	"SZF2RF"	"TEYXBT"	2020-07-15	2020-07-22	2020-07-19	"Rainforest"	-18.96439	48.45811
"P27361_1132"	"SFRNT6"	"TZJWN3"	2020-01-01	2020-01-08	2020-01-05	"Rainforest"	-17.9201	49.20044
"P27361_1133"	"SXQYUC"	"TEYXBT"	2020-06-17	2020-06-24	2020-06-21	"Rainforest"	-18.96439	48.45811
"P27361_1134"	"SXZW6D"	"TTFJBN"	2020-01-01	2020-01-08	2020-01-05	"Rainforest"	-18.96579	48.46074
"P27361_1135"	"SECWZ1"	"TB43DA"	2019-08-14	2019-08-21	2019-08-18	"Rainforest"	-21.258128	47.422347
"P27361_1136"	"SHFXFC"	"TB43DA"	2019-11-06	2019-11-13	2019-11-10	"Rainforest"	-21.258128	47.422347
"P27361_1137"	"SJYCU3"	"TZJWN3"	2020-07-15	2020-07-22	2020-07-19	"Rainforest"	-17.9201	49.20044
"P27361_1138"	"S76HKY"	"TTFJBN"	2019-11-06	2019-11-13	2019-11-10	"Rainforest"	-18.96579	48.46074
"P27361_1139"	"SDKUCA"	"TEYXBT"	2020-01-29	2020-02-05	2020-02-02	"Rainforest"	-18.96439	48.45811
"P27361_1140"	"S1J5NE"	"TTFJBN"	2020-07-15	2020-07-22	2020-07-19	"Rainforest"	-18.96579	48.46074
"P27361_1141"	"SC9QKB"	"TAVVN5"	2020-03-25	2020-04-01	2020-03-29	"Rainforest"	-12.515596	49.180805
"P27361_1142"	"SJ99AM"	"TTFJBN"	2020-04-22	2020-04-29	2020-04-26	"Rainforest"	-18.96579	48.46074
"P27361_1143"	"S7KIPY"	"TIPGKX"	2020-05-20	2020-05-28	2020-05-24	"Dry_Forest"	-25.540964	45.137877
"P27361_1144"	"SSRNBI"	"TEE8KA"	2019-12-04	2019-12-11	2019-12-08	"Rainforest"	-17.70517	49.45715
"P27361_1145"	"SFTRGJ"	"T6UDMB"	2019-12-04	2019-12-11	2019-12-08	"Dry_Forest"	-22.82777778	43.51916667
"P27361_1146"	"SGYRBW"	"TIPGKX"	2020-03-25	2020-04-01	2020-03-29	"Dry_Forest"	-25.540964	45.137877
"P27361_1147"	"SHQE2A"	"TB43DA"	2019-12-04	2019-12-11	2019-12-08	"Rainforest"	-21.258128	47.422347
"P27361_1151"	"SWXF1U"	"T3JY78"	2020-06-03	2020-06-10	2020-06-07	"Dry_Forest"	-24.02663	43.740925
"P27361_1152"	"SSFHLI"	"T3JY78"	2020-05-06	2020-05-13	2020-05-10	"Dry_Forest"	-24.02663	43.740925
"P27361_1153"	"SIWCGB"	"TEE8KA"	2020-02-05	2020-02-12	2020-02-09	"Rainforest"	-17.70517	49.45715
"P27361_1154"	"SNSYXH"	"TRKQU5"	2019-10-23	2019-10-30	2019-10-27	"Dry_Forest"	-12.96002	49.120911
"P27361_1155"	"SRMCXX"	"TRKQU5"	2020-02-05	2020-02-12	2020-02-09	"Dry_Forest"	-12.96002	49.120911
"P27361_1156"	"SKVEJ2"	"TIYMCS"	2019-09-25	2019-10-02	2019-09-29	"Dry_Forest"	-22.88694444	44.69277778
"P27361_1157"	"SLALBI"	"TEE8KA"	2019-09-18	2019-09-25	2019-09-22	"Rainforest"	-17.70517	49.45715
"P27361_1158"	"SKF5WY"	"T9VS8I"	2020-07-01	2020-07-08	2020-07-05	"Rainforest"	-15.67664	49.95653
"P27361_1159"	"S3IZ5Z"	"T3JY78"	2020-01-15	2020-01-22	2020-01-19	"Dry_Forest"	-24.02663	43.740925
"P27361_1160"	"SIGAJQ"	"TEE8KA"	2020-03-04	2020-03-11	2020-03-08	"Rainforest"	-17.70517	49.45715
"P27361_1161"	"SBRHXC"	"TKDVTA"	2019-12-04	2019-12-11	2019-12-08	"Rainforest"	-24.5825	47.15027778
"P27361_1162"	"SXBG85"	"TRGIDB"	2020-01-29	2020-02-05	2020-02-02	"Rainforest"	-16.31439	49.79369
"P27361_1163"	"SHLSTQ"	"TP2FUA"	2020-06-17	2020-06-24	2020-06-21	"Dry_Forest"	-20.06763	44.65485
"P27361_1164"	"SFBLVX"	"TQKQRH"	2019-11-27	2019-12-11	2019-12-04	"Rainforest"	-15.68117	49.9577
"P27361_1165"	"S4CGCX"	"TRA8W1"	2020-05-20	2020-05-27	2020-05-24	"Rainforest"	-14.43606	49.75736
"P27361_1166"	"SIZVNZ"	"TN1QSL"	2020-06-17	2020-06-24	2020-06-21	"Dry_Forest"	-16.06344	45.26049
"P27361_1167"	"SSVP9F"	"TYBVPP"	2020-03-25	2020-04-01	2020-03-29	"Dry_Forest"	-23.655035	44.629599
"P27361_1168"	"SPRH7R"	"TPSMAA"	2020-03-25	2020-04-01	2020-03-29	"Montane_Rainforest"	-18.196437	47.286287
"P27361_1169"	"SX5FLG"	"TDKTHY"	2019-11-06	2019-11-13	2019-11-10	"Rainforest"	-18.96534	48.45539
"P27361_1170"	"SLG3QQ"	"TRJZGH"	2020-01-29	2020-02-05	2020-02-02	"Rainforest"	-14.44448	49.73728
"P27361_1171"	"SEYDTK"	"TNKTYG"	2019-09-11	2019-09-18	2019-09-15	"Rainforest"	-12.514783	49.181247
"P27361_1172"	"SUFCGV"	"TTFJBN"	2020-05-20	2020-05-27	2020-05-24	"Rainforest"	-18.96579	48.46074
"P27361_1173"	"SU3LHB"	"TK4SS2"	2019-10-16	2019-10-23	2019-10-20	"Dry_Forest"	-19.14032	44.81435
"P27361_1174"	"SRFHCZ"	"T3JY78"	2020-03-04	2020-03-11	2020-03-08	"Dry_Forest"	-24.02663	43.740925
"P27361_1175"	"STBQRP"	"T3JY78"	2020-03-11	2020-03-18	2020-03-15	"Dry_Forest"	-24.02663	43.740925
"P27361_1176"	"SXUKIF"	"TRKQU5"	2019-12-18	2019-12-25	2019-12-22	"Dry_Forest"	-12.96002	49.120911
"P27361_1177"	"SJT5YT"	"TRKQU5"	2020-07-29	2020-08-05	2020-08-02	"Dry_Forest"	-12.96002	49.120911
"P27361_1178"	"SDTIP5"	"TEE8KA"	2019-11-13	2019-11-20	2019-11-17	"Rainforest"	-17.70517	49.45715
"P27361_1179"	"SDZYPX"	"TKRH5P"	2020-06-17	2020-06-24	2020-06-21	"Dry_Forest"	-16.46848	45.41309
"P27361_1180"	"S4DK1E"	"THI5PX"	2020-01-29	2020-02-05	2020-02-02	"Dry_Forest"	-12.682717	49.545424
"P27361_1181"	"SBYPSU"	"TEE8KA"	2020-04-08	2020-04-15	2020-04-12	"Rainforest"	-17.70517	49.45715
"P27361_1182"	"SGBEXP"	"TEE8KA"	2020-03-11	2020-03-18	2020-03-15	"Rainforest"	-17.70517	49.45715
"P27361_1183"	"SJRI2M"	"THI5PX"	2019-11-20	2019-11-27	2019-11-24	"Dry_Forest"	-12.682717	49.545424
"P27361_1184"	"SLZHVN"	"TNQVM4"	2020-07-01	2020-07-08	2020-07-05	"Rainforest"	-15.67889	49.95685
"P27361_1185"	"SUSEDD"	"TEE8KA"	2019-11-20	2019-11-27	2019-11-24	"Rainforest"	-17.70517	49.45715
"P27361_1186"	"SMDHV4"	"TRGIDB"	2019-10-16	2019-10-23	2019-10-20	"Rainforest"	-16.31439	49.79369
"P27361_1187"	"SSDGNV"	"TRGIDB"	2019-09-18	2019-09-25	2019-09-22	"Rainforest"	-16.31439	49.79369
"P27361_1188"	"SW8QSJ"	"TRGIDB"	2020-02-12	2020-02-19	2020-02-16	"Rainforest"	-16.31439	49.79369
"P27361_1193"	"S41QCL"	"TW51Z9"	2020-04-22	2020-04-29	2020-04-26	"Dry_Forest"	-12.278013	49.381504
"P27361_1194"	"SA9ESE"	"TW51Z9"	2020-01-01	2020-01-08	2020-01-05	"Dry_Forest"	-12.278013	49.381504
"P27361_1195"	"SNHKBL"	"TRJZGH"	2019-11-06	2019-11-13	2019-11-10	"Rainforest"	-14.44448	49.73728
"P27361_1196"	"SWSD5Q"	"TPQKYN"	2020-05-20	2020-05-27	2020-05-24	"Rainforest"	-16.28466	48.81669
"P27361_1197"	"SFA6NX"	"TUH8A4"	2019-10-09	2019-10-16	2019-10-13	"Dry_Forest"	-16.32425	46.82299
"P27361_1198"	"SNY9RA"	"TEYXBT"	2020-01-01	2020-01-08	2020-01-05	"Rainforest"	-18.96439	48.45811
"P27361_1199"	"SHL7EQ"	"TGJ4FW"	2020-01-30	2020-02-06	2020-02-03	"Dry_Forest"	-20.06286	44.65663
"P27361_1200"	"S66MLL"	"TNQVM4"	2019-10-30	2019-11-06	2019-11-03	"Rainforest"	-15.67889	49.95685
"P27361_1201"	"SAKWZF"	"TGJ4FW"	2020-04-22	2020-04-29	2020-04-26	"Dry_Forest"	-20.06286	44.65663
"P27361_1202"	"SMUXIF"	"TRJZGH"	2020-04-22	2020-04-29	2020-04-26	"Rainforest"	-14.44448	49.73728
"P27361_1203"	"SVPNXC"	"TNQVM4"	2019-09-11	2019-09-18	2019-09-15	"Rainforest"	-15.67889	49.95685
"P27361_1204"	"S1RUA8"	"TRA8W1"	2019-09-11	2019-09-18	2019-09-15	"Rainforest"	-14.43606	49.75736
"P27361_1205"	"SHEPE2"	"TQKQRH"	2019-09-11	2019-09-18	2019-09-15	"Rainforest"	-15.68117	49.9577
"P27361_1206"	"SUMWQT"	"TG1QMA"	2020-01-30	2020-02-06	2020-02-03	"Dry_Forest"	-20.06509	44.65473
"P27361_1209"	"SV9LQH"	"TUP4R5"	2020-04-22	2020-04-29	2020-04-26	"Dry_Forest"	-24.02303	43.7859
"P27361_1210"	"SDKWFT"	"THI5PX"	2020-07-15	2020-07-22	2020-07-19	"Dry_Forest"	-12.682717	49.545424
"P27361_1211"	"SKSKAX"	"TG6SK4"	2019-10-09	2019-10-16	2019-10-13	"Rainforest"	-13.40849	48.30587
"P27361_1212"	"SIU76M"	"TAVVN5"	2020-04-22	2020-04-29	2020-04-26	"Rainforest"	-12.515596	49.180805
"P27361_1213"	"SXFQ3B"	"T3JY78"	2019-09-11	2019-09-18	2019-09-15	"Dry_Forest"	-24.02663	43.740925
"P27361_1214"	"SKZH9I"	"TRJZGH"	2019-09-11	2019-09-18	2019-09-15	"Rainforest"	-14.44448	49.73728
"P27361_1215"	"SMDKTA"	"TN1QSL"	2020-01-01	2020-01-08	2020-01-05	"Dry_Forest"	-16.06344	45.26049
"P27361_1216"	"SVLK4Q"	"TK1MIJ"	2019-11-06	2019-11-13	2019-11-10	"Dry_Forest"	-13.14696	49.70374
"P27361_1217"	"SD1IKG"	"T6UDMB"	2020-04-22	2020-04-29	2020-04-26	"Dry_Forest"	-22.82777778	43.51916667
"P27361_1218"	"S1JEMF"	"THYGHQ"	2019-09-11	2019-09-18	2019-09-15	"Dry_Forest"	-20.7949	44.16618
"P27361_1219"	"SWT4AV"	"T9VS8I"	2019-09-11	2019-09-18	2019-09-15	"Rainforest"	-15.67664	49.95653
"P27361_1220"	"SW8YIK"	"TZJWN3"	2019-11-06	2019-11-13	2019-11-10	"Rainforest"	-17.9201	49.20044
"P27361_1221"	"SJJMI8"	"T9VS8I"	2019-11-27	2019-12-11	2019-12-04	"Rainforest"	-15.67664	49.95653
"P27361_1222"	"SUFZKK"	"TPQKYN"	2019-08-14	2019-08-21	2019-08-18	"Rainforest"	-16.28466	48.81669
"P27361_1223"	"SBR5XF"	"THI5PX"	2019-11-06	2019-11-13	2019-11-10	"Dry_Forest"	-12.682717	49.545424
"P27361_1224"	"SNEIQV"	"TPQKYN"	2020-02-26	2020-03-04	2020-03-01	"Rainforest"	-16.28466	48.81669
"P27361_1225"	"S7IQZ5"	"TUH8A4"	2019-09-11	2019-09-18	2019-09-15	"Dry_Forest"	-16.32425	46.82299
"P27361_1226"	"SMIRVV"	"T6UDMB"	2019-08-14	2019-08-21	2019-08-18	"Dry_Forest"	-22.82777778	43.51916667
"P27361_1227"	"SFJ9GM"	"TIYMCS"	2019-08-14	2019-08-21	2019-08-18	"Dry_Forest"	-22.88694444	44.69277778
"P27361_1228"	"S8RQAD"	"TPQKYN"	2020-07-15	2020-07-22	2020-07-19	"Rainforest"	-16.28466	48.81669
"P27361_1229"	"SAU1VN"	"THI5PX"	2019-08-14	2019-08-21	2019-08-18	"Dry_Forest"	-12.682717	49.545424
"P27361_1230"	"SMQ7AJ"	"TW51Z9"	2020-01-29	2020-02-05	2020-02-02	"Dry_Forest"	-12.278013	49.381504
"P27361_1231"	"SVC3RP"	"TZJWN3"	2020-01-29	2020-02-05	2020-02-02	"Rainforest"	-17.9201	49.20044
"P27361_1232"	"SAHSIX"	"TW51Z9"	2020-07-15	2020-07-22	2020-07-19	"Dry_Forest"	-12.278013	49.381504
"P27361_1233"	"SWR4SH"	"TRJZGH"	2020-06-17	2020-06-24	2020-06-21	"Rainforest"	-14.44448	49.73728
"P27361_1234"	"S52BZB"	"TW51Z9"	2019-12-04	2019-12-11	2019-12-08	"Dry_Forest"	-12.278013	49.381504
"P27361_1235"	"SSSUMW"	"TZJWN3"	2020-04-22	2020-04-29	2020-04-26	"Rainforest"	-17.9201	49.20044
"P27361_1236"	"SMC4XT"	"TW51Z9"	2020-03-25	2020-04-01	2020-03-29	"Dry_Forest"	-12.278013	49.381504
"P27361_1237"	"S8GN54"	"TDY8SA"	2019-08-14	2019-08-21	2019-08-18	"Montane_Rainforest"	-18.41335	47.94285
"P27361_1238"	"S3RWXK"	"TIYMCS"	2020-06-17	2020-06-24	2020-06-21	"Dry_Forest"	-22.88694444	44.69277778
"P27361_1239"	"SPCT51"	"T6UDMB"	2020-06-17	2020-06-24	2020-06-21	"Dry_Forest"	-22.82777778	43.51916667
"P27361_1240"	"SL1Z64"	"TW51Z9"	2020-05-20	2020-05-27	2020-05-24	"Dry_Forest"	-12.278013	49.381504
"P27361_1241"	"SIBL4W"	"TZJWN3"	2020-06-17	2020-06-24	2020-06-21	"Rainforest"	-17.9201	49.20044
"P27361_1242"	"SDU5H1"	"THI5PX"	2020-05-20	2020-05-27	2020-05-24	"Dry_Forest"	-12.682717	49.545424
"P27361_1243"	"SZ6QLF"	"TN1QSL"	2020-07-15	2020-07-22	2020-07-19	"Dry_Forest"	-16.06344	45.26049
"P27361_1244"	"S1I8KR"	"TG6SK4"	2019-09-11	2019-09-18	2019-09-15	"Rainforest"	-13.40849	48.30587
"P27361_1245"	"STZBGQ"	"TUP4R5"	2020-02-26	2020-03-04	2020-03-01	"Dry_Forest"	-24.02303	43.7859
"P27361_1246"	"SYDBRR"	"T3JY78"	2020-06-17	2020-06-24	2020-06-21	"Dry_Forest"	-24.02663	43.740925
"P27361_1247"	"SQW53T"	"TK1MIJ"	2019-08-14	2019-08-21	2019-08-18	"Dry_Forest"	-13.14696	49.70374
"P27361_1248"	"SBN6TZ"	"T3JY78"	2020-07-15	2020-07-22	2020-07-19	"Dry_Forest"	-24.02663	43.740925
"P27361_1251"	"SZZZUN"	"TDKTHY"	2020-07-29	2020-08-05	2020-08-02	"Rainforest"	-18.96534	48.45539
"P27361_1252"	"SR7UZI"	"TIPGKX"	2020-01-08	2020-01-15	2020-01-12	"Dry_Forest"	-25.540964	45.137877
"P27361_1253"	"SAT8MF"	"TTFJBN"	2019-09-25	2019-10-02	2019-09-29	"Rainforest"	-18.96579	48.46074
"P27361_1254"	"S7QNZZ"	"TIPGKX"	2020-05-06	2020-05-13	2020-05-10	"Dry_Forest"	-25.540964	45.137877
"P27361_1255"	"SEKK1C"	"TIPGKX"	2020-02-05	2020-02-13	2020-02-09	"Dry_Forest"	-25.540964	45.137877
"P27361_1256"	"S25XQT"	"TIPGKX"	2020-04-01	2020-04-08	2020-04-05	"Dry_Forest"	-25.540964	45.137877
"P27361_1257"	"SC6VKR"	"TGRG5T"	2020-07-01	2020-07-08	2020-07-05	"Rainforest"	-24.76388889	46.86111111
"P27361_1258"	"SZXDDQ"	"TIPGKX"	2020-05-28	2020-06-03	2020-05-31	"Dry_Forest"	-25.540964	45.137877
"P27361_1259"	"S7HUZJ"	"TIPGKX"	2020-04-08	2020-04-15	2020-04-12	"Dry_Forest"	-25.540964	45.137877
"P27361_1260"	"SXUM6L"	"THYGHQ"	2020-06-10	2020-06-17	2020-06-14	"Dry_Forest"	-20.7949	44.16618
"P27361_1261"	"SNS7PT"	"TGRG5T"	2020-01-08	2020-01-15	2020-01-12	"Rainforest"	-24.76388889	46.86111111
"P27361_1262"	"SBW2IU"	"TGRG5T"	2020-02-12	2020-02-19	2020-02-16	"Rainforest"	-24.76388889	46.86111111
"P27361_1263"	"SKYLB5"	"TGRG5T"	2020-04-08	2020-04-15	2020-04-12	"Rainforest"	-24.76388889	46.86111111
"P27361_1264"	"S9QCPW"	"TIYMCS"	2019-09-11	2019-09-18	2019-09-15	"Dry_Forest"	-22.88694444	44.69277778
"P27361_1265"	"S5VAVX"	"TYBVPP"	2020-05-13	2020-05-20	2020-05-17	"Dry_Forest"	-23.655035	44.629599
"P27361_1266"	"S6N22I"	"TE8SYJ"	2019-08-14	2019-08-21	2019-08-18	"Dry_Forest"	-24.02532	43.73899
"P27361_1267"	"SAKFDH"	"TYBVPP"	2019-10-09	2019-10-16	2019-10-13	"Dry_Forest"	-23.655035	44.629599
"P27361_1268"	"SIAU5D"	"TYBVPP"	2020-01-29	2020-02-05	2020-02-02	"Dry_Forest"	-23.655035	44.629599
"P27361_1269"	"SEZEME"	"TN1QSL"	2019-08-14	2019-08-21	2019-08-18	"Dry_Forest"	-16.06344	45.26049
"P27361_1270"	"SGMRTH"	"TK1MIJ"	2020-01-29	2020-02-05	2020-02-02	"Dry_Forest"	-13.14696	49.70374
"P27361_1271"	"SCIZX4"	"TGRG5T"	2020-03-25	2020-04-01	2020-03-29	"Rainforest"	-24.76388889	46.86111111
"P27361_1272"	"SQ5QJJ"	"TIPGKX"	2020-01-29	2020-02-05	2020-02-02	"Dry_Forest"	-25.540964	45.137877
"P27361_1273"	"SMTTA3"	"TXS3QU"	2020-04-23	2020-04-29	2020-04-26	"Rainforest"	-14.44021	49.77818
"P27361_1274"	"SAZLFK"	"TXS3QU"	2019-08-14	2019-08-21	2019-08-18	"Rainforest"	-14.44021	49.77818
"P27361_1275"	"SUHACJ"	"TUP4R5"	2020-01-01	2020-01-08	2020-01-05	"Dry_Forest"	-24.02303	43.7859
"P27361_1276"	"SV3RNA"	"THGFVB"	2019-11-06	2019-11-13	2019-11-10	"Rainforest"	-23.18722222	47.71861111
"P27361_1277"	"SMWJQC"	"TK4SS2"	2019-11-06	2019-11-13	2019-11-10	"Dry_Forest"	-19.14032	44.81435
"P27361_1278"	"SHVAQC"	"TYBVPP"	2019-12-25	2020-01-08	2020-01-01	"Dry_Forest"	-23.655035	44.629599
"P27361_1279"	"SFLHZJ"	"TIPGKX"	2019-08-14	2019-08-21	2019-08-18	"Dry_Forest"	-25.540964	45.137877
"P27361_1280"	"S4D55F"	"TGRG5T"	2020-05-20	2020-05-27	2020-05-24	"Rainforest"	-24.76388889	46.86111111
"P27361_1281"	"S9GZFH"	"TEE8KA"	2019-11-06	2019-11-13	2019-11-10	"Rainforest"	-17.70517	49.45715
"P27361_1282"	"S7UEB5"	"TE8SYJ"	2020-05-20	2020-05-27	2020-05-24	"Dry_Forest"	-24.02532	43.73899
"P27361_1283"	"SMYVGG"	"TIPGKX"	2019-11-06	2019-11-13	2019-11-10	"Dry_Forest"	-25.540964	45.137877
"P27361_1284"	"S8EJDF"	"TDKTHY"	2019-12-04	2019-12-11	2019-12-08	"Rainforest"	-18.96534	48.45539
"P27361_1385"	"S7LCXX"	"TK4SS2"	2020-05-20	2020-05-27	2020-05-24	"Dry_Forest"	-19.14032	44.81435
"P27361_1386"	"SD1R46"	"TK4SS2"	2020-07-15	2020-07-22	2020-07-19	"Dry_Forest"	-19.14032	44.81435
"P27361_1387"	"SMZHHI"	"THGFVB"	2020-05-20	2020-05-27	2020-05-24	"Rainforest"	-23.18722222	47.71861111
"P27361_1388"	"SCKELC"	"TE8SYJ"	2019-08-21	2019-08-28	2019-08-25	"Dry_Forest"	-24.02532	43.73899
"P27361_1389"	"SAIW6T"	"TGRG5T"	2020-07-22	2020-07-29	2020-07-26	"Rainforest"	-24.76388889	46.86111111
"P27361_1390"	"SU2AHW"	"TIPGKX"	2020-07-01	2020-07-08	2020-07-05	"Dry_Forest"	-25.540964	45.137877
"P27361_1393"	"SH1R5I"	"TTFJBN"	2019-09-11	2019-09-18	2019-09-15	"Rainforest"	-18.96579	48.46074
"P27361_1394"	"SQEJV4"	"TDKTHY"	2020-01-01	2020-01-08	2020-01-05	"Rainforest"	-18.96534	48.45539
"P27361_1395"	"SHBW4D"	"TYBVPP"	2019-08-14	2019-08-21	2019-08-18	"Dry_Forest"	-23.655035	44.629599
"P27361_1396"	"S6IFWJ"	"TYBVPP"	2020-06-17	2020-06-24	2020-06-21	"Dry_Forest"	-23.655035	44.629599
"P27361_1397"	"SH18RP"	"TEYXBT"	2019-08-14	2019-08-21	2019-08-18	"Rainforest"	-18.96439	48.45811
"P27361_1398"	"SH4QNF"	"TEYXBT"	2019-08-28	2019-09-04	2019-09-01	"Rainforest"	-18.96439	48.45811
"P27361_1399"	"SLGZLJ"	"TIPGKX"	2020-02-26	2020-03-04	2020-03-01	"Dry_Forest"	-25.540964	45.137877
"P27361_1400"	"S8NDQ7"	"TIPGKX"	2020-04-15	2020-04-29	2020-04-22	"Dry_Forest"	-25.540964	45.137877
"P27361_1401"	"SRG46N"	"TTFJBN"	2019-09-18	2019-09-25	2019-09-22	"Rainforest"	-18.96579	48.46074
"P27361_1402"	"SJDQAJ"	"TDKTHY"	2019-10-24	2019-10-30	2019-10-27	"Rainforest"	-18.96534	48.45539
"P27361_1403"	"SMGGJQ"	"TZJWN3"	2019-08-21	2019-08-28	2019-08-25	"Rainforest"	-17.9201	49.20044
"P27361_1404"	"SFBK5B"	"TZJWN3"	2019-08-28	2019-09-04	2019-09-01	"Rainforest"	-17.9201	49.20044
"P27361_1405"	"SLCHPG"	"TE8SYJ"	2020-05-27	2020-06-03	2020-05-31	"Dry_Forest"	-24.02532	43.73899
"P27361_1406"	"S24ZH2"	"TGRG5T"	2020-01-15	2020-01-22	2020-01-19	"Rainforest"	-24.76388889	46.86111111
"P27361_1407"	"S3YFXX"	"T3JY78"	2019-08-28	2019-09-04	2019-09-01	"Dry_Forest"	-24.02663	43.740925
"P27361_1408"	"SLNI35"	"TGRG5T"	2020-02-05	2020-02-12	2020-02-09	"Rainforest"	-24.76388889	46.86111111
"P27361_1409"	"SCXGAG"	"TDKTHY"	2020-07-01	2020-07-08	2020-07-05	"Rainforest"	-18.96534	48.45539
"P27361_1410"	"S1IHER"	"TTFJBN"	2020-07-01	2020-07-08	2020-07-05	"Rainforest"	-18.96579	48.46074
"P27361_1411"	"SBJPNB"	"TGRG5T"	2020-03-04	2020-03-11	2020-03-08	"Rainforest"	-24.76388889	46.86111111
"P27361_1412"	"SMNIZM"	"TTFJBN"	2020-06-24	2020-07-01	2020-06-28	"Rainforest"	-18.96579	48.46074
"P27361_1413"	"SQBWVJ"	"TGRG5T"	2020-06-24	2020-07-01	2020-06-28	"Rainforest"	-24.76388889	46.86111111
"P27361_1414"	"SQ4RUX"	"TTFJBN"	2019-08-21	2019-08-28	2019-08-25	"Rainforest"	-18.96579	48.46074
"P27361_1415"	"SXRGMP"	"TDKTHY"	2020-06-24	2020-07-01	2020-06-28	"Rainforest"	-18.96534	48.45539
"P27361_1416"	"S2QNKM"	"TEYXBT"	2019-08-21	2019-08-28	2019-08-25	"Rainforest"	-18.96439	48.45811
"P27361_1417"	"S8VHAP"	"TEYXBT"	2020-07-01	2020-07-08	2020-07-05	"Rainforest"	-18.96439	48.45811
"P27361_1418"	"SYFDNX"	"TGRG5T"	2020-07-29	2020-08-05	2020-08-02	"Rainforest"	-24.76388889	46.86111111
"P27361_1419"	"S1KHKE"	"TIPGKX"	2020-07-22	2020-07-29	2020-07-26	"Dry_Forest"	-25.540964	45.137877
"P27361_1420"	"S6FQU8"	"TTFJBN"	2020-04-01	2020-04-08	2020-04-05	"Rainforest"	-18.96579	48.46074
"P27361_1421"	"S4P8NL"	"TDKTHY"	2020-07-22	2020-07-29	2020-07-26	"Rainforest"	-18.96534	48.45539
"P27361_1422"	"S2ZNJ5"	"TEYXBT"	2020-01-08	2020-01-15	2020-01-12	"Rainforest"	-18.96439	48.45811
"P27361_1423"	"SZ2WRM"	"TDKTHY"	2020-06-03	2020-06-10	2020-06-07	"Rainforest"	-18.96534	48.45539
"P27361_1424"	"SJQES9"	"THGFVB"	2019-12-11	2019-12-18	2019-12-15	"Rainforest"	-23.18722222	47.71861111
"P27361_1425"	"S41GIP"	"TEYXBT"	2020-06-24	2020-07-01	2020-06-28	"Rainforest"	-18.96439	48.45811
"P27361_1426"	"SZX9UD"	"TEYXBT"	2019-09-25	2019-10-02	2019-09-29	"Rainforest"	-18.96439	48.45811
"P27361_1427"	"SUY2XK"	"TE8SYJ"	2020-07-22	2020-08-05	2020-07-29	"Dry_Forest"	-24.02532	43.73899
"P27361_1428"	"SU73MJ"	"TDKTHY"	2019-10-16	2019-10-23	2019-10-20	"Rainforest"	-18.96534	48.45539
"P27361_1429"	"SPKEBM"	"TEYXBT"	2020-04-08	2020-04-15	2020-04-12	"Rainforest"	-18.96439	48.45811
"P27361_1430"	"S9TJAI"	"TEYXBT"	2020-05-27	2020-06-03	2020-05-31	"Rainforest"	-18.96439	48.45811
"P27361_1431"	"SXVHXM"	"TTFJBN"	2020-04-29	2020-05-06	2020-05-03	"Rainforest"	-18.96579	48.46074
"P27361_1432"	"SLIL8Q"	"TE8SYJ"	2020-07-01	2020-07-08	2020-07-05	"Dry_Forest"	-24.02532	43.73899
"P27361_1435"	"SXGFW3"	"T3JY78"	2019-12-04	2019-12-11	2019-12-08	"Dry_Forest"	-24.02663	43.740925
"P27361_1436"	"SN1VGQ"	"TXS3QU"	2020-03-25	2020-04-02	2020-03-29	"Rainforest"	-14.44021	49.77818
"P27361_1437"	"SZMD8P"	"TRJZGH"	2020-02-26	2020-03-04	2020-03-01	"Rainforest"	-14.44448	49.73728
"P27361_1438"	"SC9KGT"	"TUP4R5"	2019-09-11	2019-09-18	2019-09-15	"Dry_Forest"	-24.02303	43.7859
"P27361_1439"	"SFXFTD"	"TG6SK4"	2020-07-15	2020-07-22	2020-07-19	"Rainforest"	-13.40849	48.30587
"P27361_1440"	"SAR37U"	"THGFVB"	2019-10-15	2019-10-23	2019-10-19	"Rainforest"	-23.18722222	47.71861111
"P27361_1441"	"SHQLDM"	"TNKTYG"	2020-04-08	2020-04-15	2020-04-12	"Rainforest"	-12.514783	49.181247
"P27361_1442"	"S8RKFL"	"TG6SK4"	2020-01-29	2020-02-05	2020-02-02	"Rainforest"	-13.40849	48.30587
"P27361_1443"	"STJMXI"	"T6UDMB"	2019-11-06	2019-11-13	2019-11-10	"Dry_Forest"	-22.82777778	43.51916667
"P27361_1444"	"SAZTMV"	"TG6SK4"	2020-05-20	2020-05-27	2020-05-24	"Rainforest"	-13.40849	48.30587
"P27361_1445"	"SUDVJU"	"TK1MIJ"	2020-05-20	2020-05-27	2020-05-24	"Dry_Forest"	-13.14696	49.70374
"P27361_1446"	"SBCBCZ"	"TG6SK4"	2020-06-17	2020-06-24	2020-06-21	"Rainforest"	-13.40849	48.30587
"P27361_1447"	"SM7QSI"	"TN1QSL"	2019-09-11	2019-09-18	2019-09-15	"Dry_Forest"	-16.06344	45.26049
"P27361_1448"	"SMZSDX"	"TE8SYJ"	2020-07-15	2020-07-22	2020-07-19	"Dry_Forest"	-24.02532	43.73899
"P27361_1449"	"SQTNWG"	"TE8SYJ"	2020-02-26	2020-03-04	2020-03-01	"Dry_Forest"	-24.02532	43.73899
"P27361_1450"	"S8CGSA"	"TTFJBN"	2019-08-14	2019-08-21	2019-08-18	"Rainforest"	-18.96579	48.46074
"P27361_1451"	"SVKVY1"	"TK1MIJ"	2020-07-15	2020-07-22	2020-07-19	"Dry_Forest"	-13.14696	49.70374
"P27361_1452"	"S9QVEV"	"THGFVB"	2020-04-22	2020-04-29	2020-04-26	"Rainforest"	-23.18722222	47.71861111
"P27361_1453"	"SCHJGQ"	"TG6SK4"	2019-11-06	2019-11-13	2019-11-10	"Rainforest"	-13.40849	48.30587
"P27361_1454"	"SJVSRR"	"TG6SK4"	2020-04-22	2020-04-29	2020-04-26	"Rainforest"	-13.40849	48.30587
"P27361_1455"	"SBZPHD"	"TUP4R5"	2020-05-20	2020-05-27	2020-05-24	"Dry_Forest"	-24.02303	43.7859
"P27361_1456"	"S1WRE2"	"TK1MIJ"	2020-04-22	2020-04-29	2020-04-26	"Dry_Forest"	-13.14696	49.70374
"P27361_1457"	"SIX9BY"	"T3JY78"	2019-09-18	2019-09-25	2019-09-22	"Dry_Forest"	-24.02663	43.740925
"P27361_1458"	"SN5V2F"	"TG6SK4"	2020-03-25	2020-04-01	2020-03-29	"Rainforest"	-13.40849	48.30587
"P27361_1459"	"SN2FMD"	"TAVVN5"	2020-02-26	2020-03-04	2020-03-01	"Rainforest"	-12.515596	49.180805
"P27361_1460"	"SVXIE5"	"TN1QSL"	2020-04-22	2020-04-29	2020-04-26	"Dry_Forest"	-16.06344	45.26049
"P27361_1461"	"SI2KFN"	"TK1MIJ"	2020-02-26	2020-03-04	2020-03-01	"Dry_Forest"	-13.14696	49.70374
"P27361_1462"	"SSXKJQ"	"TG6SK4"	2020-02-26	2020-03-04	2020-03-01	"Rainforest"	-13.40849	48.30587
"P27361_1463"	"SV9BAY"	"TRGIDB"	2020-04-01	2020-04-08	2020-04-05	"Rainforest"	-16.31439	49.79369
"P27361_1464"	"SYCJXK"	"TG6SK4"	2019-08-14	2019-08-21	2019-08-18	"Rainforest"	-13.40849	48.30587
"P27361_1465"	"SLNXET"	"TUP4R5"	2019-11-06	2019-11-13	2019-11-10	"Dry_Forest"	-24.02303	43.7859
"P27361_1466"	"SAKBB6"	"TAHDZD"	2019-12-04	2019-12-11	2019-12-08	"Rainforest"	-14.437	49.74282
"P27361_1467"	"SANITT"	"TE8SYJ"	2019-12-04	2019-12-11	2019-12-08	"Dry_Forest"	-24.02532	43.73899
"P27361_1468"	"STTATU"	"TRJZGH"	2019-10-09	2019-10-16	2019-10-13	"Rainforest"	-14.44448	49.73728
"P27361_1469"	"SAEBZT"	"TG6SK4"	2020-01-01	2020-01-08	2020-01-05	"Rainforest"	-13.40849	48.30587
"P27361_1470"	"SETFBY"	"TE8SYJ"	2020-01-01	2020-01-08	2020-01-05	"Dry_Forest"	-24.02532	43.73899
"P27361_1471"	"S4SQNR"	"T6UDMB"	2020-02-26	2020-03-05	2020-03-01	"Dry_Forest"	-22.82777778	43.51916667
"P27361_1472"	"SHPQMN"	"TRA8W1"	2020-03-25	2020-04-01	2020-03-29	"Rainforest"	-14.43606	49.75736
"P27361_1473"	"SFPHPJ"	"TK1MIJ"	2020-03-25	2020-04-01	2020-03-29	"Dry_Forest"	-13.14696	49.70374
"P27361_1474"	"SHPK48"	"TK1MIJ"	2020-06-17	2020-06-24	2020-06-21	"Dry_Forest"	-13.14696	49.70374
"P27361_1481"	"SLJPAF"	"TEE8KA"	2020-04-22	2020-04-29	2020-04-26	"Rainforest"	-17.70517	49.45715
"P27361_1482"	"SS5MCX"	"TN1QSL"	2020-02-26	2020-03-04	2020-03-01	"Dry_Forest"	-16.06344	45.26049
"P27361_1483"	"S9LLIV"	"TKRH5P"	2020-01-29	2020-02-05	2020-02-02	"Dry_Forest"	-16.46848	45.41309
"P27361_1484"	"SWBQPG"	"TAHDZD"	2019-08-14	2019-08-21	2019-08-18	"Rainforest"	-14.437	49.74282
"P27361_1485"	"STXDWT"	"TDKTHY"	2019-12-11	2019-12-18	2019-12-15	"Rainforest"	-18.96534	48.45539
"P27361_1486"	"SEDWZF"	"T9VS8I"	2019-08-14	2019-08-21	2019-08-18	"Rainforest"	-15.67664	49.95653
"P27361_1487"	"SFC5CA"	"TP2FUA"	2019-12-04	2019-12-11	2019-12-08	"Dry_Forest"	-20.06763	44.65485
"P27361_1488"	"SWFRYC"	"TXS3QU"	2019-11-06	2019-11-13	2019-11-10	"Rainforest"	-14.44021	49.77818
"P27361_1489"	"S3KJCW"	"TGJ4FW"	2020-06-17	2020-06-24	2020-06-21	"Dry_Forest"	-20.06286	44.65663
"P27361_1490"	"SNIK6A"	"TUH8A4"	2019-12-04	2019-12-11	2019-12-08	"Dry_Forest"	-16.32425	46.82299
"P27361_1491"	"SV9T3W"	"TRJZGH"	2020-01-01	2020-01-08	2020-01-05	"Rainforest"	-14.44448	49.73728
"P27361_1492"	"SK6BKZ"	"TGJ4FW"	2019-12-04	2019-12-11	2019-12-08	"Dry_Forest"	-20.06286	44.65663
"P27361_1493"	"S48WVS"	"TNQVM4"	2020-03-18	2020-03-25	2020-03-22	"Rainforest"	-15.67889	49.95685
"P27361_1494"	"SB4RHV"	"TRJZGH"	2019-12-04	2019-12-11	2019-12-08	"Rainforest"	-14.44448	49.73728
"P27361_1495"	"SMLUNR"	"TUH8A4"	2019-11-06	2019-11-13	2019-11-10	"Dry_Forest"	-16.32425	46.82299
"P27361_1496"	"SLT9SD"	"TAHDZD"	2020-01-01	2020-01-08	2020-01-05	"Rainforest"	-14.437	49.74282
"P27361_1497"	"SAWCSA"	"TEE8KA"	2020-05-20	2020-05-27	2020-05-24	"Rainforest"	-17.70517	49.45715
"P27361_1498"	"SISMNU"	"TGJ4FW"	2019-11-07	2019-11-13	2019-11-10	"Dry_Forest"	-20.06286	44.65663
"P27361_1499"	"S8I4IE"	"TRA8W1"	2020-01-01	2020-01-08	2020-01-05	"Rainforest"	-14.43606	49.75736
"P27361_1500"	"SHZWXN"	"TEE8KA"	2020-01-01	2020-01-08	2020-01-05	"Rainforest"	-17.70517	49.45715
"P27361_1501"	"SJFJ6I"	"T6UDMB"	2020-03-25	2020-04-01	2020-03-29	"Dry_Forest"	-22.82777778	43.51916667
"P27361_1502"	"SK8GEP"	"TRA8W1"	2019-12-04	2019-12-11	2019-12-08	"Rainforest"	-14.43606	49.75736
"P27361_1503"	"SQP21N"	"TXS3QU"	2019-10-09	2019-10-16	2019-10-13	"Rainforest"	-14.44021	49.77818
"P27361_1504"	"S1RX63"	"TNQVM4"	2019-11-06	2019-11-13	2019-11-10	"Rainforest"	-15.67889	49.95685
"P27361_1505"	"S5ZQAX"	"TDKTHY"	2020-04-22	2020-04-29	2020-04-26	"Rainforest"	-18.96534	48.45539
"P27361_1506"	"SKELDK"	"T6UDMB"	2020-01-01	2020-01-08	2020-01-05	"Dry_Forest"	-22.82777778	43.51916667
"P27361_1507"	"SHAK5W"	"TDKTHY"	2020-03-25	2020-04-01	2020-03-29	"Rainforest"	-18.96534	48.45539
"P27361_1508"	"SLCZ9Y"	"TKRH5P"	2019-11-13	2019-11-20	2019-11-17	"Dry_Forest"	-16.46848	45.41309
"P27361_1509"	"SJVKLB"	"TDKTHY"	2020-01-29	2020-02-05	2020-02-02	"Rainforest"	-18.96534	48.45539
"P27361_1510"	"SAEF56"	"TDKTHY"	2020-02-26	2020-03-04	2020-03-01	"Rainforest"	-18.96534	48.45539
"P27361_1511"	"SZZRWZ"	"TP2FUA"	2019-11-07	2019-11-14	2019-11-11	"Dry_Forest"	-20.06763	44.65485
"P27361_1512"	"SG7XJJ"	"TZJWN3"	2020-03-25	2020-04-01	2020-03-29	"Rainforest"	-17.9201	49.20044
"P27361_1513"	"SXGXJM"	"TNQVM4"	2020-02-26	2020-03-04	2020-03-01	"Rainforest"	-15.67889	49.95685
"P27361_1514"	"SHNNRP"	"TXS3QU"	2020-01-01	2020-01-09	2020-01-05	"Rainforest"	-14.44021	49.77818
"P27361_1515"	"SHYZLF"	"TUP4R5"	2020-06-17	2020-06-24	2020-06-21	"Dry_Forest"	-24.02303	43.7859
"P27361_1516"	"SBMWP3"	"TEYXBT"	2020-04-01	2020-04-08	2020-04-05	"Rainforest"	-18.96439	48.45811
"P27361_1517"	"SPX7YP"	"TGRG5T"	2020-02-26	2020-03-04	2020-03-01	"Rainforest"	-24.76388889	46.86111111
"P27361_1518"	"SYXZTF"	"TK4SS2"	2020-01-01	2020-01-08	2020-01-05	"Dry_Forest"	-19.14032	44.81435
"P27361_1519"	"S5QUPW"	"TXS3QU"	2020-05-21	2020-05-27	2020-05-24	"Rainforest"	-14.44021	49.77818
"P27361_1520"	"SXLL6H"	"TEYXBT"	2020-03-04	2020-03-11	2020-03-08	"Rainforest"	-18.96439	48.45811
"P27361_1521"	"SDSTRK"	"THGFVB"	2020-01-08	2020-01-15	2020-01-12	"Rainforest"	-23.18722222	47.71861111
"P27361_1522"	"S25GN5"	"TB43DA"	2020-01-01	2020-01-08	2020-01-05	"Rainforest"	-21.258128	47.422347
"P27361_1523"	"SAHQFR"	"TTFJBN"	2020-06-03	2020-06-10	2020-06-07	"Rainforest"	-18.96579	48.46074
"P27361_1524"	"SMDNJN"	"THGFVB"	2019-08-14	2019-08-21	2019-08-18	"Rainforest"	-23.18722222	47.71861111
"P27361_1525"	"SGZ4IG"	"TRA8W1"	2019-10-09	2019-10-16	2019-10-13	"Rainforest"	-14.43606	49.75736
"P27361_1526"	"SG7D9S"	"THGFVB"	2019-09-11	2019-09-18	2019-09-15	"Rainforest"	-23.18722222	47.71861111
"P27361_1527"	"SGUNSA"	"TEE8KA"	2019-10-09	2019-10-16	2019-10-13	"Rainforest"	-17.70517	49.45715
"P27361_1528"	"SI7QN8"	"TAHDZD"	2020-06-17	2020-06-24	2020-06-21	"Rainforest"	-14.437	49.74282
"P27361_1529"	"S5SUAY"	"T6UDMB"	2020-01-29	2020-02-05	2020-02-02	"Dry_Forest"	-22.82777778	43.51916667
"P27361_1530"	"SXDQFY"	"TEYXBT"	2019-11-20	2019-11-27	2019-11-24	"Rainforest"	-18.96439	48.45811
"P27361_1531"	"SLZGPS"	"TEYXBT"	2020-07-22	2020-07-29	2020-07-26	"Rainforest"	-18.96439	48.45811
"P27361_1532"	"STK58M"	"THGFVB"	2019-09-25	2019-10-02	2019-09-29	"Rainforest"	-23.18722222	47.71861111
"P27361_1533"	"SUYLLR"	"TEYXBT"	2020-04-29	2020-05-06	2020-05-03	"Rainforest"	-18.96439	48.45811
"P27361_1534"	"SIBCZ3"	"TB43DA"	2019-09-11	2019-09-18	2019-09-15	"Rainforest"	-21.258128	47.422347
"P27361_1535"	"S2VLRV"	"TEYXBT"	2020-06-03	2020-06-10	2020-06-07	"Rainforest"	-18.96439	48.45811
"P27361_1536"	"SE62BC"	"TTFJBN"	2020-03-25	2020-04-01	2020-03-29	"Rainforest"	-18.96579	48.46074
"P27361_1537"	"SMMUP4"	"TDKTHY"	2019-10-09	2019-10-16	2019-10-13	"Rainforest"	-18.96534	48.45539
"P27361_1538"	"SSS64Q"	"TYBVPP"	2020-02-26	2020-03-04	2020-03-01	"Dry_Forest"	-23.655035	44.629599
"P27361_1539"	"S6Y6VF"	"TZJWN3"	2019-10-23	2019-10-30	2019-10-27	"Rainforest"	-17.9201	49.20044
"P27361_1540"	"S7FTZE"	"TEYXBT"	2019-12-18	2019-12-25	2019-12-22	"Rainforest"	-18.96439	48.45811
"P27361_1543"	"S2SFLV"	"TAHDZD"	2020-02-26	2020-03-04	2020-03-01	"Rainforest"	-14.437	49.74282
"P27361_1544"	"S6KN66"	"TAVVN5"	2020-01-29	2020-02-05	2020-02-02	"Rainforest"	-12.515596	49.180805
"P27361_1545"	"SU8HLJ"	"TPSMAA"	2020-01-29	2020-02-05	2020-02-02	"Montane_Rainforest"	-18.196437	47.286287
"P27361_1546"	"SFEBPQ"	"TAHDZD"	2019-10-09	2019-10-16	2019-10-13	"Rainforest"	-14.437	49.74282
"P27361_1547"	"SJ5Y9Y"	"TRJZGH"	2019-08-14	2019-08-21	2019-08-18	"Rainforest"	-14.44448	49.73728
"P27361_1548"	"SJMWHG"	"TRGIDB"	2019-08-14	2019-08-21	2019-08-18	"Rainforest"	-16.31439	49.79369
"P27361_1549"	"SFUCKB"	"TRA8W1"	2020-04-22	2020-04-29	2020-04-26	"Rainforest"	-14.43606	49.75736
"P27361_1550"	"S4XBBH"	"TRA8W1"	2019-11-06	2019-11-13	2019-11-10	"Rainforest"	-14.43606	49.75736
"P27361_1551"	"SI7HDR"	"TZJWN3"	2019-08-14	2019-08-21	2019-08-18	"Rainforest"	-17.9201	49.20044
"P27361_1552"	"SYWJJ6"	"TQKQRH"	2019-11-06	2019-11-13	2019-11-10	"Rainforest"	-15.68117	49.9577
"P27361_1553"	"SKN2TF"	"TN1QSL"	2020-05-20	2020-05-27	2020-05-24	"Dry_Forest"	-16.06344	45.26049
"P27361_1554"	"SB7XT8"	"TTFJBN"	2020-01-29	2020-02-05	2020-02-02	"Rainforest"	-18.96579	48.46074
"P27361_1555"	"SMIJIX"	"TKDVTA"	2020-07-15	2020-07-22	2020-07-19	"Rainforest"	-24.5825	47.15027778
"P27361_1556"	"SZTDTV"	"TULADB"	2020-07-15	2020-07-22	2020-07-19	"Rainforest"	-24.585	47.13583333
"P27361_1557"	"SILDQE"	"TEE8KA"	2020-01-29	2020-02-05	2020-02-02	"Rainforest"	-17.70517	49.45715
"P27361_1558"	"SKF2FA"	"TPQKYN"	2020-03-25	2020-04-01	2020-03-29	"Rainforest"	-16.28466	48.81669
"P27361_1559"	"SQL1SU"	"TAHDZD"	2020-03-25	2020-04-01	2020-03-29	"Rainforest"	-14.437	49.74282
"P27361_1560"	"SCYX5A"	"TGRG5T"	2019-12-04	2019-12-11	2019-12-08	"Rainforest"	-24.76388889	46.86111111
"P27361_1561"	"SJFYYD"	"TZJWN3"	2020-02-26	2020-03-04	2020-03-01	"Rainforest"	-17.9201	49.20044
"P27361_1562"	"SMPWNP"	"TDY8SA"	2020-06-17	2020-06-24	2020-06-21	"Montane_Rainforest"	-18.41335	47.94285
"P27361_1563"	"SDEN2B"	"TB43DA"	2019-10-09	2019-10-16	2019-10-13	"Rainforest"	-21.258128	47.422347
"P27361_1564"	"S6Q459"	"THI5PX"	2020-02-26	2020-03-04	2020-03-01	"Dry_Forest"	-12.682717	49.545424
"P27361_1565"	"STVUEN"	"TK4SS2"	2020-01-29	2020-02-05	2020-02-02	"Dry_Forest"	-19.14032	44.81435
"P27361_1566"	"SWURAW"	"TPQKYN"	2020-01-01	2020-01-08	2020-01-05	"Rainforest"	-16.28466	48.81669
"P27361_1567"	"SYS2WU"	"TRGIDB"	2019-11-06	2019-11-13	2019-11-10	"Rainforest"	-16.31439	49.79369
"P27361_1568"	"SRUBNQ"	"TQKQRH"	2019-10-09	2019-10-16	2019-10-13	"Rainforest"	-15.68117	49.9577
"P27361_1569"	"SAISYC"	"TFBCWJ"	2020-04-22	2020-04-29	2020-04-26	"Rainforest"	-24.58194444	47.135
"P27361_1570"	"SJ6GKR"	"TFBCWJ"	2020-02-26	2020-03-04	2020-03-01	"Rainforest"	-24.58194444	47.135
"P27360_1256"	"S1AZZH"	"TK1MIJ"	2019-09-25	2019-10-02	2019-09-29	"Dry_Forest"	-13.14696	49.70374
"P27360_1033"	"S1GGFL"	"T4ZF4M"	2020-05-06	2020-05-13	2020-05-10	"Dry_Forest"	-22.53959	45.37872
"P27360_1666"	"S1IVR9"	"TAVVN5"	2019-08-14	2019-08-21	2019-08-18	"Rainforest"	-12.515596	49.180805
"P27360_1550"	"S1MF3V"	"TP2FUA"	2020-06-03	2020-06-10	2020-06-07	"Dry_Forest"	-20.06763	44.65485
"P27360_1646"	"S1U4J5"	"TDKTHY"	2019-08-14	2019-08-21	2019-08-18	"Rainforest"	-18.96534	48.45539
"P27360_1131"	"S1VGEK"	"TKDVTA"	2020-06-24	2020-07-01	2020-06-28	"Rainforest"	-24.5825	47.15027778
"P27360_1511"	"S1YWVQ"	"TDKTHY"	2020-04-01	2020-04-08	2020-04-05	"Rainforest"	-18.96534	48.45539
"P27360_1202"	"S2BD1B"	"TE8SYJ"	2019-09-18	2019-09-25	2019-09-22	"Dry_Forest"	-24.02532	43.73899
"P27360_1386"	"S2C1KQ"	"TQKQRH"	2020-02-05	2020-02-12	2020-02-09	"Rainforest"	-15.68117	49.9577
"P27360_1455"	"S2KRQF"	"TXS3QU"	2020-07-22	2020-07-29	2020-07-26	"Rainforest"	-14.44021	49.77818
"P27360_1011"	"S2KRQG"	"TTFJBN"	2019-08-28	2019-09-04	2019-09-01	"Rainforest"	-18.96579	48.46074
"P27360_1174"	"S2NYGB"	"TK4SS2"	2019-09-25	2019-10-03	2019-09-29	"Dry_Forest"	-19.14032	44.81435
"P27360_1660"	"S2WHFM"	"TIPGKX"	2020-06-17	2020-06-24	2020-06-21	"Dry_Forest"	-25.540964	45.137877
"P27360_1002"	"S2XRXU"	"THI5PX"	2020-05-07	2020-05-13	2020-05-10	"Dry_Forest"	-12.682717	49.545424
"P27360_1523"	"S2Z6XZ"	"TGJ4FW"	2020-01-01	2020-01-08	2020-01-05	"Dry_Forest"	-20.06286	44.65663
"P27360_1412"	"S38XBU"	"TUP4R5"	2020-02-05	2020-02-12	2020-02-09	"Dry_Forest"	-24.02303	43.7859
"P27360_1196"	"S3MEPJ"	"TG1QMA"	2019-10-09	2019-10-16	2019-10-13	"Dry_Forest"	-20.06509	44.65473
"P27360_1090"	"S3REDH"	"TDY8SA"	2020-07-29	2020-08-06	2020-08-02	"Montane_Rainforest"	-18.41335	47.94285
"P27360_1270"	"S3UZ11"	"TNQVM4"	2020-06-10	2020-06-17	2020-06-14	"Rainforest"	-15.67889	49.95685
"P27360_1219"	"S3XB9B"	"TEGSKQ"	2020-03-25	2020-04-01	2020-03-29	"Rainforest"	-18.86682	48.29323
"P27360_1074"	"S3XQYH"	"TK4SS2"	2020-02-05	2020-02-12	2020-02-09	"Dry_Forest"	-19.14032	44.81435
"P27360_1652"	"S3XVIC"	"TEE8KA"	2020-03-25	2020-04-01	2020-03-29	"Rainforest"	-17.70517	49.45715
"P27360_1267"	"S3XYHW"	"THGFVB"	2020-07-22	2020-07-29	2020-07-26	"Rainforest"	-23.18722222	47.71861111
"P27360_1055"	"S46HZ7"	"TUP4R5"	2019-11-20	2019-11-27	2019-11-24	"Dry_Forest"	-24.02303	43.7859
"P27360_1561"	"S4EH86"	"TGJ4FW"	2019-08-21	2019-08-28	2019-08-25	"Dry_Forest"	-20.06286	44.65663
"P27360_1388"	"S4P3SF"	"TW51Z9"	2020-01-15	2020-01-22	2020-01-19	"Dry_Forest"	-12.278013	49.381504
"P27360_1616"	"S4PF9A"	"TDKTHY"	2020-03-11	2020-03-18	2020-03-15	"Rainforest"	-18.96534	48.45539
"P27360_1030"	"S4QVGV"	"TEYXBT"	2020-01-15	2020-01-22	2020-01-19	"Rainforest"	-18.96439	48.45811
"P27360_1588"	"S4UKNB"	"TQKQRH"	2020-05-06	2020-05-13	2020-05-10	"Rainforest"	-15.68117	49.9577
"P27360_1387"	"S4WNDJ"	"TQKQRH"	2019-08-21	2019-08-28	2019-08-25	"Rainforest"	-15.68117	49.9577
"P27360_1409"	"S4ZAQN"	"TIYMCS"	2020-05-27	2020-06-03	2020-05-31	"Dry_Forest"	-22.88694444	44.69277778
"P27360_1640"	"S559WF"	"TDKTHY"	2020-05-20	2020-05-27	2020-05-24	"Rainforest"	-18.96534	48.45539
"P27360_1260"	"S5GNAX"	"TDKTHY"	2019-09-18	2019-09-25	2019-09-22	"Rainforest"	-18.96534	48.45539
"P27360_1038"	"S5J1BM"	"TE8SYJ"	2019-10-16	2019-10-23	2019-10-20	"Dry_Forest"	-24.02532	43.73899
"P27360_1047"	"S5JWVU"	"TUP4R5"	2019-12-18	2019-12-25	2019-12-22	"Dry_Forest"	-24.02303	43.7859
"P27360_1077"	"S5PATQ"	"TK4SS2"	2020-05-06	2020-05-13	2020-05-10	"Dry_Forest"	-19.14032	44.81435
"P27360_1658"	"S5WKRT"	"TN1QSL"	2019-11-06	2019-11-13	2019-11-10	"Dry_Forest"	-16.06344	45.26049
"P27360_1197"	"S67DCV"	"TP2FUA"	2020-01-30	2020-02-06	2020-02-03	"Dry_Forest"	-20.06763	44.65485
"P27360_1235"	"S6QK8Z"	"TGJ4FW"	2019-11-20	2019-11-27	2019-11-24	"Dry_Forest"	-20.06286	44.65663
"P27360_1102"	"S6ULHI"	"TEE8KA"	2020-04-29	2020-05-06	2020-05-03	"Rainforest"	-17.70517	49.45715
"P27360_1200"	"S6UTWV"	"TGJ4FW"	2019-08-14	2019-08-21	2019-08-18	"Dry_Forest"	-20.06286	44.65663
"P27360_1632"	"S6VQPD"	"TUH8A4"	2019-11-20	2019-11-27	2019-11-24	"Dry_Forest"	-16.32425	46.82299
"P27360_1556"	"S6Z1HT"	"TRJZGH"	2020-05-27	2020-06-03	2020-05-31	"Rainforest"	-14.44448	49.73728
"P27360_1504"	"S72BBS"	"T4ZF4M"	2020-03-25	2020-04-01	2020-03-29	"Dry_Forest"	-22.53959	45.37872
"P27360_1553"	"S7DGNE"	"TR4LDL"	2019-08-21	2019-08-28	2019-08-25	"Dry_Forest"	-15.97018	45.71465
"P27360_1525"	"S7DXNE"	"TAHDZD"	2020-07-01	2020-07-08	2020-07-05	"Rainforest"	-14.437	49.74282
"P27360_1245"	"S7FNMH"	"TDKTHY"	2020-01-15	2020-01-22	2020-01-19	"Rainforest"	-18.96534	48.45539
"P27360_1410"	"S7HDRV"	"T6UDMB"	2020-05-06	2020-05-13	2020-05-10	"Dry_Forest"	-22.82777778	43.51916667
"P27360_1123"	"S7QPRK"	"TNKTYG"	2020-01-01	2020-01-08	2020-01-05	"Rainforest"	-12.514783	49.181247
"P27360_1040"	"S7VX5R"	"T3JY78"	2019-11-13	2019-11-20	2019-11-17	"Dry_Forest"	-24.02663	43.740925
"P27360_1514"	"S7WVHM"	"TW51Z9"	2019-09-25	2019-10-02	2019-09-29	"Dry_Forest"	-12.278013	49.381504
"P27360_1066"	"S7ZZWG"	"TNKTYG"	2019-11-13	2019-11-20	2019-11-17	"Rainforest"	-12.514783	49.181247
"P27360_1210"	"S81KKR"	"T3JY78"	2019-10-23	2019-10-30	2019-10-27	"Dry_Forest"	-24.02663	43.740925
"P27360_1176"	"S82XCW"	"TK4SS2"	2019-08-21	2019-08-28	2019-08-25	"Dry_Forest"	-19.14032	44.81435
"P27360_1206"	"S862QY"	"TGJ4FW"	2019-09-11	2019-09-18	2019-09-15	"Dry_Forest"	-20.06286	44.65663
"P27360_1177"	"S8H78B"	"TGJ4FW"	2019-10-16	2019-10-23	2019-10-20	"Dry_Forest"	-20.06286	44.65663
"P27360_1104"	"S8JZJG"	"TB43DA"	2020-03-25	2020-04-01	2020-03-29	"Rainforest"	-21.258128	47.422347
"P27360_1142"	"S8KALX"	"TN1QSL"	2019-12-04	2019-12-11	2019-12-08	"Dry_Forest"	-16.06344	45.26049
"P27360_1515"	"S8M2YY"	"T9VS8I"	2020-01-15	2020-01-22	2020-01-19	"Rainforest"	-15.67664	49.95653
"P27360_1029"	"S8MV56"	"TG1QMA"	2020-02-12	2020-02-19	2020-02-16	"Dry_Forest"	-20.06509	44.65473
"P27360_1054"	"S925U5"	"T9VS8I"	2020-06-03	2020-06-10	2020-06-07	"Rainforest"	-15.67664	49.95653
"P27360_1092"	"S96NR5"	"THYGHQ"	2020-01-15	2020-01-22	2020-01-19	"Dry_Forest"	-20.7949	44.16618
"P27360_1448"	"S99R5P"	"TQCQRI"	2020-05-27	2020-06-03	2020-05-31	"Dry_Forest"	-16.32714	46.82259
"P27360_1069"	"S9FNPG"	"TGJ4FW"	2020-03-11	2020-03-18	2020-03-15	"Dry_Forest"	-20.06286	44.65663
"P27360_1039"	"S9HDWC"	"TIPGKX"	2020-07-29	2020-08-05	2020-08-02	"Dry_Forest"	-25.540964	45.137877
"P27360_1665"	"S9J8DX"	"T3JY78"	2020-01-01	2020-01-08	2020-01-05	"Dry_Forest"	-24.02663	43.740925
"P27360_1279"	"S9PPIL"	"T4ZF4M"	2019-08-28	2019-09-04	2019-09-01	"Dry_Forest"	-22.53959	45.37872
"P27360_1446"	"S9TNQT"	"TUH8A4"	2020-06-24	2020-07-01	2020-06-28	"Dry_Forest"	-16.32425	46.82299
"P27360_1103"	"S9UUC2"	"TG1QMA"	2020-07-16	2020-07-23	2020-07-20	"Dry_Forest"	-20.06509	44.65473
"P27360_1469"	"S9WFLW"	"TUH8A4"	2020-04-22	2020-04-29	2020-04-26	"Dry_Forest"	-16.32425	46.82299
"P27360_1591"	"S9ZE21"	"TQKQRH"	2020-01-08	2020-01-15	2020-01-12	"Rainforest"	-15.68117	49.9577
"P27360_1438"	"S9ZEGZ"	"TUP4R5"	2020-06-03	2020-06-10	2020-06-07	"Dry_Forest"	-24.02303	43.7859
"P27360_1571"	"S9ZKYU"	"TW51Z9"	2020-03-04	2020-03-11	2020-03-08	"Dry_Forest"	-12.278013	49.381504
"P27360_1610"	"SA2K2I"	"TK1MIJ"	2019-10-09	2019-10-16	2019-10-13	"Dry_Forest"	-13.14696	49.70374
"P27360_1532"	"SA2LZM"	"TDY8SA"	2020-01-29	2020-02-05	2020-02-02	"Montane_Rainforest"	-18.41335	47.94285
"P27360_1613"	"SA4PYG"	"TEYXBT"	2019-12-04	2019-12-11	2019-12-08	"Rainforest"	-18.96439	48.45811
"P27360_1134"	"SA522D"	"TKDVTA"	2020-05-27	2020-06-03	2020-05-31	"Rainforest"	-24.5825	47.15027778
"P27360_1431"	"SA8DFX"	"TXS3QU"	2020-03-04	2020-03-11	2020-03-08	"Rainforest"	-14.44021	49.77818
"P27360_1059"	"SA8GLQ"	"TNKTYG"	2019-10-23	2019-10-30	2019-10-27	"Rainforest"	-12.514783	49.181247
"P27360_1474"	"SAAG84"	"TFWNLD"	2020-05-20	2020-05-27	2020-05-24	"Dry_Forest"	-16.32886	46.82082
"P27360_1506"	"SAALQR"	"TK4SS2"	2020-04-08	2020-04-15	2020-04-12	"Dry_Forest"	-19.14032	44.81435
"P27360_1600"	"SADRS9"	"TEYXBT"	2020-05-20	2020-05-27	2020-05-24	"Rainforest"	-18.96439	48.45811
"P27360_1590"	"SAEIN4"	"TEGSKQ"	2020-06-24	2020-07-01	2020-06-28	"Rainforest"	-18.86682	48.29323
"P27360_1462"	"SAHKKS"	"TRJZGH"	2020-07-15	2020-07-22	2020-07-19	"Rainforest"	-14.44448	49.73728
"P27360_1531"	"SAJV93"	"TDY8SA"	2019-11-20	2019-11-27	2019-11-24	"Montane_Rainforest"	-18.41335	47.94285
"P27360_1626"	"SAP3IV"	"TDY8SA"	2019-08-21	2019-08-28	2019-08-25	"Montane_Rainforest"	-18.41335	47.94285
"P27360_1601"	"SAPZZC"	"TEE8KA"	2019-08-14	2019-08-21	2019-08-18	"Rainforest"	-17.70517	49.45715
"P27360_1597"	"SAS72N"	"TIPGKX"	2020-01-01	2020-01-08	2020-01-05	"Dry_Forest"	-25.540964	45.137877
"P27360_1241"	"SASXWH"	"T4ZF4M"	2020-01-08	2020-01-15	2020-01-12	"Dry_Forest"	-22.53959	45.37872
"P27360_1105"	"SAUCLU"	"TE8SYJ"	2019-12-11	2019-12-18	2019-12-15	"Dry_Forest"	-24.02532	43.73899
"P27360_1041"	"SAUIUM"	"TGRG5T"	2019-12-11	2019-12-18	2019-12-15	"Rainforest"	-24.76388889	46.86111111
"P27360_1631"	"SAYBVA"	"TQKQRH"	2020-05-27	2020-06-03	2020-05-31	"Rainforest"	-15.68117	49.9577
"P27360_1086"	"SB4BHI"	"TE8SYJ"	2020-05-06	2020-05-13	2020-05-10	"Dry_Forest"	-24.02532	43.73899
"P27360_1079"	"SB9SL9"	"THI5PX"	2019-08-21	2019-08-28	2019-08-25	"Dry_Forest"	-12.682717	49.545424
"P27360_1231"	"SBAFZF"	"T3JY78"	2020-04-08	2020-04-14	2020-04-11	"Dry_Forest"	-24.02663	43.740925
"P27360_1655"	"SBC8QU"	"TIPGKX"	2019-12-04	2019-12-11	2019-12-08	"Dry_Forest"	-25.540964	45.137877
"P27360_1476"	"SBCSZP"	"TUH8A4"	2020-06-17	2020-06-24	2020-06-21	"Dry_Forest"	-16.32425	46.82299
"P27360_1536"	"SBCZ3G"	"TFWNLD"	2019-11-13	2019-11-20	2019-11-17	"Dry_Forest"	-16.32886	46.82082
"P27360_1018"	"SBEK47"	"T3JY78"	2019-11-20	2019-11-27	2019-11-24	"Dry_Forest"	-24.02663	43.740925
"P27360_1421"	"SBFU33"	"TUP4R5"	2020-01-29	2020-02-05	2020-02-02	"Dry_Forest"	-24.02303	43.7859
"P27360_1016"	"SBGENV"	"TUP4R5"	2020-04-01	2020-04-08	2020-04-05	"Dry_Forest"	-24.02303	43.7859
"P27360_1246"	"SBGNPB"	"TP2FUA"	2020-04-08	2020-04-15	2020-04-12	"Dry_Forest"	-20.06763	44.65485
"P27360_1503"	"SBHJWY"	"TEE8KA"	2019-09-11	2019-09-18	2019-09-15	"Rainforest"	-17.70517	49.45715
"P27360_1024"	"SBLSPT"	"T4ZF4M"	2020-03-04	2020-03-11	2020-03-08	"Dry_Forest"	-22.53959	45.37872
"P27360_1278"	"SBLUVI"	"T4ZF4M"	2019-08-21	2019-08-28	2019-08-25	"Dry_Forest"	-22.53959	45.37872
"P27360_1587"	"SBNVGK"	"TULADB"	2020-07-01	2020-07-08	2020-07-05	"Rainforest"	-24.585	47.13583333
"P27360_1417"	"SBPWCH"	"TEE8KA"	2020-05-27	2020-06-03	2020-05-31	"Rainforest"	-17.70517	49.45715
"P27360_1164"	"SBQRNB"	"T9VS8I"	2019-10-23	2019-10-30	2019-10-27	"Rainforest"	-15.67664	49.95653
"P27360_1220"	"SBRV76"	"TEGSKQ"	2019-10-09	2019-10-16	2019-10-13	"Rainforest"	-18.86682	48.29323
"P27360_1217"	"SBS7GM"	"THYGHQ"	2019-10-09	2019-10-16	2019-10-13	"Dry_Forest"	-20.7949	44.16618
"P27360_1238"	"SBTVZJ"	"TNQVM4"	2020-04-01	2020-04-08	2020-04-05	"Rainforest"	-15.67889	49.95685
"P27360_1172"	"SBWXBE"	"TG1QMA"	2020-04-08	2020-04-15	2020-04-12	"Dry_Forest"	-20.06509	44.65473
"P27360_1230"	"SBZVIS"	"T3JY78"	2020-05-27	2020-06-03	2020-05-31	"Dry_Forest"	-24.02663	43.740925
"P27360_1273"	"SC3JXB"	"TRKQU5"	2020-02-26	2020-03-04	2020-03-01	"Dry_Forest"	-12.96002	49.120911
"P27360_1585"	"SC4YGP"	"TK4SS2"	2019-10-09	2019-10-16	2019-10-13	"Dry_Forest"	-19.14032	44.81435
"P27360_1527"	"SC6DDC"	"TDY8SA"	2020-07-01	2020-07-08	2020-07-05	"Montane_Rainforest"	-18.41335	47.94285
"P27360_1266"	"SC7C9X"	"TKRH5P"	2019-08-14	2019-08-21	2019-08-18	"Dry_Forest"	-16.46848	45.41309
"P27360_1495"	"SCAFHT"	"TRJZGH"	2019-10-16	2019-10-23	2019-10-20	"Rainforest"	-14.44448	49.73728
"P27360_1609"	"SCBQFK"	"TE8SYJ"	2020-01-29	2020-02-05	2020-02-02	"Dry_Forest"	-24.02532	43.73899
"P27360_1456"	"SCBSWZ"	"TUH8A4"	2020-07-01	2020-07-08	2020-07-05	"Dry_Forest"	-16.32425	46.82299
"P27360_1089"	"SCDQXS"	"TULADB"	2020-01-15	2020-01-22	2020-01-19	"Rainforest"	-24.585	47.13583333
"P27360_1403"	"SCDSCW"	"TYBVPP"	2019-12-18	2019-12-25	2019-12-22	"Dry_Forest"	-23.655035	44.629599
"P27360_1253"	"SCF3EQ"	"TK1MIJ"	2019-11-13	2019-11-20	2019-11-17	"Dry_Forest"	-13.14696	49.70374
"P27360_1262"	"SCFLFN"	"TNQVM4"	2020-02-12	2020-02-19	2020-02-16	"Rainforest"	-15.67889	49.95685
"P27360_1277"	"SCJXTD"	"TKRH5P"	2020-04-08	2020-04-15	2020-04-12	"Dry_Forest"	-16.46848	45.41309
"P27360_1021"	"SCKMSW"	"TE8SYJ"	2020-04-01	2020-04-08	2020-04-05	"Dry_Forest"	-24.02532	43.73899
"P27360_1068"	"SCKZJK"	"TK4SS2"	2020-04-29	2020-05-06	2020-05-03	"Dry_Forest"	-19.14032	44.81435
"P27360_1097"	"SCLKPX"	"TEE8KA"	2020-07-29	2020-08-05	2020-08-02	"Rainforest"	-17.70517	49.45715
"P27360_1634"	"SCMKNU"	"TG6SK4"	2020-04-01	2020-04-08	2020-04-05	"Rainforest"	-13.40849	48.30587
"P27360_1445"	"SCNJYJ"	"TFWNLD"	2020-02-26	2020-03-04	2020-03-01	"Dry_Forest"	-16.32886	46.82082
"P27360_1084"	"SCNRTL"	"TE8SYJ"	2019-08-28	2019-09-04	2019-09-01	"Dry_Forest"	-24.02532	43.73899
"P27360_1567"	"SCNXBD"	"TRKQU5"	2019-08-15	2019-08-21	2019-08-18	"Dry_Forest"	-12.96002	49.120911
"P27360_1641"	"SCQSZ3"	"TYBVPP"	2019-09-12	2019-09-19	2019-09-16	"Dry_Forest"	-23.655035	44.629599
"P27360_1034"	"SCRDMP"	"TE8SYJ"	2020-02-05	2020-02-12	2020-02-09	"Dry_Forest"	-24.02532	43.73899
"P27360_1156"	"SCTH77"	"TUAPDE"	2019-11-20	2019-11-27	2019-11-24	"Rainforest"	-12.517164	49.179873
"P27360_1551"	"SCWTZH"	"TGJ4FW"	2020-07-29	2020-08-05	2020-08-02	"Dry_Forest"	-20.06286	44.65663
"P27360_1159"	"SCYLHY"	"TK4SS2"	2020-06-24	2020-07-01	2020-06-28	"Dry_Forest"	-19.14032	44.81435
"P27360_1239"	"SD1BHX"	"TDKTHY"	2019-09-25	2019-10-02	2019-09-29	"Rainforest"	-18.96534	48.45539
"P27360_1602"	"SD2UEH"	"TIYMCS"	2020-03-04	2020-03-11	2020-03-08	"Dry_Forest"	-22.88694444	44.69277778
"P27360_1271"	"SD4ZV2"	"TQKQRH"	2020-06-17	2020-06-24	2020-06-21	"Rainforest"	-15.68117	49.9577
"P27360_1160"	"SD9SHN"	"TKRH5P"	2020-02-05	2020-02-12	2020-02-09	"Dry_Forest"	-16.46848	45.41309
"P27360_1627"	"SDAJML"	"TNQVM4"	2019-09-04	2019-09-11	2019-09-08	"Rainforest"	-15.67889	49.95685
"P27360_1028"	"SDAWEB"	"TG1QMA"	2020-05-27	2020-06-03	2020-05-31	"Dry_Forest"	-20.06509	44.65473
"P27360_1581"	"SDAXZP"	"TQCQRI"	2020-02-05	2020-02-12	2020-02-09	"Dry_Forest"	-16.32714	46.82259
"P27360_1076"	"SDB9QH"	"TK4SS2"	2020-07-22	2020-07-29	2020-07-26	"Dry_Forest"	-19.14032	44.81435
"P27360_1185"	"SDF8VA"	"THYGHQ"	2019-09-18	2019-09-25	2019-09-22	"Dry_Forest"	-20.7949	44.16618
"P27360_1070"	"SDGGKY"	"TGJ4FW"	2020-04-29	2020-05-06	2020-05-03	"Dry_Forest"	-20.06286	44.65663
"P27360_1437"	"SDHJDB"	"TNQVM4"	2020-03-04	2020-03-11	2020-03-08	"Rainforest"	-15.67889	49.95685
"P27360_1261"	"SDM7KF"	"TK1MIJ"	2019-11-20	2019-11-27	2019-11-24	"Dry_Forest"	-13.14696	49.70374
"P27360_1492"	"SDMKLL"	"TNQVM4"	2019-08-21	2019-08-28	2019-08-25	"Rainforest"	-15.67889	49.95685
"P27360_1615"	"SDN87X"	"TAHDZD"	2019-09-11	2019-09-18	2019-09-15	"Rainforest"	-14.437	49.74282
"P27360_1014"	"SDPYKA"	"TG1QMA"	2020-01-15	2020-01-22	2020-01-19	"Dry_Forest"	-20.06509	44.65473
"P27360_1078"	"SDYLNK"	"TRJZGH"	2019-09-25	2019-10-02	2019-09-29	"Rainforest"	-14.44448	49.73728
"P27360_1140"	"SDZ4PR"	"T4ZF4M"	2020-07-22	2020-07-29	2020-07-26	"Dry_Forest"	-22.53959	45.37872
"P27360_1429"	"SDZFUY"	"TFBCWJ"	2020-02-06	2020-02-19	2020-02-12	"Rainforest"	-24.58194444	47.135
"P27360_1642"	"SE4I8Z"	"TGRG5T"	2019-09-11	2019-09-18	2019-09-15	"Rainforest"	-24.76388889	46.86111111
"P27360_1463"	"SE6SRN"	"TQCQRI"	2020-06-24	2020-07-01	2020-06-28	"Dry_Forest"	-16.32714	46.82259
"P27360_1224"	"SE78VU"	"TDY8SA"	2020-04-01	2020-04-08	2020-04-05	"Montane_Rainforest"	-18.41335	47.94285
"P27360_1404"	"SEC2TN"	"T6UDMB"	2020-01-08	2020-01-15	2020-01-12	"Dry_Forest"	-22.82777778	43.51916667
"P27360_1141"	"SED44G"	"TTFJBN"	2020-02-05	2020-02-12	2020-02-09	"Rainforest"	-18.96579	48.46074
"P27360_1521"	"SEFAII"	"TNQVM4"	2020-02-05	2020-02-12	2020-02-09	"Rainforest"	-15.67889	49.95685
"P27360_1170"	"SEGJSQ"	"TK4SS2"	2020-04-01	2020-04-08	2020-04-05	"Dry_Forest"	-19.14032	44.81435
"P27360_1608"	"SEINXR"	"TUP4R5"	2019-12-04	2019-12-11	2019-12-08	"Dry_Forest"	-24.02303	43.7859
"P27360_1526"	"SEIVQV"	"TAHDZD"	2019-11-13	2019-11-20	2019-11-17	"Rainforest"	-14.437	49.74282
"P27360_1447"	"SEJE4K"	"TRA8W1"	2020-07-15	2020-07-22	2020-07-19	"Rainforest"	-14.43606	49.75736
"P27360_1152"	"SEQGWB"	"TULADB"	2019-10-23	2019-10-31	2019-10-27	"Rainforest"	-24.585	47.13583333
"P27360_1449"	"SEQMUM"	"TUH8A4"	2020-07-29	2020-08-05	2020-08-02	"Dry_Forest"	-16.32425	46.82299
"P27360_1113"	"SEQXZQ"	"TFBCWJ"	2019-09-25	2019-10-02	2019-09-29	"Rainforest"	-24.58194444	47.135
"P27360_1275"	"SERL11"	"TDKTHY"	2020-04-08	2020-04-15	2020-04-12	"Rainforest"	-18.96534	48.45539
"P27360_1138"	"SES5KE"	"TRA8W1"	2019-10-16	2019-10-24	2019-10-20	"Rainforest"	-14.43606	49.75736
"P27360_1259"	"SET1GR"	"TR4LDL"	2019-09-25	2019-10-02	2019-09-29	"Dry_Forest"	-15.97018	45.71465
"P27360_1005"	"SEUJGP"	"TG1QMA"	2020-02-06	2020-02-12	2020-02-09	"Dry_Forest"	-20.06509	44.65473
"P27360_1146"	"SEWHAQ"	"TUH8A4"	2019-12-18	2019-12-25	2019-12-22	"Dry_Forest"	-16.32425	46.82299
"P27360_1062"	"SEY8LK"	"TIPGKX"	2019-11-20	2019-11-27	2019-11-24	"Dry_Forest"	-25.540964	45.137877
"P27360_1162"	"SF2XNT"	"T9VS8I"	2020-04-01	2020-04-08	2020-04-05	"Rainforest"	-15.67664	49.95653
"P27360_1529"	"SF8Z7E"	"TG1QMA"	2019-12-04	2019-12-11	2019-12-08	"Dry_Forest"	-20.06509	44.65473
"P27360_1147"	"SF9R9C"	"T9VS8I"	2019-11-06	2019-11-13	2019-11-10	"Rainforest"	-15.67664	49.95653
"P27360_1643"	"SFBEZU"	"TIYMCS"	2019-12-04	2019-12-11	2019-12-08	"Dry_Forest"	-22.88694444	44.69277778
"P27360_1042"	"SFF8FE"	"TG1QMA"	2020-03-11	2020-03-18	2020-03-15	"Dry_Forest"	-20.06509	44.65473
"P27360_1435"	"SFFP3H"	"TUP4R5"	2020-05-06	2020-05-13	2020-05-10	"Dry_Forest"	-24.02303	43.7859
"P27360_1405"	"SFG1GY"	"TRGIDB"	2020-01-08	2020-01-15	2020-01-12	"Rainforest"	-16.31439	49.79369
"P27360_1636"	"SFHT1A"	"TR4LDL"	2019-12-11	2019-12-18	2019-12-15	"Dry_Forest"	-15.97018	45.71465
"P27360_1583"	"SFHVLR"	"TDY8SA"	2020-07-22	2020-07-29	2020-07-26	"Montane_Rainforest"	-18.41335	47.94285
"P27360_1450"	"SFK43G"	"TFWNLD"	2020-06-17	2020-06-24	2020-06-21	"Dry_Forest"	-16.32886	46.82082
"P27360_1427"	"SFKLHQ"	"TUP4R5"	2020-03-11	2020-03-18	2020-03-15	"Dry_Forest"	-24.02303	43.7859
"P27360_1184"	"SFMNXR"	"TPQKYN"	2020-04-01	2020-04-08	2020-04-05	"Rainforest"	-16.28466	48.81669
"P27360_1276"	"SFUKFH"	"T4ZF4M"	2019-09-18	2019-09-25	2019-09-22	"Dry_Forest"	-22.53959	45.37872
"P27360_1607"	"SFUMQU"	"TYBVPP"	2019-12-04	2019-12-11	2019-12-08	"Dry_Forest"	-23.655035	44.629599
"P27360_1203"	"SFUYCQ"	"TG1QMA"	2020-04-22	2020-04-29	2020-04-26	"Dry_Forest"	-20.06509	44.65473
"P27360_1182"	"SFVPSZ"	"THYGHQ"	2019-09-25	2019-10-02	2019-09-29	"Dry_Forest"	-20.7949	44.16618
"P27360_1648"	"SFY4M2"	"TZJWN3"	2019-10-09	2019-10-16	2019-10-13	"Rainforest"	-17.9201	49.20044
"P27360_1205"	"SFZXLZ"	"TP2FUA"	2020-03-26	2020-04-01	2020-03-29	"Dry_Forest"	-20.06763	44.65485
"P27360_1539"	"SG8YJH"	"TK4SS2"	2020-03-11	2020-03-18	2020-03-15	"Dry_Forest"	-19.14032	44.81435
"P27360_1389"	"SGA2Z3"	"TB43DA"	2019-11-20	2019-11-27	2019-11-24	"Rainforest"	-21.258128	47.422347
"P27360_1228"	"SGBDEH"	"THGFVB"	2020-04-01	2020-04-08	2020-04-05	"Rainforest"	-23.18722222	47.71861111
"P27360_1624"	"SGBFCF"	"TKDVTA"	2020-04-22	2020-04-29	2020-04-26	"Rainforest"	-24.5825	47.15027778
"P27360_1497"	"SGBL4L"	"TE8SYJ"	2019-09-25	2019-10-02	2019-09-29	"Dry_Forest"	-24.02532	43.73899
"P27360_1193"	"SGCVDJ"	"TP2FUA"	2020-01-01	2020-01-08	2020-01-05	"Dry_Forest"	-20.06763	44.65485
"P27360_1467"	"SGE9J6"	"TFWNLD"	2020-07-22	2020-07-29	2020-07-26	"Dry_Forest"	-16.32886	46.82082
"P27360_1537"	"SGEPAE"	"THYGHQ"	2020-01-08	2020-01-15	2020-01-12	"Dry_Forest"	-20.7949	44.16618
"P27360_1414"	"SGF9CN"	"T3JY78"	2020-02-05	2020-02-12	2020-02-09	"Dry_Forest"	-24.02663	43.740925
"P27360_1207"	"SGKGWJ"	"TKDVTA"	2019-09-25	2019-10-02	2019-09-29	"Rainforest"	-24.5825	47.15027778
"P27360_1395"	"SGQTEZ"	"TXS3QU"	2019-10-16	2019-10-24	2019-10-20	"Rainforest"	-14.44021	49.77818
"P27360_1630"	"SGWWDN"	"TFBCWJ"	2020-05-21	2020-05-27	2020-05-24	"Rainforest"	-24.58194444	47.135
"P27360_1128"	"SGZK6N"	"TAHDZD"	2019-08-28	2019-09-04	2019-09-01	"Rainforest"	-14.437	49.74282
"P27360_1129"	"SH1AMH"	"TTFJBN"	2020-05-06	2020-05-13	2020-05-10	"Rainforest"	-18.96579	48.46074
"P27360_1667"	"SH8I8N"	"TYBVPP"	2020-07-15	2020-07-22	2020-07-19	"Dry_Forest"	-23.655035	44.629599
"P27360_1048"	"SH8KMV"	"T3JY78"	2020-02-12	2020-02-19	2020-02-16	"Dry_Forest"	-24.02663	43.740925
"P27360_1051"	"SH92QI"	"T4ZF4M"	2020-03-11	2020-03-18	2020-03-15	"Dry_Forest"	-22.53959	45.37872
"P27360_1385"	"SHADFJ"	"TP2FUA"	2019-08-21	2019-08-28	2019-08-25	"Dry_Forest"	-20.06763	44.65485
"P27360_1043"	"SHB85C"	"T9VS8I"	2019-12-11	2019-12-18	2019-12-15	"Rainforest"	-15.67664	49.95653
"P27360_1213"	"SHF2NF"	"T4ZF4M"	2020-04-01	2020-04-08	2020-04-05	"Dry_Forest"	-22.53959	45.37872
"P27360_1635"	"SHFSE2"	"TFWNLD"	2020-01-08	2020-01-15	2020-01-12	"Dry_Forest"	-16.32886	46.82082
"P27360_1025"	"SHHJKY"	"TEYXBT"	2020-07-29	2020-08-05	2020-08-02	"Rainforest"	-18.96439	48.45811
"P27360_1153"	"SHHVLV"	"THYGHQ"	2020-05-06	2020-05-13	2020-05-10	"Dry_Forest"	-20.7949	44.16618
"P27360_1466"	"SHILHB"	"TXS3QU"	2020-07-01	2020-07-08	2020-07-05	"Rainforest"	-14.44021	49.77818
"P27360_1109"	"SHJA3X"	"TR4LDL"	2019-11-06	2019-11-13	2019-11-10	"Dry_Forest"	-15.97018	45.71465
"P27360_1542"	"SHNAND"	"TK4SS2"	2020-06-18	2020-06-24	2020-06-21	"Dry_Forest"	-19.14032	44.81435
"P27360_1520"	"SHSHGI"	"TULADB"	2020-05-06	2020-05-13	2020-05-10	"Rainforest"	-24.585	47.13583333
"P27360_1518"	"SHTQEJ"	"TRKQU5"	2019-11-20	2019-11-27	2019-11-24	"Dry_Forest"	-12.96002	49.120911
"P27360_1099"	"SHWAFX"	"TUP4R5"	2020-07-15	2020-07-22	2020-07-19	"Dry_Forest"	-24.02303	43.7859
"P27360_1494"	"SHWEQV"	"TDY8SA"	2020-04-29	2020-05-06	2020-05-03	"Montane_Rainforest"	-18.41335	47.94285
"P27360_1538"	"SHZ2RG"	"TN1QSL"	2020-03-04	2020-03-11	2020-03-08	"Dry_Forest"	-16.06344	45.26049
"P27360_1408"	"SI2SNF"	"TRKQU5"	2019-08-28	2019-09-04	2019-09-01	"Dry_Forest"	-12.96002	49.120911
"P27360_1453"	"SI4KXH"	"TUH8A4"	2020-05-06	2020-05-13	2020-05-10	"Dry_Forest"	-16.32425	46.82299
"P27360_1243"	"SIAWYW"	"T4ZF4M"	2020-01-15	2020-01-22	2020-01-19	"Dry_Forest"	-22.53959	45.37872
"P27360_1545"	"SIGA4G"	"TR4LDL"	2020-07-29	2020-08-05	2020-08-02	"Dry_Forest"	-15.97018	45.71465
"P27360_1268"	"SIHL77"	"TNQVM4"	2019-10-02	2019-10-09	2019-10-06	"Rainforest"	-15.67889	49.95685
"P27360_1464"	"SIHW8K"	"TUH8A4"	2020-03-11	2020-03-18	2020-03-15	"Dry_Forest"	-16.32425	46.82299
"P27360_1578"	"SIIYSK"	"TR4LDL"	2019-09-18	2019-09-25	2019-09-22	"Dry_Forest"	-15.97018	45.71465
"P27360_1530"	"SIKJFJ"	"THGFVB"	2020-06-03	2020-06-10	2020-06-07	"Rainforest"	-23.18722222	47.71861111
"P27360_1154"	"SIKUHJ"	"TN1QSL"	2019-11-13	2019-11-20	2019-11-17	"Dry_Forest"	-16.06344	45.26049
"P27360_1019"	"SIPH8B"	"T4ZF4M"	2020-04-29	2020-05-06	2020-05-03	"Dry_Forest"	-22.53959	45.37872
"P27360_1017"	"SIQRVD"	"THI5PX"	2020-05-27	2020-06-03	2020-05-31	"Dry_Forest"	-12.682717	49.545424
"P27360_1442"	"SITNYN"	"TFWNLD"	2020-07-15	2020-07-22	2020-07-19	"Dry_Forest"	-16.32886	46.82082
"P27360_1416"	"SIUZD6"	"TUAPDE"	2019-10-16	2019-10-23	2019-10-20	"Rainforest"	-12.517164	49.179873
"P27360_1392"	"SIVLEU"	"TQKQRH"	2020-04-08	2020-04-15	2020-04-12	"Rainforest"	-15.68117	49.9577
"P27360_1411"	"SJ1IDG"	"TUP4R5"	2019-10-23	2019-10-30	2019-10-27	"Dry_Forest"	-24.02303	43.7859
"P27360_1443"	"SJ4RM8"	"TFWNLD"	2020-05-06	2020-05-13	2020-05-10	"Dry_Forest"	-16.32886	46.82082
"P27360_1415"	"SJ6GWS"	"TKDVTA"	2019-08-21	2019-08-28	2019-08-25	"Rainforest"	-24.5825	47.15027778
"P27360_1083"	"SJ6ZBB"	"TEYXBT"	2020-05-06	2020-05-13	2020-05-10	"Rainforest"	-18.96439	48.45811
"P27360_1498"	"SJBCHB"	"TRGIDB"	2020-02-26	2020-03-04	2020-03-01	"Rainforest"	-16.31439	49.79369
"P27360_1252"	"SJBCNK"	"TUP4R5"	2020-05-27	2020-06-03	2020-05-31	"Dry_Forest"	-24.02303	43.7859
"P27360_1274"	"SJBTN2"	"TKRH5P"	2020-05-20	2020-05-27	2020-05-24	"Dry_Forest"	-16.46848	45.41309
"P27360_1594"	"SJEK72"	"TULADB"	2019-09-11	2019-09-18	2019-09-15	"Rainforest"	-24.585	47.13583333
"P27360_1649"	"SJGUGC"	"TAVVN5"	2020-01-15	2020-01-22	2020-01-19	"Rainforest"	-12.515596	49.180805
"P27360_1111"	"SJI3EZ"	"TNKTYG"	2020-01-15	2020-01-22	2020-01-19	"Rainforest"	-12.514783	49.181247
"P27360_1644"	"SJKIBJ"	"THGFVB"	2019-12-04	2019-12-11	2019-12-08	"Rainforest"	-23.18722222	47.71861111
"P27360_1582"	"SJMM1I"	"TULADB"	2020-06-17	2020-06-24	2020-06-21	"Rainforest"	-24.585	47.13583333
"P27360_1488"	"SJMW64"	"T6UDMB"	2019-10-23	2019-10-30	2019-10-27	"Dry_Forest"	-22.82777778	43.51916667
"P27360_1250"	"SJNSYB"	"TDY8SA"	2019-12-18	2019-12-25	2019-12-22	"Montane_Rainforest"	-18.41335	47.94285
"P27360_1620"	"SJR32A"	"TTFJBN"	2019-12-11	2019-12-18	2019-12-15	"Rainforest"	-18.96579	48.46074
"P27360_1650"	"SJSKCS"	"TXS3QU"	2020-06-17	2020-06-24	2020-06-21	"Rainforest"	-14.44021	49.77818
"P27360_1124"	"SJUFTW"	"TR4LDL"	2019-11-13	2019-11-20	2019-11-17	"Dry_Forest"	-15.97018	45.71465
"P27360_1063"	"SJVDGI"	"TW51Z9"	2020-07-01	2020-07-08	2020-07-05	"Dry_Forest"	-12.278013	49.381504
"P27360_1433"	"SJVTD5"	"TKRH5P"	2020-05-06	2020-05-13	2020-05-10	"Dry_Forest"	-16.46848	45.41309
"P27360_1393"	"SK2RKV"	"TPQKYN"	2019-10-16	2019-10-23	2019-10-20	"Rainforest"	-16.28466	48.81669
"P27360_1135"	"SK3JN7"	"THI5PX"	2020-02-05	2020-02-12	2020-02-09	"Dry_Forest"	-12.682717	49.545424
"P27360_1425"	"SK5TRD"	"TAHDZD"	2020-05-06	2020-05-13	2020-05-10	"Rainforest"	-14.437	49.74282
"P27360_1653"	"SK9PAV"	"TAHDZD"	2019-11-06	2019-11-13	2019-11-10	"Rainforest"	-14.437	49.74282
"P27360_1132"	"SKA6MX"	"TPQKYN"	2020-03-04	2020-03-11	2020-03-08	"Rainforest"	-16.28466	48.81669
"P27360_1668"	"SKAXXE"	"T3JY78"	2020-03-25	2020-04-01	2020-03-29	"Dry_Forest"	-24.02663	43.740925
"P27360_1402"	"SKCAXJ"	"TUH8A4"	2020-01-08	2020-01-15	2020-01-12	"Dry_Forest"	-16.32425	46.82299
"P27360_1413"	"SKF6RW"	"T3JY78"	2019-12-18	2019-12-25	2019-12-22	"Dry_Forest"	-24.02663	43.740925
"P27360_1633"	"SKFWKP"	"TPSMAA"	2019-10-16	2019-10-23	2019-10-20	"Montane_Rainforest"	-18.196437	47.286287
"P27360_1188"	"SKH5BV"	"TPSMAA"	2020-04-01	2020-04-08	2020-04-05	"Montane_Rainforest"	-18.196437	47.286287
"P27360_1470"	"SKJX3I"	"TUH8A4"	2020-04-01	2020-04-08	2020-04-05	"Dry_Forest"	-16.32425	46.82299
"P27360_1044"	"SKLQNA"	"T4ZF4M"	2019-12-18	2019-12-25	2019-12-22	"Dry_Forest"	-22.53959	45.37872
"P27360_1565"	"SKMQTI"	"TFBCWJ"	2020-07-29	2020-08-05	2020-08-02	"Rainforest"	-24.58194444	47.135
"P27360_1032"	"SKNBNA"	"TGRG5T"	2020-06-03	2020-06-10	2020-06-07	"Rainforest"	-24.76388889	46.86111111
"P27360_1528"	"SKSLYY"	"TG1QMA"	2019-11-07	2019-11-13	2019-11-10	"Dry_Forest"	-20.06509	44.65473
"P27360_1611"	"SKUA1C"	"TN1QSL"	2019-10-09	2019-10-16	2019-10-13	"Dry_Forest"	-16.06344	45.26049
"P27360_1130"	"SKUDTU"	"TR4LDL"	2019-09-11	2019-09-18	2019-09-15	"Dry_Forest"	-15.97018	45.71465
"P27360_1106"	"SKUFSW"	"TNQVM4"	2020-01-01	2020-01-08	2020-01-05	"Rainforest"	-15.67889	49.95685
"P27360_1282"	"SKWRLC"	"T3JY78"	2020-06-24	2020-07-01	2020-06-28	"Dry_Forest"	-24.02663	43.740925
"P27360_1225"	"SKYTLW"	"TUH8A4"	2019-10-23	2019-10-30	2019-10-27	"Dry_Forest"	-16.32425	46.82299
"P27360_1394"	"SL5UHF"	"TP2FUA"	2019-10-23	2019-10-31	2019-10-27	"Dry_Forest"	-20.06763	44.65485
"P27360_1227"	"SLEPTB"	"T3JY78"	2020-07-01	2020-07-08	2020-07-05	"Dry_Forest"	-24.02663	43.740925
"P27360_1589"	"SLGQER"	"TP2FUA"	2019-11-13	2019-11-20	2019-11-17	"Dry_Forest"	-20.06763	44.65485
"P27360_1071"	"SLHXZU"	"TK4SS2"	2020-07-29	2020-08-05	2020-08-02	"Dry_Forest"	-19.14032	44.81435
"P27360_1558"	"SLI1JE"	"TP2FUA"	2019-12-11	2019-12-19	2019-12-15	"Dry_Forest"	-20.06763	44.65485
"P27360_1112"	"SLJBQN"	"TRJZGH"	2019-12-18	2019-12-25	2019-12-22	"Rainforest"	-14.44448	49.73728
"P27360_1183"	"SLKD2X"	"TEGSKQ"	2020-01-29	2020-02-05	2020-02-02	"Rainforest"	-18.86682	48.29323
"P27360_1559"	"SLNHCZ"	"TGJ4FW"	2019-09-25	2019-10-02	2019-09-29	"Dry_Forest"	-20.06286	44.65663
"P27360_1240"	"SLPLYZ"	"THGFVB"	2020-03-11	2020-03-18	2020-03-15	"Rainforest"	-23.18722222	47.71861111
"P27360_1508"	"SLPUGK"	"TK4SS2"	2020-03-25	2020-04-01	2020-03-29	"Dry_Forest"	-19.14032	44.81435
"P27360_1085"	"SLQBUA"	"TTFJBN"	2019-10-23	2019-10-30	2019-10-27	"Rainforest"	-18.96579	48.46074
"P27360_1165"	"SLQUTX"	"TKDVTA"	2019-12-18	2019-12-25	2019-12-22	"Rainforest"	-24.5825	47.15027778
"P27360_1606"	"SLUIMA"	"TQCQRI"	2019-11-20	2019-11-25	2019-11-22	"Dry_Forest"	-16.32714	46.82259
"P27360_1612"	"SLXEQ5"	"T3JY78"	2020-05-20	2020-05-27	2020-05-24	"Dry_Forest"	-24.02663	43.740925
"P27360_1139"	"SLXXEN"	"TNKTYG"	2020-01-29	2020-02-05	2020-02-02	"Rainforest"	-12.514783	49.181247
"P27360_1548"	"SMCQ8N"	"TQCQRI"	2019-10-16	2019-10-23	2019-10-20	"Dry_Forest"	-16.32714	46.82259
"P27360_1598"	"SME2DE"	"TXS3QU"	2019-09-11	2019-09-18	2019-09-15	"Rainforest"	-14.44021	49.77818
"P27360_1056"	"SMH3NM"	"TE8SYJ"	2020-06-24	2020-07-01	2020-06-28	"Dry_Forest"	-24.02532	43.73899
"P27360_1110"	"SMIKNV"	"THI5PX"	2020-01-01	2020-01-15	2020-01-08	"Dry_Forest"	-12.682717	49.545424
"P27360_1242"	"SMJY7N"	"TP2FUA"	2020-04-22	2020-04-29	2020-04-26	"Dry_Forest"	-20.06763	44.65485
"P27360_1570"	"SMK2CL"	"TR4LDL"	2020-06-24	2020-07-01	2020-06-28	"Dry_Forest"	-15.97018	45.71465
"P27360_1007"	"SMMGU2"	"TTFJBN"	2020-05-27	2020-06-03	2020-05-31	"Rainforest"	-18.96579	48.46074
"P27360_1067"	"SMQEHP"	"T9VS8I"	2020-07-29	2020-08-05	2020-08-02	"Rainforest"	-15.67664	49.95653
"P27360_1406"	"SMR9YQ"	"TEE8KA"	2020-01-15	2020-01-22	2020-01-19	"Rainforest"	-17.70517	49.45715
"P27360_1209"	"SMS3BW"	"TGRG5T"	2020-04-29	2020-05-06	2020-05-03	"Rainforest"	-24.76388889	46.86111111
"P27360_1399"	"SMSBEA"	"TFWNLD"	2019-11-20	2019-11-27	2019-11-24	"Dry_Forest"	-16.32886	46.82082
"P27360_1418"	"SMTBKD"	"TYBVPP"	2020-03-04	2020-03-11	2020-03-08	"Dry_Forest"	-23.655035	44.629599
"P27360_1022"	"SMTWVL"	"T3JY78"	2020-04-01	2020-04-08	2020-04-05	"Dry_Forest"	-24.02663	43.740925
"P27360_1179"	"SMXZ2J"	"TGJ4FW"	2020-03-04	2020-03-11	2020-03-08	"Dry_Forest"	-20.06286	44.65663
"P27360_1037"	"SN1YVK"	"TEE8KA"	2019-12-11	2019-12-13	2019-12-12	"Rainforest"	-17.70517	49.45715
"P27360_1229"	"SN2SF5"	"T3JY78"	2019-12-11	2019-12-18	2019-12-15	"Dry_Forest"	-24.02663	43.740925
"P27360_1116"	"SN5Q5C"	"TIYMCS"	2020-06-24	2020-07-01	2020-06-28	"Dry_Forest"	-22.88694444	44.69277778
"P27360_1485"	"SN5WZ1"	"TIYMCS"	2019-08-28	2019-09-04	2019-09-01	"Dry_Forest"	-22.88694444	44.69277778
"P27360_1145"	"SNCGT1"	"TRJZGH"	2020-04-08	2020-04-15	2020-04-12	"Rainforest"	-14.44448	49.73728
"P27360_1157"	"SNGDCM"	"TN1QSL"	2020-02-05	2020-02-12	2020-02-09	"Dry_Forest"	-16.06344	45.26049
"P27360_1166"	"SNHEAD"	"TG6SK4"	2019-09-18	2019-09-25	2019-09-22	"Rainforest"	-13.40849	48.30587
"P27360_1522"	"SNKLBR"	"TAVVN5"	2019-12-18	2019-12-25	2019-12-22	"Rainforest"	-12.515596	49.180805
"P27360_1060"	"SNNAGG"	"TEYXBT"	2019-10-23	2019-10-30	2019-10-27	"Rainforest"	-18.96439	48.45811
"P27360_1549"	"SNQ4L8"	"TP2FUA"	2020-03-11	2020-03-18	2020-03-15	"Dry_Forest"	-20.06763	44.65485
"P27360_1194"	"SNQFEG"	"TG1QMA"	2019-08-14	2019-08-21	2019-08-18	"Dry_Forest"	-20.06509	44.65473
"P27360_1057"	"SNSPEN"	"TW51Z9"	2019-08-28	2019-09-04	2019-09-01	"Dry_Forest"	-12.278013	49.381504
"P27360_1555"	"SNU9S8"	"TXS3QU"	2019-08-21	2019-08-28	2019-08-25	"Rainforest"	-14.44021	49.77818
"P27360_1473"	"SNWEKX"	"TQCQRI"	2020-07-15	2020-07-22	2020-07-19	"Dry_Forest"	-16.32714	46.82259
"P27360_1432"	"SNWX2Q"	"TK1MIJ"	2020-01-15	2020-01-22	2020-01-19	"Dry_Forest"	-13.14696	49.70374
"P27360_1663"	"SNZSZZ"	"TK1MIJ"	2019-12-04	2019-12-11	2019-12-08	"Dry_Forest"	-13.14696	49.70374
"P27360_1625"	"SP534T"	"TKDVTA"	2020-02-26	2020-03-05	2020-03-01	"Rainforest"	-24.5825	47.15027778
"P27360_1035"	"SPB2AM"	"T3JY78"	2019-08-21	2019-08-28	2019-08-25	"Dry_Forest"	-24.02663	43.740925
"P27360_1012"	"SPBCCD"	"TTFJBN"	2020-03-11	2020-03-18	2020-03-15	"Rainforest"	-18.96579	48.46074
"P27360_1236"	"SPBVWE"	"TEGSKQ"	2019-11-06	2019-11-13	2019-11-10	"Rainforest"	-18.86682	48.29323
"P27360_1125"	"SPCFEI"	"TNQVM4"	2020-01-22	2020-01-29	2020-01-26	"Rainforest"	-15.67889	49.95685
"P27360_1513"	"SPCZFW"	"TEE8KA"	2020-07-15	2020-07-22	2020-07-19	"Rainforest"	-17.70517	49.45715
"P27360_1517"	"SPDLYF"	"TKDVTA"	2020-07-29	2020-08-05	2020-08-02	"Rainforest"	-24.5825	47.15027778
"P27360_1269"	"SPDPFA"	"TDKTHY"	2020-04-29	2020-05-06	2020-05-03	"Rainforest"	-18.96534	48.45539
"P27360_1214"	"SPDSG1"	"TGRG5T"	2020-04-01	2020-04-08	2020-04-05	"Rainforest"	-24.76388889	46.86111111
"P27360_1621"	"SPFQ7E"	"THGFVB"	2020-01-29	2020-02-05	2020-02-02	"Rainforest"	-23.18722222	47.71861111
"P27360_1251"	"SPGULD"	"TQCQRI"	2019-09-25	2019-10-02	2019-09-29	"Dry_Forest"	-16.32714	46.82259
"P27360_1419"	"SPHZ54"	"TYBVPP"	2020-04-08	2020-04-15	2020-04-12	"Dry_Forest"	-23.655035	44.629599
"P27360_1244"	"SPL4DZ"	"T3JY78"	2020-01-08	2020-01-15	2020-01-12	"Dry_Forest"	-24.02663	43.740925
"P27360_1603"	"SPRDPB"	"TRKQU5"	2020-04-22	2020-04-29	2020-04-26	"Dry_Forest"	-12.96002	49.120911
"P27360_1006"	"SPT2WJ"	"TGRG5T"	2020-05-06	2020-05-13	2020-05-10	"Rainforest"	-24.76388889	46.86111111
"P27360_1396"	"SPTNLU"	"TGJ4FW"	2020-01-08	2020-01-15	2020-01-12	"Dry_Forest"	-20.06286	44.65663
"P27360_1133"	"SPTSQ5"	"TULADB"	2019-10-16	2019-10-23	2019-10-20	"Rainforest"	-24.585	47.13583333
"P27360_1662"	"SPUCEI"	"TGRG5T"	2019-08-14	2019-08-21	2019-08-18	"Rainforest"	-24.76388889	46.86111111
"P27360_1073"	"SPUTDR"	"T9VS8I"	2020-06-24	2020-07-01	2020-06-28	"Rainforest"	-15.67664	49.95653
"P27360_1080"	"SPUWRI"	"TRKQU5"	2020-03-11	2020-03-18	2020-03-15	"Dry_Forest"	-12.96002	49.120911
"P27360_1100"	"SPV67K"	"TQCQRI"	2020-01-01	2020-01-08	2020-01-05	"Dry_Forest"	-16.32714	46.82259
"P27360_1579"	"SPXGBP"	"TULADB"	2020-06-03	2020-06-10	2020-06-07	"Rainforest"	-24.585	47.13583333
"P27360_1651"	"SPXNLR"	"TN1QSL"	2020-03-25	2020-04-01	2020-03-29	"Dry_Forest"	-16.06344	45.26049
"P27360_1237"	"SPXRVG"	"TNQVM4"	2020-07-29	2020-08-05	2020-08-02	"Rainforest"	-15.67889	49.95685
"P27360_1500"	"SQ4SF5"	"TKDVTA"	2019-10-09	2019-10-16	2019-10-13	"Rainforest"	-24.5825	47.15027778
"P27360_1173"	"SQ6DBH"	"TK4SS2"	2020-06-03	2020-06-10	2020-06-07	"Dry_Forest"	-19.14032	44.81435
"P27360_1281"	"SQ8WNF"	"TG6SK4"	2020-04-08	2020-04-15	2020-04-12	"Rainforest"	-13.40849	48.30587
"P27360_1201"	"SQBUXU"	"T4ZF4M"	2019-10-16	2019-10-23	2019-10-20	"Dry_Forest"	-22.53959	45.37872
"P27360_1483"	"SQDH42"	"TG6SK4"	2020-07-22	2020-07-29	2020-07-26	"Rainforest"	-13.40849	48.30587
"P27360_1444"	"SQF39S"	"TQCQRI"	2020-04-29	2020-05-06	2020-05-03	"Dry_Forest"	-16.32714	46.82259
"P27360_1516"	"SQFTQY"	"TNKTYG"	2019-12-18	2019-12-25	2019-12-22	"Rainforest"	-12.514783	49.181247
"P27360_1215"	"SQHPRB"	"TGJ4FW"	2020-02-26	2020-03-04	2020-03-01	"Dry_Forest"	-20.06286	44.65663
"P27360_1195"	"SQRTMZ"	"TNQVM4"	2020-05-20	2020-05-27	2020-05-24	"Rainforest"	-15.67889	49.95685
"P27360_1659"	"SQSWHM"	"TAVVN5"	2020-07-15	2020-07-22	2020-07-19	"Rainforest"	-12.515596	49.180805
"P27360_1158"	"SQTAPL"	"TR4LDL"	2019-12-18	2019-12-25	2019-12-22	"Dry_Forest"	-15.97018	45.71465
"P27360_1499"	"SQTMDM"	"TEE8KA"	2020-06-17	2020-06-24	2020-06-21	"Rainforest"	-17.70517	49.45715
"P27360_1547"	"SQUS7D"	"TGJ4FW"	2020-04-09	2020-04-15	2020-04-12	"Dry_Forest"	-20.06286	44.65663
"P27360_1484"	"SQVBKG"	"TIYMCS"	2020-04-08	2020-04-15	2020-04-12	"Dry_Forest"	-22.88694444	44.69277778
"P27360_1216"	"SR6F3T"	"TPSMAA"	2019-10-09	2019-10-16	2019-10-13	"Montane_Rainforest"	-18.196437	47.286287
"P27360_1560"	"SR9WWX"	"TQKQRH"	2019-09-25	2019-10-02	2019-09-29	"Rainforest"	-15.68117	49.9577
"P27360_1436"	"SRBFXM"	"TN1QSL"	2020-06-24	2020-07-01	2020-06-28	"Dry_Forest"	-16.06344	45.26049
"P27360_1457"	"SRC3LN"	"TUH8A4"	2020-04-29	2020-05-06	2020-05-03	"Dry_Forest"	-16.32425	46.82299
"P27360_1428"	"SRC5ZL"	"TKRH5P"	2019-08-21	2019-08-28	2019-08-25	"Dry_Forest"	-16.46848	45.41309
"P27360_1199"	"SRCJWR"	"TG1QMA"	2020-02-26	2020-03-04	2020-03-01	"Dry_Forest"	-20.06509	44.65473
"P27360_1430"	"SRD7NA"	"TZJWN3"	2019-12-11	2019-12-18	2019-12-15	"Rainforest"	-17.9201	49.20044
"P27360_1058"	"SREVUG"	"T3JY78"	2020-04-29	2020-05-06	2020-05-03	"Dry_Forest"	-24.02663	43.740925
"P27360_1645"	"SRHQXC"	"T6UDMB"	2019-09-11	2019-09-18	2019-09-15	"Dry_Forest"	-22.82777778	43.51916667
"P27360_1454"	"SRI2EM"	"TRJZGH"	2020-07-22	2020-07-29	2020-07-26	"Rainforest"	-14.44448	49.73728
"P27360_1119"	"SRLRGI"	"TNQVM4"	2020-04-15	2020-04-22	2020-04-19	"Rainforest"	-15.67889	49.95685
"P27360_1420"	"SRMDKS"	"TFWNLD"	2020-02-05	2020-02-12	2020-02-09	"Dry_Forest"	-16.32886	46.82082
"P27360_1490"	"SRPTNG"	"TQKQRH"	2019-09-18	2019-09-25	2019-09-22	"Rainforest"	-15.68117	49.9577
"P27360_1451"	"SRQGSN"	"TFWNLD"	2020-04-08	2020-04-15	2020-04-12	"Dry_Forest"	-16.32886	46.82082
"P27360_1593"	"SRQJDN"	"TNQVM4"	2020-07-08	2020-07-15	2020-07-12	"Rainforest"	-15.67889	49.95685
"P27360_1013"	"SRQVHJ"	"TG1QMA"	2019-08-28	2019-09-04	2019-09-01	"Dry_Forest"	-20.06509	44.65473
"P27360_1489"	"SRQZQC"	"TDKTHY"	2019-12-18	2019-12-25	2019-12-22	"Rainforest"	-18.96534	48.45539
"P27360_1120"	"SRS5DY"	"TNKTYG"	2020-02-26	2020-03-04	2020-03-01	"Rainforest"	-12.514783	49.181247
"P27360_1001"	"SRTVVN"	"TW51Z9"	2020-04-08	2020-04-15	2020-04-12	"Dry_Forest"	-12.278013	49.381504
"P27360_1247"	"SRWDRS"	"TGJ4FW"	2019-10-09	2019-10-16	2019-10-13	"Dry_Forest"	-20.06286	44.65663
"P27360_1167"	"SRYIDZ"	"TGJ4FW"	2019-09-18	2019-09-25	2019-09-22	"Dry_Forest"	-20.06286	44.65663
"P27360_1569"	"SRZDCJ"	"TXS3QU"	2019-12-18	2019-12-26	2019-12-22	"Rainforest"	-14.44021	49.77818
"P27360_1218"	"SS2NEA"	"TEGSKQ"	2020-02-26	2020-03-04	2020-03-01	"Rainforest"	-18.86682	48.29323
"P27360_1036"	"SS3LCX"	"T4ZF4M"	2020-07-29	2020-08-05	2020-08-02	"Dry_Forest"	-22.53959	45.37872
"P27360_1211"	"SSGHGP"	"TEYXBT"	2020-02-12	2020-02-19	2020-02-16	"Rainforest"	-18.96439	48.45811
"P27360_1248"	"SSHCE2"	"TP2FUA"	2019-10-09	2019-10-16	2019-10-13	"Dry_Forest"	-20.06763	44.65485
"P27360_1401"	"SSHLVH"	"TQKQRH"	2020-03-11	2020-03-18	2020-03-15	"Rainforest"	-15.68117	49.9577
"P27360_1605"	"SSIWVE"	"T9VS8I"	2020-05-27	2020-06-03	2020-05-31	"Rainforest"	-15.67664	49.95653
"P27360_1223"	"SSLPZI"	"TDY8SA"	2019-10-23	2019-10-30	2019-10-27	"Montane_Rainforest"	-18.41335	47.94285
"P27360_1272"	"SSMUWF"	"TRGIDB"	2020-03-25	2020-04-01	2020-03-29	"Rainforest"	-16.31439	49.79369
"P27360_1082"	"SSRWWF"	"TGJ4FW"	2019-12-19	2019-12-25	2019-12-22	"Dry_Forest"	-20.06286	44.65663
"P27360_1031"	"SSTE41"	"TG1QMA"	2020-04-01	2020-04-08	2020-04-05	"Dry_Forest"	-20.06509	44.65473
"P27360_1619"	"SSTEDN"	"TDY8SA"	2020-02-26	2020-03-04	2020-03-01	"Montane_Rainforest"	-18.41335	47.94285
"P27360_1657"	"SSTNAR"	"T3JY78"	2019-10-09	2019-10-16	2019-10-13	"Dry_Forest"	-24.02663	43.740925
"P27360_1491"	"SSW169"	"TN1QSL"	2020-03-11	2020-03-18	2020-03-15	"Dry_Forest"	-16.06344	45.26049
"P27360_1472"	"SSWU6R"	"TQCQRI"	2020-05-20	2020-05-27	2020-05-24	"Dry_Forest"	-16.32714	46.82259
"P27360_1155"	"SSXH1I"	"TNQVM4"	2020-04-08	2020-04-15	2020-04-12	"Rainforest"	-15.67889	49.95685
"P27360_1554"	"ST56ZD"	"TQCQRI"	2019-08-21	2019-08-28	2019-08-25	"Dry_Forest"	-16.32714	46.82259
"P27360_1599"	"ST6QEE"	"T6UDMB"	2020-05-27	2020-06-03	2020-05-31	"Dry_Forest"	-22.82777778	43.51916667
"P27360_1081"	"ST7IAZ"	"T9VS8I"	2020-04-08	2020-04-15	2020-04-12	"Rainforest"	-15.67664	49.95653
"P27360_1509"	"ST8NRD"	"TNKTYG"	2020-06-03	2020-06-10	2020-06-07	"Rainforest"	-12.514783	49.181247
"P27360_1562"	"ST9UG7"	"TPQKYN"	2020-04-29	2020-05-06	2020-05-03	"Rainforest"	-16.28466	48.81669
"P27360_1586"	"STBZF8"	"TDKTHY"	2019-11-20	2019-11-27	2019-11-24	"Rainforest"	-18.96534	48.45539
"P27360_1121"	"STCIKY"	"TQKQRH"	2019-10-16	2019-10-23	2019-10-20	"Rainforest"	-15.68117	49.9577
"P27360_1664"	"STDEZ1"	"TIPGKX"	2019-09-04	2019-09-18	2019-09-11	"Dry_Forest"	-25.540964	45.137877
"P27360_1459"	"STEFAN"	"TFWNLD"	2020-04-01	2020-04-08	2020-04-05	"Dry_Forest"	-16.32886	46.82082
"P27360_1510"	"STEGEL"	"TGJ4FW"	2020-05-27	2020-06-03	2020-05-31	"Dry_Forest"	-20.06286	44.65663
"P27360_1180"	"STKQSM"	"TZJWN3"	2019-12-18	2019-12-25	2019-12-22	"Rainforest"	-17.9201	49.20044
"P27360_1187"	"STNQK8"	"TGJ4FW"	2019-11-13	2019-11-20	2019-11-17	"Dry_Forest"	-20.06286	44.65663
"P27360_1481"	"STS1PV"	"TG6SK4"	2020-05-06	2020-05-13	2020-05-10	"Rainforest"	-13.40849	48.30587
"P27360_1127"	"STTFQE"	"TFWNLD"	2019-08-14	2019-08-21	2019-08-18	"Dry_Forest"	-16.32886	46.82082
"P27360_1061"	"STUWNG"	"TGRG5T"	2019-12-18	2019-12-25	2019-12-22	"Rainforest"	-24.76388889	46.86111111
"P27360_1020"	"STWATC"	"TE8SYJ"	2020-02-12	2020-02-19	2020-02-16	"Dry_Forest"	-24.02532	43.73899
"P27360_1091"	"STWISP"	"TDY8SA"	2020-01-15	2020-01-22	2020-01-19	"Montane_Rainforest"	-18.41335	47.94285
"P27360_1493"	"STZM1A"	"TQKQRH"	2020-04-01	2020-04-08	2020-04-05	"Rainforest"	-15.68117	49.9577
"P27360_1050"	"SU9SRC"	"T4ZF4M"	2019-09-25	2019-10-02	2019-09-29	"Dry_Forest"	-22.53959	45.37872
"P27360_1496"	"SUCJCK"	"T4ZF4M"	2020-04-08	2020-04-15	2020-04-12	"Dry_Forest"	-22.53959	45.37872
"P27360_1168"	"SUEBXM"	"TK4SS2"	2020-07-01	2020-07-08	2020-07-05	"Dry_Forest"	-19.14032	44.81435
"P27360_1233"	"SUED42"	"TPQKYN"	2020-04-08	2020-04-15	2020-04-12	"Rainforest"	-16.28466	48.81669
"P27360_1049"	"SUKC9Z"	"T9VS8I"	2019-09-25	2019-10-02	2019-09-29	"Rainforest"	-15.67664	49.95653
"P27360_1144"	"SUM4HB"	"TFBCWJ"	2020-06-03	2020-06-10	2020-06-07	"Rainforest"	-24.58194444	47.135
"P27360_1482"	"SUNNMA"	"TG6SK4"	2020-03-11	2020-03-18	2020-03-15	"Rainforest"	-13.40849	48.30587
"P27360_1212"	"SURUBM"	"T9VS8I"	2020-04-29	2020-05-06	2020-05-03	"Rainforest"	-15.67664	49.95653
"P27360_1460"	"SUSGQL"	"TQCQRI"	2020-03-11	2020-03-18	2020-03-15	"Dry_Forest"	-16.32714	46.82259
"P27360_1535"	"SUUYGD"	"TG1QMA"	2020-01-01	2020-01-08	2020-01-05	"Dry_Forest"	-20.06509	44.65473
"P27360_1540"	"SUXS1P"	"TQKQRH"	2019-11-20	2019-11-27	2019-11-24	"Rainforest"	-15.68117	49.9577
"P27360_1027"	"SUYXXX"	"TG1QMA"	2020-07-01	2020-07-08	2020-07-05	"Dry_Forest"	-20.06509	44.65473
"P27360_1422"	"SUZUQC"	"TUP4R5"	2020-07-22	2020-08-05	2020-07-29	"Dry_Forest"	-24.02303	43.7859
"P27360_1143"	"SV3M9L"	"TTFJBN"	2020-01-15	2020-01-22	2020-01-19	"Rainforest"	-18.96579	48.46074
"P27360_1468"	"SV45DS"	"TUH8A4"	2020-04-08	2020-04-15	2020-04-12	"Dry_Forest"	-16.32425	46.82299
"P27360_1171"	"SV4XKF"	"TZJWN3"	2020-07-01	2020-07-09	2020-07-05	"Rainforest"	-17.9201	49.20044
"P27360_1161"	"SVAWAT"	"T9VS8I"	2019-11-13	2019-11-20	2019-11-17	"Rainforest"	-15.67664	49.95653
"P27360_1148"	"SVCECT"	"TKDVTA"	2019-08-28	2019-09-04	2019-09-01	"Rainforest"	-24.5825	47.15027778
"P27360_1647"	"SVDNHJ"	"TE8SYJ"	2020-04-22	2020-04-29	2020-04-26	"Dry_Forest"	-24.02532	43.73899
"P27360_1137"	"SVEJUR"	"TW51Z9"	2020-02-26	2020-03-04	2020-03-01	"Dry_Forest"	-12.278013	49.381504
"P27360_1101"	"SVGNRX"	"TDKTHY"	2020-07-15	2020-07-22	2020-07-19	"Rainforest"	-18.96534	48.45539
"P27360_1566"	"SVHI7J"	"TB43DA"	2019-09-25	2019-10-02	2019-09-29	"Rainforest"	-21.258128	47.422347
"P27360_1178"	"SVIVCL"	"T9VS8I"	2019-08-21	2019-08-28	2019-08-25	"Rainforest"	-15.67664	49.95653
"P27360_1507"	"SVJDQP"	"TPSMAA"	2019-12-04	2019-12-11	2019-12-08	"Montane_Rainforest"	-18.196437	47.286287
"P27360_1541"	"SVJKV9"	"THYGHQ"	2019-08-14	2019-08-21	2019-08-18	"Dry_Forest"	-20.7949	44.16618
"P27360_1015"	"SVJLM7"	"TE8SYJ"	2019-10-23	2019-10-30	2019-10-27	"Dry_Forest"	-24.02532	43.73899
"P27360_1407"	"SVJRBZ"	"TEE8KA"	2020-05-06	2020-05-13	2020-05-10	"Rainforest"	-17.70517	49.45715
"P27360_1023"	"SVKNIW"	"TE8SYJ"	2019-12-18	2019-12-25	2019-12-22	"Dry_Forest"	-24.02532	43.73899
"P27360_1557"	"SVM2KA"	"TGJ4FW"	2020-07-23	2020-07-29	2020-07-26	"Dry_Forest"	-20.06286	44.65663
"P27360_1623"	"SVMDZN"	"TR4LDL"	2020-01-28	2020-02-05	2020-02-01	"Dry_Forest"	-15.97018	45.71465
"P27360_1136"	"SVNFCV"	"TXS3QU"	2020-06-03	2020-06-10	2020-06-07	"Rainforest"	-14.44021	49.77818
"P27360_1257"	"SVPYE6"	"TDKTHY"	2019-08-21	2019-08-28	2019-08-25	"Rainforest"	-18.96534	48.45539
"P27360_1255"	"SVTKDS"	"TEGSKQ"	2019-12-04	2019-12-11	2019-12-08	"Rainforest"	-18.86682	48.29323
"P27360_1584"	"SVUHVY"	"TNQVM4"	2020-02-19	2020-02-26	2020-02-23	"Rainforest"	-15.67889	49.95685
"P27360_1265"	"SW1LZT"	"TRKQU5"	2020-07-15	2020-07-22	2020-07-19	"Dry_Forest"	-12.96002	49.120911
"P27360_1475"	"SW28DN"	"TQCQRI"	2020-04-08	2020-04-15	2020-04-12	"Dry_Forest"	-16.32714	46.82259
"P27360_1065"	"SWCCF7"	"T9VS8I"	2019-11-20	2019-11-27	2019-11-24	"Rainforest"	-15.67664	49.95653
"P27360_1592"	"SWCPC7"	"TQKQRH"	2020-04-29	2020-05-06	2020-05-03	"Rainforest"	-15.68117	49.9577
"P27360_1186"	"SWD69I"	"TAVVN5"	2020-01-08	2020-01-15	2020-01-12	"Rainforest"	-12.515596	49.180805
"P27360_1181"	"SWGYZT"	"T9VS8I"	2020-05-06	2020-05-13	2020-05-10	"Rainforest"	-15.67664	49.95653
"P27360_1114"	"SWIKVM"	"TRGIDB"	2020-05-20	2020-05-27	2020-05-24	"Rainforest"	-16.31439	49.79369
"P27360_1249"	"SWIMFZ"	"TQCQRI"	2019-10-23	2019-10-30	2019-10-27	"Dry_Forest"	-16.32714	46.82259
"P27360_1198"	"SWMVXL"	"TG1QMA"	2020-03-25	2020-04-01	2020-03-29	"Dry_Forest"	-20.06509	44.65473
"P27360_1115"	"SWN8YH"	"TRA8W1"	2019-09-25	2019-10-02	2019-09-29	"Rainforest"	-14.43606	49.75736
"P27360_1519"	"SWP6PW"	"TUH8A4"	2020-02-05	2020-02-12	2020-02-09	"Dry_Forest"	-16.32425	46.82299
"P27360_1577"	"SWP7UA"	"TNKTYG"	2020-04-29	2020-05-06	2020-05-03	"Rainforest"	-12.514783	49.181247
"P27360_1064"	"SWPDV4"	"TNQVM4"	2020-05-06	2020-05-13	2020-05-10	"Rainforest"	-15.67889	49.95685
"P27360_1163"	"SWPSAC"	"TNKTYG"	2019-08-28	2019-09-04	2019-09-01	"Rainforest"	-12.514783	49.181247
"P27360_1441"	"SWQ1DA"	"TQCQRI"	2020-05-06	2020-05-13	2020-05-10	"Dry_Forest"	-16.32714	46.82259
"P27360_1122"	"SWRADT"	"TEE8KA"	2020-02-12	2020-02-19	2020-02-16	"Rainforest"	-17.70517	49.45715
"P27360_1151"	"SWRBW3"	"TEGSKQ"	2019-10-16	2019-10-23	2019-10-20	"Rainforest"	-18.86682	48.29323
"P27360_1098"	"SWRHKP"	"TQCQRI"	2019-09-11	2019-09-18	2019-09-15	"Dry_Forest"	-16.32714	46.82259
"P27360_1614"	"SWRPQZ"	"TXS3QU"	2020-02-27	2020-03-04	2020-03-01	"Rainforest"	-14.44021	49.77818
"P27360_1117"	"SWSCEN"	"TR4LDL"	2020-03-25	2020-04-01	2020-03-29	"Dry_Forest"	-15.97018	45.71465
"P27360_1010"	"SWUD5H"	"THGFVB"	2020-01-15	2020-01-22	2020-01-19	"Rainforest"	-23.18722222	47.71861111
"P27360_1512"	"SX2XIT"	"TTFJBN"	2019-10-16	2019-10-23	2019-10-20	"Rainforest"	-18.96579	48.46074
"P27360_1622"	"SX4H11"	"TKDVTA"	2020-02-05	2020-02-12	2020-02-09	"Rainforest"	-24.5825	47.15027778
"P27360_1434"	"SX82J3"	"TP2FUA"	2020-01-08	2020-01-15	2020-01-12	"Dry_Forest"	-20.06763	44.65485
"P27360_1424"	"SX93IB"	"T4ZF4M"	2020-01-29	2020-02-05	2020-02-02	"Dry_Forest"	-22.53959	45.37872
"P27360_1232"	"SXAT9S"	"TQCQRI"	2019-08-28	2019-09-05	2019-09-01	"Dry_Forest"	-16.32714	46.82259
"P27360_1458"	"SXCNDR"	"TQCQRI"	2020-07-01	2020-07-08	2020-07-05	"Dry_Forest"	-16.32714	46.82259
"P27360_1572"	"SXEIXR"	"TQKQRH"	2019-08-28	2019-09-04	2019-09-01	"Rainforest"	-15.68117	49.9577
"P27360_1629"	"SXEVMP"	"TKDVTA"	2020-05-20	2020-05-27	2020-05-24	"Rainforest"	-24.5825	47.15027778
"P27360_1471"	"SXHXYM"	"TUH8A4"	2020-05-20	2020-05-27	2020-05-24	"Dry_Forest"	-16.32425	46.82299
"P27360_1487"	"SXJC8J"	"TG1QMA"	2019-10-16	2019-10-23	2019-10-20	"Dry_Forest"	-20.06509	44.65473
"P27360_1604"	"SXJVDW"	"TB43DA"	2019-08-21	2019-08-28	2019-08-25	"Rainforest"	-21.258128	47.422347
"P27360_1661"	"SXN7B6"	"TXS3QU"	2019-12-04	2019-12-12	2019-12-08	"Rainforest"	-14.44021	49.77818
"P27360_1009"	"SXNAGU"	"THGFVB"	2020-02-12	2020-02-19	2020-02-16	"Rainforest"	-23.18722222	47.71861111
"P27360_1400"	"SXRIGQ"	"TEYXBT"	2020-02-05	2020-02-12	2020-02-09	"Rainforest"	-18.96439	48.45811
"P27360_1461"	"SXSUZD"	"TQCQRI"	2020-02-26	2020-03-04	2020-03-01	"Dry_Forest"	-16.32714	46.82259
"P27360_1008"	"SXW7EZ"	"TTFJBN"	2020-01-08	2020-01-15	2020-01-12	"Rainforest"	-18.96579	48.46074
"P27360_1618"	"SXYRBC"	"TNQVM4"	2019-08-07	2019-08-14	2019-08-11	"Rainforest"	-15.67889	49.95685
"P27360_1533"	"SXZSKW"	"TPQKYN"	2019-11-20	2019-11-27	2019-11-24	"Rainforest"	-16.28466	48.81669
"P27360_1254"	"SY31KF"	"TEGSKQ"	2020-06-17	2020-06-24	2020-06-21	"Rainforest"	-18.86682	48.29323
"P27360_1505"	"SY92FP"	"TK4SS2"	2020-05-27	2020-06-03	2020-05-31	"Dry_Forest"	-19.14032	44.81435
"P27360_1552"	"SYA9JJ"	"TYBVPP"	2019-08-21	2019-08-28	2019-08-25	"Dry_Forest"	-23.655035	44.629599
"P27360_1053"	"SYEJUG"	"T4ZF4M"	2020-06-24	2020-07-01	2020-06-28	"Dry_Forest"	-22.53959	45.37872
"P27360_1234"	"SYEK6U"	"TG6SK4"	2019-12-11	2019-12-18	2019-12-15	"Rainforest"	-13.40849	48.30587
"P27360_1052"	"SYGF13"	"T9VS8I"	2020-03-11	2020-03-18	2020-03-15	"Rainforest"	-15.67664	49.95653
"P27360_1546"	"SYIMJG"	"TP2FUA"	2020-05-06	2020-05-13	2020-05-10	"Dry_Forest"	-20.06763	44.65485
"P27360_1654"	"SYJCE2"	"TNKTYG"	2019-08-14	2019-08-21	2019-08-18	"Rainforest"	-12.514783	49.181247
"P27360_1534"	"SYMTWL"	"TKDVTA"	2020-01-08	2020-01-15	2020-01-12	"Rainforest"	-24.5825	47.15027778
"P27360_1026"	"SYNRES"	"TDKTHY"	2020-01-08	2020-01-15	2020-01-12	"Rainforest"	-18.96534	48.45539
"P27360_1564"	"SYPDRU"	"TP2FUA"	2020-07-22	2020-07-29	2020-07-26	"Dry_Forest"	-20.06763	44.65485
"P27360_1169"	"SYTHFC"	"TXS3QU"	2020-02-12	2020-02-19	2020-02-16	"Rainforest"	-14.44021	49.77818
"P27360_1465"	"SYTHQG"	"TAHDZD"	2020-07-15	2020-07-22	2020-07-19	"Rainforest"	-14.437	49.74282
"P27360_1284"	"SYVV21"	"T4ZF4M"	2019-11-13	2019-11-20	2019-11-17	"Dry_Forest"	-22.53959	45.37872
"P27360_1639"	"SZ3ZV9"	"TZJWN3"	2019-12-04	2019-12-11	2019-12-08	"Rainforest"	-17.9201	49.20044
"P27360_1283"	"SZ552B"	"THGFVB"	2020-04-29	2020-05-06	2020-05-03	"Rainforest"	-23.18722222	47.71861111
"P27360_1617"	"SZ9YEK"	"T4ZF4M"	2019-10-09	2019-10-16	2019-10-13	"Dry_Forest"	-22.53959	45.37872
"P27360_1628"	"SZDWKP"	"THGFVB"	2019-12-18	2019-12-25	2019-12-22	"Rainforest"	-23.18722222	47.71861111
"P27360_1126"	"SZF2QI"	"TRKQU5"	2019-10-09	2019-10-16	2019-10-13	"Dry_Forest"	-12.96002	49.120911
"P27360_1426"	"SZFXAT"	"TIYMCS"	2020-05-20	2020-05-27	2020-05-24	"Dry_Forest"	-22.88694444	44.69277778
"P27360_1391"	"SZGASS"	"TUAPDE"	2020-05-20	2020-05-27	2020-05-24	"Rainforest"	-12.517164	49.179873
"P27360_1208"	"SZGNTY"	"TNKTYG"	2020-02-05	2020-02-12	2020-02-09	"Rainforest"	-12.514783	49.181247
"P27360_1226"	"SZGPKE"	"TG6SK4"	2020-06-03	2020-06-10	2020-06-07	"Rainforest"	-13.40849	48.30587
"P27360_1075"	"SZMUGP"	"TGJ4FW"	2020-02-06	2020-02-12	2020-02-09	"Dry_Forest"	-20.06286	44.65663
"P27360_1563"	"SZNADS"	"TGJ4FW"	2020-02-12	2020-02-19	2020-02-16	"Dry_Forest"	-20.06286	44.65663
"P27360_1656"	"SZNHU4"	"TYBVPP"	2020-04-22	2020-04-29	2020-04-26	"Dry_Forest"	-23.655035	44.629599
"P27360_1258"	"SZNILT"	"TP2FUA"	2020-02-26	2020-03-04	2020-03-01	"Dry_Forest"	-20.06763	44.65485
"P27360_1423"	"SZRABL"	"TKRH5P"	2020-04-01	2020-04-08	2020-04-05	"Dry_Forest"	-16.46848	45.41309
"P27360_1280"	"SZSABW"	"TP2FUA"	2019-08-28	2019-09-04	2019-09-01	"Dry_Forest"	-20.06763	44.65485
"P27360_1486"	"SZSYQD"	"TG1QMA"	2020-06-17	2020-06-24	2020-06-21	"Dry_Forest"	-20.06509	44.65473
"P27360_1118"	"SZTBBH"	"TR4LDL"	2019-11-20	2019-11-27	2019-11-24	"Dry_Forest"	-15.97018	45.71465
"P27360_1072"	"SZUSFM"	"TGJ4FW"	2020-04-01	2020-04-08	2020-04-05	"Dry_Forest"	-20.06286	44.65663
"P27360_1204"	"SZVGRP"	"T4ZF4M"	2020-07-01	2020-07-08	2020-07-05	"Dry_Forest"	-22.53959	45.37872
"P27360_1580"	"SZVIU4"	"TXS3QU"	2020-01-09	2020-01-16	2020-01-13	"Rainforest"	-14.44021	49.77818
"P27360_1452"	"SZVTZQ"	"TQCQRI"	2020-03-04	2020-03-11	2020-03-08	"Dry_Forest"	-16.32714	46.82259
"P27360_1568"	"SZWJPX"	"TPQKYN"	2019-09-18	2019-09-25	2019-09-22	"Rainforest"	-16.28466	48.81669
"P27360_1175"	"SZWN47"	"TGJ4FW"	2020-05-06	2020-05-13	2020-05-10	"Dry_Forest"	-20.06286	44.65663
"P27360_1524"	"SZXT8M"	"TULADB"	2020-05-20	2020-05-27	2020-05-24	"Rainforest"	-24.585	47.13583333
"P27360_1289"	"SQ8LMP"	"THI5PX"	2020-02-12	2020-02-19	2020-02-16	"Dry_Forest"	-12.682717	49.545424
"P27360_1290"	"SRBUXZ"	"TULADB"	2020-04-01	2020-04-08	2020-04-05	"Rainforest"	-24.585	47.13583333
"P27360_1291"	"SVNGIK"	"TW51Z9"	2020-04-29	2020-05-06	2020-05-03	"Dry_Forest"	-12.278013	49.381504
"P27360_1293"	"SMPIGX"	"TAVVN5"	2020-06-03	2020-06-10	2020-06-07	"Rainforest"	-12.515596	49.180805
"P27360_1294"	"S4FS54"	"TYBVPP"	2019-11-13	2019-11-27	2019-11-20	"Dry_Forest"	-23.655035	44.629599
"P27360_1295"	"SXQAAR"	"TEGSKQ"	2020-01-15	2020-01-22	2020-01-19	"Rainforest"	-18.86682	48.29323
"P27360_1296"	"SQGTDW"	"TEGSKQ"	2019-09-11	2019-09-18	2019-09-15	"Rainforest"	-18.86682	48.29323
"P27360_1297"	"SVQWLD"	"TRKQU5"	2020-01-29	2020-02-05	2020-02-02	"Dry_Forest"	-12.96002	49.120911
"P27360_1298"	"SCUDDI"	"TR4LDL"	2020-03-11	2020-03-18	2020-03-15	"Dry_Forest"	-15.97018	45.71465
"P27360_1299"	"SRV2KV"	"TK4SS2"	2019-09-18	2019-09-25	2019-09-22	"Dry_Forest"	-19.14032	44.81435
"P27360_1301"	"SMAACX"	"TDY8SA"	2020-06-24	2020-07-01	2020-06-28	"Montane_Rainforest"	-18.41335	47.94285
"P27360_1302"	"SXFTTB"	"TKDVTA"	2020-03-05	2020-03-19	2020-03-12	"Rainforest"	-24.5825	47.15027778
"P27360_1303"	"SZMIKH"	"TB43DA"	2019-10-23	2019-10-30	2019-10-27	"Rainforest"	-21.258128	47.422347
"P27360_1304"	"SCSRNP"	"TULADB"	2019-12-04	2019-12-11	2019-12-08	"Rainforest"	-24.585	47.13583333
"P27360_1305"	"SMTJD5"	"THYGHQ"	2020-06-24	2020-07-01	2020-06-28	"Dry_Forest"	-20.7949	44.16618
"P27360_1306"	"SVHNMM"	"T9VS8I"	2020-02-26	2020-03-04	2020-03-01	"Rainforest"	-15.67664	49.95653
"P27360_1307"	"SSANVB"	"TEYXBT"	2020-03-11	2020-03-18	2020-03-15	"Rainforest"	-18.96439	48.45811
"P27360_1308"	"SMYVYZ"	"TG6SK4"	2020-05-27	2020-06-03	2020-05-31	"Rainforest"	-13.40849	48.30587
"P27360_1309"	"S6KLXP"	"TAVVN5"	2020-07-01	2020-07-08	2020-07-05	"Rainforest"	-12.515596	49.180805
"P27360_1310"	"SY1AYW"	"TR4LDL"	2020-06-03	2020-06-10	2020-06-07	"Dry_Forest"	-15.97018	45.71465
"P27360_1311"	"SLQWID"	"TN1QSL"	2020-01-08	2020-01-15	2020-01-12	"Dry_Forest"	-16.06344	45.26049
"P27360_1312"	"STRFQ1"	"TGJ4FW"	2020-06-03	2020-06-10	2020-06-07	"Dry_Forest"	-20.06286	44.65663
"P27360_1313"	"SVSTHC"	"T9VS8I"	2020-01-29	2020-02-05	2020-02-02	"Rainforest"	-15.67664	49.95653
"P27360_1314"	"S8R9HD"	"TB43DA"	2019-12-18	2019-12-25	2019-12-22	"Rainforest"	-21.258128	47.422347
"P27360_1315"	"SHIGJP"	"TK4SS2"	2020-03-04	2020-03-11	2020-03-08	"Dry_Forest"	-19.14032	44.81435
"P27360_1316"	"SUHTFE"	"TRJZGH"	2019-09-18	2019-09-25	2019-09-22	"Rainforest"	-14.44448	49.73728
"P27360_1317"	"SQJ359"	"TB43DA"	2019-08-28	2019-09-04	2019-09-01	"Rainforest"	-21.258128	47.422347
"P27360_1318"	"SLLSVL"	"TK4SS2"	2020-01-15	2020-01-22	2020-01-19	"Dry_Forest"	-19.14032	44.81435
"P27360_1319"	"SFVNJJ"	"TAVVN5"	2019-11-06	2019-11-13	2019-11-10	"Rainforest"	-12.515596	49.180805
"P27360_1320"	"SXJSP1"	"TP2FUA"	2020-07-16	2020-07-22	2020-07-19	"Dry_Forest"	-20.06763	44.65485
"P27360_1321"	"SYT2IN"	"TULADB"	2019-11-21	2019-11-27	2019-11-24	"Rainforest"	-24.585	47.13583333
"P27360_1322"	"SZELUQ"	"TNQVM4"	2020-04-29	2020-05-06	2020-05-03	"Rainforest"	-15.67889	49.95685
"P27360_1323"	"SCFUWB"	"TIPGKX"	2020-06-03	2020-06-10	2020-06-07	"Dry_Forest"	-25.540964	45.137877
"P27360_1324"	"S19JGX"	"TEGSKQ"	2020-07-01	2020-07-08	2020-07-05	"Rainforest"	-18.86682	48.29323
"P27360_1325"	"SIUDEB"	"TG6SK4"	2020-06-24	2020-07-01	2020-06-28	"Rainforest"	-13.40849	48.30587
"P27360_1326"	"SKKNB6"	"T9VS8I"	2020-02-05	2020-02-12	2020-02-09	"Rainforest"	-15.67664	49.95653
"P27360_1327"	"S5UF6H"	"TG6SK4"	2020-07-29	2020-08-05	2020-08-02	"Rainforest"	-13.40849	48.30587
"P27360_1328"	"S4MVLB"	"T3JY78"	2020-07-22	2020-08-05	2020-07-29	"Dry_Forest"	-24.02663	43.740925
"P27360_1329"	"SVST75"	"TFWNLD"	2020-01-29	2020-02-05	2020-02-02	"Dry_Forest"	-16.32886	46.82082
"P27360_1330"	"SWPTRP"	"TEYXBT"	2019-12-11	2019-12-18	2019-12-15	"Rainforest"	-18.96439	48.45811
"P27360_1331"	"SNSQJS"	"TNKTYG"	2020-03-11	2020-03-18	2020-03-15	"Rainforest"	-12.514783	49.181247
"P27360_1332"	"SKEA6B"	"TAVVN5"	2019-09-25	2019-10-02	2019-09-29	"Rainforest"	-12.515596	49.180805
"P27360_1333"	"SMPMJQ"	"TRJZGH"	2019-11-20	2019-11-27	2019-11-24	"Rainforest"	-14.44448	49.73728
"P27360_1334"	"SFI9V8"	"TAVVN5"	2020-02-12	2020-02-19	2020-02-16	"Rainforest"	-12.515596	49.180805
"P27360_1335"	"SEQY93"	"TP2FUA"	2020-04-29	2020-05-06	2020-05-03	"Dry_Forest"	-20.06763	44.65485
"P27360_1336"	"SQ1LQI"	"T4ZF4M"	2020-05-27	2020-06-03	2020-05-31	"Dry_Forest"	-22.53959	45.37872
"P27360_1337"	"SFCMYY"	"TNQVM4"	2019-10-16	2019-10-23	2019-10-20	"Rainforest"	-15.67889	49.95685
"P27360_1338"	"SFQSX3"	"TZJWN3"	2020-02-12	2020-02-19	2020-02-16	"Rainforest"	-17.9201	49.20044
"P27360_1339"	"SXSQND"	"T9VS8I"	2020-02-12	2020-02-19	2020-02-16	"Rainforest"	-15.67664	49.95653
"P27360_1340"	"SZEH2H"	"TAVVN5"	2019-08-28	2019-09-04	2019-09-01	"Rainforest"	-12.515596	49.180805
"P27360_1341"	"SJDUUK"	"TDY8SA"	2020-01-08	2020-01-15	2020-01-12	"Montane_Rainforest"	-18.41335	47.94285
"P27360_1342"	"SJV8RB"	"TNKTYG"	2020-02-12	2020-02-19	2020-02-16	"Rainforest"	-12.514783	49.181247
"P27360_1344"	"SBUV7H"	"T4ZF4M"	2020-02-05	2020-02-19	2020-02-12	"Dry_Forest"	-22.53959	45.37872
"P27360_1345"	"SAAY2I"	"TNQVM4"	2019-10-09	2019-10-16	2019-10-13	"Rainforest"	-15.67889	49.95685
"P27360_1346"	"SDRN3I"	"T6UDMB"	2020-02-12	2020-02-19	2020-02-16	"Dry_Forest"	-22.82777778	43.51916667
"P27360_1347"	"SETPBN"	"TGRG5T"	2019-11-13	2019-11-20	2019-11-17	"Rainforest"	-24.76388889	46.86111111
"P27360_1348"	"S1BK1C"	"TDY8SA"	2020-04-08	2020-04-15	2020-04-12	"Montane_Rainforest"	-18.41335	47.94285
"P27360_1349"	"SRCMWL"	"TAHDZD"	2020-06-03	2020-06-10	2020-06-07	"Rainforest"	-14.437	49.74282
"P27360_1350"	"SILBEJ"	"TR4LDL"	2020-04-01	2020-04-08	2020-04-05	"Dry_Forest"	-15.97018	45.71465
"P27360_1352"	"SWC7HI"	"TUAPDE"	2019-09-11	2019-09-18	2019-09-15	"Rainforest"	-12.517164	49.179873
"P27360_1353"	"SQ8MHX"	"TULADB"	2020-04-08	2020-04-15	2020-04-12	"Rainforest"	-24.585	47.13583333
"P27360_1354"	"SJGBZZ"	"T9VS8I"	2019-12-18	2019-12-25	2019-12-22	"Rainforest"	-15.67664	49.95653
"P27360_1355"	"SV8XIM"	"TAVVN5"	2019-10-16	2019-10-23	2019-10-20	"Rainforest"	-12.515596	49.180805
"P27360_1356"	"SNV3BR"	"TKRH5P"	2019-08-28	2019-09-04	2019-09-01	"Dry_Forest"	-16.46848	45.41309
"P27360_1357"	"SL7C8D"	"TRA8W1"	2020-05-27	2020-06-03	2020-05-31	"Rainforest"	-14.43606	49.75736
"P27360_1358"	"SY6SSU"	"TDY8SA"	2020-05-06	2020-05-13	2020-05-10	"Montane_Rainforest"	-18.41335	47.94285
"P27360_1359"	"SACH3N"	"THGFVB"	2019-11-13	2019-11-20	2019-11-17	"Rainforest"	-23.18722222	47.71861111
"P27360_1361"	"SZYWIQ"	"TUAPDE"	2020-03-25	2020-04-01	2020-03-29	"Rainforest"	-12.517164	49.179873
"P27360_1362"	"S1ZRRB"	"TQCQRI"	2019-12-18	2019-12-25	2019-12-22	"Dry_Forest"	-16.32714	46.82259
"P27360_1363"	"SQZHFP"	"TDY8SA"	2019-12-11	2019-12-18	2019-12-15	"Montane_Rainforest"	-18.41335	47.94285
"P27360_1364"	"SRYTTE"	"TAVVN5"	2020-05-27	2020-06-03	2020-05-31	"Rainforest"	-12.515596	49.180805
"P27360_1365"	"SMBUPN"	"TAVVN5"	2020-04-29	2020-05-06	2020-05-03	"Rainforest"	-12.515596	49.180805
"P27360_1366"	"SEBUH2"	"TXS3QU"	2019-12-12	2019-12-18	2019-12-15	"Rainforest"	-14.44021	49.77818
"P27360_1367"	"SDET8D"	"T4ZF4M"	2019-12-11	2019-12-18	2019-12-15	"Dry_Forest"	-22.53959	45.37872
"P27360_1369"	"S36VXZ"	"TQCQRI"	2020-01-29	2020-02-05	2020-02-02	"Dry_Forest"	-16.32714	46.82259
"P27360_1370"	"SJATPH"	"TTFJBN"	2020-03-04	2020-03-11	2020-03-08	"Rainforest"	-18.96579	48.46074
"P27360_1371"	"SPBF7G"	"TNQVM4"	2019-08-14	2019-08-21	2019-08-18	"Rainforest"	-15.67889	49.95685
"P27360_1372"	"S5NGEI"	"TAVVN5"	2020-06-24	2020-07-01	2020-06-28	"Rainforest"	-12.515596	49.180805
"P27360_1373"	"SVNFET"	"TTFJBN"	2020-07-22	2020-07-29	2020-07-26	"Rainforest"	-18.96579	48.46074
"P27360_1374"	"SLX95Z"	"TNKTYG"	2020-07-29	2020-08-05	2020-08-02	"Rainforest"	-12.514783	49.181247
"P27360_1375"	"S3EXK2"	"TE8SYJ"	2020-01-15	2020-01-22	2020-01-19	"Dry_Forest"	-24.02532	43.73899
"P27360_1377"	"SB2YKK"	"TULADB"	2019-11-13	2019-11-21	2019-11-17	"Rainforest"	-24.585	47.13583333
"P27360_1378"	"SRQWUP"	"TG1QMA"	2019-09-18	2019-09-25	2019-09-22	"Dry_Forest"	-20.06509	44.65473
"P27360_1379"	"SQ9SXP"	"TIYMCS"	2020-01-01	2020-01-08	2020-01-05	"Dry_Forest"	-22.88694444	44.69277778
"P27360_1380"	"SH66ZA"	"TP2FUA"	2019-11-20	2019-11-28	2019-11-24	"Dry_Forest"	-20.06763	44.65485
"P27360_1381"	"SSVJTW"	"THGFVB"	2020-05-06	2020-05-13	2020-05-10	"Rainforest"	-23.18722222	47.71861111
"P27360_1382"	"SQQP2C"	"TP2FUA"	2019-09-18	2019-09-25	2019-09-22	"Dry_Forest"	-20.06763	44.65485
"P27360_1383"	"SUQY8N"	"T3JY78"	2019-10-16	2019-10-23	2019-10-20	"Dry_Forest"	-24.02663	43.740925
"P27360_1673"	"SHCETG"	"TB43DA"	2020-07-15	2020-07-22	2020-07-19	"Rainforest"	-21.258128	47.422347
"P27360_1674"	"SK4ICL"	"TFWNLD"	2020-04-29	2020-05-06	2020-05-03	"Dry_Forest"	-16.32886	46.82082
"P27360_1675"	"SRGWMU"	"TRJZGH"	2020-07-29	2020-08-05	2020-08-02	"Rainforest"	-14.44448	49.73728
"P27360_1676"	"S1QI2L"	"TKDVTA"	2020-04-29	2020-05-06	2020-05-03	"Rainforest"	-24.5825	47.15027778
"P27360_1677"	"SJVSB3"	"TRGIDB"	2020-04-08	2020-04-15	2020-04-12	"Rainforest"	-16.31439	49.79369
"P27360_1678"	"SDE4KN"	"TUH8A4"	2020-02-26	2020-03-04	2020-03-01	"Dry_Forest"	-16.32425	46.82299
"P27360_1679"	"SRT4Q2"	"TUAPDE"	2020-01-29	2020-02-05	2020-02-02	"Rainforest"	-12.517164	49.179873
"P27360_1680"	"SJJLQW"	"TRGIDB"	2020-07-22	2020-07-29	2020-07-26	"Rainforest"	-16.31439	49.79369
"P27360_1681"	"SHN5EW"	"TAHDZD"	2020-07-29	2020-08-05	2020-08-02	"Rainforest"	-14.437	49.74282
"P27360_1682"	"SQDYXM"	"TUH8A4"	2020-07-22	2020-07-29	2020-07-26	"Dry_Forest"	-16.32425	46.82299
"P27360_1683"	"SSQ1W4"	"TB43DA"	2020-04-22	2020-04-29	2020-04-26	"Rainforest"	-21.258128	47.422347
"P27360_1684"	"SHRZT7"	"TPQKYN"	2019-08-28	2019-09-04	2019-09-01	"Rainforest"	-16.28466	48.81669
"P27360_1685"	"SBCKZH"	"TK4SS2"	2019-12-18	2019-12-25	2019-12-22	"Dry_Forest"	-19.14032	44.81435
"P27360_1686"	"STDFZZ"	"TB43DA"	2020-05-06	2020-05-13	2020-05-10	"Rainforest"	-21.258128	47.422347
"P27360_1687"	"SCWNGW"	"TR4LDL"	2019-12-04	2019-12-11	2019-12-08	"Dry_Forest"	-15.97018	45.71465
"P27360_1688"	"S4XIGY"	"TFBCWJ"	2020-05-27	2020-06-03	2020-05-31	"Rainforest"	-24.58194444	47.135
"P27360_1689"	"SWLDCC"	"TUH8A4"	2020-05-27	2020-06-03	2020-05-31	"Dry_Forest"	-16.32425	46.82299
"P27360_1690"	"SYRUUC"	"TFWNLD"	2020-07-29	2020-08-05	2020-08-02	"Dry_Forest"	-16.32886	46.82082
"P27360_1692"	"SGHLGD"	"TKDVTA"	2020-01-15	2020-01-22	2020-01-19	"Rainforest"	-24.5825	47.15027778
"P27360_1693"	"SMQXLW"	"TPQKYN"	2020-03-11	2020-03-18	2020-03-15	"Rainforest"	-16.28466	48.81669
"P27360_1694"	"SMRG8N"	"TB43DA"	2020-05-27	2020-06-03	2020-05-31	"Rainforest"	-21.258128	47.422347
"P27360_1695"	"SRPMBJ"	"TQCQRI"	2019-11-13	2019-11-20	2019-11-17	"Dry_Forest"	-16.32714	46.82259
"P27360_1696"	"SX82ZK"	"TQCQRI"	2020-01-08	2020-01-15	2020-01-12	"Dry_Forest"	-16.32714	46.82259
"P27360_1697"	"SVDDEL"	"TFWNLD"	2020-06-24	2020-07-01	2020-06-28	"Dry_Forest"	-16.32886	46.82082
"P27360_1698"	"SLV8P7"	"TRA8W1"	2020-07-22	2020-07-29	2020-07-26	"Rainforest"	-14.43606	49.75736
"P27360_1700"	"SA8GZD"	"TUH8A4"	2019-12-11	2019-12-18	2019-12-15	"Dry_Forest"	-16.32425	46.82299
"P27360_1701"	"SKSKUM"	"TR4LDL"	2020-03-04	2020-03-11	2020-03-08	"Dry_Forest"	-15.97018	45.71465
"P27360_1702"	"SWVSIS"	"TB43DA"	2020-07-22	2020-07-29	2020-07-26	"Rainforest"	-21.258128	47.422347
"P27360_1703"	"S8XCBZ"	"TFBCWJ"	2020-01-30	2020-02-05	2020-02-02	"Rainforest"	-24.58194444	47.135
"P27360_1704"	"SDTBI6"	"TFWNLD"	2020-01-15	2020-01-22	2020-01-19	"Dry_Forest"	-16.32886	46.82082
"P27360_1706"	"SWETGP"	"TFWNLD"	2020-06-03	2020-06-10	2020-06-07	"Dry_Forest"	-16.32886	46.82082
"P27360_1707"	"SC87QA"	"TFWNLD"	2019-12-04	2019-12-11	2019-12-08	"Dry_Forest"	-16.32886	46.82082
"P27360_1708"	"S8AIHM"	"TRGIDB"	2020-02-05	2020-02-12	2020-02-09	"Rainforest"	-16.31439	49.79369
"P27360_1709"	"SMTMRU"	"TQCQRI"	2020-02-12	2020-02-19	2020-02-16	"Dry_Forest"	-16.32714	46.82259
"P27360_1710"	"S4H9ZJ"	"TQCQRI"	2020-07-29	2020-08-05	2020-08-02	"Dry_Forest"	-16.32714	46.82259
"P27360_1711"	"SJGJ1A"	"TIYMCS"	2020-02-12	2020-02-19	2020-02-16	"Dry_Forest"	-22.88694444	44.69277778
"P27360_1712"	"SZDJCI"	"TFBCWJ"	2020-07-22	2020-07-29	2020-07-26	"Rainforest"	-24.58194444	47.135
"P27360_1714"	"S9WKUB"	"TFWNLD"	2020-07-01	2020-07-08	2020-07-05	"Dry_Forest"	-16.32886	46.82082
"P27360_1715"	"SU6CI9"	"TQCQRI"	2020-06-03	2020-06-10	2020-06-07	"Dry_Forest"	-16.32714	46.82259
"P27360_1716"	"SVM7KM"	"TXS3QU"	2019-10-24	2019-10-30	2019-10-27	"Rainforest"	-14.44021	49.77818
"P27360_1717"	"SWXPBP"	"TQCQRI"	2020-04-22	2020-04-29	2020-04-26	"Dry_Forest"	-16.32714	46.82259
"P27360_1718"	"S7JZAJ"	"TB43DA"	2020-04-29	2020-05-06	2020-05-03	"Rainforest"	-21.258128	47.422347
"P27360_1719"	"SUKBJV"	"TRGIDB"	2020-01-01	2020-01-08	2020-01-05	"Rainforest"	-16.31439	49.79369
"P27360_1720"	"SYV6A2"	"TULADB"	2019-08-28	2019-09-04	2019-09-01	"Rainforest"	-24.585	47.13583333
"P27360_1721"	"S2UMDJ"	"TUH8A4"	2020-03-04	2020-03-11	2020-03-08	"Dry_Forest"	-16.32425	46.82299
"P27360_1722"	"SLKDPD"	"TXS3QU"	2020-07-29	2020-08-05	2020-08-02	"Rainforest"	-14.44021	49.77818
"P27360_1723"	"SPHWIJ"	"T6UDMB"	2020-06-03	2020-06-10	2020-06-07	"Dry_Forest"	-22.82777778	43.51916667
"P27360_1724"	"SBPJV5"	"TUH8A4"	2020-02-12	2020-02-19	2020-02-16	"Dry_Forest"	-16.32425	46.82299
"P27360_1725"	"SIJ83F"	"TB43DA"	2020-06-17	2020-06-24	2020-06-21	"Rainforest"	-21.258128	47.422347
"P27360_1726"	"SWUZUG"	"TXS3QU"	2020-07-15	2020-07-22	2020-07-19	"Rainforest"	-14.44021	49.77818
"P27360_1727"	"SEPY23"	"TQKQRH"	2020-01-01	2020-01-08	2020-01-05	"Rainforest"	-15.68117	49.9577
"P27360_1728"	"SABDKV"	"TFBCWJ"	2020-05-06	2020-05-13	2020-05-10	"Rainforest"	-24.58194444	47.135
"P27360_1729"	"SCEQKK"	"TB43DA"	2020-06-03	2020-06-10	2020-06-07	"Rainforest"	-21.258128	47.422347
"P27360_1730"	"SZPUPX"	"TFWNLD"	2020-05-27	2020-06-03	2020-05-31	"Dry_Forest"	-16.32886	46.82082
"P27360_1731"	"S9JYJC"	"TKRH5P"	2020-02-26	2020-03-04	2020-03-01	"Dry_Forest"	-16.46848	45.41309
"P27360_1732"	"SCRCGF"	"TAHDZD"	2020-04-01	2020-04-08	2020-04-05	"Rainforest"	-14.437	49.74282
"P27360_1733"	"SM21Q2"	"TB43DA"	2020-05-20	2020-05-27	2020-05-24	"Rainforest"	-21.258128	47.422347
"P27360_1734"	"SVGACR"	"TFWNLD"	2020-04-22	2020-04-29	2020-04-26	"Dry_Forest"	-16.32886	46.82082
"P27360_1735"	"SBWKUM"	"TPSMAA"	2020-01-01	2020-01-08	2020-01-05	"Montane_Rainforest"	-18.196437	47.286287
"P27360_1736"	"SE7TVJ"	"TKDVTA"	2020-06-03	2020-06-10	2020-06-07	"Rainforest"	-24.5825	47.15027778
"P27360_1737"	"SZEZZH"	"TFWNLD"	2020-02-12	2020-02-19	2020-02-16	"Dry_Forest"	-16.32886	46.82082
"P27360_1738"	"SEJTRK"	"TRA8W1"	2020-07-29	2020-08-05	2020-08-02	"Rainforest"	-14.43606	49.75736
"P27360_1739"	"S86CIG"	"TKRH5P"	2020-05-27	2020-06-03	2020-05-31	"Dry_Forest"	-16.46848	45.41309
"P27360_1740"	"SXPP1K"	"TFWNLD"	2020-03-11	2020-03-18	2020-03-15	"Dry_Forest"	-16.32886	46.82082
"P27360_1741"	"SFFY9U"	"TB43DA"	2020-07-01	2020-07-08	2020-07-05	"Rainforest"	-21.258128	47.422347
"P27360_1743"	"SGCZGJ"	"TRA8W1"	2019-12-18	2019-12-25	2019-12-22	"Rainforest"	-14.43606	49.75736
"P27360_1745"	"S5VWDI"	"TUH8A4"	2020-06-03	2020-06-10	2020-06-07	"Dry_Forest"	-16.32425	46.82299
"P27360_1746"	"SAZGVE"	"TFWNLD"	2020-03-04	2020-03-11	2020-03-08	"Dry_Forest"	-16.32886	46.82082
"P27360_1747"	"SH2HDK"	"TRA8W1"	2020-07-01	2020-07-08	2020-07-05	"Rainforest"	-14.43606	49.75736
"P27360_1748"	"S9XSUB"	"TPSMAA"	2020-01-15	2020-01-22	2020-01-19	"Montane_Rainforest"	-18.196437	47.286287
"P27360_1749"	"SVAIDV"	"TQCQRI"	2020-04-01	2020-04-08	2020-04-05	"Dry_Forest"	-16.32714	46.82259
"P27360_1751"	"SST4HQ"	"TG1QMA"	2019-12-11	2019-12-19	2019-12-15	"Dry_Forest"	-20.06509	44.65473
"P27360_1753"	"S2B3LY"	"TFWNLD"	2020-03-25	2020-04-01	2020-03-29	"Dry_Forest"	-16.32886	46.82082
"P27360_1754"	"SHYNTF"	"TAHDZD"	2020-07-22	2020-07-29	2020-07-26	"Rainforest"	-14.437	49.74282
"P27360_1755"	"S5LZBY"	"TQCQRI"	2020-07-22	2020-07-29	2020-07-26	"Dry_Forest"	-16.32714	46.82259
"P27360_1756"	"S5W5YQ"	"TR4LDL"	2020-01-08	2020-01-15	2020-01-12	"Dry_Forest"	-15.97018	45.71465
"P27360_1757"	"SVIFIV"	"TQCQRI"	2020-06-17	2020-06-24	2020-06-21	"Dry_Forest"	-16.32714	46.82259
"P27360_1758"	"SECTYL"	"TNQVM4"	2020-07-15	2020-07-22	2020-07-19	"Rainforest"	-15.67889	49.95685
"P27360_1759"	"S6SXHB"	"TP2FUA"	2020-02-12	2020-02-19	2020-02-16	"Dry_Forest"	-20.06763	44.65485
"P27360_1761"	"SHLDWY"	"TQCQRI"	2020-03-25	2020-04-01	2020-03-29	"Dry_Forest"	-16.32714	46.82259
"P27360_1762"	"S18JEE"	"TUH8A4"	2020-03-25	2020-04-01	2020-03-29	"Dry_Forest"	-16.32425	46.82299
"P27360_1763"	"SJV4JE"	"TQKQRH"	2019-12-18	2019-12-25	2019-12-22	"Rainforest"	-15.68117	49.9577
"P27360_1764"	"SY4PBP"	"TRKQU5"	2020-01-15	2020-01-22	2020-01-19	"Dry_Forest"	-12.96002	49.120911
"P27360_1765"	"SQNHVV"	"TUH8A4"	2020-07-15	2020-07-22	2020-07-19	"Dry_Forest"	-16.32425	46.82299
"P27360_1766"	"SNFRCV"	"TQKQRH"	2020-02-26	2020-03-04	2020-03-01	"Rainforest"	-15.68117	49.9577
"P27360_1767"	"SYPVCA"	"TPQKYN"	2020-01-08	2020-01-15	2020-01-12	"Rainforest"	-16.28466	48.81669
"P27361_1289"	"SB224H"	"TN1QSL"	2019-10-23	2019-10-30	2019-10-27	"Dry_Forest"	-16.06344	45.26049
"P27361_1290"	"S8A3MC"	"TTFJBN"	2020-02-12	2020-02-19	2020-02-16	"Rainforest"	-18.96579	48.46074
"P27361_1291"	"SM9QDV"	"TNQVM4"	2020-03-25	2020-04-01	2020-03-29	"Rainforest"	-15.67889	49.95685
"P27361_1292"	"SGPTK1"	"TNKTYG"	2020-07-01	2020-07-08	2020-07-05	"Rainforest"	-12.514783	49.181247
"P27361_1293"	"S6L2BB"	"TKRH5P"	2019-12-11	2019-12-18	2019-12-15	"Dry_Forest"	-16.46848	45.41309
"P27361_1295"	"STHPQ2"	"TIYMCS"	2020-07-01	2020-07-08	2020-07-05	"Dry_Forest"	-22.88694444	44.69277778
"P27361_1296"	"SDRPGU"	"TKDVTA"	2020-07-22	2020-07-29	2020-07-26	"Rainforest"	-24.5825	47.15027778
"P27361_1297"	"SKFWX9"	"TIYMCS"	2019-08-21	2019-08-28	2019-08-25	"Dry_Forest"	-22.88694444	44.69277778
"P27361_1298"	"SEATGI"	"TTFJBN"	2019-11-20	2019-11-27	2019-11-24	"Rainforest"	-18.96579	48.46074
"P27361_1299"	"SFMPXE"	"TRJZGH"	2019-08-28	2019-09-04	2019-09-01	"Rainforest"	-14.44448	49.73728
"P27361_1300"	"SVISGM"	"TK1MIJ"	2019-09-18	2019-09-25	2019-09-22	"Dry_Forest"	-13.14696	49.70374
"P27361_1301"	"SEH3W9"	"TRJZGH"	2020-03-04	2020-03-11	2020-03-08	"Rainforest"	-14.44448	49.73728
"P27361_1303"	"SWVEEP"	"TW51Z9"	2020-05-06	2020-05-13	2020-05-10	"Dry_Forest"	-12.278013	49.381504
"P27361_1304"	"SVVFIL"	"TPQKYN"	2020-06-24	2020-07-01	2020-06-28	"Rainforest"	-16.28466	48.81669
"P27361_1305"	"SU8AA8"	"TR4LDL"	2020-07-22	2020-07-29	2020-07-26	"Dry_Forest"	-15.97018	45.71465
"P27361_1306"	"S7L1GK"	"TW51Z9"	2020-03-11	2020-03-18	2020-03-15	"Dry_Forest"	-12.278013	49.381504
"P27361_1308"	"SRW5XG"	"TNQVM4"	2019-09-18	2019-09-25	2019-09-22	"Rainforest"	-15.67889	49.95685
"P27361_1309"	"SYYLVH"	"TIYMCS"	2020-07-29	2020-08-05	2020-08-02	"Dry_Forest"	-22.88694444	44.69277778
"P27361_1310"	"SYY3ZS"	"TPSMAA"	2019-09-18	2019-10-02	2019-09-25	"Montane_Rainforest"	-18.196437	47.286287
"P27361_1311"	"SQ92F1"	"TIYMCS"	2020-04-01	2020-04-08	2020-04-05	"Dry_Forest"	-22.88694444	44.69277778
"P27361_1312"	"SIKWEG"	"TAHDZD"	2020-03-11	2020-03-18	2020-03-15	"Rainforest"	-14.437	49.74282
"P27361_1313"	"SMBLPJ"	"TULADB"	2019-12-19	2019-12-26	2019-12-23	"Rainforest"	-24.585	47.13583333
"P27361_1314"	"SNBVL5"	"TN1QSL"	2020-07-01	2020-07-08	2020-07-05	"Dry_Forest"	-16.06344	45.26049
"P27361_1315"	"SMEWYZ"	"TEYXBT"	2019-09-11	2019-09-18	2019-09-15	"Rainforest"	-18.96439	48.45811
"P27361_1316"	"S9PS85"	"TNQVM4"	2019-12-11	2019-12-18	2019-12-15	"Rainforest"	-15.67889	49.95685
"P27361_1317"	"STZUMX"	"TIYMCS"	2020-07-22	2020-07-29	2020-07-26	"Dry_Forest"	-22.88694444	44.69277778
"P27361_1318"	"SB1AAG"	"TNKTYG"	2020-04-01	2020-04-08	2020-04-05	"Rainforest"	-12.514783	49.181247
"P27361_1319"	"SMMJ6H"	"T6UDMB"	2019-12-18	2019-12-25	2019-12-22	"Dry_Forest"	-22.82777778	43.51916667
"P27361_1320"	"SHJ9LF"	"TNQVM4"	2019-11-27	2019-12-11	2019-12-04	"Rainforest"	-15.67889	49.95685
"P27361_1321"	"SUAFZJ"	"TPSMAA"	2019-08-21	2019-08-28	2019-08-25	"Montane_Rainforest"	-18.196437	47.286287
"P27361_1322"	"SMFQ1E"	"TUH8A4"	2019-09-18	2019-09-25	2019-09-22	"Dry_Forest"	-16.32425	46.82299
"P27361_1323"	"SQGVGQ"	"TNQVM4"	2020-04-22	2020-04-29	2020-04-26	"Rainforest"	-15.67889	49.95685
"P27361_1324"	"SL1GLJ"	"TW51Z9"	2019-10-09	2019-10-16	2019-10-13	"Dry_Forest"	-12.278013	49.381504
"P27361_1325"	"SGRB25"	"TAVVN5"	2019-11-20	2019-11-27	2019-11-24	"Rainforest"	-12.515596	49.180805
"P27361_1326"	"S29H5N"	"TE8SYJ"	2020-03-04	2020-03-11	2020-03-08	"Dry_Forest"	-24.02532	43.73899
"P27361_1327"	"SFSKJA"	"TULADB"	2019-09-25	2019-10-02	2019-09-29	"Rainforest"	-24.585	47.13583333
"P27361_1328"	"SBHMBG"	"THI5PX"	2019-10-23	2019-10-30	2019-10-27	"Dry_Forest"	-12.682717	49.545424
"P27361_1329"	"SJH2XV"	"TG1QMA"	2020-01-08	2020-01-15	2020-01-12	"Dry_Forest"	-20.06509	44.65473
"P27361_1330"	"S4RQ5G"	"TGRG5T"	2020-05-27	2020-06-03	2020-05-31	"Rainforest"	-24.76388889	46.86111111
"P27361_1331"	"SGWN5K"	"THGFVB"	2019-08-28	2019-09-04	2019-09-01	"Rainforest"	-23.18722222	47.71861111
"P27361_1332"	"SXVBX4"	"TW51Z9"	2020-06-17	2020-06-24	2020-06-21	"Dry_Forest"	-12.278013	49.381504
"P27361_1333"	"SHEKSP"	"TNKTYG"	2020-07-22	2020-07-29	2020-07-26	"Rainforest"	-12.514783	49.181247
"P27361_1334"	"SGCPMQ"	"TG1QMA"	2020-04-29	2020-05-06	2020-05-03	"Dry_Forest"	-20.06509	44.65473
"P27361_1335"	"SEJW55"	"TUAPDE"	2019-08-28	2019-09-04	2019-09-01	"Rainforest"	-12.517164	49.179873
"P27361_1336"	"S4FBWQ"	"TB43DA"	2020-01-29	2020-02-05	2020-02-02	"Rainforest"	-21.258128	47.422347
"P27361_1337"	"SH3LIM"	"TIYMCS"	2019-12-11	2019-12-18	2019-12-15	"Dry_Forest"	-22.88694444	44.69277778
"P27361_1339"	"SUXP3L"	"TUP4R5"	2019-12-11	2019-12-18	2019-12-15	"Dry_Forest"	-24.02303	43.7859
"P27361_1340"	"SB9EZM"	"TQCQRI"	2019-10-09	2019-10-16	2019-10-13	"Dry_Forest"	-16.32714	46.82259
"P27361_1341"	"S1XI8B"	"TAVVN5"	2019-09-18	2019-09-25	2019-09-22	"Rainforest"	-12.515596	49.180805
"P27361_1342"	"SMZNLS"	"TUAPDE"	2020-06-24	2020-07-01	2020-06-28	"Rainforest"	-12.517164	49.179873
"P27361_1343"	"SPKFRK"	"TRA8W1"	2019-12-11	2019-12-18	2019-12-15	"Rainforest"	-14.43606	49.75736
"P27361_1344"	"SQBBI5"	"TUAPDE"	2020-06-17	2020-06-24	2020-06-21	"Rainforest"	-12.517164	49.179873
"P27361_1345"	"SSZQ5B"	"TPSMAA"	2020-01-08	2020-01-15	2020-01-12	"Montane_Rainforest"	-18.196437	47.286287
"P27361_1347"	"S2JRP5"	"TNQVM4"	2020-06-17	2020-06-24	2020-06-21	"Rainforest"	-15.67889	49.95685
"P27361_1348"	"SRCWF9"	"TNKTYG"	2020-05-20	2020-05-27	2020-05-24	"Rainforest"	-12.514783	49.181247
"P27361_1349"	"SQ9QRP"	"TRKQU5"	2020-04-01	2020-04-08	2020-04-05	"Dry_Forest"	-12.96002	49.120911
"P27361_1350"	"SZZLXP"	"TAHDZD"	2020-02-12	2020-02-19	2020-02-16	"Rainforest"	-14.437	49.74282
"P27361_1351"	"SJR3D6"	"TP2FUA"	2019-10-16	2019-10-23	2019-10-20	"Dry_Forest"	-20.06763	44.65485
"P27361_1352"	"SNYVHG"	"T9VS8I"	2019-10-09	2019-10-16	2019-10-13	"Rainforest"	-15.67664	49.95653
"P27361_1353"	"SSXSSN"	"TEE8KA"	2020-06-03	2020-06-10	2020-06-07	"Rainforest"	-17.70517	49.45715
"P27361_1354"	"SV86CX"	"TNKTYG"	2019-10-09	2019-10-16	2019-10-13	"Rainforest"	-12.514783	49.181247
"P27361_1355"	"SXI2Q6"	"TIYMCS"	2020-06-03	2020-06-10	2020-06-07	"Dry_Forest"	-22.88694444	44.69277778
"P27361_1356"	"STALNJ"	"TRA8W1"	2020-04-01	2020-04-08	2020-04-05	"Rainforest"	-14.43606	49.75736
"P27361_1357"	"SDPEKV"	"TRKQU5"	2020-05-27	2020-06-03	2020-05-31	"Dry_Forest"	-12.96002	49.120911
"P27361_1358"	"SGRPGL"	"TUAPDE"	2019-09-25	2019-10-02	2019-09-29	"Rainforest"	-12.517164	49.179873
"P27361_1359"	"SASCML"	"T6UDMB"	2020-04-01	2020-04-08	2020-04-05	"Dry_Forest"	-22.82777778	43.51916667
"P27361_1361"	"SWFCF1"	"TTFJBN"	2019-12-18	2019-12-25	2019-12-22	"Rainforest"	-18.96579	48.46074
"P27361_1362"	"SBTIQ1"	"T9VS8I"	2020-01-01	2020-01-08	2020-01-05	"Rainforest"	-15.67664	49.95653
"P27361_1363"	"SPWNIM"	"TN1QSL"	2019-08-28	2019-09-04	2019-09-01	"Dry_Forest"	-16.06344	45.26049
"P27361_1364"	"SGLAFS"	"TIYMCS"	2019-10-23	2019-10-30	2019-10-27	"Dry_Forest"	-22.88694444	44.69277778
"P27361_1365"	"SCWM8J"	"TK1MIJ"	2019-08-28	2019-09-04	2019-09-01	"Dry_Forest"	-13.14696	49.70374
"P27361_1366"	"SKVVMN"	"TIYMCS"	2020-04-30	2020-05-06	2020-05-03	"Dry_Forest"	-22.88694444	44.69277778
"P27361_1367"	"SEV35N"	"TULADB"	2019-08-21	2019-08-28	2019-08-25	"Rainforest"	-24.585	47.13583333
"P27361_1369"	"SSMPQF"	"TTFJBN"	2019-11-13	2019-11-20	2019-11-17	"Rainforest"	-18.96579	48.46074
"P27361_1370"	"SKRRMP"	"TDY8SA"	2020-05-27	2020-06-03	2020-05-31	"Montane_Rainforest"	-18.41335	47.94285
"P27361_1371"	"SIWHQT"	"TGJ4FW"	2019-12-11	2019-12-19	2019-12-15	"Dry_Forest"	-20.06286	44.65663
"P27361_1372"	"SP8J2D"	"TAHDZD"	2019-12-11	2019-12-18	2019-12-15	"Rainforest"	-14.437	49.74282
"P27361_1373"	"SG2FJL"	"TDY8SA"	2019-10-16	2019-10-23	2019-10-20	"Montane_Rainforest"	-18.41335	47.94285
"P27361_1374"	"SKQBVP"	"TYBVPP"	2020-06-24	2020-07-08	2020-07-01	"Dry_Forest"	-23.655035	44.629599
"P27361_1375"	"SPII5Q"	"TUP4R5"	2020-03-04	2020-03-11	2020-03-08	"Dry_Forest"	-24.02303	43.7859
"P27361_1377"	"SVNKTB"	"TPSMAA"	2020-06-04	2020-06-11	2020-06-08	"Montane_Rainforest"	-18.196437	47.286287
"P27361_1378"	"SSFFYE"	"TNKTYG"	2020-07-15	2020-07-22	2020-07-19	"Rainforest"	-12.514783	49.181247
"P27361_1379"	"SDNXWH"	"TDKTHY"	2020-02-12	2020-02-19	2020-02-16	"Rainforest"	-18.96534	48.45539
"P27361_1380"	"SKZTUX"	"TG6SK4"	2020-04-29	2020-05-06	2020-05-03	"Rainforest"	-13.40849	48.30587
"P27361_1381"	"STZNH8"	"TAVVN5"	2020-07-29	2020-08-05	2020-08-02	"Rainforest"	-12.515596	49.180805
"P27361_1382"	"SZMBJK"	"T6UDMB"	2020-06-24	2020-07-01	2020-06-28	"Dry_Forest"	-22.82777778	43.51916667
"P27361_1383"	"SSZ9XG"	"T6UDMB"	2019-12-11	2019-12-18	2019-12-15	"Dry_Forest"	-22.82777778	43.51916667
