Clade;feed niche;microhabitat;TipLabel;gb_accn;Familycode;Subfamily;Tribe;Genus;Mergecode;Binarycode;Comment;Sample_code_combined;Species_epithet;Species;OldFamily;OldSubfamily;OldTribe;TentativeNewFamily;TentativeNewSubfamily;TentativeNewTribe;IN.OUT;AHE_genus;AHE_species;UCE_genus;UCE_species;gb_uid;gb_genus;gb_species;cds_info;cds_complement;cds_start;cds_end;cds_len;cds_codon_start;cds_transl_table;aln_query;aln_target;aln_pct_id;aln_len;aln_mis;aln_gaps;aln_q_start;aln_q_end;aln_t_start;aln_t_end;aln_evalue;aln_bits;aln_q_neg;aln_chalc_bc_start;aln_chalc_bc_end;aln_chalc_bc_cov;Comment
Agaonidae;phytophage;plants;AGAO_Agaoninae_Courtella_MERG00001_0101;JN103320.1;AGAO;Agaoninae;;Courtella;MERG00001;101;;MERG00001_0101;sp;Courtella sp;Agaonidae;Agaoninae;;;;;INGROUP;Courtella;sp;Courtella;hladikae;392283295;Courtella;armata;TRUE;FALSE;1;442;442;2;5;JN103320.1;JN292346.1;81.5;427;79;0;1;427;226;652;-1;0;FALSE;1;412;412;
Agaonidae;phytophage;plants;AGAO_Agaoninae_Elisabethiella_MERG00002_0101;JN103326.1;AGAO;Agaoninae;;Elisabethiella;MERG00002;101;;MERG00002_0101;sp;Elisabethiella sp;Agaonidae;Agaoninae;;;;;INGROUP;Elisabethiella;stueckenbergi;Elisabethiella;articulata;392283307;Elisabethiella;stuckenbergi;TRUE;FALSE;1;340;340;1;5;JN103326.1;JN292346.1;80.6;340;66;0;1;340;284;623;-1;0;FALSE;44;383;340;
Agaonidae;phytophage;plants;AGAO_Agaoninae_Pleistodontes_MERG00003_0101;PQ046826.1;AGAO;Agaoninae;;Pleistodontes;MERG00003;101;;MERG00003_0101;blandus;Pleistodontes blandus;Agaonidae;Agaoninae;;;;;INGROUP;Pleistodontes;blandus;Pleistodontes;blandus;2771815500;Pleistodontes;imperialis;TRUE;FALSE;1;466;466;1;5;PQ046826.1;JN292346.1;82.9;456;78;0;1;456;197;652;-1;0;FALSE;1;412;412;
Agaonidae;phytophage;plants;AGAO_Agaoninae_Waterstoniella_MERG00004_0101;MK543428.1;AGAO;Agaoninae;;Waterstoniella;MERG00004;101;;MERG00004_0101;sp;Waterstoniella sp;Agaonidae;Agaoninae;;;;;INGROUP;Waterstoniella;sp;Waterstoniella;nsp035;1608033490;Waterstoniella;sp;TRUE;FALSE;1;670;670;3;5;MK543428.1;JN292346.1;79.3;652;135;0;8;659;1;652;-1;0;FALSE;1;412;412;
Agaonidae;phytophage;plants;AGAO_Blastophaginae_Blastophaga_MERG00005_0101;GQ367895.1;AGAO;Blastophaginae;;Blastophaga;MERG00005;101;;MERG00005_0101;psenes;Blastophaga psenes;Agaonidae;Blastophaginae;;;;;INGROUP;Blastophaga;psenes;Blastophaga;psenes;283766679;Blastophaga;psenes;TRUE;FALSE;1;671;671;1;5;GQ367895.1;JN292346.1;77.9;652;144;0;12;663;1;652;-1;0;FALSE;1;412;412;
Agaonidae;phytophage;plants;AGAO_Kradibiinae_Ceratosolen_MERG00006_0101;JF816395.1;AGAO;Kradibiinae;;Ceratosolen;MERG00006;101;;MERG00006_0101;solmsi;Ceratosolen solmsi;Agaonidae;Kradibiinae;;;;;INGROUP;Ceratosolen;solmsi;Ceratosolen;solmsi;334191930;Ceratosolen;solmsi;TRUE;TRUE;2538;4062;1525;1;5;JF816395.1;JN292346.1;72.5;652;179;0;4021;3370;1;652;-1;0;TRUE;1;412;412;
Agaonidae;phytophage;plants;AGAO_Kradibiinae_Ceratosolen_MERG00007_0101;;AGAO;Kradibiinae;;Ceratosolen;MERG00007;101;;MERG00007_0101;sp;Ceratosolen sp;Agaonidae;Kradibiinae;;;;;INGROUP;Ceratosolen;sp;Ceratosolen;nsp045;NA;NA;NA;NA;NA;NA;NA;NA;NA;NA;NA;NA;NA;NA;NA;NA;NA;NA;NA;NA;NA;NA;NA;NA;NA;NA;
Agaonidae;phytophage;plants;AGAO_Tetrapusinae_Tetrapus_MERG00012_0101;GQ367942.1;AGAO;Tetrapusinae;;Tetrapus;MERG00012;101;;MERG00012_0101;sp;Tetrapus sp;Agaonidae;Tetrapusinae;;;;;INGROUP;Tetrapus;sp;Tetrapus;nsp018;283766772;Tetrapus;n.;TRUE;FALSE;1;670;670;1;5;GQ367942.1;JN292346.1;78.7;652;139;0;12;663;1;652;-1;0;FALSE;1;412;412;
Aphelinidae;phytophage-parasitoid;plants;APHE_Aphelininae_Aphelinini_Aphelinus_MERG00013_0101;PP480257.1;APHE;Aphelininae;Aphelinini;Aphelinus;MERG00013;101;;MERG00013_0101;abdominalis;Aphelinus abdominalis;Aphelinidae;Aphelininae;Aphelinini;;;;INGROUP;Aphelinus;abdominalis;Aphelinus;abdominalis;2698077189;Aphelinus;abdominalis;TRUE;FALSE;1;658;658;2;5;PP480257.1;JN292346.1;87.2;649;83;0;1;649;4;652;-1;0;FALSE;1;412;412;
Aphelinidae;phytophage-parasitoid;plants;APHE_Aphelininae_Aphelinini_Aphelinus_MERG00014_0101;CM037077.1;APHE;Aphelininae;Aphelinini;Aphelinus;MERG00014;101;;MERG00014_0101;sp;Aphelinus sp;Aphelinidae;Aphelininae;Aphelinini;;;;INGROUP;Aphelinus;atriplicis;Aphelinus;sp;2147714871;Aphelinus;atriplicis;FALSE;NA;NA;NA;NA;NA;NA;CM037077.1;JN292346.1;86.3;652;89;0;13897;14548;1;652;-1;0;FALSE;1;412;412;
Aphelinidae;phytophage-parasitoid;plants;APHE_Aphelininae_Aphelinini_Samariola_MERG00022_0101;;APHE;Aphelininae;Aphelinini;Samariola;MERG00022;101;;MERG00022_0101;sp;Samariola sp;Aphelinidae;Aphelininae;Aphelinini;;;;INGROUP;Samariola;sp;Samariola;sp;NA;NA;NA;NA;NA;NA;NA;NA;NA;NA;NA;NA;NA;NA;NA;NA;NA;NA;NA;NA;NA;NA;NA;NA;NA;NA;
Aphelinidae;phytophage-parasitoid;plants;APHE_Aphelininae_Aphytini_Aphytis_MERG00015_0101;JQ083669.1;APHE;Aphelininae;Aphytini;Aphytis;MERG00015;101;;MERG00015_0101;melinus;Aphytis melinus;Aphelinidae;Aphelininae;Aphytini;;;;INGROUP;Aphytis;melinus;Aphytis;melinus;407947853;Aphytis;melinus;TRUE;FALSE;1;699;699;1;5;JQ083669.1;JN292346.1;84.4;652;102;0;24;675;1;652;-1;0;FALSE;1;412;412;
Aphelinidae;phytophage-parasitoid;plants;APHE_Aphelininae_Aphytini_Centrodora_MERG00016_0101;;APHE;Aphelininae;Aphytini;Centrodora;MERG00016;101;;MERG00016_0101;sp;Centrodora sp;Aphelinidae;Aphelininae;Aphytini;;;;INGROUP;Centrodora;sp;Centrodora;sp;NA;NA;NA;NA;NA;NA;NA;NA;NA;NA;NA;NA;NA;NA;NA;NA;NA;NA;NA;NA;NA;NA;NA;NA;NA;NA;
Aphelinidae;phytophage-parasitoid;plants;APHE_Aphelininae_Aphytini_Centrodora_MERG00017_0101;;APHE;Aphelininae;Aphytini;Centrodora;MERG00017;101;;MERG00017_0101;sp;Centrodora sp;Aphelinidae;Aphelininae;Aphytini;;;;INGROUP;Centrodora;sp;Centrodora;amoena;NA;NA;NA;NA;NA;NA;NA;NA;NA;NA;NA;NA;NA;NA;NA;NA;NA;NA;NA;NA;NA;NA;NA;NA;NA;NA;
Aphelinidae;phytophage-parasitoid;plants;APHE_Aphelininae_Aphytini_Marietta_MERG00020_0101;MH456576.1;APHE;Aphelininae;Aphytini;Marietta;MERG00020;101;;MERG00020_0101;sp;Marietta sp;Aphelinidae;Aphelininae;Aphytini;;;;INGROUP;Marietta;sp;Marietta;sp;1607778955;Marietta;caridei;TRUE;FALSE;1;652;652;2;5;MH456576.1;JN292346.1;81.9;652;118;0;1;652;1;652;-1;0;FALSE;1;412;412;
Aphelinidae;phytophage-parasitoid;plants;APHE_Aphelininae_Aphytini_Marlattiella_MERG00021_0101;;APHE;Aphelininae;Aphytini;Marlattiella;MERG00021;101;;MERG00021_0101;sp;Marlattiella sp;Aphelinidae;Aphelininae;Aphytini;;;;INGROUP;Marlattiella;sp;Marlattiella;sp;NA;NA;NA;NA;NA;NA;NA;NA;NA;NA;NA;NA;NA;NA;NA;NA;NA;NA;NA;NA;NA;NA;NA;NA;NA;NA;
Aphelinidae;phytophage-parasitoid;plants;APHE_Aphelininae_Eutrichosomellini_Eutrichosomella_MERG00018_0101;;APHE;Aphelininae;Eutrichosomellini;Eutrichosomella;MERG00018;101;;MERG00018_0101;sp;Eutrichosomella sp;Aphelinidae;Aphelininae;Eutrichosomellini;;;;INGROUP;Eutrichosomella;sp;Eutrichosomella;sp;NA;NA;NA;NA;NA;NA;NA;NA;NA;NA;NA;NA;NA;NA;NA;NA;NA;NA;NA;NA;NA;NA;NA;NA;NA;NA;
Aphelinidae;phytophage-parasitoid;plants;APHE_Aphelininae_Eutrichosomellini_Eutrichosomella_MERG00019_0101;;APHE;Aphelininae;Eutrichosomellini;Eutrichosomella;MERG00019;101;;MERG00019_0101;sp;Eutrichosomella sp;Aphelinidae;Aphelininae;Eutrichosomellini;;;;INGROUP;Eutrichosomella;sp;Eutrichosomella;sp;NA;NA;NA;NA;NA;NA;NA;NA;NA;NA;NA;NA;NA;NA;NA;NA;NA;NA;NA;NA;NA;NA;NA;NA;NA;NA;
Aphelinidae;phytophage-parasitoid;plants;APHE_Aphelininae_Eutrichosomellini_Umairia_MERG00023_0101;;APHE;Aphelininae;Eutrichosomellini;Umairia;MERG00023;101;;MERG00023_0101;sp;Umairia sp;Aphelinidae;Aphelininae;Eutrichosomellini;;;;INGROUP;Umairia;sp;Umairia;sp;NA;NA;NA;NA;NA;NA;NA;NA;NA;NA;NA;NA;NA;NA;NA;NA;NA;NA;NA;NA;NA;NA;NA;NA;NA;NA;
Aphelinidae;phytophage-parasitoid;plants;APHE_Coccophaginae_Coccophagini_Coccophagus_MERG00033_0101_UCEonly;MG442507.1;APHE;Coccophaginae;Coccophagini;Coccophagus;MERG00033;101;UCEonly;MERG00033_0101;sp;Coccophagus sp;Aphelinidae;Coccophaginae;Coccophagini;;;;INGROUP;n.a.;n.a.;Coccophagus;scutellaris;1378738727;Coccophagus;scutellaris;TRUE;FALSE;1;486;486;1;5;MG442507.1;JN292346.1;81.3;486;91;0;1;486;140;625;-1;0;FALSE;1;385;385;
Aphelinidae;phytophage-parasitoid;plants;APHE_Coccophaginae_Coccophagini_Coccophagus_MERG00034_0101;GQ374676.1;APHE;Coccophaginae;Coccophagini;Coccophagus;MERG00034;101;;MERG00034_0101;sp;Coccophagus sp;Aphelinidae;Coccophaginae;Coccophagini;;;;INGROUP;Coccophagus;rusti;Coccophagus;sp;300390952;Coccophagus;rusti;FALSE;NA;NA;NA;NA;NA;NA;GQ374676.1;JN292346.1;82.3;645;114;0;1;645;8;652;-1;0;FALSE;1;412;412;
Aphelinidae;phytophage-parasitoid;plants;APHE_Coccophaginae_Coccophagini_Diaspiniphagus_MERG00035_0101;;APHE;Coccophaginae;Coccophagini;Diaspiniphagus;MERG00035;101;;MERG00035_0101;moeris;Diaspiniphagus moeris;Aphelinidae;Coccophaginae;Pteroptricini;;;;INGROUP;Diaspiniphagus;moeris;Diaspiniphagus;moeris;NA;NA;NA;NA;NA;NA;NA;NA;NA;NA;NA;NA;NA;NA;NA;NA;NA;NA;NA;NA;NA;NA;NA;NA;NA;NA;
Aphelinidae;phytophage-parasitoid;plants;APHE_Coccophaginae_Coccophagini_New_Genus_MERG00045_0101;;APHE;Coccophaginae;Coccophagini;Genus;MERG00045;101;;MERG00045_0101;sp;Genus sp;Aphelinidae;Coccophaginae;Coccophagini;;;;INGROUP;New Genus;sp;New Genus;sp;NA;NA;NA;NA;NA;NA;NA;NA;NA;NA;NA;NA;NA;NA;NA;NA;NA;NA;NA;NA;NA;NA;NA;NA;NA;NA;
Aphelinidae;phytophage-parasitoid;plants;APHE_Coccophaginae_Coccophagini_New_Genus_MERG00046_0101;;APHE;Coccophaginae;Coccophagini;Genus;MERG00046;101;;MERG00046_0101;sp;Genus sp;Aphelinidae;Coccophaginae;Coccophagini;;;;INGROUP;New Genus;sp;New Genus;sp;NA;NA;NA;NA;NA;NA;NA;NA;NA;NA;NA;NA;NA;NA;NA;NA;NA;NA;NA;NA;NA;NA;NA;NA;NA;NA;
Aphelinidae;phytophage-parasitoid;plants;APHE_Coccophaginae_Coccophagini_Prococcophagus_MERG00048_0101;;APHE;Coccophaginae;Coccophagini;Prococcophagus;MERG00048;101;;MERG00048_0101;sp;Prococcophagus sp;Aphelinidae;Coccophaginae;Coccophagini;;;;INGROUP;Prococcophagus;sp;Prococcophagus;sp;NA;NA;NA;NA;NA;NA;NA;NA;NA;NA;NA;NA;NA;NA;NA;NA;NA;NA;NA;NA;NA;NA;NA;NA;NA;NA;
Aphelinidae;phytophage-parasitoid;plants;APHE_Coccophaginae_Coccophagini_Prococcophagus_MERG00049_0101;;APHE;Coccophaginae;Coccophagini;Prococcophagus;MERG00049;101;;MERG00049_0101;sp;Prococcophagus sp;Aphelinidae;Coccophaginae;Coccophagini;;;;INGROUP;Prococcophagus;sp;Prococcophagus;sp;NA;NA;NA;NA;NA;NA;NA;NA;NA;NA;NA;NA;NA;NA;NA;NA;NA;NA;NA;NA;NA;NA;NA;NA;NA;NA;
Aphelinidae;phytophage-parasitoid;plants;APHE_Coccophaginae_Physcini_Coccobius_MERG00030_0101;GQ374675.1;APHE;Coccophaginae;Physcini;Coccobius;MERG00030;101;;MERG00030_0101;sp;Coccobius sp;Aphelinidae;Coccophaginae;Physcini;;;;INGROUP;Coccobius;fulvus;Coccobius;sp;300390950;Coccobius;fulvus;FALSE;NA;NA;NA;NA;NA;NA;GQ374675.1;JN292346.1;86.4;645;88;0;1;645;8;652;-1;0;FALSE;1;412;412;
Aphelinidae;phytophage-parasitoid;plants;APHE_Coccophaginae_Physcini_Coccobius_MERG00031_0101;;APHE;Coccophaginae;Physcini;Coccobius;MERG00031;101;;MERG00031_0101;sp;Coccobius sp;Aphelinidae;Coccophaginae;Physcini;;;;INGROUP;Coccobius;varicornis;Coccobius;sp1;NA;NA;NA;NA;NA;NA;NA;NA;NA;NA;NA;NA;NA;NA;NA;NA;NA;NA;NA;NA;NA;NA;NA;NA;NA;NA;
Aphelinidae;phytophage-parasitoid;plants;APHE_Coccophaginae_Pteroptricini_Coccophagoides_MERG00032_0101;;APHE;Coccophaginae;Pteroptricini;Coccophagoides;MERG00032;101;;MERG00032_0101;sp;Coccophagoides sp;Aphelinidae;Coccophaginae;Pteroptricini;;;;INGROUP;Coccophagoides;sp;Coccophagoides;sp;NA;NA;NA;NA;NA;NA;NA;NA;NA;NA;NA;NA;NA;NA;NA;NA;NA;NA;NA;NA;NA;NA;NA;NA;NA;NA;
Aphelinidae;phytophage-parasitoid;plants;APHE_Coccophaginae_Pteroptricini_Dirphys_MERG00037_0101;;APHE;Coccophaginae;Pteroptricini;Dirphys;MERG00037;101;;MERG00037_0101;sp;Dirphys sp;Aphelinidae;Coccophaginae;Pteroptricini;;;;INGROUP;Dirphys;sp;Dirphys;sp;NA;NA;NA;NA;NA;NA;NA;NA;NA;NA;NA;NA;NA;NA;NA;NA;NA;NA;NA;NA;NA;NA;NA;NA;NA;NA;
Aphelinidae;phytophage-parasitoid;plants;APHE_Coccophaginae_Pteroptricini_Encarsia_MERG00036_0101_AHEonly;;APHE;Coccophaginae;Pteroptricini;Encarsia;MERG00036;101;AHEonly;MERG00036_0101;sp;Encarsia sp;Aphelinidae;Coccophaginae;Pteroptricini;;;;INGROUP;Dirphys;sp;n.a.;n.a.;NA;NA;NA;NA;NA;NA;NA;NA;NA;NA;NA;NA;NA;NA;NA;NA;NA;NA;NA;NA;NA;NA;NA;NA;NA;NA;
Aphelinidae;phytophage-parasitoid;plants;APHE_Coccophaginae_Pteroptricini_Encarsia_MERG00038_0101;MH456482.1;APHE;Coccophaginae;Pteroptricini;Encarsia;MERG00038;101;;MERG00038_0101;sp;Encarsia sp;Aphelinidae;Coccophaginae;Pteroptricini;;;;INGROUP;Encarsia;citrina?;Encarsia;citrina;1607778767;Encarsia;citrina;TRUE;FALSE;1;652;652;2;5;MH456482.1;JN292346.1;82.8;652;112;0;1;652;1;652;-1;0;FALSE;1;412;412;
Aphelinidae;phytophage-parasitoid;plants;APHE_Coccophaginae_Pteroptricini_Encarsia_MERG00039_0101;MG813797.1;APHE;Coccophaginae;Pteroptricini;Encarsia;MERG00039;101;;MERG00039_0101;formosa;Encarsia formosa;Aphelinidae;Coccophaginae;Pteroptricini;;;;INGROUP;Encarsia;formosa;Encarsia;formosa;1485740442;Encarsia;formosa;TRUE;TRUE;5559;7106;1548;1;5;MG813797.1;JN292346.1;85.7;652;93;0;7053;6402;1;652;-1;0;TRUE;1;412;412;
Aphelinidae;phytophage-parasitoid;plants;APHE_Coccophaginae_Pteroptricini_Encarsia_MERG00040_0101;;APHE;Coccophaginae;Pteroptricini;Encarsia;MERG00040;101;;MERG00040_0101;sp;Encarsia sp;Aphelinidae;Coccophaginae;Pteroptricini;;;;INGROUP;Encarsia;noyesi;Encarsia;nr noyesi;NA;NA;NA;NA;NA;NA;NA;NA;NA;NA;NA;NA;NA;NA;NA;NA;NA;NA;NA;NA;NA;NA;NA;NA;NA;NA;
Aphelinidae;phytophage-parasitoid;plants;APHE_Coccophaginae_Pteroptricini_Encarsia_MERG00041_0101;KF055395.1;APHE;Coccophaginae;Pteroptricini;Encarsia;MERG00041;101;;MERG00041_0101;sp;Encarsia sp;Aphelinidae;Coccophaginae;Pteroptricini;;;;INGROUP;Encarsia;inaron;Encarsia;sp;633283353;Encarsia;inaron;TRUE;FALSE;1;641;641;1;5;KF055395.1;JN292346.1;83.7;618;101;0;1;618;35;652;-1;0;FALSE;1;412;412;
Aphelinidae;phytophage-parasitoid;plants;APHE_Coccophaginae_Pteroptricini_Encarsia_MERG00042_0101;;APHE;Coccophaginae;Pteroptricini;Encarsia;MERG00042;101;;MERG00042_0101;sp;Encarsia sp;Aphelinidae;Coccophaginae;Pteroptricini;;;;INGROUP;Encarsia;parvella group;Encarsia;nr parvella;NA;NA;NA;NA;NA;NA;NA;NA;NA;NA;NA;NA;NA;NA;NA;NA;NA;NA;NA;NA;NA;NA;NA;NA;NA;NA;
Aphelinidae;phytophage-parasitoid;plants;APHE_Coccophaginae_Pteroptricini_Encarsia_MERG00043_0101;;APHE;Coccophaginae;Pteroptricini;Encarsia;MERG00043;101;;MERG00043_0101;sp;Encarsia sp;Aphelinidae;Coccophaginae;Pteroptricini;;;;INGROUP;Encarsia;sp;Encarsia;sp;NA;NA;NA;NA;NA;NA;NA;NA;NA;NA;NA;NA;NA;NA;NA;NA;NA;NA;NA;NA;NA;NA;NA;NA;NA;NA;
Aphelinidae;phytophage-parasitoid;plants;APHE_Coccophaginae_Pteroptricini_Encarsia_MERG00044_0101_AHEonly;;APHE;Coccophaginae;Pteroptricini;Encarsia;MERG00044;101;AHEonly;MERG00044_0101;sp;Encarsia sp;Aphelinidae;Coccophaginae;Pteroptricini;;;;INGROUP;Encarsia;sp;n.a.;n.a.;NA;NA;NA;NA;NA;NA;NA;NA;NA;NA;NA;NA;NA;NA;NA;NA;NA;NA;NA;NA;NA;NA;NA;NA;NA;NA;
Aphelinidae;phytophage-parasitoid;plants;APHE_Coccophaginae_Pteroptricini_Encarsia_MERG00047_0101_AHEonly;;APHE;Coccophaginae;Pteroptricini;Encarsia;MERG00047;101;AHEonly;MERG00047_0101;sp;Encarsia sp;Aphelinidae;Coccophaginae;Pteroptricini;;;;INGROUP;Encarsia;quercicola;n.a.;n.a.;NA;NA;NA;NA;NA;NA;NA;NA;NA;NA;NA;NA;NA;NA;NA;NA;NA;NA;NA;NA;NA;NA;NA;NA;NA;NA;
Aphelinidae;phytophage-parasitoid;plants;APHE_Coccophaginae_Pteroptricini_Pteroptrix_MERG00050_0101;MH927266.1;APHE;Coccophaginae;Pteroptricini;Pteroptrix;MERG00050;101;;MERG00050_0101;sp;Pteroptrix sp;Aphelinidae;Coccophaginae;Pteroptricini;;;;INGROUP;Pteroptrix;sp;Pteroptrix;sp;1557927477;Pteroptrix;sp;TRUE;FALSE;1;475;475;3;5;MH927266.1;JN292346.1;85.5;475;69;0;1;475;147;621;-1;0;FALSE;1;381;381;
Aphelinidae;phytophage-parasitoid;plants;APHE_Eretmocerinae_Eretmocerus_MERG00051_0101;OR817929.1;APHE;Eretmocerinae;;Eretmocerus;MERG00051;101;;MERG00051_0101;eremicus;Eretmocerus eremicus;Aphelinidae;Eretmocerinae;;;;;INGROUP;Eretmocerus;eremicus;Eretmocerus;eremicus;2621109825;Eretmocerus;sp;TRUE;FALSE;1;753;753;1;5;OR817929.1;JN292346.1;79.8;652;132;0;93;744;1;652;-1;0;FALSE;1;412;412;
Asaphesinae;phytophage-parasitoid;plant;PTER_Asaphinae_Asaphes_MERG00226_0101;OK345451.1;PTER;Asaphinae;;Asaphes;MERG00226;101;;MERG00226_0101;vulgaris;Asaphes vulgaris;Pteromalidae;Asaphesinae;;Asaphesinae_i_s;Asaphesinae;;INGROUP;Asaphes;vulgaris;Asaphes;vulgaris;2311582933;Asaphes;vulgaris;TRUE;FALSE;1;652;652;2;5;OK345451.1;JN292346.1;86.2;652;90;0;1;652;1;652;-1;0;FALSE;1;412;412;
Azotidae-Signiphoridae;phytophage-parasitoid;plants;AZOT_Ablerus_MERG00052_0101;PQ349850.1;AZOT;;;Ablerus;MERG00052;101;;MERG00052_0101;sp;Ablerus sp;Azotidae;;;;;;INGROUP;Ablerus;sp;Ablerus;sp;2806615841;Ablerus;sp;TRUE;FALSE;1;652;652;2;5;PQ349850.1;JN292346.1;80.4;652;128;0;1;652;1;652;-1;0;FALSE;1;412;412;
Azotidae-Signiphoridae;phytophage-parasitoid;plants;AZOT_Ablerus_MERG00053_0101;;AZOT;;;Ablerus;MERG00053;101;;MERG00053_0101;sp;Ablerus sp;Azotidae;;;;;;INGROUP;Ablerus;sp;Ablerus;sp;NA;NA;NA;NA;NA;NA;NA;NA;NA;NA;NA;NA;NA;NA;NA;NA;NA;NA;NA;NA;NA;NA;NA;NA;NA;NA;
Azotidae-Signiphoridae;phytophage-parasitoid;plants;AZOT_Ablerus_MERG00054_0101;;AZOT;;;Ablerus;MERG00054;101;;MERG00054_0101;sp;Ablerus sp;Azotidae;;;;;;INGROUP;Ablerus;sp;Ablerus;sp;NA;NA;NA;NA;NA;NA;NA;NA;NA;NA;NA;NA;NA;NA;NA;NA;NA;NA;NA;NA;NA;NA;NA;NA;NA;NA;
Azotidae-Signiphoridae;phytophage-parasitoid;plants;SIGN_affClytina_MERG00357_0101;;SIGN;;;affClytina;MERG00357;101;;MERG00357_0101;sp;affClytina sp;Signiphoridae;;;;;;INGROUP;Clytina2;sp;Clytina2;sp;NA;NA;NA;NA;NA;NA;NA;NA;NA;NA;NA;NA;NA;NA;NA;NA;NA;NA;NA;NA;NA;NA;NA;NA;NA;NA;
Azotidae-Signiphoridae;phytophage-parasitoid;plants;SIGN_Chartocerus_MERG00355_0101;MH407238.1;SIGN;;;Chartocerus;MERG00355;101;;MERG00355_0101;sp;Chartocerus sp;Signiphoridae;;;;;;INGROUP;Chartocerus;sp;Chartocerus;subaeneus;1680395712;Chartocerus;sp;TRUE;FALSE;1;652;652;2;5;MH407238.1;JN292346.1;81.4;652;121;0;1;652;1;652;-1;0;FALSE;1;412;412;
Azotidae-Signiphoridae;phytophage-parasitoid;plants;SIGN_Clytina_MERG00356_0101;;SIGN;;;Clytina;MERG00356;101;;MERG00356_0101;giraudi;Clytina giraudi;Signiphoridae;;;;;;INGROUP;Clytina;giraudi;Clytina;giraudi;NA;NA;NA;NA;NA;NA;NA;NA;NA;NA;NA;NA;NA;NA;NA;NA;NA;NA;NA;NA;NA;NA;NA;NA;NA;NA;
Azotidae-Signiphoridae;phytophage-parasitoid;plants;SIGN_Signiphora_MERG00358_0101;MH456540.1;SIGN;;;Signiphora;MERG00358;101;;MERG00358_0101;sp;Signiphora sp;Signiphoridae;;;;;;INGROUP;Signiphora;sp;Signiphora;sp;1607778883;Signiphora;flavella;TRUE;FALSE;1;652;652;2;5;MH456540.1;JN292346.1;81.3;652;122;0;1;652;1;652;-1;0;FALSE;1;412;412;
Azotidae-Signiphoridae;phytophage-parasitoid;plants;SIGN_Signiphora_MERG00359_0101;;SIGN;;;Signiphora;MERG00359;101;;MERG00359_0101;sp;Signiphora sp;Signiphoridae;;;;;;INGROUP;Signiphora;sp;Signiphora;sp;NA;NA;NA;NA;NA;NA;NA;NA;NA;NA;NA;NA;NA;NA;NA;NA;NA;NA;NA;NA;NA;NA;NA;NA;NA;NA;
Azotidae-Signiphoridae;phytophage-parasitoid;plants;SIGN_Thysanus_MERG00360_0101;;SIGN;;;Thysanus;MERG00360;101;;MERG00360_0101;sp;Thysanus sp;Signiphoridae;;;;;;INGROUP;Thysanus;sp;Thysanus;sp;NA;NA;NA;NA;NA;NA;NA;NA;NA;NA;NA;NA;NA;NA;NA;NA;NA;NA;NA;NA;NA;NA;NA;NA;NA;NA;
Baeomorphidae;phytophage-parasitoid?;plants;BAEO_Chiloe_MERG00353_0101;GQ374672.1;BAEO;;;Chiloe;MERG00353;101;;MERG00353_0101;micropteron;Chiloe micropteron;Rotoitidae;;;Baeomorphidae;;;INGROUP;Chiloe;micropteron;Chiloe;micropteron;300390944;Chiloe;micropteron;FALSE;NA;NA;NA;NA;NA;NA;GQ374672.1;JN292346.1;82.5;645;113;0;1;645;8;652;-1;0;FALSE;1;412;412;
Baeomorphidae;phytophage-parasitoid?;plants;BAEO_Rotoita_MERG00354_0101;;BAEO;;;Rotoita;MERG00354;101;;MERG00354_0101;sp;Rotoita sp;Rotoitidae;;;Baeomorphidae;;;INGROUP;Rotoita;sp;Rotoita;basalis;NA;NA;NA;NA;NA;NA;NA;NA;NA;NA;NA;NA;NA;NA;NA;NA;NA;NA;NA;NA;NA;NA;NA;NA;NA;NA;
Boucekiidae;phytophage-parasitoid;wood?;PTER_Cleonyminae_Boucekiini_Boucekius_MERG00241_0101;;PTER;Cleonyminae;Boucekiini;Boucekius;MERG00241;101;;MERG00241_0101;sp;Boucekius sp;Pteromalidae;Cleonyminae;Boucekiini;Boucekiidae;;;INGROUP;Boucekius;sp;Boucekius;sp;NA;NA;NA;NA;NA;NA;NA;NA;NA;NA;NA;NA;NA;NA;NA;NA;NA;NA;NA;NA;NA;NA;NA;NA;NA;NA;
Calesidae;phytophage-parasitoid;plants;APHE_Calesinae_Cales_MERG00024_0101;;APHE;Calesinae;;Cales;MERG00024;101;;MERG00024_0101;sp;Cales sp;Aphelinidae;Calesinae;;Calesidae;;;INGROUP;Cales;noacki;Cales;curvigladius;NA;NA;NA;NA;NA;NA;NA;NA;NA;NA;NA;NA;NA;NA;NA;NA;NA;NA;NA;NA;NA;NA;NA;NA;NA;NA;
Calesidae;phytophage-parasitoid;plants;APHE_Calesinae_Cales_MERG00025_0101;;APHE;Calesinae;;Cales;MERG00025;101;;MERG00025_0101;sp;Cales sp;Aphelinidae;Calesinae;;Calesidae;;;INGROUP;Cales;brevisensillum;Cales;sp;NA;NA;NA;NA;NA;NA;NA;NA;NA;NA;NA;NA;NA;NA;NA;NA;NA;NA;NA;NA;NA;NA;NA;NA;NA;NA;
Calesidae;phytophage-parasitoid;plants;APHE_Calesinae_Cales_MERG00026_0101;;APHE;Calesinae;;Cales;MERG00026;101;;MERG00026_0101;sp;Cales sp;Aphelinidae;Calesinae;;Calesidae;;;INGROUP;Cales;noyesi;Cales;sp;NA;NA;NA;NA;NA;NA;NA;NA;NA;NA;NA;NA;NA;NA;NA;NA;NA;NA;NA;NA;NA;NA;NA;NA;NA;NA;
Calesidae;phytophage-parasitoid;plants;APHE_Calesinae_Cales_MERG00027_0101;;APHE;Calesinae;;Cales;MERG00027;101;;MERG00027_0101;sp;Cales sp;Aphelinidae;Calesinae;;Calesidae;;;INGROUP;Cales;longiseta;Cales;sp;NA;NA;NA;NA;NA;NA;NA;NA;NA;NA;NA;NA;NA;NA;NA;NA;NA;NA;NA;NA;NA;NA;NA;NA;NA;NA;
Calesidae;phytophage-parasitoid;plants;APHE_Calesinae_Cales_MERG00028_0101;;APHE;Calesinae;;Cales;MERG00028;101;;MERG00028_0101;sp;Cales sp;Aphelinidae;Calesinae;;Calesidae;;;INGROUP;Cales;sp;Cales;curvigladius;NA;NA;NA;NA;NA;NA;NA;NA;NA;NA;NA;NA;NA;NA;NA;NA;NA;NA;NA;NA;NA;NA;NA;NA;NA;NA;
Calesidae;phytophage-parasitoid;plants;APHE_Calesinae_Cales_MERG00029_0101_AHEonly;;APHE;Calesinae;;Cales;MERG00029;101;AHEonly;MERG00029_0101;sp;Cales sp;Aphelinidae;Calesinae;;Calesidae;;;INGROUP;Cales;berryi;n.a.;n.a.;NA;NA;NA;NA;NA;NA;NA;NA;NA;NA;NA;NA;NA;NA;NA;NA;NA;NA;NA;NA;NA;NA;NA;NA;NA;NA;
Ceidae;phytophage-parasitoid;plants;PTER_Ceinae_Bohpa_MERG00232_0101;;PTER;Ceinae;;Bohpa;MERG00232;101;;MERG00232_0101;sp;Bohpa sp;Pteromalidae;Ceinae;;Ceidae;;;INGROUP;Bohpa;maculata;Bohpa;sp;NA;NA;NA;NA;NA;NA;NA;NA;NA;NA;NA;NA;NA;NA;NA;NA;NA;NA;NA;NA;NA;NA;NA;NA;NA;NA;
Ceidae;phytophage-parasitoid;plants;PTER_Ceinae_Cea_MERG00233_0101;;PTER;Ceinae;;Cea;MERG00233;101;;MERG00233_0101;pulicaris;Cea pulicaris;Pteromalidae;Ceinae;;Ceidae;;;INGROUP;Cea;pulicaris;Cea;pulicaris;NA;NA;NA;NA;NA;NA;NA;NA;NA;NA;NA;NA;NA;NA;NA;NA;NA;NA;NA;NA;NA;NA;NA;NA;NA;NA;
Ceidae;phytophage-parasitoid;plants;PTER_Ceinae_Spalangiopelta_MERG00234_0101;;PTER;Ceinae;;Spalangiopelta;MERG00234;101;;MERG00234_0101;sp;Spalangiopelta sp;Pteromalidae;Ceinae;;Ceidae;;;INGROUP;Spalangiopelta;sp;Spalangiopelta;procera;NA;NA;NA;NA;NA;NA;NA;NA;NA;NA;NA;NA;NA;NA;NA;NA;NA;NA;NA;NA;NA;NA;NA;NA;NA;NA;
Ceidae;phytophage-parasitoid;plants;PTER_Ceinae_Spalangiopelta_MERG00235_0101;;PTER;Ceinae;;Spalangiopelta;MERG00235;101;;MERG00235_0101;sp;Spalangiopelta sp;Pteromalidae;Ceinae;;Ceidae;;;INGROUP;Spalangiopelta2;sp;Spalangiopelta2;sp;NA;NA;NA;NA;NA;NA;NA;NA;NA;NA;NA;NA;NA;NA;NA;NA;NA;NA;NA;NA;NA;NA;NA;NA;NA;NA;
Cerocephalidae;phytophage-parasitoid;wood;PTER_Cerocephalinae_Cerocephala_MERG00236_0101;MG100830.1;PTER;Cerocephalinae;;Cerocephala;MERG00236;101;;MERG00236_0101;sp;Cerocephala sp;Pteromalidae;Cerocephalinae;;Cerocephalidae;;;INGROUP;Cerocephala;sp;Cerocephala;rufa;1462318168;Cerocephala;sp;TRUE;FALSE;1;631;631;1;5;MG100830.1;JN292346.1;82.6;620;108;0;12;631;1;620;-1;0;FALSE;1;380;380;
Cerocephalidae;phytophage-parasitoid;wood;PTER_Cerocephalinae_Neocalosoter_MERG00237_0101;KP119775.1;PTER;Cerocephalinae;;Neocalosoter;MERG00237;101;;MERG00237_0101;sp;Neocalosoter sp;Pteromalidae;Cerocephalinae;;Cerocephalidae;;;INGROUP;Neocalosoter;sp;Neocalosoter;sp;803710644;Neocalosoter;pityophthori;TRUE;FALSE;1;652;652;2;5;KP119775.1;JN292346.1;82.2;652;116;0;1;652;1;652;-1;0;FALSE;1;412;412;
Cerocephalidae;phytophage-parasitoid;wood;PTER_Cerocephalinae_Theocolax_MERG00238_0101;KJ451419.1;PTER;Cerocephalinae;;Theocolax;MERG00238;101;;MERG00238_0101;elegans;Theocolax elegans;Pteromalidae;Cerocephalinae;;Cerocephalidae;;;INGROUP;Theocolax;elegans;Theocolax;elegans;614212801;Theocolax;elegans;TRUE;FALSE;1;603;603;2;5;KJ451419.1;JN292346.1;83.5;595;98;0;1;595;58;652;-1;0;FALSE;1;412;412;
Chalcedectidae;phytophage-parasitoid;wood;PTER_Cleonyminae_Chalcedectini_Chalcedectus_MERG00243_0101;MW982516.1;PTER;Cleonyminae;Chalcedectini;Chalcedectus;MERG00243;101;;MERG00243_0101;sp;Chalcedectus sp;Pteromalidae;Cleonyminae;Chalcedectini;Chalcedectidae;;;INGROUP;Chalcedectus;sp;Chalcedectus;maculicornis;2082146027;Chalcedectus;sp;TRUE;FALSE;1;417;417;1;5;MW982516.1;JN292346.1;81.8;417;76;0;1;417;233;649;-1;0;FALSE;1;409;409;
Chalcedectidae;phytophage-parasitoid;wood;PTER_Cleonyminae_Chalcedectini_Chalcedectus_MERG00244_0101;;PTER;Cleonyminae;Chalcedectini;Chalcedectus;MERG00244;101;;MERG00244_0101;sp;Chalcedectus sp;Pteromalidae;Cleonyminae;Chalcedectini;Chalcedectidae;;;INGROUP;Chalcedectus;sp;Chalcedectus;sp;NA;NA;NA;NA;NA;NA;NA;NA;NA;NA;NA;NA;NA;NA;NA;NA;NA;NA;NA;NA;NA;NA;NA;NA;NA;NA;
Chalcididae1;phytophage-parasitoid;wood;CHAL_Cratocentrinae_Acanthochalcis_MERG00055_0101;GQ374680.1;CHAL;Cratocentrinae;;Acanthochalcis;MERG00055;101;;MERG00055_0101;sp;Acanthochalcis sp;Chalcididae;Cratocentrinae;;;;;INGROUP;Acanthochalcis;sp;Acanthochalcis;nigricans;300390960;Acanthochalcis;nigricans;FALSE;NA;NA;NA;NA;NA;NA;GQ374680.1;JN292346.1;80.3;645;127;0;1;645;8;652;-1;0;FALSE;1;412;412;
Chalcididae1;phytophage-parasitoid;wood;CHAL_Cratocentrinae_Cratocentrus_MERG00061_0101;;CHAL;Cratocentrinae;;Cratocentrus;MERG00061;101;;MERG00061_0101;sp;Cratocentrus sp;Chalcididae;Cratocentrinae;;;;;INGROUP;Cratocentrus;pruinosus;Cratocentrus;sp;NA;NA;NA;NA;NA;NA;NA;NA;NA;NA;NA;NA;NA;NA;NA;NA;NA;NA;NA;NA;NA;NA;NA;NA;NA;NA;
Chalcididae2;phytophage-parasitoid;plants;CHAL_Brachymeriinae_Brachymeria_MERG00056_0101;KR805485.1;CHAL;Brachymeriinae;;Brachymeria;MERG00056;101;;MERG00056_0101;sp;Brachymeria sp;Chalcididae;Brachymeriinae;;;;;INGROUP;Brachymeria;minuta;Brachymeria;tegularis;1068007557;Brachymeria;tegularis;TRUE;FALSE;1;572;572;2;5;KR805485.1;JN292346.1;85.3;572;84;0;1;572;55;626;-1;0;FALSE;1;386;386;
Chalcididae2;phytophage-parasitoid;plants;CHAL_Brachymeriinae_Brachymeria_MERG00057_0101;PQ356924.1;CHAL;Brachymeriinae;;Brachymeria;MERG00057;101;;MERG00057_0101;sp;Brachymeria sp;Chalcididae;Brachymeriinae;;;;;INGROUP;Brachymeria;sp;Brachymeria;podagrica;2806897326;Brachymeria;podagrica;TRUE;FALSE;1;412;412;2;5;PQ356924.1;JN292346.1;80.1;412;82;0;1;412;241;652;-1;0;FALSE;1;412;412;
Chalcididae2;phytophage-parasitoid;plants;CHAL_Chalcidinae_Chalcidini_Chalcis_MERG00058_0101;;CHAL;Chalcidinae;Chalcidini;Chalcis;MERG00058;101;;MERG00058_0101;mirifex;Chalcis mirifex;Chalcididae;Chalcidinae;Chalcidini;;;;INGROUP;Chalcis;mirifex;Chalcis;mirifex;NA;NA;NA;NA;NA;NA;NA;NA;NA;NA;NA;NA;NA;NA;NA;NA;NA;NA;NA;NA;NA;NA;NA;NA;NA;NA;
Chalcididae2;phytophage-parasitoid;plants;CHAL_Chalcidinae_Chalcidini_Chalcis_MERG00059_0101;OX465100.1;CHAL;Chalcidinae;Chalcidini;Chalcis;MERG00059;101;;MERG00059_0101;sp;Chalcis sp;Chalcididae;Chalcidinae;Chalcidini;;;;INGROUP;Chalcis;sispes;Chalcis;barbara;2500155919;Chalcis;sispes;FALSE;NA;NA;NA;NA;NA;NA;OX465100.1;JN292346.1;81.4;652;121;0;164;815;1;652;-1;0;FALSE;1;412;412;
Chalcididae2;phytophage-parasitoid;plants;CHAL_Chalcidinae_Chalcidini_Conura_MERG00060_0101;MF908363.1;CHAL;Chalcidinae;Chalcidini;Conura;MERG00060;101;;MERG00060_0101;sp;Conura sp;Chalcididae;Chalcidinae;Chalcidini;;;;INGROUP;Conura;sp;Conura;nigrorufa;1402384423;Conura;albifrons;TRUE;FALSE;1;652;652;2;5;MF908363.1;JN292346.1;82.8;652;112;0;1;652;1;652;-1;0;FALSE;1;412;412;
Chalcididae2;phytophage-parasitoid;plants;CHAL_Chalcidinae_Chalcidini_Melanosmicra_MERG00062_0101;MK202139.1;CHAL;Chalcidinae;Chalcidini;Melanosmicra;MERG00062;101;;MERG00062_0101;sp;Melanosmicra sp;Chalcididae;Chalcidinae;Chalcidini;;;;INGROUP;Melanosmicra;sp;Melanosmicra;sp;1778521183;Melanosmicra;sp;TRUE;FALSE;1;621;621;1;5;MK202139.1;JN292346.1;82.3;621;110;0;1;621;32;652;-1;0;FALSE;1;412;412;
Chalcididae2;phytophage-parasitoid;soil??? (flies);CHAL_Dirhininae_Dirhinus_MERG00065_0101;PQ247124.1;CHAL;Dirhininae;;Dirhinus;MERG00065;101;;MERG00065_0101;sp;Dirhinus sp;Chalcididae;Dirhininae;;;;;INGROUP;Dirhinus;sp;Dirhinus;anthracia;2794397797;Dirhinus;sp;TRUE;FALSE;1;681;681;2;5;PQ247124.1;JN292346.1;82.7;652;113;0;13;664;1;652;-1;0;FALSE;1;412;412;
Chalcididae2;phytophage-parasitoid;plants;CHAL_Epitraninae_Epitranus_MERG00066_0101;PQ356923.1;CHAL;Epitraninae;;Epitranus;MERG00066;101;;MERG00066_0101;observator;Epitranus observator;Chalcididae;Epitraninae;;;;;INGROUP;Epitranus;observator;Epitranus;observator;2806897324;Epitranus;observator;TRUE;FALSE;1;412;412;2;5;PQ356923.1;JN292346.1;82;412;74;0;1;412;241;652;-1;0;FALSE;1;412;412;
Chalcididae2;phytophage-parasitoid;plants;CHAL_Epitraninae_Epitranus_MERG00067_0101;;CHAL;Epitraninae;;Epitranus;MERG00067;101;;MERG00067_0101;sp;Epitranus sp;Chalcididae;Epitraninae;;;;;INGROUP;Epitranus;sp;Epitranus;aff oxytelus;NA;NA;NA;NA;NA;NA;NA;NA;NA;NA;NA;NA;NA;NA;NA;NA;NA;NA;NA;NA;NA;NA;NA;NA;NA;NA;
Chalcididae2;phytophage-parasitoid;plants;CHAL_Haltichellinae_Haltichellini_Haltichella_MERG00068_0101;MZ615568.1;CHAL;Haltichellinae;Haltichellini;Haltichella;MERG00068;101;;MERG00068_0101;sp;Haltichella sp;Chalcididae;Haltichellinae;Haltichellini;;;;INGROUP;Haltichella;rufipes;Haltichella;ornaticornis;2172950264;Haltichella;nipponensis;TRUE;FALSE;1;1531;1531;1;5;MZ615568.1;JN292346.1;80.5;652;127;0;42;693;1;652;-1;0;FALSE;1;412;412;
Chalcididae2;phytophage-parasitoid;plants;CHAL_Haltichellinae_Haltichellini_Hockeria_MERG00069_0101;MT916738.1;CHAL;Haltichellinae;Haltichellini;Hockeria;MERG00069;101;;MERG00069_0101;sp;Hockeria sp;Chalcididae;Haltichellinae;Haltichellini;;;;INGROUP;Hockeria;sp;nrHockeria;sp;1895741979;Hockeria;sp;TRUE;FALSE;1;658;658;3;5;MT916738.1;JN292346.1;83;652;108;1;2;650;1;652;-1;0;FALSE;1;412;412;
Chalcididae2;phytophage-parasitoid;plants;CHAL_Haltichellinae_Haltichellini_Neochalcis_MERG00072_0101;;CHAL;Haltichellinae;Haltichellini;Neochalcis;MERG00072;101;;MERG00072_0101;hippotoides;Neochalcis hippotoides;Chalcididae;Haltichellinae;Haltichellini;;;;INGROUP;Neochalcis;hippotoides;Neochalcis;hippotoides;NA;NA;NA;NA;NA;NA;NA;NA;NA;NA;NA;NA;NA;NA;NA;NA;NA;NA;NA;NA;NA;NA;NA;NA;NA;NA;
Chalcididae2;phytophage-parasitoid;plants;CHAL_Haltichellinae_Hybothoracini_Invreia_MERG00070_0101;;CHAL;Haltichellinae;Hybothoracini;Invreia;MERG00070;101;;MERG00070_0101;subaenea;Invreia subaenea;Chalcididae;Haltichellinae;Hybothoracini;;;;INGROUP;Invreia;subaenea;Invreia;subaenea;NA;NA;NA;NA;NA;NA;NA;NA;NA;NA;NA;NA;NA;NA;NA;NA;NA;NA;NA;NA;NA;NA;NA;NA;NA;NA;
Chalcididae2;phytophage-parasitoid;plants;CHAL_Haltichellinae_Hybothoracini_Lasiochalcidia_MERG00071_0101;PQ356930.1;CHAL;Haltichellinae;Hybothoracini;Lasiochalcidia;MERG00071;101;;MERG00071_0101;dargelasii;Lasiochalcidia dargelasii;Chalcididae;Haltichellinae;Hybothoracini;;;;INGROUP;Lasiochalcidia;dargelasii;Lasiochalcidia;dargelasii;2806897338;Lasiochalcidia;pilosella;TRUE;FALSE;1;412;412;2;5;PQ356930.1;JN292346.1;82.5;412;72;0;1;412;241;652;-1;0;FALSE;1;412;412;
Chalcididae2;phytophage-parasitoid;plants;CHAL_Haltichellinae_Zavoyini_Zavoya_MERG00073_0101;;CHAL;Haltichellinae;Zavoyini;Zavoya;MERG00073;101;;MERG00073_0101;cooperi;Zavoya cooperi;Chalcididae;Haltichellinae;Zavoyini;;;;INGROUP;Zavoya;cooperi;Zavoya;cooperi;NA;NA;NA;NA;NA;NA;NA;NA;NA;NA;NA;NA;NA;NA;NA;NA;NA;NA;NA;NA;NA;NA;NA;NA;NA;NA;
Chalcididae2;phytophage-parasitoid;plants;CHAL_Phasgonophorinae_Phasgonophorini_Phasgonophora_MERG00064_0101;JF708281.1;CHAL;Phasgonophorinae;Phasgonophorini;Phasgonophora;MERG00064;101;;MERG00064_0101;sp;Phasgonophora sp;Chalcididae;Phasgonophorinae;Phasgonophorini;;;;INGROUP;Phasgonophora;sp;Phasgonophora;nishidai;342360010;Phasgonophora;sulcata;TRUE;FALSE;1;639;639;3;5;JF708281.1;JN292346.1;81.4;623;116;0;1;623;30;652;-1;0;FALSE;1;412;412;
Chalcididae2;phytophage-parasitoid;plants;CHAL_Phasgonophorinae_Stypiurini_Stypiura_MERG00063_0101;MK202020.1;CHAL;Phasgonophorinae;Stypiurini;Stypiura;MERG00063;101;;MERG00063_0101;sp;Stypiura sp;Chalcididae;Phasgonophorinae;Stypiurini;;;;INGROUP;Stypiura;sp;Stypiura;sp;1778520945;Stypiura;sp;TRUE;FALSE;1;465;465;2;5;MK202020.1;JN292346.1;81.3;465;87;0;1;465;151;615;-1;0;FALSE;1;375;375;
Chalcididae2;phytophage-parasitoid;plants;CHAL_Smicromorphinae_Smicromorpha_MERG00074_0101;;CHAL;Smicromorphinae;;Smicromorpha;MERG00074;101;;MERG00074_0101;doddi;Smicromorpha doddi;Chalcididae;Smicromorphinae;;;;;INGROUP;Smicromorpha;doddi;Smicromorpha;doddi;NA;NA;NA;NA;NA;NA;NA;NA;NA;NA;NA;NA;NA;NA;NA;NA;NA;NA;NA;NA;NA;NA;NA;NA;NA;NA;
Cleonymidae;phytophage-parasitoid;wood;PTER_Cleonyminae_Cleonymini_Callocleonymus_MERG00242_0101;;PTER;Cleonyminae;Cleonymini;Callocleonymus;MERG00242;101;;MERG00242_0101;sp;Callocleonymus sp;Pteromalidae;Cleonyminae;Cleonymini;Cleonymidae;;;INGROUP;Callocleonymus;sp;Callocleonymus;sp;NA;NA;NA;NA;NA;NA;NA;NA;NA;NA;NA;NA;NA;NA;NA;NA;NA;NA;NA;NA;NA;NA;NA;NA;NA;NA;
Cleonymidae;phytophage-parasitoid;wood;PTER_Cleonyminae_Cleonymini_Cleonymus_MERG00245_0101;OL538073.1;PTER;Cleonyminae;Cleonymini;Cleonymus;MERG00245;101;;MERG00245_0101;sp;Cleonymus sp;Pteromalidae;Cleonyminae;Cleonymini;Cleonymidae;;;INGROUP;Cleonymus;sp;Cleonymus;sp;2163269611;Cleonymus;obscurus;TRUE;FALSE;1;588;588;1;5;OL538073.1;JN292346.1;86.6;588;79;0;1;588;2;589;-1;0;FALSE;1;349;349;
Cleonymidae;phytophage-parasitoid;wood;PTER_Cleonyminae_Cleonymini_Notanisus_MERG00251_0101;;PTER;Cleonyminae;Cleonymini;Notanisus;MERG00251;101;;MERG00251_0101;sp;Notanisus sp;Pteromalidae;Cleonyminae;Cleonymini;Cleonymidae;;;INGROUP;Notanisus;sp;Notanisus;sp;NA;NA;NA;NA;NA;NA;NA;NA;NA;NA;NA;NA;NA;NA;NA;NA;NA;NA;NA;NA;NA;NA;NA;NA;NA;NA;
Cleonymidae;phytophage-parasitoid;wood;PTER_Cleonyminae_Cleonymini_Zolotarewskya_MERG00256_0101;;PTER;Cleonyminae;Cleonymini;Zolotarewskya;MERG00256;101;;MERG00256_0101;sp;Zolotarewskya sp;Pteromalidae;Cleonyminae;Cleonymini;Cleonymidae;;;INGROUP;Zolotarewskya;sp;Zolotarewskya;sp;NA;NA;NA;NA;NA;NA;NA;NA;NA;NA;NA;NA;NA;NA;NA;NA;NA;NA;NA;NA;NA;NA;NA;NA;NA;NA;
Coelocybidae;Phytophage-parasitoid?;plant;PTER_Coelocybinae_Coelocyba_MERG00258_0101;;PTER;Coelocybinae;;Coelocyba;MERG00258;101;;MERG00258_0101;sp;Coelocyba sp;Pteromalidae;Coelocybinae;;Coelocybidae;;;INGROUP;Coelocyba;sp;Coelocyba;sp;NA;NA;NA;NA;NA;NA;NA;NA;NA;NA;NA;NA;NA;NA;NA;NA;NA;NA;NA;NA;NA;NA;NA;NA;NA;NA;
Coelocybidae;Phytophage-parasitoid?;plant;PTER_Coelocybinae_Lanthanomyia_MERG00259_0101;;PTER;Coelocybinae;;Lanthanomyia;MERG00259;101;;MERG00259_0101;sp;Lanthanomyia sp;Pteromalidae;Coelocybinae;;Coelocybidae;;;INGROUP;Lanthanomyia;sp;Lanthanomyia;sp;NA;NA;NA;NA;NA;NA;NA;NA;NA;NA;NA;NA;NA;NA;NA;NA;NA;NA;NA;NA;NA;NA;NA;NA;NA;NA;
Coelocybidae;Phytophage-parasitoid?;plant;PTER_Coelocybinae_Lelapsomorpha_MERG00260_0101;;PTER;Coelocybinae;;Lelapsomorpha;MERG00260;101;;MERG00260_0101;sp;Lelapsomorpha sp;Pteromalidae;Coelocybinae;;Coelocybidae;;;INGROUP;Lelapsomorpha;sp;Lelapsomorpha;sp;NA;NA;NA;NA;NA;NA;NA;NA;NA;NA;NA;NA;NA;NA;NA;NA;NA;NA;NA;NA;NA;NA;NA;NA;NA;NA;
Coelocybidae;phytophage-parasitoid;plant;PTER_Coelocybinae_Ormyromorpha_MERG00261_0101;MW286868.1;PTER;Coelocybinae;;Ormyromorpha;MERG00261;101;;MERG00261_0101;sp;Ormyromorpha sp;Pteromalidae;Coelocybinae;;Coelocybidae;;;INGROUP;Ormyromorpha;sp;Ormyromorpha;sp;2089514027;Ormyromorpha;trifasciata;TRUE;FALSE;1;443;443;2;5;MW286868.1;JN292346.1;85.5;415;60;0;1;415;238;652;-1;0;FALSE;1;412;412;
Coelocybidae;Phytophage-parasitoid?;plant;PTER_Incertae_sedis_Lieparini_Liepara_MERG00296_0101;;PTER;Incertae;;Liepara;MERG00296;101;;MERG00296_0101;sp;Liepara sp;Pteromalidae;incertae sedis;Lieparini;Coelocybidae;;;INGROUP;Liepara;sp;Liepara;sp;NA;NA;NA;NA;NA;NA;NA;NA;NA;NA;NA;NA;NA;NA;NA;NA;NA;NA;NA;NA;NA;NA;NA;NA;NA;NA;
Diparidae;phytophage-parasitoid;plant;PTER_Diparinae_Diparini_Dipara_MERG00270_0101;OR171025.1;PTER;Diparinae;Diparini;Dipara;MERG00270;101;;MERG00270_0101;sp;Dipara sp;Pteromalidae;Diparinae;Diparini;Diparidae;;;INGROUP;Dipara;sp;Dipara;sp;2523268746;Dipara;trilineata;TRUE;FALSE;1;415;415;2;5;OR171025.1;JN292346.1;82.7;415;72;0;1;415;238;652;-1;0;FALSE;1;412;412;
Diparidae;phytophage-parasitoid;plant;PTER_Diparinae_Diparini_Lelaps_MERG00271_0101;MW982816.1;PTER;Diparinae;Diparini;Lelaps;MERG00271;101;;MERG00271_0101;sp;Lelaps sp;Pteromalidae;Diparinae;Diparini;Diparidae;;;INGROUP;Lelaps;sp;Lelaps;sp;2082147443;Lelaps;sp;TRUE;FALSE;1;411;411;1;5;MW982816.1;JN292346.1;82.2;411;73;0;1;411;239;649;-1;0;FALSE;1;409;409;
Diparidae;phytophage-parasitoid;plant;PTER_Diparinae_Diparini_Netomocera_MERG00273_0101;;PTER;Diparinae;Diparini;Netomocera;MERG00273;101;;MERG00273_0101;sp;Netomocera sp;Pteromalidae;Diparinae;Diparini;Diparidae;;;INGROUP;Netomocera;sp;Netomocera;sp;NA;NA;NA;NA;NA;NA;NA;NA;NA;NA;NA;NA;NA;NA;NA;NA;NA;NA;NA;NA;NA;NA;NA;NA;NA;NA;
Encyrtidae;phytophage-parasitoid;plants;ENCY_Encyrtinae_Bothriothoracini_Tachinaephagus_MERG00084_0101;;ENCY;Encyrtinae;Bothriothoracini;Tachinaephagus;MERG00084;101;;MERG00084_0101;zealandicus;Tachinaephagus zealandicus;Encyrtidae;Encyrtinae;Bothriothoracini;;;;INGROUP;Tachinaephagus;zealandicus;Tachinaephagus;zealandicus;NA;NA;NA;NA;NA;NA;NA;NA;NA;NA;NA;NA;NA;NA;NA;NA;NA;NA;NA;NA;NA;NA;NA;NA;NA;NA;
Encyrtidae;phytophage-parasitoid;plants;ENCY_Encyrtinae_Cerapterocerini_Eusemion_MERG00079_0101;KF824121.1;ENCY;Encyrtinae;Cerapterocerini;Eusemion;MERG00079;101;;MERG00079_0101;cornigerum;Eusemion cornigerum;Encyrtidae;Encyrtinae;Cerapterocerini;;;;INGROUP;Eusemion;cornigerum;Eusemion;cornigerum;571331226;Eusemion;sp;FALSE;NA;NA;NA;NA;NA;NA;KF824121.1;JN292346.1;80.4;591;116;0;1;591;17;607;-1;0;FALSE;1;367;367;
Encyrtidae;phytophage-parasitoid;plants;ENCY_Encyrtinae_Copidosomatini_Copidosoma_MERG00078_0101;LC735847.1;ENCY;Encyrtinae;Copidosomatini;Copidosoma;MERG00078;101;;MERG00078_0101;floridanum;Copidosoma floridanum;Encyrtidae;Encyrtinae;Copidosomatini;;;;INGROUP;Copidosoma;floridanum;Copidosoma;floridanum;2512657261;Copidosoma;chalconotum;TRUE;FALSE;1;652;652;2;5;LC735847.1;JN292346.1;77.3;652;148;0;1;652;1;652;-1;0;FALSE;1;412;412;
Encyrtidae;phytophage-parasitoid;plants;ENCY_Encyrtinae_Discodini_Ooencyrtus_MERG00083_0101;NC_068223.1;ENCY;Encyrtinae;Discodini;Ooencyrtus;MERG00083;101;;MERG00083_0101;kuvanae;Ooencyrtus kuvanae;Encyrtidae;Encyrtinae;Discodini;;;;INGROUP;Ooencyrtus;kuvanae;Ooencyrtus;kuvanae;2328386904;Ooencyrtus;plautus;TRUE;TRUE;4561;6090;1530;1;5;NC_068223.1;JN292346.1;81.6;652;120;0;6049;5398;1;652;-1;0;TRUE;1;412;412;
Encyrtidae;phytophage-parasitoid;plants;ENCY_Encyrtinae_Echthroplexiellini_Acerophagus_MERG00076_0101;PQ346907.1;ENCY;Encyrtinae;Echthroplexiellini;Acerophagus;MERG00076;101;;MERG00076_0101;sp;Acerophagus sp;Encyrtidae;Encyrtinae;Echthroplexiellini;;;;INGROUP;Acerophagus;flavus;Acerophagus;sp1;2806362116;Acerophagus;maculipennis;TRUE;FALSE;1;652;652;2;5;PQ346907.1;JN292346.1;84.4;652;102;0;1;652;1;652;-1;0;FALSE;1;412;412;
Encyrtidae;phytophage-parasitoid;plants;ENCY_Encyrtinae_Echthroplexiellini_Mayridia_MERG00081_0101;;ENCY;Encyrtinae;Echthroplexiellini;Mayridia;MERG00081;101;;MERG00081_0101;sp;Mayridia sp;Encyrtidae;Encyrtinae;Echthroplexiellini;;;;INGROUP;Mayridia;myrlea;Mayridia;formosula;NA;NA;NA;NA;NA;NA;NA;NA;NA;NA;NA;NA;NA;NA;NA;NA;NA;NA;NA;NA;NA;NA;NA;NA;NA;NA;
Encyrtidae;phytophage-parasitoid;plants;ENCY_Encyrtinae_Echthroplexiellini_Metaphycus_MERG00082_0101;PX244307.1;ENCY;Encyrtinae;Echthroplexiellini;Metaphycus;MERG00082;101;;MERG00082_0101;sp;Metaphycus sp;Encyrtidae;Encyrtinae;Echthroplexiellini;;;;INGROUP;Metaphycus;sp;Metaphycus;insidiosus;3053075962;Metaphycus;insidiosus;TRUE;FALSE;1;619;619;2;5;PX244307.1;JN292346.1;85.5;619;90;0;1;619;34;652;-1;0;FALSE;1;412;412;
Encyrtidae;phytophage-parasitoid;plants;ENCY_Encyrtinae_Ectromatini_Cheiloneurus_MERG00077_0101;NC_071192.1;ENCY;Encyrtinae;Ectromatini;Cheiloneurus;MERG00077;101;;MERG00077_0101;sp;Cheiloneurus sp;Encyrtidae;Encyrtinae;Ectromatini;;;;INGROUP;Cheiloneurus;fulvescens;Cheiloneurus;longiventris;2440029181;Cheiloneurus;elegans;TRUE;TRUE;4596;6131;1536;1;5;NC_071192.1;JN292346.1;85.3;652;96;0;6087;5436;1;652;-1;0;TRUE;1;412;412;
Encyrtidae;phytophage-parasitoid;plants;ENCY_Encyrtinae_Encyrtini_Hexacladia_MERG00080_0101;MW983751.1;ENCY;Encyrtinae;Encyrtini;Hexacladia;MERG00080;101;;MERG00080_0101;sp;Hexacladia sp;Encyrtidae;Encyrtinae;Encyrtini;;;;INGROUP;Hexacladia;sp;Hexacladia;sp;2082150785;Hexacladia;sp;TRUE;FALSE;1;339;339;1;5;MW983751.1;JN292346.1;79.4;339;70;0;1;339;269;607;-1;0;FALSE;29;367;339;
Encyrtidae;phytophage-parasitoid;plants;ENCY_Tetracneminae_Anagyrini_Anagyrus_MERG00086_0101;NC_084266.1;ENCY;Tetracneminae;Anagyrini;Anagyrus;MERG00086;101;;MERG00086_0101;sp;Anagyrus sp;Encyrtidae;Tetracneminae;Anagyrini;;;;INGROUP;Anagyrus;sp;Anagyrus;sp1;2627911875;Anagyrus;galinae;TRUE;TRUE;4440;5963;1524;1;5;NC_084266.1;JN292346.1;83.3;652;109;0;5928;5277;1;652;-1;0;TRUE;1;412;412;
Encyrtidae;phytophage-parasitoid;plants;ENCY_Tetracneminae_Anagyrini_Leptomastix_MERG00089_0101;PV050986.1;ENCY;Tetracneminae;Anagyrini;Leptomastix;MERG00089;101;;MERG00089_0101;dactylopii;Leptomastix dactylopii;Encyrtidae;Tetracneminae;Anagyrini;;;;INGROUP;Leptomastix;dactylopii;Leptomastix;dactylopii;2897915775;Leptomastix;dactylopii;TRUE;FALSE;1;412;412;2;5;PV050986.1;JN292346.1;84.2;412;65;0;1;412;241;652;-1;0;FALSE;1;412;412;
Encyrtidae;phytophage-parasitoid;plants;ENCY_Tetracneminae_Ericydnini_Ericydnus_MERG00088_0101;OQ857757.1;ENCY;Tetracneminae;Ericydnini;Ericydnus;MERG00088;101;;MERG00088_0101;sp;Ericydnus sp;Encyrtidae;Tetracneminae;Ericydnini;;;;INGROUP;Ericydnus;sp;Ericydnus;sp;2493259067;Ericydnus;ventralis;TRUE;FALSE;1;475;475;3;5;OQ857757.1;JN292346.1;83.8;464;75;0;1;464;189;652;-1;0;FALSE;1;412;412;
Encyrtidae;phytophage-parasitoid;plants;ENCY_Tetracneminae_Miraini_Ceballosia_MERG00087_0101;;ENCY;Tetracneminae;Miraini;Ceballosia;MERG00087;101;;MERG00087_0101;sp;Ceballosia sp;Encyrtidae;Tetracneminae;Miraini;;;;INGROUP;Ceballosia;dusmeti;Ceballosia;sp;NA;NA;NA;NA;NA;NA;NA;NA;NA;NA;NA;NA;NA;NA;NA;NA;NA;NA;NA;NA;NA;NA;NA;NA;NA;NA;
Encyrtidae;phytophage-parasitoid;plants;ENCY_Tetracneminae_Tetracnemini_Savzdargia_MERG00085_0101;;ENCY;Tetracneminae;Tetracnemini;Savzdargia;MERG00085;101;;MERG00085_0101;hofferi;Savzdargia hofferi;Encyrtidae;Tetracneminae;Tetracnemini;;;;INGROUP;Savzdargia;hofferi;Savzdargia;hofferi;NA;NA;NA;NA;NA;NA;NA;NA;NA;NA;NA;NA;NA;NA;NA;NA;NA;NA;NA;NA;NA;NA;NA;NA;NA;NA;
Ennogerinae;phytophage-parasitoid;plant;PTER_Asaphinae_Ausasaphes_MERG00230_0101_UCEonly;;PTER;Asaphinae;;Ausasaphes;MERG00230;101;UCEonly;MERG00230_0101;sp;Ausasaphes sp;Pteromalidae;Asaphesinae;;Enoggerinae_i_s;Enoggerinae;;INGROUP;n.a.;n.a.;Ausasaphes;sp;NA;NA;NA;NA;NA;NA;NA;NA;NA;NA;NA;NA;NA;NA;NA;NA;NA;NA;NA;NA;NA;NA;NA;NA;NA;NA;
Ennogerinae;phytophage-parasitoid;plant;PTER_Asaphinae_Enoggera_MERG00227_0101;;PTER;Asaphinae;;Enoggera;MERG00227;101;;MERG00227_0101;nassaui;Enoggera nassaui;Pteromalidae;Asaphesinae;;Enoggerinae_i_s;Enoggerinae;;INGROUP;Enoggera;nassaui;Enoggera;nassaui;NA;NA;NA;NA;NA;NA;NA;NA;NA;NA;NA;NA;NA;NA;NA;NA;NA;NA;NA;NA;NA;NA;NA;NA;NA;NA;
Ennogerinae;phytophage-parasitoid;plant;PTER_Asaphinae_Enoggera_MERG00228_0101;;PTER;Asaphinae;;Enoggera;MERG00228;101;;MERG00228_0101;sp;Enoggera sp;Pteromalidae;Asaphesinae;;Enoggerinae_i_s;Enoggerinae;;INGROUP;Enoggera;polita;Enoggera;reticulata;NA;NA;NA;NA;NA;NA;NA;NA;NA;NA;NA;NA;NA;NA;NA;NA;NA;NA;NA;NA;NA;NA;NA;NA;NA;NA;
Eopelma;phytophage-parasitoid?;plant;EUPE_Neanastatinae_Eopelma_MERG00153_0101;KY609221.1;EUPE;Neanastatinae;;Eopelma;MERG00153;101;;MERG00153_0101;gibsoni;Eopelma gibsoni;Eupelmidae;Neanastatinae;;Neanastatinae_i_s;;;INGROUP;Eopelma;gibsoni;Eopelma;gibsoni;1209554966;Eopelma;gibsoni;TRUE;FALSE;1;1094;1094;2;5;KY609221.1;JN292346.1;82.2;652;116;0;1;652;1;652;-1;0;FALSE;1;412;412;
Eulophidae;phytophage-parasitoid;plant;EULO_Entedoninae_Entedonini_Chrysocharis_MERG00112_0101;MZ632286.1;EULO;Entedoninae;Entedonini;Chrysocharis;MERG00112;101;;MERG00112_0101;sp;Chrysocharis sp;Eulophidae;Entedoninae;Entedonini;;;;INGROUP;Chrysocharis;loranthellae;Chrysocharis;sp;2126574355;Chrysocharis;sp;TRUE;FALSE;1;652;652;2;5;MZ632286.1;JN292346.1;86.5;652;88;0;1;652;1;652;-1;0;FALSE;1;412;412;
Eulophidae;phytophage-parasitoid;plant;EULO_Entedoninae_Entedonini_Chrysonotomyia_MERG00426_0101_UCEonly;HM365031.1;EULO;Entedoninae;Entedonini;Chrysonotomyia;MERG00426;101;UCEonly;MERG00426_0101;sp;Chrysonotomyia sp;Eulophidae;Entedoninae;Entedonini;;;;INGROUP;n.a.;n.a.;Chrysonotomyia;auripunctata;323482592;Chrysonotomyia;sp;TRUE;FALSE;1;755;755;1;5;HM365031.1;JN292346.1;86.7;630;84;0;1;630;23;652;-1;0;FALSE;1;412;412;
Eulophidae;phytophage-parasitoid;plant;EULO_Entedoninae_Entedonini_Closterocerus_MERG00114_0101;KR790709.1;EULO;Entedoninae;Entedonini;Closterocerus;MERG00114;101;;MERG00114_0101;sp;Closterocerus sp;Eulophidae;Entedoninae;Entedonini;;;;INGROUP;Closterocerus;sp;Closterocerus;sp;1074932759;Closterocerus;trifasciatus;TRUE;FALSE;1;652;652;2;5;KR790709.1;JN292346.1;86.7;652;87;0;1;652;1;652;-1;0;FALSE;1;412;412;
Eulophidae;phytophage-parasitoid;plant;EULO_Entedoninae_Entedonini_Entedon_MERG00115_0101;JN292673.1;EULO;Entedoninae;Entedonini;Entedon;MERG00115;101;;MERG00115_0101;sp;Entedon sp;Eulophidae;Entedoninae;Entedonini;;;;INGROUP;Entedon;sp;Entedon;sparetus;343214056;Entedon;sp;TRUE;FALSE;1;652;652;2;5;JN292673.1;JN292346.1;86.3;652;89;0;1;652;1;652;-1;0;FALSE;1;412;412;
Eulophidae;phytophage-parasitoid;plant;EULO_Entedoninae_Entedonini_Neochrysocharis_MERG00113_0101_AHEonly;HM365038.1;EULO;Entedoninae;Entedonini;Neochrysocharis;MERG00113;101;AHEonly;MERG00113_0101;sp;Neochrysocharis sp;Eulophidae;Entedoninae;Entedonini;;;;INGROUP;Neochrysocharis;clinias;n.a.;n.a.;323482606;Neochrysocharis;clinias;TRUE;FALSE;1;755;755;1;5;HM365038.1;JN292346.1;83.5;630;104;0;1;630;23;652;-1;0;FALSE;1;412;412;
Eulophidae;phytophage-parasitoid;plant;EULO_Entedoninae_Euderomphalini_Aleuroctonus_MERG00424_0101_UCEonly;;EULO;Entedoninae;Euderomphalini;Aleuroctonus;MERG00424;101;UCEonly;MERG00424_0101;sp;Aleuroctonus sp;Eulophidae;Entedoninae;Euderomphalini;;;;INGROUP;n.a.;n.a.;Aleuroctonus;vittatus;NA;NA;NA;NA;NA;NA;NA;NA;NA;NA;NA;NA;NA;NA;NA;NA;NA;NA;NA;NA;NA;NA;NA;NA;NA;NA;
Eulophidae;phytophage-parasitoid;plant;EULO_Entedoninae_Euderomphalini_Baeoentedon_MERG00425_0101_UCEonly;OM387007.1;EULO;Entedoninae;Euderomphalini;Baeoentedon;MERG00425;101;UCEonly;MERG00425_0101;sp;Baeoentedon sp;Eulophidae;Entedoninae;Euderomphalini;;;;INGROUP;n.a.;n.a.;Baeoentedon;balios;2183083374;Baeoentedon;balios;TRUE;FALSE;1;612;612;1;5;OM387007.1;JN292346.1;81.5;612;113;0;1;612;20;631;-1;0;FALSE;1;391;391;
Eulophidae;phytophage-parasitoid;plant;EULO_Entedoninae_Euderomphalini_Dasyomphale_MERG00110_0101_AHEonly;HM365044.1;EULO;Entedoninae;Euderomphalini;Dasyomphale;MERG00110;101;AHEonly;MERG00110_0101;sp;Dasyomphale sp;Eulophidae;Entedoninae;Euderomphalini;;;;INGROUP;Dasyomphale;chilensis;n.a.;n.a.;323482618;Dasyomphale;sp;TRUE;FALSE;1;755;755;1;5;HM365044.1;JN292346.1;84;630;101;0;1;630;23;652;-1;0;FALSE;1;412;412;
Eulophidae;phytophage-parasitoid;plant;EULO_Entedoninae_Euderomphalini_Euderomphale_MERG00111_0101_AHEonly;;EULO;Entedoninae;Euderomphalini;Euderomphale;MERG00111;101;AHEonly;MERG00111_0101;sp;Euderomphale sp;Eulophidae;Entedoninae;Euderomphalini;;;;INGROUP;Euderomphale;sp;n.a.;n.a.;NA;NA;NA;NA;NA;NA;NA;NA;NA;NA;NA;NA;NA;NA;NA;NA;NA;NA;NA;NA;NA;NA;NA;NA;NA;NA;
Eulophidae;phytophage-parasitoid;plant;EULO_Entedoninae_Euderomphalini_Neopomphale_MERG00116_0101;;EULO;Entedoninae;Euderomphalini;Neopomphale;MERG00116;101;;MERG00116_0101;sp;Neopomphale sp;Eulophidae;Entedoninae;Euderomphalini;;;;INGROUP;Neopomphale;sp;Neopomphale;aleurothrixi;NA;NA;NA;NA;NA;NA;NA;NA;NA;NA;NA;NA;NA;NA;NA;NA;NA;NA;NA;NA;NA;NA;NA;NA;NA;NA;
Eulophidae;phytophage-parasitoid;plant;EULO_Entiinae_Astichus_MERG00117_0101;HM365048.1;EULO;Entiinae;;Astichus;MERG00117;101;;MERG00117_0101;sp;Astichus sp;Eulophidae;Entiinae;;;;;INGROUP;Astichus;sp;Astichus;solutus;323482626;Astichus;sp;TRUE;FALSE;1;755;755;1;5;HM365048.1;JN292346.1;84;630;101;0;1;630;23;652;-1;0;FALSE;1;412;412;
Eulophidae;phytophage-parasitoid;plant;EULO_Entiinae_Bellerus_MERG00118_0101;HM365049.1;EULO;Entiinae;;Bellerus;MERG00118;101;;MERG00118_0101;sp;Bellerus sp;Eulophidae;Entiinae;;;;;INGROUP;Bellerus;sp;Bellerus;sp;323482628;Bellerus;sp;TRUE;FALSE;1;755;755;1;5;HM365049.1;JN292346.1;83.5;630;104;0;1;630;23;652;-1;0;FALSE;1;412;412;
Eulophidae;phytophage-parasitoid;plant;EULO_Entiinae_Euderus_MERG00119_0101;MK295000.1;EULO;Entiinae;;Euderus;MERG00119;101;;MERG00119_0101;sp;Euderus sp;Eulophidae;Entiinae;;;;;INGROUP;Euderus;sp;Euderus;sp;1601834818;Euderus;set;TRUE;FALSE;1;652;652;2;5;MK295000.1;JN292346.1;85.3;652;96;0;1;652;1;652;-1;0;FALSE;1;412;412;
Eulophidae;phytophage-parasitoid;plant;EULO_Eulophinae_Cirrospilini_Cirrospilus_MERG00120_0101;MZ629960.1;EULO;Eulophinae;Cirrospilini;Cirrospilus;MERG00120;101;;MERG00120_0101;sp;Cirrospilus sp;Eulophidae;Eulophinae;Cirrospilini;;;;INGROUP;Cirrospilus;sp;Cirrospilus;lyncus;2126569702;Cirrospilus;lyncus;TRUE;FALSE;1;652;652;2;5;MZ629960.1;JN292346.1;83.9;652;105;0;1;652;1;652;-1;0;FALSE;1;412;412;
Eulophidae;phytophage-parasitoid;plant;EULO_Eulophinae_Cirrospilini_Cirrospilus_MERG00121_0101;MZ629429.1;EULO;Eulophinae;Cirrospilini;Cirrospilus;MERG00121;101;;MERG00121_0101;sp;Cirrospilus sp;Eulophidae;Eulophinae;Cirrospilini;;;;INGROUP;Cirrospilus;sp;Cirrospilus;diallus;2126568640;Cirrospilus;diallus;TRUE;FALSE;1;652;652;2;5;MZ629429.1;JN292346.1;83;652;111;0;1;652;1;652;-1;0;FALSE;1;412;412;
Eulophidae;phytophage-parasitoid;plant;EULO_Eulophinae_Cirrospilini_Naumanniola_MERG00126_0101;;EULO;Eulophinae;Cirrospilini;Naumanniola;MERG00126;101;;MERG00126_0101;sp;Naumanniola sp;Eulophidae;Eulophinae;Cirrospilini;;;;INGROUP;Naumanniola;varians;Naumanniola;sp;NA;NA;NA;NA;NA;NA;NA;NA;NA;NA;NA;NA;NA;NA;NA;NA;NA;NA;NA;NA;NA;NA;NA;NA;NA;NA;
Eulophidae;phytophage-parasitoid;plant;EULO_Eulophinae_Cirrospilini_Zagrammosoma_MERG00129_0101;ON866896.1;EULO;Eulophinae;Cirrospilini;Zagrammosoma;MERG00129;101;;MERG00129_0101;sp;Zagrammosoma sp;Eulophidae;Eulophinae;Cirrospilini;;;;INGROUP;Zagrammosoma;americanum;Zagrammosoma;mirum;2444133553;Zagrammosoma;latilineatum;FALSE;NA;NA;NA;NA;NA;NA;ON866896.1;JN292346.1;83.8;605;98;0;1;605;48;652;-1;0;FALSE;1;412;412;
Eulophidae;phytophage-parasitoid;plant;EULO_Eulophinae_Eulophini_Diglyphus_MERG00134_0101;MT916729.1;EULO;Eulophinae;Eulophini;Diglyphus;MERG00134;101;;MERG00134_0101;isaea;Diglyphus isaea;Eulophidae;Eulophinae;Eulophini;;;;INGROUP;Diglyphus;isaea;Diglyphus;isaea;1895741961;Diglyphus;isaea;TRUE;FALSE;1;661;661;2;5;MT916729.1;JN292346.1;82.8;652;112;0;10;661;1;652;-1;0;FALSE;1;412;412;
Eulophidae;phytophage-parasitoid;plant;EULO_Eulophinae_Eulophini_Elachertus_MERG00124_0101_AHEonly;MN861998.1;EULO;Eulophinae;Eulophini;Elachertus;MERG00124;101;AHEonly;MERG00124_0101;sp;Elachertus sp;Eulophidae;Eulophinae;Eulophini;;;;INGROUP;Elachertus;cacoeciae;n.a.;n.a.;1908833206;Elachertus;cacoeciae;TRUE;FALSE;1;621;621;2;5;MN861998.1;JN292346.1;86;607;85;0;1;607;46;652;-1;0;FALSE;1;412;412;
Eulophidae;phytophage-parasitoid;plant;EULO_Eulophinae_Eulophini_Elasmus_MERG00122_0101;KR884930.1;EULO;Eulophinae;Eulophini;Elasmus;MERG00122;101;;MERG00122_0101;sp;Elasmus sp;Eulophidae;Eulophinae;Eulophini;;;;INGROUP;Elasmus;sp;Elasmus;sp;1052432479;Elasmus;atratus;TRUE;FALSE;1;652;652;2;5;KR884930.1;JN292346.1;85.3;652;96;0;1;652;1;652;-1;0;FALSE;1;412;412;
Eulophidae;phytophage-parasitoid;plant;EULO_Eulophinae_Eulophini_Elasmus_MERG00123_0101;;EULO;Eulophinae;Eulophini;Elasmus;MERG00123;101;;MERG00123_0101;sp;Elasmus sp;Eulophidae;Eulophinae;Eulophini;;;;INGROUP;Elasmus;sp;Elasmus;platyedrae;NA;NA;NA;NA;NA;NA;NA;NA;NA;NA;NA;NA;NA;NA;NA;NA;NA;NA;NA;NA;NA;NA;NA;NA;NA;NA;
Eulophidae;phytophage-parasitoid;plant;EULO_Eulophinae_Eulophini_Euplectrus_MERG00427_0101_UCEonly;MF902553.1;EULO;Eulophinae;Eulophini;Euplectrus;MERG00427;101;UCEonly;MERG00427_0101;sp;Euplectrus sp;Eulophidae;Eulophinae;Eulophini;;;;INGROUP;n.a.;n.a.;Euplectrus;sp;1424608923;Euplectrus;sp;TRUE;FALSE;1;652;652;2;5;MF902553.1;JN292346.1;83.6;652;107;0;1;652;1;652;-1;0;FALSE;1;412;412;
Eulophidae;phytophage-parasitoid;plant;EULO_Eulophinae_Eulophini_Hemiptarsenus_MERG00125_0101;OR038458.1;EULO;Eulophinae;Eulophini;Hemiptarsenus;MERG00125;101;;MERG00125_0101;unguicellus;Hemiptarsenus unguicellus;Eulophidae;Eulophinae;Eulophini;;;;INGROUP;Hemiptarsenus;unguicellus;Hemiptarsenus;unguicellus;2636819239;Hemiptarsenus;varicornis;TRUE;FALSE;1;652;652;2;5;OR038458.1;JN292346.1;84;652;104;0;1;652;1;652;-1;0;FALSE;1;412;412;
Eulophidae;phytophage-parasitoid;plant;EULO_Eulophinae_Eulophini_Pnigalio_MERG00127_0101;OP292598.1;EULO;Eulophinae;Eulophini;Pnigalio;MERG00127;101;;MERG00127_0101;sp;Pnigalio sp;Eulophidae;Eulophinae;Eulophini;;;;INGROUP;Pnigalio;pectinicornis;Pnigalio;soemius;2568637545;Pnigalio;pectinicornis;TRUE;FALSE;1;652;652;2;5;OP292598.1;JN292346.1;82.8;652;112;0;1;652;1;652;-1;0;FALSE;1;412;412;
Eulophidae;phytophage-parasitoid;plant;EULO_Eulophinae_Eulophini_Sympiesis_MERG00128_0101;MZ629235.1;EULO;Eulophinae;Eulophini;Sympiesis;MERG00128;101;;MERG00128_0101;sp;Sympiesis sp;Eulophidae;Eulophinae;Eulophini;;;;INGROUP;Sympiesis;cf conica;Sympiesis;notata;2126568252;Sympiesis;sericeicornis;TRUE;FALSE;1;652;652;2;5;MZ629235.1;JN292346.1;85.7;652;93;0;1;652;1;652;-1;0;FALSE;1;412;412;
Eulophidae;phytophage-parasitoid;plant;EULO_Opheliminae_Anselmellini_Perthiola_MERG00133_0101;;EULO;Opheliminae;Anselmellini;Perthiola;MERG00133;101;;MERG00133_0101;sp;Perthiola sp;Eulophidae;Opheliminae;Anselmellini;;;;INGROUP;Perthiola;mazaneci;Perthiola;bouceki;NA;NA;NA;NA;NA;NA;NA;NA;NA;NA;NA;NA;NA;NA;NA;NA;NA;NA;NA;NA;NA;NA;NA;NA;NA;NA;
Eulophidae;phytophage-parasitoid;plant;EULO_Opheliminae_Ophelimini_Ophelimus_MERG00132_0101;HM365046.1;EULO;Opheliminae;Ophelimini;Ophelimus;MERG00132;101;;MERG00132_0101;maskelli;Ophelimus maskelli;Eulophidae;Opheliminae;Ophelimini;;;;INGROUP;Ophelimus;maskelli;Ophelimus;maskelli;323482622;Ophelimus;maskelli;TRUE;FALSE;1;755;755;1;5;HM365046.1;JN292346.1;84.9;630;95;0;1;630;23;652;-1;0;FALSE;1;412;412;
Eulophidae;phytophage-parasitoid;plant;EULO_Tetrastichinae_Gyrolasomyiini_Gyrolasomyia_MERG00138_0101_AHEonly;;EULO;Tetrastichinae;Gyrolasomyiini;Gyrolasomyia;MERG00138;101;AHEonly;MERG00138_0101;sp;Gyrolasomyia sp;Eulophidae;Tetrastichinae;Gyrolasomyiini;;;Tetrastichini;INGROUP;Gyrolasomyia;sp;n.a.;n.a.;NA;NA;NA;NA;NA;NA;NA;NA;NA;NA;NA;NA;NA;NA;NA;NA;NA;NA;NA;NA;NA;NA;NA;NA;NA;NA;
Eulophidae;phytophage-parasitoid;plant;EULO_Tetrastichinae_Tetrastichini_Aprostocetus_MERG00135_0101;OQ611192.1;EULO;Tetrastichinae;Tetrastichini;Aprostocetus;MERG00135;101;;MERG00135_0101;sp;Aprostocetus sp;Eulophidae;Tetrastichinae;Tetrastichini;;;;INGROUP;Aprostocetus;hibus;Aprostocetus;sp;2672703369;Aprostocetus;sp;TRUE;FALSE;1;652;652;2;5;OQ611192.1;JN292346.1;86.2;652;90;0;1;652;1;652;-1;0;FALSE;1;412;412;
Eulophidae;phytophage-parasitoid;plant;EULO_Tetrastichinae_Tetrastichini_Melittobia_MERG00136_0101;LC848067.1;EULO;Tetrastichinae;Tetrastichini;Melittobia;MERG00136;101;;MERG00136_0101;sp;Melittobia sp;Eulophidae;Tetrastichinae;Tetrastichini;;;;INGROUP;Melittobia;sp;Melittobia;acasta;2835537967;Melittobia;sosui;TRUE;FALSE;1;535;535;3;5;LC848067.1;JN292346.1;81.9;535;97;0;1;535;60;594;-1;0;FALSE;1;354;354;
Eulophidae;phytophage-parasitoid;plant;EULO_Tetrastichinae_Tetrastichini_Tamarixia_MERG00137_0101;MN123622.1;EULO;Tetrastichinae;Tetrastichini;Tamarixia;MERG00137;101;;MERG00137_0101;radiata;Tamarixia radiata;Eulophidae;Tetrastichinae;Tetrastichini;;;;INGROUP;Tamarixia;radiata;Tamarixia;radiata;1799633374;Tamarixia;radiata;TRUE;TRUE;4581;6110;1530;1;5;MN123622.1;JN292346.1;84.7;652;100;0;6069;5418;1;652;-1;0;TRUE;1;412;412;
Eunotidae;phytophage-parasitoid;plant;PTER_Eunotinae_Eunotini_Cephaleta_MERG00283_0101;;PTER;Eunotinae;Eunotini;Cephaleta;MERG00283;101;;MERG00283_0101;sp;Cephaleta sp;Pteromalidae;Eunotinae;Eunotini;Eunotidae;;;INGROUP;Cephaleta;sp;Cephaleta;sp;NA;NA;NA;NA;NA;NA;NA;NA;NA;NA;NA;NA;NA;NA;NA;NA;NA;NA;NA;NA;NA;NA;NA;NA;NA;NA;
Eunotidae;phytophage-parasitoid;plant;PTER_Eunotinae_Eunotini_Eunotus_MERG00284_0101;;PTER;Eunotinae;Eunotini;Eunotus;MERG00284;101;;MERG00284_0101;sp;Eunotus sp;Pteromalidae;Eunotinae;Eunotini;Eunotidae;;;INGROUP;Eunotus;sp;Eunotus;acutatus;NA;NA;NA;NA;NA;NA;NA;NA;NA;NA;NA;NA;NA;NA;NA;NA;NA;NA;NA;NA;NA;NA;NA;NA;NA;NA;
Eunotidae;phytophage-parasitoid;plant;PTER_Eunotinae_Eunotini_Mesopeltita_MERG00286_0101;;PTER;Eunotinae;Eunotini;Mesopeltita;MERG00286;101;;MERG00286_0101;sp;Mesopeltita sp;Pteromalidae;Eunotinae;Eunotini;Eunotidae;;;INGROUP;Mesopeltita;sp;Mesopeltita;truncatipennis;NA;NA;NA;NA;NA;NA;NA;NA;NA;NA;NA;NA;NA;NA;NA;NA;NA;NA;NA;NA;NA;NA;NA;NA;NA;NA;
Eunotidae;phytophage-parasitoid;plant;PTER_Eunotinae_Eunotini_Scutellista_MERG00289_0101;MH456766.1;PTER;Eunotinae;Eunotini;Scutellista;MERG00289;101;;MERG00289_0101;caerulea;Scutellista caerulea;Pteromalidae;Eunotinae;Eunotini;Eunotidae;;;INGROUP;Scutellista;caerulea;Scutellista;caerulea;1607779329;Scutellista;caerulea;TRUE;FALSE;1;652;652;2;5;MH456766.1;JN292346.1;78.8;652;138;0;1;652;1;652;-1;0;FALSE;1;412;412;
Eunotidae;phytophage-parasitoid;plant;PTER_Eunotinae_Eunotini_Scutellista_MERG00290_0101;;PTER;Eunotinae;Eunotini;Scutellista;MERG00290;101;;MERG00290_0101;sp;Scutellista sp;Pteromalidae;Eunotinae;Eunotini;Eunotidae;;;INGROUP;Scutellista;sp;Scutellista;obscura;NA;NA;NA;NA;NA;NA;NA;NA;NA;NA;NA;NA;NA;NA;NA;NA;NA;NA;NA;NA;NA;NA;NA;NA;NA;NA;
eupelmid_clade;phytophage-parasitoid;plant;EUPE_Calosotinae_Balcha_MERG00139_0101;;EUPE;Calosotinae;;Balcha;MERG00139;101;;MERG00139_0101;sp;Balcha sp;Eupelmidae;Calosotinae;;;;;INGROUP;Balcha;sp;Balcha;sp;NA;NA;NA;NA;NA;NA;NA;NA;NA;NA;NA;NA;NA;NA;NA;NA;NA;NA;NA;NA;NA;NA;NA;NA;NA;NA;
eupelmid_clade;phytophage-parasitoid;plant;EUPE_Calosotinae_Calosota_MERG00140_0101;;EUPE;Calosotinae;;Calosota;MERG00140;101;;MERG00140_0101;sp;Calosota sp;Eupelmidae;Calosotinae;;;;;INGROUP;Calosota;vernalis;Calosota;sp;NA;NA;NA;NA;NA;NA;NA;NA;NA;NA;NA;NA;NA;NA;NA;NA;NA;NA;NA;NA;NA;NA;NA;NA;NA;NA;
eupelmid_clade;phytophage-parasitoid;plant;EUPE_Calosotinae_Eusandalum_MERG00141_0101;MW982713.1;EUPE;Calosotinae;;Eusandalum;MERG00141;101;;MERG00141_0101;sp;Eusandalum sp;Eupelmidae;Calosotinae;;;Eusandalinae;;INGROUP;Eusandalum;sp;Eusandalum;sp;2082149606;Eusandalum;sp;TRUE;FALSE;1;351;351;1;5;MW982713.1;JN292346.1;80.6;351;68;0;1;351;299;649;-1;0;FALSE;59;409;351;
eupelmid_clade;phytophage-parasitoid;plant;EUPE_Calosotinae_Eusandalum_MERG00142_0101;;EUPE;Calosotinae;;Eusandalum;MERG00142;101;;MERG00142_0101;sp;Eusandalum sp;Eupelmidae;Calosotinae;;;Eusandalinae;;INGROUP;Eusandalum;flavipenne;Eusandalum;sp;NA;NA;NA;NA;NA;NA;NA;NA;NA;NA;NA;NA;NA;NA;NA;NA;NA;NA;NA;NA;NA;NA;NA;NA;NA;NA;
eupelmid_clade;phytophage-parasitoid;plant;EUPE_Calosotinae_Eusandalum_MERG00423_0101_UCEonly;;EUPE;Calosotinae;;Eusandalum;MERG00423;101;UCEonly;MERG00423_0101;sp;Eusandalum sp;Eupelmidae;Calosotinae;;;Eusandalinae;;INGROUP;n.a.;n.a.;Eusandalum;sp;NA;NA;NA;NA;NA;NA;NA;NA;NA;NA;NA;NA;NA;NA;NA;NA;NA;NA;NA;NA;NA;NA;NA;NA;NA;NA;
eupelmid_clade;phytophage-parasitoid;plant;EUPE_Calosotinae_Paraeusandalum_MERG00143_0101;;EUPE;Calosotinae;;Paraeusandalum;MERG00143;101;;MERG00143_0101;sp;Paraeusandalum sp;Eupelmidae;Calosotinae;;;Eusandalinae;;INGROUP;Paraeusandalum;sp;Paraeusandalum;chilense;NA;NA;NA;NA;NA;NA;NA;NA;NA;NA;NA;NA;NA;NA;NA;NA;NA;NA;NA;NA;NA;NA;NA;NA;NA;NA;
eupelmid_clade;phytophage-parasitoid;plant;EUPE_Calosotinae_Pentacladia_MERG00144_0101;;EUPE;Calosotinae;;Pentacladia;MERG00144;101;;MERG00144_0101;sp;Pentacladia sp;Eupelmidae;Calosotinae;;;Eusandalinae;;INGROUP;Pentacladia;sp;Pentacladia;eques;NA;NA;NA;NA;NA;NA;NA;NA;NA;NA;NA;NA;NA;NA;NA;NA;NA;NA;NA;NA;NA;NA;NA;NA;NA;NA;
eupelmid_clade;phytophage-parasitoid;plant;EUPE_Eupelminae_Anastatus_MERG00145_0101;MW996607.1;EUPE;Eupelminae;;Anastatus;MERG00145;101;;MERG00145_0101;sp;Anastatus sp;Eupelmidae;Eupelminae;;;;;INGROUP;Anastatus;sp;Anastatus;bifasciatus;2255173642;Anastatus;bifasciatus;TRUE;FALSE;1;652;652;2;5;MW996607.1;JN292346.1;83.7;652;106;0;1;652;1;652;-1;0;FALSE;1;412;412;
eupelmid_clade;phytophage-parasitoid;plant;EUPE_Eupelminae_Brasema_MERG00146_0101;HQ930307.1;EUPE;Eupelminae;;Brasema;MERG00146;101;;MERG00146_0101;sp;Brasema sp;Eupelmidae;Eupelminae;;;;;INGROUP;Brasema;neomexicana;Brasema;sp;323106075;Brasema;macrocarpae;TRUE;FALSE;1;652;652;2;5;HQ930307.1;JN292346.1;85.4;652;95;0;1;652;1;652;-1;0;FALSE;1;412;412;
eupelmid_clade;phytophage-parasitoid;plant;EUPE_Eupelminae_Calymmochilus_MERG00147_0101;;EUPE;Eupelminae;;Calymmochilus;MERG00147;101;;MERG00147_0101;sp;Calymmochilus sp;Eupelmidae;Eupelminae;;;;;INGROUP;Calymmochilus;subnubilus;Calymmochilus;dispar;NA;NA;NA;NA;NA;NA;NA;NA;NA;NA;NA;NA;NA;NA;NA;NA;NA;NA;NA;NA;NA;NA;NA;NA;NA;NA;
eupelmid_clade;phytophage-parasitoid;plant;EUPE_Eupelminae_Eupelmus_MERG00148_0101;KJ018420.1;EUPE;Eupelminae;;Eupelmus;MERG00148;101;;MERG00148_0101;urozonus;Eupelmus urozonus;Eupelmidae;Eupelminae;;;;;INGROUP;Eupelmus;urozonus;Eupelmus;urozonus;701454251;Eupelmus;urozonus;TRUE;FALSE;1;652;652;2;5;KJ018420.1;JN292346.1;84.7;652;100;0;1;652;1;652;-1;0;FALSE;1;412;412;
eupelmid_clade;phytophage-parasitoid;plant;EUPE_Eupelminae_Merostenus_MERG00149_0101;OP374146.1;EUPE;Eupelminae;;Merostenus;MERG00149;101;;MERG00149_0101;sp;Merostenus sp;Eupelmidae;Eupelminae;;;;;INGROUP;Merostenus;excavatus;Merostenus;marylandicus;2321859627;Merostenus;sp;TRUE;FALSE;10499;12031;1533;1;5;OP374146.1;JN292346.1;84.2;652;103;0;10540;11191;1;652;-1;0;FALSE;1;412;412;
eupelmid_clade;phytophage-parasitoid;plant;EUPE_Eupelminae_Tineobius_MERG00150_0101;KT962861.1;EUPE;Eupelminae;;Tineobius;MERG00150;101;;MERG00150_0101;sp;Tineobius sp;Eupelmidae;Eupelminae;;;;;INGROUP;Tineobius;sp;Tineobius;sp;1024847860;Tineobius;tamaricis;TRUE;FALSE;1;652;652;2;5;KT962861.1;JN292346.1;80.8;652;125;0;1;652;1;652;-1;0;FALSE;1;412;412;
eupelmid_clade;phytophage-parasitoid;plant;EUPE_Eupelminae_Tineobius_MERG00151_0101;;EUPE;Eupelminae;;Tineobius;MERG00151;101;;MERG00151_0101;sp;Tineobius sp;Eupelmidae;Eupelminae;;;;;INGROUP;Tineobius;sp;Tineobius;sp;NA;NA;NA;NA;NA;NA;NA;NA;NA;NA;NA;NA;NA;NA;NA;NA;NA;NA;NA;NA;NA;NA;NA;NA;NA;NA;
eupelmid_clade;phytophage-parasitoid;plant;EUPE_Eupelminae_Zaischnopsis_MERG00152_0101;PQ365986.1;EUPE;Eupelminae;;Zaischnopsis;MERG00152;101;;MERG00152_0101;sp;Zaischnopsis sp;Eupelmidae;Eupelminae;;;;;INGROUP;Zaischnopsis;sp;Zaischnopsis;sp;2809066129;Zaischnopsis;pacis;TRUE;FALSE;1;652;652;2;5;PQ365986.1;JN292346.1;82.8;652;112;0;1;652;1;652;-1;0;FALSE;1;412;412;
eupelmid_clade;phytophage-parasitoid;wood;PTER_Cleonyminae_Heydeniini_Heydenia_MERG00249_0101;MW983100.1;PTER;Cleonyminae;Heydeniini;Heydenia;MERG00249;101;;MERG00249_0101;sp;Heydenia sp;Pteromalidae;Cleonyminae;Heydeniini;Heydeniidae;;;INGROUP;Heydenia;unica;Heydenia;sp;2082148351;Heydenia;unica;TRUE;FALSE;1;411;411;1;5;MW983100.1;JN292346.1;84.7;411;63;0;1;411;239;649;-1;0;FALSE;1;409;409;
eupelmid_clade;phytophage-parasitoid;wood;PTER_Cleonyminae_Lyciscini_Grooca_MERG00247_0101;;PTER;Cleonyminae;Lyciscini;Grooca;MERG00247;101;;MERG00247_0101;sp;Grooca sp;Pteromalidae;Cleonyminae;Lyciscini;Lyciscidae;Eupelmid;;INGROUP;Grooca;sp;Grooca;sp;NA;NA;NA;NA;NA;NA;NA;NA;NA;NA;NA;NA;NA;NA;NA;NA;NA;NA;NA;NA;NA;NA;NA;NA;NA;NA;
eupelmid_clade;phytophage-parasitoid;wood;PTER_Cleonyminae_Lyciscini_Grooca_MERG00248_0101;;PTER;Cleonyminae;Lyciscini;Grooca;MERG00248;101;;MERG00248_0101;sp;Grooca sp;Pteromalidae;Cleonyminae;Lyciscini;Lyciscidae;Solenurinae;;INGROUP;Grooca;sp;Grooca;sp;NA;NA;NA;NA;NA;NA;NA;NA;NA;NA;NA;NA;NA;NA;NA;NA;NA;NA;NA;NA;NA;NA;NA;NA;NA;NA;
eupelmid_clade;phytophage-parasitoid;wood;PTER_Cleonyminae_Lyciscini_Solenura_MERG00255_0101;MW982853.1;PTER;Cleonyminae;Lyciscini;Solenura;MERG00255;101;;MERG00255_0101;sp;Solenura sp;Pteromalidae;Cleonyminae;Lyciscini;Lyciscidae;Solenurinae;;INGROUP;Solenura;sp;Solenura;nigra;2082147560;Solenura;ania;TRUE;FALSE;1;339;339;1;5;MW982853.1;JN292346.1;82;339;61;0;1;339;239;577;-1;0;FALSE;1;337;337;
eupelmid_clade;phytophagous?;plant;PTER_Ditropinotellinae_Ditropinotella_MERG00275_0101;;PTER;Ditropinotellinae;;Ditropinotella;MERG00275;101;;MERG00275_0101;sp;Ditropinotella sp;Pteromalidae;Ditropinotellinae;;Ditropinotellinae_i_s;Ditropinotellinae;;INGROUP;Ditropinotella;sp;Ditropinotella;sp;NA;NA;NA;NA;NA;NA;NA;NA;NA;NA;NA;NA;NA;NA;NA;NA;NA;NA;NA;NA;NA;NA;NA;NA;NA;NA;
Eurytomidae;phytophage-parasitoid;plant;EURY_Buresiinae_Buresium_MERG00159_0101;;EURY;Buresiinae;;Buresium;MERG00159;101;;MERG00159_0101;sp;Buresium sp;Eurytomidae;Buresiinae;;;;;INGROUP;Buresium;sp;Buresium;sp;NA;NA;NA;NA;NA;NA;NA;NA;NA;NA;NA;NA;NA;NA;NA;NA;NA;NA;NA;NA;NA;NA;NA;NA;NA;NA;
Eurytomidae;phytophage-parasitoid;plant;EURY_Buresiinae_Macrorileya_MERG00160_0101;PV031824.1;EURY;Buresiinae;;Macrorileya;MERG00160;101;;MERG00160_0101;sp;Macrorileya sp;Eurytomidae;Buresiinae;;;;;INGROUP;Macrorileya;sp;Macrorileya;inopinata;2896035229;Macrorileya;sp;TRUE;FALSE;1;675;675;1;5;PV031824.1;JN292346.1;86;652;91;0;15;666;1;652;-1;0;FALSE;1;412;412;
Eurytomidae;phytophage-parasitoid;plant;EURY_Eurytominae_Aiolomorphus_MERG00161_0101;PV031733.1;EURY;Eurytominae;;Aiolomorphus;MERG00161;101;;MERG00161_0101;rhopaloides;Aiolomorphus rhopaloides;Eurytomidae;Eurytominae;;;;;INGROUP;Aiolomorphus;rhopaloides;Aiolomorphus;rhopaloides;2896035031;Aiolomorphus;rhopaloides;TRUE;FALSE;1;675;675;1;5;PV031733.1;JN292346.1;81.3;652;122;0;15;666;1;652;-1;0;FALSE;1;412;412;
Eurytomidae;phytophage-parasitoid;plant;EURY_Eurytominae_Axima_MERG00162_0101;PV031737.1;EURY;Eurytominae;;Axima;MERG00162;101;;MERG00162_0101;sp;Axima sp;Eurytomidae;Eurytominae;;;;;INGROUP;Axima;sp;Axima;sp;2896035039;Axima;zabriskiei;TRUE;FALSE;1;675;675;1;5;PV031737.1;JN292346.1;83.3;652;109;0;15;666;1;652;-1;0;FALSE;1;412;412;
Eurytomidae;phytophage-parasitoid;plant;EURY_Eurytominae_Bruchodape_MERG00163_0101;PV031752.1;EURY;Eurytominae;;Bruchodape;MERG00163;101;;MERG00163_0101;sp;Bruchodape sp;Eurytomidae;Eurytominae;;;;;INGROUP;Bruchodape;sp;Bruchodape;aff ignota;2896035070;Bruchodape;sp;TRUE;FALSE;1;675;675;1;5;PV031752.1;JN292346.1;80.4;652;128;0;15;666;1;652;-1;0;FALSE;1;412;412;
Eurytomidae;phytophage-parasitoid;plant;EURY_Eurytominae_Endobia_MERG00164_0101;PV031776.1;EURY;Eurytominae;;Endobia;MERG00164;101;;MERG00164_0101;donacis;Endobia donacis;Eurytomidae;Eurytominae;;;;;INGROUP;Endobia;donacis;Endobia;donacis;2896035119;Endobia;donacis;TRUE;FALSE;1;573;573;1;5;PV031776.1;JN292346.1;84.8;564;86;0;1;564;89;652;-1;0;FALSE;1;412;412;
Eurytomidae;phytophage-parasitoid;plant;EURY_Eurytominae_Eurytoma_MERG00165_0101;KX066374.1;EURY;Eurytominae;;Eurytoma;MERG00165;101;;MERG00165_0101;sp;Eurytoma sp;Eurytomidae;Eurytominae;;;;;INGROUP;Eurytoma;seminis;Eurytoma;amygdali;1033838533;Eurytoma;sp;TRUE;TRUE;4803;6335;1533;1;5;KX066374.1;JN292346.1;83.4;652;108;0;6294;5643;1;652;-1;0;TRUE;1;412;412;
Eurytomidae;phytophage-parasitoid;plant;EURY_Eurytominae_Masneroma_MERG00166_0101;;EURY;Eurytominae;;Masneroma;MERG00166;101;;MERG00166_0101;angulifera;Masneroma angulifera;Eurytomidae;Eurytominae;;;;;INGROUP;Masneroma;angulifera;Masneroma;angulifera;NA;NA;NA;NA;NA;NA;NA;NA;NA;NA;NA;NA;NA;NA;NA;NA;NA;NA;NA;NA;NA;NA;NA;NA;NA;NA;
Eurytomidae;phytophage-parasitoid;plant;EURY_Eurytominae_Sycophila_MERG00167_0101;HM573895.1;EURY;Eurytominae;;Sycophila;MERG00167;101;;MERG00167_0101;sp;Sycophila sp;Eurytomidae;Eurytominae;;;;;INGROUP;Sycophila;biguttata;Sycophila;maculafacies;311988996;Sycophila;biguttata;TRUE;FALSE;1;701;701;2;5;HM573895.1;JN292346.1;83.9;460;74;0;1;460;193;652;-1;0;FALSE;1;412;412;
Eurytomidae;phytophage-parasitoid;plant;EURY_Eurytominae_Systole_MERG00168_0101;PV717344.1;EURY;Eurytominae;;Systole;MERG00168;101;;MERG00168_0101;sp;Systole sp;Eurytomidae;Eurytominae;;;;;INGROUP;Systole;coriandri;Systole;sp;2989614913;Systole;albipennis;TRUE;FALSE;1;652;652;2;5;PV717344.1;JN292346.1;85.6;652;94;0;1;652;1;652;-1;0;FALSE;1;412;412;
Eurytomidae;phytophage-parasitoid;plant;EURY_Eurytominae_Tetramesa_MERG00169_0101;PV031864.1;EURY;Eurytominae;;Tetramesa;MERG00169;101;;MERG00169_0101;sp;Tetramesa sp;Eurytomidae;Eurytominae;;;;;INGROUP;Tetramesa;sp;Tetramesa;calamagrostidis;2896035309;Tetramesa;hyalipennis;TRUE;FALSE;1;675;675;1;5;PV031864.1;JN292346.1;85.1;652;97;0;15;666;1;652;-1;0;FALSE;1;412;412;
Eurytomidae;phytophage-parasitoid;plant;EURY_Heimbrinae_Heimbra_MERG00170_0101;PV031818.1;EURY;Heimbrinae;;Heimbra;MERG00170;101;;MERG00170_0101;opaca;Heimbra opaca;Eurytomidae;Heimbrinae;;;;;INGROUP;Heimbra;opaca;Heimbra;opaca;2896035217;Heimbra;opaca;TRUE;FALSE;1;675;675;1;5;PV031818.1;JN292346.1;81.7;652;119;0;15;666;1;652;-1;0;FALSE;1;412;412;
Eurytomidae;phytophage-parasitoid;plant;EURY_Rileyinae_Austrophotismus_MERG00171_0101;;EURY;Rileyinae;;Austrophotismus;MERG00171;101;;MERG00171_0101;sp;Austrophotismus sp;Eurytomidae;Rileyinae;;;;;INGROUP;Austrophotismus;daicles;Austrophotismus;fallax;NA;NA;NA;NA;NA;NA;NA;NA;NA;NA;NA;NA;NA;NA;NA;NA;NA;NA;NA;NA;NA;NA;NA;NA;NA;NA;
Eurytomidae;phytophage-parasitoid;plant;EURY_Rileyinae_Neorileya_MERG00172_0101;PP782027.1;EURY;Rileyinae;;Neorileya;MERG00172;101;;MERG00172_0101;sp;Neorileya sp;Eurytomidae;Rileyinae;;;;;INGROUP;Neorileya;sp;Neorileya;flavipes;2729289130;Neorileya;sp;TRUE;FALSE;1;530;530;2;5;PP782027.1;JN292346.1;86.2;520;72;0;1;520;133;652;-1;0;FALSE;1;412;412;
Eurytomidae;phytophage-parasitoid;plant;EURY_Rileyinae_Rileya_MERG00173_0101;MW982174.1;EURY;Rileyinae;;Rileya;MERG00173;101;;MERG00173_0101;sp;Rileya sp;Eurytomidae;Rileyinae;;;;;INGROUP;Rileya;sp;Rileya;grisselli;2082144686;Rileya;cecidomyiae;TRUE;FALSE;1;411;411;1;5;MW982174.1;JN292346.1;83.5;411;68;0;1;411;239;649;-1;0;FALSE;1;409;409;
Eurytomidae;phytophage-parasitoid;plant;EURY_Rileyinae_Rileya_MERG00174_0101;;EURY;Rileyinae;;Rileya;MERG00174;101;;MERG00174_0101;sp;Rileya sp;Eurytomidae;Rileyinae;;;;;INGROUP;Rileya;sp;Rileya;sp;NA;NA;NA;NA;NA;NA;NA;NA;NA;NA;NA;NA;NA;NA;NA;NA;NA;NA;NA;NA;NA;NA;NA;NA;NA;NA;
Eurytomidae;phytophage-parasitoid;plant;EURY_Rileyinae_Rileya_MERG00175_0101;;EURY;Rileyinae;;Rileya;MERG00175;101;;MERG00175_0101;sp;Rileya sp;Eurytomidae;Rileyinae;;;;;INGROUP;Rileya;sp;Rileya;nr rhytisma;NA;NA;NA;NA;NA;NA;NA;NA;NA;NA;NA;NA;NA;NA;NA;NA;NA;NA;NA;NA;NA;NA;NA;NA;NA;NA;
gall_clade;phytophage-parasitoid;plants;CYNI_Cynipencyrtus_MERG00075_0101;;CYNI;;;Cynipencyrtus;MERG00075;101;;MERG00075_0101;flavus;Cynipencyrtus flavus;Cynipencyrtidae;;;;;;INGROUP;Cynipencyrtus;flavus;Cynipencyrtus;flavus;NA;NA;NA;NA;NA;NA;NA;NA;NA;NA;NA;NA;NA;NA;NA;NA;NA;NA;NA;NA;NA;NA;NA;NA;NA;NA;
gall_clade;phytophage-parasitoid;plant;ORMY_Ormyrulus_MERG00208_0101;;ORMY;;;Ormyrulus;MERG00208;101;;MERG00208_0101;sp;Ormyrulus sp;Ormyridae;;;;;;INGROUP;Ormyrulus;sp;Ormyrulus;sp;NA;NA;NA;NA;NA;NA;NA;NA;NA;NA;NA;NA;NA;NA;NA;NA;NA;NA;NA;NA;NA;NA;NA;NA;NA;NA;
gall_clade;phytophage-parasitoid;plant;ORMY_Ormyrus_MERG00209_0101;HM573994.1;ORMY;;;Ormyrus;MERG00209;101;;MERG00209_0101;sp;Ormyrus sp;Ormyridae;;;;;;INGROUP;Ormyrus;sp;Ormyrus;pomaceus;311989180;Ormyrus;pomaceus;TRUE;FALSE;1;701;701;2;5;HM573994.1;JN292346.1;82.8;460;79;0;1;460;193;652;-1;0;FALSE;1;412;412;
gall_clade;phytophage-parasitoid;plant;ORMY_Ormyrus_MERG00210_0101;HM574023.1;ORMY;;;Ormyrus;MERG00210;101;;MERG00210_0101;sp;Ormyrus sp;Ormyridae;;;;;;INGROUP;Ormyrus;sp;Ormyrus;nitidulus;311989238;Ormyrus;nitidulus;TRUE;FALSE;1;698;698;3;5;HM574023.1;JN292346.1;82.1;458;82;0;1;458;195;652;-1;0;FALSE;1;412;412;
gall_clade;phytophage;plant;PTER_Epichrysomallinae_Josephiella_MERG00277_0101;OL753682.1;PTER;Epichrysomallinae;;Josephiella;MERG00277;101;;MERG00277_0101;sp;Josephiella sp;Pteromalidae;Epichrysomallinae;;Epichrysomallidae;;;INGROUP;Josephiella;sp;Josephiella;microcarpae;2161366100;Josephiella;microcarpae;TRUE;FALSE;1;592;592;2;5;OL753682.1;JN292346.1;79.2;418;87;0;1;418;235;652;-1;0;FALSE;1;412;412;
gall_clade;phytophage;plant;PTER_Epichrysomallinae_Lachaisea_MERG00278_0101;;PTER;Epichrysomallinae;;Lachaisea;MERG00278;101;;MERG00278_0101;sp;Lachaisea sp;Pteromalidae;Epichrysomallinae;;Epichrysomallidae;;;INGROUP;Lachaisea;equicollis;Lachaisea;sp;NA;NA;NA;NA;NA;NA;NA;NA;NA;NA;NA;NA;NA;NA;NA;NA;NA;NA;NA;NA;NA;NA;NA;NA;NA;NA;
gall_clade;phytophage;plant;PTER_Epichrysomallinae_Odontofroggatia_MERG00279_0101;MW167113.1;PTER;Epichrysomallinae;;Odontofroggatia;MERG00279;101;;MERG00279_0101;sp;Odontofroggatia sp;Pteromalidae;Epichrysomallinae;;Epichrysomallidae;;;INGROUP;Odontofroggatia;sp;Odontofroggatia;galili;2090600774;Odontofroggatia;galili;TRUE;FALSE;8718;10245;1528;1;5;MW167113.1;JN292346.1;82.2;652;116;0;8759;9410;1;652;-1;0;FALSE;1;412;412;
gall_clade;phytophage;plant;PTER_Ormocerinae_Melanosomellini_Aditrochus_MERG00309_0101;OP539441.1;PTER;Ormocerinae;Melanosomellini;Aditrochus;MERG00309;101;;MERG00309_0101;coihuensis;Aditrochus coihuensis;Pteromalidae;Ormocerinae;Melanosomellini;Melanosomellidae;;;INGROUP;Aditrochus;coihuensis;Aditrochus;coihuensis;2309818175;Aditrochus;coihuensis;TRUE;FALSE;1;412;412;2;5;OP539441.1;JN292346.1;73.8;412;108;0;1;412;241;652;-1;0;FALSE;1;412;412;
gall_clade;phytophage;plant;PTER_Ormocerinae_Melanosomellini_Aeschylia_MERG00310_0101;;PTER;Ormocerinae;Melanosomellini;Aeschylia;MERG00310;101;;MERG00310_0101;sp;Aeschylia sp;Pteromalidae;Ormocerinae;Melanosomellini;Melanosomellidae;;;INGROUP;Aeschylia;sp;Aeschylia;sp;NA;NA;NA;NA;NA;NA;NA;NA;NA;NA;NA;NA;NA;NA;NA;NA;NA;NA;NA;NA;NA;NA;NA;NA;NA;NA;
gall_clade;phytophage;plant;PTER_Ormocerinae_Melanosomellini_Asparagobius_MERG00312_0101;;PTER;Ormocerinae;Melanosomellini;Asparagobius;MERG00312;101;;MERG00312_0101;sp;Asparagobius sp;Pteromalidae;Ormocerinae;Melanosomellini;Ormyridae;;;INGROUP;Asparagobius;sp;Asparagobius;sp;NA;NA;NA;NA;NA;NA;NA;NA;NA;NA;NA;NA;NA;NA;NA;NA;NA;NA;NA;NA;NA;NA;NA;NA;NA;NA;
gall_clade;phytophage;plant;PTER_Ormocerinae_Melanosomellini_Asparagobius_MERG00313_0101;;PTER;Ormocerinae;Melanosomellini;Asparagobius;MERG00313;101;;MERG00313_0101;braunsi;Asparagobius braunsi;Pteromalidae;Ormocerinae;Melanosomellini;Ormyridae;;;INGROUP;Asparagobius;braunsi;Asparagobius;braunsi;NA;NA;NA;NA;NA;NA;NA;NA;NA;NA;NA;NA;NA;NA;NA;NA;NA;NA;NA;NA;NA;NA;NA;NA;NA;NA;
gall_clade;phytophage;plant;PTER_Ormocerinae_Melanosomellini_Brachyscelidiphaga_MERG00314_0101;;PTER;Ormocerinae;Melanosomellini;Brachyscelidiphaga;MERG00314;101;;MERG00314_0101;sp;Brachyscelidiphaga sp;Pteromalidae;Ormocerinae;Melanosomellini;Melanosomellidae;;;INGROUP;Brachyscelidiphaga;sp;Brachyscelidiphaga;sp;NA;NA;NA;NA;NA;NA;NA;NA;NA;NA;NA;NA;NA;NA;NA;NA;NA;NA;NA;NA;NA;NA;NA;NA;NA;NA;
gall_clade;phytophage;plant;PTER_Ormocerinae_Melanosomellini_Encyrtocephalus_MERG00311_0101;;PTER;Ormocerinae;Melanosomellini;Encyrtocephalus;MERG00311;101;;MERG00311_0101;sp;Encyrtocephalus sp;Pteromalidae;Ormocerinae;Melanosomellini;Melanosomellidae;;;INGROUP;Encyrtocephalus;sp;Encyrtocephalus;sp;NA;NA;NA;NA;NA;NA;NA;NA;NA;NA;NA;NA;NA;NA;NA;NA;NA;NA;NA;NA;NA;NA;NA;NA;NA;NA;
gall_clade;phytophage;plant;PTER_Ormocerinae_Melanosomellini_Encyrtocephalus_MERG00315_0101;;PTER;Ormocerinae;Melanosomellini;Encyrtocephalus;MERG00315;101;;MERG00315_0101;sp;Encyrtocephalus sp;Pteromalidae;Ormocerinae;Melanosomellini;Melanosomellidae;;;INGROUP;Encyrtocephalus;sp;Encyrtocephalus;sp;NA;NA;NA;NA;NA;NA;NA;NA;NA;NA;NA;NA;NA;NA;NA;NA;NA;NA;NA;NA;NA;NA;NA;NA;NA;NA;
gall_clade;phytophage;plant;PTER_Ormocerinae_Melanosomellini_Krivena_MERG00428_0101_UCEonly;;PTER;Ormocerinae;Melanosomellini;Krivena;MERG00428;101;UCEonly;MERG00428_0101;sp;Krivena sp;Pteromalidae;Ormocerinae;Melanosomellini;Melanosomellidae;;;INGROUP;n.a.;n.a.;Krivena;pennata;NA;NA;NA;NA;NA;NA;NA;NA;NA;NA;NA;NA;NA;NA;NA;NA;NA;NA;NA;NA;NA;NA;NA;NA;NA;NA;
gall_clade;phytophage;plant;PTER_Ormocerinae_Melanosomellini_Perilampomyia_MERG00317_0101_AHEonly;;PTER;Ormocerinae;Melanosomellini;Perilampomyia;MERG00317;101;AHEonly;MERG00317_0101;sp;Perilampomyia sp;Pteromalidae;Ormocerinae;Melanosomellini;Melanosomellidae;;;INGROUP;Perilampomyia;sp;n.a.;n.a.;NA;NA;NA;NA;NA;NA;NA;NA;NA;NA;NA;NA;NA;NA;NA;NA;NA;NA;NA;NA;NA;NA;NA;NA;NA;NA;
gall_clade;phytophage;plant;PTER_Ormocerinae_Melanosomellini_Plastobelyta_MERG00319_0101;;PTER;Ormocerinae;Melanosomellini;Plastobelyta;MERG00319;101;;MERG00319_0101;gallicola;Plastobelyta gallicola;Pteromalidae;Ormocerinae;Melanosomellini;Melanosomellidae;;;INGROUP;Plastobelyta;gallicola;Plastobelyta;gallicola;NA;NA;NA;NA;NA;NA;NA;NA;NA;NA;NA;NA;NA;NA;NA;NA;NA;NA;NA;NA;NA;NA;NA;NA;NA;NA;
gall_clade;phytophage;plant;PTER_Ormocerinae_Melanosomellini_Trichilogaster_MERG00323_0101;;PTER;Ormocerinae;Melanosomellini;Trichilogaster;MERG00323;101;;MERG00323_0101;sp;Trichilogaster sp;Pteromalidae;Ormocerinae;Melanosomellini;Melanosomellidae;;;INGROUP;Trichilogaster;sp;Trichilogaster;sp;NA;NA;NA;NA;NA;NA;NA;NA;NA;NA;NA;NA;NA;NA;NA;NA;NA;NA;NA;NA;NA;NA;NA;NA;NA;NA;
gall_clade;phytophage;plant;TANA_Protanaostigma_MERG00361_0101;;TANA;;;Protanaostigma;MERG00361;101;;MERG00361_0101;sp;Protanaostigma sp;Tanaostigmatidae;;;;;;INGROUP;Protanaostigma;sp;Protanaostigma;sp;NA;NA;NA;NA;NA;NA;NA;NA;NA;NA;NA;NA;NA;NA;NA;NA;NA;NA;NA;NA;NA;NA;NA;NA;NA;NA;
gall_clade;phytophage;plant;TANA_Tanaoneura_MERG00429_0101_UCEonly;;TANA;;;Tanaoneura;MERG00429;101;UCEonly;MERG00429_0101;sp;Tanaoneura sp;Tanaostigmatidae;;;;;;INGROUP;n.a.;n.a.;Tanaoneura;hirticoxa;NA;NA;NA;NA;NA;NA;NA;NA;NA;NA;NA;NA;NA;NA;NA;NA;NA;NA;NA;NA;NA;NA;NA;NA;NA;NA;
gall_clade;phytophage;plant;TANA_Tanaostigma_MERG00362_0101_AHEonly;MG383355.1;TANA;;;Tanaostigma;MERG00362;101;AHEonly;MERG00362_0101;sp;Tanaostigma sp;Tanaostigmatidae;;;;;;INGROUP;Tanaostigma;stanleyi;n.a.;n.a.;1365646318;Tanaostigma;sp;TRUE;FALSE;1;472;472;1;5;MG383355.1;JN292346.1;81.6;472;87;0;1;472;137;608;-1;0;FALSE;1;368;368;
gall_clade;phytophage;plant;TANA_Tanaostigmodes_MERG00363_0101;;TANA;;;Tanaostigmodes;MERG00363;101;;MERG00363_0101;sp;Tanaostigmodes sp;Tanaostigmatidae;;;;;;INGROUP;Tanaostigmodes;albiclavus;Tanaostigmodes;haematoxyli;NA;NA;NA;NA;NA;NA;NA;NA;NA;NA;NA;NA;NA;NA;NA;NA;NA;NA;NA;NA;NA;NA;NA;NA;NA;NA;
gall_clade;phytophage;plant;TANA_Tanaostigmodes_MERG00364_0101;MG377579.1;TANA;;;Tanaostigmodes;MERG00364;101;;MERG00364_0101;sp;Tanaostigmodes sp;Tanaostigmatidae;;;;;;INGROUP;Tanaostigmodes;howardii;Tanaostigmodes2;sp;1365626258;Tanaostigmodes;howardii;TRUE;FALSE;1;472;472;1;5;MG377579.1;JN292346.1;80.9;472;90;0;1;472;137;608;-1;0;FALSE;1;368;368;
Herbertiidae;phytophage-parasitoid;plant;PTER_Herbertiinae_Exolabrum_MERG00293_0101;;PTER;Herbertiinae;;Exolabrum;MERG00293;101;;MERG00293_0101;vannoorti;Exolabrum vannoorti;Pteromalidae;Herbertiinae;;Herbertiidae;;;INGROUP;Exolabrum;vannoorti;Exolabrum;vannoorti;NA;NA;NA;NA;NA;NA;NA;NA;NA;NA;NA;NA;NA;NA;NA;NA;NA;NA;NA;NA;NA;NA;NA;NA;NA;NA;
Herbertiidae;phytophage-parasitoid;plant;PTER_Herbertiinae_Herbertia_MERG00294_0101;MW982386.1;PTER;Herbertiinae;;Herbertia;MERG00294;101;;MERG00294_0101;sp;Herbertia sp;Pteromalidae;Herbertiinae;;Herbertiidae;;;INGROUP;Herbertia;sp;Herbertia;brasiliensis;2082145549;Herbertia;sp;TRUE;FALSE;1;411;411;1;5;MW982386.1;JN292346.1;79.6;411;84;0;1;411;239;649;-1;0;FALSE;1;409;409;
Herbertiidae;phytophage-parasitoid;plant;PTER_Herbertiinae_Herbertia_MERG00295_0101;;PTER;Herbertiinae;;Herbertia;MERG00295;101;;MERG00295_0101;sp;Herbertia sp;Pteromalidae;Herbertiinae;;Herbertiidae;;;INGROUP;Herbertia;sp;Herbertia;sp;NA;NA;NA;NA;NA;NA;NA;NA;NA;NA;NA;NA;NA;NA;NA;NA;NA;NA;NA;NA;NA;NA;NA;NA;NA;NA;
Hetreulophidae;phytophage-parasitoid;plant;PTER_Colotrechninae_Amerostenini_Omphalodipara_MERG00268_0101;;PTER;Colotrechninae;Amerostenini;Omphalodipara;MERG00268;101;;MERG00268_0101;sp;Omphalodipara sp;Pteromalidae;Colotrechninae;Amerostenini;Hetreulophidae;;;INGROUP;Omphalodipara;sp;Omphalodipara;sp;NA;NA;NA;NA;NA;NA;NA;NA;NA;NA;NA;NA;NA;NA;NA;NA;NA;NA;NA;NA;NA;NA;NA;NA;NA;NA;
Hetreulophidae;phytophage-parasitoid;plant;PTER_Colotrechninae_Hetreulophini_Hetreulophus_MERG00267_0101;;PTER;Colotrechninae;Hetreulophini;Hetreulophus;MERG00267;101;;MERG00267_0101;sp;Hetreulophus sp;Pteromalidae;Colotrechninae;Hetreulophini;Hetreulophidae;;;INGROUP;Hetreulophus;sp;Hetreulophus;sp;NA;NA;NA;NA;NA;NA;NA;NA;NA;NA;NA;NA;NA;NA;NA;NA;NA;NA;NA;NA;NA;NA;NA;NA;NA;NA;
Hetreulophidae;phytophage-parasitoid;plant;PTER_Colotrechninae_Hetreulophini_Zeala_MERG00269_0101;MF956398.1;PTER;Colotrechninae;Hetreulophini;Zeala;MERG00269;101;;MERG00269_0101;walkerae;Zeala walkerae;Pteromalidae;Colotrechninae;Hetreulophini;Hetreulophidae;;;INGROUP;Zeala;walkerae;Zeala;walkerae;1343896123;Zeala;walkerae;FALSE;NA;NA;NA;NA;NA;NA;MF956398.1;JN292346.1;81.9;651;118;0;1;651;2;652;-1;0;FALSE;1;412;412;
Idioporidae;phytophage-parasitoid;plant;PTER_Eunotinae_Idioporini_Idioporus_MERG00285_0101;;PTER;Eunotinae;Idioporini;Idioporus;MERG00285;101;;MERG00285_0101;affinis;Idioporus affinis;Pteromalidae;Eunotinae;Idioporini;Idioporidae;;;INGROUP;Idioporus;affinis;Idioporus;affinis;NA;NA;NA;NA;NA;NA;NA;NA;NA;NA;NA;NA;NA;NA;NA;NA;NA;NA;NA;NA;NA;NA;NA;NA;NA;NA;
Leucospidae-Ooderidae;phytophage-parasitoid;plant;LEUC_Leucospis_MERG00176_0101;KJ167162.1;LEUC;;;Leucospis;MERG00176;101;;MERG00176_0101;sp;Leucospis sp;Leucospidae;;;;;;INGROUP;Leucospis;dorsigera;Leucospis;gigas;602179034;Leucospis;affinis;TRUE;FALSE;1;652;652;2;5;KJ167162.1;JN292346.1;83.3;652;109;0;1;652;1;652;-1;0;FALSE;1;412;412;
Leucospidae-Ooderidae;phytophage-parasitoid;plant;LEUC_Micrapion_MERG00177_0101;;LEUC;;;Micrapion;MERG00177;101;;MERG00177_0101;sp;Micrapion sp;Leucospidae;;;;;;INGROUP;Micrapion;sp;Micrapion;sp;NA;NA;NA;NA;NA;NA;NA;NA;NA;NA;NA;NA;NA;NA;NA;NA;NA;NA;NA;NA;NA;NA;NA;NA;NA;NA;
Leucospidae-Ooderidae;phytophage-parasitoid;plant;LEUC_Polistomorpha_MERG00178_0101;;LEUC;;;Polistomorpha;MERG00178;101;;MERG00178_0101;sp;Polistomorpha sp;Leucospidae;;;;;;INGROUP;Polistomorpha;fasciatus;Polistomorpha;fasciata;NA;NA;NA;NA;NA;NA;NA;NA;NA;NA;NA;NA;NA;NA;NA;NA;NA;NA;NA;NA;NA;NA;NA;NA;NA;NA;
Leucospidae-Ooderidae;phytophage-parasitoid;wood;PTER_Cleonyminae_Ooderini_Oodera_MERG00252_0101;PV953419.1;PTER;Cleonyminae;Ooderini;Oodera;MERG00252;101;;MERG00252_0101;sp;Oodera sp;Pteromalidae;Cleonyminae;Ooderini;Ooderidae;;;INGROUP;Oodera;sp;Oodera;formosa;3027632067;Oodera;formosa;TRUE;FALSE;1;619;619;2;5;PV953419.1;JN292346.1;84.8;619;94;0;1;619;34;652;-1;0;FALSE;1;412;412;
Lyciscidae;phytophage-parasitoid;wood;PTER_Cleonyminae_Lyciscini_Agamerion_MERG00240_0101;;PTER;Cleonyminae;Lyciscini;Agamerion;MERG00240;101;;MERG00240_0101;sp;Agamerion sp;Pteromalidae;Cleonyminae;Lyciscini;Lyciscidae;Lyciscinae;;INGROUP;Agamerion;cleptideum;Agamerion;semialbicorne;NA;NA;NA;NA;NA;NA;NA;NA;NA;NA;NA;NA;NA;NA;NA;NA;NA;NA;NA;NA;NA;NA;NA;NA;NA;NA;
Lyciscidae;phytophage-parasitoid;wood;PTER_Cleonyminae_Lyciscini_Epistenia_MERG00246_0101;MW982667.1;PTER;Cleonyminae;Lyciscini;Epistenia;MERG00246;101;;MERG00246_0101;sp;Epistenia sp;Pteromalidae;Cleonyminae;Lyciscini;Lyciscidae;Lyciscinae;;INGROUP;Epistenia;sp;Epistenia;sp1;2082146918;Epistenia;sp;TRUE;FALSE;1;381;381;1;5;MW982667.1;JN292346.1;83.5;381;63;0;1;381;227;607;-1;0;FALSE;1;367;367;
Lyciscidae;phytophage-parasitoid;wood;PTER_Cleonyminae_Lyciscini_Nepistenia_MERG00250_0101;;PTER;Cleonyminae;Lyciscini;Nepistenia;MERG00250;101;;MERG00250_0101;sp;Nepistenia sp;Pteromalidae;Cleonyminae;Lyciscini;Lyciscidae;Lyciscinae;;INGROUP;Nepistenia;sp;Nepistenia;sp;NA;NA;NA;NA;NA;NA;NA;NA;NA;NA;NA;NA;NA;NA;NA;NA;NA;NA;NA;NA;NA;NA;NA;NA;NA;NA;
Lyciscidae;phytophage-parasitoid;wood;PTER_Cleonyminae_Lyciscini_Parepistenia_MERG00253_0101;;PTER;Cleonyminae;Lyciscini;Parepistenia;MERG00253;101;;MERG00253_0101;sp;Parepistenia sp;Pteromalidae;Cleonyminae;Lyciscini;Lyciscidae;Lyciscinae;;INGROUP;Parepistenia;sp;Parepistenia;sp;NA;NA;NA;NA;NA;NA;NA;NA;NA;NA;NA;NA;NA;NA;NA;NA;NA;NA;NA;NA;NA;NA;NA;NA;NA;NA;
Lyciscidae;phytophage-parasitoid;wood;PTER_Cleonyminae_Lyciscini_Proshizonotus_MERG00254_0101;;PTER;Cleonyminae;Lyciscini;Proshizonotus;MERG00254;101;;MERG00254_0101;sp;Proshizonotus sp;Pteromalidae;Cleonyminae;Lyciscini;Lyciscidae;Lyciscinae;;INGROUP;Proshizonotus;sp;Proshizonotus;sp;NA;NA;NA;NA;NA;NA;NA;NA;NA;NA;NA;NA;NA;NA;NA;NA;NA;NA;NA;NA;NA;NA;NA;NA;NA;NA;
Macromesidae;phytophage-parasitoid;wood;PTER_Macromesinae_Macromesus_MERG00302_0101;;PTER;Macromesinae;;Macromesus;MERG00302;101;;MERG00302_0101;americanus;Macromesus americanus;Pteromalidae;Macromesinae;;Macromesidae;;;INGROUP;Macromesus;americanus;Macromesus;americanus;NA;NA;NA;NA;NA;NA;NA;NA;NA;NA;NA;NA;NA;NA;NA;NA;NA;NA;NA;NA;NA;NA;NA;NA;NA;NA;
Macromesidae;phytophage-parasitoid;wood;PTER_Macromesinae_Macromesus_MERG00303_0101;PX245497.1;PTER;Macromesinae;;Macromesus;MERG00303;101;;MERG00303_0101;sp;Macromesus sp;Pteromalidae;Macromesinae;;Macromesidae;;;INGROUP;Macromesus;sp;Macromesus;amphiretus;3053092421;Macromesus;amphiretus;TRUE;FALSE;1;619;619;2;5;PX245497.1;JN292346.1;77.4;619;140;0;1;619;34;652;-1;0;FALSE;1;412;412;
Macromesidae;phytophage-parasitoid;wood;PTER_Macromesinae_Macromesus_MERG00304_0101;;PTER;Macromesinae;;Macromesus;MERG00304;101;;MERG00304_0101;sp;Macromesus sp;Pteromalidae;Macromesinae;;Macromesidae;;;INGROUP;Macromesus;sp;Macromesus;sp;NA;NA;NA;NA;NA;NA;NA;NA;NA;NA;NA;NA;NA;NA;NA;NA;NA;NA;NA;NA;NA;NA;NA;NA;NA;NA;
megastigmid_clade;phytophage-parasitoid;plant;EUPE_Neanastatinae_Metapelma_MERG00155_0101;MW984153.1;EUPE;Neanastatinae;;Metapelma;MERG00155;101;;MERG00155_0101;sp;Metapelma sp;Eupelmidae;Neanastatinae;;Metapelmatidae;;;INGROUP;Metapelma;sp;Metapelma;sp;2082152210;Metapelma;sp;TRUE;FALSE;1;318;318;1;5;MW984153.1;JN292346.1;83.6;318;52;0;1;318;332;649;-1;0;FALSE;92;409;318;
megastigmid_clade;phytophage-parasitoid;plant;EUPE_Neanastatinae_Metapelma_MERG00156_0101;;EUPE;Neanastatinae;;Metapelma;MERG00156;101;;MERG00156_0101;nobile;Metapelma nobile;Eupelmidae;Neanastatinae;;Metapelmatidae;;;INGROUP;Metapelma;nobile;Metapelma;nobile;NA;NA;NA;NA;NA;NA;NA;NA;NA;NA;NA;NA;NA;NA;NA;NA;NA;NA;NA;NA;NA;NA;NA;NA;NA;NA;
megastigmid_clade;phytophage-parasitoid;plant;MEGA_Bootanelleus_MERG00179_0101;;MEGA;;;Bootanelleus;MERG00179;101;;MERG00179_0101;sp;Bootanelleus sp;Megastigmidae;;;;;;INGROUP;Bootanelleus;sp;Bootanelleus;sp;NA;NA;NA;NA;NA;NA;NA;NA;NA;NA;NA;NA;NA;NA;NA;NA;NA;NA;NA;NA;NA;NA;NA;NA;NA;NA;
megastigmid_clade;phytophage-parasitoid;plant;MEGA_Bootanomyia_MERG00181_0101;MT375391.1;MEGA;;;Bootanomyia;MERG00181;101;;MERG00181_0101;sp;Bootanomyia sp;Megastigmidae;;;;;;INGROUP;Bootanomyia;sp;Bootanomyia;sp2;1834442396;Bootanomyia;sp;TRUE;FALSE;1;1155;1155;3;5;MT375391.1;JN292346.1;86.1;596;83;0;1;596;57;652;-1;0;FALSE;1;412;412;
megastigmid_clade;phytophage-parasitoid;plant;MEGA_Bortesia_MERG00182_0101;MF956344.1;MEGA;;;Bortesia;MERG00182;101;;MERG00182_0101;sp;Bortesia sp;Megastigmidae;;;;;;INGROUP;Bortesia;sp;Bortesia;sp;1343896015;Bortesia;sp;FALSE;NA;NA;NA;NA;NA;NA;MF956344.1;JN292346.1;86.2;651;90;0;1;651;2;652;-1;0;FALSE;1;412;412;
megastigmid_clade;phytophage-parasitoid;plant;MEGA_Cycloneuron_MERG00180_0101;;MEGA;;;Cycloneuron;MERG00180;101;;MERG00180_0101;dorsalis;Cycloneuron dorsalis;Megastigmidae;;;;;;INGROUP;Bootanomyia2;dorsalis;Bootanomyia2;dorsalis;NA;NA;NA;NA;NA;NA;NA;NA;NA;NA;NA;NA;NA;NA;NA;NA;NA;NA;NA;NA;NA;NA;NA;NA;NA;NA;
megastigmid_clade;phytophage-parasitoid;plant;MEGA_Megastigmus_MERG00183_0101;ON421527.1;MEGA;;;Megastigmus;MERG00183;101;;MERG00183_0101;sp;Megastigmus sp;Megastigmidae;;;;;;INGROUP;Megastigmus;spermotrophus;Megastigmus;specularis;2234579517;Megastigmus;duclouxiana;TRUE;FALSE;1;1536;1536;1;5;ON421527.1;JN292346.1;84.4;652;102;0;39;690;1;652;-1;0;FALSE;1;412;412;
megastigmid_clade;phytophage;plant;MEGA_Megastigmus_MERG00184_0101;KF531858.1;MEGA;;;Megastigmus;MERG00184;101;;MERG00184_0101;transvaalensis;Megastigmus transvaalensis;Megastigmidae;;;;;;INGROUP;Megastigmus;transvaalensis;Megastigmus;transvaalensis;631898478;Megastigmus;transvaalensis;TRUE;FALSE;1;962;962;1;5;KF531858.1;JN292346.1;82.6;396;69;0;1;396;257;652;-1;0;FALSE;17;412;396;
megastigmid_clade;phytophage;plant;MEGA_Megastigmus_MERG00185_0101;JQ756596.1;MEGA;;;Megastigmus;MERG00185;101;;MERG00185_0101;sp;Megastigmus sp;Megastigmidae;;;;;;INGROUP;Megastigmus;sp;Megastigmus;aculeatus;388423388;Megastigmus;aculeatus;TRUE;FALSE;1;644;644;3;5;JQ756596.1;JN292346.1;84.2;644;102;0;1;644;9;652;-1;0;FALSE;1;412;412;
megastigmid_clade;phytophage-parasitoid;plant;MEGA_Neomegastigmus_MERG00186_0101;MF956315.1;MEGA;;;Neomegastigmus;MERG00186;101;;MERG00186_0101;sp;Neomegastigmus sp;Megastigmidae;;;;;;INGROUP;Neomegastigmus;sp;Neomegastigmus;sp1;1343895957;Neomegastigmus;sp;FALSE;NA;NA;NA;NA;NA;NA;MF956315.1;JN292346.1;82;651;117;0;1;651;2;652;-1;0;FALSE;1;412;412;
megastigmid_clade;phytophage-parasitoid;plant;PTER_Chromeurytominae_Chromeurytoma_MERG00239_0101;;PTER;Chromeurytominae;;Chromeurytoma;MERG00239;101;;MERG00239_0101;sp;Chromeurytoma sp;Pteromalidae;Chromeurytominae;;Megastigmidae;Chromeurytominae;;INGROUP;Chromeurytoma;sp;Chromeurytoma;sp;NA;NA;NA;NA;NA;NA;NA;NA;NA;NA;NA;NA;NA;NA;NA;NA;NA;NA;NA;NA;NA;NA;NA;NA;NA;NA;
megastigmid_clade;phytophage-parasitoid?;?;PTER_Keiraninae_Keirana_MERG00299_0101;;PTER;Keiraninae;;Keirana;MERG00299;101;;MERG00299_0101;sp;Keirana sp;Pteromalidae;Keiraninae;;Megastigmidae;Keiraninae;;INGROUP;Keirana;sp;Keirana;sp;NA;NA;NA;NA;NA;NA;NA;NA;NA;NA;NA;NA;NA;NA;NA;NA;NA;NA;NA;NA;NA;NA;NA;NA;NA;NA;
Micradellinae;phytophage-parasitoid?;?;PTER_Micradelinae_Micradelini_Micradelus_MERG00297_0101;OL538097.1;PTER;Micradelinae;Micradelini;Micradelus;MERG00297;101;;MERG00297_0101;sp;Micradelus sp;Pteromalidae;Micradelinae;Micradelini;Micradelinae_i_s;Micradelinae;;INGROUP;Micradelus;rotundus;Micradelus;acutus;2163269659;Micradelus;acutus;TRUE;FALSE;1;651;651;1;5;OL538097.1;JN292346.1;83.9;651;105;0;1;651;2;652;-1;0;FALSE;1;412;412;
Micradellinae;phytophage-parasitoid?;?;PTER_Micradelinae_Micradelini_Micradelus_MERG00298_0101_AHEonly;;PTER;Micradelinae;Micradelini;Micradelus;MERG00298;101;AHEonly;MERG00298_0101;sp;Micradelus sp;Pteromalidae;Micradelinae;Micradelini;Micradelinae_i_s;Micradelinae;;INGROUP;Micradelus;sp;n.a.;n.a.;NA;NA;NA;NA;NA;NA;NA;NA;NA;NA;NA;NA;NA;NA;NA;NA;NA;NA;NA;NA;NA;NA;NA;NA;NA;NA;
Moranilidae;phytophage-parasitoid;plant;PTER_Asaphinae_New_Genus_MERG00229_0101;;PTER;Asaphinae;;Genus;MERG00229;101;;MERG00229_0101;sp;Genus sp;Pteromalidae;Asaphesinae;;Moranilidae;Asaphesinae;;INGROUP;New Genus;sp;New Genus;sp;NA;NA;NA;NA;NA;NA;NA;NA;NA;NA;NA;NA;NA;NA;NA;NA;NA;NA;NA;NA;NA;NA;NA;NA;NA;NA;Given as incertae sedis in Table S1 but as Moranilidae in Fig. 5
Moranilidae;phytophage-parasitoid;plant;PTER_Eunotinae_Moranilini_Australeunotus_MERG00282_0101;;PTER;Eunotinae;Moranilini;Australeunotus;MERG00282;101;;MERG00282_0101;sp;Australeunotus sp;Pteromalidae;Eunotinae;Moranilini;Moranilidae;Moranilinae;;INGROUP;Australeunotus;sp;Australeunotus;ruskini;NA;NA;NA;NA;NA;NA;NA;NA;NA;NA;NA;NA;NA;NA;NA;NA;NA;NA;NA;NA;NA;NA;NA;NA;NA;NA;
Moranilidae;phytophage-parasitoid;plant;PTER_Eunotinae_Moranilini_Moranila_MERG00287_0101;;PTER;Eunotinae;Moranilini;Moranila;MERG00287;101;;MERG00287_0101;sp;Moranila sp;Pteromalidae;Eunotinae;Moranilini;Moranilidae;Moranilinae;;INGROUP;Moranila;sp;Moranila;viridivertex;NA;NA;NA;NA;NA;NA;NA;NA;NA;NA;NA;NA;NA;NA;NA;NA;NA;NA;NA;NA;NA;NA;NA;NA;NA;NA;
Moranilidae;phytophage-parasitoid;plant;PTER_Eunotinae_Moranilini_Ophelosia_MERG00288_0101;;PTER;Eunotinae;Moranilini;Ophelosia;MERG00288;101;;MERG00288_0101;sp;Ophelosia sp;Pteromalidae;Eunotinae;Moranilini;Moranilidae;Moranilinae;;INGROUP;Ophelosia;sp;Ophelosia;keatsi;NA;NA;NA;NA;NA;NA;NA;NA;NA;NA;NA;NA;NA;NA;NA;NA;NA;NA;NA;NA;NA;NA;NA;NA;NA;NA;
Mymaridae;phytophage-parasitoid;plant;MYMA_Acmopolynema_MERG00187_0101;MG353854.1;MYMA;;;Acmopolynema;MERG00187;101;;MERG00187_0101;sema;Acmopolynema sema;Mymaridae;;;;;;INGROUP;Acmopolynema;sema;Acmopolynema;sema;1488062057;Acmopolynema;sp;TRUE;FALSE;1;627;627;1;5;MG353854.1;JN292346.1;83.1;627;106;0;1;627;26;652;-1;0;FALSE;1;412;412;
Mymaridae;phytophage-parasitoid;plant;MYMA_Alaptus_MERG00188_0101;MG506585.1;MYMA;;;Alaptus;MERG00188;101;;MERG00188_0101;sp;Alaptus sp;Mymaridae;;;;;;INGROUP;Alaptus;sp;Alaptus;sp;1578802239;Alaptus;sp;TRUE;FALSE;1;652;652;2;5;MG506585.1;JN292346.1;83.4;652;108;0;1;652;1;652;-1;0;FALSE;1;412;412;
Mymaridae;phytophage-parasitoid;plant;MYMA_Anagroidea_MERG00189_0101;;MYMA;;;Anagroidea;MERG00189;101;;MERG00189_0101;sp;Anagroidea sp;Mymaridae;;;;;;INGROUP;Anagroidea;sp;Anagroidea;sp;NA;NA;NA;NA;NA;NA;NA;NA;NA;NA;NA;NA;NA;NA;NA;NA;NA;NA;NA;NA;NA;NA;NA;NA;NA;NA;
Mymaridae;phytophage-parasitoid;plant;MYMA_Anagrus_MERG00190_0101;OQ172984.1;MYMA;;;Anagrus;MERG00190;101;;MERG00190_0101;sp;Anagrus sp;Mymaridae;;;;;;INGROUP;Anagrus;daanei;Anagrus;sp;2419446046;Anagrus;atomus;TRUE;FALSE;1;652;652;2;5;OQ172984.1;JN292346.1;84;652;104;0;1;652;1;652;-1;0;FALSE;1;412;412;
Mymaridae;phytophage-parasitoid;plant;MYMA_Arescon_MERG00191_0101;MW369300.1;MYMA;;;Arescon;MERG00191;101;;MERG00191_0101;dimidiatus;Arescon dimidiatus;Mymaridae;;;;;;INGROUP;Arescon;dimidiatus;Arescon;dimidiatus;1945525116;Arescon;sp;TRUE;FALSE;1;472;472;3;5;MW369300.1;JN292346.1;83.6;434;71;0;1;434;219;652;-1;0;FALSE;1;412;412;
Mymaridae;phytophage-parasitoid;plant;MYMA_Australomymar_MERG00192_0101;GQ374671.1;MYMA;;;Australomymar;MERG00192;101;;MERG00192_0101;sp;Australomymar sp;Mymaridae;;;;;;INGROUP;Australomymar;sp;Australomymar;sp;300390942;Australomymar;sp;FALSE;NA;NA;NA;NA;NA;NA;GQ374671.1;JN292346.1;84.5;645;100;0;1;645;8;652;-1;0;FALSE;1;412;412;
Mymaridae;phytophage-parasitoid;plant;MYMA_Boudiennyia_MERG00193_0101;;MYMA;;;Boudiennyia;MERG00193;101;;MERG00193_0101;sp;Boudiennyia sp;Mymaridae;;;;;;INGROUP;Boudiennyia;saintpierrei;Boudiennyia;sp;NA;NA;NA;NA;NA;NA;NA;NA;NA;NA;NA;NA;NA;NA;NA;NA;NA;NA;NA;NA;NA;NA;NA;NA;NA;NA;
Mymaridae;phytophage-parasitoid;plant;MYMA_Camptoptera_MERG00194_0101;MG348171.1;MYMA;;;Camptoptera;MERG00194;101;;MERG00194_0101;sp;Camptoptera sp;Mymaridae;;;;;;INGROUP;Camptoptera;papaveris;Camptoptera;sp;1491948754;Camptoptera;sp;TRUE;FALSE;1;459;459;1;5;MG348171.1;JN292346.1;79.7;459;93;0;1;459;152;610;-1;0;FALSE;1;370;370;
Mymaridae;phytophage-parasitoid;plant;MYMA_Cleruchus_MERG00195_0101;MG502688.1;MYMA;;;Cleruchus;MERG00195;101;;MERG00195_0101;sp;Cleruchus sp;Mymaridae;;;;;;INGROUP;Cleruchus;sp;Cleruchus;sp;1578794445;Cleruchus;sp;TRUE;FALSE;1;652;652;2;5;MG502688.1;JN292346.1;83.4;652;108;0;1;652;1;652;-1;0;FALSE;1;412;412;
Mymaridae;phytophage-parasitoid;plant;MYMA_Cosmocomoidea_MERG00196_0101;MG350437.1;MYMA;;;Cosmocomoidea;MERG00196;101;;MERG00196_0101;sp;Cosmocomoidea sp;Mymaridae;;;;;;INGROUP;Cosmocomoidea;morrilli;Cosmocomoidea;fasciata;1491959872;Cosmocomoidea;morrilli;TRUE;FALSE;1;415;415;2;5;MG350437.1;JN292346.1;85.8;415;59;0;1;415;238;652;-1;0;FALSE;1;412;412;
Mymaridae;phytophage-parasitoid;plant;MYMA_Erythmelus_MERG00197_0101;HQ930391.1;MYMA;;;Erythmelus;MERG00197;101;;MERG00197_0101;sp;Erythmelus sp;Mymaridae;;;;;;INGROUP;Erythmelus;agilis;Erythmelus;sp;323106243;Erythmelus;sp;TRUE;FALSE;1;652;652;2;5;HQ930391.1;JN292346.1;80.7;652;126;0;1;652;1;652;-1;0;FALSE;1;412;412;
Mymaridae;phytophage-parasitoid;plant;MYMA_Eubroncus_MERG00198_0101;;MYMA;;;Eubroncus;MERG00198;101;;MERG00198_0101;sp;Eubroncus sp;Mymaridae;;;;;;INGROUP;Eubroncus;sp;Eubroncus;sp;NA;NA;NA;NA;NA;NA;NA;NA;NA;NA;NA;NA;NA;NA;NA;NA;NA;NA;NA;NA;NA;NA;NA;NA;NA;NA;
Mymaridae;phytophage-parasitoid;plant;MYMA_Heptagonatocerus_MERG00199_0101;;MYMA;;;Heptagonatocerus;MERG00199;101;;MERG00199_0101;parvus;Heptagonatocerus parvus;Mymaridae;;;;;;INGROUP;Heptagonatocerus;parvus;Heptagonatocerus;parvus;NA;NA;NA;NA;NA;NA;NA;NA;NA;NA;NA;NA;NA;NA;NA;NA;NA;NA;NA;NA;NA;NA;NA;NA;NA;NA;
Mymaridae;phytophage-parasitoid;plant;MYMA_Ischiodasys_MERG00200_0101;;MYMA;;;Ischiodasys;MERG00200;101;;MERG00200_0101;sp;Ischiodasys sp;Mymaridae;;;;;;INGROUP;Ischiodasys;sp;Ischiodasys;sp;NA;NA;NA;NA;NA;NA;NA;NA;NA;NA;NA;NA;NA;NA;NA;NA;NA;NA;NA;NA;NA;NA;NA;NA;NA;NA;
Mymaridae;phytophage-parasitoid;plant;MYMA_Mymar_MERG00201_0101;KY829633.1;MYMA;;;Mymar;MERG00201;101;;MERG00201_0101;sp;Mymar sp;Mymaridae;;;;;;INGROUP;Mymar;schwanni;Mymar;regale;1214150856;Mymar;sp;TRUE;FALSE;1;652;652;2;5;KY829633.1;JN292346.1;81.6;652;120;0;1;652;1;652;-1;0;FALSE;1;412;412;
Mymaridae;phytophage-parasitoid;plant;MYMA_Neotriadomerus_MERG00202_0101;;MYMA;;;Neotriadomerus;MERG00202;101;;MERG00202_0101;sp;Neotriadomerus sp;Mymaridae;;;;;;INGROUP;Neotriadomerus;darlingi;Neotriadomerus;sp;NA;NA;NA;NA;NA;NA;NA;NA;NA;NA;NA;NA;NA;NA;NA;NA;NA;NA;NA;NA;NA;NA;NA;NA;NA;NA;
Mymaridae;phytophage-parasitoid;plant;MYMA_Ooctonus_MERG00203_0101;MG350228.1;MYMA;;;Ooctonus;MERG00203;101;;MERG00203_0101;sp;Ooctonus sp;Mymaridae;;;;;;INGROUP;Ooctonus;sp;Ooctonus;hemipterus;1491959454;Ooctonus;hemipterus;TRUE;FALSE;1;416;416;3;5;MG350228.1;JN292346.1;81.5;416;77;0;1;416;237;652;-1;0;FALSE;1;412;412;
Mymaridae;phytophage-parasitoid;plant;MYMA_Parastethynium_MERG00204_0101;;MYMA;;;Parastethynium;MERG00204;101;;MERG00204_0101;sp;Parastethynium sp;Mymaridae;;;;;;INGROUP;Parastethynium;sp;Parastethynium;maxwelli;NA;NA;NA;NA;NA;NA;NA;NA;NA;NA;NA;NA;NA;NA;NA;NA;NA;NA;NA;NA;NA;NA;NA;NA;NA;NA;
Mymaridae;phytophage-parasitoid;plant;MYMA_Polynema_MERG00205_0101;PX108759.1;MYMA;;;Polynema;MERG00205;101;;MERG00205_0101;sp;Polynema sp;Mymaridae;;;;;;INGROUP;Polynema;gracile;Polynema;nr needhami;3040279659;Polynema;dunense;TRUE;FALSE;1;470;470;2;5;PX108759.1;JN292346.1;81.7;460;84;0;1;460;193;652;-1;0;FALSE;1;412;412;
Mymaridae;phytophage-parasitoid;plant;MYMA_Proarescon_MERG00206_0101;;MYMA;;;Proarescon;MERG00206;101;;MERG00206_0101;primitivus;Proarescon primitivus;Mymaridae;;;;;;INGROUP;Proarescon;primitivus;Proarescon;primitivus;NA;NA;NA;NA;NA;NA;NA;NA;NA;NA;NA;NA;NA;NA;NA;NA;NA;NA;NA;NA;NA;NA;NA;NA;NA;NA;
Mymaridae;phytophage-parasitoid;plant;MYMA_Stethynium_MERG00207_0101;MG347429.1;MYMA;;;Stethynium;MERG00207;101;;MERG00207_0101;sp;Stethynium sp;Mymaridae;;;;;;INGROUP;Stethynium;ophelimi;Stethynium;sp;1491941080;Stethynium;sp;TRUE;FALSE;1;474;474;1;5;MG347429.1;JN292346.1;80.4;474;93;0;1;474;131;604;-1;0;FALSE;1;364;364;
neanastatid_clade;phytophage-parasitoid;plant;EUPE_Neanastatinae_Lambdobregma_MERG00154_0101;;EUPE;Neanastatinae;;Lambdobregma;MERG00154;101;;MERG00154_0101;schwarzii;Lambdobregma schwarzii;Eupelmidae;Neanastatinae;;Neanastatidae;;;INGROUP;Lambdobregma;schwarzii;Lambdobregma;schwarzii;NA;NA;NA;NA;NA;NA;NA;NA;NA;NA;NA;NA;NA;NA;NA;NA;NA;NA;NA;NA;NA;NA;NA;NA;NA;NA;
neanastatid_clade;phytophage-parasitoid;plant;EUPE_Neanastatinae_Neanastatus_MERG00157_0101;MW983026.1;EUPE;Neanastatinae;;Neanastatus;MERG00157;101;;MERG00157_0101;sp;Neanastatus sp;Eupelmidae;Neanastatinae;;Neanastatidae;;;INGROUP;Neanastatus;sp;Neanastatus;sp;2082148102;Neanastatus;sp;TRUE;FALSE;1;411;411;1;5;MW983026.1;JN292346.1;84.4;411;64;0;1;411;239;649;-1;0;FALSE;1;409;409;
neanastatid_clade;phytophage-parasitoid;plant;EUPE_Neanastatinae_Neanastatus_MERG00158_0101;;EUPE;Neanastatinae;;Neanastatus;MERG00158;101;;MERG00158_0101;proximus;Neanastatus proximus;Eupelmidae;Neanastatinae;;Neanastatidae;;;INGROUP;Neanastatus;proximus;Neanastatus;proximus;NA;NA;NA;NA;NA;NA;NA;NA;NA;NA;NA;NA;NA;NA;NA;NA;NA;NA;NA;NA;NA;NA;NA;NA;NA;NA;
neanastatid_clade;phytophage-parasitoid;wood?;PTER_Louriciinae_Callimomoides_MERG00301_0101;;PTER;Louriciinae;;Callimomoides;MERG00301;101;;MERG00301_0101;sp;Callimomoides sp;Pteromalidae;Louriciinae;;Louriciinae_i_s;Louriciinae;;INGROUP;Callimomoides;sp;Callimomoides;sp;NA;NA;NA;NA;NA;NA;NA;NA;NA;NA;NA;NA;NA;NA;NA;NA;NA;NA;NA;NA;NA;NA;NA;NA;NA;NA;
Neapterolelapinae;phytophage-parasitoid;plant;PTER_Diparinae_Diparini_Neapterolelaps_MERG00272_0101;;PTER;Diparinae;Diparini;Neapterolelaps;MERG00272;101;;MERG00272_0101;sp;Neapterolelaps sp;Pteromalidae;Diparinae;Neapterolelapini;Neapterolelapinae_i_s;Neapterolelapinae;;INGROUP;Neapterolelaps;sp;Neapterolelaps;mitteri;NA;NA;NA;NA;NA;NA;NA;NA;NA;NA;NA;NA;NA;NA;NA;NA;NA;NA;NA;NA;NA;NA;NA;NA;NA;NA;
Neapterolelapinae;phytophage-parasitoid;plant;PTER_Diparinae_Diparini_Pseudoceraphron_MERG00274_0101_UCEonly;;PTER;Diparinae;Diparini;Pseudoceraphron;MERG00274;101;UCEonly;MERG00274_0101;sp;Pseudoceraphron sp;Pteromalidae;Diparinae;Diparini;Neapterolelapinae_i_s;Neapterolelapinae;;INGROUP;n.a.;n.a.;Pseudoceraphron;albifrons;NA;NA;NA;NA;NA;NA;NA;NA;NA;NA;NA;NA;NA;NA;NA;NA;NA;NA;NA;NA;NA;NA;NA;NA;NA;NA;
Neodiparidae;phytophage-parasitoid;plant;PTER_Elatoidinae_Elatoides_MERG00276_0101;;PTER;Elatoidinae;;Elatoides;MERG00276;101;;MERG00276_0101;nikolskayae;Elatoides nikolskayae;Pteromalidae;Elatoidinae;;Neodiparidae;Elatoidinae;;INGROUP;Elatoides;nikolskayae;Elatoides;nikolskayae;NA;NA;NA;NA;NA;NA;NA;NA;NA;NA;NA;NA;NA;NA;NA;NA;NA;NA;NA;NA;NA;NA;NA;NA;NA;NA;
Neodiparidae;phytophage-parasitoid;plant;PTER_Neodiparinae_Neodipara_MERG00307_0101;;PTER;Neodiparinae;;Neodipara;MERG00307;101;;MERG00307_0101;sp;Neodipara sp;Pteromalidae;Neodiparinae;;Neodiparidae;Neodiparinae;;INGROUP;Neodipara;sp;Neodipara;sp;NA;NA;NA;NA;NA;NA;NA;NA;NA;NA;NA;NA;NA;NA;NA;NA;NA;NA;NA;NA;NA;NA;NA;NA;NA;NA;
Neodiparidae;phytophage-parasitoid;plant;PTER_Neodiparinae_Neodipara_MERG00308_0101;;PTER;Neodiparinae;;Neodipara;MERG00308;101;;MERG00308_0101;sp;Neodipara sp;Pteromalidae;Neodiparinae;;Neodiparidae;Neodiparinae;;INGROUP;Neodipara;sp;Neodipara;sp;NA;NA;NA;NA;NA;NA;NA;NA;NA;NA;NA;NA;NA;NA;NA;NA;NA;NA;NA;NA;NA;NA;NA;NA;NA;NA;
Pelecinellidae;phytophage-parasitoid;wood?;PTER_Leptofoeninae_Leptofoenus_MERG00300_0101;;PTER;Leptofoeninae;;Leptofoenus;MERG00300;101;;MERG00300_0101;sp;Leptofoenus sp;Pteromalidae;Leptofoeninae;;Pelecinellidae;Pelecinellinae;;INGROUP;Leptofoenus;rufus;Leptofoenus;stephanoides;NA;NA;NA;NA;NA;NA;NA;NA;NA;NA;NA;NA;NA;NA;NA;NA;NA;NA;NA;NA;NA;NA;NA;NA;NA;NA;
Pirenidae;phytophage-parasitoid;plants;ERIA_Eriaporinae_Eunotiscus_MERG00090_0101;;ERIA;Eriaporinae;;Eunotiscus;MERG00090;101;;MERG00090_0101;sp;Eunotiscus sp;Eriaporidae;Eriaporinae;;Pirenidae;Eriaporinae;;INGROUP;Eunotiscus;sp;Eunotiscus;sp;NA;NA;NA;NA;NA;NA;NA;NA;NA;NA;NA;NA;NA;NA;NA;NA;NA;NA;NA;NA;NA;NA;NA;NA;NA;NA;
Pirenidae;phytophage-parasitoid;plants;ERIA_Eriaporinae_Promuscidea_MERG00091_0101;MT775782.1;ERIA;Eriaporinae;;Promuscidea;MERG00091;101;;MERG00091_0101;sp;Promuscidea sp;Eriaporidae;Eriaporinae;;Pirenidae;Eriaporinae;;INGROUP;Promuscidea;sp;Promuscidea;sp;1875923500;Promuscidea;unfasciativentris;TRUE;FALSE;1;618;618;1;5;MT775782.1;JN292346.1;81;609;116;0;1;609;44;652;-1;0;FALSE;1;412;412;
Pirenidae;phytophage-parasitoid;plants;ERIA_Euryischiinae_Euryischia_MERG00092_0101;;ERIA;Euryischiinae;;Euryischia;MERG00092;101;;MERG00092_0101;sp;Euryischia sp;Eriaporidae;Euryischiinae;;Pirenidae;Euryischiinae;;INGROUP;Euryischia;sp;Euryischia;sp;NA;NA;NA;NA;NA;NA;NA;NA;NA;NA;NA;NA;NA;NA;NA;NA;NA;NA;NA;NA;NA;NA;NA;NA;NA;NA;
Pirenidae;phytophage-parasitoid;plants;ERIA_Euryischiinae_Euryischomyia_MERG00093_0101;;ERIA;Euryischiinae;;Euryischomyia;MERG00093;101;;MERG00093_0101;sp;Euryischomyia sp;Eriaporidae;Euryischiinae;;Pirenidae;Euryischiinae;;INGROUP;Euryischomyia;sp;Euryischomyia;sp;NA;NA;NA;NA;NA;NA;NA;NA;NA;NA;NA;NA;NA;NA;NA;NA;NA;NA;NA;NA;NA;NA;NA;NA;NA;NA;
Pirenidae;phytophage-parasitoid;plants;ERIA_Euryischiinae_Myiocnema_MERG00094_0101;KJ955498.1;ERIA;Euryischiinae;;Myiocnema;MERG00094;101;;MERG00094_0101;sp;Myiocnema sp;Eriaporidae;Euryischiinae;;Pirenidae;Euryischiinae;;INGROUP;Myiocnema;sp;Myiocnema;sp;661350284;Myiocnema;comperei;TRUE;FALSE;1;654;654;1;5;KJ955498.1;JN292346.1;82.1;630;113;0;1;630;23;652;-1;0;FALSE;1;412;412;
Pirenidae;Phytophage-parasitoid?;plant;PTER_Coelocybinae_Cecidellis_MERG00257_0101;;PTER;Coelocybinae;;Cecidellis;MERG00257;101;;MERG00257_0101;sp;Cecidellis sp;Pteromalidae;Coelocybinae;;Pirenidae;Cecidellinae;;INGROUP;Cecidellis;sp;Cecidellis;nectandra;NA;NA;NA;NA;NA;NA;NA;NA;NA;NA;NA;NA;NA;NA;NA;NA;NA;NA;NA;NA;NA;NA;NA;NA;NA;NA;
Pirenidae;phytophage-parasitoid;plants;PTER_Pireninae_Gastrancistrus_MERG00326_0101;KU496743.1;PTER;Pireninae;;Gastrancistrus;MERG00326;101;;MERG00326_0101;sp;Gastrancistrus sp;Pteromalidae;Pireninae;;Pirenidae;Tridyminae;;INGROUP;Gastrancistrus;sp;Gastrancistrus;sp;1095593842;Gastrancistrus;sp;TRUE;FALSE;1;420;420;1;5;KU496743.1;JN292346.1;82.9;420;72;0;1;420;233;652;-1;0;FALSE;1;412;412;
Pirenidae;phytophage-parasitoid;plants;PTER_Pireninae_Macroglenes_MERG00327_0101;PP213910.1;PTER;Pireninae;;Macroglenes;MERG00327;101;;MERG00327_0101;sp;Macroglenes sp;Pteromalidae;Pireninae;;Pirenidae;Pireninae;;INGROUP;Macroglenes;gramineus;Macroglenes;penetrans;2858757680;Macroglenes;penetrans;TRUE;FALSE;1;466;466;2;5;PP213910.1;JN292346.1;81.9;448;81;0;1;448;205;652;-1;0;FALSE;1;412;412;
Pirenidae;phytophage-parasitoid;plants;PTER_Pireninae_Petipirene_MERG00331_0101_AHEonly;;PTER;Pireninae;;Petipirene;MERG00331;101;AHEonly;MERG00331_0101;sp;Petipirene sp;Pteromalidae;Pireninae;;Pirenidae;Pireninae;;INGROUP;Petipirene;eximia;n.a.;n.a.;NA;NA;NA;NA;NA;NA;NA;NA;NA;NA;NA;NA;NA;NA;NA;NA;NA;NA;NA;NA;NA;NA;NA;NA;NA;NA;
Pirenidae;phytophage-parasitoid;plants;PTER_Pireninae_Premiscogaster_MERG00328_0101;;PTER;Pireninae;;Premiscogaster;MERG00328;101;;MERG00328_0101;sp;Premiscogaster sp;Pteromalidae;Pireninae;;Pirenidae;Tridyminae;;INGROUP;Premiscogaster;sp;Premiscogaster;sp;NA;NA;NA;NA;NA;NA;NA;NA;NA;NA;NA;NA;NA;NA;NA;NA;NA;NA;NA;NA;NA;NA;NA;NA;NA;NA;
Pirenidae;phytophage-parasitoid;plants;PTER_Pireninae_Sirovena_MERG00329_0101;JQ031787.1;PTER;Pireninae;;Sirovena;MERG00329;101;;MERG00329_0101;stigma;Sirovena stigma;Pteromalidae;Pireninae;;Pirenidae;Tridyminae;;INGROUP;Sirovena;stigma;Sirovena;stigma;395863630;Sirovena;sp;TRUE;FALSE;1;549;549;3;5;JQ031787.1;JN292346.1;82.6;545;95;0;1;545;108;652;-1;0;FALSE;1;412;412;
Pirenidae;phytophage-parasitoid;plants;PTER_Pireninae_Watshamia_MERG00330_0101;;PTER;Pireninae;;Watshamia;MERG00330;101;;MERG00330_0101;sp;Watshamia sp;Pteromalidae;Pireninae;;Pirenidae;Pireninae;;INGROUP;Watshamia;sp;Watshamia;sp;NA;NA;NA;NA;NA;NA;NA;NA;NA;NA;NA;NA;NA;NA;NA;NA;NA;NA;NA;NA;NA;NA;NA;NA;NA;NA;
planidial_clade;phytophage-parasitoid;plants;CHRY_Chrysolampinae_Brachyelatus_MERG00211_0101;KC008306.1;CHRY;Chrysolampinae;;Brachyelatus;MERG00211;101;;MERG00211_0101;sp;Brachyelatus sp;Chrysolampidae;Chrysolampinae;;;;;INGROUP;Brachyelatus;sp;Brachyelatus;sp;486171504;Brachyelatus;sp;TRUE;FALSE;1;780;780;1;5;KC008306.1;JN292346.1;81;321;61;0;1;321;332;652;-1;0;FALSE;92;412;321;
planidial_clade;phytophage-parasitoid;plants;CHRY_Chrysolampinae_Chrysolampus_MERG00212_0101;;CHRY;Chrysolampinae;;Chrysolampus;MERG00212;101;;MERG00212_0101;sp;Chrysolampus sp;Chrysolampidae;Chrysolampinae;;;;;INGROUP;Chrysolampus;schwarzii;Chrysolampus;sp;NA;NA;NA;NA;NA;NA;NA;NA;NA;NA;NA;NA;NA;NA;NA;NA;NA;NA;NA;NA;NA;NA;NA;NA;NA;NA;
planidial_clade;phytophage-parasitoid;plants;CHRY_Chrysolampinae_Chrysomalla_MERG00213_0101;;CHRY;Chrysolampinae;;Chrysomalla;MERG00213;101;;MERG00213_0101;hesperis;Chrysomalla hesperis;Chrysolampidae;Chrysolampinae;;;;;INGROUP;Chrysomalla;hesperis;Chrysomalla;hesperis;NA;NA;NA;NA;NA;NA;NA;NA;NA;NA;NA;NA;NA;NA;NA;NA;NA;NA;NA;NA;NA;NA;NA;NA;NA;NA;
planidial_clade;phytophage-parasitoid;plants;CHRY_Philomidinae_Aperilampus_MERG00223_0101_UCEonly;;CHRY;Philomidinae;;Aperilampus;MERG00223;101;UCEonly;MERG00223_0101;sp;Aperilampus sp;Chrysolampidae;Philomidinae;;;;;INGROUP;n.a.;n.a.;Aperilampus;sp;NA;NA;NA;NA;NA;NA;NA;NA;NA;NA;NA;NA;NA;NA;NA;NA;NA;NA;NA;NA;NA;NA;NA;NA;NA;NA;
planidial_clade;phytophage-parasitoid;plants;CHRY_Philomidinae_Philomides_MERG00224_0101;;CHRY;Philomidinae;;Philomides;MERG00224;101;;MERG00224_0101;hamooniae;Philomides hamooniae;Chrysolampidae;Philomidinae;;;;;INGROUP;Philomides;hamooniae;Philomides;hamooniae;NA;NA;NA;NA;NA;NA;NA;NA;NA;NA;NA;NA;NA;NA;NA;NA;NA;NA;NA;NA;NA;NA;NA;NA;NA;NA;
planidial_clade;phytophage-parasitoid?;?;EUCH_Akapalinae_Akapala_MERG00095_0101;;EUCH;Akapalinae;;Akapala;MERG00095;101;;MERG00095_0101;astriaticeps;Akapala astriaticeps;Eucharitidae;Akapalinae;;;;;INGROUP;Akapala;astriaticeps;Akapala;astriaticeps;NA;NA;NA;NA;NA;NA;NA;NA;NA;NA;NA;NA;NA;NA;NA;NA;NA;NA;NA;NA;NA;NA;NA;NA;NA;NA;
planidial_clade;phytophage-parasitoid?;?;EUCH_Akapalinae_Akapala_MERG00096_0101;KC008324.1;EUCH;Akapalinae;;Akapala;MERG00096;101;;MERG00096_0101;rudis;Akapala rudis;Eucharitidae;Akapalinae;;;;;INGROUP;Akapala;rudis;Akapala;rudis;486171540;Akapala;rudis;TRUE;FALSE;1;779;779;1;5;KC008324.1;JN292346.1;85.4;321;47;0;1;321;332;652;-1;0;FALSE;92;412;321;
planidial_clade;phytophage-parasitoid;soil;EUCH_Eucharitinae_Eucharitini_Colocharis_MERG00097_0101;KC008239.1;EUCH;Eucharitinae;Eucharitini;Colocharis;MERG00097;101;;MERG00097_0101;napoana;Colocharis napoana;Eucharitidae;Eucharitinae;Eucharitini;;;;INGROUP;Colocharis;napoana;Colocharis;napoana;486171370;Colocharis;napoana;TRUE;FALSE;1;754;754;1;5;KC008239.1;JN292346.1;80.4;321;63;0;1;321;332;652;-1;0;FALSE;92;412;321;
planidial_clade;phytophage-parasitoid;soil;EUCH_Eucharitinae_Eucharitini_Eucharis_MERG00098_0101;;EUCH;Eucharitinae;Eucharitini;Eucharis;MERG00098;101;;MERG00098_0101;adscendens;Eucharis adscendens;Eucharitidae;Eucharitinae;Eucharitini;;;;INGROUP;Eucharis;adscendens;Eucharis;adscendens;NA;NA;NA;NA;NA;NA;NA;NA;NA;NA;NA;NA;NA;NA;NA;NA;NA;NA;NA;NA;NA;NA;NA;NA;NA;NA;
planidial_clade;phytophage-parasitoid;soil;EUCH_Eucharitinae_Eucharitini_Kapala_MERG00099_0101;KC008293.1;EUCH;Eucharitinae;Eucharitini;Kapala;MERG00099;101;;MERG00099_0101;sp;Kapala sp;Eucharitidae;Eucharitinae;Eucharitini;;;;INGROUP;Kapala;floridana;Kapala;sp;486171478;Kapala;floridana;TRUE;FALSE;1;754;754;1;5;KC008293.1;JN292346.1;81;321;61;0;1;321;332;652;-1;0;FALSE;92;412;321;
planidial_clade;phytophage-parasitoid;soil;EUCH_Eucharitinae_Eucharitini_Pseudometagea_MERG00101_0101;;EUCH;Eucharitinae;Eucharitini;Pseudometagea;MERG00101;101;;MERG00101_0101;sp;Pseudometagea sp;Eucharitidae;Eucharitinae;Eucharitini;;;;INGROUP;Pseudometagea;rugosa;Pseudometagea;sp;NA;NA;NA;NA;NA;NA;NA;NA;NA;NA;NA;NA;NA;NA;NA;NA;NA;NA;NA;NA;NA;NA;NA;NA;NA;NA;
planidial_clade;phytophage-parasitoid;soil;EUCH_Eucharitinae_Eucharitini_Schizaspidia_MERG00103_0101;KC008226.1;EUCH;Eucharitinae;Eucharitini;Schizaspidia;MERG00103;101;;MERG00103_0101;sp;Schizaspidia sp;Eucharitidae;Eucharitinae;Eucharitini;;;;INGROUP;Schizaspidia;aenea;Schizaspidia;sp;486171344;Schizaspidia;sp;TRUE;FALSE;1;754;754;1;5;KC008226.1;JN292346.1;81.9;321;58;0;1;321;332;652;-1;0;FALSE;92;412;321;
planidial_clade;phytophage-parasitoid;soil;EUCH_Eucharitinae_Psilocharitini_Neolosbanus_MERG00100_0101;;EUCH;Eucharitinae;Psilocharitini;Neolosbanus;MERG00100;101;;MERG00100_0101;palgravei;Neolosbanus palgravei;Eucharitidae;Eucharitinae;Psilocharitini;;;;INGROUP;Neolosbanus;palgravei;Neolosbanus;palgravei;NA;NA;NA;NA;NA;NA;NA;NA;NA;NA;NA;NA;NA;NA;NA;NA;NA;NA;NA;NA;NA;NA;NA;NA;NA;NA;
planidial_clade;phytophage-parasitoid;soil;EUCH_Eucharitinae_Psilocharitini_Psilocharis_MERG00102_0101;KC213237.1;EUCH;Eucharitinae;Psilocharitini;Psilocharis;MERG00102;101;;MERG00102_0101;afra;Psilocharis afra;Eucharitidae;Eucharitinae;Psilocharitini;;;;INGROUP;Psilocharis;afra;Psilocharis;afra;530695787;Psilocharis;afra;TRUE;FALSE;1;645;645;1;5;KC213237.1;JN292346.1;83.3;645;108;0;1;645;8;652;-1;0;FALSE;1;412;412;
planidial_clade;phytophage-parasitoid;soil;EUCH_Gollumiellinae_Anorasema_MERG00104_0101;;EUCH;Gollumiellinae;;Anorasema;MERG00104;101;;MERG00104_0101;pallidipes;Anorasema pallidipes;Eucharitidae;Gollumiellinae;;;;;INGROUP;Anorasema;pallidipes;Anorasema;pallidipes;NA;NA;NA;NA;NA;NA;NA;NA;NA;NA;NA;NA;NA;NA;NA;NA;NA;NA;NA;NA;NA;NA;NA;NA;NA;NA;
planidial_clade;phytophage-parasitoid;soil;EUCH_Gollumiellinae_Gollumiella_MERG00105_0101;;EUCH;Gollumiellinae;;Gollumiella;MERG00105;101;;MERG00105_0101;longipetiolata;Gollumiella longipetiolata;Eucharitidae;Gollumiellinae;;;;;INGROUP;Gollumiella;longipetiolata;Gollumiella;longipetiolata;NA;NA;NA;NA;NA;NA;NA;NA;NA;NA;NA;NA;NA;NA;NA;NA;NA;NA;NA;NA;NA;NA;NA;NA;NA;NA;
planidial_clade;phytophage-parasitoid;soil;EUCH_Oraseminae_Australosema_MERG00106_0101;;EUCH;Oraseminae;;Australosema;MERG00106;101;;MERG00106_0101;synempora;Australosema synempora;Eucharitidae;Oraseminae;;;;;INGROUP;Australosema;synempora;Australosema;synempora;NA;NA;NA;NA;NA;NA;NA;NA;NA;NA;NA;NA;NA;NA;NA;NA;NA;NA;NA;NA;NA;NA;NA;NA;NA;NA;
planidial_clade;phytophage-parasitoid;soil;EUCH_Oraseminae_Leiosema_MERG00107_0101;;EUCH;Oraseminae;;Leiosema;MERG00107;101;;MERG00107_0101;glabra;Leiosema glabra;Eucharitidae;Oraseminae;;;;;INGROUP;Leiosema;glabra;Leiosema;glabra;NA;NA;NA;NA;NA;NA;NA;NA;NA;NA;NA;NA;NA;NA;NA;NA;NA;NA;NA;NA;NA;NA;NA;NA;NA;NA;
planidial_clade;phytophage-parasitoid;soil;EUCH_Oraseminae_Orasema_MERG00108_0101;OR555446.1;EUCH;Oraseminae;;Orasema;MERG00108;101;;MERG00108_0101;sp;Orasema sp;Eucharitidae;Oraseminae;;;;;INGROUP;Orasema;coloradensis;Orasema;sp;2725687723;Orasema;sp;TRUE;FALSE;1;404;404;2;5;OR555446.1;JN292346.1;83.4;403;67;0;1;403;250;652;-1;0;FALSE;10;412;403;
planidial_clade;phytophage-parasitoid;soil;EUCH_Oraseminae_Timioderus_MERG00109_0101;;EUCH;Oraseminae;;Timioderus;MERG00109;101;;MERG00109_0101;peridentatus;Timioderus peridentatus;Eucharitidae;Oraseminae;;;;;INGROUP;Timioderus;peridentatus;Timioderus;peridentatus;NA;NA;NA;NA;NA;NA;NA;NA;NA;NA;NA;NA;NA;NA;NA;NA;NA;NA;NA;NA;NA;NA;NA;NA;NA;NA;
planidial_clade;phytophage-parasitoid;plant;EUTR_Eutrichosoma_MERG00291_0101;;EUTR;;;Eutrichosoma;MERG00291;101;;MERG00291_0101;mirabile;Eutrichosoma mirabile;Eutrichosomatidae;;;;;;INGROUP;Eutrichosoma;mirabile;Eutrichosoma;mirabile;NA;NA;NA;NA;NA;NA;NA;NA;NA;NA;NA;NA;NA;NA;NA;NA;NA;NA;NA;NA;NA;NA;NA;NA;NA;NA;
planidial_clade;phytophage-parasitoid;plant;EUTR_Peckianus_MERG00292_0101;;EUTR;;;Peckianus;MERG00292;101;;MERG00292_0101;laevis;Peckianus laevis;Eutrichosomatidae;;;;;;INGROUP;Peckianus;laevis;Peckianus;laevis;NA;NA;NA;NA;NA;NA;NA;NA;NA;NA;NA;NA;NA;NA;NA;NA;NA;NA;NA;NA;NA;NA;NA;NA;NA;NA;
planidial_clade;phytophage-parasitoid;plant;PERI_Burksilampus_MERG00214_0101;;PERI;;;Burksilampus;MERG00214;101;;MERG00214_0101;sp;Burksilampus sp;Perilampidae;;;;;;INGROUP;Burksilampus;sp;Burksilampus;sp;NA;NA;NA;NA;NA;NA;NA;NA;NA;NA;NA;NA;NA;NA;NA;NA;NA;NA;NA;NA;NA;NA;NA;NA;NA;NA;
planidial_clade;phytophage-parasitoid;plant;PERI_Euperilampus_MERG00215_0101;;PERI;;;Euperilampus;MERG00215;101;;MERG00215_0101;sp;Euperilampus sp;Perilampidae;;;;;;INGROUP;Euperilampus;scutellaris;Euperilampus;sp;NA;NA;NA;NA;NA;NA;NA;NA;NA;NA;NA;NA;NA;NA;NA;NA;NA;NA;NA;NA;NA;NA;NA;NA;NA;NA;
planidial_clade;phytophage-parasitoid;plant;PERI_Euperilampus_MERG00216_0101;;PERI;;;Euperilampus;MERG00216;101;;MERG00216_0101;triangularis;Euperilampus triangularis;Perilampidae;;;;;;INGROUP;Euperilampus;triangularis;Euperilampus;triangularis;NA;NA;NA;NA;NA;NA;NA;NA;NA;NA;NA;NA;NA;NA;NA;NA;NA;NA;NA;NA;NA;NA;NA;NA;NA;NA;
planidial_clade;phytophage-parasitoid;plant;PERI_Krombeinius_MERG00222_0101_AHEonly;;PERI;;;Krombeinius;MERG00222;101;AHEonly;MERG00222_0101;sp;Krombeinius sp;Perilampidae;;;;;;INGROUP;Krombeinius;sp;n.a.;n.a.;NA;NA;NA;NA;NA;NA;NA;NA;NA;NA;NA;NA;NA;NA;NA;NA;NA;NA;NA;NA;NA;NA;NA;NA;NA;NA;
planidial_clade;phytophage-parasitoid;wood;PERI_Monacon_MERG00217_0101;MW983752.1;PERI;;;Monacon;MERG00217;101;;MERG00217_0101;sp;Monacon sp;Perilampidae;;;;;;INGROUP;Monacon;sp;Monacon;latispina;2082150789;Monacon;tricorne;TRUE;FALSE;1;624;624;1;5;MW983752.1;JN292346.1;84.1;624;99;0;1;624;26;649;-1;0;FALSE;1;409;409;
planidial_clade;phytophage-parasitoid;plant;PERI_Perilampus_MERG00218_0101;KM566788.1;PERI;;;Perilampus;MERG00218;101;;MERG00218_0101;sp;Perilampus sp;Perilampidae;;;;;;INGROUP;Perilampus;sp;Perilampus;sp;NA;NA;NA;NA;NA;NA;NA;NA;NA;NA;NA;NA;NA;NA;NA;NA;NA;NA;NA;NA;NA;NA;NA;NA;NA;NA;
planidial_clade;phytophage-parasitoid;plant;PERI_Perilampus_MERG00219_0101;;PERI;;;Perilampus;MERG00219;101;;MERG00219_0101;hyalinus;Perilampus hyalinus;Perilampidae;;;;;;INGROUP;Perilampus;hyalinus;Perilampus;hyalinus;NA;NA;NA;NA;NA;NA;NA;NA;NA;NA;NA;NA;NA;NA;NA;NA;NA;NA;NA;NA;NA;NA;NA;NA;NA;NA;
planidial_clade;phytophage-parasitoid;plant;PERI_Perilampus_MERG00220_0101;;PERI;;;Perilampus;MERG00220;101;;MERG00220_0101;sp;Perilampus sp;Perilampidae;;;;;;INGROUP;Perilampus;saleius;Perilampus;micans;NA;NA;NA;NA;NA;NA;NA;NA;NA;NA;NA;NA;NA;NA;NA;NA;NA;NA;NA;NA;NA;NA;NA;NA;NA;NA;
planidial_clade;phytophage-parasitoid;wood;PERI_Steffanolampus_MERG00221_0101;KC008323.1;PERI;;;Steffanolampus;MERG00221;101;;MERG00221_0101;salicetum;Steffanolampus salicetum;Perilampidae;;;;;;INGROUP;Steffanolampus;salicetum;Steffanolampus;salicetum;486171538;Steffanolampus;salicetum;TRUE;FALSE;1;780;780;1;5;KC008323.1;JN292346.1;83.8;321;52;0;1;321;332;652;-1;0;FALSE;92;412;321;
planidial_clade;?;?;PTER_aff_Erotolepsiinae_new_tribe_New_Genus_MERG00225_0101_UCEonly;;PTER;aff;;Genus;MERG00225;101;UCEonly;MERG00225_0101;sp;Genus sp;Pteromalidae;aff_Erotolepsiinae;New_tribe;Family_i_s;;;INGROUP;n.a.;n.a.;New Genus;sp;NA;NA;NA;NA;NA;NA;NA;NA;NA;NA;NA;NA;NA;NA;NA;NA;NA;NA;NA;NA;NA;NA;NA;NA;NA;NA;
planidial_clade;phytophage-parasitoid;?;PTER_Erotolepsiinae_Erotolepsia_MERG00280_0101;;PTER;Erotolepsiinae;;Erotolepsia;MERG00280;101;;MERG00280_0101;sp;Erotolepsia sp;Pteromalidae;Erotolepsiinae;;Spalangiidae;Erotolepsiinae;;INGROUP;Erotolepsia;sp;Erotolepsia;sp01;NA;NA;NA;NA;NA;NA;NA;NA;NA;NA;NA;NA;NA;NA;NA;NA;NA;NA;NA;NA;NA;NA;NA;NA;NA;NA;
planidial_clade;phytophage-parasitoid;?;PTER_Erotolepsiinae_Papuopsia_MERG00281_0101;;PTER;Erotolepsiinae;;Papuopsia;MERG00281;101;;MERG00281_0101;sp;Papuopsia sp;Pteromalidae;Erotolepsiinae;;Spalangiidae;Erotolepsiinae;;INGROUP;Papuopsia;sp;Papuopsia;sp;NA;NA;NA;NA;NA;NA;NA;NA;NA;NA;NA;NA;NA;NA;NA;NA;NA;NA;NA;NA;NA;NA;NA;NA;NA;NA;
planidial_clade;phytophage-parasitoid;???;PTER_Spalangiinae_Spalangia_MERG00346_0101;MG373820.1;PTER;Spalangiinae;;Spalangia;MERG00346;101;;MERG00346_0101;sp;Spalangia sp;Pteromalidae;Spalangiinae;;Spalangiidae;Spalangiinae;;INGROUP;Spalangia;endius;Spalangia;sp;1365618220;Spalangia;sp;TRUE;FALSE;1;480;480;1;5;MG373820.1;JN292346.1;77.9;480;106;0;1;480;140;619;-1;0;FALSE;1;379;379;
planidial_clade;phytophage-parasitoid;???;PTER_Spalangiinae_Spalangia_MERG00347_0101;;PTER;Spalangiinae;;Spalangia;MERG00347;101;;MERG00347_0101;sp;Spalangia sp;Pteromalidae;Spalangiinae;;Spalangiidae;Spalangiinae;;INGROUP;Spalangia;cameroni;Spalangia;sp;NA;NA;NA;NA;NA;NA;NA;NA;NA;NA;NA;NA;NA;NA;NA;NA;NA;NA;NA;NA;NA;NA;NA;NA;NA;NA;
Pteromalidae;phytophage;plants;AGAO_Sycophaginae_Anidarnes_MERG00008_0101;JQ925924.1;AGAO;Sycophaginae;;Anidarnes;MERG00008;101;;MERG00008_0101;bicolor;Anidarnes bicolor;Agaonidae;Sycophaginae;;Pteromalidae;Sycophaginae;;INGROUP;Anidarnes;bicolor;Anidarnes;bicolor;388424194;Anidarnes;bicolor;TRUE;FALSE;1;574;574;2;5;JQ925924.1;JN292346.1;76.5;578;122;4;1;574;37;604;-1;0;FALSE;1;364;364;
Pteromalidae;phytophage;plants;AGAO_Sycophaginae_Idarnes_MERG00009_0101;PQ562128.1;AGAO;Sycophaginae;;Idarnes;MERG00009;101;;MERG00009_0101;sp;Idarnes sp;Agaonidae;Sycophaginae;;Pteromalidae;Sycophaginae;;INGROUP;Idarnes;sp;Idarnes;sp;2870641341;Idarnes;sp;TRUE;FALSE;1;1457;1457;2;5;PQ562128.1;JN292346.1;82.7;652;113;0;1;652;1;652;-1;0;FALSE;1;412;412;
Pteromalidae;phytophage;plants;AGAO_Sycophaginae_Pseudidarnes_MERG00010_0101;HM770660.1;AGAO;Sycophaginae;;Pseudidarnes;MERG00010;101;;MERG00010_0101;minerva;Pseudidarnes minerva;Agaonidae;Sycophaginae;;Pteromalidae;Sycophaginae;;INGROUP;Pseudidarnes;minerva;Pseudidarnes;minerva;315454400;Pseudidarnes;minerva;FALSE;NA;NA;NA;NA;NA;NA;HM770660.1;JN292346.1;73.8;359;94;0;1;359;275;633;-1;0;FALSE;35;393;359;
Pteromalidae;phytophage;plants;AGAO_Sycophaginae_Sycophaga_MERG00011_0101;MT947599.2;AGAO;Sycophaginae;;Sycophaga;MERG00011;101;;MERG00011_0101;sp;Sycophaga sp;Agaonidae;Sycophaginae;;Pteromalidae;Sycophaginae;;INGROUP;Sycophaga;sp;Sycophaga;gigas;2020861040;Sycophaga;agraensis;TRUE;FALSE;7264;8791;1528;1;5;MT947599.2;JN292346.1;82.4;652;115;0;7305;7956;1;652;-1;0;FALSE;1;412;412;
Pteromalidae;phytophage-parasitoid;plant;PTER_Austroterobiinae_Teasienna_MERG00231_0101;;PTER;Austroterobiinae;;Teasienna;MERG00231;101;;MERG00231_0101;sp;Teasienna sp;Pteromalidae;Austroterobiinae;;;Pachyneurinae;;INGROUP;Teasienna;sp;Teasienna;africana;NA;NA;NA;NA;NA;NA;NA;NA;NA;NA;NA;NA;NA;NA;NA;NA;NA;NA;NA;NA;NA;NA;NA;NA;NA;NA;
Pteromalidae;phytophage-parasitoid;plant;PTER_Coelocybinae_Yrka_MERG00262_0101;;PTER;Coelocybinae;;Yrka;MERG00262;101;;MERG00262_0101;sp;Yrka sp;Pteromalidae;Coelocybinae;;;Colotrechninae;Amerostenini;INGROUP;Yrka;dahmsi;Yrka;sp;NA;NA;NA;NA;NA;NA;NA;NA;NA;NA;NA;NA;NA;NA;NA;NA;NA;NA;NA;NA;NA;NA;NA;NA;NA;NA;
Pteromalidae;phytophage-parasitoid;plant;PTER_Colotrechninae_Amerostenini_Amerostenus_MERG00263_0101;;PTER;Colotrechninae;Amerostenini;Amerostenus;MERG00263;101;;MERG00263_0101;sp;Amerostenus sp;Pteromalidae;Colotrechninae;Amerostenini;;;;INGROUP;Amerostenus;sp;Amerostenus;sp;NA;NA;NA;NA;NA;NA;NA;NA;NA;NA;NA;NA;NA;NA;NA;NA;NA;NA;NA;NA;NA;NA;NA;NA;NA;NA;
Pteromalidae;phytophage-parasitoid;plant;PTER_Colotrechninae_Colotrechnini_Cameronella_MERG00265_0101;;PTER;Colotrechninae;Colotrechnini;Cameronella;MERG00265;101;;MERG00265_0101;auriventris;Cameronella auriventris;Pteromalidae;Colotrechninae;Colotrechnini;;;;INGROUP;Cameronella;auriventris;Cameronella;auriventris;NA;NA;NA;NA;NA;NA;NA;NA;NA;NA;NA;NA;NA;NA;NA;NA;NA;NA;NA;NA;NA;NA;NA;NA;NA;NA;
Pteromalidae;phytophage-parasitoid;plant;PTER_Colotrechninae_Colotrechnini_Colotrechnus_MERG00266_0101;HM365026.1;PTER;Colotrechninae;Colotrechnini;Colotrechnus;MERG00266;101;;MERG00266_0101;ignotus;Colotrechnus ignotus;Pteromalidae;Colotrechninae;Colotrechnini;;;;INGROUP;Colotrechnus;ignotus;Colotrechnus;ignotus;323482582;Colotrechnus;ignotus;TRUE;FALSE;1;750;750;1;5;HM365026.1;JN292346.1;84.9;630;95;0;1;630;23;652;-1;0;FALSE;1;412;412;
Pteromalidae;phytophage-parasitoid;plant;PTER_Colotrechninae_Colotrechnini_nr_Bofuria_Bofuria_MERG00264_0101;;PTER;Colotrechninae;Colotrechnini;Bofuria;MERG00264;101;;MERG00264_0101;sp;Bofuria sp;Pteromalidae;Colotrechninae;Colotrechnini;;;;INGROUP;nr Bofuria;sp;Bofuria;sp;NA;NA;NA;NA;NA;NA;NA;NA;NA;NA;NA;NA;NA;NA;NA;NA;NA;NA;NA;NA;NA;NA;NA;NA;NA;NA;
Pteromalidae;phytophage-parasitoid;plant;PTER_Miscogastrinae_Miscogastrini_Miscogaster_MERG00305_0101;;PTER;Miscogastrinae;Miscogastrini;Miscogaster;MERG00305;101;;MERG00305_0101;sp;Miscogaster sp;Pteromalidae;Miscogastrinae;Miscogastrini;;;;INGROUP;Miscogaster;sp;Miscogaster;maculata;NA;NA;NA;NA;NA;NA;NA;NA;NA;NA;NA;NA;NA;NA;NA;NA;NA;NA;NA;NA;NA;NA;NA;NA;NA;NA;
Pteromalidae;phytophage-parasitoid;plant;PTER_Miscogastrinae_Miscogastrini_Nodisoplata_MERG00306_0101;;PTER;Miscogastrinae;Miscogastrini;Nodisoplata;MERG00306;101;;MERG00306_0101;sp;Nodisoplata sp;Pteromalidae;Miscogastrinae;Miscogastrini;;Ormocerinae;;INGROUP;Nodisoplata;sp;Nodisoplata;sp;NA;NA;NA;NA;NA;NA;NA;NA;NA;NA;NA;NA;NA;NA;NA;NA;NA;NA;NA;NA;NA;NA;NA;NA;NA;NA;
Pteromalidae;phytophage-parasitoid;plant;PTER_Miscogastrinae_Sphegigastrini_Cyrtogaster_MERG00344_0101;ON103513.1;PTER;Miscogastrinae;Sphegigastrini;Cyrtogaster;MERG00344;101;;MERG00344_0101;vulgaris;Cyrtogaster vulgaris;Pteromalidae;Miscogastrinae;Sphegigastrini;;;;INGROUP;Cyrtogaster;vulgaris;Cyrtogaster;vulgaris;2214044309;Cyrtogaster;vulgaris;TRUE;FALSE;1;727;727;3;5;ON103513.1;JN292346.1;71.3;658;183;1;26;683;1;652;-1;0;FALSE;1;412;412;
Pteromalidae;phytophage-parasitoid;plant;PTER_Miscogastrinae_Sphegigastrini_Halticoptera_MERG00335_0101;ON103511.1;PTER;Miscogastrinae;Sphegigastrini;Halticoptera;MERG00335;101;;MERG00335_0101;sp;Halticoptera sp;Pteromalidae;Miscogastrinae;Sphegigastrini;;;;INGROUP;Halticoptera;sp;Halticoptera;patellana;2214044311;Halticoptera;circulus;TRUE;FALSE;1;721;721;3;5;ON103511.1;JN292346.1;83.3;652;109;0;26;677;1;652;-1;0;FALSE;1;412;412;
Pteromalidae;phytophage-parasitoid;plant;PTER_Miscogastrinae_Trigonoderini_Ogloblinisca_MERG00338_0101;;PTER;Miscogastrinae;Trigonoderini;Ogloblinisca;MERG00338;101;;MERG00338_0101;sp;Ogloblinisca sp;Pteromalidae;Miscogastrinae;Trigonoderini;;Trigonoderinae;;INGROUP;Ogloblinisca;americana;Ogloblinisca;sp;NA;NA;NA;NA;NA;NA;NA;NA;NA;NA;NA;NA;NA;NA;NA;NA;NA;NA;NA;NA;NA;NA;NA;NA;NA;NA;
Pteromalidae;phytophage-parasitoid;plant;PTER_Miscogastrinae_Trigonoderini_Plutothrix_MERG00341_0101;;PTER;Miscogastrinae;Trigonoderini;Plutothrix;MERG00341;101;;MERG00341_0101;sp;Plutothrix sp;Pteromalidae;Miscogastrinae;Trigonoderini;;Trigonoderinae;;INGROUP;Plutothrix;sp;Plutothrix;sp;NA;NA;NA;NA;NA;NA;NA;NA;NA;NA;NA;NA;NA;NA;NA;NA;NA;NA;NA;NA;NA;NA;NA;NA;NA;NA;
Pteromalidae;phytophage-parasitoid;plant;PTER_Ormocerinae_Ormocerini_Erixestus_MERG00316_0101;;PTER;Ormocerinae;Ormocerini;Erixestus;MERG00316;101;;MERG00316_0101;sp;Erixestus sp;Pteromalidae;Ormocerinae;Ormocerini;;Erixestinae;;INGROUP;Erixestus;sp;Erixestus;sp;NA;NA;NA;NA;NA;NA;NA;NA;NA;NA;NA;NA;NA;NA;NA;NA;NA;NA;NA;NA;NA;NA;NA;NA;NA;NA;
Pteromalidae;phytophage-parasitoid;plant;PTER_Ormocerinae_Ormocerini_Ormocerus_MERG00318_0101;PP826479.1;PTER;Ormocerinae;Ormocerini;Ormocerus;MERG00318;101;;MERG00318_0101;sp;Ormocerus sp;Pteromalidae;Ormocerinae;Ormocerini;;;;INGROUP;Ormocerus;sp;Ormocerus;vernalis;2735216623;Ormocerus;latus;TRUE;FALSE;1;655;655;2;5;PP826479.1;JN292346.1;83.6;415;68;0;1;415;238;652;-1;0;FALSE;1;412;412;
Pteromalidae;phytophage;plant;PTER_Otitesellinae_Otitesella_MERG00324_0101;MK119095.1;PTER;Otitesellinae;;Otitesella;MERG00324;101;;MERG00324_0101;sp;Otitesella sp;Pteromalidae;Otitesellinae;;;Pteromalinae;Otitesellini;INGROUP;Otitesella;tsamvi;Otitesella;ako;1606701443;Otitesella;minima;FALSE;NA;NA;NA;NA;NA;NA;MK119095.1;JN292346.1;83.5;401;66;0;1;401;252;652;-1;0;FALSE;12;412;401;
Pteromalidae;phytophage;plant;PTER_Otitesellinae_Walkerella_MERG00325_0101;MW167116.1;PTER;Otitesellinae;;Walkerella;MERG00325;101;;MERG00325_0101;sp;Walkerella sp;Pteromalidae;Otitesellinae;;;Pteromalinae;Otitesellini;INGROUP;Walkerella;sp;Walkerella;sp;2090600815;Walkerella;microcarpae;TRUE;FALSE;8737;10269;1533;1;5;MW167116.1;JN292346.1;86.7;652;87;0;8778;9429;1;652;-1;0;FALSE;1;412;412;
Pteromalidae;phytophage-parasitoid;plants;PTER_Pteromalinae_Pachyneurini_Pachyneuron_MERG00340_0101_UCEonly;PX243760.1;PTER;Pteromalinae;Pachyneurini;Pachyneuron;MERG00340;101;UCEonly;MERG00340_0101;sp;Pachyneuron sp;Pteromalidae;Pteromalinae;Pachyneurini;;Pachyneurinae;;INGROUP;n.a.;n.a.;Pachyneuron;formosum;3052980339;Pachyneuron;formosum;TRUE;FALSE;1;619;619;2;5;PX243760.1;JN292346.1;81.4;619;115;0;1;619;34;652;-1;0;FALSE;1;412;412;
Pteromalidae;phytophage-parasitoid;plants;PTER_Pteromalinae_Pteromalini_Coruna_MERG00345_0101_AHEonly;JX507456.1;PTER;Pteromalinae;Pteromalini;Coruna;MERG00345;101;AHEonly;MERG00345_0101;sp;Coruna sp;Pteromalidae;Pteromalinae;Pteromalini;;Pachyneurinae;;INGROUP;Coruna;clavata;n.a.;n.a.;512740778;Coruna;clavata;TRUE;FALSE;1;588;588;1;5;JX507456.1;JN292346.1;83;588;100;0;1;588;41;628;-1;0;FALSE;1;388;388;
Pteromalidae;phytophage-parasitoid;plants;PTER_Pteromalinae_Pteromalini_Dibrachys_MERG00332_0101;KR807726.1;PTER;Pteromalinae;Pteromalini;Dibrachys;MERG00332;101;;MERG00332_0101;sp;Dibrachys sp;Pteromalidae;Pteromalinae;Pteromalini;;;;INGROUP;Dibrachys;sp;Dibrachys;boarmiae;1068942132;Dibrachys;sp;TRUE;FALSE;1;652;652;2;5;KR807726.1;JN292346.1;83.1;652;110;0;1;652;1;652;-1;0;FALSE;1;412;412;
Pteromalidae;phytophage-parasitoid;plants;PTER_Pteromalinae_Pteromalini_Diconocara_MERG00333_0101;;PTER;Pteromalinae;Pteromalini;Diconocara;MERG00333;101;;MERG00333_0101;petiolata;Diconocara petiolata;Pteromalidae;Pteromalinae;Pteromalini;;Miscogastrinae;Diconocarini;INGROUP;Diconocara;petiolata;Diconocara;petiolata;NA;NA;NA;NA;NA;NA;NA;NA;NA;NA;NA;NA;NA;NA;NA;NA;NA;NA;NA;NA;NA;NA;NA;NA;NA;NA;
Pteromalidae;phytophage-parasitoid;plants;PTER_Pteromalinae_Pteromalini_Habritys_MERG00334_0101;PX244306.1;PTER;Pteromalinae;Pteromalini;Habritys;MERG00334;101;;MERG00334_0101;sp;Habritys sp;Pteromalidae;Pteromalinae;Pteromalini;;;;INGROUP;Habritys;brevicornis;Habritys;breviconis;3053073551;Habritys;brevicornis;TRUE;FALSE;1;619;619;2;5;PX244306.1;JN292346.1;85.1;619;92;0;1;619;34;652;-1;0;FALSE;1;412;412;
Pteromalidae;phytophage-parasitoid;plants;PTER_Pteromalinae_Pteromalini_Homoporus_MERG00336_0101;KJ087770.1;PTER;Pteromalinae;Pteromalini;Homoporus;MERG00336;101;;MERG00336_0101;sp;Homoporus sp;Pteromalidae;Pteromalinae;Pteromalini;;;;INGROUP;Homoporus;sp;Homoporus;luniger;594604199;Homoporus;pyrsius;TRUE;FALSE;1;652;652;2;5;KJ087770.1;JN292346.1;86.2;652;90;0;1;652;1;652;-1;0;FALSE;1;412;412;
Pteromalidae;phytophage-parasitoid;plants;PTER_Pteromalinae_Pteromalini_Nasonia_MERG00337_0101;MT635402.1;PTER;Pteromalinae;Pteromalini;Nasonia;MERG00337;101;;MERG00337_0101;vitripennis;Nasonia vitripennis;Pteromalidae;Pteromalinae;Pteromalini;;;;INGROUP;Nasonia;vitripennis;Nasonia;vitripennis;2289975953;Nasonia;vitripennis;TRUE;TRUE;12842;14378;1537;1;5;MT635402.1;JN292346.1;84.4;652;102;0;14331;13680;1;652;-1;0;TRUE;1;412;412;
Pteromalidae;phytophage-parasitoid;plants;PTER_Pteromalinae_Pteromalini_Pachycrepoideus_MERG00339_0101;MT712142.1;PTER;Pteromalinae;Pteromalini;Pachycrepoideus;MERG00339;101;;MERG00339_0101;sp;Pachycrepoideus sp;Pteromalidae;Pteromalinae;Pteromalini;;Pachyneurinae;;INGROUP;Pachycrepoideus;vindemmiae;Pachycrepoideus;vindemiae;2044005412;Pachycrepoideus;vindemmiae;TRUE;TRUE;4426;5959;1534;1;5;MT712142.1;JN292346.1;83.1;652;110;0;5918;5267;1;652;-1;0;TRUE;1;412;412;
Pteromalidae;phytophage-parasitoid;plants;PTER_Pteromalinae_Pteromalini_Pteromalus_MERG00342_0101;MG923513.1;PTER;Pteromalinae;Pteromalini;Pteromalus;MERG00342;101;;MERG00342_0101;puparum;Pteromalus puparum;Pteromalidae;Pteromalinae;Pteromalini;;;;INGROUP;Pteromalus;puparum;Pteromalus;puparum;1534886289;Pteromalus;puparum;TRUE;TRUE;4985;6515;1531;1;5;MG923513.1;JN292346.1;84;652;104;0;6474;5823;1;652;-1;0;TRUE;1;412;412;
Pteromalidae;phytophage-parasitoid;plants;PTER_Pteromalinae_Pteromalini_Trichomalopsis_MERG00343_0101;MT611423.1;PTER;Pteromalinae;Pteromalini;Trichomalopsis;MERG00343;101;;MERG00343_0101;sp;Trichomalopsis sp;Pteromalidae;Pteromalinae;Pteromalini;;;;INGROUP;Trichomalopsis;sarcophagae;Trichomalopsis;maura;2289975939;Trichomalopsis;sarcophagae;TRUE;TRUE;8102;9638;1537;1;5;MT611423.1;JN292346.1;84.2;652;103;0;9591;8940;1;652;-1;0;TRUE;1;412;412;
Pteromalidae;phytophage-parasitoid;plants;PTER_Sycoecinae_Diaziella_MERG00349_0101;MK530785.1;PTER;Sycoecinae;;Diaziella;MERG00349;101;;MERG00349_0101;sp;Diaziella sp;Pteromalidae;Sycoecinae;;;Pteromalinae;Otitesellini;INGROUP;Diaziella;sp;Diaziella;bizzarea;1608033291;Diaziella;yangi;TRUE;FALSE;1;670;670;3;5;MK530785.1;JN292346.1;83;652;111;0;8;659;1;652;-1;0;FALSE;1;412;412;
Pteromalidae;phytophage-parasitoid;plants;PTER_Sycoecinae_Philocaenus_MERG00350_0101;JQ756555.1;PTER;Sycoecinae;;Philocaenus;MERG00350;101;;MERG00350_0101;sp;Philocaenus sp;Pteromalidae;Sycoecinae;;;Pteromalinae;Otitesellini;INGROUP;Seres;barbarus;Seres;bouceki;388423306;Philocaenus;bouceki;TRUE;FALSE;1;1305;1305;3;5;JQ756555.1;JN292346.1;86.5;503;68;0;1;503;150;652;-1;0;FALSE;1;412;412;
Pteromalidae;phytophage-parasitoid;plants;PTER_Sycoryctinae_Sycoryctini_Philotrypesis_MERG00351_0101;JF808722.1;PTER;Sycoryctinae;Sycoryctini;Philotrypesis;MERG00351;101;;MERG00351_0101;sp;Philotrypesis sp;Pteromalidae;Sycoryctinae;Sycoryctini;;Pteromalinae;Otitesellini;INGROUP;Philotrypesis;parca;Philotrypesis;sp;333946260;Philotrypesis;sp;TRUE;TRUE;2413;3951;1539;1;5;JF808722.1;JN292346.1;81.6;652;120;0;3910;3259;1;652;-1;0;TRUE;1;412;412;
Pteromalidae;phytophage-parasitoid;plants;PTER_Sycoryctinae_Sycoryctini_Sycoscapter_MERG00352_0101;MG378144.1;PTER;Sycoryctinae;Sycoryctini;Sycoscapter;MERG00352;101;;MERG00352_0101;sp;Sycoscapter sp;Pteromalidae;Sycoryctinae;Sycoryctini;;Pteromalinae;Otitesellini;INGROUP;Sycoscapter;sp;Sycoscapter;sp;1365627957;Sycoscapter;sp;TRUE;FALSE;1;652;652;2;5;MG378144.1;JN292346.1;84.7;652;100;0;1;652;1;652;-1;0;FALSE;1;412;412;
Rivasia;phytophage;plant;PTER_Ormocerinae_Ormocerini_Rivasia_MERG00320_0101;;PTER;Ormocerinae;Ormocerini;Rivasia;MERG00320;101;;MERG00320_0101;fumariae;Rivasia fumariae;Pteromalidae;Ormocerinae;Ormocerini;Rivasia_i_s;;;INGROUP;Rivasia;fumariae;Rivasia;fumariae;NA;NA;NA;NA;NA;NA;NA;NA;NA;NA;NA;NA;NA;NA;NA;NA;NA;NA;NA;NA;NA;NA;NA;NA;NA;NA;
Storyeinae;?;?;PTER_Storeyinae_Storeya_MERG00348_0101;;PTER;Storeyinae;;Storeya;MERG00348;101;;MERG00348_0101;sp;Storeya sp;Pteromalidae;Storeyinae;;Storeyinae_i_s;Storeyinae;;INGROUP;Storeya;sp;Storeya;aff minuta;NA;NA;NA;NA;NA;NA;NA;NA;NA;NA;NA;NA;NA;NA;NA;NA;NA;NA;NA;NA;NA;NA;NA;NA;NA;NA;
Systasidae;phytophage-parasitoid;plant;EULO_Incertae_sedis_Incertae_sedis_Trisecodes_MERG00130_0101;HM365055.1;EULO;Incertae;;Trisecodes;MERG00130;101;;MERG00130_0101;agromyzae;Trisecodes agromyzae;Eulophidae;incertae sedis;incertae sedis;Systasidae;Trisecodinae;;INGROUP;Trisecodes;agromyzae;Trisecodes;agromyzae;323482640;Trisecodes;agromyzae;TRUE;FALSE;1;755;755;1;5;HM365055.1;JN292346.1;81.9;630;114;0;1;630;23;652;-1;0;FALSE;1;412;412;
Systasidae;phytophage-parasitoid;plant;EULO_Incertae_sedis_Incertae_sedis_Trisecodes_MERG00131_0101;;EULO;Incertae;;Trisecodes;MERG00131;101;;MERG00131_0101;africanum;Trisecodes africanum;Eulophidae;incertae sedis;incertae sedis;Systasidae;Trisecodinae;;INGROUP;Trisecodes;africanum;Trisecodes;africanum;NA;NA;NA;NA;NA;NA;NA;NA;NA;NA;NA;NA;NA;NA;NA;NA;NA;NA;NA;NA;NA;NA;NA;NA;NA;NA;
Systasidae;phytophage;plant;PTER_Ormocerinae_Systasini_Semiotellus_MERG00321_0101;;PTER;Ormocerinae;Systasini;Semiotellus;MERG00321;101;;MERG00321_0101;sp;Semiotellus sp;Pteromalidae;Ormocerinae;Systasini;Systasidae;Systasinae;;INGROUP;Semiotellus;sp;Semiotellus;sp;NA;NA;NA;NA;NA;NA;NA;NA;NA;NA;NA;NA;NA;NA;NA;NA;NA;NA;NA;NA;NA;NA;NA;NA;NA;NA;
Systasidae;phytophage;plant;PTER_Ormocerinae_Systasini_Systasis_MERG00322_0101;OQ473656.1;PTER;Ormocerinae;Systasini;Systasis;MERG00322;101;;MERG00322_0101;sp;Systasis sp;Pteromalidae;Ormocerinae;Systasini;Systasidae;Systasinae;;INGROUP;Systasis;sp;Systasis;annulipes;2626742543;Systasis;sp;TRUE;FALSE;10524;12053;1530;1;5;OQ473656.1;JN292346.1;85.1;652;97;0;10565;11216;1;652;-1;0;FALSE;1;412;412;
Tetracampidae;phytophage-parasitoid;plant;TETR_Mongolocampinae_Mongolocampe_MERG00365_0101;OP035971.1;TETR;Mongolocampinae;;Mongolocampe;MERG00365;101;;MERG00365_0101;sp;Mongolocampe sp;Tetracampidae;Mongolocampinae;;;;;INGROUP;Mongolocampe;bouceki;Mongolocampe;trjapitzini;2274944372;Mongolocampe;bouceki;TRUE;FALSE;1;500;500;1;5;OP035971.1;JN292346.1;81.9;474;86;0;1;474;179;652;-1;0;FALSE;1;412;412;
Tetracampidae;phytophage-parasitoid;plant;TETR_Platynocheilinae_Platynocheilus_MERG00366_0101;;TETR;Platynocheilinae;;Platynocheilus;MERG00366;101;;MERG00366_0101;cuprifrons;Platynocheilus cuprifrons;Tetracampidae;Platynocheilinae;;;;;INGROUP;Platynocheilus;cuprifrons;Platynocheilus;cuprifrons;NA;NA;NA;NA;NA;NA;NA;NA;NA;NA;NA;NA;NA;NA;NA;NA;NA;NA;NA;NA;NA;NA;NA;NA;NA;NA;
Tetracampidae;phytophage-parasitoid;plant;TETR_Tetracampinae_Afrocampe_MERG00430_0101_UCEonly;;TETR;Tetracampinae;;Afrocampe;MERG00430;101;UCEonly;MERG00430_0101;sp;Afrocampe sp;Tetracampidae;Tetracampinae;;;;;INGROUP;n.a.;n.a.;Afrocampe;prinslooi;NA;NA;NA;NA;NA;NA;NA;NA;NA;NA;NA;NA;NA;NA;NA;NA;NA;NA;NA;NA;NA;NA;NA;NA;NA;NA;
Tetracampidae;phytophage-parasitoid;plant;TETR_Tetracampinae_Diplesiostigma_MERG00368_0101;;TETR;Tetracampinae;;Diplesiostigma;MERG00368;101;;MERG00368_0101;sp;Diplesiostigma sp;Tetracampidae;Tetracampinae;;;;;INGROUP;Diplesiostigma;bisetosum;Diplesiostigma;particolor;NA;NA;NA;NA;NA;NA;NA;NA;NA;NA;NA;NA;NA;NA;NA;NA;NA;NA;NA;NA;NA;NA;NA;NA;NA;NA;
Tetracampidae;phytophage-parasitoid;plant;TETR_Tetracampinae_Epiclerus_MERG00369_0101;;TETR;Tetracampinae;;Epiclerus;MERG00369;101;;MERG00369_0101;sp;Epiclerus sp;Tetracampidae;Tetracampinae;;;;;INGROUP;Epiclerus;sp;Epiclerus;panyas;NA;NA;NA;NA;NA;NA;NA;NA;NA;NA;NA;NA;NA;NA;NA;NA;NA;NA;NA;NA;NA;NA;NA;NA;NA;NA;
Tetracampidae;phytophage-parasitoid;plant;TETR_Tetracampinae_Foersterella_MERG00370_0101;KC213238.1;TETR;Tetracampinae;;Foersterella;MERG00370;101;;MERG00370_0101;sp;Foersterella sp;Tetracampidae;Tetracampinae;;;;;INGROUP;Foersterella;erdoesi;Foersterella;reptans;530695789;Foersterella;reptans;TRUE;FALSE;1;645;645;1;5;KC213238.1;JN292346.1;82.5;645;113;0;1;645;8;652;-1;0;FALSE;1;412;412;
Tetracampidae;phytophage-parasitoid;plant;TETR_Tetracampinae_Tetracampe_MERG00367_0101_AHEonly;HM365027.1;TETR;Tetracampinae;;Tetracampe;MERG00367;101;AHEonly;MERG00367_0101;sp;Tetracampe sp;Tetracampidae;Tetracampinae;;;;;INGROUP;Tetracampe;sp;n.a.;n.a.;323482584;Tetracampe;sp;TRUE;FALSE;1;755;755;1;5;HM365027.1;JN292346.1;81.9;630;114;0;1;630;23;652;-1;0;FALSE;1;412;412;
Torymidae;phytophage-parasitoid;plant;TORY_Chalcimerinae_Exopristoides_MERG00371_0101;;TORY;Chalcimerinae;;Exopristoides;MERG00371;101;;MERG00371_0101;hypecoi;Exopristoides hypecoi;Torymidae;Chalcimerinae;;;;;INGROUP;Exopristoides;hypecoi;Exopristoides;hypecoi;NA;NA;NA;NA;NA;NA;NA;NA;NA;NA;NA;NA;NA;NA;NA;NA;NA;NA;NA;NA;NA;NA;NA;NA;NA;NA;
Torymidae;phytophage-parasitoid;plant;TORY_Chalcimerinae_Thaumatorymus_MERG00372_0101_UCEonly;MF956364.1;TORY;Chalcimerinae;;Thaumatorymus;MERG00372;101;UCEonly;MERG00372_0101;sp;Thaumatorymus sp;Torymidae;Chalcimerinae;;;;;INGROUP;n.a.;n.a.;Thaumatorymus;notanisoides;1343896055;Thaumatorymus;notanisoides;FALSE;NA;NA;NA;NA;NA;NA;MF956364.1;JN292346.1;81.4;609;113;0;1;609;44;652;-1;0;FALSE;1;412;412;
Torymidae;phytophage-parasitoid;plant;TORY_Glyphomerinae_Glyphomerus_MERG00373_0101;KJ012452.1;TORY;Glyphomerinae;;Glyphomerus;MERG00373;101;;MERG00373_0101;stigma;Glyphomerus stigma;Torymidae;Glyphomerinae;;;;;INGROUP;Glyphomerus;stigma;Glyphomerus;stigma;586946470;Glyphomerus;stigma;TRUE;FALSE;1;652;652;2;5;KJ012452.1;JN292346.1;85.3;652;96;0;1;652;1;652;-1;0;FALSE;1;412;412;
Torymidae;phytophage-parasitoid;plant;TORY_Microdontomerinae_Adontomerus_MERG00375_0101_AHEonly;MF956264.1;TORY;Microdontomerinae;;Adontomerus;MERG00375;101;AHEonly;MERG00375_0101;sp;Adontomerus sp;Torymidae;Microdontomerinae;;;;;INGROUP;Adontomerus;impolitus;n.a.;n.a.;1343895855;Adontomerus;impolitus;FALSE;NA;NA;NA;NA;NA;NA;MF956264.1;JN292346.1;83.4;651;108;0;1;651;2;652;-1;0;FALSE;1;412;412;
Torymidae;phytophage-parasitoid;plant;TORY_Microdontomerinae_Echthrodape_MERG00374_0101;MF956265.1;TORY;Microdontomerinae;;Echthrodape;MERG00374;101;;MERG00374_0101;sp;Echthrodape sp;Torymidae;Microdontomerinae;;;;;INGROUP;Echthrodape;sp;Echthrodape;sp;1343895857;Echthrodape;sp;FALSE;NA;NA;NA;NA;NA;NA;MF956265.1;JN292346.1;81.4;618;115;0;1;618;35;652;-1;0;FALSE;1;412;412;
Torymidae;phytophage-parasitoid;plant;TORY_Microdontomerinae_Eridontomerus_MERG00431_0101_UCEonly;MF956249.1;TORY;Microdontomerinae;;Eridontomerus;MERG00431;101;UCEonly;MERG00431_0101;sp;Eridontomerus sp;Torymidae;Microdontomerinae;;;;;INGROUP;n.a.;n.a.;Eridontomerus;isosomatis;1343895825;Eridontomerus;isosomatis;FALSE;NA;NA;NA;NA;NA;NA;MF956249.1;JN292346.1;84.2;651;103;0;1;651;2;652;-1;0;FALSE;1;412;412;
Torymidae;phytophage-parasitoid;plant;TORY_Microdontomerinae_Idarnotorymus_MERG00376_0101;MW981865.1;TORY;Microdontomerinae;;Idarnotorymus;MERG00376;101;;MERG00376_0101;pulcher;Idarnotorymus pulcher;Torymidae;Microdontomerinae;;;;;INGROUP;Idarnotorymus;pulcher;Idarnotorymus;pulcher;2082143670;Idarnotorymus;pulcher;TRUE;FALSE;1;414;414;1;5;MW981865.1;JN292346.1;80.9;414;79;0;1;414;236;649;-1;0;FALSE;1;409;409;
Torymidae;phytophage-parasitoid;plant;TORY_Microdontomerinae_Microdontomerus_MERG00377_0101_AHEonly;MG503221.1;TORY;Microdontomerinae;;Microdontomerus;MERG00377;101;AHEonly;MERG00377_0101;sp;Microdontomerus sp;Torymidae;Microdontomerinae;;;;;INGROUP;Microdontomerus;sp;n.a.;n.a.;1578795511;Microdontomerus;sp;TRUE;FALSE;1;558;558;1;5;MG503221.1;JN292346.1;84.9;558;84;0;1;558;20;577;-1;0;FALSE;1;337;337;
Torymidae;phytophage-parasitoid;plant;TORY_Monodontomerinae_Anneckeida_MERG00432_0101_UCEonly;MF956301.1;TORY;Monodontomerinae;;Anneckeida;MERG00432;101;UCEonly;MERG00432_0101;sp;Anneckeida sp;Torymidae;Monodontomerinae;;;;;INGROUP;n.a.;n.a.;Anneckeida;sp;1343895929;Anneckeida;sp;FALSE;NA;NA;NA;NA;NA;NA;MF956301.1;JN292346.1;84.5;651;101;0;1;651;2;652;-1;0;FALSE;1;412;412;
Torymidae;phytophage-parasitoid;plant;TORY_Monodontomerinae_Monodontomerus_MERG00379_0101;KU641121.1;TORY;Monodontomerinae;;Monodontomerus;MERG00379;101;;MERG00379_0101;sp;Monodontomerus sp;Torymidae;Monodontomerinae;;;;;INGROUP;Monodontomerus;minor;Monodontomerus;sp2;1019132596;Monodontomerus;sp;TRUE;FALSE;1;652;652;2;5;KU641121.1;JN292346.1;85.9;652;92;0;1;652;1;652;-1;0;FALSE;1;412;412;
Torymidae;phytophage-parasitoid;plant;TORY_Monodontomerinae_Zdenekius_MERG00378_0101_AHEonly;MW983116.1;TORY;Monodontomerinae;;Zdenekius;MERG00378;101;AHEonly;MERG00378_0101;sp;Zdenekius sp;Torymidae;Monodontomerinae;;;;;INGROUP;Zdenekius;smithi;n.a.;n.a.;2082148403;Zdenekius;smithi;TRUE;FALSE;1;417;417;1;5;MW983116.1;JN292346.1;84.4;417;65;0;1;417;233;649;-1;0;FALSE;1;409;409;
Torymidae;phytophage-parasitoid;plant;TORY_Podagrioninae_Palachiini_Palachia_MERG00380_0101;;TORY;Podagrioninae;Palachiini;Palachia;MERG00380;101;;MERG00380_0101;sp;Palachia sp;Torymidae;Podagrioninae;Palachiini;;;;INGROUP;Palachia;sp;Palachia;sp1;NA;NA;NA;NA;NA;NA;NA;NA;NA;NA;NA;NA;NA;NA;NA;NA;NA;NA;NA;NA;NA;NA;NA;NA;NA;NA;
Torymidae;phytophage-parasitoid;plant;TORY_Podagrioninae_Palachiini_Propalachia_MERG00383_0101;MF956305.1;TORY;Podagrioninae;Palachiini;Propalachia;MERG00383;101;;MERG00383_0101;sp;Propalachia sp;Torymidae;Podagrioninae;Palachiini;;;;INGROUP;Propalachia;sp;Propalachia;sp2;1343895937;Propalachia;sp;FALSE;NA;NA;NA;NA;NA;NA;MF956305.1;JN292346.1;86.2;651;90;0;1;651;2;652;-1;0;FALSE;1;412;412;
Torymidae;phytophage-parasitoid;plant;TORY_Podagrioninae_Podagrionini_Palmon_MERG00381_0101;MF956331.1;TORY;Podagrioninae;Podagrionini;Palmon;MERG00381;101;;MERG00381_0101;sp;Palmon sp;Torymidae;Podagrioninae;Podagrionini;;;;INGROUP;Palmon;sp;Palmon;sp;1343895989;Palmon;sp;FALSE;NA;NA;NA;NA;NA;NA;MF956331.1;JN292346.1;85.7;651;93;0;1;651;2;652;-1;0;FALSE;1;412;412;
Torymidae;phytophage-parasitoid;plant;TORY_Podagrioninae_Podagrionini_Podagrion_MERG00382_0101;MN317031.1;TORY;Podagrioninae;Podagrionini;Podagrion;MERG00382;101;;MERG00382_0101;pachymerum;Podagrion pachymerum;Torymidae;Podagrioninae;Podagrionini;;;;INGROUP;Podagrion;pachymerum;Podagrion;pachymerum;1761171362;Podagrion;sp;TRUE;FALSE;1;615;615;1;5;MN317031.1;JN292346.1;86.7;615;82;0;1;615;38;652;-1;0;FALSE;1;412;412;
Torymidae;phytophage-parasitoid;plant;TORY_Toryminae_Boucekinini_Genus_indet_MERG00391_0101_AHEonly;;TORY;Toryminae;Boucekinini;indet;MERG00391;101;AHEonly;MERG00391_0101;sp;indet sp;Torymidae;Toryminae;Boucekinini;;;;INGROUP;Genus indet;sp;n.a.;n.a.;NA;NA;NA;NA;NA;NA;NA;NA;NA;NA;NA;NA;NA;NA;NA;NA;NA;NA;NA;NA;NA;NA;NA;NA;NA;NA;
Torymidae;phytophage-parasitoid;plant;TORY_Toryminae_Torymini_Odopoia_MERG00384_0101;;TORY;Toryminae;Torymini;Odopoia;MERG00384;101;;MERG00384_0101;dentatinota;Odopoia dentatinota;Torymidae;Toryminae;Torymini;;;;INGROUP;Odopoia;dentatinota;Odopoia;dentatinota;NA;NA;NA;NA;NA;NA;NA;NA;NA;NA;NA;NA;NA;NA;NA;NA;NA;NA;NA;NA;NA;NA;NA;NA;NA;NA;
Torymidae;phytophage-parasitoid;plant;TORY_Toryminae_Torymini_Physothorax_MERG00385_0101;MW984063.1;TORY;Toryminae;Torymini;Physothorax;MERG00385;101;;MERG00385_0101;sp;Physothorax sp;Torymidae;Toryminae;Torymini;;;;INGROUP;Physothorax;serratus;Physothorax;sp;2082151819;Physothorax;bidentulus;TRUE;FALSE;1;648;648;1;5;MW984063.1;JN292346.1;89;648;71;0;1;648;2;649;-1;0;FALSE;1;409;409;
Torymidae;phytophage-parasitoid;plant;TORY_Toryminae_Torymini_Torymus_MERG00387_0101;HM888208.1;TORY;Toryminae;Torymini;Torymus;MERG00387;101;;MERG00387_0101;bedeguaris;Torymus bedeguaris;Torymidae;Toryminae;Torymini;;;;INGROUP;Torymus;bedeguaris;Torymus;bedeguaris;313166431;Torymus;bedeguaris;TRUE;FALSE;1;566;566;3;5;HM888208.1;JN292346.1;89;566;62;0;1;566;57;622;-1;0;FALSE;1;382;382;
Torymidae;phytophage-parasitoid;plant;TORY_Toryminae_Torymini_Torymus_MERG00388_0101;;TORY;Toryminae;Torymini;Torymus;MERG00388;101;;MERG00388_0101;sp;Torymus sp;Torymidae;Toryminae;Torymini;;;;INGROUP;Torymus;sp;Torymus;sp;NA;NA;NA;NA;NA;NA;NA;NA;NA;NA;NA;NA;NA;NA;NA;NA;NA;NA;NA;NA;NA;NA;NA;NA;NA;NA;
Torymidae;phytophage-parasitoid;plant;TORY_Toryminae_Torymini_Torymus_MERG00389_0101;;TORY;Toryminae;Torymini;Torymus;MERG00389;101;;MERG00389_0101;sp;Torymus sp;Torymidae;Toryminae;Torymini;;;;INGROUP;Torymus;baudysi;Torymus;sp;NA;NA;NA;NA;NA;NA;NA;NA;NA;NA;NA;NA;NA;NA;NA;NA;NA;NA;NA;NA;NA;NA;NA;NA;NA;NA;
Torymidae;phytophage-parasitoid;plant;TORY_Toryminae_Torymoidini_Platykula_MERG00390_0101_AHEonly;MF956271.1;TORY;Toryminae;Torymoidini;Platykula;MERG00390;101;AHEonly;MERG00390_0101;sp;Platykula sp;Torymidae;Toryminae;Torymoidini;;;;INGROUP;Platykula;sp;n.a.;n.a.;1343895869;Platykula;albihirta;FALSE;NA;NA;NA;NA;NA;NA;MF956271.1;JN292346.1;85.7;651;93;0;1;651;2;652;-1;0;FALSE;1;412;412;
Torymidae;phytophage-parasitoid;plant;TORY_Toryminae_Torymoidini_Torymoides_MERG00386_0101;MW983928.1;TORY;Toryminae;Torymoidini;Torymoides;MERG00386;101;;MERG00386_0101;sp;Torymoides sp;Torymidae;Toryminae;Torymoidini;;;;INGROUP;Torymoides;kiesenwetteri;Torymoides;sulcius;2082151378;Torymoides;sulcius;TRUE;FALSE;1;417;417;1;5;MW983928.1;JN292346.1;86.8;417;55;0;1;417;233;649;-1;0;FALSE;1;409;409;
Trichogrammatidae;phytophage-parasitoid;plant;TRIC_Oligositinae_incertae_sedis_Aphelinoidea_MERG00399_0101_AHEonly;;TRIC;Oligositinae;;Aphelinoidea;MERG00399;101;AHEonly;MERG00399_0101;sp;Aphelinoidea sp;Trichogrammatidae;Oligositinae;incertae sedis;;;;INGROUP;Aphelinoidea;sp;n.a.;n.a.;NA;NA;NA;NA;NA;NA;NA;NA;NA;NA;NA;NA;NA;NA;NA;NA;NA;NA;NA;NA;NA;NA;NA;NA;NA;NA;
Trichogrammatidae;phytophage-parasitoid;plant;TRIC_Oligositinae_incertae_sedis_Tumidiclava_MERG00402_0101_UCEonly;;TRIC;Oligositinae;;Tumidiclava;MERG00402;101;UCEonly;MERG00402_0101;sp;Tumidiclava sp;Trichogrammatidae;Oligositinae;incertae sedis;;;;INGROUP;n.a.;n.a.;Tumidiclava;sp;NA;NA;NA;NA;NA;NA;NA;NA;NA;NA;NA;NA;NA;NA;NA;NA;NA;NA;NA;NA;NA;NA;NA;NA;NA;NA;
Trichogrammatidae;phytophage-parasitoid;plant;TRIC_Oligositinae_Oligositini_Megaphragma_MERG00395_0101;KT373787.1;TRIC;Oligositinae;Oligositini;Megaphragma;MERG00395;101;;MERG00395_0101;amalphitanum;Megaphragma amalphitanum;Trichogrammatidae;Oligositinae;Oligositini;;;;INGROUP;Megaphragma;amalphitanum;Megaphragma;amalphitanum;937576212;Megaphragma;amalphitanum;TRUE;TRUE;4165;5709;1545;1;5;KT373787.1;JN292346.1;85.4;652;95;0;5662;5011;1;652;-1;0;TRUE;1;412;412;
Trichogrammatidae;phytophage-parasitoid;plant;TRIC_Oligositinae_Oligositini_Oligosita_MERG00397_0101_AHEonly;MG904893.1;TRIC;Oligositinae;Oligositini;Oligosita;MERG00397;101;AHEonly;MERG00397_0101;sp;Oligosita sp;Trichogrammatidae;Oligositinae;Oligositini;;;;INGROUP;Oligosita;sanguinea;n.a.;n.a.;1351109214;Oligosita;sp;TRUE;FALSE;1;612;612;1;5;MG904893.1;JN292346.1;87.2;603;77;0;1;603;50;652;-1;0;FALSE;1;412;412;
Trichogrammatidae;phytophage-parasitoid;plant;TRIC_Oligositinae_Oligositini_Pseudoligosita_MERG00433_0101_UCEonly;NC_082212.1;TRIC;Oligositinae;Oligositini;Pseudoligosita;MERG00433;101;UCEonly;MERG00433_0101;sp;Pseudoligosita sp;Trichogrammatidae;Oligositinae;Oligositini;;;;INGROUP;n.a.;n.a.;Pseudoligosita;gracilior;2577875009;Pseudoligosita;yasumatsui;TRUE;FALSE;1;1539;1539;1;5;NC_082212.1;JN292346.1;84.7;652;100;0;42;693;1;652;-1;0;FALSE;1;412;412;
Trichogrammatidae;phytophage-parasitoid;plant;TRIC_Oligositinae_Paracentrobiini_Paracentrobia_MERG00396_0101;MG904920.1;TRIC;Oligositinae;Paracentrobiini;Paracentrobia;MERG00396;101;;MERG00396_0101;sp;Paracentrobia sp;Trichogrammatidae;Oligositinae;Paracentrobiini;;;;INGROUP;Paracentrobia;sp;Paracentrobia;sp;1351109528;Paracentrobia;sp;TRUE;FALSE;1;611;611;1;5;MG904920.1;JN292346.1;86.6;603;81;0;1;603;50;652;-1;0;FALSE;1;412;412;
Trichogrammatidae;phytophage-parasitoid;plant;TRIC_Oligositinae_Paracentrobiini_Ufens_MERG00398_0101;;TRIC;Oligositinae;Paracentrobiini;Ufens;MERG00398;101;;MERG00398_0101;sp;Ufens sp;Trichogrammatidae;Oligositinae;Paracentrobiini;;;;INGROUP;Ufens;sp;Ufens;sp;NA;NA;NA;NA;NA;NA;NA;NA;NA;NA;NA;NA;NA;NA;NA;NA;NA;NA;NA;NA;NA;NA;NA;NA;NA;NA;
Trichogrammatidae;phytophage-parasitoid;plant;TRIC_Trichogrammatinae_incertae_sedis_Ceratogramma_MERG00403_0101_AHEonly;;TRIC;Trichogrammatinae;;Ceratogramma;MERG00403;101;AHEonly;MERG00403_0101;sp;Ceratogramma sp;Trichogrammatidae;Trichogrammatinae;incertae sedis;;;;INGROUP;Ceratogramma;sp;n.a.;n.a.;NA;NA;NA;NA;NA;NA;NA;NA;NA;NA;NA;NA;NA;NA;NA;NA;NA;NA;NA;NA;NA;NA;NA;NA;NA;NA;
Trichogrammatidae;phytophage-parasitoid;plant;TRIC_Trichogrammatinae_incertae_sedis_Mirufens_MERG00392_0101;;TRIC;Trichogrammatinae;;Mirufens;MERG00392;101;;MERG00392_0101;longicauda;Mirufens longicauda;Trichogrammatidae;Trichogrammatinae;incertae sedis;;;;INGROUP;Mirufens;longicauda;Mirufens;longicauda;NA;NA;NA;NA;NA;NA;NA;NA;NA;NA;NA;NA;NA;NA;NA;NA;NA;NA;NA;NA;NA;NA;NA;NA;NA;NA;
Trichogrammatidae;phytophage-parasitoid;plant;TRIC_Trichogrammatinae_incertae_sedis_Paratrichogramma_MERG00394_0101_AHEonly;;TRIC;Trichogrammatinae;;Paratrichogramma;MERG00394;101;AHEonly;MERG00394_0101;sp;Paratrichogramma sp;Trichogrammatidae;Trichogrammatinae;incertae sedis;;;;INGROUP;Paratrichogramma;sp;n.a.;n.a.;NA;NA;NA;NA;NA;NA;NA;NA;NA;NA;NA;NA;NA;NA;NA;NA;NA;NA;NA;NA;NA;NA;NA;NA;NA;NA;
Trichogrammatidae;phytophage-parasitoid;plant;TRIC_Trichogrammatinae_incertae_sedis_Poropoea_MERG00393_0101;;TRIC;Trichogrammatinae;;Poropoea;MERG00393;101;;MERG00393_0101;sp;Poropoea sp;Trichogrammatidae;Trichogrammatinae;incertae sedis;;;;INGROUP;Poropoea;sp;Poropoea;sp;NA;NA;NA;NA;NA;NA;NA;NA;NA;NA;NA;NA;NA;NA;NA;NA;NA;NA;NA;NA;NA;NA;NA;NA;NA;NA;
Trichogrammatidae;phytophage-parasitoid;plant;TRIC_Trichogrammatinae_Trichogrammatini_Trichogramma_MERG00400_0101;KP127627.1;TRIC;Trichogrammatinae;Trichogrammatini;Trichogramma;MERG00400;101;;MERG00400_0101;sp;Trichogramma sp;Trichogrammatidae;Trichogrammatinae;Trichogrammatini;;;;INGROUP;Trichogramma;evanescens;Trichogramma;brassicae;742527376;Trichogramma;evanescens;TRUE;FALSE;1;617;617;1;5;KP127627.1;JN292346.1;85.2;603;89;0;1;603;50;652;-1;0;FALSE;1;412;412;
Trichogrammatidae;phytophage-parasitoid;plant;TRIC_Trichogrammatinae_Trichogrammatini_Trichogramma_MERG00401_0101;NC_069039.1;TRIC;Trichogrammatinae;Trichogrammatini;Trichogramma;MERG00401;101;;MERG00401_0101;pretiosum;Trichogramma pretiosum;Trichogrammatidae;Trichogrammatinae;Trichogrammatini;;;;INGROUP;Trichogramma;pretiosum;Trichogramma;pretiosum;2414553535;Trichogramma;pretiosum;FALSE;NA;NA;NA;NA;NA;NA;NC_069039.1;JN292346.1;85.9;652;92;0;43;694;1;652;-1;0;FALSE;1;412;412;